tra_infr,tra_infr_label,gaugert,gaugert_label,geo,geo_label,period,value,flag
RL_ELC,Electrified railway lines,LRG,Large gauge,AL,Albania,1990,0,
RL_ELC,Electrified railway lines,LRG,Large gauge,AL,Albania,1991,0,
RL_ELC,Electrified railway lines,LRG,Large gauge,AL,Albania,1992,0,
RL_ELC,Electrified railway lines,LRG,Large gauge,AL,Albania,1993,0,
RL_ELC,Electrified railway lines,LRG,Large gauge,AL,Albania,1994,0,
RL_ELC,Electrified railway lines,LRG,Large gauge,AL,Albania,1995,0,
RL_ELC,Electrified railway lines,LRG,Large gauge,AL,Albania,1996,0,
RL_ELC,Electrified railway lines,LRG,Large gauge,AL,Albania,1997,0,
RL_ELC,Electrified railway lines,LRG,Large gauge,AL,Albania,1998,0,
RL_ELC,Electrified railway lines,LRG,Large gauge,AL,Albania,1999,0,
RL_ELC,Electrified railway lines,LRG,Large gauge,AL,Albania,2000,0,
RL_ELC,Electrified railway lines,LRG,Large gauge,AL,Albania,2003,0,
RL_ELC,Electrified railway lines,LRG,Large gauge,AL,Albania,2004,0,
RL_ELC,Electrified railway lines,LRG,Large gauge,AL,Albania,2005,0,
RL_ELC,Electrified railway lines,LRG,Large gauge,AL,Albania,2006,0,
RL_ELC,Electrified railway lines,LRG,Large gauge,AL,Albania,2007,0,
RL_ELC,Electrified railway lines,LRG,Large gauge,AL,Albania,2008,0,
RL_ELC,Electrified railway lines,LRG,Large gauge,AL,Albania,2009,0,
RL_ELC,Electrified railway lines,LRG,Large gauge,AL,Albania,2010,0,
RL_ELC,Electrified railway lines,LRG,Large gauge,AL,Albania,2011,0,
RL_ELC,Electrified railway lines,LRG,Large gauge,AL,Albania,2012,0,
RL_ELC,Electrified railway lines,LRG,Large gauge,AL,Albania,2013,0,
RL_ELC,Electrified railway lines,LRG,Large gauge,AL,Albania,2014,0,
RL_ELC,Electrified railway lines,LRG,Large gauge,AL,Albania,2015,0,
RL_ELC,Electrified railway lines,LRG,Large gauge,AL,Albania,2016,0,
RL_ELC,Electrified railway lines,LRG,Large gauge,AL,Albania,2017,0,
RL_ELC,Electrified railway lines,LRG,Large gauge,AL,Albania,2018,0,
RL_ELC,Electrified railway lines,LRG,Large gauge,AL,Albania,2019,0,
RL_ELC,Electrified railway lines,LRG,Large gauge,AL,Albania,2020,0,
RL_ELC,Electrified railway lines,LRG,Large gauge,AL,Albania,2021,0,
RL_ELC,Electrified railway lines,LRG,Large gauge,AL,Albania,2022,0,
RL_ELC,Electrified railway lines,LRG,Large gauge,AL,Albania,2023,0,
RL_ELC,Electrified railway lines,LRG,Large gauge,AL,Albania,2024,0,
RL_ELC,Electrified railway lines,LRG,Large gauge,AT,Austria,1990,0,
RL_ELC,Electrified railway lines,LRG,Large gauge,AT,Austria,1991,0,
RL_ELC,Electrified railway lines,LRG,Large gauge,AT,Austria,1992,0,
RL_ELC,Electrified railway lines,LRG,Large gauge,AT,Austria,1993,0,
RL_ELC,Electrified railway lines,LRG,Large gauge,AT,Austria,1994,0,
RL_ELC,Electrified railway lines,LRG,Large gauge,AT,Austria,1995,0,
RL_ELC,Electrified railway lines,LRG,Large gauge,AT,Austria,1996,0,
RL_ELC,Electrified railway lines,LRG,Large gauge,AT,Austria,1997,0,
RL_ELC,Electrified railway lines,LRG,Large gauge,AT,Austria,1998,0,
RL_ELC,Electrified railway lines,LRG,Large gauge,AT,Austria,1999,0,
RL_ELC,Electrified railway lines,LRG,Large gauge,AT,Austria,2000,0,
RL_ELC,Electrified railway lines,LRG,Large gauge,AT,Austria,2001,0,
RL_ELC,Electrified railway lines,LRG,Large gauge,AT,Austria,2002,0,
RL_ELC,Electrified railway lines,LRG,Large gauge,AT,Austria,2003,0,
RL_ELC,Electrified railway lines,LRG,Large gauge,AT,Austria,2004,0,
RL_ELC,Electrified railway lines,LRG,Large gauge,AT,Austria,2005,0,
RL_ELC,Electrified railway lines,LRG,Large gauge,AT,Austria,2006,0,
RL_ELC,Electrified railway lines,LRG,Large gauge,AT,Austria,2007,0,
RL_ELC,Electrified railway lines,LRG,Large gauge,AT,Austria,2008,0,
RL_ELC,Electrified railway lines,LRG,Large gauge,AT,Austria,2009,0,
RL_ELC,Electrified railway lines,LRG,Large gauge,AT,Austria,2010,0,
RL_ELC,Electrified railway lines,LRG,Large gauge,AT,Austria,2011,0,
RL_ELC,Electrified railway lines,LRG,Large gauge,AT,Austria,2012,0,
RL_ELC,Electrified railway lines,LRG,Large gauge,AT,Austria,2013,0,
RL_ELC,Electrified railway lines,LRG,Large gauge,AT,Austria,2014,0,
RL_ELC,Electrified railway lines,LRG,Large gauge,AT,Austria,2015,0,
RL_ELC,Electrified railway lines,LRG,Large gauge,AT,Austria,2016,0,
RL_ELC,Electrified railway lines,LRG,Large gauge,AT,Austria,2017,0,
RL_ELC,Electrified railway lines,LRG,Large gauge,AT,Austria,2018,0,
RL_ELC,Electrified railway lines,LRG,Large gauge,AT,Austria,2019,0,
RL_ELC,Electrified railway lines,LRG,Large gauge,AT,Austria,2020,0,
RL_ELC,Electrified railway lines,LRG,Large gauge,AT,Austria,2021,0,
RL_ELC,Electrified railway lines,LRG,Large gauge,AT,Austria,2022,0,
RL_ELC,Electrified railway lines,LRG,Large gauge,AT,Austria,2023,0,
RL_ELC,Electrified railway lines,LRG,Large gauge,AT,Austria,2024,0,
RL_ELC,Electrified railway lines,LRG,Large gauge,BA,Bosnia and Herzegovina,1990,0,
RL_ELC,Electrified railway lines,LRG,Large gauge,BA,Bosnia and Herzegovina,1991,0,
RL_ELC,Electrified railway lines,LRG,Large gauge,BA,Bosnia and Herzegovina,1992,0,
RL_ELC,Electrified railway lines,LRG,Large gauge,BA,Bosnia and Herzegovina,1993,0,
RL_ELC,Electrified railway lines,LRG,Large gauge,BA,Bosnia and Herzegovina,1994,0,
RL_ELC,Electrified railway lines,LRG,Large gauge,BA,Bosnia and Herzegovina,1995,0,
RL_ELC,Electrified railway lines,LRG,Large gauge,BA,Bosnia and Herzegovina,1996,0,
RL_ELC,Electrified railway lines,LRG,Large gauge,BA,Bosnia and Herzegovina,1997,0,
RL_ELC,Electrified railway lines,LRG,Large gauge,BA,Bosnia and Herzegovina,1998,0,
RL_ELC,Electrified railway lines,LRG,Large gauge,BA,Bosnia and Herzegovina,1999,0,
RL_ELC,Electrified railway lines,LRG,Large gauge,BA,Bosnia and Herzegovina,2000,0,
RL_ELC,Electrified railway lines,LRG,Large gauge,BA,Bosnia and Herzegovina,2001,0,
RL_ELC,Electrified railway lines,LRG,Large gauge,BA,Bosnia and Herzegovina,2002,0,
RL_ELC,Electrified railway lines,LRG,Large gauge,BA,Bosnia and Herzegovina,2003,0,
RL_ELC,Electrified railway lines,LRG,Large gauge,BA,Bosnia and Herzegovina,2004,0,
RL_ELC,Electrified railway lines,LRG,Large gauge,BA,Bosnia and Herzegovina,2005,0,
RL_ELC,Electrified railway lines,LRG,Large gauge,BA,Bosnia and Herzegovina,2006,0,
RL_ELC,Electrified railway lines,LRG,Large gauge,BA,Bosnia and Herzegovina,2007,0,
RL_ELC,Electrified railway lines,LRG,Large gauge,BA,Bosnia and Herzegovina,2008,0,
RL_ELC,Electrified railway lines,LRG,Large gauge,BA,Bosnia and Herzegovina,2009,0,
RL_ELC,Electrified railway lines,LRG,Large gauge,BA,Bosnia and Herzegovina,2010,0,
RL_ELC,Electrified railway lines,LRG,Large gauge,BA,Bosnia and Herzegovina,2011,0,
RL_ELC,Electrified railway lines,LRG,Large gauge,BA,Bosnia and Herzegovina,2012,0,
RL_ELC,Electrified railway lines,LRG,Large gauge,BA,Bosnia and Herzegovina,2013,0,
RL_ELC,Electrified railway lines,LRG,Large gauge,BA,Bosnia and Herzegovina,2014,0,
RL_ELC,Electrified railway lines,LRG,Large gauge,BA,Bosnia and Herzegovina,2015,0,
RL_ELC,Electrified railway lines,LRG,Large gauge,BA,Bosnia and Herzegovina,2016,0,
RL_ELC,Electrified railway lines,LRG,Large gauge,BA,Bosnia and Herzegovina,2017,0,
RL_ELC,Electrified railway lines,LRG,Large gauge,BA,Bosnia and Herzegovina,2018,0,
RL_ELC,Electrified railway lines,LRG,Large gauge,BA,Bosnia and Herzegovina,2019,0,
RL_ELC,Electrified railway lines,LRG,Large gauge,BA,Bosnia and Herzegovina,2020,0,
RL_ELC,Electrified railway lines,LRG,Large gauge,BA,Bosnia and Herzegovina,2021,0,
RL_ELC,Electrified railway lines,LRG,Large gauge,BA,Bosnia and Herzegovina,2022,0,
RL_ELC,Electrified railway lines,LRG,Large gauge,BA,Bosnia and Herzegovina,2023,0,
RL_ELC,Electrified railway lines,LRG,Large gauge,BA,Bosnia and Herzegovina,2024,0,
RL_ELC,Electrified railway lines,LRG,Large gauge,BE,Belgium,1962,0,
RL_ELC,Electrified railway lines,LRG,Large gauge,BE,Belgium,2003,0,
RL_ELC,Electrified railway lines,LRG,Large gauge,BE,Belgium,2004,0,
RL_ELC,Electrified railway lines,LRG,Large gauge,BE,Belgium,2005,0,
RL_ELC,Electrified railway lines,LRG,Large gauge,BE,Belgium,2006,0,
RL_ELC,Electrified railway lines,LRG,Large gauge,BE,Belgium,2007,0,
RL_ELC,Electrified railway lines,LRG,Large gauge,BE,Belgium,2008,0,
RL_ELC,Electrified railway lines,LRG,Large gauge,BE,Belgium,2009,0,
RL_ELC,Electrified railway lines,LRG,Large gauge,BE,Belgium,2010,0,
RL_ELC,Electrified railway lines,LRG,Large gauge,BE,Belgium,2011,0,
RL_ELC,Electrified railway lines,LRG,Large gauge,BE,Belgium,2012,0,
RL_ELC,Electrified railway lines,LRG,Large gauge,BE,Belgium,2013,0,
RL_ELC,Electrified railway lines,LRG,Large gauge,BE,Belgium,2014,0,
RL_ELC,Electrified railway lines,LRG,Large gauge,BE,Belgium,2015,0,
RL_ELC,Electrified railway lines,LRG,Large gauge,BE,Belgium,2016,0,
RL_ELC,Electrified railway lines,LRG,Large gauge,BE,Belgium,2017,0,
RL_ELC,Electrified railway lines,LRG,Large gauge,BE,Belgium,2018,0,
RL_ELC,Electrified railway lines,LRG,Large gauge,BE,Belgium,2019,0,
RL_ELC,Electrified railway lines,LRG,Large gauge,BE,Belgium,2020,0,
RL_ELC,Electrified railway lines,LRG,Large gauge,BE,Belgium,2021,0,
RL_ELC,Electrified railway lines,LRG,Large gauge,BE,Belgium,2022,0,
RL_ELC,Electrified railway lines,LRG,Large gauge,BE,Belgium,2023,0,
RL_ELC,Electrified railway lines,LRG,Large gauge,BE,Belgium,2024,0,
RL_ELC,Electrified railway lines,LRG,Large gauge,BG,Bulgaria,1990,0,
RL_ELC,Electrified railway lines,LRG,Large gauge,BG,Bulgaria,1991,0,
RL_ELC,Electrified railway lines,LRG,Large gauge,BG,Bulgaria,2008,0,
RL_ELC,Electrified railway lines,LRG,Large gauge,BG,Bulgaria,2009,0,
RL_ELC,Electrified railway lines,LRG,Large gauge,BG,Bulgaria,2010,0,
RL_ELC,Electrified railway lines,LRG,Large gauge,BG,Bulgaria,2011,0,
RL_ELC,Electrified railway lines,LRG,Large gauge,BG,Bulgaria,2012,0,
RL_ELC,Electrified railway lines,LRG,Large gauge,BG,Bulgaria,2013,0,
RL_ELC,Electrified railway lines,LRG,Large gauge,BG,Bulgaria,2014,0,
RL_ELC,Electrified railway lines,LRG,Large gauge,BG,Bulgaria,2015,0,
RL_ELC,Electrified railway lines,LRG,Large gauge,BG,Bulgaria,2016,0,
RL_ELC,Electrified railway lines,LRG,Large gauge,BG,Bulgaria,2017,0,
RL_ELC,Electrified railway lines,LRG,Large gauge,BG,Bulgaria,2018,0,
RL_ELC,Electrified railway lines,LRG,Large gauge,BG,Bulgaria,2019,0,
RL_ELC,Electrified railway lines,LRG,Large gauge,BG,Bulgaria,2020,0,
RL_ELC,Electrified railway lines,LRG,Large gauge,BG,Bulgaria,2021,0,
RL_ELC,Electrified railway lines,LRG,Large gauge,BG,Bulgaria,2022,0,
RL_ELC,Electrified railway lines,LRG,Large gauge,BG,Bulgaria,2023,0,
RL_ELC,Electrified railway lines,LRG,Large gauge,BG,Bulgaria,2024,0,
RL_ELC,Electrified railway lines,LRG,Large gauge,CH,Switzerland,1990,0,i
RL_ELC,Electrified railway lines,LRG,Large gauge,CH,Switzerland,1991,0,i
RL_ELC,Electrified railway lines,LRG,Large gauge,CH,Switzerland,1992,0,i
RL_ELC,Electrified railway lines,LRG,Large gauge,CH,Switzerland,1993,0,i
RL_ELC,Electrified railway lines,LRG,Large gauge,CH,Switzerland,1994,0,i
RL_ELC,Electrified railway lines,LRG,Large gauge,CH,Switzerland,1995,0,i
RL_ELC,Electrified railway lines,LRG,Large gauge,CH,Switzerland,1996,0,i
RL_ELC,Electrified railway lines,LRG,Large gauge,CH,Switzerland,1997,0,i
RL_ELC,Electrified railway lines,LRG,Large gauge,CH,Switzerland,1998,0,i
RL_ELC,Electrified railway lines,LRG,Large gauge,CH,Switzerland,1999,0,i
RL_ELC,Electrified railway lines,LRG,Large gauge,CH,Switzerland,2000,0,i
RL_ELC,Electrified railway lines,LRG,Large gauge,CH,Switzerland,2001,0,i
RL_ELC,Electrified railway lines,LRG,Large gauge,CH,Switzerland,2002,0,i
RL_ELC,Electrified railway lines,LRG,Large gauge,CH,Switzerland,2003,0,i
RL_ELC,Electrified railway lines,LRG,Large gauge,CH,Switzerland,2004,0,i
RL_ELC,Electrified railway lines,LRG,Large gauge,CH,Switzerland,2005,0,i
RL_ELC,Electrified railway lines,LRG,Large gauge,CH,Switzerland,2006,0,i
RL_ELC,Electrified railway lines,LRG,Large gauge,CH,Switzerland,2007,0,i
RL_ELC,Electrified railway lines,LRG,Large gauge,CH,Switzerland,2008,0,i
RL_ELC,Electrified railway lines,LRG,Large gauge,CH,Switzerland,2009,0,i
RL_ELC,Electrified railway lines,LRG,Large gauge,CH,Switzerland,2010,0,i
RL_ELC,Electrified railway lines,LRG,Large gauge,CH,Switzerland,2011,0,i
RL_ELC,Electrified railway lines,LRG,Large gauge,CH,Switzerland,2012,0,i
RL_ELC,Electrified railway lines,LRG,Large gauge,CH,Switzerland,2013,0,i
RL_ELC,Electrified railway lines,LRG,Large gauge,CH,Switzerland,2014,0,i
RL_ELC,Electrified railway lines,LRG,Large gauge,CH,Switzerland,2015,0,i
RL_ELC,Electrified railway lines,LRG,Large gauge,CH,Switzerland,2016,0,i
RL_ELC,Electrified railway lines,LRG,Large gauge,CH,Switzerland,2017,0,i
RL_ELC,Electrified railway lines,LRG,Large gauge,CH,Switzerland,2018,0,i
RL_ELC,Electrified railway lines,LRG,Large gauge,CH,Switzerland,2019,0,i
RL_ELC,Electrified railway lines,LRG,Large gauge,CH,Switzerland,2020,0,
RL_ELC,Electrified railway lines,LRG,Large gauge,CH,Switzerland,2021,0,i
RL_ELC,Electrified railway lines,LRG,Large gauge,CH,Switzerland,2022,0,i
RL_ELC,Electrified railway lines,LRG,Large gauge,CH,Switzerland,2023,0,i
RL_ELC,Electrified railway lines,LRG,Large gauge,CH,Switzerland,2024,0,i
RL_ELC,Electrified railway lines,LRG,Large gauge,CZ,Czechia,1990,0,
RL_ELC,Electrified railway lines,LRG,Large gauge,CZ,Czechia,1991,0,
RL_ELC,Electrified railway lines,LRG,Large gauge,CZ,Czechia,1992,0,
RL_ELC,Electrified railway lines,LRG,Large gauge,CZ,Czechia,1993,0,
RL_ELC,Electrified railway lines,LRG,Large gauge,CZ,Czechia,1994,0,
RL_ELC,Electrified railway lines,LRG,Large gauge,CZ,Czechia,1995,0,
RL_ELC,Electrified railway lines,LRG,Large gauge,CZ,Czechia,1996,0,
RL_ELC,Electrified railway lines,LRG,Large gauge,CZ,Czechia,1997,0,
RL_ELC,Electrified railway lines,LRG,Large gauge,CZ,Czechia,1998,0,
RL_ELC,Electrified railway lines,LRG,Large gauge,CZ,Czechia,1999,0,
RL_ELC,Electrified railway lines,LRG,Large gauge,CZ,Czechia,2000,0,
RL_ELC,Electrified railway lines,LRG,Large gauge,CZ,Czechia,2001,0,
RL_ELC,Electrified railway lines,LRG,Large gauge,CZ,Czechia,2002,0,
RL_ELC,Electrified railway lines,LRG,Large gauge,CZ,Czechia,2003,0,
RL_ELC,Electrified railway lines,LRG,Large gauge,CZ,Czechia,2004,0,
RL_ELC,Electrified railway lines,LRG,Large gauge,CZ,Czechia,2005,0,
RL_ELC,Electrified railway lines,LRG,Large gauge,CZ,Czechia,2006,0,
RL_ELC,Electrified railway lines,LRG,Large gauge,CZ,Czechia,2007,0,
RL_ELC,Electrified railway lines,LRG,Large gauge,CZ,Czechia,2008,0,
RL_ELC,Electrified railway lines,LRG,Large gauge,CZ,Czechia,2009,0,
RL_ELC,Electrified railway lines,LRG,Large gauge,CZ,Czechia,2010,0,
RL_ELC,Electrified railway lines,LRG,Large gauge,CZ,Czechia,2011,0,
RL_ELC,Electrified railway lines,LRG,Large gauge,CZ,Czechia,2012,0,
RL_ELC,Electrified railway lines,LRG,Large gauge,CZ,Czechia,2013,0,
RL_ELC,Electrified railway lines,LRG,Large gauge,CZ,Czechia,2014,0,
RL_ELC,Electrified railway lines,LRG,Large gauge,CZ,Czechia,2015,0,
RL_ELC,Electrified railway lines,LRG,Large gauge,CZ,Czechia,2016,0,
RL_ELC,Electrified railway lines,LRG,Large gauge,CZ,Czechia,2017,0,
RL_ELC,Electrified railway lines,LRG,Large gauge,CZ,Czechia,2018,0,
RL_ELC,Electrified railway lines,LRG,Large gauge,CZ,Czechia,2019,0,
RL_ELC,Electrified railway lines,LRG,Large gauge,CZ,Czechia,2020,0,
RL_ELC,Electrified railway lines,LRG,Large gauge,CZ,Czechia,2021,0,
RL_ELC,Electrified railway lines,LRG,Large gauge,CZ,Czechia,2022,0,
RL_ELC,Electrified railway lines,LRG,Large gauge,CZ,Czechia,2023,0,
RL_ELC,Electrified railway lines,LRG,Large gauge,CZ,Czechia,2024,0,
RL_ELC,Electrified railway lines,LRG,Large gauge,DE,Germany,1962,0,
RL_ELC,Electrified railway lines,LRG,Large gauge,DE,Germany,1990,0,
RL_ELC,Electrified railway lines,LRG,Large gauge,DE,Germany,2001,0,
RL_ELC,Electrified railway lines,LRG,Large gauge,DE,Germany,2002,0,
RL_ELC,Electrified railway lines,LRG,Large gauge,DE,Germany,2003,0,i
RL_ELC,Electrified railway lines,LRG,Large gauge,DE,Germany,2004,0,
RL_ELC,Electrified railway lines,LRG,Large gauge,DE,Germany,2006,0,i
RL_ELC,Electrified railway lines,LRG,Large gauge,DE,Germany,2007,0,i
RL_ELC,Electrified railway lines,LRG,Large gauge,DE,Germany,2008,0,i
RL_ELC,Electrified railway lines,LRG,Large gauge,DE,Germany,2009,0,i
RL_ELC,Electrified railway lines,LRG,Large gauge,DE,Germany,2010,0,
RL_ELC,Electrified railway lines,LRG,Large gauge,DE,Germany,2011,0,i
RL_ELC,Electrified railway lines,LRG,Large gauge,DE,Germany,2012,0,i
RL_ELC,Electrified railway lines,LRG,Large gauge,DE,Germany,2013,0,i
RL_ELC,Electrified railway lines,LRG,Large gauge,DE,Germany,2014,0,i
RL_ELC,Electrified railway lines,LRG,Large gauge,DE,Germany,2015,0,
RL_ELC,Electrified railway lines,LRG,Large gauge,DE,Germany,2016,0,i
RL_ELC,Electrified railway lines,LRG,Large gauge,DE,Germany,2017,0,
RL_ELC,Electrified railway lines,LRG,Large gauge,DE,Germany,2018,0,
RL_ELC,Electrified railway lines,LRG,Large gauge,DE,Germany,2019,0,i
RL_ELC,Electrified railway lines,LRG,Large gauge,DE,Germany,2020,0,
RL_ELC,Electrified railway lines,LRG,Large gauge,DE,Germany,2021,0,
RL_ELC,Electrified railway lines,LRG,Large gauge,DK,Denmark,1990,0,i
RL_ELC,Electrified railway lines,LRG,Large gauge,DK,Denmark,1991,0,i
RL_ELC,Electrified railway lines,LRG,Large gauge,DK,Denmark,1992,0,i
RL_ELC,Electrified railway lines,LRG,Large gauge,DK,Denmark,1993,0,i
RL_ELC,Electrified railway lines,LRG,Large gauge,DK,Denmark,1994,0,i
RL_ELC,Electrified railway lines,LRG,Large gauge,DK,Denmark,1995,0,i
RL_ELC,Electrified railway lines,LRG,Large gauge,DK,Denmark,1996,0,i
RL_ELC,Electrified railway lines,LRG,Large gauge,DK,Denmark,1997,0,i
RL_ELC,Electrified railway lines,LRG,Large gauge,DK,Denmark,1998,0,i
RL_ELC,Electrified railway lines,LRG,Large gauge,DK,Denmark,1999,0,i
RL_ELC,Electrified railway lines,LRG,Large gauge,DK,Denmark,2000,0,i
RL_ELC,Electrified railway lines,LRG,Large gauge,DK,Denmark,2001,0,i
RL_ELC,Electrified railway lines,LRG,Large gauge,DK,Denmark,2002,0,i
RL_ELC,Electrified railway lines,LRG,Large gauge,DK,Denmark,2003,0,i
RL_ELC,Electrified railway lines,LRG,Large gauge,DK,Denmark,2004,0,i
RL_ELC,Electrified railway lines,LRG,Large gauge,DK,Denmark,2005,0,i
RL_ELC,Electrified railway lines,LRG,Large gauge,DK,Denmark,2006,0,i
RL_ELC,Electrified railway lines,LRG,Large gauge,DK,Denmark,2007,0,i
RL_ELC,Electrified railway lines,LRG,Large gauge,DK,Denmark,2008,0,i
RL_ELC,Electrified railway lines,LRG,Large gauge,DK,Denmark,2009,0,i
RL_ELC,Electrified railway lines,LRG,Large gauge,DK,Denmark,2010,0,i
RL_ELC,Electrified railway lines,LRG,Large gauge,DK,Denmark,2011,0,i
RL_ELC,Electrified railway lines,LRG,Large gauge,DK,Denmark,2012,0,i
RL_ELC,Electrified railway lines,LRG,Large gauge,DK,Denmark,2013,0,
RL_ELC,Electrified railway lines,LRG,Large gauge,DK,Denmark,2014,0,
RL_ELC,Electrified railway lines,LRG,Large gauge,DK,Denmark,2015,0,
RL_ELC,Electrified railway lines,LRG,Large gauge,DK,Denmark,2016,0,
RL_ELC,Electrified railway lines,LRG,Large gauge,DK,Denmark,2017,0,
RL_ELC,Electrified railway lines,LRG,Large gauge,DK,Denmark,2018,0,
RL_ELC,Electrified railway lines,LRG,Large gauge,DK,Denmark,2019,0,
RL_ELC,Electrified railway lines,LRG,Large gauge,DK,Denmark,2020,0,
RL_ELC,Electrified railway lines,LRG,Large gauge,DK,Denmark,2021,0,
RL_ELC,Electrified railway lines,LRG,Large gauge,DK,Denmark,2022,0,
RL_ELC,Electrified railway lines,LRG,Large gauge,DK,Denmark,2023,0,
RL_ELC,Electrified railway lines,LRG,Large gauge,DK,Denmark,2024,0,
RL_ELC,Electrified railway lines,LRG,Large gauge,EE,Estonia,1990,131.8,
RL_ELC,Electrified railway lines,LRG,Large gauge,EE,Estonia,1991,131.8,
RL_ELC,Electrified railway lines,LRG,Large gauge,EE,Estonia,1992,131.8,
RL_ELC,Electrified railway lines,LRG,Large gauge,EE,Estonia,1993,131.8,
RL_ELC,Electrified railway lines,LRG,Large gauge,EE,Estonia,1994,131.8,
RL_ELC,Electrified railway lines,LRG,Large gauge,EE,Estonia,1995,131.8,
RL_ELC,Electrified railway lines,LRG,Large gauge,EE,Estonia,1996,131.8,
RL_ELC,Electrified railway lines,LRG,Large gauge,EE,Estonia,1997,132,
RL_ELC,Electrified railway lines,LRG,Large gauge,EE,Estonia,1998,132,
RL_ELC,Electrified railway lines,LRG,Large gauge,EE,Estonia,1999,132,
RL_ELC,Electrified railway lines,LRG,Large gauge,EE,Estonia,2000,132,
RL_ELC,Electrified railway lines,LRG,Large gauge,EE,Estonia,2001,131,
RL_ELC,Electrified railway lines,LRG,Large gauge,EE,Estonia,2002,131,
RL_ELC,Electrified railway lines,LRG,Large gauge,EE,Estonia,2003,131,
RL_ELC,Electrified railway lines,LRG,Large gauge,EE,Estonia,2004,130,
RL_ELC,Electrified railway lines,LRG,Large gauge,EE,Estonia,2005,131,
RL_ELC,Electrified railway lines,LRG,Large gauge,EE,Estonia,2006,131,
RL_ELC,Electrified railway lines,LRG,Large gauge,EE,Estonia,2007,132,
RL_ELC,Electrified railway lines,LRG,Large gauge,EE,Estonia,2008,130,
RL_ELC,Electrified railway lines,LRG,Large gauge,EE,Estonia,2009,130,
RL_ELC,Electrified railway lines,LRG,Large gauge,EE,Estonia,2010,132,
RL_ELC,Electrified railway lines,LRG,Large gauge,EE,Estonia,2011,132,
RL_ELC,Electrified railway lines,LRG,Large gauge,EE,Estonia,2012,132,
RL_ELC,Electrified railway lines,LRG,Large gauge,EE,Estonia,2013,132,
RL_ELC,Electrified railway lines,LRG,Large gauge,EE,Estonia,2014,132,
RL_ELC,Electrified railway lines,LRG,Large gauge,EE,Estonia,2015,132,
RL_ELC,Electrified railway lines,LRG,Large gauge,EE,Estonia,2016,132,
RL_ELC,Electrified railway lines,LRG,Large gauge,EE,Estonia,2017,132,
RL_ELC,Electrified railway lines,LRG,Large gauge,EE,Estonia,2018,132,
RL_ELC,Electrified railway lines,LRG,Large gauge,EE,Estonia,2019,138,
RL_ELC,Electrified railway lines,LRG,Large gauge,EE,Estonia,2020,138,
RL_ELC,Electrified railway lines,LRG,Large gauge,EE,Estonia,2021,225,
RL_ELC,Electrified railway lines,LRG,Large gauge,EE,Estonia,2022,140,
RL_ELC,Electrified railway lines,LRG,Large gauge,EE,Estonia,2023,140,
RL_ELC,Electrified railway lines,LRG,Large gauge,EE,Estonia,2024,140,
RL_ELC,Electrified railway lines,LRG,Large gauge,EL,Greece,1990,0,
RL_ELC,Electrified railway lines,LRG,Large gauge,EL,Greece,1991,0,
RL_ELC,Electrified railway lines,LRG,Large gauge,EL,Greece,1992,0,
RL_ELC,Electrified railway lines,LRG,Large gauge,EL,Greece,1993,0,
RL_ELC,Electrified railway lines,LRG,Large gauge,EL,Greece,1994,0,
RL_ELC,Electrified railway lines,LRG,Large gauge,EL,Greece,1995,0,
RL_ELC,Electrified railway lines,LRG,Large gauge,EL,Greece,1996,0,
RL_ELC,Electrified railway lines,LRG,Large gauge,EL,Greece,1997,0,
RL_ELC,Electrified railway lines,LRG,Large gauge,EL,Greece,1998,0,
RL_ELC,Electrified railway lines,LRG,Large gauge,EL,Greece,1999,0,
RL_ELC,Electrified railway lines,LRG,Large gauge,EL,Greece,2000,0,
RL_ELC,Electrified railway lines,LRG,Large gauge,EL,Greece,2001,0,
RL_ELC,Electrified railway lines,LRG,Large gauge,EL,Greece,2002,0,
RL_ELC,Electrified railway lines,LRG,Large gauge,EL,Greece,2003,0,
RL_ELC,Electrified railway lines,LRG,Large gauge,EL,Greece,2004,0,
RL_ELC,Electrified railway lines,LRG,Large gauge,EL,Greece,2005,0,
RL_ELC,Electrified railway lines,LRG,Large gauge,EL,Greece,2006,0,
RL_ELC,Electrified railway lines,LRG,Large gauge,EL,Greece,2007,0,
RL_ELC,Electrified railway lines,LRG,Large gauge,EL,Greece,2008,0,
RL_ELC,Electrified railway lines,LRG,Large gauge,EL,Greece,2009,0,
RL_ELC,Electrified railway lines,LRG,Large gauge,EL,Greece,2010,0,
RL_ELC,Electrified railway lines,LRG,Large gauge,EL,Greece,2011,0,
RL_ELC,Electrified railway lines,LRG,Large gauge,EL,Greece,2012,0,
RL_ELC,Electrified railway lines,LRG,Large gauge,EL,Greece,2013,0,
RL_ELC,Electrified railway lines,LRG,Large gauge,EL,Greece,2014,0,
RL_ELC,Electrified railway lines,LRG,Large gauge,EL,Greece,2015,0,
RL_ELC,Electrified railway lines,LRG,Large gauge,EL,Greece,2016,0,
RL_ELC,Electrified railway lines,LRG,Large gauge,EL,Greece,2017,0,
RL_ELC,Electrified railway lines,LRG,Large gauge,EL,Greece,2018,0,
RL_ELC,Electrified railway lines,LRG,Large gauge,EL,Greece,2019,0,
RL_ELC,Electrified railway lines,LRG,Large gauge,EL,Greece,2020,0,
RL_ELC,Electrified railway lines,LRG,Large gauge,EL,Greece,2021,0,
RL_ELC,Electrified railway lines,LRG,Large gauge,EL,Greece,2022,0,
RL_ELC,Electrified railway lines,LRG,Large gauge,EL,Greece,2023,0,
RL_ELC,Electrified railway lines,LRG,Large gauge,EL,Greece,2024,0,
RL_ELC,Electrified railway lines,LRG,Large gauge,ES,Spain,1990,6397,
RL_ELC,Electrified railway lines,LRG,Large gauge,ES,Spain,1991,6407,
RL_ELC,Electrified railway lines,LRG,Large gauge,ES,Spain,1992,6395,
RL_ELC,Electrified railway lines,LRG,Large gauge,ES,Spain,1993,6395,
RL_ELC,Electrified railway lines,LRG,Large gauge,ES,Spain,1994,6500,
RL_ELC,Electrified railway lines,LRG,Large gauge,ES,Spain,1995,6355,
RL_ELC,Electrified railway lines,LRG,Large gauge,ES,Spain,1996,6358,
RL_ELC,Electrified railway lines,LRG,Large gauge,ES,Spain,1997,6450,
RL_ELC,Electrified railway lines,LRG,Large gauge,ES,Spain,1998,6450,
RL_ELC,Electrified railway lines,LRG,Large gauge,ES,Spain,1999,6459,
RL_ELC,Electrified railway lines,LRG,Large gauge,ES,Spain,2000,6442,
RL_ELC,Electrified railway lines,LRG,Large gauge,ES,Spain,2001,6442,
RL_ELC,Electrified railway lines,LRG,Large gauge,ES,Spain,2002,6450,
RL_ELC,Electrified railway lines,LRG,Large gauge,ES,Spain,2003,6467,
RL_ELC,Electrified railway lines,LRG,Large gauge,ES,Spain,2004,6469,
RL_ELC,Electrified railway lines,LRG,Large gauge,ES,Spain,2005,6446,
RL_ELC,Electrified railway lines,LRG,Large gauge,ES,Spain,2006,6437,
RL_ELC,Electrified railway lines,LRG,Large gauge,ES,Spain,2007,6444,
RL_ELC,Electrified railway lines,LRG,Large gauge,ES,Spain,2008,6458,
RL_ELC,Electrified railway lines,LRG,Large gauge,ES,Spain,2009,6464,
RL_ELC,Electrified railway lines,LRG,Large gauge,ES,Spain,2010,6488,
RL_ELC,Electrified railway lines,LRG,Large gauge,ES,Spain,2011,6619,
RL_ELC,Electrified railway lines,LRG,Large gauge,ES,Spain,2012,6491,
RL_ELC,Electrified railway lines,LRG,Large gauge,ES,Spain,2013,6488,
RL_ELC,Electrified railway lines,LRG,Large gauge,ES,Spain,2014,6557,
RL_ELC,Electrified railway lines,LRG,Large gauge,ES,Spain,2015,6730,
RL_ELC,Electrified railway lines,LRG,Large gauge,ES,Spain,2016,6731,
RL_ELC,Electrified railway lines,LRG,Large gauge,ES,Spain,2017,6728,
RL_ELC,Electrified railway lines,LRG,Large gauge,ES,Spain,2018,6727,
RL_ELC,Electrified railway lines,LRG,Large gauge,ES,Spain,2019,6766.247,
RL_ELC,Electrified railway lines,LRG,Large gauge,ES,Spain,2020,6801.674,
RL_ELC,Electrified railway lines,LRG,Large gauge,ES,Spain,2021,6966.474,
RL_ELC,Electrified railway lines,LRG,Large gauge,ES,Spain,2022,6957.952,
RL_ELC,Electrified railway lines,LRG,Large gauge,ES,Spain,2023,7220.384,
RL_ELC,Electrified railway lines,LRG,Large gauge,ES,Spain,2024,7313.384,
RL_ELC,Electrified railway lines,LRG,Large gauge,EU27_2020,European Union - 27 countries (from 2020),2008,11657.2,
RL_ELC,Electrified railway lines,LRG,Large gauge,EU27_2020,European Union - 27 countries (from 2020),2009,11663.1,
RL_ELC,Electrified railway lines,LRG,Large gauge,EU27_2020,European Union - 27 countries (from 2020),2010,11723.1,
RL_ELC,Electrified railway lines,LRG,Large gauge,EU27_2020,European Union - 27 countries (from 2020),2011,12094.7,
RL_ELC,Electrified railway lines,LRG,Large gauge,EU27_2020,European Union - 27 countries (from 2020),2012,11960.1,
RL_ELC,Electrified railway lines,LRG,Large gauge,EU27_2020,European Union - 27 countries (from 2020),2013,11954.1,
RL_ELC,Electrified railway lines,LRG,Large gauge,EU27_2020,European Union - 27 countries (from 2020),2014,12110.3,
RL_ELC,Electrified railway lines,LRG,Large gauge,EU27_2020,European Union - 27 countries (from 2020),2015,12298.1,
RL_ELC,Electrified railway lines,LRG,Large gauge,EU27_2020,European Union - 27 countries (from 2020),2016,12306,
RL_ELC,Electrified railway lines,LRG,Large gauge,EU27_2020,European Union - 27 countries (from 2020),2017,12394.37,
RL_ELC,Electrified railway lines,LRG,Large gauge,EU27_2020,European Union - 27 countries (from 2020),2018,12392.37,
RL_ELC,Electrified railway lines,LRG,Large gauge,EU27_2020,European Union - 27 countries (from 2020),2019,12495.197,
RL_ELC,Electrified railway lines,LRG,Large gauge,EU27_2020,European Union - 27 countries (from 2020),2020,12534.624,
RL_ELC,Electrified railway lines,LRG,Large gauge,EU27_2020,European Union - 27 countries (from 2020),2021,12905.948,
RL_ELC,Electrified railway lines,LRG,Large gauge,EU27_2020,European Union - 27 countries (from 2020),2022,12880.426,
RL_ELC,Electrified railway lines,LRG,Large gauge,EU27_2020,European Union - 27 countries (from 2020),2023,13138.858,
RL_ELC,Electrified railway lines,LRG,Large gauge,EU27_2020,European Union - 27 countries (from 2020),2024,13445.284,
RL_ELC,Electrified railway lines,LRG,Large gauge,FI,Finland,1990,1663,
RL_ELC,Electrified railway lines,LRG,Large gauge,FI,Finland,1991,1664,
RL_ELC,Electrified railway lines,LRG,Large gauge,FI,Finland,1992,1664,
RL_ELC,Electrified railway lines,LRG,Large gauge,FI,Finland,1993,1713,
RL_ELC,Electrified railway lines,LRG,Large gauge,FI,Finland,1994,1950,
RL_ELC,Electrified railway lines,LRG,Large gauge,FI,Finland,1995,2054,
RL_ELC,Electrified railway lines,LRG,Large gauge,FI,Finland,1996,2061,
RL_ELC,Electrified railway lines,LRG,Large gauge,FI,Finland,1997,2061,
RL_ELC,Electrified railway lines,LRG,Large gauge,FI,Finland,1998,2197,
RL_ELC,Electrified railway lines,LRG,Large gauge,FI,Finland,1999,2234,
RL_ELC,Electrified railway lines,LRG,Large gauge,FI,Finland,2000,2372,
RL_ELC,Electrified railway lines,LRG,Large gauge,FI,Finland,2001,2400,
RL_ELC,Electrified railway lines,LRG,Large gauge,FI,Finland,2002,2400,
RL_ELC,Electrified railway lines,LRG,Large gauge,FI,Finland,2003,2400,
RL_ELC,Electrified railway lines,LRG,Large gauge,FI,Finland,2004,2619,
RL_ELC,Electrified railway lines,LRG,Large gauge,FI,Finland,2005,2617,
RL_ELC,Electrified railway lines,LRG,Large gauge,FI,Finland,2006,3047,
RL_ELC,Electrified railway lines,LRG,Large gauge,FI,Finland,2007,3047,
RL_ELC,Electrified railway lines,LRG,Large gauge,FI,Finland,2008,3067,
RL_ELC,Electrified railway lines,LRG,Large gauge,FI,Finland,2009,3067,
RL_ELC,Electrified railway lines,LRG,Large gauge,FI,Finland,2010,3073,
RL_ELC,Electrified railway lines,LRG,Large gauge,FI,Finland,2011,3172,
RL_ELC,Electrified railway lines,LRG,Large gauge,FI,Finland,2012,3172,
RL_ELC,Electrified railway lines,LRG,Large gauge,FI,Finland,2013,3172,
RL_ELC,Electrified railway lines,LRG,Large gauge,FI,Finland,2014,3256,
RL_ELC,Electrified railway lines,LRG,Large gauge,FI,Finland,2015,3262,b
RL_ELC,Electrified railway lines,LRG,Large gauge,FI,Finland,2016,3270,
RL_ELC,Electrified railway lines,LRG,Large gauge,FI,Finland,2017,3331,
RL_ELC,Electrified railway lines,LRG,Large gauge,FI,Finland,2018,3330,
RL_ELC,Electrified railway lines,LRG,Large gauge,FI,Finland,2019,3331,
RL_ELC,Electrified railway lines,LRG,Large gauge,FI,Finland,2020,3349,
RL_ELC,Electrified railway lines,LRG,Large gauge,FI,Finland,2021,3359,
RL_ELC,Electrified railway lines,LRG,Large gauge,FI,Finland,2022,3428,
RL_ELC,Electrified railway lines,LRG,Large gauge,FI,Finland,2023,3424,
RL_ELC,Electrified railway lines,LRG,Large gauge,FI,Finland,2024,3635,
RL_ELC,Electrified railway lines,LRG,Large gauge,FR,France,1962,0,
RL_ELC,Electrified railway lines,LRG,Large gauge,FR,France,1990,0,
RL_ELC,Electrified railway lines,LRG,Large gauge,FR,France,1991,0,
RL_ELC,Electrified railway lines,LRG,Large gauge,FR,France,1992,0,
RL_ELC,Electrified railway lines,LRG,Large gauge,FR,France,1993,0,
RL_ELC,Electrified railway lines,LRG,Large gauge,FR,France,1994,0,
RL_ELC,Electrified railway lines,LRG,Large gauge,FR,France,1995,0,
RL_ELC,Electrified railway lines,LRG,Large gauge,FR,France,1996,0,
RL_ELC,Electrified railway lines,LRG,Large gauge,FR,France,1997,0,
RL_ELC,Electrified railway lines,LRG,Large gauge,FR,France,1998,0,
RL_ELC,Electrified railway lines,LRG,Large gauge,FR,France,1999,0,
RL_ELC,Electrified railway lines,LRG,Large gauge,FR,France,2000,0,
RL_ELC,Electrified railway lines,LRG,Large gauge,FR,France,2001,0,
RL_ELC,Electrified railway lines,LRG,Large gauge,FR,France,2002,0,
RL_ELC,Electrified railway lines,LRG,Large gauge,FR,France,2003,0,
RL_ELC,Electrified railway lines,LRG,Large gauge,FR,France,2004,0,
RL_ELC,Electrified railway lines,LRG,Large gauge,FR,France,2005,0,
RL_ELC,Electrified railway lines,LRG,Large gauge,FR,France,2006,0,
RL_ELC,Electrified railway lines,LRG,Large gauge,FR,France,2007,0,
RL_ELC,Electrified railway lines,LRG,Large gauge,FR,France,2008,0,
RL_ELC,Electrified railway lines,LRG,Large gauge,FR,France,2009,0,
RL_ELC,Electrified railway lines,LRG,Large gauge,FR,France,2010,0,
RL_ELC,Electrified railway lines,LRG,Large gauge,FR,France,2011,0,
RL_ELC,Electrified railway lines,LRG,Large gauge,FR,France,2012,0,
RL_ELC,Electrified railway lines,LRG,Large gauge,FR,France,2013,0,
RL_ELC,Electrified railway lines,LRG,Large gauge,FR,France,2014,0,
RL_ELC,Electrified railway lines,LRG,Large gauge,FR,France,2015,0,
RL_ELC,Electrified railway lines,LRG,Large gauge,FR,France,2016,0,
RL_ELC,Electrified railway lines,LRG,Large gauge,FR,France,2017,0,
RL_ELC,Electrified railway lines,LRG,Large gauge,FR,France,2018,0,
RL_ELC,Electrified railway lines,LRG,Large gauge,FR,France,2019,0,
RL_ELC,Electrified railway lines,LRG,Large gauge,FR,France,2020,0,
RL_ELC,Electrified railway lines,LRG,Large gauge,FR,France,2021,0,
RL_ELC,Electrified railway lines,LRG,Large gauge,FR,France,2022,0,
RL_ELC,Electrified railway lines,LRG,Large gauge,FR,France,2023,0,
RL_ELC,Electrified railway lines,LRG,Large gauge,FR,France,2024,0,
RL_ELC,Electrified railway lines,LRG,Large gauge,GE,Georgia,1995,1538,
RL_ELC,Electrified railway lines,LRG,Large gauge,GE,Georgia,1996,1538,
RL_ELC,Electrified railway lines,LRG,Large gauge,GE,Georgia,1997,1539,
RL_ELC,Electrified railway lines,LRG,Large gauge,GE,Georgia,1998,1539,
RL_ELC,Electrified railway lines,LRG,Large gauge,GE,Georgia,1999,1508,
RL_ELC,Electrified railway lines,LRG,Large gauge,GE,Georgia,2012,1418,
RL_ELC,Electrified railway lines,LRG,Large gauge,GE,Georgia,2013,1578,
RL_ELC,Electrified railway lines,LRG,Large gauge,GE,Georgia,2014,1576,
RL_ELC,Electrified railway lines,LRG,Large gauge,GE,Georgia,2015,1086.679,
RL_ELC,Electrified railway lines,LRG,Large gauge,GE,Georgia,2016,1086.7,
RL_ELC,Electrified railway lines,LRG,Large gauge,GE,Georgia,2017,1086.679,
RL_ELC,Electrified railway lines,LRG,Large gauge,GE,Georgia,2018,1088.24,
RL_ELC,Electrified railway lines,LRG,Large gauge,GE,Georgia,2019,1088.24,
RL_ELC,Electrified railway lines,LRG,Large gauge,GE,Georgia,2020,1121.8,
RL_ELC,Electrified railway lines,LRG,Large gauge,GE,Georgia,2021,1096.865,
RL_ELC,Electrified railway lines,LRG,Large gauge,GE,Georgia,2022,1096.865,
RL_ELC,Electrified railway lines,LRG,Large gauge,GE,Georgia,2023,1096.865,
RL_ELC,Electrified railway lines,LRG,Large gauge,GE,Georgia,2024,1096.865,
RL_ELC,Electrified railway lines,LRG,Large gauge,HR,Croatia,2008,0,
RL_ELC,Electrified railway lines,LRG,Large gauge,HR,Croatia,2009,0,
RL_ELC,Electrified railway lines,LRG,Large gauge,HR,Croatia,2010,0,
RL_ELC,Electrified railway lines,LRG,Large gauge,HR,Croatia,2011,0,
RL_ELC,Electrified railway lines,LRG,Large gauge,HR,Croatia,2012,0,
RL_ELC,Electrified railway lines,LRG,Large gauge,HR,Croatia,2013,0,
RL_ELC,Electrified railway lines,LRG,Large gauge,HR,Croatia,2014,0,
RL_ELC,Electrified railway lines,LRG,Large gauge,HR,Croatia,2015,0,
RL_ELC,Electrified railway lines,LRG,Large gauge,HR,Croatia,2016,0,
RL_ELC,Electrified railway lines,LRG,Large gauge,HR,Croatia,2017,0,
RL_ELC,Electrified railway lines,LRG,Large gauge,HR,Croatia,2018,0,
RL_ELC,Electrified railway lines,LRG,Large gauge,HR,Croatia,2019,0,
RL_ELC,Electrified railway lines,LRG,Large gauge,HR,Croatia,2020,0,
RL_ELC,Electrified railway lines,LRG,Large gauge,HR,Croatia,2021,0,
RL_ELC,Electrified railway lines,LRG,Large gauge,HR,Croatia,2022,0,
RL_ELC,Electrified railway lines,LRG,Large gauge,HR,Croatia,2023,0,
RL_ELC,Electrified railway lines,LRG,Large gauge,HR,Croatia,2024,0,
RL_ELC,Electrified railway lines,LRG,Large gauge,HU,Hungary,1990,0,
RL_ELC,Electrified railway lines,LRG,Large gauge,HU,Hungary,1991,0,
RL_ELC,Electrified railway lines,LRG,Large gauge,HU,Hungary,1992,0,
RL_ELC,Electrified railway lines,LRG,Large gauge,HU,Hungary,1993,0,
RL_ELC,Electrified railway lines,LRG,Large gauge,HU,Hungary,1994,0,
RL_ELC,Electrified railway lines,LRG,Large gauge,HU,Hungary,1995,0,
RL_ELC,Electrified railway lines,LRG,Large gauge,HU,Hungary,1996,0,
RL_ELC,Electrified railway lines,LRG,Large gauge,HU,Hungary,1997,0,
RL_ELC,Electrified railway lines,LRG,Large gauge,HU,Hungary,1998,0,
RL_ELC,Electrified railway lines,LRG,Large gauge,HU,Hungary,1999,0,
RL_ELC,Electrified railway lines,LRG,Large gauge,HU,Hungary,2000,0,
RL_ELC,Electrified railway lines,LRG,Large gauge,HU,Hungary,2001,0,
RL_ELC,Electrified railway lines,LRG,Large gauge,HU,Hungary,2002,0,
RL_ELC,Electrified railway lines,LRG,Large gauge,HU,Hungary,2004,0,
RL_ELC,Electrified railway lines,LRG,Large gauge,HU,Hungary,2005,0,
RL_ELC,Electrified railway lines,LRG,Large gauge,HU,Hungary,2006,0,
RL_ELC,Electrified railway lines,LRG,Large gauge,HU,Hungary,2007,0,
RL_ELC,Electrified railway lines,LRG,Large gauge,HU,Hungary,2008,0,
RL_ELC,Electrified railway lines,LRG,Large gauge,HU,Hungary,2009,0,
RL_ELC,Electrified railway lines,LRG,Large gauge,HU,Hungary,2010,0,
RL_ELC,Electrified railway lines,LRG,Large gauge,HU,Hungary,2011,0,
RL_ELC,Electrified railway lines,LRG,Large gauge,HU,Hungary,2012,0,
RL_ELC,Electrified railway lines,LRG,Large gauge,HU,Hungary,2013,0,
RL_ELC,Electrified railway lines,LRG,Large gauge,HU,Hungary,2014,0,
RL_ELC,Electrified railway lines,LRG,Large gauge,HU,Hungary,2015,0,
RL_ELC,Electrified railway lines,LRG,Large gauge,HU,Hungary,2016,0,
RL_ELC,Electrified railway lines,LRG,Large gauge,HU,Hungary,2017,0,
RL_ELC,Electrified railway lines,LRG,Large gauge,HU,Hungary,2018,0,
RL_ELC,Electrified railway lines,LRG,Large gauge,HU,Hungary,2019,0,
RL_ELC,Electrified railway lines,LRG,Large gauge,HU,Hungary,2020,0,
RL_ELC,Electrified railway lines,LRG,Large gauge,HU,Hungary,2021,0,
RL_ELC,Electrified railway lines,LRG,Large gauge,HU,Hungary,2022,0,
RL_ELC,Electrified railway lines,LRG,Large gauge,HU,Hungary,2023,0,
RL_ELC,Electrified railway lines,LRG,Large gauge,HU,Hungary,2024,0,
RL_ELC,Electrified railway lines,LRG,Large gauge,IE,Ireland,1990,37,
RL_ELC,Electrified railway lines,LRG,Large gauge,IE,Ireland,1991,37,
RL_ELC,Electrified railway lines,LRG,Large gauge,IE,Ireland,1992,37,
RL_ELC,Electrified railway lines,LRG,Large gauge,IE,Ireland,1993,37,
RL_ELC,Electrified railway lines,LRG,Large gauge,IE,Ireland,1994,37,
RL_ELC,Electrified railway lines,LRG,Large gauge,IE,Ireland,1995,37,
RL_ELC,Electrified railway lines,LRG,Large gauge,IE,Ireland,1996,37,
RL_ELC,Electrified railway lines,LRG,Large gauge,IE,Ireland,1997,37,
RL_ELC,Electrified railway lines,LRG,Large gauge,IE,Ireland,1998,37,
RL_ELC,Electrified railway lines,LRG,Large gauge,IE,Ireland,1999,47,
RL_ELC,Electrified railway lines,LRG,Large gauge,IE,Ireland,2000,47,
RL_ELC,Electrified railway lines,LRG,Large gauge,IE,Ireland,2001,47,
RL_ELC,Electrified railway lines,LRG,Large gauge,IE,Ireland,2002,48,
RL_ELC,Electrified railway lines,LRG,Large gauge,IE,Ireland,2003,49,
RL_ELC,Electrified railway lines,LRG,Large gauge,IE,Ireland,2004,50,
RL_ELC,Electrified railway lines,LRG,Large gauge,IE,Ireland,2005,51,
RL_ELC,Electrified railway lines,LRG,Large gauge,IE,Ireland,2006,52,
RL_ELC,Electrified railway lines,LRG,Large gauge,IE,Ireland,2007,53,
RL_ELC,Electrified railway lines,LRG,Large gauge,IE,Ireland,2008,53,
RL_ELC,Electrified railway lines,LRG,Large gauge,IE,Ireland,2009,53,
RL_ELC,Electrified railway lines,LRG,Large gauge,IE,Ireland,2010,53,
RL_ELC,Electrified railway lines,LRG,Large gauge,IE,Ireland,2011,53,
RL_ELC,Electrified railway lines,LRG,Large gauge,IE,Ireland,2012,53,
RL_ELC,Electrified railway lines,LRG,Large gauge,IE,Ireland,2013,53,
RL_ELC,Electrified railway lines,LRG,Large gauge,IE,Ireland,2014,53,
RL_ELC,Electrified railway lines,LRG,Large gauge,IE,Ireland,2015,53,
RL_ELC,Electrified railway lines,LRG,Large gauge,IE,Ireland,2016,53,
RL_ELC,Electrified railway lines,LRG,Large gauge,IE,Ireland,2017,53,
RL_ELC,Electrified railway lines,LRG,Large gauge,IE,Ireland,2018,53,
RL_ELC,Electrified railway lines,LRG,Large gauge,IE,Ireland,2019,53,
RL_ELC,Electrified railway lines,LRG,Large gauge,IE,Ireland,2020,53,
RL_ELC,Electrified railway lines,LRG,Large gauge,IE,Ireland,2021,53,
RL_ELC,Electrified railway lines,LRG,Large gauge,IE,Ireland,2022,53,
RL_ELC,Electrified railway lines,LRG,Large gauge,IE,Ireland,2023,53,i
RL_ELC,Electrified railway lines,LRG,Large gauge,IE,Ireland,2024,53,
RL_ELC,Electrified railway lines,LRG,Large gauge,IT,Italy,1962,0,
RL_ELC,Electrified railway lines,LRG,Large gauge,IT,Italy,1990,0,
RL_ELC,Electrified railway lines,LRG,Large gauge,IT,Italy,1991,0,
RL_ELC,Electrified railway lines,LRG,Large gauge,IT,Italy,1992,0,
RL_ELC,Electrified railway lines,LRG,Large gauge,IT,Italy,1993,0,
RL_ELC,Electrified railway lines,LRG,Large gauge,IT,Italy,1994,0,
RL_ELC,Electrified railway lines,LRG,Large gauge,IT,Italy,1995,0,
RL_ELC,Electrified railway lines,LRG,Large gauge,IT,Italy,1996,0,
RL_ELC,Electrified railway lines,LRG,Large gauge,IT,Italy,1997,0,
RL_ELC,Electrified railway lines,LRG,Large gauge,IT,Italy,1998,0,
RL_ELC,Electrified railway lines,LRG,Large gauge,IT,Italy,1999,0,
RL_ELC,Electrified railway lines,LRG,Large gauge,IT,Italy,2000,0,
RL_ELC,Electrified railway lines,LRG,Large gauge,IT,Italy,2001,0,
RL_ELC,Electrified railway lines,LRG,Large gauge,IT,Italy,2002,0,
RL_ELC,Electrified railway lines,LRG,Large gauge,IT,Italy,2003,0,
RL_ELC,Electrified railway lines,LRG,Large gauge,IT,Italy,2004,0,
RL_ELC,Electrified railway lines,LRG,Large gauge,IT,Italy,2005,0,
RL_ELC,Electrified railway lines,LRG,Large gauge,IT,Italy,2006,0,
RL_ELC,Electrified railway lines,LRG,Large gauge,IT,Italy,2007,0,
RL_ELC,Electrified railway lines,LRG,Large gauge,IT,Italy,2008,0,
RL_ELC,Electrified railway lines,LRG,Large gauge,IT,Italy,2009,0,
RL_ELC,Electrified railway lines,LRG,Large gauge,IT,Italy,2010,0,
RL_ELC,Electrified railway lines,LRG,Large gauge,IT,Italy,2011,0,
RL_ELC,Electrified railway lines,LRG,Large gauge,IT,Italy,2012,0,
RL_ELC,Electrified railway lines,LRG,Large gauge,IT,Italy,2013,0,
RL_ELC,Electrified railway lines,LRG,Large gauge,IT,Italy,2014,0,
RL_ELC,Electrified railway lines,LRG,Large gauge,IT,Italy,2015,0,
RL_ELC,Electrified railway lines,LRG,Large gauge,IT,Italy,2016,0,
RL_ELC,Electrified railway lines,LRG,Large gauge,IT,Italy,2017,0,
RL_ELC,Electrified railway lines,LRG,Large gauge,IT,Italy,2018,0,
RL_ELC,Electrified railway lines,LRG,Large gauge,IT,Italy,2019,0,
RL_ELC,Electrified railway lines,LRG,Large gauge,IT,Italy,2020,0,
RL_ELC,Electrified railway lines,LRG,Large gauge,IT,Italy,2021,0,
RL_ELC,Electrified railway lines,LRG,Large gauge,IT,Italy,2022,0,
RL_ELC,Electrified railway lines,LRG,Large gauge,IT,Italy,2023,0,
RL_ELC,Electrified railway lines,LRG,Large gauge,IT,Italy,2024,0,
RL_ELC,Electrified railway lines,LRG,Large gauge,LI,Liechtenstein,2013,0,
RL_ELC,Electrified railway lines,LRG,Large gauge,LI,Liechtenstein,2014,0,
RL_ELC,Electrified railway lines,LRG,Large gauge,LI,Liechtenstein,2015,0,
RL_ELC,Electrified railway lines,LRG,Large gauge,LI,Liechtenstein,2016,0,
RL_ELC,Electrified railway lines,LRG,Large gauge,LI,Liechtenstein,2017,0,
RL_ELC,Electrified railway lines,LRG,Large gauge,LI,Liechtenstein,2018,0,
RL_ELC,Electrified railway lines,LRG,Large gauge,LI,Liechtenstein,2019,0,
RL_ELC,Electrified railway lines,LRG,Large gauge,LI,Liechtenstein,2020,0,
RL_ELC,Electrified railway lines,LRG,Large gauge,LI,Liechtenstein,2021,0,
RL_ELC,Electrified railway lines,LRG,Large gauge,LI,Liechtenstein,2022,0,
RL_ELC,Electrified railway lines,LRG,Large gauge,LI,Liechtenstein,2023,0,
RL_ELC,Electrified railway lines,LRG,Large gauge,LI,Liechtenstein,2024,0,
RL_ELC,Electrified railway lines,LRG,Large gauge,LT,Lithuania,1990,122,
RL_ELC,Electrified railway lines,LRG,Large gauge,LT,Lithuania,1991,122,
RL_ELC,Electrified railway lines,LRG,Large gauge,LT,Lithuania,1992,122,
RL_ELC,Electrified railway lines,LRG,Large gauge,LT,Lithuania,1993,122,
RL_ELC,Electrified railway lines,LRG,Large gauge,LT,Lithuania,1994,122,
RL_ELC,Electrified railway lines,LRG,Large gauge,LT,Lithuania,1995,122,
RL_ELC,Electrified railway lines,LRG,Large gauge,LT,Lithuania,1996,122,
RL_ELC,Electrified railway lines,LRG,Large gauge,LT,Lithuania,1997,122,
RL_ELC,Electrified railway lines,LRG,Large gauge,LT,Lithuania,1998,122,
RL_ELC,Electrified railway lines,LRG,Large gauge,LT,Lithuania,1999,122,
RL_ELC,Electrified railway lines,LRG,Large gauge,LT,Lithuania,2000,122,
RL_ELC,Electrified railway lines,LRG,Large gauge,LT,Lithuania,2001,122,
RL_ELC,Electrified railway lines,LRG,Large gauge,LT,Lithuania,2002,122,
RL_ELC,Electrified railway lines,LRG,Large gauge,LT,Lithuania,2003,122,
RL_ELC,Electrified railway lines,LRG,Large gauge,LT,Lithuania,2004,122,
RL_ELC,Electrified railway lines,LRG,Large gauge,LT,Lithuania,2005,122,
RL_ELC,Electrified railway lines,LRG,Large gauge,LT,Lithuania,2006,122,
RL_ELC,Electrified railway lines,LRG,Large gauge,LT,Lithuania,2007,122,
RL_ELC,Electrified railway lines,LRG,Large gauge,LT,Lithuania,2008,122,
RL_ELC,Electrified railway lines,LRG,Large gauge,LT,Lithuania,2009,122,
RL_ELC,Electrified railway lines,LRG,Large gauge,LT,Lithuania,2010,122,
RL_ELC,Electrified railway lines,LRG,Large gauge,LT,Lithuania,2011,122,
RL_ELC,Electrified railway lines,LRG,Large gauge,LT,Lithuania,2012,122,
RL_ELC,Electrified railway lines,LRG,Large gauge,LT,Lithuania,2013,122,
RL_ELC,Electrified railway lines,LRG,Large gauge,LT,Lithuania,2014,122,
RL_ELC,Electrified railway lines,LRG,Large gauge,LT,Lithuania,2015,122,
RL_ELC,Electrified railway lines,LRG,Large gauge,LT,Lithuania,2016,122,
RL_ELC,Electrified railway lines,LRG,Large gauge,LT,Lithuania,2017,152.4,
RL_ELC,Electrified railway lines,LRG,Large gauge,LT,Lithuania,2018,152.4,
RL_ELC,Electrified railway lines,LRG,Large gauge,LT,Lithuania,2019,152.4,
RL_ELC,Electrified railway lines,LRG,Large gauge,LT,Lithuania,2020,152.4,
RL_ELC,Electrified railway lines,LRG,Large gauge,LT,Lithuania,2021,152.4,
RL_ELC,Electrified railway lines,LRG,Large gauge,LT,Lithuania,2022,152.4,
RL_ELC,Electrified railway lines,LRG,Large gauge,LT,Lithuania,2023,152.4,
RL_ELC,Electrified railway lines,LRG,Large gauge,LT,Lithuania,2024,156,
RL_ELC,Electrified railway lines,LRG,Large gauge,LU,Luxembourg,1962,0,
RL_ELC,Electrified railway lines,LRG,Large gauge,LU,Luxembourg,1990,0,
RL_ELC,Electrified railway lines,LRG,Large gauge,LU,Luxembourg,1991,0,
RL_ELC,Electrified railway lines,LRG,Large gauge,LU,Luxembourg,1992,0,
RL_ELC,Electrified railway lines,LRG,Large gauge,LU,Luxembourg,1993,0,
RL_ELC,Electrified railway lines,LRG,Large gauge,LU,Luxembourg,1994,0,
RL_ELC,Electrified railway lines,LRG,Large gauge,LU,Luxembourg,1995,0,
RL_ELC,Electrified railway lines,LRG,Large gauge,LU,Luxembourg,1996,0,
RL_ELC,Electrified railway lines,LRG,Large gauge,LU,Luxembourg,1997,0,
RL_ELC,Electrified railway lines,LRG,Large gauge,LU,Luxembourg,1998,0,
RL_ELC,Electrified railway lines,LRG,Large gauge,LU,Luxembourg,1999,0,
RL_ELC,Electrified railway lines,LRG,Large gauge,LU,Luxembourg,2000,0,
RL_ELC,Electrified railway lines,LRG,Large gauge,LU,Luxembourg,2001,0,
RL_ELC,Electrified railway lines,LRG,Large gauge,LU,Luxembourg,2002,0,
RL_ELC,Electrified railway lines,LRG,Large gauge,LU,Luxembourg,2003,0,
RL_ELC,Electrified railway lines,LRG,Large gauge,LU,Luxembourg,2004,0,
RL_ELC,Electrified railway lines,LRG,Large gauge,LU,Luxembourg,2005,0,
RL_ELC,Electrified railway lines,LRG,Large gauge,LU,Luxembourg,2006,0,
RL_ELC,Electrified railway lines,LRG,Large gauge,LU,Luxembourg,2007,0,
RL_ELC,Electrified railway lines,LRG,Large gauge,LU,Luxembourg,2008,0,
RL_ELC,Electrified railway lines,LRG,Large gauge,LU,Luxembourg,2009,0,
RL_ELC,Electrified railway lines,LRG,Large gauge,LU,Luxembourg,2010,0,
RL_ELC,Electrified railway lines,LRG,Large gauge,LU,Luxembourg,2011,0,
RL_ELC,Electrified railway lines,LRG,Large gauge,LU,Luxembourg,2012,0,
RL_ELC,Electrified railway lines,LRG,Large gauge,LU,Luxembourg,2013,0,
RL_ELC,Electrified railway lines,LRG,Large gauge,LU,Luxembourg,2014,0,
RL_ELC,Electrified railway lines,LRG,Large gauge,LU,Luxembourg,2015,0,
RL_ELC,Electrified railway lines,LRG,Large gauge,LU,Luxembourg,2016,0,
RL_ELC,Electrified railway lines,LRG,Large gauge,LU,Luxembourg,2017,0,
RL_ELC,Electrified railway lines,LRG,Large gauge,LU,Luxembourg,2018,0,
RL_ELC,Electrified railway lines,LRG,Large gauge,LU,Luxembourg,2019,0,
RL_ELC,Electrified railway lines,LRG,Large gauge,LU,Luxembourg,2020,0,
RL_ELC,Electrified railway lines,LRG,Large gauge,LU,Luxembourg,2021,0,
RL_ELC,Electrified railway lines,LRG,Large gauge,LU,Luxembourg,2022,0,
RL_ELC,Electrified railway lines,LRG,Large gauge,LU,Luxembourg,2023,0,
RL_ELC,Electrified railway lines,LRG,Large gauge,LU,Luxembourg,2024,0,
RL_ELC,Electrified railway lines,LRG,Large gauge,LV,Latvia,1990,271,
RL_ELC,Electrified railway lines,LRG,Large gauge,LV,Latvia,1991,271,
RL_ELC,Electrified railway lines,LRG,Large gauge,LV,Latvia,1992,271,
RL_ELC,Electrified railway lines,LRG,Large gauge,LV,Latvia,1993,271,
RL_ELC,Electrified railway lines,LRG,Large gauge,LV,Latvia,1994,271,
RL_ELC,Electrified railway lines,LRG,Large gauge,LV,Latvia,1995,271,
RL_ELC,Electrified railway lines,LRG,Large gauge,LV,Latvia,1996,271,
RL_ELC,Electrified railway lines,LRG,Large gauge,LV,Latvia,1997,271,
RL_ELC,Electrified railway lines,LRG,Large gauge,LV,Latvia,1998,270,
RL_ELC,Electrified railway lines,LRG,Large gauge,LV,Latvia,1999,258,
RL_ELC,Electrified railway lines,LRG,Large gauge,LV,Latvia,2000,258,
RL_ELC,Electrified railway lines,LRG,Large gauge,LV,Latvia,2001,257,
RL_ELC,Electrified railway lines,LRG,Large gauge,LV,Latvia,2002,257,
RL_ELC,Electrified railway lines,LRG,Large gauge,LV,Latvia,2003,257,
RL_ELC,Electrified railway lines,LRG,Large gauge,LV,Latvia,2004,257,
RL_ELC,Electrified railway lines,LRG,Large gauge,LV,Latvia,2005,257,
RL_ELC,Electrified railway lines,LRG,Large gauge,LV,Latvia,2006,257,
RL_ELC,Electrified railway lines,LRG,Large gauge,LV,Latvia,2007,257,
RL_ELC,Electrified railway lines,LRG,Large gauge,LV,Latvia,2008,257,
RL_ELC,Electrified railway lines,LRG,Large gauge,LV,Latvia,2009,257,
RL_ELC,Electrified railway lines,LRG,Large gauge,LV,Latvia,2010,257,
RL_ELC,Electrified railway lines,LRG,Large gauge,LV,Latvia,2011,257,
RL_ELC,Electrified railway lines,LRG,Large gauge,LV,Latvia,2012,250,
RL_ELC,Electrified railway lines,LRG,Large gauge,LV,Latvia,2013,248,
RL_ELC,Electrified railway lines,LRG,Large gauge,LV,Latvia,2014,251,
RL_ELC,Electrified railway lines,LRG,Large gauge,LV,Latvia,2015,251,
RL_ELC,Electrified railway lines,LRG,Large gauge,LV,Latvia,2016,250.9,
RL_ELC,Electrified railway lines,LRG,Large gauge,LV,Latvia,2017,250.9,
RL_ELC,Electrified railway lines,LRG,Large gauge,LV,Latvia,2018,250.9,
RL_ELC,Electrified railway lines,LRG,Large gauge,LV,Latvia,2019,250.9,
RL_ELC,Electrified railway lines,LRG,Large gauge,LV,Latvia,2020,250.9,
RL_ELC,Electrified railway lines,LRG,Large gauge,LV,Latvia,2021,250.9,
RL_ELC,Electrified railway lines,LRG,Large gauge,LV,Latvia,2022,250.9,
RL_ELC,Electrified railway lines,LRG,Large gauge,LV,Latvia,2023,250.9,
RL_ELC,Electrified railway lines,LRG,Large gauge,LV,Latvia,2024,250.9,
RL_ELC,Electrified railway lines,LRG,Large gauge,MD,Moldova,1990,0,
RL_ELC,Electrified railway lines,LRG,Large gauge,MD,Moldova,1991,0,
RL_ELC,Electrified railway lines,LRG,Large gauge,MD,Moldova,1992,0,
RL_ELC,Electrified railway lines,LRG,Large gauge,MD,Moldova,1993,0,
RL_ELC,Electrified railway lines,LRG,Large gauge,MD,Moldova,1994,0,
RL_ELC,Electrified railway lines,LRG,Large gauge,MD,Moldova,1995,0,
RL_ELC,Electrified railway lines,LRG,Large gauge,MD,Moldova,1996,0,
RL_ELC,Electrified railway lines,LRG,Large gauge,MD,Moldova,1997,0,
RL_ELC,Electrified railway lines,LRG,Large gauge,MD,Moldova,1998,0,
RL_ELC,Electrified railway lines,LRG,Large gauge,MD,Moldova,1999,0,
RL_ELC,Electrified railway lines,LRG,Large gauge,MD,Moldova,2000,0,
RL_ELC,Electrified railway lines,LRG,Large gauge,MD,Moldova,2001,0,
RL_ELC,Electrified railway lines,LRG,Large gauge,MD,Moldova,2002,0,
RL_ELC,Electrified railway lines,LRG,Large gauge,MD,Moldova,2004,0,
RL_ELC,Electrified railway lines,LRG,Large gauge,MD,Moldova,2009,0,
RL_ELC,Electrified railway lines,LRG,Large gauge,MD,Moldova,2010,0,
RL_ELC,Electrified railway lines,LRG,Large gauge,MD,Moldova,2011,0,
RL_ELC,Electrified railway lines,LRG,Large gauge,MD,Moldova,2012,0,
RL_ELC,Electrified railway lines,LRG,Large gauge,MD,Moldova,2013,0,
RL_ELC,Electrified railway lines,LRG,Large gauge,MD,Moldova,2014,0,
RL_ELC,Electrified railway lines,LRG,Large gauge,MD,Moldova,2015,0,
RL_ELC,Electrified railway lines,LRG,Large gauge,MD,Moldova,2016,0,
RL_ELC,Electrified railway lines,LRG,Large gauge,MD,Moldova,2017,0,
RL_ELC,Electrified railway lines,LRG,Large gauge,MD,Moldova,2018,0,
RL_ELC,Electrified railway lines,LRG,Large gauge,MD,Moldova,2019,0,
RL_ELC,Electrified railway lines,LRG,Large gauge,MD,Moldova,2020,0,
RL_ELC,Electrified railway lines,LRG,Large gauge,MD,Moldova,2021,0,
RL_ELC,Electrified railway lines,LRG,Large gauge,MD,Moldova,2022,0,
RL_ELC,Electrified railway lines,LRG,Large gauge,MD,Moldova,2023,0,
RL_ELC,Electrified railway lines,LRG,Large gauge,MD,Moldova,2024,0,
RL_ELC,Electrified railway lines,LRG,Large gauge,ME,Montenegro,2011,0,
RL_ELC,Electrified railway lines,LRG,Large gauge,ME,Montenegro,2012,0,
RL_ELC,Electrified railway lines,LRG,Large gauge,ME,Montenegro,2013,0,
RL_ELC,Electrified railway lines,LRG,Large gauge,ME,Montenegro,2014,0,
RL_ELC,Electrified railway lines,LRG,Large gauge,ME,Montenegro,2015,0,
RL_ELC,Electrified railway lines,LRG,Large gauge,ME,Montenegro,2016,0,
RL_ELC,Electrified railway lines,LRG,Large gauge,ME,Montenegro,2017,0,
RL_ELC,Electrified railway lines,LRG,Large gauge,ME,Montenegro,2018,0,
RL_ELC,Electrified railway lines,LRG,Large gauge,ME,Montenegro,2020,0,
RL_ELC,Electrified railway lines,LRG,Large gauge,ME,Montenegro,2021,0,
RL_ELC,Electrified railway lines,LRG,Large gauge,ME,Montenegro,2022,0,
RL_ELC,Electrified railway lines,LRG,Large gauge,ME,Montenegro,2023,0,
RL_ELC,Electrified railway lines,LRG,Large gauge,ME,Montenegro,2024,0,
RL_ELC,Electrified railway lines,LRG,Large gauge,MK,North Macedonia,1990,0,
RL_ELC,Electrified railway lines,LRG,Large gauge,MK,North Macedonia,1992,0,
RL_ELC,Electrified railway lines,LRG,Large gauge,MK,North Macedonia,1993,0,
RL_ELC,Electrified railway lines,LRG,Large gauge,MK,North Macedonia,1994,0,
RL_ELC,Electrified railway lines,LRG,Large gauge,MK,North Macedonia,1995,0,
RL_ELC,Electrified railway lines,LRG,Large gauge,MK,North Macedonia,1996,0,
RL_ELC,Electrified railway lines,LRG,Large gauge,MK,North Macedonia,1997,0,
RL_ELC,Electrified railway lines,LRG,Large gauge,MK,North Macedonia,1998,0,
RL_ELC,Electrified railway lines,LRG,Large gauge,MK,North Macedonia,1999,0,
RL_ELC,Electrified railway lines,LRG,Large gauge,MK,North Macedonia,2000,0,
RL_ELC,Electrified railway lines,LRG,Large gauge,MK,North Macedonia,2001,0,
RL_ELC,Electrified railway lines,LRG,Large gauge,MK,North Macedonia,2002,0,
RL_ELC,Electrified railway lines,LRG,Large gauge,MK,North Macedonia,2004,0,
RL_ELC,Electrified railway lines,LRG,Large gauge,MK,North Macedonia,2008,0,
RL_ELC,Electrified railway lines,LRG,Large gauge,MK,North Macedonia,2009,0,
RL_ELC,Electrified railway lines,LRG,Large gauge,MK,North Macedonia,2010,0,
RL_ELC,Electrified railway lines,LRG,Large gauge,MK,North Macedonia,2011,0,
RL_ELC,Electrified railway lines,LRG,Large gauge,MK,North Macedonia,2012,0,
RL_ELC,Electrified railway lines,LRG,Large gauge,MK,North Macedonia,2013,0,
RL_ELC,Electrified railway lines,LRG,Large gauge,MK,North Macedonia,2014,0,
RL_ELC,Electrified railway lines,LRG,Large gauge,MK,North Macedonia,2015,0,
RL_ELC,Electrified railway lines,LRG,Large gauge,MK,North Macedonia,2016,0,
RL_ELC,Electrified railway lines,LRG,Large gauge,MK,North Macedonia,2017,0,
RL_ELC,Electrified railway lines,LRG,Large gauge,MK,North Macedonia,2018,0,
RL_ELC,Electrified railway lines,LRG,Large gauge,MK,North Macedonia,2019,0,
RL_ELC,Electrified railway lines,LRG,Large gauge,MK,North Macedonia,2020,0,
RL_ELC,Electrified railway lines,LRG,Large gauge,MK,North Macedonia,2021,0,
RL_ELC,Electrified railway lines,LRG,Large gauge,MK,North Macedonia,2022,0,
RL_ELC,Electrified railway lines,LRG,Large gauge,MK,North Macedonia,2023,0,
RL_ELC,Electrified railway lines,LRG,Large gauge,MK,North Macedonia,2024,0,
RL_ELC,Electrified railway lines,LRG,Large gauge,NL,Netherlands,1962,0,
RL_ELC,Electrified railway lines,LRG,Large gauge,NL,Netherlands,1990,0,i
RL_ELC,Electrified railway lines,LRG,Large gauge,NL,Netherlands,1991,0,i
RL_ELC,Electrified railway lines,LRG,Large gauge,NL,Netherlands,1992,0,i
RL_ELC,Electrified railway lines,LRG,Large gauge,NL,Netherlands,1993,0,i
RL_ELC,Electrified railway lines,LRG,Large gauge,NL,Netherlands,1994,0,i
RL_ELC,Electrified railway lines,LRG,Large gauge,NL,Netherlands,1995,0,i
RL_ELC,Electrified railway lines,LRG,Large gauge,NL,Netherlands,1996,0,i
RL_ELC,Electrified railway lines,LRG,Large gauge,NL,Netherlands,1997,0,i
RL_ELC,Electrified railway lines,LRG,Large gauge,NL,Netherlands,1998,0,i
RL_ELC,Electrified railway lines,LRG,Large gauge,NL,Netherlands,1999,0,i
RL_ELC,Electrified railway lines,LRG,Large gauge,NL,Netherlands,2000,0,i
RL_ELC,Electrified railway lines,LRG,Large gauge,NL,Netherlands,2001,0,i
RL_ELC,Electrified railway lines,LRG,Large gauge,NL,Netherlands,2002,0,i
RL_ELC,Electrified railway lines,LRG,Large gauge,NL,Netherlands,2003,0,i
RL_ELC,Electrified railway lines,LRG,Large gauge,NL,Netherlands,2004,0,i
RL_ELC,Electrified railway lines,LRG,Large gauge,NL,Netherlands,2005,0,i
RL_ELC,Electrified railway lines,LRG,Large gauge,NL,Netherlands,2006,0,i
RL_ELC,Electrified railway lines,LRG,Large gauge,NL,Netherlands,2007,0,i
RL_ELC,Electrified railway lines,LRG,Large gauge,NL,Netherlands,2008,0,
RL_ELC,Electrified railway lines,LRG,Large gauge,NL,Netherlands,2009,0,
RL_ELC,Electrified railway lines,LRG,Large gauge,NL,Netherlands,2010,0,
RL_ELC,Electrified railway lines,LRG,Large gauge,NL,Netherlands,2011,0,
RL_ELC,Electrified railway lines,LRG,Large gauge,NL,Netherlands,2012,0,
RL_ELC,Electrified railway lines,LRG,Large gauge,NL,Netherlands,2013,0,
RL_ELC,Electrified railway lines,LRG,Large gauge,NL,Netherlands,2014,0,
RL_ELC,Electrified railway lines,LRG,Large gauge,NL,Netherlands,2015,0,
RL_ELC,Electrified railway lines,LRG,Large gauge,NL,Netherlands,2016,0,
RL_ELC,Electrified railway lines,LRG,Large gauge,NL,Netherlands,2017,0,
RL_ELC,Electrified railway lines,LRG,Large gauge,NL,Netherlands,2018,0,
RL_ELC,Electrified railway lines,LRG,Large gauge,NL,Netherlands,2019,0,
RL_ELC,Electrified railway lines,LRG,Large gauge,NL,Netherlands,2020,0,i
RL_ELC,Electrified railway lines,LRG,Large gauge,NL,Netherlands,2021,0,
RL_ELC,Electrified railway lines,LRG,Large gauge,NL,Netherlands,2022,0,
RL_ELC,Electrified railway lines,LRG,Large gauge,NL,Netherlands,2023,0,
RL_ELC,Electrified railway lines,LRG,Large gauge,NL,Netherlands,2024,0,
RL_ELC,Electrified railway lines,LRG,Large gauge,NO,Norway,2004,0,
RL_ELC,Electrified railway lines,LRG,Large gauge,NO,Norway,2005,0,
RL_ELC,Electrified railway lines,LRG,Large gauge,NO,Norway,2006,0,n
RL_ELC,Electrified railway lines,LRG,Large gauge,NO,Norway,2007,0,n
RL_ELC,Electrified railway lines,LRG,Large gauge,NO,Norway,2008,0,
RL_ELC,Electrified railway lines,LRG,Large gauge,NO,Norway,2009,0,
RL_ELC,Electrified railway lines,LRG,Large gauge,NO,Norway,2010,0,
RL_ELC,Electrified railway lines,LRG,Large gauge,NO,Norway,2011,0,
RL_ELC,Electrified railway lines,LRG,Large gauge,NO,Norway,2012,0,
RL_ELC,Electrified railway lines,LRG,Large gauge,NO,Norway,2013,0,
RL_ELC,Electrified railway lines,LRG,Large gauge,NO,Norway,2014,0,
RL_ELC,Electrified railway lines,LRG,Large gauge,NO,Norway,2015,0,
RL_ELC,Electrified railway lines,LRG,Large gauge,NO,Norway,2016,0,
RL_ELC,Electrified railway lines,LRG,Large gauge,NO,Norway,2017,0,
RL_ELC,Electrified railway lines,LRG,Large gauge,NO,Norway,2018,0,
RL_ELC,Electrified railway lines,LRG,Large gauge,NO,Norway,2019,0,
RL_ELC,Electrified railway lines,LRG,Large gauge,NO,Norway,2020,0,
RL_ELC,Electrified railway lines,LRG,Large gauge,NO,Norway,2021,0,
RL_ELC,Electrified railway lines,LRG,Large gauge,NO,Norway,2022,0,
RL_ELC,Electrified railway lines,LRG,Large gauge,NO,Norway,2023,0,
RL_ELC,Electrified railway lines,LRG,Large gauge,NO,Norway,2024,0,
RL_ELC,Electrified railway lines,LRG,Large gauge,PL,Poland,1990,659,
RL_ELC,Electrified railway lines,LRG,Large gauge,PL,Poland,1991,659,
RL_ELC,Electrified railway lines,LRG,Large gauge,PL,Poland,1992,659,
RL_ELC,Electrified railway lines,LRG,Large gauge,PL,Poland,1993,656,
RL_ELC,Electrified railway lines,LRG,Large gauge,PL,Poland,1994,656,
RL_ELC,Electrified railway lines,LRG,Large gauge,PL,Poland,1995,16,
RL_ELC,Electrified railway lines,LRG,Large gauge,PL,Poland,1996,16,
RL_ELC,Electrified railway lines,LRG,Large gauge,PL,Poland,1997,16,
RL_ELC,Electrified railway lines,LRG,Large gauge,PL,Poland,1998,16,
RL_ELC,Electrified railway lines,LRG,Large gauge,PL,Poland,1999,15,
RL_ELC,Electrified railway lines,LRG,Large gauge,PL,Poland,2000,14,
RL_ELC,Electrified railway lines,LRG,Large gauge,PL,Poland,2001,15,
RL_ELC,Electrified railway lines,LRG,Large gauge,PL,Poland,2002,15,
RL_ELC,Electrified railway lines,LRG,Large gauge,PL,Poland,2003,15,i
RL_ELC,Electrified railway lines,LRG,Large gauge,PL,Poland,2004,15,
RL_ELC,Electrified railway lines,LRG,Large gauge,PL,Poland,2005,15,
RL_ELC,Electrified railway lines,LRG,Large gauge,PL,Poland,2006,15,
RL_ELC,Electrified railway lines,LRG,Large gauge,PL,Poland,2007,15,
RL_ELC,Electrified railway lines,LRG,Large gauge,PL,Poland,2008,15,
RL_ELC,Electrified railway lines,LRG,Large gauge,PL,Poland,2009,15,
RL_ELC,Electrified railway lines,LRG,Large gauge,PL,Poland,2010,15,
RL_ELC,Electrified railway lines,LRG,Large gauge,PL,Poland,2011,15,
RL_ELC,Electrified railway lines,LRG,Large gauge,PL,Poland,2012,15,
RL_ELC,Electrified railway lines,LRG,Large gauge,PL,Poland,2013,15,
RL_ELC,Electrified railway lines,LRG,Large gauge,PL,Poland,2014,14,
RL_ELC,Electrified railway lines,LRG,Large gauge,PL,Poland,2015,14,
RL_ELC,Electrified railway lines,LRG,Large gauge,PL,Poland,2016,14,
RL_ELC,Electrified railway lines,LRG,Large gauge,PL,Poland,2017,14,
RL_ELC,Electrified railway lines,LRG,Large gauge,PL,Poland,2018,14,
RL_ELC,Electrified railway lines,LRG,Large gauge,PL,Poland,2019,14,
RL_ELC,Electrified railway lines,LRG,Large gauge,PL,Poland,2020,0,
RL_ELC,Electrified railway lines,LRG,Large gauge,PL,Poland,2021,14,
RL_ELC,Electrified railway lines,LRG,Large gauge,PL,Poland,2022,14,
RL_ELC,Electrified railway lines,LRG,Large gauge,PL,Poland,2023,14,
RL_ELC,Electrified railway lines,LRG,Large gauge,PL,Poland,2024,14,
RL_ELC,Electrified railway lines,LRG,Large gauge,PT,Portugal,1990,458,
RL_ELC,Electrified railway lines,LRG,Large gauge,PT,Portugal,1991,462,
RL_ELC,Electrified railway lines,LRG,Large gauge,PT,Portugal,1992,462,
RL_ELC,Electrified railway lines,LRG,Large gauge,PT,Portugal,1993,462,
RL_ELC,Electrified railway lines,LRG,Large gauge,PT,Portugal,1994,462,
RL_ELC,Electrified railway lines,LRG,Large gauge,PT,Portugal,1995,522,
RL_ELC,Electrified railway lines,LRG,Large gauge,PT,Portugal,1996,614,
RL_ELC,Electrified railway lines,LRG,Large gauge,PT,Portugal,1997,731,
RL_ELC,Electrified railway lines,LRG,Large gauge,PT,Portugal,1998,873,
RL_ELC,Electrified railway lines,LRG,Large gauge,PT,Portugal,1999,901,
RL_ELC,Electrified railway lines,LRG,Large gauge,PT,Portugal,2000,904,
RL_ELC,Electrified railway lines,LRG,Large gauge,PT,Portugal,2001,905.3,
RL_ELC,Electrified railway lines,LRG,Large gauge,PT,Portugal,2002,1047,
RL_ELC,Electrified railway lines,LRG,Large gauge,PT,Portugal,2003,1076,i
RL_ELC,Electrified railway lines,LRG,Large gauge,PT,Portugal,2004,1372,i
RL_ELC,Electrified railway lines,LRG,Large gauge,PT,Portugal,2005,1436,i
RL_ELC,Electrified railway lines,LRG,Large gauge,PT,Portugal,2006,1436,i
RL_ELC,Electrified railway lines,LRG,Large gauge,PT,Portugal,2007,1435.6,i
RL_ELC,Electrified railway lines,LRG,Large gauge,PT,Portugal,2008,1460.2,
RL_ELC,Electrified railway lines,LRG,Large gauge,PT,Portugal,2009,1460.1,
RL_ELC,Electrified railway lines,LRG,Large gauge,PT,Portugal,2010,1488.1,
RL_ELC,Electrified railway lines,LRG,Large gauge,PT,Portugal,2011,1629.7,
RL_ELC,Electrified railway lines,LRG,Large gauge,PT,Portugal,2012,1630.1,
RL_ELC,Electrified railway lines,LRG,Large gauge,PT,Portugal,2013,1629.1,
RL_ELC,Electrified railway lines,LRG,Large gauge,PT,Portugal,2014,1630.3,
RL_ELC,Electrified railway lines,LRG,Large gauge,PT,Portugal,2015,1639.1,
RL_ELC,Electrified railway lines,LRG,Large gauge,PT,Portugal,2016,1639.1,
RL_ELC,Electrified railway lines,LRG,Large gauge,PT,Portugal,2017,1639.07,
RL_ELC,Electrified railway lines,LRG,Large gauge,PT,Portugal,2018,1639.07,
RL_ELC,Electrified railway lines,LRG,Large gauge,PT,Portugal,2019,1695.65,
RL_ELC,Electrified railway lines,LRG,Large gauge,PT,Portugal,2020,1695.65,
RL_ELC,Electrified railway lines,LRG,Large gauge,PT,Portugal,2021,1791.174,
RL_ELC,Electrified railway lines,LRG,Large gauge,PT,Portugal,2022,1791.174,
RL_ELC,Electrified railway lines,LRG,Large gauge,PT,Portugal,2023,1791.174,
RL_ELC,Electrified railway lines,LRG,Large gauge,PT,Portugal,2024,1790,
RL_ELC,Electrified railway lines,LRG,Large gauge,RO,Romania,1990,0,
RL_ELC,Electrified railway lines,LRG,Large gauge,RO,Romania,1991,0,
RL_ELC,Electrified railway lines,LRG,Large gauge,RO,Romania,1992,0,
RL_ELC,Electrified railway lines,LRG,Large gauge,RO,Romania,1993,0,
RL_ELC,Electrified railway lines,LRG,Large gauge,RO,Romania,1994,0,
RL_ELC,Electrified railway lines,LRG,Large gauge,RO,Romania,1995,0,
RL_ELC,Electrified railway lines,LRG,Large gauge,RO,Romania,1996,0,
RL_ELC,Electrified railway lines,LRG,Large gauge,RO,Romania,1997,0,
RL_ELC,Electrified railway lines,LRG,Large gauge,RO,Romania,1998,0,
RL_ELC,Electrified railway lines,LRG,Large gauge,RO,Romania,1999,0,
RL_ELC,Electrified railway lines,LRG,Large gauge,RO,Romania,2000,0,
RL_ELC,Electrified railway lines,LRG,Large gauge,RO,Romania,2001,0,
RL_ELC,Electrified railway lines,LRG,Large gauge,RO,Romania,2002,0,
RL_ELC,Electrified railway lines,LRG,Large gauge,RO,Romania,2004,0,
RL_ELC,Electrified railway lines,LRG,Large gauge,RO,Romania,2006,1,
RL_ELC,Electrified railway lines,LRG,Large gauge,RO,Romania,2007,1,
RL_ELC,Electrified railway lines,LRG,Large gauge,RO,Romania,2008,1,
RL_ELC,Electrified railway lines,LRG,Large gauge,RO,Romania,2009,1,
RL_ELC,Electrified railway lines,LRG,Large gauge,RO,Romania,2010,1,
RL_ELC,Electrified railway lines,LRG,Large gauge,RO,Romania,2011,1,
RL_ELC,Electrified railway lines,LRG,Large gauge,RO,Romania,2012,1,
RL_ELC,Electrified railway lines,LRG,Large gauge,RO,Romania,2013,1,
RL_ELC,Electrified railway lines,LRG,Large gauge,RO,Romania,2014,1,
RL_ELC,Electrified railway lines,LRG,Large gauge,RO,Romania,2015,1,
RL_ELC,Electrified railway lines,LRG,Large gauge,RO,Romania,2016,1,
RL_ELC,Electrified railway lines,LRG,Large gauge,RO,Romania,2017,1,
RL_ELC,Electrified railway lines,LRG,Large gauge,RO,Romania,2018,1,
RL_ELC,Electrified railway lines,LRG,Large gauge,RO,Romania,2019,1,
RL_ELC,Electrified railway lines,LRG,Large gauge,RO,Romania,2020,1,
RL_ELC,Electrified railway lines,LRG,Large gauge,RO,Romania,2021,1,
RL_ELC,Electrified railway lines,LRG,Large gauge,RO,Romania,2022,0,
RL_ELC,Electrified railway lines,LRG,Large gauge,RO,Romania,2023,0,
RL_ELC,Electrified railway lines,LRG,Large gauge,RO,Romania,2024,0,
RL_ELC,Electrified railway lines,LRG,Large gauge,RS,Serbia,2006,0,
RL_ELC,Electrified railway lines,LRG,Large gauge,RS,Serbia,2007,0,
RL_ELC,Electrified railway lines,LRG,Large gauge,RS,Serbia,2008,0,
RL_ELC,Electrified railway lines,LRG,Large gauge,RS,Serbia,2009,0,
RL_ELC,Electrified railway lines,LRG,Large gauge,RS,Serbia,2010,0,
RL_ELC,Electrified railway lines,LRG,Large gauge,RS,Serbia,2011,0,
RL_ELC,Electrified railway lines,LRG,Large gauge,RS,Serbia,2012,0,
RL_ELC,Electrified railway lines,LRG,Large gauge,RS,Serbia,2013,0,
RL_ELC,Electrified railway lines,LRG,Large gauge,RS,Serbia,2014,0,
RL_ELC,Electrified railway lines,LRG,Large gauge,RS,Serbia,2015,0,
RL_ELC,Electrified railway lines,LRG,Large gauge,RS,Serbia,2016,0,
RL_ELC,Electrified railway lines,LRG,Large gauge,RS,Serbia,2017,0,
RL_ELC,Electrified railway lines,LRG,Large gauge,RS,Serbia,2018,0,
RL_ELC,Electrified railway lines,LRG,Large gauge,RS,Serbia,2019,0,
RL_ELC,Electrified railway lines,LRG,Large gauge,RS,Serbia,2020,0,
RL_ELC,Electrified railway lines,LRG,Large gauge,RS,Serbia,2021,0,
RL_ELC,Electrified railway lines,LRG,Large gauge,RS,Serbia,2022,0,
RL_ELC,Electrified railway lines,LRG,Large gauge,RS,Serbia,2023,0,
RL_ELC,Electrified railway lines,LRG,Large gauge,RS,Serbia,2024,0,
RL_ELC,Electrified railway lines,LRG,Large gauge,SE,Sweden,1990,0,
RL_ELC,Electrified railway lines,LRG,Large gauge,SE,Sweden,1991,0,
RL_ELC,Electrified railway lines,LRG,Large gauge,SE,Sweden,1992,0,
RL_ELC,Electrified railway lines,LRG,Large gauge,SE,Sweden,1993,0,
RL_ELC,Electrified railway lines,LRG,Large gauge,SE,Sweden,1994,0,
RL_ELC,Electrified railway lines,LRG,Large gauge,SE,Sweden,1995,0,
RL_ELC,Electrified railway lines,LRG,Large gauge,SE,Sweden,1996,0,
RL_ELC,Electrified railway lines,LRG,Large gauge,SE,Sweden,1997,0,
RL_ELC,Electrified railway lines,LRG,Large gauge,SE,Sweden,1998,0,
RL_ELC,Electrified railway lines,LRG,Large gauge,SE,Sweden,1999,0,
RL_ELC,Electrified railway lines,LRG,Large gauge,SE,Sweden,2000,0,
RL_ELC,Electrified railway lines,LRG,Large gauge,SE,Sweden,2001,0,
RL_ELC,Electrified railway lines,LRG,Large gauge,SE,Sweden,2002,0,
RL_ELC,Electrified railway lines,LRG,Large gauge,SE,Sweden,2003,0,
RL_ELC,Electrified railway lines,LRG,Large gauge,SE,Sweden,2004,0,
RL_ELC,Electrified railway lines,LRG,Large gauge,SE,Sweden,2005,0,
RL_ELC,Electrified railway lines,LRG,Large gauge,SE,Sweden,2006,0,
RL_ELC,Electrified railway lines,LRG,Large gauge,SE,Sweden,2007,0,
RL_ELC,Electrified railway lines,LRG,Large gauge,SE,Sweden,2008,0,
RL_ELC,Electrified railway lines,LRG,Large gauge,SE,Sweden,2009,0,
RL_ELC,Electrified railway lines,LRG,Large gauge,SE,Sweden,2010,0,
RL_ELC,Electrified railway lines,LRG,Large gauge,SE,Sweden,2011,0,
RL_ELC,Electrified railway lines,LRG,Large gauge,SE,Sweden,2012,0,
RL_ELC,Electrified railway lines,LRG,Large gauge,SE,Sweden,2013,0,
RL_ELC,Electrified railway lines,LRG,Large gauge,SE,Sweden,2014,0,
RL_ELC,Electrified railway lines,LRG,Large gauge,SE,Sweden,2015,0,
RL_ELC,Electrified railway lines,LRG,Large gauge,SE,Sweden,2016,0,
RL_ELC,Electrified railway lines,LRG,Large gauge,SE,Sweden,2017,0,
RL_ELC,Electrified railway lines,LRG,Large gauge,SE,Sweden,2018,0,
RL_ELC,Electrified railway lines,LRG,Large gauge,SE,Sweden,2019,0,
RL_ELC,Electrified railway lines,LRG,Large gauge,SE,Sweden,2020,0,
RL_ELC,Electrified railway lines,LRG,Large gauge,SE,Sweden,2021,0,
RL_ELC,Electrified railway lines,LRG,Large gauge,SE,Sweden,2022,0,
RL_ELC,Electrified railway lines,LRG,Large gauge,SE,Sweden,2023,0,
RL_ELC,Electrified railway lines,LRG,Large gauge,SE,Sweden,2024,0,
RL_ELC,Electrified railway lines,LRG,Large gauge,SI,Slovenia,1990,0,
RL_ELC,Electrified railway lines,LRG,Large gauge,SI,Slovenia,1991,0,
RL_ELC,Electrified railway lines,LRG,Large gauge,SI,Slovenia,1992,0,
RL_ELC,Electrified railway lines,LRG,Large gauge,SI,Slovenia,1993,0,
RL_ELC,Electrified railway lines,LRG,Large gauge,SI,Slovenia,1994,0,
RL_ELC,Electrified railway lines,LRG,Large gauge,SI,Slovenia,1995,0,
RL_ELC,Electrified railway lines,LRG,Large gauge,SI,Slovenia,1996,0,
RL_ELC,Electrified railway lines,LRG,Large gauge,SI,Slovenia,1997,0,
RL_ELC,Electrified railway lines,LRG,Large gauge,SI,Slovenia,1998,0,
RL_ELC,Electrified railway lines,LRG,Large gauge,SI,Slovenia,1999,0,
RL_ELC,Electrified railway lines,LRG,Large gauge,SI,Slovenia,2000,0,
RL_ELC,Electrified railway lines,LRG,Large gauge,SI,Slovenia,2001,0,
RL_ELC,Electrified railway lines,LRG,Large gauge,SI,Slovenia,2002,0,
RL_ELC,Electrified railway lines,LRG,Large gauge,SI,Slovenia,2003,0,
RL_ELC,Electrified railway lines,LRG,Large gauge,SI,Slovenia,2008,0,
RL_ELC,Electrified railway lines,LRG,Large gauge,SI,Slovenia,2009,0,
RL_ELC,Electrified railway lines,LRG,Large gauge,SI,Slovenia,2010,0,
RL_ELC,Electrified railway lines,LRG,Large gauge,SI,Slovenia,2011,0,
RL_ELC,Electrified railway lines,LRG,Large gauge,SI,Slovenia,2012,0,
RL_ELC,Electrified railway lines,LRG,Large gauge,SI,Slovenia,2013,0,
RL_ELC,Electrified railway lines,LRG,Large gauge,SI,Slovenia,2014,0,
RL_ELC,Electrified railway lines,LRG,Large gauge,SI,Slovenia,2015,0,
RL_ELC,Electrified railway lines,LRG,Large gauge,SI,Slovenia,2016,0,
RL_ELC,Electrified railway lines,LRG,Large gauge,SI,Slovenia,2017,0,
RL_ELC,Electrified railway lines,LRG,Large gauge,SI,Slovenia,2018,0,
RL_ELC,Electrified railway lines,LRG,Large gauge,SI,Slovenia,2019,0,
RL_ELC,Electrified railway lines,LRG,Large gauge,SI,Slovenia,2020,0,
RL_ELC,Electrified railway lines,LRG,Large gauge,SI,Slovenia,2021,0,
RL_ELC,Electrified railway lines,LRG,Large gauge,SI,Slovenia,2022,0,
RL_ELC,Electrified railway lines,LRG,Large gauge,SI,Slovenia,2023,0,
RL_ELC,Electrified railway lines,LRG,Large gauge,SI,Slovenia,2024,0,
RL_ELC,Electrified railway lines,LRG,Large gauge,SK,Slovakia,1992,92,
RL_ELC,Electrified railway lines,LRG,Large gauge,SK,Slovakia,1993,92,
RL_ELC,Electrified railway lines,LRG,Large gauge,SK,Slovakia,1994,92,
RL_ELC,Electrified railway lines,LRG,Large gauge,SK,Slovakia,1995,96,
RL_ELC,Electrified railway lines,LRG,Large gauge,SK,Slovakia,1996,95,
RL_ELC,Electrified railway lines,LRG,Large gauge,SK,Slovakia,1997,95,
RL_ELC,Electrified railway lines,LRG,Large gauge,SK,Slovakia,1998,95,
RL_ELC,Electrified railway lines,LRG,Large gauge,SK,Slovakia,1999,95,
RL_ELC,Electrified railway lines,LRG,Large gauge,SK,Slovakia,2000,95,
RL_ELC,Electrified railway lines,LRG,Large gauge,SK,Slovakia,2001,95,
RL_ELC,Electrified railway lines,LRG,Large gauge,SK,Slovakia,2002,95,
RL_ELC,Electrified railway lines,LRG,Large gauge,SK,Slovakia,2003,95,
RL_ELC,Electrified railway lines,LRG,Large gauge,SK,Slovakia,2004,95,
RL_ELC,Electrified railway lines,LRG,Large gauge,SK,Slovakia,2005,95,
RL_ELC,Electrified railway lines,LRG,Large gauge,SK,Slovakia,2006,95,
RL_ELC,Electrified railway lines,LRG,Large gauge,SK,Slovakia,2007,95,
RL_ELC,Electrified railway lines,LRG,Large gauge,SK,Slovakia,2008,94,
RL_ELC,Electrified railway lines,LRG,Large gauge,SK,Slovakia,2009,94,
RL_ELC,Electrified railway lines,LRG,Large gauge,SK,Slovakia,2010,94,
RL_ELC,Electrified railway lines,LRG,Large gauge,SK,Slovakia,2011,94,
RL_ELC,Electrified railway lines,LRG,Large gauge,SK,Slovakia,2012,94,
RL_ELC,Electrified railway lines,LRG,Large gauge,SK,Slovakia,2013,94,
RL_ELC,Electrified railway lines,LRG,Large gauge,SK,Slovakia,2014,94,
RL_ELC,Electrified railway lines,LRG,Large gauge,SK,Slovakia,2015,94,
RL_ELC,Electrified railway lines,LRG,Large gauge,SK,Slovakia,2016,93,
RL_ELC,Electrified railway lines,LRG,Large gauge,SK,Slovakia,2017,93,
RL_ELC,Electrified railway lines,LRG,Large gauge,SK,Slovakia,2018,93,
RL_ELC,Electrified railway lines,LRG,Large gauge,SK,Slovakia,2019,93,
RL_ELC,Electrified railway lines,LRG,Large gauge,SK,Slovakia,2020,93,
RL_ELC,Electrified railway lines,LRG,Large gauge,SK,Slovakia,2021,93,
RL_ELC,Electrified railway lines,LRG,Large gauge,SK,Slovakia,2022,93,
RL_ELC,Electrified railway lines,LRG,Large gauge,SK,Slovakia,2023,93,
RL_ELC,Electrified railway lines,LRG,Large gauge,SK,Slovakia,2024,93,
RL_ELC,Electrified railway lines,LRG,Large gauge,TR,Türkiye,1990,0,
RL_ELC,Electrified railway lines,LRG,Large gauge,TR,Türkiye,1991,0,
RL_ELC,Electrified railway lines,LRG,Large gauge,TR,Türkiye,1992,0,
RL_ELC,Electrified railway lines,LRG,Large gauge,TR,Türkiye,1993,0,
RL_ELC,Electrified railway lines,LRG,Large gauge,TR,Türkiye,1994,0,
RL_ELC,Electrified railway lines,LRG,Large gauge,TR,Türkiye,1995,0,
RL_ELC,Electrified railway lines,LRG,Large gauge,TR,Türkiye,1996,0,
RL_ELC,Electrified railway lines,LRG,Large gauge,TR,Türkiye,1997,0,
RL_ELC,Electrified railway lines,LRG,Large gauge,TR,Türkiye,1998,0,
RL_ELC,Electrified railway lines,LRG,Large gauge,TR,Türkiye,1999,0,
RL_ELC,Electrified railway lines,LRG,Large gauge,TR,Türkiye,2005,0,
RL_ELC,Electrified railway lines,LRG,Large gauge,TR,Türkiye,2006,0,
RL_ELC,Electrified railway lines,LRG,Large gauge,TR,Türkiye,2007,0,
RL_ELC,Electrified railway lines,LRG,Large gauge,TR,Türkiye,2008,0,
RL_ELC,Electrified railway lines,LRG,Large gauge,TR,Türkiye,2009,0,
RL_ELC,Electrified railway lines,LRG,Large gauge,TR,Türkiye,2010,0,
RL_ELC,Electrified railway lines,LRG,Large gauge,TR,Türkiye,2011,0,
RL_ELC,Electrified railway lines,LRG,Large gauge,TR,Türkiye,2012,0,
RL_ELC,Electrified railway lines,LRG,Large gauge,TR,Türkiye,2013,0,
RL_ELC,Electrified railway lines,LRG,Large gauge,TR,Türkiye,2014,0,
RL_ELC,Electrified railway lines,LRG,Large gauge,TR,Türkiye,2015,0,
RL_ELC,Electrified railway lines,LRG,Large gauge,TR,Türkiye,2016,0,
RL_ELC,Electrified railway lines,LRG,Large gauge,TR,Türkiye,2017,0,
RL_ELC,Electrified railway lines,LRG,Large gauge,TR,Türkiye,2018,0,
RL_ELC,Electrified railway lines,LRG,Large gauge,TR,Türkiye,2019,0,
RL_ELC,Electrified railway lines,LRG,Large gauge,TR,Türkiye,2020,0,
RL_ELC,Electrified railway lines,LRG,Large gauge,TR,Türkiye,2021,0,
RL_ELC,Electrified railway lines,LRG,Large gauge,TR,Türkiye,2022,0,
RL_ELC,Electrified railway lines,LRG,Large gauge,TR,Türkiye,2023,0,
RL_ELC,Electrified railway lines,LRG,Large gauge,TR,Türkiye,2024,0,
RL_ELC,Electrified railway lines,LRG,Large gauge,UA,Ukraine,1990,8113,
RL_ELC,Electrified railway lines,LRG,Large gauge,UA,Ukraine,1991,8331,
RL_ELC,Electrified railway lines,LRG,Large gauge,UA,Ukraine,1992,8348,
RL_ELC,Electrified railway lines,LRG,Large gauge,UA,Ukraine,1993,8348,
RL_ELC,Electrified railway lines,LRG,Large gauge,UA,Ukraine,1994,8512,
RL_ELC,Electrified railway lines,LRG,Large gauge,UA,Ukraine,1995,8550,
RL_ELC,Electrified railway lines,LRG,Large gauge,UA,Ukraine,1996,8616,
RL_ELC,Electrified railway lines,LRG,Large gauge,UA,Ukraine,1997,8774,
RL_ELC,Electrified railway lines,LRG,Large gauge,UA,Ukraine,1998,8927,
RL_ELC,Electrified railway lines,LRG,Large gauge,UA,Ukraine,1999,9104,
RL_ELC,Electrified railway lines,LRG,Large gauge,UA,Ukraine,2012,10242,
RL_ELC,Electrified railway lines,LRG,Large gauge,UA,Ukraine,2013,10238,
RL_ELC,Electrified railway lines,LRG,Large gauge,UA,Ukraine,2014,9975,
RL_ELC,Electrified railway lines,LRG,Large gauge,UA,Ukraine,2015,9974,
RL_ELC,Electrified railway lines,LRG,Large gauge,UA,Ukraine,2016,9926,
RL_ELC,Electrified railway lines,LRG,Large gauge,UA,Ukraine,2017,9335,
RL_ELC,Electrified railway lines,LRG,Large gauge,UA,Ukraine,2018,9346,
RL_ELC,Electrified railway lines,LRG,Large gauge,UA,Ukraine,2019,9333,
RL_ELC,Electrified railway lines,LRG,Large gauge,UA,Ukraine,2020,9332,
RL_ELC,Electrified railway lines,LRG,Large gauge,UA,Ukraine,2021,9331,
RL_ELC,Electrified railway lines,LRG,Large gauge,UA,Ukraine,2022,9356,
RL_ELC,Electrified railway lines,LRG,Large gauge,UA,Ukraine,2023,9392,
RL_ELC,Electrified railway lines,LRG,Large gauge,UK,United Kingdom,2005,0,
RL_ELC,Electrified railway lines,LRG,Large gauge,UK,United Kingdom,2006,0,
RL_ELC,Electrified railway lines,LRG,Large gauge,UK,United Kingdom,2007,0,
RL_ELC,Electrified railway lines,LRG,Large gauge,UK,United Kingdom,2008,0,
RL_ELC,Electrified railway lines,LRG,Large gauge,UK,United Kingdom,2009,0,
RL_ELC,Electrified railway lines,LRG,Large gauge,UK,United Kingdom,2010,0,
RL_ELC,Electrified railway lines,LRG,Large gauge,UK,United Kingdom,2011,0,
RL_ELC,Electrified railway lines,LRG,Large gauge,UK,United Kingdom,2012,0,
RL_ELC,Electrified railway lines,LRG,Large gauge,UK,United Kingdom,2013,0,
RL_ELC,Electrified railway lines,LRG,Large gauge,UK,United Kingdom,2014,0,
RL_ELC,Electrified railway lines,LRG,Large gauge,UK,United Kingdom,2015,0,
RL_ELC,Electrified railway lines,LRG,Large gauge,UK,United Kingdom,2016,0,
RL_ELC,Electrified railway lines,LRG,Large gauge,UK,United Kingdom,2017,0,
RL_ELC,Electrified railway lines,LRG,Large gauge,UK,United Kingdom,2018,0,
RL_ELC,Electrified railway lines,LRG,Large gauge,UK,United Kingdom,2019,0,
RL_ELC,Electrified railway lines,LRG,Large gauge,UK,United Kingdom,2020,0,
RL_ELC,Electrified railway lines,LRG,Large gauge,UK,United Kingdom,2021,0,
RL_ELC,Electrified railway lines,LRG,Large gauge,UK,United Kingdom,2022,0,
RL_ELC,Electrified railway lines,LRG,Large gauge,UK,United Kingdom,2023,0,
RL_ELC,Electrified railway lines,LRG,Large gauge,UK,United Kingdom,2024,0,
RL_ELC,Electrified railway lines,LRG,Large gauge,XK,Kosovo*,2017,0,
RL_ELC,Electrified railway lines,LRG,Large gauge,XK,Kosovo*,2018,0,
RL_ELC,Electrified railway lines,LRG,Large gauge,XK,Kosovo*,2019,0,
RL_ELC,Electrified railway lines,LRG,Large gauge,XK,Kosovo*,2020,0,
RL_ELC,Electrified railway lines,LRG,Large gauge,XK,Kosovo*,2021,0,
RL_ELC,Electrified railway lines,LRG,Large gauge,XK,Kosovo*,2022,0,
RL_ELC,Electrified railway lines,LRG,Large gauge,XK,Kosovo*,2023,0,i
RL_ELC,Electrified railway lines,LRG,Large gauge,XK,Kosovo*,2024,0,i
RL_ELC,Electrified railway lines,NAR,Narrow gauge,AL,Albania,1990,0,
RL_ELC,Electrified railway lines,NAR,Narrow gauge,AL,Albania,1991,0,
RL_ELC,Electrified railway lines,NAR,Narrow gauge,AL,Albania,1992,0,
RL_ELC,Electrified railway lines,NAR,Narrow gauge,AL,Albania,1993,0,
RL_ELC,Electrified railway lines,NAR,Narrow gauge,AL,Albania,1994,0,
RL_ELC,Electrified railway lines,NAR,Narrow gauge,AL,Albania,1995,0,
RL_ELC,Electrified railway lines,NAR,Narrow gauge,AL,Albania,1996,0,
RL_ELC,Electrified railway lines,NAR,Narrow gauge,AL,Albania,1997,0,
RL_ELC,Electrified railway lines,NAR,Narrow gauge,AL,Albania,1998,0,
RL_ELC,Electrified railway lines,NAR,Narrow gauge,AL,Albania,1999,0,
RL_ELC,Electrified railway lines,NAR,Narrow gauge,AL,Albania,2000,0,
RL_ELC,Electrified railway lines,NAR,Narrow gauge,AL,Albania,2003,0,
RL_ELC,Electrified railway lines,NAR,Narrow gauge,AL,Albania,2004,0,
RL_ELC,Electrified railway lines,NAR,Narrow gauge,AL,Albania,2005,0,
RL_ELC,Electrified railway lines,NAR,Narrow gauge,AL,Albania,2006,0,
RL_ELC,Electrified railway lines,NAR,Narrow gauge,AL,Albania,2007,0,
RL_ELC,Electrified railway lines,NAR,Narrow gauge,AL,Albania,2008,0,
RL_ELC,Electrified railway lines,NAR,Narrow gauge,AL,Albania,2009,0,
RL_ELC,Electrified railway lines,NAR,Narrow gauge,AL,Albania,2010,0,
RL_ELC,Electrified railway lines,NAR,Narrow gauge,AL,Albania,2011,0,
RL_ELC,Electrified railway lines,NAR,Narrow gauge,AL,Albania,2012,0,
RL_ELC,Electrified railway lines,NAR,Narrow gauge,AL,Albania,2013,0,
RL_ELC,Electrified railway lines,NAR,Narrow gauge,AL,Albania,2014,0,
RL_ELC,Electrified railway lines,NAR,Narrow gauge,AL,Albania,2015,0,
RL_ELC,Electrified railway lines,NAR,Narrow gauge,AL,Albania,2016,0,
RL_ELC,Electrified railway lines,NAR,Narrow gauge,AL,Albania,2017,0,
RL_ELC,Electrified railway lines,NAR,Narrow gauge,AL,Albania,2018,0,
RL_ELC,Electrified railway lines,NAR,Narrow gauge,AL,Albania,2019,0,
RL_ELC,Electrified railway lines,NAR,Narrow gauge,AL,Albania,2020,0,
RL_ELC,Electrified railway lines,NAR,Narrow gauge,AL,Albania,2021,0,
RL_ELC,Electrified railway lines,NAR,Narrow gauge,AL,Albania,2022,0,
RL_ELC,Electrified railway lines,NAR,Narrow gauge,AL,Albania,2023,0,
RL_ELC,Electrified railway lines,NAR,Narrow gauge,AL,Albania,2024,0,
RL_ELC,Electrified railway lines,NAR,Narrow gauge,AT,Austria,1990,84,i
RL_ELC,Electrified railway lines,NAR,Narrow gauge,AT,Austria,1991,84,i
RL_ELC,Electrified railway lines,NAR,Narrow gauge,AT,Austria,1992,84,i
RL_ELC,Electrified railway lines,NAR,Narrow gauge,AT,Austria,1993,84,i
RL_ELC,Electrified railway lines,NAR,Narrow gauge,AT,Austria,1994,84,i
RL_ELC,Electrified railway lines,NAR,Narrow gauge,AT,Austria,1995,84,i
RL_ELC,Electrified railway lines,NAR,Narrow gauge,AT,Austria,1996,84,i
RL_ELC,Electrified railway lines,NAR,Narrow gauge,AT,Austria,1997,92,i
RL_ELC,Electrified railway lines,NAR,Narrow gauge,AT,Austria,1998,102,i
RL_ELC,Electrified railway lines,NAR,Narrow gauge,AT,Austria,1999,112,i
RL_ELC,Electrified railway lines,NAR,Narrow gauge,AT,Austria,2000,122,i
RL_ELC,Electrified railway lines,NAR,Narrow gauge,AT,Austria,2001,132,i
RL_ELC,Electrified railway lines,NAR,Narrow gauge,AT,Austria,2002,142,i
RL_ELC,Electrified railway lines,NAR,Narrow gauge,AT,Austria,2003,142,i
RL_ELC,Electrified railway lines,NAR,Narrow gauge,AT,Austria,2004,142,i
RL_ELC,Electrified railway lines,NAR,Narrow gauge,AT,Austria,2005,142,i
RL_ELC,Electrified railway lines,NAR,Narrow gauge,AT,Austria,2006,142,i
RL_ELC,Electrified railway lines,NAR,Narrow gauge,AT,Austria,2007,142,
RL_ELC,Electrified railway lines,NAR,Narrow gauge,AT,Austria,2008,142,i
RL_ELC,Electrified railway lines,NAR,Narrow gauge,AT,Austria,2009,142,i
RL_ELC,Electrified railway lines,NAR,Narrow gauge,AT,Austria,2010,151,
RL_ELC,Electrified railway lines,NAR,Narrow gauge,AT,Austria,2011,142,
RL_ELC,Electrified railway lines,NAR,Narrow gauge,AT,Austria,2012,141,
RL_ELC,Electrified railway lines,NAR,Narrow gauge,AT,Austria,2013,141,
RL_ELC,Electrified railway lines,NAR,Narrow gauge,AT,Austria,2014,141,
RL_ELC,Electrified railway lines,NAR,Narrow gauge,AT,Austria,2015,142,
RL_ELC,Electrified railway lines,NAR,Narrow gauge,AT,Austria,2016,141,
RL_ELC,Electrified railway lines,NAR,Narrow gauge,AT,Austria,2017,141,
RL_ELC,Electrified railway lines,NAR,Narrow gauge,AT,Austria,2018,144,
RL_ELC,Electrified railway lines,NAR,Narrow gauge,AT,Austria,2019,146,
RL_ELC,Electrified railway lines,NAR,Narrow gauge,AT,Austria,2020,146,
RL_ELC,Electrified railway lines,NAR,Narrow gauge,AT,Austria,2021,147,
RL_ELC,Electrified railway lines,NAR,Narrow gauge,AT,Austria,2022,147,
RL_ELC,Electrified railway lines,NAR,Narrow gauge,AT,Austria,2023,147,
RL_ELC,Electrified railway lines,NAR,Narrow gauge,AT,Austria,2024,147,
RL_ELC,Electrified railway lines,NAR,Narrow gauge,BA,Bosnia and Herzegovina,1990,0,
RL_ELC,Electrified railway lines,NAR,Narrow gauge,BA,Bosnia and Herzegovina,1991,0,
RL_ELC,Electrified railway lines,NAR,Narrow gauge,BA,Bosnia and Herzegovina,1992,0,
RL_ELC,Electrified railway lines,NAR,Narrow gauge,BA,Bosnia and Herzegovina,1993,0,
RL_ELC,Electrified railway lines,NAR,Narrow gauge,BA,Bosnia and Herzegovina,1994,0,
RL_ELC,Electrified railway lines,NAR,Narrow gauge,BA,Bosnia and Herzegovina,1995,0,
RL_ELC,Electrified railway lines,NAR,Narrow gauge,BA,Bosnia and Herzegovina,1996,0,
RL_ELC,Electrified railway lines,NAR,Narrow gauge,BA,Bosnia and Herzegovina,1997,0,
RL_ELC,Electrified railway lines,NAR,Narrow gauge,BA,Bosnia and Herzegovina,1998,0,
RL_ELC,Electrified railway lines,NAR,Narrow gauge,BA,Bosnia and Herzegovina,1999,0,
RL_ELC,Electrified railway lines,NAR,Narrow gauge,BA,Bosnia and Herzegovina,2000,0,
RL_ELC,Electrified railway lines,NAR,Narrow gauge,BA,Bosnia and Herzegovina,2001,0,
RL_ELC,Electrified railway lines,NAR,Narrow gauge,BA,Bosnia and Herzegovina,2002,0,
RL_ELC,Electrified railway lines,NAR,Narrow gauge,BA,Bosnia and Herzegovina,2003,0,
RL_ELC,Electrified railway lines,NAR,Narrow gauge,BA,Bosnia and Herzegovina,2004,0,
RL_ELC,Electrified railway lines,NAR,Narrow gauge,BA,Bosnia and Herzegovina,2005,0,
RL_ELC,Electrified railway lines,NAR,Narrow gauge,BA,Bosnia and Herzegovina,2006,0,
RL_ELC,Electrified railway lines,NAR,Narrow gauge,BA,Bosnia and Herzegovina,2007,0,
RL_ELC,Electrified railway lines,NAR,Narrow gauge,BA,Bosnia and Herzegovina,2008,0,
RL_ELC,Electrified railway lines,NAR,Narrow gauge,BA,Bosnia and Herzegovina,2009,0,
RL_ELC,Electrified railway lines,NAR,Narrow gauge,BA,Bosnia and Herzegovina,2010,0,
RL_ELC,Electrified railway lines,NAR,Narrow gauge,BA,Bosnia and Herzegovina,2011,0,
RL_ELC,Electrified railway lines,NAR,Narrow gauge,BA,Bosnia and Herzegovina,2012,0,
RL_ELC,Electrified railway lines,NAR,Narrow gauge,BA,Bosnia and Herzegovina,2013,0,
RL_ELC,Electrified railway lines,NAR,Narrow gauge,BA,Bosnia and Herzegovina,2014,0,
RL_ELC,Electrified railway lines,NAR,Narrow gauge,BA,Bosnia and Herzegovina,2015,0,
RL_ELC,Electrified railway lines,NAR,Narrow gauge,BA,Bosnia and Herzegovina,2016,0,
RL_ELC,Electrified railway lines,NAR,Narrow gauge,BA,Bosnia and Herzegovina,2017,0,
RL_ELC,Electrified railway lines,NAR,Narrow gauge,BA,Bosnia and Herzegovina,2018,0,
RL_ELC,Electrified railway lines,NAR,Narrow gauge,BA,Bosnia and Herzegovina,2019,0,
RL_ELC,Electrified railway lines,NAR,Narrow gauge,BA,Bosnia and Herzegovina,2020,0,
RL_ELC,Electrified railway lines,NAR,Narrow gauge,BA,Bosnia and Herzegovina,2021,0,
RL_ELC,Electrified railway lines,NAR,Narrow gauge,BA,Bosnia and Herzegovina,2022,0,
RL_ELC,Electrified railway lines,NAR,Narrow gauge,BA,Bosnia and Herzegovina,2023,0,
RL_ELC,Electrified railway lines,NAR,Narrow gauge,BA,Bosnia and Herzegovina,2024,0,
RL_ELC,Electrified railway lines,NAR,Narrow gauge,BE,Belgium,1962,0,
RL_ELC,Electrified railway lines,NAR,Narrow gauge,BE,Belgium,2003,0,
RL_ELC,Electrified railway lines,NAR,Narrow gauge,BE,Belgium,2004,0,
RL_ELC,Electrified railway lines,NAR,Narrow gauge,BE,Belgium,2005,0,
RL_ELC,Electrified railway lines,NAR,Narrow gauge,BE,Belgium,2006,0,
RL_ELC,Electrified railway lines,NAR,Narrow gauge,BE,Belgium,2007,0,
RL_ELC,Electrified railway lines,NAR,Narrow gauge,BE,Belgium,2008,0,
RL_ELC,Electrified railway lines,NAR,Narrow gauge,BE,Belgium,2009,0,
RL_ELC,Electrified railway lines,NAR,Narrow gauge,BE,Belgium,2010,0,
RL_ELC,Electrified railway lines,NAR,Narrow gauge,BE,Belgium,2011,0,
RL_ELC,Electrified railway lines,NAR,Narrow gauge,BE,Belgium,2012,0,
RL_ELC,Electrified railway lines,NAR,Narrow gauge,BE,Belgium,2013,0,
RL_ELC,Electrified railway lines,NAR,Narrow gauge,BE,Belgium,2014,0,
RL_ELC,Electrified railway lines,NAR,Narrow gauge,BE,Belgium,2015,0,
RL_ELC,Electrified railway lines,NAR,Narrow gauge,BE,Belgium,2016,0,
RL_ELC,Electrified railway lines,NAR,Narrow gauge,BE,Belgium,2017,0,
RL_ELC,Electrified railway lines,NAR,Narrow gauge,BE,Belgium,2018,0,
RL_ELC,Electrified railway lines,NAR,Narrow gauge,BE,Belgium,2019,0,
RL_ELC,Electrified railway lines,NAR,Narrow gauge,BE,Belgium,2020,0,
RL_ELC,Electrified railway lines,NAR,Narrow gauge,BE,Belgium,2021,0,
RL_ELC,Electrified railway lines,NAR,Narrow gauge,BE,Belgium,2022,0,
RL_ELC,Electrified railway lines,NAR,Narrow gauge,BE,Belgium,2023,0,
RL_ELC,Electrified railway lines,NAR,Narrow gauge,BE,Belgium,2024,0,
RL_ELC,Electrified railway lines,NAR,Narrow gauge,BG,Bulgaria,1990,0,
RL_ELC,Electrified railway lines,NAR,Narrow gauge,BG,Bulgaria,1991,0,
RL_ELC,Electrified railway lines,NAR,Narrow gauge,BG,Bulgaria,2008,0,
RL_ELC,Electrified railway lines,NAR,Narrow gauge,BG,Bulgaria,2009,0,
RL_ELC,Electrified railway lines,NAR,Narrow gauge,BG,Bulgaria,2010,0,
RL_ELC,Electrified railway lines,NAR,Narrow gauge,BG,Bulgaria,2011,0,
RL_ELC,Electrified railway lines,NAR,Narrow gauge,BG,Bulgaria,2012,0,
RL_ELC,Electrified railway lines,NAR,Narrow gauge,BG,Bulgaria,2013,0,
RL_ELC,Electrified railway lines,NAR,Narrow gauge,BG,Bulgaria,2014,0,
RL_ELC,Electrified railway lines,NAR,Narrow gauge,BG,Bulgaria,2015,0,
RL_ELC,Electrified railway lines,NAR,Narrow gauge,BG,Bulgaria,2016,0,
RL_ELC,Electrified railway lines,NAR,Narrow gauge,BG,Bulgaria,2017,0,
RL_ELC,Electrified railway lines,NAR,Narrow gauge,BG,Bulgaria,2018,0,
RL_ELC,Electrified railway lines,NAR,Narrow gauge,BG,Bulgaria,2019,0,
RL_ELC,Electrified railway lines,NAR,Narrow gauge,BG,Bulgaria,2020,0,
RL_ELC,Electrified railway lines,NAR,Narrow gauge,BG,Bulgaria,2021,0,
RL_ELC,Electrified railway lines,NAR,Narrow gauge,BG,Bulgaria,2022,0,
RL_ELC,Electrified railway lines,NAR,Narrow gauge,BG,Bulgaria,2023,0,
RL_ELC,Electrified railway lines,NAR,Narrow gauge,BG,Bulgaria,2024,0,
RL_ELC,Electrified railway lines,NAR,Narrow gauge,CH,Switzerland,1990,1321,i
RL_ELC,Electrified railway lines,NAR,Narrow gauge,CH,Switzerland,1991,1321,i
RL_ELC,Electrified railway lines,NAR,Narrow gauge,CH,Switzerland,1992,1321,i
RL_ELC,Electrified railway lines,NAR,Narrow gauge,CH,Switzerland,1993,1321,i
RL_ELC,Electrified railway lines,NAR,Narrow gauge,CH,Switzerland,1994,1321,i
RL_ELC,Electrified railway lines,NAR,Narrow gauge,CH,Switzerland,1995,1321,i
RL_ELC,Electrified railway lines,NAR,Narrow gauge,CH,Switzerland,1996,1321,i
RL_ELC,Electrified railway lines,NAR,Narrow gauge,CH,Switzerland,1997,1321,i
RL_ELC,Electrified railway lines,NAR,Narrow gauge,CH,Switzerland,1998,1321,i
RL_ELC,Electrified railway lines,NAR,Narrow gauge,CH,Switzerland,1999,1399,i
RL_ELC,Electrified railway lines,NAR,Narrow gauge,CH,Switzerland,2000,1404,i
RL_ELC,Electrified railway lines,NAR,Narrow gauge,CH,Switzerland,2001,1389,i
RL_ELC,Electrified railway lines,NAR,Narrow gauge,CH,Switzerland,2002,1390,i
RL_ELC,Electrified railway lines,NAR,Narrow gauge,CH,Switzerland,2003,1390,i
RL_ELC,Electrified railway lines,NAR,Narrow gauge,CH,Switzerland,2004,1379,i
RL_ELC,Electrified railway lines,NAR,Narrow gauge,CH,Switzerland,2005,1379,i
RL_ELC,Electrified railway lines,NAR,Narrow gauge,CH,Switzerland,2006,1382,i
RL_ELC,Electrified railway lines,NAR,Narrow gauge,CH,Switzerland,2007,1384,i
RL_ELC,Electrified railway lines,NAR,Narrow gauge,CH,Switzerland,2008,1358,i
RL_ELC,Electrified railway lines,NAR,Narrow gauge,CH,Switzerland,2009,1358,i
RL_ELC,Electrified railway lines,NAR,Narrow gauge,CH,Switzerland,2010,1370,i
RL_ELC,Electrified railway lines,NAR,Narrow gauge,CH,Switzerland,2011,1358,i
RL_ELC,Electrified railway lines,NAR,Narrow gauge,CH,Switzerland,2012,1357,i
RL_ELC,Electrified railway lines,NAR,Narrow gauge,CH,Switzerland,2013,1357,i
RL_ELC,Electrified railway lines,NAR,Narrow gauge,CH,Switzerland,2014,1357,i
RL_ELC,Electrified railway lines,NAR,Narrow gauge,CH,Switzerland,2015,1369,i
RL_ELC,Electrified railway lines,NAR,Narrow gauge,CH,Switzerland,2016,1367,i
RL_ELC,Electrified railway lines,NAR,Narrow gauge,CH,Switzerland,2017,1353,i
RL_ELC,Electrified railway lines,NAR,Narrow gauge,CH,Switzerland,2018,1353,i
RL_ELC,Electrified railway lines,NAR,Narrow gauge,CH,Switzerland,2019,1380,i
RL_ELC,Electrified railway lines,NAR,Narrow gauge,CH,Switzerland,2020,1372.3,
RL_ELC,Electrified railway lines,NAR,Narrow gauge,CH,Switzerland,2021,1368,i
RL_ELC,Electrified railway lines,NAR,Narrow gauge,CH,Switzerland,2022,1363,i
RL_ELC,Electrified railway lines,NAR,Narrow gauge,CH,Switzerland,2023,1376,i
RL_ELC,Electrified railway lines,NAR,Narrow gauge,CH,Switzerland,2024,1376,i
RL_ELC,Electrified railway lines,NAR,Narrow gauge,CZ,Czechia,1990,0,
RL_ELC,Electrified railway lines,NAR,Narrow gauge,CZ,Czechia,1991,0,
RL_ELC,Electrified railway lines,NAR,Narrow gauge,CZ,Czechia,1992,0,
RL_ELC,Electrified railway lines,NAR,Narrow gauge,CZ,Czechia,1993,0,
RL_ELC,Electrified railway lines,NAR,Narrow gauge,CZ,Czechia,1994,0,
RL_ELC,Electrified railway lines,NAR,Narrow gauge,CZ,Czechia,1995,0,
RL_ELC,Electrified railway lines,NAR,Narrow gauge,CZ,Czechia,1996,0,
RL_ELC,Electrified railway lines,NAR,Narrow gauge,CZ,Czechia,1997,0,
RL_ELC,Electrified railway lines,NAR,Narrow gauge,CZ,Czechia,1998,0,
RL_ELC,Electrified railway lines,NAR,Narrow gauge,CZ,Czechia,1999,0,
RL_ELC,Electrified railway lines,NAR,Narrow gauge,CZ,Czechia,2000,0,
RL_ELC,Electrified railway lines,NAR,Narrow gauge,CZ,Czechia,2001,2,
RL_ELC,Electrified railway lines,NAR,Narrow gauge,CZ,Czechia,2002,2,
RL_ELC,Electrified railway lines,NAR,Narrow gauge,CZ,Czechia,2003,2,
RL_ELC,Electrified railway lines,NAR,Narrow gauge,CZ,Czechia,2004,2,
RL_ELC,Electrified railway lines,NAR,Narrow gauge,CZ,Czechia,2005,2,
RL_ELC,Electrified railway lines,NAR,Narrow gauge,CZ,Czechia,2006,2,
RL_ELC,Electrified railway lines,NAR,Narrow gauge,CZ,Czechia,2007,2,
RL_ELC,Electrified railway lines,NAR,Narrow gauge,CZ,Czechia,2008,2,
RL_ELC,Electrified railway lines,NAR,Narrow gauge,CZ,Czechia,2009,2,
RL_ELC,Electrified railway lines,NAR,Narrow gauge,CZ,Czechia,2010,0,
RL_ELC,Electrified railway lines,NAR,Narrow gauge,CZ,Czechia,2011,0,
RL_ELC,Electrified railway lines,NAR,Narrow gauge,CZ,Czechia,2012,0,
RL_ELC,Electrified railway lines,NAR,Narrow gauge,CZ,Czechia,2013,0,
RL_ELC,Electrified railway lines,NAR,Narrow gauge,CZ,Czechia,2014,0,
RL_ELC,Electrified railway lines,NAR,Narrow gauge,CZ,Czechia,2015,0,
RL_ELC,Electrified railway lines,NAR,Narrow gauge,CZ,Czechia,2016,0,
RL_ELC,Electrified railway lines,NAR,Narrow gauge,CZ,Czechia,2017,0,
RL_ELC,Electrified railway lines,NAR,Narrow gauge,CZ,Czechia,2018,0,
RL_ELC,Electrified railway lines,NAR,Narrow gauge,CZ,Czechia,2019,0,
RL_ELC,Electrified railway lines,NAR,Narrow gauge,CZ,Czechia,2020,0,
RL_ELC,Electrified railway lines,NAR,Narrow gauge,CZ,Czechia,2021,0,
RL_ELC,Electrified railway lines,NAR,Narrow gauge,CZ,Czechia,2022,0,
RL_ELC,Electrified railway lines,NAR,Narrow gauge,CZ,Czechia,2023,0,
RL_ELC,Electrified railway lines,NAR,Narrow gauge,CZ,Czechia,2024,0,
RL_ELC,Electrified railway lines,NAR,Narrow gauge,DE,Germany,1962,0,
RL_ELC,Electrified railway lines,NAR,Narrow gauge,DE,Germany,1990,0,
RL_ELC,Electrified railway lines,NAR,Narrow gauge,DE,Germany,2001,0,
RL_ELC,Electrified railway lines,NAR,Narrow gauge,DE,Germany,2002,0,
RL_ELC,Electrified railway lines,NAR,Narrow gauge,DE,Germany,2003,0,i
RL_ELC,Electrified railway lines,NAR,Narrow gauge,DE,Germany,2004,0,
RL_ELC,Electrified railway lines,NAR,Narrow gauge,DE,Germany,2006,0,i
RL_ELC,Electrified railway lines,NAR,Narrow gauge,DE,Germany,2007,0,i
RL_ELC,Electrified railway lines,NAR,Narrow gauge,DE,Germany,2008,0,i
RL_ELC,Electrified railway lines,NAR,Narrow gauge,DE,Germany,2009,0,i
RL_ELC,Electrified railway lines,NAR,Narrow gauge,DE,Germany,2010,67,i
RL_ELC,Electrified railway lines,NAR,Narrow gauge,DE,Germany,2011,67,i
RL_ELC,Electrified railway lines,NAR,Narrow gauge,DE,Germany,2012,67,i
RL_ELC,Electrified railway lines,NAR,Narrow gauge,DE,Germany,2013,73.123,i
RL_ELC,Electrified railway lines,NAR,Narrow gauge,DE,Germany,2014,73.123,i
RL_ELC,Electrified railway lines,NAR,Narrow gauge,DE,Germany,2015,74.053,i
RL_ELC,Electrified railway lines,NAR,Narrow gauge,DE,Germany,2016,76.158,i
RL_ELC,Electrified railway lines,NAR,Narrow gauge,DE,Germany,2017,83.193,i
RL_ELC,Electrified railway lines,NAR,Narrow gauge,DE,Germany,2018,82.264,i
RL_ELC,Electrified railway lines,NAR,Narrow gauge,DE,Germany,2019,89.081,i
RL_ELC,Electrified railway lines,NAR,Narrow gauge,DE,Germany,2020,91.869,i
RL_ELC,Electrified railway lines,NAR,Narrow gauge,DE,Germany,2021,97,i
RL_ELC,Electrified railway lines,NAR,Narrow gauge,DK,Denmark,1990,0,i
RL_ELC,Electrified railway lines,NAR,Narrow gauge,DK,Denmark,1991,0,i
RL_ELC,Electrified railway lines,NAR,Narrow gauge,DK,Denmark,1992,0,i
RL_ELC,Electrified railway lines,NAR,Narrow gauge,DK,Denmark,1993,0,i
RL_ELC,Electrified railway lines,NAR,Narrow gauge,DK,Denmark,1994,0,i
RL_ELC,Electrified railway lines,NAR,Narrow gauge,DK,Denmark,1995,0,i
RL_ELC,Electrified railway lines,NAR,Narrow gauge,DK,Denmark,1996,0,i
RL_ELC,Electrified railway lines,NAR,Narrow gauge,DK,Denmark,1997,0,i
RL_ELC,Electrified railway lines,NAR,Narrow gauge,DK,Denmark,1998,0,i
RL_ELC,Electrified railway lines,NAR,Narrow gauge,DK,Denmark,1999,0,i
RL_ELC,Electrified railway lines,NAR,Narrow gauge,DK,Denmark,2000,0,i
RL_ELC,Electrified railway lines,NAR,Narrow gauge,DK,Denmark,2001,0,i
RL_ELC,Electrified railway lines,NAR,Narrow gauge,DK,Denmark,2002,0,i
RL_ELC,Electrified railway lines,NAR,Narrow gauge,DK,Denmark,2003,0,i
RL_ELC,Electrified railway lines,NAR,Narrow gauge,DK,Denmark,2004,0,i
RL_ELC,Electrified railway lines,NAR,Narrow gauge,DK,Denmark,2005,0,i
RL_ELC,Electrified railway lines,NAR,Narrow gauge,DK,Denmark,2006,0,i
RL_ELC,Electrified railway lines,NAR,Narrow gauge,DK,Denmark,2007,0,i
RL_ELC,Electrified railway lines,NAR,Narrow gauge,DK,Denmark,2008,0,i
RL_ELC,Electrified railway lines,NAR,Narrow gauge,DK,Denmark,2009,0,i
RL_ELC,Electrified railway lines,NAR,Narrow gauge,DK,Denmark,2010,0,i
RL_ELC,Electrified railway lines,NAR,Narrow gauge,DK,Denmark,2011,0,i
RL_ELC,Electrified railway lines,NAR,Narrow gauge,DK,Denmark,2012,0,i
RL_ELC,Electrified railway lines,NAR,Narrow gauge,DK,Denmark,2013,0,
RL_ELC,Electrified railway lines,NAR,Narrow gauge,DK,Denmark,2014,0,
RL_ELC,Electrified railway lines,NAR,Narrow gauge,DK,Denmark,2015,0,
RL_ELC,Electrified railway lines,NAR,Narrow gauge,DK,Denmark,2016,0,
RL_ELC,Electrified railway lines,NAR,Narrow gauge,DK,Denmark,2017,0,
RL_ELC,Electrified railway lines,NAR,Narrow gauge,DK,Denmark,2018,0,
RL_ELC,Electrified railway lines,NAR,Narrow gauge,DK,Denmark,2019,0,
RL_ELC,Electrified railway lines,NAR,Narrow gauge,DK,Denmark,2020,0,
RL_ELC,Electrified railway lines,NAR,Narrow gauge,DK,Denmark,2021,0,
RL_ELC,Electrified railway lines,NAR,Narrow gauge,DK,Denmark,2022,0,
RL_ELC,Electrified railway lines,NAR,Narrow gauge,DK,Denmark,2023,0,
RL_ELC,Electrified railway lines,NAR,Narrow gauge,DK,Denmark,2024,0,
RL_ELC,Electrified railway lines,NAR,Narrow gauge,EE,Estonia,1990,0,
RL_ELC,Electrified railway lines,NAR,Narrow gauge,EE,Estonia,1991,0,
RL_ELC,Electrified railway lines,NAR,Narrow gauge,EE,Estonia,1992,0,
RL_ELC,Electrified railway lines,NAR,Narrow gauge,EE,Estonia,1993,0,
RL_ELC,Electrified railway lines,NAR,Narrow gauge,EE,Estonia,1994,0,
RL_ELC,Electrified railway lines,NAR,Narrow gauge,EE,Estonia,1995,0,
RL_ELC,Electrified railway lines,NAR,Narrow gauge,EE,Estonia,1996,0,
RL_ELC,Electrified railway lines,NAR,Narrow gauge,EE,Estonia,1997,0,
RL_ELC,Electrified railway lines,NAR,Narrow gauge,EE,Estonia,1998,0,
RL_ELC,Electrified railway lines,NAR,Narrow gauge,EE,Estonia,1999,0,
RL_ELC,Electrified railway lines,NAR,Narrow gauge,EE,Estonia,2000,0,
RL_ELC,Electrified railway lines,NAR,Narrow gauge,EE,Estonia,2001,0,
RL_ELC,Electrified railway lines,NAR,Narrow gauge,EE,Estonia,2002,0,
RL_ELC,Electrified railway lines,NAR,Narrow gauge,EE,Estonia,2003,0,
RL_ELC,Electrified railway lines,NAR,Narrow gauge,EE,Estonia,2004,0,
RL_ELC,Electrified railway lines,NAR,Narrow gauge,EE,Estonia,2005,0,
RL_ELC,Electrified railway lines,NAR,Narrow gauge,EE,Estonia,2006,0,
RL_ELC,Electrified railway lines,NAR,Narrow gauge,EE,Estonia,2007,0,
RL_ELC,Electrified railway lines,NAR,Narrow gauge,EE,Estonia,2008,0,
RL_ELC,Electrified railway lines,NAR,Narrow gauge,EE,Estonia,2009,0,
RL_ELC,Electrified railway lines,NAR,Narrow gauge,EE,Estonia,2010,0,
RL_ELC,Electrified railway lines,NAR,Narrow gauge,EE,Estonia,2011,0,
RL_ELC,Electrified railway lines,NAR,Narrow gauge,EE,Estonia,2012,0,
RL_ELC,Electrified railway lines,NAR,Narrow gauge,EE,Estonia,2013,0,
RL_ELC,Electrified railway lines,NAR,Narrow gauge,EE,Estonia,2014,0,
RL_ELC,Electrified railway lines,NAR,Narrow gauge,EE,Estonia,2015,0,
RL_ELC,Electrified railway lines,NAR,Narrow gauge,EE,Estonia,2016,0,
RL_ELC,Electrified railway lines,NAR,Narrow gauge,EE,Estonia,2017,0,
RL_ELC,Electrified railway lines,NAR,Narrow gauge,EE,Estonia,2018,0,
RL_ELC,Electrified railway lines,NAR,Narrow gauge,EE,Estonia,2019,0,
RL_ELC,Electrified railway lines,NAR,Narrow gauge,EE,Estonia,2020,0,
RL_ELC,Electrified railway lines,NAR,Narrow gauge,EE,Estonia,2021,0,
RL_ELC,Electrified railway lines,NAR,Narrow gauge,EE,Estonia,2022,0,
RL_ELC,Electrified railway lines,NAR,Narrow gauge,EE,Estonia,2023,0,
RL_ELC,Electrified railway lines,NAR,Narrow gauge,EE,Estonia,2024,0,
RL_ELC,Electrified railway lines,NAR,Narrow gauge,EL,Greece,1990,0,
RL_ELC,Electrified railway lines,NAR,Narrow gauge,EL,Greece,1991,0,
RL_ELC,Electrified railway lines,NAR,Narrow gauge,EL,Greece,1992,0,
RL_ELC,Electrified railway lines,NAR,Narrow gauge,EL,Greece,1993,0,
RL_ELC,Electrified railway lines,NAR,Narrow gauge,EL,Greece,1994,0,
RL_ELC,Electrified railway lines,NAR,Narrow gauge,EL,Greece,1995,0,
RL_ELC,Electrified railway lines,NAR,Narrow gauge,EL,Greece,1996,0,
RL_ELC,Electrified railway lines,NAR,Narrow gauge,EL,Greece,1997,0,
RL_ELC,Electrified railway lines,NAR,Narrow gauge,EL,Greece,1998,0,
RL_ELC,Electrified railway lines,NAR,Narrow gauge,EL,Greece,1999,0,
RL_ELC,Electrified railway lines,NAR,Narrow gauge,EL,Greece,2000,0,
RL_ELC,Electrified railway lines,NAR,Narrow gauge,EL,Greece,2001,0,
RL_ELC,Electrified railway lines,NAR,Narrow gauge,EL,Greece,2002,0,
RL_ELC,Electrified railway lines,NAR,Narrow gauge,EL,Greece,2003,0,
RL_ELC,Electrified railway lines,NAR,Narrow gauge,EL,Greece,2004,0,
RL_ELC,Electrified railway lines,NAR,Narrow gauge,EL,Greece,2005,0,
RL_ELC,Electrified railway lines,NAR,Narrow gauge,EL,Greece,2006,0,
RL_ELC,Electrified railway lines,NAR,Narrow gauge,EL,Greece,2007,0,
RL_ELC,Electrified railway lines,NAR,Narrow gauge,EL,Greece,2008,0,
RL_ELC,Electrified railway lines,NAR,Narrow gauge,EL,Greece,2009,0,
RL_ELC,Electrified railway lines,NAR,Narrow gauge,EL,Greece,2010,0,
RL_ELC,Electrified railway lines,NAR,Narrow gauge,EL,Greece,2011,0,
RL_ELC,Electrified railway lines,NAR,Narrow gauge,EL,Greece,2012,0,
RL_ELC,Electrified railway lines,NAR,Narrow gauge,EL,Greece,2013,0,
RL_ELC,Electrified railway lines,NAR,Narrow gauge,EL,Greece,2014,0,
RL_ELC,Electrified railway lines,NAR,Narrow gauge,EL,Greece,2015,0,
RL_ELC,Electrified railway lines,NAR,Narrow gauge,EL,Greece,2016,0,
RL_ELC,Electrified railway lines,NAR,Narrow gauge,EL,Greece,2017,0,
RL_ELC,Electrified railway lines,NAR,Narrow gauge,EL,Greece,2018,0,
RL_ELC,Electrified railway lines,NAR,Narrow gauge,EL,Greece,2019,0,
RL_ELC,Electrified railway lines,NAR,Narrow gauge,EL,Greece,2020,0,
RL_ELC,Electrified railway lines,NAR,Narrow gauge,EL,Greece,2021,0,
RL_ELC,Electrified railway lines,NAR,Narrow gauge,EL,Greece,2022,0,
RL_ELC,Electrified railway lines,NAR,Narrow gauge,EL,Greece,2023,0,
RL_ELC,Electrified railway lines,NAR,Narrow gauge,EL,Greece,2024,0,
RL_ELC,Electrified railway lines,NAR,Narrow gauge,ES,Spain,1990,169,
RL_ELC,Electrified railway lines,NAR,Narrow gauge,ES,Spain,1991,174,
RL_ELC,Electrified railway lines,NAR,Narrow gauge,ES,Spain,1992,179,
RL_ELC,Electrified railway lines,NAR,Narrow gauge,ES,Spain,1993,184,
RL_ELC,Electrified railway lines,NAR,Narrow gauge,ES,Spain,1994,189,
RL_ELC,Electrified railway lines,NAR,Narrow gauge,ES,Spain,1995,194,
RL_ELC,Electrified railway lines,NAR,Narrow gauge,ES,Spain,1996,199,
RL_ELC,Electrified railway lines,NAR,Narrow gauge,ES,Spain,1997,204,
RL_ELC,Electrified railway lines,NAR,Narrow gauge,ES,Spain,1998,209,
RL_ELC,Electrified railway lines,NAR,Narrow gauge,ES,Spain,1999,214,
RL_ELC,Electrified railway lines,NAR,Narrow gauge,ES,Spain,2000,219,
RL_ELC,Electrified railway lines,NAR,Narrow gauge,ES,Spain,2001,231,
RL_ELC,Electrified railway lines,NAR,Narrow gauge,ES,Spain,2002,239,
RL_ELC,Electrified railway lines,NAR,Narrow gauge,ES,Spain,2003,247,
RL_ELC,Electrified railway lines,NAR,Narrow gauge,ES,Spain,2004,255,
RL_ELC,Electrified railway lines,NAR,Narrow gauge,ES,Spain,2005,263,
RL_ELC,Electrified railway lines,NAR,Narrow gauge,ES,Spain,2006,271,
RL_ELC,Electrified railway lines,NAR,Narrow gauge,ES,Spain,2007,279,
RL_ELC,Electrified railway lines,NAR,Narrow gauge,ES,Spain,2008,287,
RL_ELC,Electrified railway lines,NAR,Narrow gauge,ES,Spain,2009,295,
RL_ELC,Electrified railway lines,NAR,Narrow gauge,ES,Spain,2010,303,
RL_ELC,Electrified railway lines,NAR,Narrow gauge,ES,Spain,2011,311,
RL_ELC,Electrified railway lines,NAR,Narrow gauge,ES,Spain,2012,318,
RL_ELC,Electrified railway lines,NAR,Narrow gauge,ES,Spain,2013,346,
RL_ELC,Electrified railway lines,NAR,Narrow gauge,ES,Spain,2014,346,
RL_ELC,Electrified railway lines,NAR,Narrow gauge,ES,Spain,2015,400,
RL_ELC,Electrified railway lines,NAR,Narrow gauge,ES,Spain,2016,972,
RL_ELC,Electrified railway lines,NAR,Narrow gauge,ES,Spain,2017,772,
RL_ELC,Electrified railway lines,NAR,Narrow gauge,ES,Spain,2018,833,
RL_ELC,Electrified railway lines,NAR,Narrow gauge,ES,Spain,2019,758.577,
RL_ELC,Electrified railway lines,NAR,Narrow gauge,ES,Spain,2020,758.577,
RL_ELC,Electrified railway lines,NAR,Narrow gauge,ES,Spain,2021,607.577,
RL_ELC,Electrified railway lines,NAR,Narrow gauge,ES,Spain,2022,607.577,
RL_ELC,Electrified railway lines,NAR,Narrow gauge,ES,Spain,2023,575.577,
RL_ELC,Electrified railway lines,NAR,Narrow gauge,ES,Spain,2024,490.577,
RL_ELC,Electrified railway lines,NAR,Narrow gauge,EU27_2020,European Union - 27 countries (from 2020),2008,639,
RL_ELC,Electrified railway lines,NAR,Narrow gauge,EU27_2020,European Union - 27 countries (from 2020),2009,647,
RL_ELC,Electrified railway lines,NAR,Narrow gauge,EU27_2020,European Union - 27 countries (from 2020),2010,729,
RL_ELC,Electrified railway lines,NAR,Narrow gauge,EU27_2020,European Union - 27 countries (from 2020),2012,734,
RL_ELC,Electrified railway lines,NAR,Narrow gauge,EU27_2020,European Union - 27 countries (from 2020),2013,768.123,
RL_ELC,Electrified railway lines,NAR,Narrow gauge,EU27_2020,European Union - 27 countries (from 2020),2014,769.123,
RL_ELC,Electrified railway lines,NAR,Narrow gauge,EU27_2020,European Union - 27 countries (from 2020),2015,825.053,
RL_ELC,Electrified railway lines,NAR,Narrow gauge,EU27_2020,European Union - 27 countries (from 2020),2016,1399.158,
RL_ELC,Electrified railway lines,NAR,Narrow gauge,EU27_2020,European Union - 27 countries (from 2020),2017,1206.409,
RL_ELC,Electrified railway lines,NAR,Narrow gauge,EU27_2020,European Union - 27 countries (from 2020),2018,1269.573,
RL_ELC,Electrified railway lines,NAR,Narrow gauge,EU27_2020,European Union - 27 countries (from 2020),2019,1204.335,
RL_ELC,Electrified railway lines,NAR,Narrow gauge,EU27_2020,European Union - 27 countries (from 2020),2020,1206.446,
RL_ELC,Electrified railway lines,NAR,Narrow gauge,EU27_2020,European Union - 27 countries (from 2020),2021,1062.577,
RL_ELC,Electrified railway lines,NAR,Narrow gauge,EU27_2020,European Union - 27 countries (from 2020),2022,1062.577,
RL_ELC,Electrified railway lines,NAR,Narrow gauge,EU27_2020,European Union - 27 countries (from 2020),2023,1030.577,
RL_ELC,Electrified railway lines,NAR,Narrow gauge,EU27_2020,European Union - 27 countries (from 2020),2024,945.577,
RL_ELC,Electrified railway lines,NAR,Narrow gauge,FI,Finland,2008,0,
RL_ELC,Electrified railway lines,NAR,Narrow gauge,FI,Finland,2009,0,
RL_ELC,Electrified railway lines,NAR,Narrow gauge,FI,Finland,2010,0,
RL_ELC,Electrified railway lines,NAR,Narrow gauge,FI,Finland,2012,0,
RL_ELC,Electrified railway lines,NAR,Narrow gauge,FI,Finland,2013,0,
RL_ELC,Electrified railway lines,NAR,Narrow gauge,FI,Finland,2014,0,
RL_ELC,Electrified railway lines,NAR,Narrow gauge,FI,Finland,2015,0,b
RL_ELC,Electrified railway lines,NAR,Narrow gauge,FI,Finland,2016,0,
RL_ELC,Electrified railway lines,NAR,Narrow gauge,FI,Finland,2017,0,
RL_ELC,Electrified railway lines,NAR,Narrow gauge,FI,Finland,2018,0,
RL_ELC,Electrified railway lines,NAR,Narrow gauge,FI,Finland,2019,0,
RL_ELC,Electrified railway lines,NAR,Narrow gauge,FI,Finland,2020,0,
RL_ELC,Electrified railway lines,NAR,Narrow gauge,FI,Finland,2021,0,
RL_ELC,Electrified railway lines,NAR,Narrow gauge,FI,Finland,2022,0,
RL_ELC,Electrified railway lines,NAR,Narrow gauge,FI,Finland,2023,0,
RL_ELC,Electrified railway lines,NAR,Narrow gauge,FI,Finland,2024,0,
RL_ELC,Electrified railway lines,NAR,Narrow gauge,FR,France,1962,100,
RL_ELC,Electrified railway lines,NAR,Narrow gauge,FR,France,1990,97,
RL_ELC,Electrified railway lines,NAR,Narrow gauge,FR,France,1991,97,
RL_ELC,Electrified railway lines,NAR,Narrow gauge,FR,France,1992,97,
RL_ELC,Electrified railway lines,NAR,Narrow gauge,FR,France,1993,97,
RL_ELC,Electrified railway lines,NAR,Narrow gauge,FR,France,1994,97,
RL_ELC,Electrified railway lines,NAR,Narrow gauge,FR,France,1995,97,
RL_ELC,Electrified railway lines,NAR,Narrow gauge,FR,France,1996,97,
RL_ELC,Electrified railway lines,NAR,Narrow gauge,FR,France,1997,99,
RL_ELC,Electrified railway lines,NAR,Narrow gauge,FR,France,1998,99,
RL_ELC,Electrified railway lines,NAR,Narrow gauge,FR,France,1999,101,
RL_ELC,Electrified railway lines,NAR,Narrow gauge,FR,France,2000,99,
RL_ELC,Electrified railway lines,NAR,Narrow gauge,FR,France,2001,99,
RL_ELC,Electrified railway lines,NAR,Narrow gauge,FR,France,2002,99,
RL_ELC,Electrified railway lines,NAR,Narrow gauge,FR,France,2003,99,
RL_ELC,Electrified railway lines,NAR,Narrow gauge,FR,France,2004,97,
RL_ELC,Electrified railway lines,NAR,Narrow gauge,FR,France,2005,97,
RL_ELC,Electrified railway lines,NAR,Narrow gauge,FR,France,2006,97,
RL_ELC,Electrified railway lines,NAR,Narrow gauge,FR,France,2007,97,
RL_ELC,Electrified railway lines,NAR,Narrow gauge,FR,France,2008,97,
RL_ELC,Electrified railway lines,NAR,Narrow gauge,FR,France,2009,97,
RL_ELC,Electrified railway lines,NAR,Narrow gauge,FR,France,2010,97,
RL_ELC,Electrified railway lines,NAR,Narrow gauge,FR,France,2011,97,
RL_ELC,Electrified railway lines,NAR,Narrow gauge,FR,France,2012,97,
RL_ELC,Electrified railway lines,NAR,Narrow gauge,FR,France,2013,97,
RL_ELC,Electrified railway lines,NAR,Narrow gauge,FR,France,2014,98,
RL_ELC,Electrified railway lines,NAR,Narrow gauge,FR,France,2015,98,
RL_ELC,Electrified railway lines,NAR,Narrow gauge,FR,France,2016,99,
RL_ELC,Electrified railway lines,NAR,Narrow gauge,FR,France,2017,99.216,
RL_ELC,Electrified railway lines,NAR,Narrow gauge,FR,France,2018,99.309,
RL_ELC,Electrified railway lines,NAR,Narrow gauge,FR,France,2019,99.677,
RL_ELC,Electrified railway lines,NAR,Narrow gauge,FR,France,2020,99,
RL_ELC,Electrified railway lines,NAR,Narrow gauge,FR,France,2021,99,
RL_ELC,Electrified railway lines,NAR,Narrow gauge,FR,France,2022,99,
RL_ELC,Electrified railway lines,NAR,Narrow gauge,FR,France,2023,99,
RL_ELC,Electrified railway lines,NAR,Narrow gauge,FR,France,2024,99,
RL_ELC,Electrified railway lines,NAR,Narrow gauge,GE,Georgia,1995,37,
RL_ELC,Electrified railway lines,NAR,Narrow gauge,GE,Georgia,1996,37,
RL_ELC,Electrified railway lines,NAR,Narrow gauge,GE,Georgia,1997,37,
RL_ELC,Electrified railway lines,NAR,Narrow gauge,GE,Georgia,1998,37,
RL_ELC,Electrified railway lines,NAR,Narrow gauge,GE,Georgia,1999,37,
RL_ELC,Electrified railway lines,NAR,Narrow gauge,GE,Georgia,2012,37.4,
RL_ELC,Electrified railway lines,NAR,Narrow gauge,GE,Georgia,2013,37.4,
RL_ELC,Electrified railway lines,NAR,Narrow gauge,GE,Georgia,2014,37.4,
RL_ELC,Electrified railway lines,NAR,Narrow gauge,GE,Georgia,2015,37.4,
RL_ELC,Electrified railway lines,NAR,Narrow gauge,GE,Georgia,2016,37.4,
RL_ELC,Electrified railway lines,NAR,Narrow gauge,GE,Georgia,2017,37.4,
RL_ELC,Electrified railway lines,NAR,Narrow gauge,GE,Georgia,2018,37.4,
RL_ELC,Electrified railway lines,NAR,Narrow gauge,GE,Georgia,2019,37.4,
RL_ELC,Electrified railway lines,NAR,Narrow gauge,GE,Georgia,2020,0,
RL_ELC,Electrified railway lines,NAR,Narrow gauge,GE,Georgia,2021,0,
RL_ELC,Electrified railway lines,NAR,Narrow gauge,GE,Georgia,2022,0,
RL_ELC,Electrified railway lines,NAR,Narrow gauge,GE,Georgia,2023,0,
RL_ELC,Electrified railway lines,NAR,Narrow gauge,GE,Georgia,2024,0,
RL_ELC,Electrified railway lines,NAR,Narrow gauge,HR,Croatia,2008,0,
RL_ELC,Electrified railway lines,NAR,Narrow gauge,HR,Croatia,2009,0,
RL_ELC,Electrified railway lines,NAR,Narrow gauge,HR,Croatia,2010,0,
RL_ELC,Electrified railway lines,NAR,Narrow gauge,HR,Croatia,2011,0,
RL_ELC,Electrified railway lines,NAR,Narrow gauge,HR,Croatia,2012,0,
RL_ELC,Electrified railway lines,NAR,Narrow gauge,HR,Croatia,2013,0,
RL_ELC,Electrified railway lines,NAR,Narrow gauge,HR,Croatia,2014,0,
RL_ELC,Electrified railway lines,NAR,Narrow gauge,HR,Croatia,2015,0,
RL_ELC,Electrified railway lines,NAR,Narrow gauge,HR,Croatia,2016,0,
RL_ELC,Electrified railway lines,NAR,Narrow gauge,HR,Croatia,2017,0,
RL_ELC,Electrified railway lines,NAR,Narrow gauge,HR,Croatia,2018,0,
RL_ELC,Electrified railway lines,NAR,Narrow gauge,HR,Croatia,2019,0,
RL_ELC,Electrified railway lines,NAR,Narrow gauge,HR,Croatia,2020,0,
RL_ELC,Electrified railway lines,NAR,Narrow gauge,HR,Croatia,2021,0,
RL_ELC,Electrified railway lines,NAR,Narrow gauge,HR,Croatia,2022,0,
RL_ELC,Electrified railway lines,NAR,Narrow gauge,HR,Croatia,2023,0,
RL_ELC,Electrified railway lines,NAR,Narrow gauge,HR,Croatia,2024,0,
RL_ELC,Electrified railway lines,NAR,Narrow gauge,HU,Hungary,1990,0,
RL_ELC,Electrified railway lines,NAR,Narrow gauge,HU,Hungary,1991,0,
RL_ELC,Electrified railway lines,NAR,Narrow gauge,HU,Hungary,1992,0,
RL_ELC,Electrified railway lines,NAR,Narrow gauge,HU,Hungary,1993,0,
RL_ELC,Electrified railway lines,NAR,Narrow gauge,HU,Hungary,1994,0,
RL_ELC,Electrified railway lines,NAR,Narrow gauge,HU,Hungary,1995,0,
RL_ELC,Electrified railway lines,NAR,Narrow gauge,HU,Hungary,1996,0,
RL_ELC,Electrified railway lines,NAR,Narrow gauge,HU,Hungary,1997,0,
RL_ELC,Electrified railway lines,NAR,Narrow gauge,HU,Hungary,1998,0,
RL_ELC,Electrified railway lines,NAR,Narrow gauge,HU,Hungary,1999,0,
RL_ELC,Electrified railway lines,NAR,Narrow gauge,HU,Hungary,2000,0,
RL_ELC,Electrified railway lines,NAR,Narrow gauge,HU,Hungary,2001,0,
RL_ELC,Electrified railway lines,NAR,Narrow gauge,HU,Hungary,2002,0,
RL_ELC,Electrified railway lines,NAR,Narrow gauge,HU,Hungary,2004,0,
RL_ELC,Electrified railway lines,NAR,Narrow gauge,HU,Hungary,2005,0,
RL_ELC,Electrified railway lines,NAR,Narrow gauge,HU,Hungary,2006,0,
RL_ELC,Electrified railway lines,NAR,Narrow gauge,HU,Hungary,2007,0,
RL_ELC,Electrified railway lines,NAR,Narrow gauge,HU,Hungary,2008,0,
RL_ELC,Electrified railway lines,NAR,Narrow gauge,HU,Hungary,2009,0,
RL_ELC,Electrified railway lines,NAR,Narrow gauge,HU,Hungary,2010,0,
RL_ELC,Electrified railway lines,NAR,Narrow gauge,HU,Hungary,2011,0,
RL_ELC,Electrified railway lines,NAR,Narrow gauge,HU,Hungary,2012,0,
RL_ELC,Electrified railway lines,NAR,Narrow gauge,HU,Hungary,2013,0,
RL_ELC,Electrified railway lines,NAR,Narrow gauge,HU,Hungary,2014,0,
RL_ELC,Electrified railway lines,NAR,Narrow gauge,HU,Hungary,2015,0,
RL_ELC,Electrified railway lines,NAR,Narrow gauge,HU,Hungary,2016,0,
RL_ELC,Electrified railway lines,NAR,Narrow gauge,HU,Hungary,2017,0,
RL_ELC,Electrified railway lines,NAR,Narrow gauge,HU,Hungary,2018,0,
RL_ELC,Electrified railway lines,NAR,Narrow gauge,HU,Hungary,2019,0,
RL_ELC,Electrified railway lines,NAR,Narrow gauge,HU,Hungary,2020,0,
RL_ELC,Electrified railway lines,NAR,Narrow gauge,HU,Hungary,2021,0,
RL_ELC,Electrified railway lines,NAR,Narrow gauge,HU,Hungary,2022,0,
RL_ELC,Electrified railway lines,NAR,Narrow gauge,HU,Hungary,2023,0,
RL_ELC,Electrified railway lines,NAR,Narrow gauge,HU,Hungary,2024,0,
RL_ELC,Electrified railway lines,NAR,Narrow gauge,IE,Ireland,1990,0,
RL_ELC,Electrified railway lines,NAR,Narrow gauge,IE,Ireland,1991,0,
RL_ELC,Electrified railway lines,NAR,Narrow gauge,IE,Ireland,1992,0,
RL_ELC,Electrified railway lines,NAR,Narrow gauge,IE,Ireland,1993,0,
RL_ELC,Electrified railway lines,NAR,Narrow gauge,IE,Ireland,1994,0,
RL_ELC,Electrified railway lines,NAR,Narrow gauge,IE,Ireland,1995,0,
RL_ELC,Electrified railway lines,NAR,Narrow gauge,IE,Ireland,1996,0,
RL_ELC,Electrified railway lines,NAR,Narrow gauge,IE,Ireland,1997,0,
RL_ELC,Electrified railway lines,NAR,Narrow gauge,IE,Ireland,1998,0,
RL_ELC,Electrified railway lines,NAR,Narrow gauge,IE,Ireland,1999,0,
RL_ELC,Electrified railway lines,NAR,Narrow gauge,IE,Ireland,2000,0,
RL_ELC,Electrified railway lines,NAR,Narrow gauge,IE,Ireland,2001,0,
RL_ELC,Electrified railway lines,NAR,Narrow gauge,IE,Ireland,2002,0,
RL_ELC,Electrified railway lines,NAR,Narrow gauge,IE,Ireland,2003,0,
RL_ELC,Electrified railway lines,NAR,Narrow gauge,IE,Ireland,2004,0,
RL_ELC,Electrified railway lines,NAR,Narrow gauge,IE,Ireland,2005,0,
RL_ELC,Electrified railway lines,NAR,Narrow gauge,IE,Ireland,2006,0,
RL_ELC,Electrified railway lines,NAR,Narrow gauge,IE,Ireland,2007,0,
RL_ELC,Electrified railway lines,NAR,Narrow gauge,IE,Ireland,2008,0,
RL_ELC,Electrified railway lines,NAR,Narrow gauge,IE,Ireland,2009,0,
RL_ELC,Electrified railway lines,NAR,Narrow gauge,IE,Ireland,2010,0,
RL_ELC,Electrified railway lines,NAR,Narrow gauge,IE,Ireland,2011,0,
RL_ELC,Electrified railway lines,NAR,Narrow gauge,IE,Ireland,2012,0,
RL_ELC,Electrified railway lines,NAR,Narrow gauge,IE,Ireland,2013,0,
RL_ELC,Electrified railway lines,NAR,Narrow gauge,IE,Ireland,2014,0,
RL_ELC,Electrified railway lines,NAR,Narrow gauge,IE,Ireland,2015,0,
RL_ELC,Electrified railway lines,NAR,Narrow gauge,IE,Ireland,2016,0,
RL_ELC,Electrified railway lines,NAR,Narrow gauge,IE,Ireland,2017,0,
RL_ELC,Electrified railway lines,NAR,Narrow gauge,IE,Ireland,2018,0,
RL_ELC,Electrified railway lines,NAR,Narrow gauge,IE,Ireland,2019,0,
RL_ELC,Electrified railway lines,NAR,Narrow gauge,IE,Ireland,2020,0,
RL_ELC,Electrified railway lines,NAR,Narrow gauge,IE,Ireland,2021,0,
RL_ELC,Electrified railway lines,NAR,Narrow gauge,IE,Ireland,2022,0,
RL_ELC,Electrified railway lines,NAR,Narrow gauge,IE,Ireland,2023,0,i
RL_ELC,Electrified railway lines,NAR,Narrow gauge,IE,Ireland,2024,0,
RL_ELC,Electrified railway lines,NAR,Narrow gauge,IT,Italy,1962,0,
RL_ELC,Electrified railway lines,NAR,Narrow gauge,IT,Italy,1990,0,
RL_ELC,Electrified railway lines,NAR,Narrow gauge,IT,Italy,1991,0,
RL_ELC,Electrified railway lines,NAR,Narrow gauge,IT,Italy,1992,0,
RL_ELC,Electrified railway lines,NAR,Narrow gauge,IT,Italy,1993,0,
RL_ELC,Electrified railway lines,NAR,Narrow gauge,IT,Italy,1994,0,
RL_ELC,Electrified railway lines,NAR,Narrow gauge,IT,Italy,1995,0,
RL_ELC,Electrified railway lines,NAR,Narrow gauge,IT,Italy,1996,0,
RL_ELC,Electrified railway lines,NAR,Narrow gauge,IT,Italy,1997,0,
RL_ELC,Electrified railway lines,NAR,Narrow gauge,IT,Italy,1998,0,
RL_ELC,Electrified railway lines,NAR,Narrow gauge,IT,Italy,1999,0,
RL_ELC,Electrified railway lines,NAR,Narrow gauge,IT,Italy,2000,0,
RL_ELC,Electrified railway lines,NAR,Narrow gauge,IT,Italy,2001,0,
RL_ELC,Electrified railway lines,NAR,Narrow gauge,IT,Italy,2002,0,
RL_ELC,Electrified railway lines,NAR,Narrow gauge,IT,Italy,2003,0,
RL_ELC,Electrified railway lines,NAR,Narrow gauge,IT,Italy,2004,0,
RL_ELC,Electrified railway lines,NAR,Narrow gauge,IT,Italy,2005,0,
RL_ELC,Electrified railway lines,NAR,Narrow gauge,IT,Italy,2006,0,
RL_ELC,Electrified railway lines,NAR,Narrow gauge,IT,Italy,2007,0,
RL_ELC,Electrified railway lines,NAR,Narrow gauge,IT,Italy,2008,0,
RL_ELC,Electrified railway lines,NAR,Narrow gauge,IT,Italy,2009,0,
RL_ELC,Electrified railway lines,NAR,Narrow gauge,IT,Italy,2010,0,
RL_ELC,Electrified railway lines,NAR,Narrow gauge,IT,Italy,2011,0,
RL_ELC,Electrified railway lines,NAR,Narrow gauge,IT,Italy,2012,0,
RL_ELC,Electrified railway lines,NAR,Narrow gauge,IT,Italy,2013,0,
RL_ELC,Electrified railway lines,NAR,Narrow gauge,IT,Italy,2014,0,
RL_ELC,Electrified railway lines,NAR,Narrow gauge,IT,Italy,2015,0,
RL_ELC,Electrified railway lines,NAR,Narrow gauge,IT,Italy,2016,0,
RL_ELC,Electrified railway lines,NAR,Narrow gauge,IT,Italy,2017,0,
RL_ELC,Electrified railway lines,NAR,Narrow gauge,IT,Italy,2018,0,
RL_ELC,Electrified railway lines,NAR,Narrow gauge,IT,Italy,2019,0,
RL_ELC,Electrified railway lines,NAR,Narrow gauge,IT,Italy,2020,0,
RL_ELC,Electrified railway lines,NAR,Narrow gauge,IT,Italy,2021,0,
RL_ELC,Electrified railway lines,NAR,Narrow gauge,IT,Italy,2022,0,
RL_ELC,Electrified railway lines,NAR,Narrow gauge,IT,Italy,2023,0,
RL_ELC,Electrified railway lines,NAR,Narrow gauge,IT,Italy,2024,0,
RL_ELC,Electrified railway lines,NAR,Narrow gauge,LI,Liechtenstein,2013,0,
RL_ELC,Electrified railway lines,NAR,Narrow gauge,LI,Liechtenstein,2014,0,
RL_ELC,Electrified railway lines,NAR,Narrow gauge,LI,Liechtenstein,2015,0,
RL_ELC,Electrified railway lines,NAR,Narrow gauge,LI,Liechtenstein,2016,0,
RL_ELC,Electrified railway lines,NAR,Narrow gauge,LI,Liechtenstein,2017,0,
RL_ELC,Electrified railway lines,NAR,Narrow gauge,LI,Liechtenstein,2018,0,
RL_ELC,Electrified railway lines,NAR,Narrow gauge,LI,Liechtenstein,2019,0,
RL_ELC,Electrified railway lines,NAR,Narrow gauge,LI,Liechtenstein,2020,0,
RL_ELC,Electrified railway lines,NAR,Narrow gauge,LI,Liechtenstein,2021,0,
RL_ELC,Electrified railway lines,NAR,Narrow gauge,LI,Liechtenstein,2022,0,
RL_ELC,Electrified railway lines,NAR,Narrow gauge,LI,Liechtenstein,2023,0,
RL_ELC,Electrified railway lines,NAR,Narrow gauge,LI,Liechtenstein,2024,0,
RL_ELC,Electrified railway lines,NAR,Narrow gauge,LT,Lithuania,1990,0,
RL_ELC,Electrified railway lines,NAR,Narrow gauge,LT,Lithuania,1991,0,
RL_ELC,Electrified railway lines,NAR,Narrow gauge,LT,Lithuania,1992,0,
RL_ELC,Electrified railway lines,NAR,Narrow gauge,LT,Lithuania,1993,0,
RL_ELC,Electrified railway lines,NAR,Narrow gauge,LT,Lithuania,1994,0,
RL_ELC,Electrified railway lines,NAR,Narrow gauge,LT,Lithuania,1995,0,
RL_ELC,Electrified railway lines,NAR,Narrow gauge,LT,Lithuania,1996,0,
RL_ELC,Electrified railway lines,NAR,Narrow gauge,LT,Lithuania,1997,0,
RL_ELC,Electrified railway lines,NAR,Narrow gauge,LT,Lithuania,1998,0,
RL_ELC,Electrified railway lines,NAR,Narrow gauge,LT,Lithuania,1999,0,
RL_ELC,Electrified railway lines,NAR,Narrow gauge,LT,Lithuania,2000,0,
RL_ELC,Electrified railway lines,NAR,Narrow gauge,LT,Lithuania,2001,0,
RL_ELC,Electrified railway lines,NAR,Narrow gauge,LT,Lithuania,2002,0,
RL_ELC,Electrified railway lines,NAR,Narrow gauge,LT,Lithuania,2004,0,
RL_ELC,Electrified railway lines,NAR,Narrow gauge,LT,Lithuania,2005,0,
RL_ELC,Electrified railway lines,NAR,Narrow gauge,LT,Lithuania,2006,0,
RL_ELC,Electrified railway lines,NAR,Narrow gauge,LT,Lithuania,2007,0,
RL_ELC,Electrified railway lines,NAR,Narrow gauge,LT,Lithuania,2008,0,
RL_ELC,Electrified railway lines,NAR,Narrow gauge,LT,Lithuania,2009,0,
RL_ELC,Electrified railway lines,NAR,Narrow gauge,LT,Lithuania,2010,0,
RL_ELC,Electrified railway lines,NAR,Narrow gauge,LT,Lithuania,2011,0,
RL_ELC,Electrified railway lines,NAR,Narrow gauge,LT,Lithuania,2012,0,
RL_ELC,Electrified railway lines,NAR,Narrow gauge,LT,Lithuania,2013,0,
RL_ELC,Electrified railway lines,NAR,Narrow gauge,LT,Lithuania,2014,0,
RL_ELC,Electrified railway lines,NAR,Narrow gauge,LT,Lithuania,2015,0,
RL_ELC,Electrified railway lines,NAR,Narrow gauge,LT,Lithuania,2016,0,
RL_ELC,Electrified railway lines,NAR,Narrow gauge,LT,Lithuania,2017,0,
RL_ELC,Electrified railway lines,NAR,Narrow gauge,LT,Lithuania,2018,0,
RL_ELC,Electrified railway lines,NAR,Narrow gauge,LT,Lithuania,2019,0,
RL_ELC,Electrified railway lines,NAR,Narrow gauge,LT,Lithuania,2020,0,
RL_ELC,Electrified railway lines,NAR,Narrow gauge,LT,Lithuania,2021,0,
RL_ELC,Electrified railway lines,NAR,Narrow gauge,LT,Lithuania,2022,0,
RL_ELC,Electrified railway lines,NAR,Narrow gauge,LT,Lithuania,2023,0,
RL_ELC,Electrified railway lines,NAR,Narrow gauge,LT,Lithuania,2024,0,
RL_ELC,Electrified railway lines,NAR,Narrow gauge,LU,Luxembourg,1962,0,
RL_ELC,Electrified railway lines,NAR,Narrow gauge,LU,Luxembourg,1990,0,
RL_ELC,Electrified railway lines,NAR,Narrow gauge,LU,Luxembourg,1991,0,
RL_ELC,Electrified railway lines,NAR,Narrow gauge,LU,Luxembourg,1992,0,
RL_ELC,Electrified railway lines,NAR,Narrow gauge,LU,Luxembourg,1993,0,
RL_ELC,Electrified railway lines,NAR,Narrow gauge,LU,Luxembourg,1994,0,
RL_ELC,Electrified railway lines,NAR,Narrow gauge,LU,Luxembourg,1995,0,
RL_ELC,Electrified railway lines,NAR,Narrow gauge,LU,Luxembourg,1996,0,
RL_ELC,Electrified railway lines,NAR,Narrow gauge,LU,Luxembourg,1997,0,
RL_ELC,Electrified railway lines,NAR,Narrow gauge,LU,Luxembourg,1998,0,
RL_ELC,Electrified railway lines,NAR,Narrow gauge,LU,Luxembourg,1999,0,
RL_ELC,Electrified railway lines,NAR,Narrow gauge,LU,Luxembourg,2000,0,
RL_ELC,Electrified railway lines,NAR,Narrow gauge,LU,Luxembourg,2001,0,
RL_ELC,Electrified railway lines,NAR,Narrow gauge,LU,Luxembourg,2002,0,
RL_ELC,Electrified railway lines,NAR,Narrow gauge,LU,Luxembourg,2003,0,
RL_ELC,Electrified railway lines,NAR,Narrow gauge,LU,Luxembourg,2004,0,
RL_ELC,Electrified railway lines,NAR,Narrow gauge,LU,Luxembourg,2005,0,
RL_ELC,Electrified railway lines,NAR,Narrow gauge,LU,Luxembourg,2006,0,
RL_ELC,Electrified railway lines,NAR,Narrow gauge,LU,Luxembourg,2007,0,
RL_ELC,Electrified railway lines,NAR,Narrow gauge,LU,Luxembourg,2008,0,
RL_ELC,Electrified railway lines,NAR,Narrow gauge,LU,Luxembourg,2009,0,
RL_ELC,Electrified railway lines,NAR,Narrow gauge,LU,Luxembourg,2010,0,
RL_ELC,Electrified railway lines,NAR,Narrow gauge,LU,Luxembourg,2011,0,
RL_ELC,Electrified railway lines,NAR,Narrow gauge,LU,Luxembourg,2012,0,
RL_ELC,Electrified railway lines,NAR,Narrow gauge,LU,Luxembourg,2013,0,
RL_ELC,Electrified railway lines,NAR,Narrow gauge,LU,Luxembourg,2014,0,
RL_ELC,Electrified railway lines,NAR,Narrow gauge,LU,Luxembourg,2015,0,
RL_ELC,Electrified railway lines,NAR,Narrow gauge,LU,Luxembourg,2016,0,
RL_ELC,Electrified railway lines,NAR,Narrow gauge,LU,Luxembourg,2017,0,
RL_ELC,Electrified railway lines,NAR,Narrow gauge,LU,Luxembourg,2018,0,
RL_ELC,Electrified railway lines,NAR,Narrow gauge,LU,Luxembourg,2019,0,
RL_ELC,Electrified railway lines,NAR,Narrow gauge,LU,Luxembourg,2020,0,
RL_ELC,Electrified railway lines,NAR,Narrow gauge,LU,Luxembourg,2021,0,
RL_ELC,Electrified railway lines,NAR,Narrow gauge,LU,Luxembourg,2022,0,
RL_ELC,Electrified railway lines,NAR,Narrow gauge,LU,Luxembourg,2023,0,
RL_ELC,Electrified railway lines,NAR,Narrow gauge,LU,Luxembourg,2024,0,
RL_ELC,Electrified railway lines,NAR,Narrow gauge,LV,Latvia,1990,0,
RL_ELC,Electrified railway lines,NAR,Narrow gauge,LV,Latvia,1991,0,
RL_ELC,Electrified railway lines,NAR,Narrow gauge,LV,Latvia,1992,0,
RL_ELC,Electrified railway lines,NAR,Narrow gauge,LV,Latvia,1993,0,
RL_ELC,Electrified railway lines,NAR,Narrow gauge,LV,Latvia,1994,0,
RL_ELC,Electrified railway lines,NAR,Narrow gauge,LV,Latvia,1995,0,
RL_ELC,Electrified railway lines,NAR,Narrow gauge,LV,Latvia,1996,0,
RL_ELC,Electrified railway lines,NAR,Narrow gauge,LV,Latvia,1997,0,
RL_ELC,Electrified railway lines,NAR,Narrow gauge,LV,Latvia,1998,0,
RL_ELC,Electrified railway lines,NAR,Narrow gauge,LV,Latvia,1999,0,
RL_ELC,Electrified railway lines,NAR,Narrow gauge,LV,Latvia,2000,0,
RL_ELC,Electrified railway lines,NAR,Narrow gauge,LV,Latvia,2001,0,
RL_ELC,Electrified railway lines,NAR,Narrow gauge,LV,Latvia,2002,0,
RL_ELC,Electrified railway lines,NAR,Narrow gauge,LV,Latvia,2003,0,
RL_ELC,Electrified railway lines,NAR,Narrow gauge,LV,Latvia,2004,0,
RL_ELC,Electrified railway lines,NAR,Narrow gauge,LV,Latvia,2005,0,
RL_ELC,Electrified railway lines,NAR,Narrow gauge,LV,Latvia,2006,0,
RL_ELC,Electrified railway lines,NAR,Narrow gauge,LV,Latvia,2007,0,
RL_ELC,Electrified railway lines,NAR,Narrow gauge,LV,Latvia,2008,0,
RL_ELC,Electrified railway lines,NAR,Narrow gauge,LV,Latvia,2009,0,
RL_ELC,Electrified railway lines,NAR,Narrow gauge,LV,Latvia,2010,0,
RL_ELC,Electrified railway lines,NAR,Narrow gauge,LV,Latvia,2011,0,
RL_ELC,Electrified railway lines,NAR,Narrow gauge,LV,Latvia,2012,0,
RL_ELC,Electrified railway lines,NAR,Narrow gauge,LV,Latvia,2013,0,
RL_ELC,Electrified railway lines,NAR,Narrow gauge,LV,Latvia,2014,0,
RL_ELC,Electrified railway lines,NAR,Narrow gauge,LV,Latvia,2015,0,
RL_ELC,Electrified railway lines,NAR,Narrow gauge,LV,Latvia,2016,0,
RL_ELC,Electrified railway lines,NAR,Narrow gauge,LV,Latvia,2017,0,
RL_ELC,Electrified railway lines,NAR,Narrow gauge,LV,Latvia,2018,0,
RL_ELC,Electrified railway lines,NAR,Narrow gauge,LV,Latvia,2019,0,
RL_ELC,Electrified railway lines,NAR,Narrow gauge,LV,Latvia,2020,0,
RL_ELC,Electrified railway lines,NAR,Narrow gauge,LV,Latvia,2021,0,
RL_ELC,Electrified railway lines,NAR,Narrow gauge,LV,Latvia,2022,0,
RL_ELC,Electrified railway lines,NAR,Narrow gauge,LV,Latvia,2023,0,
RL_ELC,Electrified railway lines,NAR,Narrow gauge,LV,Latvia,2024,0,
RL_ELC,Electrified railway lines,NAR,Narrow gauge,MD,Moldova,1990,0,
RL_ELC,Electrified railway lines,NAR,Narrow gauge,MD,Moldova,1991,0,
RL_ELC,Electrified railway lines,NAR,Narrow gauge,MD,Moldova,1992,0,
RL_ELC,Electrified railway lines,NAR,Narrow gauge,MD,Moldova,1993,0,
RL_ELC,Electrified railway lines,NAR,Narrow gauge,MD,Moldova,1994,0,
RL_ELC,Electrified railway lines,NAR,Narrow gauge,MD,Moldova,1995,0,
RL_ELC,Electrified railway lines,NAR,Narrow gauge,MD,Moldova,1996,0,
RL_ELC,Electrified railway lines,NAR,Narrow gauge,MD,Moldova,1997,0,
RL_ELC,Electrified railway lines,NAR,Narrow gauge,MD,Moldova,1998,0,
RL_ELC,Electrified railway lines,NAR,Narrow gauge,MD,Moldova,1999,0,
RL_ELC,Electrified railway lines,NAR,Narrow gauge,MD,Moldova,2000,0,
RL_ELC,Electrified railway lines,NAR,Narrow gauge,MD,Moldova,2001,0,
RL_ELC,Electrified railway lines,NAR,Narrow gauge,MD,Moldova,2002,0,
RL_ELC,Electrified railway lines,NAR,Narrow gauge,MD,Moldova,2004,0,
RL_ELC,Electrified railway lines,NAR,Narrow gauge,MD,Moldova,2009,0,
RL_ELC,Electrified railway lines,NAR,Narrow gauge,MD,Moldova,2010,0,
RL_ELC,Electrified railway lines,NAR,Narrow gauge,MD,Moldova,2011,0,
RL_ELC,Electrified railway lines,NAR,Narrow gauge,MD,Moldova,2012,0,
RL_ELC,Electrified railway lines,NAR,Narrow gauge,MD,Moldova,2013,0,
RL_ELC,Electrified railway lines,NAR,Narrow gauge,MD,Moldova,2014,0,
RL_ELC,Electrified railway lines,NAR,Narrow gauge,MD,Moldova,2015,0,
RL_ELC,Electrified railway lines,NAR,Narrow gauge,MD,Moldova,2016,0,
RL_ELC,Electrified railway lines,NAR,Narrow gauge,MD,Moldova,2017,0,
RL_ELC,Electrified railway lines,NAR,Narrow gauge,MD,Moldova,2018,0,
RL_ELC,Electrified railway lines,NAR,Narrow gauge,MD,Moldova,2019,0,
RL_ELC,Electrified railway lines,NAR,Narrow gauge,MD,Moldova,2020,0,
RL_ELC,Electrified railway lines,NAR,Narrow gauge,MD,Moldova,2021,0,
RL_ELC,Electrified railway lines,NAR,Narrow gauge,MD,Moldova,2022,0,
RL_ELC,Electrified railway lines,NAR,Narrow gauge,MD,Moldova,2023,0,
RL_ELC,Electrified railway lines,NAR,Narrow gauge,MD,Moldova,2024,0,
RL_ELC,Electrified railway lines,NAR,Narrow gauge,ME,Montenegro,2011,0,
RL_ELC,Electrified railway lines,NAR,Narrow gauge,ME,Montenegro,2012,0,
RL_ELC,Electrified railway lines,NAR,Narrow gauge,ME,Montenegro,2013,0,
RL_ELC,Electrified railway lines,NAR,Narrow gauge,ME,Montenegro,2014,0,
RL_ELC,Electrified railway lines,NAR,Narrow gauge,ME,Montenegro,2015,0,
RL_ELC,Electrified railway lines,NAR,Narrow gauge,ME,Montenegro,2016,0,
RL_ELC,Electrified railway lines,NAR,Narrow gauge,ME,Montenegro,2017,0,
RL_ELC,Electrified railway lines,NAR,Narrow gauge,ME,Montenegro,2018,0,
RL_ELC,Electrified railway lines,NAR,Narrow gauge,ME,Montenegro,2020,0,
RL_ELC,Electrified railway lines,NAR,Narrow gauge,ME,Montenegro,2021,0,
RL_ELC,Electrified railway lines,NAR,Narrow gauge,ME,Montenegro,2022,0,
RL_ELC,Electrified railway lines,NAR,Narrow gauge,ME,Montenegro,2023,0,
RL_ELC,Electrified railway lines,NAR,Narrow gauge,ME,Montenegro,2024,0,
RL_ELC,Electrified railway lines,NAR,Narrow gauge,MK,North Macedonia,1990,0,
RL_ELC,Electrified railway lines,NAR,Narrow gauge,MK,North Macedonia,1992,0,
RL_ELC,Electrified railway lines,NAR,Narrow gauge,MK,North Macedonia,1993,0,
RL_ELC,Electrified railway lines,NAR,Narrow gauge,MK,North Macedonia,1994,0,
RL_ELC,Electrified railway lines,NAR,Narrow gauge,MK,North Macedonia,1995,0,
RL_ELC,Electrified railway lines,NAR,Narrow gauge,MK,North Macedonia,1996,0,
RL_ELC,Electrified railway lines,NAR,Narrow gauge,MK,North Macedonia,1997,0,
RL_ELC,Electrified railway lines,NAR,Narrow gauge,MK,North Macedonia,1998,0,
RL_ELC,Electrified railway lines,NAR,Narrow gauge,MK,North Macedonia,1999,0,
RL_ELC,Electrified railway lines,NAR,Narrow gauge,MK,North Macedonia,2000,0,
RL_ELC,Electrified railway lines,NAR,Narrow gauge,MK,North Macedonia,2001,0,
RL_ELC,Electrified railway lines,NAR,Narrow gauge,MK,North Macedonia,2002,0,
RL_ELC,Electrified railway lines,NAR,Narrow gauge,MK,North Macedonia,2004,0,
RL_ELC,Electrified railway lines,NAR,Narrow gauge,MK,North Macedonia,2008,0,
RL_ELC,Electrified railway lines,NAR,Narrow gauge,MK,North Macedonia,2009,0,
RL_ELC,Electrified railway lines,NAR,Narrow gauge,MK,North Macedonia,2010,0,
RL_ELC,Electrified railway lines,NAR,Narrow gauge,MK,North Macedonia,2011,0,
RL_ELC,Electrified railway lines,NAR,Narrow gauge,MK,North Macedonia,2012,0,
RL_ELC,Electrified railway lines,NAR,Narrow gauge,MK,North Macedonia,2013,0,
RL_ELC,Electrified railway lines,NAR,Narrow gauge,MK,North Macedonia,2014,0,
RL_ELC,Electrified railway lines,NAR,Narrow gauge,MK,North Macedonia,2015,0,
RL_ELC,Electrified railway lines,NAR,Narrow gauge,MK,North Macedonia,2016,0,
RL_ELC,Electrified railway lines,NAR,Narrow gauge,MK,North Macedonia,2017,0,
RL_ELC,Electrified railway lines,NAR,Narrow gauge,MK,North Macedonia,2018,0,
RL_ELC,Electrified railway lines,NAR,Narrow gauge,MK,North Macedonia,2019,0,
RL_ELC,Electrified railway lines,NAR,Narrow gauge,MK,North Macedonia,2020,0,
RL_ELC,Electrified railway lines,NAR,Narrow gauge,MK,North Macedonia,2021,0,
RL_ELC,Electrified railway lines,NAR,Narrow gauge,MK,North Macedonia,2022,0,
RL_ELC,Electrified railway lines,NAR,Narrow gauge,MK,North Macedonia,2023,0,
RL_ELC,Electrified railway lines,NAR,Narrow gauge,MK,North Macedonia,2024,0,
RL_ELC,Electrified railway lines,NAR,Narrow gauge,NL,Netherlands,1962,0,
RL_ELC,Electrified railway lines,NAR,Narrow gauge,NL,Netherlands,1990,0,i
RL_ELC,Electrified railway lines,NAR,Narrow gauge,NL,Netherlands,1991,0,i
RL_ELC,Electrified railway lines,NAR,Narrow gauge,NL,Netherlands,1992,0,i
RL_ELC,Electrified railway lines,NAR,Narrow gauge,NL,Netherlands,1993,0,i
RL_ELC,Electrified railway lines,NAR,Narrow gauge,NL,Netherlands,1994,0,i
RL_ELC,Electrified railway lines,NAR,Narrow gauge,NL,Netherlands,1995,0,i
RL_ELC,Electrified railway lines,NAR,Narrow gauge,NL,Netherlands,1996,0,i
RL_ELC,Electrified railway lines,NAR,Narrow gauge,NL,Netherlands,1997,0,i
RL_ELC,Electrified railway lines,NAR,Narrow gauge,NL,Netherlands,1998,0,i
RL_ELC,Electrified railway lines,NAR,Narrow gauge,NL,Netherlands,1999,0,i
RL_ELC,Electrified railway lines,NAR,Narrow gauge,NL,Netherlands,2000,0,i
RL_ELC,Electrified railway lines,NAR,Narrow gauge,NL,Netherlands,2001,0,i
RL_ELC,Electrified railway lines,NAR,Narrow gauge,NL,Netherlands,2002,0,i
RL_ELC,Electrified railway lines,NAR,Narrow gauge,NL,Netherlands,2003,0,i
RL_ELC,Electrified railway lines,NAR,Narrow gauge,NL,Netherlands,2004,0,i
RL_ELC,Electrified railway lines,NAR,Narrow gauge,NL,Netherlands,2005,0,i
RL_ELC,Electrified railway lines,NAR,Narrow gauge,NL,Netherlands,2006,0,i
RL_ELC,Electrified railway lines,NAR,Narrow gauge,NL,Netherlands,2007,0,i
RL_ELC,Electrified railway lines,NAR,Narrow gauge,NL,Netherlands,2008,0,
RL_ELC,Electrified railway lines,NAR,Narrow gauge,NL,Netherlands,2009,0,
RL_ELC,Electrified railway lines,NAR,Narrow gauge,NL,Netherlands,2010,0,
RL_ELC,Electrified railway lines,NAR,Narrow gauge,NL,Netherlands,2011,0,
RL_ELC,Electrified railway lines,NAR,Narrow gauge,NL,Netherlands,2012,0,
RL_ELC,Electrified railway lines,NAR,Narrow gauge,NL,Netherlands,2013,0,
RL_ELC,Electrified railway lines,NAR,Narrow gauge,NL,Netherlands,2014,0,
RL_ELC,Electrified railway lines,NAR,Narrow gauge,NL,Netherlands,2015,0,
RL_ELC,Electrified railway lines,NAR,Narrow gauge,NL,Netherlands,2016,0,
RL_ELC,Electrified railway lines,NAR,Narrow gauge,NL,Netherlands,2017,0,
RL_ELC,Electrified railway lines,NAR,Narrow gauge,NL,Netherlands,2018,0,
RL_ELC,Electrified railway lines,NAR,Narrow gauge,NL,Netherlands,2019,0,
RL_ELC,Electrified railway lines,NAR,Narrow gauge,NL,Netherlands,2020,0,i
RL_ELC,Electrified railway lines,NAR,Narrow gauge,NL,Netherlands,2021,0,
RL_ELC,Electrified railway lines,NAR,Narrow gauge,NL,Netherlands,2022,0,
RL_ELC,Electrified railway lines,NAR,Narrow gauge,NL,Netherlands,2023,0,
RL_ELC,Electrified railway lines,NAR,Narrow gauge,NL,Netherlands,2024,0,
RL_ELC,Electrified railway lines,NAR,Narrow gauge,NO,Norway,2004,0,
RL_ELC,Electrified railway lines,NAR,Narrow gauge,NO,Norway,2005,0,
RL_ELC,Electrified railway lines,NAR,Narrow gauge,NO,Norway,2006,0,n
RL_ELC,Electrified railway lines,NAR,Narrow gauge,NO,Norway,2007,0,n
RL_ELC,Electrified railway lines,NAR,Narrow gauge,NO,Norway,2008,0,
RL_ELC,Electrified railway lines,NAR,Narrow gauge,NO,Norway,2009,0,
RL_ELC,Electrified railway lines,NAR,Narrow gauge,NO,Norway,2010,0,
RL_ELC,Electrified railway lines,NAR,Narrow gauge,NO,Norway,2011,0,
RL_ELC,Electrified railway lines,NAR,Narrow gauge,NO,Norway,2012,0,
RL_ELC,Electrified railway lines,NAR,Narrow gauge,NO,Norway,2013,0,
RL_ELC,Electrified railway lines,NAR,Narrow gauge,NO,Norway,2014,0,
RL_ELC,Electrified railway lines,NAR,Narrow gauge,NO,Norway,2015,0,
RL_ELC,Electrified railway lines,NAR,Narrow gauge,NO,Norway,2016,0,
RL_ELC,Electrified railway lines,NAR,Narrow gauge,NO,Norway,2017,0,
RL_ELC,Electrified railway lines,NAR,Narrow gauge,NO,Norway,2018,0,
RL_ELC,Electrified railway lines,NAR,Narrow gauge,NO,Norway,2019,0,
RL_ELC,Electrified railway lines,NAR,Narrow gauge,NO,Norway,2020,0,
RL_ELC,Electrified railway lines,NAR,Narrow gauge,NO,Norway,2021,0,
RL_ELC,Electrified railway lines,NAR,Narrow gauge,NO,Norway,2022,0,
RL_ELC,Electrified railway lines,NAR,Narrow gauge,NO,Norway,2023,0,
RL_ELC,Electrified railway lines,NAR,Narrow gauge,NO,Norway,2024,0,
RL_ELC,Electrified railway lines,NAR,Narrow gauge,PL,Poland,1990,0,
RL_ELC,Electrified railway lines,NAR,Narrow gauge,PL,Poland,1991,0,
RL_ELC,Electrified railway lines,NAR,Narrow gauge,PL,Poland,1992,0,
RL_ELC,Electrified railway lines,NAR,Narrow gauge,PL,Poland,1993,0,
RL_ELC,Electrified railway lines,NAR,Narrow gauge,PL,Poland,1994,0,
RL_ELC,Electrified railway lines,NAR,Narrow gauge,PL,Poland,1995,0,
RL_ELC,Electrified railway lines,NAR,Narrow gauge,PL,Poland,1996,0,
RL_ELC,Electrified railway lines,NAR,Narrow gauge,PL,Poland,1997,0,
RL_ELC,Electrified railway lines,NAR,Narrow gauge,PL,Poland,1998,0,
RL_ELC,Electrified railway lines,NAR,Narrow gauge,PL,Poland,1999,0,
RL_ELC,Electrified railway lines,NAR,Narrow gauge,PL,Poland,2000,0,
RL_ELC,Electrified railway lines,NAR,Narrow gauge,PL,Poland,2001,0,
RL_ELC,Electrified railway lines,NAR,Narrow gauge,PL,Poland,2002,0,
RL_ELC,Electrified railway lines,NAR,Narrow gauge,PL,Poland,2003,0,i
RL_ELC,Electrified railway lines,NAR,Narrow gauge,PL,Poland,2004,0,
RL_ELC,Electrified railway lines,NAR,Narrow gauge,PL,Poland,2005,0,
RL_ELC,Electrified railway lines,NAR,Narrow gauge,PL,Poland,2006,0,
RL_ELC,Electrified railway lines,NAR,Narrow gauge,PL,Poland,2007,0,
RL_ELC,Electrified railway lines,NAR,Narrow gauge,PL,Poland,2008,0,
RL_ELC,Electrified railway lines,NAR,Narrow gauge,PL,Poland,2009,0,
RL_ELC,Electrified railway lines,NAR,Narrow gauge,PL,Poland,2010,0,
RL_ELC,Electrified railway lines,NAR,Narrow gauge,PL,Poland,2011,0,
RL_ELC,Electrified railway lines,NAR,Narrow gauge,PL,Poland,2012,0,
RL_ELC,Electrified railway lines,NAR,Narrow gauge,PL,Poland,2013,0,
RL_ELC,Electrified railway lines,NAR,Narrow gauge,PL,Poland,2014,0,
RL_ELC,Electrified railway lines,NAR,Narrow gauge,PL,Poland,2015,0,
RL_ELC,Electrified railway lines,NAR,Narrow gauge,PL,Poland,2016,0,
RL_ELC,Electrified railway lines,NAR,Narrow gauge,PL,Poland,2017,0,
RL_ELC,Electrified railway lines,NAR,Narrow gauge,PL,Poland,2018,0,
RL_ELC,Electrified railway lines,NAR,Narrow gauge,PL,Poland,2019,0,
RL_ELC,Electrified railway lines,NAR,Narrow gauge,PL,Poland,2020,0,
RL_ELC,Electrified railway lines,NAR,Narrow gauge,PL,Poland,2021,0,
RL_ELC,Electrified railway lines,NAR,Narrow gauge,PL,Poland,2022,0,
RL_ELC,Electrified railway lines,NAR,Narrow gauge,PL,Poland,2023,0,
RL_ELC,Electrified railway lines,NAR,Narrow gauge,PL,Poland,2024,0,
RL_ELC,Electrified railway lines,NAR,Narrow gauge,PT,Portugal,1990,0,
RL_ELC,Electrified railway lines,NAR,Narrow gauge,PT,Portugal,1991,0,
RL_ELC,Electrified railway lines,NAR,Narrow gauge,PT,Portugal,1992,0,
RL_ELC,Electrified railway lines,NAR,Narrow gauge,PT,Portugal,1993,0,
RL_ELC,Electrified railway lines,NAR,Narrow gauge,PT,Portugal,1994,0,
RL_ELC,Electrified railway lines,NAR,Narrow gauge,PT,Portugal,1995,0,
RL_ELC,Electrified railway lines,NAR,Narrow gauge,PT,Portugal,1996,0,
RL_ELC,Electrified railway lines,NAR,Narrow gauge,PT,Portugal,1997,0,
RL_ELC,Electrified railway lines,NAR,Narrow gauge,PT,Portugal,1998,0,
RL_ELC,Electrified railway lines,NAR,Narrow gauge,PT,Portugal,1999,0,
RL_ELC,Electrified railway lines,NAR,Narrow gauge,PT,Portugal,2000,0,
RL_ELC,Electrified railway lines,NAR,Narrow gauge,PT,Portugal,2001,0,
RL_ELC,Electrified railway lines,NAR,Narrow gauge,PT,Portugal,2002,0,
RL_ELC,Electrified railway lines,NAR,Narrow gauge,PT,Portugal,2003,0,
RL_ELC,Electrified railway lines,NAR,Narrow gauge,PT,Portugal,2004,0,
RL_ELC,Electrified railway lines,NAR,Narrow gauge,PT,Portugal,2005,0,
RL_ELC,Electrified railway lines,NAR,Narrow gauge,PT,Portugal,2006,0,
RL_ELC,Electrified railway lines,NAR,Narrow gauge,PT,Portugal,2007,0,
RL_ELC,Electrified railway lines,NAR,Narrow gauge,PT,Portugal,2008,0,
RL_ELC,Electrified railway lines,NAR,Narrow gauge,PT,Portugal,2009,0,
RL_ELC,Electrified railway lines,NAR,Narrow gauge,PT,Portugal,2010,0,
RL_ELC,Electrified railway lines,NAR,Narrow gauge,PT,Portugal,2011,0,
RL_ELC,Electrified railway lines,NAR,Narrow gauge,PT,Portugal,2012,0,
RL_ELC,Electrified railway lines,NAR,Narrow gauge,PT,Portugal,2013,0,
RL_ELC,Electrified railway lines,NAR,Narrow gauge,PT,Portugal,2014,0,
RL_ELC,Electrified railway lines,NAR,Narrow gauge,PT,Portugal,2015,0,
RL_ELC,Electrified railway lines,NAR,Narrow gauge,PT,Portugal,2016,0,
RL_ELC,Electrified railway lines,NAR,Narrow gauge,PT,Portugal,2017,0,
RL_ELC,Electrified railway lines,NAR,Narrow gauge,PT,Portugal,2018,0,
RL_ELC,Electrified railway lines,NAR,Narrow gauge,PT,Portugal,2019,0,
RL_ELC,Electrified railway lines,NAR,Narrow gauge,PT,Portugal,2020,0,
RL_ELC,Electrified railway lines,NAR,Narrow gauge,PT,Portugal,2021,0,
RL_ELC,Electrified railway lines,NAR,Narrow gauge,PT,Portugal,2022,0,
RL_ELC,Electrified railway lines,NAR,Narrow gauge,PT,Portugal,2023,0,
RL_ELC,Electrified railway lines,NAR,Narrow gauge,PT,Portugal,2024,0,
RL_ELC,Electrified railway lines,NAR,Narrow gauge,RO,Romania,1990,0,
RL_ELC,Electrified railway lines,NAR,Narrow gauge,RO,Romania,1991,0,
RL_ELC,Electrified railway lines,NAR,Narrow gauge,RO,Romania,1992,0,
RL_ELC,Electrified railway lines,NAR,Narrow gauge,RO,Romania,1993,0,
RL_ELC,Electrified railway lines,NAR,Narrow gauge,RO,Romania,1994,0,
RL_ELC,Electrified railway lines,NAR,Narrow gauge,RO,Romania,1995,0,
RL_ELC,Electrified railway lines,NAR,Narrow gauge,RO,Romania,1996,0,
RL_ELC,Electrified railway lines,NAR,Narrow gauge,RO,Romania,1997,0,
RL_ELC,Electrified railway lines,NAR,Narrow gauge,RO,Romania,1998,0,
RL_ELC,Electrified railway lines,NAR,Narrow gauge,RO,Romania,1999,0,
RL_ELC,Electrified railway lines,NAR,Narrow gauge,RO,Romania,2000,0,
RL_ELC,Electrified railway lines,NAR,Narrow gauge,RO,Romania,2001,0,
RL_ELC,Electrified railway lines,NAR,Narrow gauge,RO,Romania,2002,0,
RL_ELC,Electrified railway lines,NAR,Narrow gauge,RO,Romania,2004,0,
RL_ELC,Electrified railway lines,NAR,Narrow gauge,RO,Romania,2008,0,
RL_ELC,Electrified railway lines,NAR,Narrow gauge,RO,Romania,2009,0,
RL_ELC,Electrified railway lines,NAR,Narrow gauge,RO,Romania,2010,0,
RL_ELC,Electrified railway lines,NAR,Narrow gauge,RO,Romania,2011,0,
RL_ELC,Electrified railway lines,NAR,Narrow gauge,RO,Romania,2012,0,
RL_ELC,Electrified railway lines,NAR,Narrow gauge,RO,Romania,2013,0,
RL_ELC,Electrified railway lines,NAR,Narrow gauge,RO,Romania,2014,0,
RL_ELC,Electrified railway lines,NAR,Narrow gauge,RO,Romania,2015,0,
RL_ELC,Electrified railway lines,NAR,Narrow gauge,RO,Romania,2016,0,
RL_ELC,Electrified railway lines,NAR,Narrow gauge,RO,Romania,2017,0,
RL_ELC,Electrified railway lines,NAR,Narrow gauge,RO,Romania,2018,0,
RL_ELC,Electrified railway lines,NAR,Narrow gauge,RO,Romania,2019,0,
RL_ELC,Electrified railway lines,NAR,Narrow gauge,RO,Romania,2020,0,
RL_ELC,Electrified railway lines,NAR,Narrow gauge,RO,Romania,2021,0,
RL_ELC,Electrified railway lines,NAR,Narrow gauge,RO,Romania,2022,0,
RL_ELC,Electrified railway lines,NAR,Narrow gauge,RO,Romania,2023,0,
RL_ELC,Electrified railway lines,NAR,Narrow gauge,RO,Romania,2024,0,
RL_ELC,Electrified railway lines,NAR,Narrow gauge,RS,Serbia,2006,0,
RL_ELC,Electrified railway lines,NAR,Narrow gauge,RS,Serbia,2007,0,
RL_ELC,Electrified railway lines,NAR,Narrow gauge,RS,Serbia,2008,0,
RL_ELC,Electrified railway lines,NAR,Narrow gauge,RS,Serbia,2009,0,
RL_ELC,Electrified railway lines,NAR,Narrow gauge,RS,Serbia,2010,0,
RL_ELC,Electrified railway lines,NAR,Narrow gauge,RS,Serbia,2011,0,
RL_ELC,Electrified railway lines,NAR,Narrow gauge,RS,Serbia,2012,0,
RL_ELC,Electrified railway lines,NAR,Narrow gauge,RS,Serbia,2013,0,
RL_ELC,Electrified railway lines,NAR,Narrow gauge,RS,Serbia,2014,0,
RL_ELC,Electrified railway lines,NAR,Narrow gauge,RS,Serbia,2015,0,
RL_ELC,Electrified railway lines,NAR,Narrow gauge,RS,Serbia,2016,0,
RL_ELC,Electrified railway lines,NAR,Narrow gauge,RS,Serbia,2017,0,
RL_ELC,Electrified railway lines,NAR,Narrow gauge,RS,Serbia,2018,0,
RL_ELC,Electrified railway lines,NAR,Narrow gauge,RS,Serbia,2019,0,
RL_ELC,Electrified railway lines,NAR,Narrow gauge,RS,Serbia,2020,0,
RL_ELC,Electrified railway lines,NAR,Narrow gauge,RS,Serbia,2021,0,
RL_ELC,Electrified railway lines,NAR,Narrow gauge,RS,Serbia,2022,0,
RL_ELC,Electrified railway lines,NAR,Narrow gauge,RS,Serbia,2023,0,
RL_ELC,Electrified railway lines,NAR,Narrow gauge,RS,Serbia,2024,0,
RL_ELC,Electrified railway lines,NAR,Narrow gauge,SE,Sweden,1990,75,
RL_ELC,Electrified railway lines,NAR,Narrow gauge,SE,Sweden,1991,65,
RL_ELC,Electrified railway lines,NAR,Narrow gauge,SE,Sweden,1992,65,
RL_ELC,Electrified railway lines,NAR,Narrow gauge,SE,Sweden,1993,65,
RL_ELC,Electrified railway lines,NAR,Narrow gauge,SE,Sweden,1994,65,
RL_ELC,Electrified railway lines,NAR,Narrow gauge,SE,Sweden,1995,66,
RL_ELC,Electrified railway lines,NAR,Narrow gauge,SE,Sweden,1996,66,
RL_ELC,Electrified railway lines,NAR,Narrow gauge,SE,Sweden,1997,66,
RL_ELC,Electrified railway lines,NAR,Narrow gauge,SE,Sweden,1998,65,
RL_ELC,Electrified railway lines,NAR,Narrow gauge,SE,Sweden,1999,65,
RL_ELC,Electrified railway lines,NAR,Narrow gauge,SE,Sweden,2000,65,
RL_ELC,Electrified railway lines,NAR,Narrow gauge,SE,Sweden,2001,65,
RL_ELC,Electrified railway lines,NAR,Narrow gauge,SE,Sweden,2002,65,
RL_ELC,Electrified railway lines,NAR,Narrow gauge,SE,Sweden,2003,65,
RL_ELC,Electrified railway lines,NAR,Narrow gauge,SE,Sweden,2004,65,
RL_ELC,Electrified railway lines,NAR,Narrow gauge,SE,Sweden,2005,65,
RL_ELC,Electrified railway lines,NAR,Narrow gauge,SE,Sweden,2006,65,
RL_ELC,Electrified railway lines,NAR,Narrow gauge,SE,Sweden,2007,65,
RL_ELC,Electrified railway lines,NAR,Narrow gauge,SE,Sweden,2008,65,
RL_ELC,Electrified railway lines,NAR,Narrow gauge,SE,Sweden,2009,65,
RL_ELC,Electrified railway lines,NAR,Narrow gauge,SE,Sweden,2010,65,
RL_ELC,Electrified railway lines,NAR,Narrow gauge,SE,Sweden,2011,65,
RL_ELC,Electrified railway lines,NAR,Narrow gauge,SE,Sweden,2012,65,
RL_ELC,Electrified railway lines,NAR,Narrow gauge,SE,Sweden,2013,65,
RL_ELC,Electrified railway lines,NAR,Narrow gauge,SE,Sweden,2014,65,
RL_ELC,Electrified railway lines,NAR,Narrow gauge,SE,Sweden,2015,65,
RL_ELC,Electrified railway lines,NAR,Narrow gauge,SE,Sweden,2016,65,
RL_ELC,Electrified railway lines,NAR,Narrow gauge,SE,Sweden,2017,65,
RL_ELC,Electrified railway lines,NAR,Narrow gauge,SE,Sweden,2018,65,
RL_ELC,Electrified railway lines,NAR,Narrow gauge,SE,Sweden,2019,65,
RL_ELC,Electrified railway lines,NAR,Narrow gauge,SE,Sweden,2020,65,
RL_ELC,Electrified railway lines,NAR,Narrow gauge,SE,Sweden,2021,66,
RL_ELC,Electrified railway lines,NAR,Narrow gauge,SE,Sweden,2022,66,
RL_ELC,Electrified railway lines,NAR,Narrow gauge,SE,Sweden,2023,66,
RL_ELC,Electrified railway lines,NAR,Narrow gauge,SE,Sweden,2024,66,
RL_ELC,Electrified railway lines,NAR,Narrow gauge,SI,Slovenia,1990,0,
RL_ELC,Electrified railway lines,NAR,Narrow gauge,SI,Slovenia,1991,0,
RL_ELC,Electrified railway lines,NAR,Narrow gauge,SI,Slovenia,1992,0,
RL_ELC,Electrified railway lines,NAR,Narrow gauge,SI,Slovenia,1993,0,
RL_ELC,Electrified railway lines,NAR,Narrow gauge,SI,Slovenia,1994,0,
RL_ELC,Electrified railway lines,NAR,Narrow gauge,SI,Slovenia,1995,0,
RL_ELC,Electrified railway lines,NAR,Narrow gauge,SI,Slovenia,1996,0,
RL_ELC,Electrified railway lines,NAR,Narrow gauge,SI,Slovenia,1997,0,
RL_ELC,Electrified railway lines,NAR,Narrow gauge,SI,Slovenia,1998,0,
RL_ELC,Electrified railway lines,NAR,Narrow gauge,SI,Slovenia,1999,0,
RL_ELC,Electrified railway lines,NAR,Narrow gauge,SI,Slovenia,2000,0,
RL_ELC,Electrified railway lines,NAR,Narrow gauge,SI,Slovenia,2001,0,
RL_ELC,Electrified railway lines,NAR,Narrow gauge,SI,Slovenia,2002,0,
RL_ELC,Electrified railway lines,NAR,Narrow gauge,SI,Slovenia,2003,0,
RL_ELC,Electrified railway lines,NAR,Narrow gauge,SI,Slovenia,2008,0,
RL_ELC,Electrified railway lines,NAR,Narrow gauge,SI,Slovenia,2009,0,
RL_ELC,Electrified railway lines,NAR,Narrow gauge,SI,Slovenia,2010,0,
RL_ELC,Electrified railway lines,NAR,Narrow gauge,SI,Slovenia,2011,0,
RL_ELC,Electrified railway lines,NAR,Narrow gauge,SI,Slovenia,2012,0,
RL_ELC,Electrified railway lines,NAR,Narrow gauge,SI,Slovenia,2013,0,
RL_ELC,Electrified railway lines,NAR,Narrow gauge,SI,Slovenia,2014,0,
RL_ELC,Electrified railway lines,NAR,Narrow gauge,SI,Slovenia,2015,0,
RL_ELC,Electrified railway lines,NAR,Narrow gauge,SI,Slovenia,2016,0,
RL_ELC,Electrified railway lines,NAR,Narrow gauge,SI,Slovenia,2017,0,
RL_ELC,Electrified railway lines,NAR,Narrow gauge,SI,Slovenia,2018,0,
RL_ELC,Electrified railway lines,NAR,Narrow gauge,SI,Slovenia,2019,0,
RL_ELC,Electrified railway lines,NAR,Narrow gauge,SI,Slovenia,2020,0,
RL_ELC,Electrified railway lines,NAR,Narrow gauge,SI,Slovenia,2021,0,
RL_ELC,Electrified railway lines,NAR,Narrow gauge,SI,Slovenia,2022,0,
RL_ELC,Electrified railway lines,NAR,Narrow gauge,SI,Slovenia,2023,0,
RL_ELC,Electrified railway lines,NAR,Narrow gauge,SI,Slovenia,2024,0,
RL_ELC,Electrified railway lines,NAR,Narrow gauge,SK,Slovakia,1992,48,
RL_ELC,Electrified railway lines,NAR,Narrow gauge,SK,Slovakia,1993,48,
RL_ELC,Electrified railway lines,NAR,Narrow gauge,SK,Slovakia,1994,48,
RL_ELC,Electrified railway lines,NAR,Narrow gauge,SK,Slovakia,1995,48,
RL_ELC,Electrified railway lines,NAR,Narrow gauge,SK,Slovakia,1996,46,
RL_ELC,Electrified railway lines,NAR,Narrow gauge,SK,Slovakia,1997,46,
RL_ELC,Electrified railway lines,NAR,Narrow gauge,SK,Slovakia,1998,46,
RL_ELC,Electrified railway lines,NAR,Narrow gauge,SK,Slovakia,1999,46,
RL_ELC,Electrified railway lines,NAR,Narrow gauge,SK,Slovakia,2000,46,
RL_ELC,Electrified railway lines,NAR,Narrow gauge,SK,Slovakia,2001,46,
RL_ELC,Electrified railway lines,NAR,Narrow gauge,SK,Slovakia,2002,46,
RL_ELC,Electrified railway lines,NAR,Narrow gauge,SK,Slovakia,2003,46,
RL_ELC,Electrified railway lines,NAR,Narrow gauge,SK,Slovakia,2004,46,
RL_ELC,Electrified railway lines,NAR,Narrow gauge,SK,Slovakia,2005,46,
RL_ELC,Electrified railway lines,NAR,Narrow gauge,SK,Slovakia,2006,46,
RL_ELC,Electrified railway lines,NAR,Narrow gauge,SK,Slovakia,2007,46,
RL_ELC,Electrified railway lines,NAR,Narrow gauge,SK,Slovakia,2008,46,
RL_ELC,Electrified railway lines,NAR,Narrow gauge,SK,Slovakia,2009,46,
RL_ELC,Electrified railway lines,NAR,Narrow gauge,SK,Slovakia,2010,46,
RL_ELC,Electrified railway lines,NAR,Narrow gauge,SK,Slovakia,2011,46,
RL_ELC,Electrified railway lines,NAR,Narrow gauge,SK,Slovakia,2012,46,
RL_ELC,Electrified railway lines,NAR,Narrow gauge,SK,Slovakia,2013,46,
RL_ELC,Electrified railway lines,NAR,Narrow gauge,SK,Slovakia,2014,46,
RL_ELC,Electrified railway lines,NAR,Narrow gauge,SK,Slovakia,2015,46,
RL_ELC,Electrified railway lines,NAR,Narrow gauge,SK,Slovakia,2016,46,
RL_ELC,Electrified railway lines,NAR,Narrow gauge,SK,Slovakia,2017,46,
RL_ELC,Electrified railway lines,NAR,Narrow gauge,SK,Slovakia,2018,46,
RL_ELC,Electrified railway lines,NAR,Narrow gauge,SK,Slovakia,2019,46,
RL_ELC,Electrified railway lines,NAR,Narrow gauge,SK,Slovakia,2020,46,
RL_ELC,Electrified railway lines,NAR,Narrow gauge,SK,Slovakia,2021,46,
RL_ELC,Electrified railway lines,NAR,Narrow gauge,SK,Slovakia,2022,46,
RL_ELC,Electrified railway lines,NAR,Narrow gauge,SK,Slovakia,2023,46,
RL_ELC,Electrified railway lines,NAR,Narrow gauge,SK,Slovakia,2024,46,
RL_ELC,Electrified railway lines,NAR,Narrow gauge,TR,Türkiye,1990,0,
RL_ELC,Electrified railway lines,NAR,Narrow gauge,TR,Türkiye,1991,0,
RL_ELC,Electrified railway lines,NAR,Narrow gauge,TR,Türkiye,1992,0,
RL_ELC,Electrified railway lines,NAR,Narrow gauge,TR,Türkiye,1993,0,
RL_ELC,Electrified railway lines,NAR,Narrow gauge,TR,Türkiye,1994,0,
RL_ELC,Electrified railway lines,NAR,Narrow gauge,TR,Türkiye,1995,0,
RL_ELC,Electrified railway lines,NAR,Narrow gauge,TR,Türkiye,1996,0,
RL_ELC,Electrified railway lines,NAR,Narrow gauge,TR,Türkiye,1997,0,
RL_ELC,Electrified railway lines,NAR,Narrow gauge,TR,Türkiye,1998,0,
RL_ELC,Electrified railway lines,NAR,Narrow gauge,TR,Türkiye,1999,0,
RL_ELC,Electrified railway lines,NAR,Narrow gauge,TR,Türkiye,2005,0,
RL_ELC,Electrified railway lines,NAR,Narrow gauge,TR,Türkiye,2006,0,
RL_ELC,Electrified railway lines,NAR,Narrow gauge,TR,Türkiye,2007,0,
RL_ELC,Electrified railway lines,NAR,Narrow gauge,TR,Türkiye,2008,0,
RL_ELC,Electrified railway lines,NAR,Narrow gauge,TR,Türkiye,2009,0,
RL_ELC,Electrified railway lines,NAR,Narrow gauge,TR,Türkiye,2010,0,
RL_ELC,Electrified railway lines,NAR,Narrow gauge,TR,Türkiye,2011,0,
RL_ELC,Electrified railway lines,NAR,Narrow gauge,TR,Türkiye,2012,0,
RL_ELC,Electrified railway lines,NAR,Narrow gauge,TR,Türkiye,2013,0,
RL_ELC,Electrified railway lines,NAR,Narrow gauge,TR,Türkiye,2014,0,
RL_ELC,Electrified railway lines,NAR,Narrow gauge,TR,Türkiye,2015,0,
RL_ELC,Electrified railway lines,NAR,Narrow gauge,TR,Türkiye,2016,0,
RL_ELC,Electrified railway lines,NAR,Narrow gauge,TR,Türkiye,2017,0,
RL_ELC,Electrified railway lines,NAR,Narrow gauge,TR,Türkiye,2018,0,
RL_ELC,Electrified railway lines,NAR,Narrow gauge,TR,Türkiye,2019,0,
RL_ELC,Electrified railway lines,NAR,Narrow gauge,TR,Türkiye,2020,0,
RL_ELC,Electrified railway lines,NAR,Narrow gauge,TR,Türkiye,2021,0,
RL_ELC,Electrified railway lines,NAR,Narrow gauge,TR,Türkiye,2022,0,
RL_ELC,Electrified railway lines,NAR,Narrow gauge,TR,Türkiye,2023,0,
RL_ELC,Electrified railway lines,NAR,Narrow gauge,TR,Türkiye,2024,0,
RL_ELC,Electrified railway lines,NAR,Narrow gauge,UA,Ukraine,1990,0,
RL_ELC,Electrified railway lines,NAR,Narrow gauge,UA,Ukraine,1991,0,
RL_ELC,Electrified railway lines,NAR,Narrow gauge,UA,Ukraine,1992,0,
RL_ELC,Electrified railway lines,NAR,Narrow gauge,UA,Ukraine,1993,0,
RL_ELC,Electrified railway lines,NAR,Narrow gauge,UA,Ukraine,1994,0,
RL_ELC,Electrified railway lines,NAR,Narrow gauge,UA,Ukraine,1995,0,
RL_ELC,Electrified railway lines,NAR,Narrow gauge,UA,Ukraine,1996,0,
RL_ELC,Electrified railway lines,NAR,Narrow gauge,UA,Ukraine,1997,0,
RL_ELC,Electrified railway lines,NAR,Narrow gauge,UA,Ukraine,1998,0,
RL_ELC,Electrified railway lines,NAR,Narrow gauge,UA,Ukraine,1999,0,
RL_ELC,Electrified railway lines,NAR,Narrow gauge,UA,Ukraine,2012,0,
RL_ELC,Electrified railway lines,NAR,Narrow gauge,UA,Ukraine,2013,0,
RL_ELC,Electrified railway lines,NAR,Narrow gauge,UA,Ukraine,2014,0,
RL_ELC,Electrified railway lines,NAR,Narrow gauge,UA,Ukraine,2015,0,
RL_ELC,Electrified railway lines,NAR,Narrow gauge,UA,Ukraine,2016,0,
RL_ELC,Electrified railway lines,NAR,Narrow gauge,UA,Ukraine,2017,0,
RL_ELC,Electrified railway lines,NAR,Narrow gauge,UA,Ukraine,2018,0,
RL_ELC,Electrified railway lines,NAR,Narrow gauge,UA,Ukraine,2019,0,
RL_ELC,Electrified railway lines,NAR,Narrow gauge,UA,Ukraine,2020,0,
RL_ELC,Electrified railway lines,NAR,Narrow gauge,UA,Ukraine,2022,0,
RL_ELC,Electrified railway lines,NAR,Narrow gauge,UA,Ukraine,2023,0,
RL_ELC,Electrified railway lines,NAR,Narrow gauge,UK,United Kingdom,2005,0,
RL_ELC,Electrified railway lines,NAR,Narrow gauge,UK,United Kingdom,2006,0,
RL_ELC,Electrified railway lines,NAR,Narrow gauge,UK,United Kingdom,2007,0,
RL_ELC,Electrified railway lines,NAR,Narrow gauge,UK,United Kingdom,2008,0,
RL_ELC,Electrified railway lines,NAR,Narrow gauge,UK,United Kingdom,2009,0,
RL_ELC,Electrified railway lines,NAR,Narrow gauge,UK,United Kingdom,2010,0,
RL_ELC,Electrified railway lines,NAR,Narrow gauge,UK,United Kingdom,2011,0,
RL_ELC,Electrified railway lines,NAR,Narrow gauge,UK,United Kingdom,2012,0,
RL_ELC,Electrified railway lines,NAR,Narrow gauge,UK,United Kingdom,2013,0,
RL_ELC,Electrified railway lines,NAR,Narrow gauge,UK,United Kingdom,2014,0,
RL_ELC,Electrified railway lines,NAR,Narrow gauge,UK,United Kingdom,2015,0,
RL_ELC,Electrified railway lines,NAR,Narrow gauge,UK,United Kingdom,2016,0,
RL_ELC,Electrified railway lines,NAR,Narrow gauge,UK,United Kingdom,2017,0,
RL_ELC,Electrified railway lines,NAR,Narrow gauge,UK,United Kingdom,2018,0,
RL_ELC,Electrified railway lines,NAR,Narrow gauge,UK,United Kingdom,2019,0,
RL_ELC,Electrified railway lines,NAR,Narrow gauge,UK,United Kingdom,2020,0,
RL_ELC,Electrified railway lines,NAR,Narrow gauge,UK,United Kingdom,2021,0,
RL_ELC,Electrified railway lines,NAR,Narrow gauge,UK,United Kingdom,2022,0,
RL_ELC,Electrified railway lines,NAR,Narrow gauge,UK,United Kingdom,2023,0,
RL_ELC,Electrified railway lines,NAR,Narrow gauge,UK,United Kingdom,2024,0,
RL_ELC,Electrified railway lines,NAR,Narrow gauge,XK,Kosovo*,2017,0,
RL_ELC,Electrified railway lines,NAR,Narrow gauge,XK,Kosovo*,2018,0,
RL_ELC,Electrified railway lines,NAR,Narrow gauge,XK,Kosovo*,2019,0,
RL_ELC,Electrified railway lines,NAR,Narrow gauge,XK,Kosovo*,2020,0,
RL_ELC,Electrified railway lines,NAR,Narrow gauge,XK,Kosovo*,2021,0,
RL_ELC,Electrified railway lines,NAR,Narrow gauge,XK,Kosovo*,2022,0,
RL_ELC,Electrified railway lines,NAR,Narrow gauge,XK,Kosovo*,2023,0,i
RL_ELC,Electrified railway lines,NAR,Narrow gauge,XK,Kosovo*,2024,0,i
RL_ELC,Electrified railway lines,STD,Standard gauge,AL,Albania,1990,0,
RL_ELC,Electrified railway lines,STD,Standard gauge,AL,Albania,1991,0,
RL_ELC,Electrified railway lines,STD,Standard gauge,AL,Albania,1992,0,
RL_ELC,Electrified railway lines,STD,Standard gauge,AL,Albania,1993,0,
RL_ELC,Electrified railway lines,STD,Standard gauge,AL,Albania,1994,0,
RL_ELC,Electrified railway lines,STD,Standard gauge,AL,Albania,1995,0,
RL_ELC,Electrified railway lines,STD,Standard gauge,AL,Albania,1996,0,
RL_ELC,Electrified railway lines,STD,Standard gauge,AL,Albania,1997,0,
RL_ELC,Electrified railway lines,STD,Standard gauge,AL,Albania,1998,0,
RL_ELC,Electrified railway lines,STD,Standard gauge,AL,Albania,1999,0,
RL_ELC,Electrified railway lines,STD,Standard gauge,AL,Albania,2000,0,
RL_ELC,Electrified railway lines,STD,Standard gauge,AL,Albania,2003,0,
RL_ELC,Electrified railway lines,STD,Standard gauge,AL,Albania,2004,0,
RL_ELC,Electrified railway lines,STD,Standard gauge,AL,Albania,2005,0,
RL_ELC,Electrified railway lines,STD,Standard gauge,AL,Albania,2006,0,
RL_ELC,Electrified railway lines,STD,Standard gauge,AL,Albania,2007,0,
RL_ELC,Electrified railway lines,STD,Standard gauge,AL,Albania,2008,0,
RL_ELC,Electrified railway lines,STD,Standard gauge,AL,Albania,2009,0,
RL_ELC,Electrified railway lines,STD,Standard gauge,AL,Albania,2010,0,
RL_ELC,Electrified railway lines,STD,Standard gauge,AL,Albania,2011,0,
RL_ELC,Electrified railway lines,STD,Standard gauge,AL,Albania,2012,0,
RL_ELC,Electrified railway lines,STD,Standard gauge,AL,Albania,2013,0,
RL_ELC,Electrified railway lines,STD,Standard gauge,AL,Albania,2014,0,
RL_ELC,Electrified railway lines,STD,Standard gauge,AL,Albania,2015,0,
RL_ELC,Electrified railway lines,STD,Standard gauge,AL,Albania,2016,0,
RL_ELC,Electrified railway lines,STD,Standard gauge,AL,Albania,2017,0,
RL_ELC,Electrified railway lines,STD,Standard gauge,AL,Albania,2018,0,
RL_ELC,Electrified railway lines,STD,Standard gauge,AL,Albania,2019,0,
RL_ELC,Electrified railway lines,STD,Standard gauge,AL,Albania,2020,0,
RL_ELC,Electrified railway lines,STD,Standard gauge,AL,Albania,2021,0,
RL_ELC,Electrified railway lines,STD,Standard gauge,AL,Albania,2022,0,
RL_ELC,Electrified railway lines,STD,Standard gauge,AL,Albania,2023,0,
RL_ELC,Electrified railway lines,STD,Standard gauge,AL,Albania,2024,0,
RL_ELC,Electrified railway lines,STD,Standard gauge,AT,Austria,1990,3162,i
RL_ELC,Electrified railway lines,STD,Standard gauge,AT,Austria,1991,3162,i
RL_ELC,Electrified railway lines,STD,Standard gauge,AT,Austria,1992,3163,i
RL_ELC,Electrified railway lines,STD,Standard gauge,AT,Austria,1993,3189,i
RL_ELC,Electrified railway lines,STD,Standard gauge,AT,Austria,1994,3224,i
RL_ELC,Electrified railway lines,STD,Standard gauge,AT,Austria,1995,3334,i
RL_ELC,Electrified railway lines,STD,Standard gauge,AT,Austria,1996,3334,i
RL_ELC,Electrified railway lines,STD,Standard gauge,AT,Austria,1997,3326,i
RL_ELC,Electrified railway lines,STD,Standard gauge,AT,Austria,1998,3282,i
RL_ELC,Electrified railway lines,STD,Standard gauge,AT,Austria,1999,3124,i
RL_ELC,Electrified railway lines,STD,Standard gauge,AT,Austria,2000,3215,i
RL_ELC,Electrified railway lines,STD,Standard gauge,AT,Austria,2001,3452,i
RL_ELC,Electrified railway lines,STD,Standard gauge,AT,Austria,2002,3396,i
RL_ELC,Electrified railway lines,STD,Standard gauge,AT,Austria,2003,3274,i
RL_ELC,Electrified railway lines,STD,Standard gauge,AT,Austria,2004,3403,i
RL_ELC,Electrified railway lines,STD,Standard gauge,AT,Austria,2005,3373,i
RL_ELC,Electrified railway lines,STD,Standard gauge,AT,Austria,2006,3378,i
RL_ELC,Electrified railway lines,STD,Standard gauge,AT,Austria,2007,3705,
RL_ELC,Electrified railway lines,STD,Standard gauge,AT,Austria,2008,3397,i
RL_ELC,Electrified railway lines,STD,Standard gauge,AT,Austria,2009,3804,i
RL_ELC,Electrified railway lines,STD,Standard gauge,AT,Austria,2010,3715,
RL_ELC,Electrified railway lines,STD,Standard gauge,AT,Austria,2011,3621,
RL_ELC,Electrified railway lines,STD,Standard gauge,AT,Austria,2012,3711,
RL_ELC,Electrified railway lines,STD,Standard gauge,AT,Austria,2013,3713,
RL_ELC,Electrified railway lines,STD,Standard gauge,AT,Austria,2014,3713,
RL_ELC,Electrified railway lines,STD,Standard gauge,AT,Austria,2015,3763,
RL_ELC,Electrified railway lines,STD,Standard gauge,AT,Austria,2016,3784,
RL_ELC,Electrified railway lines,STD,Standard gauge,AT,Austria,2017,3806,
RL_ELC,Electrified railway lines,STD,Standard gauge,AT,Austria,2018,3807,
RL_ELC,Electrified railway lines,STD,Standard gauge,AT,Austria,2019,3830,
RL_ELC,Electrified railway lines,STD,Standard gauge,AT,Austria,2020,3846,
RL_ELC,Electrified railway lines,STD,Standard gauge,AT,Austria,2021,3856,
RL_ELC,Electrified railway lines,STD,Standard gauge,AT,Austria,2022,3868,
RL_ELC,Electrified railway lines,STD,Standard gauge,AT,Austria,2023,3972,
RL_ELC,Electrified railway lines,STD,Standard gauge,AT,Austria,2024,4014,
RL_ELC,Electrified railway lines,STD,Standard gauge,BA,Bosnia and Herzegovina,1990,751,
RL_ELC,Electrified railway lines,STD,Standard gauge,BA,Bosnia and Herzegovina,1991,751,
RL_ELC,Electrified railway lines,STD,Standard gauge,BA,Bosnia and Herzegovina,1992,751,
RL_ELC,Electrified railway lines,STD,Standard gauge,BA,Bosnia and Herzegovina,1993,751,
RL_ELC,Electrified railway lines,STD,Standard gauge,BA,Bosnia and Herzegovina,1994,751,
RL_ELC,Electrified railway lines,STD,Standard gauge,BA,Bosnia and Herzegovina,1995,751,
RL_ELC,Electrified railway lines,STD,Standard gauge,BA,Bosnia and Herzegovina,1996,777,
RL_ELC,Electrified railway lines,STD,Standard gauge,BA,Bosnia and Herzegovina,1997,777,
RL_ELC,Electrified railway lines,STD,Standard gauge,BA,Bosnia and Herzegovina,1998,777,
RL_ELC,Electrified railway lines,STD,Standard gauge,BA,Bosnia and Herzegovina,1999,777,
RL_ELC,Electrified railway lines,STD,Standard gauge,BA,Bosnia and Herzegovina,2000,779,
RL_ELC,Electrified railway lines,STD,Standard gauge,BA,Bosnia and Herzegovina,2001,779,
RL_ELC,Electrified railway lines,STD,Standard gauge,BA,Bosnia and Herzegovina,2002,779,
RL_ELC,Electrified railway lines,STD,Standard gauge,BA,Bosnia and Herzegovina,2003,779,
RL_ELC,Electrified railway lines,STD,Standard gauge,BA,Bosnia and Herzegovina,2004,746,
RL_ELC,Electrified railway lines,STD,Standard gauge,BA,Bosnia and Herzegovina,2005,746,
RL_ELC,Electrified railway lines,STD,Standard gauge,BA,Bosnia and Herzegovina,2006,747,
RL_ELC,Electrified railway lines,STD,Standard gauge,BA,Bosnia and Herzegovina,2007,771,
RL_ELC,Electrified railway lines,STD,Standard gauge,BA,Bosnia and Herzegovina,2008,771,
RL_ELC,Electrified railway lines,STD,Standard gauge,BA,Bosnia and Herzegovina,2009,771,
RL_ELC,Electrified railway lines,STD,Standard gauge,BA,Bosnia and Herzegovina,2010,772,
RL_ELC,Electrified railway lines,STD,Standard gauge,BA,Bosnia and Herzegovina,2011,772,
RL_ELC,Electrified railway lines,STD,Standard gauge,BA,Bosnia and Herzegovina,2012,772,
RL_ELC,Electrified railway lines,STD,Standard gauge,BA,Bosnia and Herzegovina,2013,772,
RL_ELC,Electrified railway lines,STD,Standard gauge,BA,Bosnia and Herzegovina,2014,772,
RL_ELC,Electrified railway lines,STD,Standard gauge,BA,Bosnia and Herzegovina,2015,772,
RL_ELC,Electrified railway lines,STD,Standard gauge,BA,Bosnia and Herzegovina,2016,748,
RL_ELC,Electrified railway lines,STD,Standard gauge,BA,Bosnia and Herzegovina,2017,748,
RL_ELC,Electrified railway lines,STD,Standard gauge,BA,Bosnia and Herzegovina,2018,748,
RL_ELC,Electrified railway lines,STD,Standard gauge,BA,Bosnia and Herzegovina,2019,749,
RL_ELC,Electrified railway lines,STD,Standard gauge,BA,Bosnia and Herzegovina,2020,749,
RL_ELC,Electrified railway lines,STD,Standard gauge,BA,Bosnia and Herzegovina,2021,748,
RL_ELC,Electrified railway lines,STD,Standard gauge,BA,Bosnia and Herzegovina,2022,748,
RL_ELC,Electrified railway lines,STD,Standard gauge,BA,Bosnia and Herzegovina,2023,755,
RL_ELC,Electrified railway lines,STD,Standard gauge,BA,Bosnia and Herzegovina,2024,755,
RL_ELC,Electrified railway lines,STD,Standard gauge,BE,Belgium,1962,956,
RL_ELC,Electrified railway lines,STD,Standard gauge,BE,Belgium,1990,2293,
RL_ELC,Electrified railway lines,STD,Standard gauge,BE,Belgium,1991,2291,
RL_ELC,Electrified railway lines,STD,Standard gauge,BE,Belgium,1992,2291,
RL_ELC,Electrified railway lines,STD,Standard gauge,BE,Belgium,1993,2362,
RL_ELC,Electrified railway lines,STD,Standard gauge,BE,Belgium,1994,2363,
RL_ELC,Electrified railway lines,STD,Standard gauge,BE,Belgium,1995,2371,
RL_ELC,Electrified railway lines,STD,Standard gauge,BE,Belgium,1996,2460,
RL_ELC,Electrified railway lines,STD,Standard gauge,BE,Belgium,1997,2507,
RL_ELC,Electrified railway lines,STD,Standard gauge,BE,Belgium,1998,2643,
RL_ELC,Electrified railway lines,STD,Standard gauge,BE,Belgium,1999,2701,
RL_ELC,Electrified railway lines,STD,Standard gauge,BE,Belgium,2000,2705,
RL_ELC,Electrified railway lines,STD,Standard gauge,BE,Belgium,2001,2701,
RL_ELC,Electrified railway lines,STD,Standard gauge,BE,Belgium,2002,2934,
RL_ELC,Electrified railway lines,STD,Standard gauge,BE,Belgium,2003,2927,
RL_ELC,Electrified railway lines,STD,Standard gauge,BE,Belgium,2004,2950,
RL_ELC,Electrified railway lines,STD,Standard gauge,BE,Belgium,2005,2977,
RL_ELC,Electrified railway lines,STD,Standard gauge,BE,Belgium,2006,2993,
RL_ELC,Electrified railway lines,STD,Standard gauge,BE,Belgium,2007,2996,
RL_ELC,Electrified railway lines,STD,Standard gauge,BE,Belgium,2008,2995,
RL_ELC,Electrified railway lines,STD,Standard gauge,BE,Belgium,2009,3005,
RL_ELC,Electrified railway lines,STD,Standard gauge,BE,Belgium,2010,3007,
RL_ELC,Electrified railway lines,STD,Standard gauge,BE,Belgium,2011,3032,
RL_ELC,Electrified railway lines,STD,Standard gauge,BE,Belgium,2012,3055,
RL_ELC,Electrified railway lines,STD,Standard gauge,BE,Belgium,2013,3054.938,
RL_ELC,Electrified railway lines,STD,Standard gauge,BE,Belgium,2014,3088.465,
RL_ELC,Electrified railway lines,STD,Standard gauge,BE,Belgium,2015,3088.389,
RL_ELC,Electrified railway lines,STD,Standard gauge,BE,Belgium,2016,3086.121,
RL_ELC,Electrified railway lines,STD,Standard gauge,BE,Belgium,2017,3092.019,
RL_ELC,Electrified railway lines,STD,Standard gauge,BE,Belgium,2018,3095.366,
RL_ELC,Electrified railway lines,STD,Standard gauge,BE,Belgium,2019,3100.035,
RL_ELC,Electrified railway lines,STD,Standard gauge,BE,Belgium,2020,3099.332,
RL_ELC,Electrified railway lines,STD,Standard gauge,BE,Belgium,2021,3126.532,
RL_ELC,Electrified railway lines,STD,Standard gauge,BE,Belgium,2022,3185,
RL_ELC,Electrified railway lines,STD,Standard gauge,BE,Belgium,2023,3195,
RL_ELC,Electrified railway lines,STD,Standard gauge,BE,Belgium,2024,3181,
RL_ELC,Electrified railway lines,STD,Standard gauge,BG,Bulgaria,1990,2640,
RL_ELC,Electrified railway lines,STD,Standard gauge,BG,Bulgaria,1991,2640,
RL_ELC,Electrified railway lines,STD,Standard gauge,BG,Bulgaria,1992,2650,
RL_ELC,Electrified railway lines,STD,Standard gauge,BG,Bulgaria,1993,2650,
RL_ELC,Electrified railway lines,STD,Standard gauge,BG,Bulgaria,1994,2645,
RL_ELC,Electrified railway lines,STD,Standard gauge,BG,Bulgaria,1995,2656,
RL_ELC,Electrified railway lines,STD,Standard gauge,BG,Bulgaria,1996,2710,
RL_ELC,Electrified railway lines,STD,Standard gauge,BG,Bulgaria,1997,2711,
RL_ELC,Electrified railway lines,STD,Standard gauge,BG,Bulgaria,1998,2708,
RL_ELC,Electrified railway lines,STD,Standard gauge,BG,Bulgaria,1999,2708,
RL_ELC,Electrified railway lines,STD,Standard gauge,BG,Bulgaria,2000,2744,
RL_ELC,Electrified railway lines,STD,Standard gauge,BG,Bulgaria,2001,2846.5,
RL_ELC,Electrified railway lines,STD,Standard gauge,BG,Bulgaria,2002,2846.5,
RL_ELC,Electrified railway lines,STD,Standard gauge,BG,Bulgaria,2003,2870.8,
RL_ELC,Electrified railway lines,STD,Standard gauge,BG,Bulgaria,2004,2854.4,
RL_ELC,Electrified railway lines,STD,Standard gauge,BG,Bulgaria,2005,2880,
RL_ELC,Electrified railway lines,STD,Standard gauge,BG,Bulgaria,2006,2912,
RL_ELC,Electrified railway lines,STD,Standard gauge,BG,Bulgaria,2007,2806,
RL_ELC,Electrified railway lines,STD,Standard gauge,BG,Bulgaria,2008,2827,
RL_ELC,Electrified railway lines,STD,Standard gauge,BG,Bulgaria,2009,2833,
RL_ELC,Electrified railway lines,STD,Standard gauge,BG,Bulgaria,2010,2785,
RL_ELC,Electrified railway lines,STD,Standard gauge,BG,Bulgaria,2011,2862,
RL_ELC,Electrified railway lines,STD,Standard gauge,BG,Bulgaria,2012,2862,
RL_ELC,Electrified railway lines,STD,Standard gauge,BG,Bulgaria,2013,2869,
RL_ELC,Electrified railway lines,STD,Standard gauge,BG,Bulgaria,2014,2861,
RL_ELC,Electrified railway lines,STD,Standard gauge,BG,Bulgaria,2015,2859,
RL_ELC,Electrified railway lines,STD,Standard gauge,BG,Bulgaria,2016,2869,
RL_ELC,Electrified railway lines,STD,Standard gauge,BG,Bulgaria,2017,2870,
RL_ELC,Electrified railway lines,STD,Standard gauge,BG,Bulgaria,2018,2870,
RL_ELC,Electrified railway lines,STD,Standard gauge,BG,Bulgaria,2019,2869,
RL_ELC,Electrified railway lines,STD,Standard gauge,BG,Bulgaria,2020,2871,
RL_ELC,Electrified railway lines,STD,Standard gauge,BG,Bulgaria,2021,3001,
RL_ELC,Electrified railway lines,STD,Standard gauge,BG,Bulgaria,2022,3005,
RL_ELC,Electrified railway lines,STD,Standard gauge,BG,Bulgaria,2023,3001,
RL_ELC,Electrified railway lines,STD,Standard gauge,BG,Bulgaria,2024,3001,
RL_ELC,Electrified railway lines,STD,Standard gauge,CH,Switzerland,1990,3546,i
RL_ELC,Electrified railway lines,STD,Standard gauge,CH,Switzerland,1991,3550,i
RL_ELC,Electrified railway lines,STD,Standard gauge,CH,Switzerland,1992,3550,i
RL_ELC,Electrified railway lines,STD,Standard gauge,CH,Switzerland,1993,3548,i
RL_ELC,Electrified railway lines,STD,Standard gauge,CH,Switzerland,1994,3548,i
RL_ELC,Electrified railway lines,STD,Standard gauge,CH,Switzerland,1995,3552,i
RL_ELC,Electrified railway lines,STD,Standard gauge,CH,Switzerland,1996,3556,i
RL_ELC,Electrified railway lines,STD,Standard gauge,CH,Switzerland,1997,3512,i
RL_ELC,Electrified railway lines,STD,Standard gauge,CH,Switzerland,1998,3479,i
RL_ELC,Electrified railway lines,STD,Standard gauge,CH,Switzerland,1999,3673,i
RL_ELC,Electrified railway lines,STD,Standard gauge,CH,Switzerland,2000,3581,i
RL_ELC,Electrified railway lines,STD,Standard gauge,CH,Switzerland,2001,3597,i
RL_ELC,Electrified railway lines,STD,Standard gauge,CH,Switzerland,2002,3591,i
RL_ELC,Electrified railway lines,STD,Standard gauge,CH,Switzerland,2003,3589,i
RL_ELC,Electrified railway lines,STD,Standard gauge,CH,Switzerland,2004,3633,i
RL_ELC,Electrified railway lines,STD,Standard gauge,CH,Switzerland,2005,3633,i
RL_ELC,Electrified railway lines,STD,Standard gauge,CH,Switzerland,2006,3633,i
RL_ELC,Electrified railway lines,STD,Standard gauge,CH,Switzerland,2007,3673,i
RL_ELC,Electrified railway lines,STD,Standard gauge,CH,Switzerland,2008,3760,i
RL_ELC,Electrified railway lines,STD,Standard gauge,CH,Switzerland,2009,3802,i
RL_ELC,Electrified railway lines,STD,Standard gauge,CH,Switzerland,2010,3726,i
RL_ELC,Electrified railway lines,STD,Standard gauge,CH,Switzerland,2011,3754,i
RL_ELC,Electrified railway lines,STD,Standard gauge,CH,Switzerland,2012,3761,i
RL_ELC,Electrified railway lines,STD,Standard gauge,CH,Switzerland,2013,3814,i
RL_ELC,Electrified railway lines,STD,Standard gauge,CH,Switzerland,2014,3820,i
RL_ELC,Electrified railway lines,STD,Standard gauge,CH,Switzerland,2015,3827,i
RL_ELC,Electrified railway lines,STD,Standard gauge,CH,Switzerland,2016,3873,i
RL_ELC,Electrified railway lines,STD,Standard gauge,CH,Switzerland,2017,3889,i
RL_ELC,Electrified railway lines,STD,Standard gauge,CH,Switzerland,2018,3885,i
RL_ELC,Electrified railway lines,STD,Standard gauge,CH,Switzerland,2019,3899,i
RL_ELC,Electrified railway lines,STD,Standard gauge,CH,Switzerland,2020,3918.52,
RL_ELC,Electrified railway lines,STD,Standard gauge,CH,Switzerland,2021,3928,i
RL_ELC,Electrified railway lines,STD,Standard gauge,CH,Switzerland,2022,3933,i
RL_ELC,Electrified railway lines,STD,Standard gauge,CH,Switzerland,2023,3933,i
RL_ELC,Electrified railway lines,STD,Standard gauge,CH,Switzerland,2024,3922,i
RL_ELC,Electrified railway lines,STD,Standard gauge,CZ,Czechia,1990,2579,
RL_ELC,Electrified railway lines,STD,Standard gauge,CZ,Czechia,1991,2597,
RL_ELC,Electrified railway lines,STD,Standard gauge,CZ,Czechia,1992,2593,
RL_ELC,Electrified railway lines,STD,Standard gauge,CZ,Czechia,1993,2706,
RL_ELC,Electrified railway lines,STD,Standard gauge,CZ,Czechia,1994,2706,
RL_ELC,Electrified railway lines,STD,Standard gauge,CZ,Czechia,1995,2640,
RL_ELC,Electrified railway lines,STD,Standard gauge,CZ,Czechia,1996,2859,
RL_ELC,Electrified railway lines,STD,Standard gauge,CZ,Czechia,1997,2859,
RL_ELC,Electrified railway lines,STD,Standard gauge,CZ,Czechia,1998,2859,
RL_ELC,Electrified railway lines,STD,Standard gauge,CZ,Czechia,1999,2843,
RL_ELC,Electrified railway lines,STD,Standard gauge,CZ,Czechia,2000,2843,
RL_ELC,Electrified railway lines,STD,Standard gauge,CZ,Czechia,2001,2891,
RL_ELC,Electrified railway lines,STD,Standard gauge,CZ,Czechia,2002,2924,
RL_ELC,Electrified railway lines,STD,Standard gauge,CZ,Czechia,2003,2941,
RL_ELC,Electrified railway lines,STD,Standard gauge,CZ,Czechia,2004,2980,
RL_ELC,Electrified railway lines,STD,Standard gauge,CZ,Czechia,2005,2995,
RL_ELC,Electrified railway lines,STD,Standard gauge,CZ,Czechia,2006,3039,
RL_ELC,Electrified railway lines,STD,Standard gauge,CZ,Czechia,2007,3058,
RL_ELC,Electrified railway lines,STD,Standard gauge,CZ,Czechia,2008,3076,
RL_ELC,Electrified railway lines,STD,Standard gauge,CZ,Czechia,2009,3151,
RL_ELC,Electrified railway lines,STD,Standard gauge,CZ,Czechia,2010,3210,
RL_ELC,Electrified railway lines,STD,Standard gauge,CZ,Czechia,2011,3208,
RL_ELC,Electrified railway lines,STD,Standard gauge,CZ,Czechia,2012,3217,
RL_ELC,Electrified railway lines,STD,Standard gauge,CZ,Czechia,2013,3216,
RL_ELC,Electrified railway lines,STD,Standard gauge,CZ,Czechia,2014,3216,
RL_ELC,Electrified railway lines,STD,Standard gauge,CZ,Czechia,2015,3237,
RL_ELC,Electrified railway lines,STD,Standard gauge,CZ,Czechia,2016,3236,
RL_ELC,Electrified railway lines,STD,Standard gauge,CZ,Czechia,2017,3237,
RL_ELC,Electrified railway lines,STD,Standard gauge,CZ,Czechia,2018,3235,
RL_ELC,Electrified railway lines,STD,Standard gauge,CZ,Czechia,2019,3231,
RL_ELC,Electrified railway lines,STD,Standard gauge,CZ,Czechia,2020,3236,
RL_ELC,Electrified railway lines,STD,Standard gauge,CZ,Czechia,2021,3234,
RL_ELC,Electrified railway lines,STD,Standard gauge,CZ,Czechia,2022,3234,
RL_ELC,Electrified railway lines,STD,Standard gauge,CZ,Czechia,2023,3277,
RL_ELC,Electrified railway lines,STD,Standard gauge,CZ,Czechia,2024,3277,
RL_ELC,Electrified railway lines,STD,Standard gauge,DE,Germany,1962,4346,
RL_ELC,Electrified railway lines,STD,Standard gauge,DE,Germany,1990,16200,
RL_ELC,Electrified railway lines,STD,Standard gauge,DE,Germany,1992,16481,
RL_ELC,Electrified railway lines,STD,Standard gauge,DE,Germany,1993,16793,
RL_ELC,Electrified railway lines,STD,Standard gauge,DE,Germany,1994,17748,
RL_ELC,Electrified railway lines,STD,Standard gauge,DE,Germany,1998,18857,
RL_ELC,Electrified railway lines,STD,Standard gauge,DE,Germany,1999,18934,
RL_ELC,Electrified railway lines,STD,Standard gauge,DE,Germany,2000,19078.67,
RL_ELC,Electrified railway lines,STD,Standard gauge,DE,Germany,2001,19119,
RL_ELC,Electrified railway lines,STD,Standard gauge,DE,Germany,2002,19254,
RL_ELC,Electrified railway lines,STD,Standard gauge,DE,Germany,2003,19829,i
RL_ELC,Electrified railway lines,STD,Standard gauge,DE,Germany,2004,19847,i
RL_ELC,Electrified railway lines,STD,Standard gauge,DE,Germany,2006,20021,i
RL_ELC,Electrified railway lines,STD,Standard gauge,DE,Germany,2007,20051,i
RL_ELC,Electrified railway lines,STD,Standard gauge,DE,Germany,2008,20152,i
RL_ELC,Electrified railway lines,STD,Standard gauge,DE,Germany,2009,20208,i
RL_ELC,Electrified railway lines,STD,Standard gauge,DE,Germany,2010,20081,i
RL_ELC,Electrified railway lines,STD,Standard gauge,DE,Germany,2011,20172,i
RL_ELC,Electrified railway lines,STD,Standard gauge,DE,Germany,2012,20179,i
RL_ELC,Electrified railway lines,STD,Standard gauge,DE,Germany,2013,20270.877,i
RL_ELC,Electrified railway lines,STD,Standard gauge,DE,Germany,2014,20389.877,i
RL_ELC,Electrified railway lines,STD,Standard gauge,DE,Germany,2015,20384.947,i
RL_ELC,Electrified railway lines,STD,Standard gauge,DE,Germany,2016,20508.43,i
RL_ELC,Electrified railway lines,STD,Standard gauge,DE,Germany,2017,20545.807,i
RL_ELC,Electrified railway lines,STD,Standard gauge,DE,Germany,2018,20541.736,i
RL_ELC,Electrified railway lines,STD,Standard gauge,DE,Germany,2019,20830.919,i
RL_ELC,Electrified railway lines,STD,Standard gauge,DE,Germany,2020,20867.131,i
RL_ELC,Electrified railway lines,STD,Standard gauge,DE,Germany,2021,21069.273,i
RL_ELC,Electrified railway lines,STD,Standard gauge,DK,Denmark,1990,230,i
RL_ELC,Electrified railway lines,STD,Standard gauge,DK,Denmark,1991,340,i
RL_ELC,Electrified railway lines,STD,Standard gauge,DK,Denmark,1992,365,
RL_ELC,Electrified railway lines,STD,Standard gauge,DK,Denmark,1993,370,
RL_ELC,Electrified railway lines,STD,Standard gauge,DK,Denmark,1994,370,
RL_ELC,Electrified railway lines,STD,Standard gauge,DK,Denmark,1995,370,i
RL_ELC,Electrified railway lines,STD,Standard gauge,DK,Denmark,1996,370,i
RL_ELC,Electrified railway lines,STD,Standard gauge,DK,Denmark,1997,601,
RL_ELC,Electrified railway lines,STD,Standard gauge,DK,Denmark,1998,617,
RL_ELC,Electrified railway lines,STD,Standard gauge,DK,Denmark,1999,612,
RL_ELC,Electrified railway lines,STD,Standard gauge,DK,Denmark,2000,624,
RL_ELC,Electrified railway lines,STD,Standard gauge,DK,Denmark,2001,624,
RL_ELC,Electrified railway lines,STD,Standard gauge,DK,Denmark,2002,624,i
RL_ELC,Electrified railway lines,STD,Standard gauge,DK,Denmark,2003,624,i
RL_ELC,Electrified railway lines,STD,Standard gauge,DK,Denmark,2004,619,i
RL_ELC,Electrified railway lines,STD,Standard gauge,DK,Denmark,2005,619,i
RL_ELC,Electrified railway lines,STD,Standard gauge,DK,Denmark,2006,619,i
RL_ELC,Electrified railway lines,STD,Standard gauge,DK,Denmark,2007,619,i
RL_ELC,Electrified railway lines,STD,Standard gauge,DK,Denmark,2008,621,
RL_ELC,Electrified railway lines,STD,Standard gauge,DK,Denmark,2009,621,i
RL_ELC,Electrified railway lines,STD,Standard gauge,DK,Denmark,2010,621,i
RL_ELC,Electrified railway lines,STD,Standard gauge,DK,Denmark,2011,621,i
RL_ELC,Electrified railway lines,STD,Standard gauge,DK,Denmark,2012,621,i
RL_ELC,Electrified railway lines,STD,Standard gauge,DK,Denmark,2013,621,
RL_ELC,Electrified railway lines,STD,Standard gauge,DK,Denmark,2014,621,
RL_ELC,Electrified railway lines,STD,Standard gauge,DK,Denmark,2015,621,
RL_ELC,Electrified railway lines,STD,Standard gauge,DK,Denmark,2016,621,
RL_ELC,Electrified railway lines,STD,Standard gauge,DK,Denmark,2017,626,
RL_ELC,Electrified railway lines,STD,Standard gauge,DK,Denmark,2018,730,
RL_ELC,Electrified railway lines,STD,Standard gauge,DK,Denmark,2019,730,
RL_ELC,Electrified railway lines,STD,Standard gauge,DK,Denmark,2020,776,
RL_ELC,Electrified railway lines,STD,Standard gauge,DK,Denmark,2021,803,
RL_ELC,Electrified railway lines,STD,Standard gauge,DK,Denmark,2022,802,
RL_ELC,Electrified railway lines,STD,Standard gauge,DK,Denmark,2023,831,
RL_ELC,Electrified railway lines,STD,Standard gauge,DK,Denmark,2024,866,
RL_ELC,Electrified railway lines,STD,Standard gauge,EE,Estonia,1990,0,
RL_ELC,Electrified railway lines,STD,Standard gauge,EE,Estonia,1991,0,
RL_ELC,Electrified railway lines,STD,Standard gauge,EE,Estonia,1992,0,
RL_ELC,Electrified railway lines,STD,Standard gauge,EE,Estonia,1993,0,
RL_ELC,Electrified railway lines,STD,Standard gauge,EE,Estonia,1994,0,
RL_ELC,Electrified railway lines,STD,Standard gauge,EE,Estonia,1995,0,
RL_ELC,Electrified railway lines,STD,Standard gauge,EE,Estonia,1996,0,
RL_ELC,Electrified railway lines,STD,Standard gauge,EE,Estonia,1997,0,
RL_ELC,Electrified railway lines,STD,Standard gauge,EE,Estonia,1998,0,
RL_ELC,Electrified railway lines,STD,Standard gauge,EE,Estonia,1999,0,
RL_ELC,Electrified railway lines,STD,Standard gauge,EE,Estonia,2000,0,
RL_ELC,Electrified railway lines,STD,Standard gauge,EE,Estonia,2001,0,
RL_ELC,Electrified railway lines,STD,Standard gauge,EE,Estonia,2002,0,
RL_ELC,Electrified railway lines,STD,Standard gauge,EE,Estonia,2003,0,
RL_ELC,Electrified railway lines,STD,Standard gauge,EE,Estonia,2004,0,
RL_ELC,Electrified railway lines,STD,Standard gauge,EE,Estonia,2005,0,
RL_ELC,Electrified railway lines,STD,Standard gauge,EE,Estonia,2006,0,
RL_ELC,Electrified railway lines,STD,Standard gauge,EE,Estonia,2007,0,
RL_ELC,Electrified railway lines,STD,Standard gauge,EE,Estonia,2008,0,
RL_ELC,Electrified railway lines,STD,Standard gauge,EE,Estonia,2009,0,
RL_ELC,Electrified railway lines,STD,Standard gauge,EE,Estonia,2010,0,
RL_ELC,Electrified railway lines,STD,Standard gauge,EE,Estonia,2011,0,
RL_ELC,Electrified railway lines,STD,Standard gauge,EE,Estonia,2012,0,
RL_ELC,Electrified railway lines,STD,Standard gauge,EE,Estonia,2013,0,
RL_ELC,Electrified railway lines,STD,Standard gauge,EE,Estonia,2014,0,
RL_ELC,Electrified railway lines,STD,Standard gauge,EE,Estonia,2015,0,
RL_ELC,Electrified railway lines,STD,Standard gauge,EE,Estonia,2016,0,
RL_ELC,Electrified railway lines,STD,Standard gauge,EE,Estonia,2017,0,
RL_ELC,Electrified railway lines,STD,Standard gauge,EE,Estonia,2018,0,
RL_ELC,Electrified railway lines,STD,Standard gauge,EE,Estonia,2019,0,
RL_ELC,Electrified railway lines,STD,Standard gauge,EE,Estonia,2020,0,
RL_ELC,Electrified railway lines,STD,Standard gauge,EE,Estonia,2021,0,
RL_ELC,Electrified railway lines,STD,Standard gauge,EE,Estonia,2022,0,
RL_ELC,Electrified railway lines,STD,Standard gauge,EE,Estonia,2023,0,
RL_ELC,Electrified railway lines,STD,Standard gauge,EE,Estonia,2024,0,
RL_ELC,Electrified railway lines,STD,Standard gauge,EL,Greece,1990,0,
RL_ELC,Electrified railway lines,STD,Standard gauge,EL,Greece,1991,0,
RL_ELC,Electrified railway lines,STD,Standard gauge,EL,Greece,1992,0,
RL_ELC,Electrified railway lines,STD,Standard gauge,EL,Greece,1993,0,
RL_ELC,Electrified railway lines,STD,Standard gauge,EL,Greece,1994,0,
RL_ELC,Electrified railway lines,STD,Standard gauge,EL,Greece,1995,0,
RL_ELC,Electrified railway lines,STD,Standard gauge,EL,Greece,1996,0,
RL_ELC,Electrified railway lines,STD,Standard gauge,EL,Greece,1997,82,
RL_ELC,Electrified railway lines,STD,Standard gauge,EL,Greece,1998,82,
RL_ELC,Electrified railway lines,STD,Standard gauge,EL,Greece,1999,82,
RL_ELC,Electrified railway lines,STD,Standard gauge,EL,Greece,2000,82,
RL_ELC,Electrified railway lines,STD,Standard gauge,EL,Greece,2001,82,
RL_ELC,Electrified railway lines,STD,Standard gauge,EL,Greece,2002,82,
RL_ELC,Electrified railway lines,STD,Standard gauge,EL,Greece,2003,83,
RL_ELC,Electrified railway lines,STD,Standard gauge,EL,Greece,2004,83,
RL_ELC,Electrified railway lines,STD,Standard gauge,EL,Greece,2005,83,
RL_ELC,Electrified railway lines,STD,Standard gauge,EL,Greece,2006,106,
RL_ELC,Electrified railway lines,STD,Standard gauge,EL,Greece,2007,199,
RL_ELC,Electrified railway lines,STD,Standard gauge,EL,Greece,2008,264,
RL_ELC,Electrified railway lines,STD,Standard gauge,EL,Greece,2009,264,
RL_ELC,Electrified railway lines,STD,Standard gauge,EL,Greece,2010,368,
RL_ELC,Electrified railway lines,STD,Standard gauge,EL,Greece,2011,438,
RL_ELC,Electrified railway lines,STD,Standard gauge,EL,Greece,2012,438,
RL_ELC,Electrified railway lines,STD,Standard gauge,EL,Greece,2013,437,
RL_ELC,Electrified railway lines,STD,Standard gauge,EL,Greece,2014,494,
RL_ELC,Electrified railway lines,STD,Standard gauge,EL,Greece,2015,494,
RL_ELC,Electrified railway lines,STD,Standard gauge,EL,Greece,2016,520,
RL_ELC,Electrified railway lines,STD,Standard gauge,EL,Greece,2017,532,
RL_ELC,Electrified railway lines,STD,Standard gauge,EL,Greece,2018,679,
RL_ELC,Electrified railway lines,STD,Standard gauge,EL,Greece,2019,731,
RL_ELC,Electrified railway lines,STD,Standard gauge,EL,Greece,2020,731,
RL_ELC,Electrified railway lines,STD,Standard gauge,EL,Greece,2021,731,
RL_ELC,Electrified railway lines,STD,Standard gauge,EL,Greece,2022,738,
RL_ELC,Electrified railway lines,STD,Standard gauge,EL,Greece,2023,738,
RL_ELC,Electrified railway lines,STD,Standard gauge,EL,Greece,2024,738,
RL_ELC,Electrified railway lines,STD,Standard gauge,ES,Spain,1990,0,
RL_ELC,Electrified railway lines,STD,Standard gauge,ES,Spain,1991,0,
RL_ELC,Electrified railway lines,STD,Standard gauge,ES,Spain,1992,480,
RL_ELC,Electrified railway lines,STD,Standard gauge,ES,Spain,1993,480,
RL_ELC,Electrified railway lines,STD,Standard gauge,ES,Spain,1994,480,
RL_ELC,Electrified railway lines,STD,Standard gauge,ES,Spain,1995,480,
RL_ELC,Electrified railway lines,STD,Standard gauge,ES,Spain,1996,480,
RL_ELC,Electrified railway lines,STD,Standard gauge,ES,Spain,1997,481,
RL_ELC,Electrified railway lines,STD,Standard gauge,ES,Spain,1998,481,
RL_ELC,Electrified railway lines,STD,Standard gauge,ES,Spain,1999,481,
RL_ELC,Electrified railway lines,STD,Standard gauge,ES,Spain,2000,481,
RL_ELC,Electrified railway lines,STD,Standard gauge,ES,Spain,2001,481,
RL_ELC,Electrified railway lines,STD,Standard gauge,ES,Spain,2002,481,
RL_ELC,Electrified railway lines,STD,Standard gauge,ES,Spain,2003,1024,
RL_ELC,Electrified railway lines,STD,Standard gauge,ES,Spain,2004,1033,
RL_ELC,Electrified railway lines,STD,Standard gauge,ES,Spain,2005,1058,
RL_ELC,Electrified railway lines,STD,Standard gauge,ES,Spain,2006,1267,
RL_ELC,Electrified railway lines,STD,Standard gauge,ES,Spain,2007,1632,
RL_ELC,Electrified railway lines,STD,Standard gauge,ES,Spain,2008,1614,
RL_ELC,Electrified railway lines,STD,Standard gauge,ES,Spain,2009,1606,
RL_ELC,Electrified railway lines,STD,Standard gauge,ES,Spain,2010,2094,
RL_ELC,Electrified railway lines,STD,Standard gauge,ES,Spain,2011,2099,
RL_ELC,Electrified railway lines,STD,Standard gauge,ES,Spain,2012,2157,
RL_ELC,Electrified railway lines,STD,Standard gauge,ES,Spain,2013,2322,
RL_ELC,Electrified railway lines,STD,Standard gauge,ES,Spain,2014,2320,
RL_ELC,Electrified railway lines,STD,Standard gauge,ES,Spain,2015,2588,
RL_ELC,Electrified railway lines,STD,Standard gauge,ES,Spain,2016,2639,
RL_ELC,Electrified railway lines,STD,Standard gauge,ES,Spain,2017,2622,
RL_ELC,Electrified railway lines,STD,Standard gauge,ES,Spain,2018,2622,
RL_ELC,Electrified railway lines,STD,Standard gauge,ES,Spain,2019,2726.695,
RL_ELC,Electrified railway lines,STD,Standard gauge,ES,Spain,2020,2889.749,
RL_ELC,Electrified railway lines,STD,Standard gauge,ES,Spain,2021,3033.949,
RL_ELC,Electrified railway lines,STD,Standard gauge,ES,Spain,2022,3135.471,
RL_ELC,Electrified railway lines,STD,Standard gauge,ES,Spain,2023,3134.039,
RL_ELC,Electrified railway lines,STD,Standard gauge,ES,Spain,2024,3134.039,
RL_ELC,Electrified railway lines,STD,Standard gauge,EU27_2020,European Union - 27 countries (from 2020),2008,93684.75,
RL_ELC,Electrified railway lines,STD,Standard gauge,EU27_2020,European Union - 27 countries (from 2020),2009,94687.75,
RL_ELC,Electrified railway lines,STD,Standard gauge,EU27_2020,European Union - 27 countries (from 2020),2010,95346.75,
RL_ELC,Electrified railway lines,STD,Standard gauge,EU27_2020,European Union - 27 countries (from 2020),2012,96685,
RL_ELC,Electrified railway lines,STD,Standard gauge,EU27_2020,European Union - 27 countries (from 2020),2013,96693.415,
RL_ELC,Electrified railway lines,STD,Standard gauge,EU27_2020,European Union - 27 countries (from 2020),2014,97042.282,
RL_ELC,Electrified railway lines,STD,Standard gauge,EU27_2020,European Union - 27 countries (from 2020),2015,97361.336,
RL_ELC,Electrified railway lines,STD,Standard gauge,EU27_2020,European Union - 27 countries (from 2020),2016,97805.551,
RL_ELC,Electrified railway lines,STD,Standard gauge,EU27_2020,European Union - 27 countries (from 2020),2017,98662.826,
RL_ELC,Electrified railway lines,STD,Standard gauge,EU27_2020,European Union - 27 countries (from 2020),2018,98819.422,
RL_ELC,Electrified railway lines,STD,Standard gauge,EU27_2020,European Union - 27 countries (from 2020),2019,99432.969,
RL_ELC,Electrified railway lines,STD,Standard gauge,EU27_2020,European Union - 27 countries (from 2020),2020,99865.212,
RL_ELC,Electrified railway lines,STD,Standard gauge,EU27_2020,European Union - 27 countries (from 2020),2021,100689.754,
RL_ELC,Electrified railway lines,STD,Standard gauge,EU27_2020,European Union - 27 countries (from 2020),2022,101125.59,
RL_ELC,Electrified railway lines,STD,Standard gauge,EU27_2020,European Union - 27 countries (from 2020),2023,101488.039,
RL_ELC,Electrified railway lines,STD,Standard gauge,EU27_2020,European Union - 27 countries (from 2020),2024,101884.039,
RL_ELC,Electrified railway lines,STD,Standard gauge,FI,Finland,2008,0,
RL_ELC,Electrified railway lines,STD,Standard gauge,FI,Finland,2009,0,
RL_ELC,Electrified railway lines,STD,Standard gauge,FI,Finland,2010,0,
RL_ELC,Electrified railway lines,STD,Standard gauge,FI,Finland,2012,0,
RL_ELC,Electrified railway lines,STD,Standard gauge,FI,Finland,2013,0,
RL_ELC,Electrified railway lines,STD,Standard gauge,FI,Finland,2014,0,
RL_ELC,Electrified railway lines,STD,Standard gauge,FI,Finland,2015,0,b
RL_ELC,Electrified railway lines,STD,Standard gauge,FI,Finland,2016,0,
RL_ELC,Electrified railway lines,STD,Standard gauge,FI,Finland,2017,0,
RL_ELC,Electrified railway lines,STD,Standard gauge,FI,Finland,2018,0,
RL_ELC,Electrified railway lines,STD,Standard gauge,FI,Finland,2019,0,
RL_ELC,Electrified railway lines,STD,Standard gauge,FI,Finland,2020,0,
RL_ELC,Electrified railway lines,STD,Standard gauge,FI,Finland,2021,0,
RL_ELC,Electrified railway lines,STD,Standard gauge,FI,Finland,2022,0,
RL_ELC,Electrified railway lines,STD,Standard gauge,FI,Finland,2023,0,
RL_ELC,Electrified railway lines,STD,Standard gauge,FI,Finland,2024,0,
RL_ELC,Electrified railway lines,STD,Standard gauge,FR,France,1962,7425,
RL_ELC,Electrified railway lines,STD,Standard gauge,FR,France,1990,12415,
RL_ELC,Electrified railway lines,STD,Standard gauge,FR,France,1991,12587,
RL_ELC,Electrified railway lines,STD,Standard gauge,FR,France,1992,12799,
RL_ELC,Electrified railway lines,STD,Standard gauge,FR,France,1993,13476,
RL_ELC,Electrified railway lines,STD,Standard gauge,FR,France,1994,13646,
RL_ELC,Electrified railway lines,STD,Standard gauge,FR,France,1995,13703,
RL_ELC,Electrified railway lines,STD,Standard gauge,FR,France,1996,14080,
RL_ELC,Electrified railway lines,STD,Standard gauge,FR,France,1997,14082,
RL_ELC,Electrified railway lines,STD,Standard gauge,FR,France,1998,14055,
RL_ELC,Electrified railway lines,STD,Standard gauge,FR,France,1999,14106,
RL_ELC,Electrified railway lines,STD,Standard gauge,FR,France,2000,14122,
RL_ELC,Electrified railway lines,STD,Standard gauge,FR,France,2001,14366,
RL_ELC,Electrified railway lines,STD,Standard gauge,FR,France,2002,14364,
RL_ELC,Electrified railway lines,STD,Standard gauge,FR,France,2003,14365,
RL_ELC,Electrified railway lines,STD,Standard gauge,FR,France,2004,14494,
RL_ELC,Electrified railway lines,STD,Standard gauge,FR,France,2005,14657,
RL_ELC,Electrified railway lines,STD,Standard gauge,FR,France,2006,14711,
RL_ELC,Electrified railway lines,STD,Standard gauge,FR,France,2007,15028,
RL_ELC,Electrified railway lines,STD,Standard gauge,FR,France,2008,15248,
RL_ELC,Electrified railway lines,STD,Standard gauge,FR,France,2009,15335,
RL_ELC,Electrified railway lines,STD,Standard gauge,FR,France,2010,15358,
RL_ELC,Electrified railway lines,STD,Standard gauge,FR,France,2011,15720,
RL_ELC,Electrified railway lines,STD,Standard gauge,FR,France,2012,16021,
RL_ELC,Electrified railway lines,STD,Standard gauge,FR,France,2013,15763,
RL_ELC,Electrified railway lines,STD,Standard gauge,FR,France,2014,15935,
RL_ELC,Electrified railway lines,STD,Standard gauge,FR,France,2015,15891,
RL_ELC,Electrified railway lines,STD,Standard gauge,FR,France,2016,16000,
RL_ELC,Electrified railway lines,STD,Standard gauge,FR,France,2017,16614,
RL_ELC,Electrified railway lines,STD,Standard gauge,FR,France,2018,16615,
RL_ELC,Electrified railway lines,STD,Standard gauge,FR,France,2019,16628,
RL_ELC,Electrified railway lines,STD,Standard gauge,FR,France,2020,16595,
RL_ELC,Electrified railway lines,STD,Standard gauge,FR,France,2021,16636,
RL_ELC,Electrified railway lines,STD,Standard gauge,FR,France,2022,16705,
RL_ELC,Electrified railway lines,STD,Standard gauge,FR,France,2023,16703,
RL_ELC,Electrified railway lines,STD,Standard gauge,FR,France,2024,16710,
RL_ELC,Electrified railway lines,STD,Standard gauge,GE,Georgia,1995,0,
RL_ELC,Electrified railway lines,STD,Standard gauge,GE,Georgia,1996,0,
RL_ELC,Electrified railway lines,STD,Standard gauge,GE,Georgia,1997,0,
RL_ELC,Electrified railway lines,STD,Standard gauge,GE,Georgia,1998,0,
RL_ELC,Electrified railway lines,STD,Standard gauge,GE,Georgia,1999,0,
RL_ELC,Electrified railway lines,STD,Standard gauge,GE,Georgia,2012,0,
RL_ELC,Electrified railway lines,STD,Standard gauge,GE,Georgia,2013,0,
RL_ELC,Electrified railway lines,STD,Standard gauge,GE,Georgia,2014,0,
RL_ELC,Electrified railway lines,STD,Standard gauge,GE,Georgia,2015,0,
RL_ELC,Electrified railway lines,STD,Standard gauge,GE,Georgia,2016,0,
RL_ELC,Electrified railway lines,STD,Standard gauge,GE,Georgia,2017,0,
RL_ELC,Electrified railway lines,STD,Standard gauge,GE,Georgia,2018,0,
RL_ELC,Electrified railway lines,STD,Standard gauge,GE,Georgia,2019,0,
RL_ELC,Electrified railway lines,STD,Standard gauge,GE,Georgia,2020,0,
RL_ELC,Electrified railway lines,STD,Standard gauge,GE,Georgia,2021,0,
RL_ELC,Electrified railway lines,STD,Standard gauge,GE,Georgia,2022,0,
RL_ELC,Electrified railway lines,STD,Standard gauge,GE,Georgia,2023,0,
RL_ELC,Electrified railway lines,STD,Standard gauge,GE,Georgia,2024,0,
RL_ELC,Electrified railway lines,STD,Standard gauge,HR,Croatia,1990,844,
RL_ELC,Electrified railway lines,STD,Standard gauge,HR,Croatia,1991,915,
RL_ELC,Electrified railway lines,STD,Standard gauge,HR,Croatia,1992,964,
RL_ELC,Electrified railway lines,STD,Standard gauge,HR,Croatia,1993,984,
RL_ELC,Electrified railway lines,STD,Standard gauge,HR,Croatia,1994,983,
RL_ELC,Electrified railway lines,STD,Standard gauge,HR,Croatia,1995,983,
RL_ELC,Electrified railway lines,STD,Standard gauge,HR,Croatia,1996,983,
RL_ELC,Electrified railway lines,STD,Standard gauge,HR,Croatia,1997,983,
RL_ELC,Electrified railway lines,STD,Standard gauge,HR,Croatia,1998,983,
RL_ELC,Electrified railway lines,STD,Standard gauge,HR,Croatia,1999,983,
RL_ELC,Electrified railway lines,STD,Standard gauge,HR,Croatia,2000,983,
RL_ELC,Electrified railway lines,STD,Standard gauge,HR,Croatia,2001,983,
RL_ELC,Electrified railway lines,STD,Standard gauge,HR,Croatia,2002,983,
RL_ELC,Electrified railway lines,STD,Standard gauge,HR,Croatia,2003,983,
RL_ELC,Electrified railway lines,STD,Standard gauge,HR,Croatia,2004,984,
RL_ELC,Electrified railway lines,STD,Standard gauge,HR,Croatia,2005,984,
RL_ELC,Electrified railway lines,STD,Standard gauge,HR,Croatia,2006,980,
RL_ELC,Electrified railway lines,STD,Standard gauge,HR,Croatia,2007,980,
RL_ELC,Electrified railway lines,STD,Standard gauge,HR,Croatia,2008,985,
RL_ELC,Electrified railway lines,STD,Standard gauge,HR,Croatia,2009,985,
RL_ELC,Electrified railway lines,STD,Standard gauge,HR,Croatia,2010,984,
RL_ELC,Electrified railway lines,STD,Standard gauge,HR,Croatia,2011,984,
RL_ELC,Electrified railway lines,STD,Standard gauge,HR,Croatia,2012,984,
RL_ELC,Electrified railway lines,STD,Standard gauge,HR,Croatia,2013,985,
RL_ELC,Electrified railway lines,STD,Standard gauge,HR,Croatia,2014,970,
RL_ELC,Electrified railway lines,STD,Standard gauge,HR,Croatia,2015,970,
RL_ELC,Electrified railway lines,STD,Standard gauge,HR,Croatia,2016,970,
RL_ELC,Electrified railway lines,STD,Standard gauge,HR,Croatia,2017,970,
RL_ELC,Electrified railway lines,STD,Standard gauge,HR,Croatia,2018,970,
RL_ELC,Electrified railway lines,STD,Standard gauge,HR,Croatia,2019,970,
RL_ELC,Electrified railway lines,STD,Standard gauge,HR,Croatia,2020,970,
RL_ELC,Electrified railway lines,STD,Standard gauge,HR,Croatia,2021,994,
RL_ELC,Electrified railway lines,STD,Standard gauge,HR,Croatia,2022,995,
RL_ELC,Electrified railway lines,STD,Standard gauge,HR,Croatia,2023,1013,
RL_ELC,Electrified railway lines,STD,Standard gauge,HR,Croatia,2024,1013,
RL_ELC,Electrified railway lines,STD,Standard gauge,HU,Hungary,1990,2249,
RL_ELC,Electrified railway lines,STD,Standard gauge,HU,Hungary,1991,2247,
RL_ELC,Electrified railway lines,STD,Standard gauge,HU,Hungary,1992,2277,
RL_ELC,Electrified railway lines,STD,Standard gauge,HU,Hungary,1993,2277,
RL_ELC,Electrified railway lines,STD,Standard gauge,HU,Hungary,1994,2283,
RL_ELC,Electrified railway lines,STD,Standard gauge,HU,Hungary,1995,2353,
RL_ELC,Electrified railway lines,STD,Standard gauge,HU,Hungary,1996,2353,
RL_ELC,Electrified railway lines,STD,Standard gauge,HU,Hungary,1997,2378,
RL_ELC,Electrified railway lines,STD,Standard gauge,HU,Hungary,1998,2594,
RL_ELC,Electrified railway lines,STD,Standard gauge,HU,Hungary,1999,2620,
RL_ELC,Electrified railway lines,STD,Standard gauge,HU,Hungary,2000,2718,
RL_ELC,Electrified railway lines,STD,Standard gauge,HU,Hungary,2001,2718,
RL_ELC,Electrified railway lines,STD,Standard gauge,HU,Hungary,2002,2780,
RL_ELC,Electrified railway lines,STD,Standard gauge,HU,Hungary,2003,2780,
RL_ELC,Electrified railway lines,STD,Standard gauge,HU,Hungary,2004,2791,
RL_ELC,Electrified railway lines,STD,Standard gauge,HU,Hungary,2005,2790,
RL_ELC,Electrified railway lines,STD,Standard gauge,HU,Hungary,2006,2792,
RL_ELC,Electrified railway lines,STD,Standard gauge,HU,Hungary,2007,2738,
RL_ELC,Electrified railway lines,STD,Standard gauge,HU,Hungary,2008,2738,
RL_ELC,Electrified railway lines,STD,Standard gauge,HU,Hungary,2009,2792,
RL_ELC,Electrified railway lines,STD,Standard gauge,HU,Hungary,2010,2929,
RL_ELC,Electrified railway lines,STD,Standard gauge,HU,Hungary,2011,2981.5,
RL_ELC,Electrified railway lines,STD,Standard gauge,HU,Hungary,2012,2982,
RL_ELC,Electrified railway lines,STD,Standard gauge,HU,Hungary,2013,2968.6,
RL_ELC,Electrified railway lines,STD,Standard gauge,HU,Hungary,2014,2967.94,
RL_ELC,Electrified railway lines,STD,Standard gauge,HU,Hungary,2015,2963,
RL_ELC,Electrified railway lines,STD,Standard gauge,HU,Hungary,2016,3018,
RL_ELC,Electrified railway lines,STD,Standard gauge,HU,Hungary,2017,3103,
RL_ELC,Electrified railway lines,STD,Standard gauge,HU,Hungary,2018,3069,
RL_ELC,Electrified railway lines,STD,Standard gauge,HU,Hungary,2019,3111,
RL_ELC,Electrified railway lines,STD,Standard gauge,HU,Hungary,2020,3111,
RL_ELC,Electrified railway lines,STD,Standard gauge,HU,Hungary,2021,3221,
RL_ELC,Electrified railway lines,STD,Standard gauge,HU,Hungary,2022,3221,
RL_ELC,Electrified railway lines,STD,Standard gauge,HU,Hungary,2023,3368,
RL_ELC,Electrified railway lines,STD,Standard gauge,HU,Hungary,2024,3367,
RL_ELC,Electrified railway lines,STD,Standard gauge,IE,Ireland,1990,0,
RL_ELC,Electrified railway lines,STD,Standard gauge,IE,Ireland,1991,0,
RL_ELC,Electrified railway lines,STD,Standard gauge,IE,Ireland,1992,0,
RL_ELC,Electrified railway lines,STD,Standard gauge,IE,Ireland,1993,0,
RL_ELC,Electrified railway lines,STD,Standard gauge,IE,Ireland,1994,0,
RL_ELC,Electrified railway lines,STD,Standard gauge,IE,Ireland,1995,0,
RL_ELC,Electrified railway lines,STD,Standard gauge,IE,Ireland,1996,0,
RL_ELC,Electrified railway lines,STD,Standard gauge,IE,Ireland,1997,0,
RL_ELC,Electrified railway lines,STD,Standard gauge,IE,Ireland,1998,0,
RL_ELC,Electrified railway lines,STD,Standard gauge,IE,Ireland,1999,0,
RL_ELC,Electrified railway lines,STD,Standard gauge,IE,Ireland,2000,0,
RL_ELC,Electrified railway lines,STD,Standard gauge,IE,Ireland,2001,0,
RL_ELC,Electrified railway lines,STD,Standard gauge,IE,Ireland,2002,0,
RL_ELC,Electrified railway lines,STD,Standard gauge,IE,Ireland,2003,0,
RL_ELC,Electrified railway lines,STD,Standard gauge,IE,Ireland,2004,0,
RL_ELC,Electrified railway lines,STD,Standard gauge,IE,Ireland,2005,0,
RL_ELC,Electrified railway lines,STD,Standard gauge,IE,Ireland,2006,0,
RL_ELC,Electrified railway lines,STD,Standard gauge,IE,Ireland,2007,0,
RL_ELC,Electrified railway lines,STD,Standard gauge,IE,Ireland,2008,0,
RL_ELC,Electrified railway lines,STD,Standard gauge,IE,Ireland,2009,0,
RL_ELC,Electrified railway lines,STD,Standard gauge,IE,Ireland,2010,0,
RL_ELC,Electrified railway lines,STD,Standard gauge,IE,Ireland,2011,0,
RL_ELC,Electrified railway lines,STD,Standard gauge,IE,Ireland,2012,0,
RL_ELC,Electrified railway lines,STD,Standard gauge,IE,Ireland,2013,0,
RL_ELC,Electrified railway lines,STD,Standard gauge,IE,Ireland,2014,0,
RL_ELC,Electrified railway lines,STD,Standard gauge,IE,Ireland,2015,0,
RL_ELC,Electrified railway lines,STD,Standard gauge,IE,Ireland,2016,0,
RL_ELC,Electrified railway lines,STD,Standard gauge,IE,Ireland,2017,0,
RL_ELC,Electrified railway lines,STD,Standard gauge,IE,Ireland,2018,0,
RL_ELC,Electrified railway lines,STD,Standard gauge,IE,Ireland,2019,0,
RL_ELC,Electrified railway lines,STD,Standard gauge,IE,Ireland,2020,0,
RL_ELC,Electrified railway lines,STD,Standard gauge,IE,Ireland,2021,0,
RL_ELC,Electrified railway lines,STD,Standard gauge,IE,Ireland,2022,0,
RL_ELC,Electrified railway lines,STD,Standard gauge,IE,Ireland,2023,0,i
RL_ELC,Electrified railway lines,STD,Standard gauge,IE,Ireland,2024,0,
RL_ELC,Electrified railway lines,STD,Standard gauge,IT,Italy,1962,7860,
RL_ELC,Electrified railway lines,STD,Standard gauge,IT,Italy,1990,9512,i
RL_ELC,Electrified railway lines,STD,Standard gauge,IT,Italy,1991,9848,i
RL_ELC,Electrified railway lines,STD,Standard gauge,IT,Italy,1992,10015,i
RL_ELC,Electrified railway lines,STD,Standard gauge,IT,Italy,1993,10047,i
RL_ELC,Electrified railway lines,STD,Standard gauge,IT,Italy,1994,10124,i
RL_ELC,Electrified railway lines,STD,Standard gauge,IT,Italy,1995,10205,
RL_ELC,Electrified railway lines,STD,Standard gauge,IT,Italy,1996,10318,
RL_ELC,Electrified railway lines,STD,Standard gauge,IT,Italy,1997,10358,
RL_ELC,Electrified railway lines,STD,Standard gauge,IT,Italy,1998,10488,
RL_ELC,Electrified railway lines,STD,Standard gauge,IT,Italy,1999,10661,
RL_ELC,Electrified railway lines,STD,Standard gauge,IT,Italy,2000,10734,
RL_ELC,Electrified railway lines,STD,Standard gauge,IT,Italy,2001,10864,
RL_ELC,Electrified railway lines,STD,Standard gauge,IT,Italy,2002,10891,
RL_ELC,Electrified railway lines,STD,Standard gauge,IT,Italy,2003,10966,
RL_ELC,Electrified railway lines,STD,Standard gauge,IT,Italy,2004,11044,
RL_ELC,Electrified railway lines,STD,Standard gauge,IT,Italy,2005,11364,
RL_ELC,Electrified railway lines,STD,Standard gauge,IT,Italy,2006,11455,
RL_ELC,Electrified railway lines,STD,Standard gauge,IT,Italy,2007,11531,
RL_ELC,Electrified railway lines,STD,Standard gauge,IT,Italy,2008,11727,
RL_ELC,Electrified railway lines,STD,Standard gauge,IT,Italy,2009,11887,
RL_ELC,Electrified railway lines,STD,Standard gauge,IT,Italy,2010,11906,
RL_ELC,Electrified railway lines,STD,Standard gauge,IT,Italy,2011,11925,
RL_ELC,Electrified railway lines,STD,Standard gauge,IT,Italy,2012,11931,
RL_ELC,Electrified railway lines,STD,Standard gauge,IT,Italy,2013,11969,
RL_ELC,Electrified railway lines,STD,Standard gauge,IT,Italy,2014,11940,i
RL_ELC,Electrified railway lines,STD,Standard gauge,IT,Italy,2015,11941,i
RL_ELC,Electrified railway lines,STD,Standard gauge,IT,Italy,2016,12023,
RL_ELC,Electrified railway lines,STD,Standard gauge,IT,Italy,2017,12022,i
RL_ELC,Electrified railway lines,STD,Standard gauge,IT,Italy,2018,12018,
RL_ELC,Electrified railway lines,STD,Standard gauge,IT,Italy,2019,12016,
RL_ELC,Electrified railway lines,STD,Standard gauge,IT,Italy,2020,12065,
RL_ELC,Electrified railway lines,STD,Standard gauge,IT,Italy,2021,12160,
RL_ELC,Electrified railway lines,STD,Standard gauge,IT,Italy,2022,12184,
RL_ELC,Electrified railway lines,STD,Standard gauge,IT,Italy,2023,12205,
RL_ELC,Electrified railway lines,STD,Standard gauge,IT,Italy,2024,12277,
RL_ELC,Electrified railway lines,STD,Standard gauge,LI,Liechtenstein,2013,9,
RL_ELC,Electrified railway lines,STD,Standard gauge,LI,Liechtenstein,2014,9,
RL_ELC,Electrified railway lines,STD,Standard gauge,LI,Liechtenstein,2015,9,
RL_ELC,Electrified railway lines,STD,Standard gauge,LI,Liechtenstein,2016,9,
RL_ELC,Electrified railway lines,STD,Standard gauge,LI,Liechtenstein,2017,9,
RL_ELC,Electrified railway lines,STD,Standard gauge,LI,Liechtenstein,2018,9,
RL_ELC,Electrified railway lines,STD,Standard gauge,LI,Liechtenstein,2019,9,
RL_ELC,Electrified railway lines,STD,Standard gauge,LI,Liechtenstein,2020,9,
RL_ELC,Electrified railway lines,STD,Standard gauge,LI,Liechtenstein,2021,9,
RL_ELC,Electrified railway lines,STD,Standard gauge,LI,Liechtenstein,2022,9,
RL_ELC,Electrified railway lines,STD,Standard gauge,LI,Liechtenstein,2023,9,
RL_ELC,Electrified railway lines,STD,Standard gauge,LI,Liechtenstein,2024,9,
RL_ELC,Electrified railway lines,STD,Standard gauge,LT,Lithuania,1990,0,
RL_ELC,Electrified railway lines,STD,Standard gauge,LT,Lithuania,1991,0,
RL_ELC,Electrified railway lines,STD,Standard gauge,LT,Lithuania,1992,0,
RL_ELC,Electrified railway lines,STD,Standard gauge,LT,Lithuania,1993,0,
RL_ELC,Electrified railway lines,STD,Standard gauge,LT,Lithuania,1994,0,
RL_ELC,Electrified railway lines,STD,Standard gauge,LT,Lithuania,1995,0,
RL_ELC,Electrified railway lines,STD,Standard gauge,LT,Lithuania,1996,0,
RL_ELC,Electrified railway lines,STD,Standard gauge,LT,Lithuania,1997,0,
RL_ELC,Electrified railway lines,STD,Standard gauge,LT,Lithuania,1998,0,
RL_ELC,Electrified railway lines,STD,Standard gauge,LT,Lithuania,1999,0,
RL_ELC,Electrified railway lines,STD,Standard gauge,LT,Lithuania,2000,0,
RL_ELC,Electrified railway lines,STD,Standard gauge,LT,Lithuania,2001,0,
RL_ELC,Electrified railway lines,STD,Standard gauge,LT,Lithuania,2002,0,
RL_ELC,Electrified railway lines,STD,Standard gauge,LT,Lithuania,2004,0,
RL_ELC,Electrified railway lines,STD,Standard gauge,LT,Lithuania,2005,0,
RL_ELC,Electrified railway lines,STD,Standard gauge,LT,Lithuania,2006,0,
RL_ELC,Electrified railway lines,STD,Standard gauge,LT,Lithuania,2007,0,
RL_ELC,Electrified railway lines,STD,Standard gauge,LT,Lithuania,2008,0,
RL_ELC,Electrified railway lines,STD,Standard gauge,LT,Lithuania,2009,0,
RL_ELC,Electrified railway lines,STD,Standard gauge,LT,Lithuania,2010,0,
RL_ELC,Electrified railway lines,STD,Standard gauge,LT,Lithuania,2011,0,
RL_ELC,Electrified railway lines,STD,Standard gauge,LT,Lithuania,2012,0,
RL_ELC,Electrified railway lines,STD,Standard gauge,LT,Lithuania,2013,0,
RL_ELC,Electrified railway lines,STD,Standard gauge,LT,Lithuania,2014,0,
RL_ELC,Electrified railway lines,STD,Standard gauge,LT,Lithuania,2015,0,
RL_ELC,Electrified railway lines,STD,Standard gauge,LT,Lithuania,2016,0,
RL_ELC,Electrified railway lines,STD,Standard gauge,LT,Lithuania,2017,0,
RL_ELC,Electrified railway lines,STD,Standard gauge,LT,Lithuania,2018,0,
RL_ELC,Electrified railway lines,STD,Standard gauge,LT,Lithuania,2019,0,
RL_ELC,Electrified railway lines,STD,Standard gauge,LT,Lithuania,2020,0,
RL_ELC,Electrified railway lines,STD,Standard gauge,LT,Lithuania,2021,0,
RL_ELC,Electrified railway lines,STD,Standard gauge,LT,Lithuania,2022,0,
RL_ELC,Electrified railway lines,STD,Standard gauge,LT,Lithuania,2023,0,
RL_ELC,Electrified railway lines,STD,Standard gauge,LT,Lithuania,2024,0,
RL_ELC,Electrified railway lines,STD,Standard gauge,LU,Luxembourg,1962,136,
RL_ELC,Electrified railway lines,STD,Standard gauge,LU,Luxembourg,1990,197,
RL_ELC,Electrified railway lines,STD,Standard gauge,LU,Luxembourg,1991,220,
RL_ELC,Electrified railway lines,STD,Standard gauge,LU,Luxembourg,1992,220,
RL_ELC,Electrified railway lines,STD,Standard gauge,LU,Luxembourg,1993,262,
RL_ELC,Electrified railway lines,STD,Standard gauge,LU,Luxembourg,1994,262,
RL_ELC,Electrified railway lines,STD,Standard gauge,LU,Luxembourg,1995,262,
RL_ELC,Electrified railway lines,STD,Standard gauge,LU,Luxembourg,1996,261,
RL_ELC,Electrified railway lines,STD,Standard gauge,LU,Luxembourg,1997,261,
RL_ELC,Electrified railway lines,STD,Standard gauge,LU,Luxembourg,1998,261,
RL_ELC,Electrified railway lines,STD,Standard gauge,LU,Luxembourg,1999,261,
RL_ELC,Electrified railway lines,STD,Standard gauge,LU,Luxembourg,2000,261,
RL_ELC,Electrified railway lines,STD,Standard gauge,LU,Luxembourg,2001,261,
RL_ELC,Electrified railway lines,STD,Standard gauge,LU,Luxembourg,2002,261,
RL_ELC,Electrified railway lines,STD,Standard gauge,LU,Luxembourg,2003,262,
RL_ELC,Electrified railway lines,STD,Standard gauge,LU,Luxembourg,2004,262,
RL_ELC,Electrified railway lines,STD,Standard gauge,LU,Luxembourg,2005,262,
RL_ELC,Electrified railway lines,STD,Standard gauge,LU,Luxembourg,2006,262,
RL_ELC,Electrified railway lines,STD,Standard gauge,LU,Luxembourg,2007,262,
RL_ELC,Electrified railway lines,STD,Standard gauge,LU,Luxembourg,2008,262,
RL_ELC,Electrified railway lines,STD,Standard gauge,LU,Luxembourg,2009,262,
RL_ELC,Electrified railway lines,STD,Standard gauge,LU,Luxembourg,2010,262,
RL_ELC,Electrified railway lines,STD,Standard gauge,LU,Luxembourg,2011,262,
RL_ELC,Electrified railway lines,STD,Standard gauge,LU,Luxembourg,2012,262,
RL_ELC,Electrified railway lines,STD,Standard gauge,LU,Luxembourg,2013,262,
RL_ELC,Electrified railway lines,STD,Standard gauge,LU,Luxembourg,2014,262,
RL_ELC,Electrified railway lines,STD,Standard gauge,LU,Luxembourg,2015,262,
RL_ELC,Electrified railway lines,STD,Standard gauge,LU,Luxembourg,2016,262,
RL_ELC,Electrified railway lines,STD,Standard gauge,LU,Luxembourg,2017,262,
RL_ELC,Electrified railway lines,STD,Standard gauge,LU,Luxembourg,2018,262.32,
RL_ELC,Electrified railway lines,STD,Standard gauge,LU,Luxembourg,2019,262.32,
RL_ELC,Electrified railway lines,STD,Standard gauge,LU,Luxembourg,2020,262,
RL_ELC,Electrified railway lines,STD,Standard gauge,LU,Luxembourg,2021,262,
RL_ELC,Electrified railway lines,STD,Standard gauge,LU,Luxembourg,2022,262,
RL_ELC,Electrified railway lines,STD,Standard gauge,LU,Luxembourg,2023,262,
RL_ELC,Electrified railway lines,STD,Standard gauge,LU,Luxembourg,2024,262,
RL_ELC,Electrified railway lines,STD,Standard gauge,LV,Latvia,1990,0,
RL_ELC,Electrified railway lines,STD,Standard gauge,LV,Latvia,1991,0,
RL_ELC,Electrified railway lines,STD,Standard gauge,LV,Latvia,1992,0,
RL_ELC,Electrified railway lines,STD,Standard gauge,LV,Latvia,1993,0,
RL_ELC,Electrified railway lines,STD,Standard gauge,LV,Latvia,1994,0,
RL_ELC,Electrified railway lines,STD,Standard gauge,LV,Latvia,1995,0,
RL_ELC,Electrified railway lines,STD,Standard gauge,LV,Latvia,1996,0,
RL_ELC,Electrified railway lines,STD,Standard gauge,LV,Latvia,1997,0,
RL_ELC,Electrified railway lines,STD,Standard gauge,LV,Latvia,1998,0,
RL_ELC,Electrified railway lines,STD,Standard gauge,LV,Latvia,1999,0,
RL_ELC,Electrified railway lines,STD,Standard gauge,LV,Latvia,2000,0,
RL_ELC,Electrified railway lines,STD,Standard gauge,LV,Latvia,2001,0,
RL_ELC,Electrified railway lines,STD,Standard gauge,LV,Latvia,2002,0,
RL_ELC,Electrified railway lines,STD,Standard gauge,LV,Latvia,2003,0,
RL_ELC,Electrified railway lines,STD,Standard gauge,LV,Latvia,2004,0,
RL_ELC,Electrified railway lines,STD,Standard gauge,LV,Latvia,2005,0,
RL_ELC,Electrified railway lines,STD,Standard gauge,LV,Latvia,2006,0,
RL_ELC,Electrified railway lines,STD,Standard gauge,LV,Latvia,2007,0,
RL_ELC,Electrified railway lines,STD,Standard gauge,LV,Latvia,2008,0,
RL_ELC,Electrified railway lines,STD,Standard gauge,LV,Latvia,2009,0,
RL_ELC,Electrified railway lines,STD,Standard gauge,LV,Latvia,2010,0,
RL_ELC,Electrified railway lines,STD,Standard gauge,LV,Latvia,2011,0,
RL_ELC,Electrified railway lines,STD,Standard gauge,LV,Latvia,2012,0,
RL_ELC,Electrified railway lines,STD,Standard gauge,LV,Latvia,2013,0,
RL_ELC,Electrified railway lines,STD,Standard gauge,LV,Latvia,2014,0,
RL_ELC,Electrified railway lines,STD,Standard gauge,LV,Latvia,2015,0,
RL_ELC,Electrified railway lines,STD,Standard gauge,LV,Latvia,2016,0,
RL_ELC,Electrified railway lines,STD,Standard gauge,LV,Latvia,2017,0,
RL_ELC,Electrified railway lines,STD,Standard gauge,LV,Latvia,2018,0,
RL_ELC,Electrified railway lines,STD,Standard gauge,LV,Latvia,2019,0,
RL_ELC,Electrified railway lines,STD,Standard gauge,LV,Latvia,2020,0,
RL_ELC,Electrified railway lines,STD,Standard gauge,LV,Latvia,2021,0,
RL_ELC,Electrified railway lines,STD,Standard gauge,LV,Latvia,2022,0,
RL_ELC,Electrified railway lines,STD,Standard gauge,LV,Latvia,2023,0,
RL_ELC,Electrified railway lines,STD,Standard gauge,LV,Latvia,2024,0,
RL_ELC,Electrified railway lines,STD,Standard gauge,MD,Moldova,1990,0,
RL_ELC,Electrified railway lines,STD,Standard gauge,MD,Moldova,1991,0,
RL_ELC,Electrified railway lines,STD,Standard gauge,MD,Moldova,1992,0,
RL_ELC,Electrified railway lines,STD,Standard gauge,MD,Moldova,1993,0,
RL_ELC,Electrified railway lines,STD,Standard gauge,MD,Moldova,1994,0,
RL_ELC,Electrified railway lines,STD,Standard gauge,MD,Moldova,1995,0,
RL_ELC,Electrified railway lines,STD,Standard gauge,MD,Moldova,1996,0,
RL_ELC,Electrified railway lines,STD,Standard gauge,MD,Moldova,1997,0,
RL_ELC,Electrified railway lines,STD,Standard gauge,MD,Moldova,1998,0,
RL_ELC,Electrified railway lines,STD,Standard gauge,MD,Moldova,1999,0,
RL_ELC,Electrified railway lines,STD,Standard gauge,MD,Moldova,2000,0,
RL_ELC,Electrified railway lines,STD,Standard gauge,MD,Moldova,2001,0,
RL_ELC,Electrified railway lines,STD,Standard gauge,MD,Moldova,2002,0,
RL_ELC,Electrified railway lines,STD,Standard gauge,MD,Moldova,2004,0,
RL_ELC,Electrified railway lines,STD,Standard gauge,MD,Moldova,2009,0,
RL_ELC,Electrified railway lines,STD,Standard gauge,MD,Moldova,2010,0,
RL_ELC,Electrified railway lines,STD,Standard gauge,MD,Moldova,2011,0,
RL_ELC,Electrified railway lines,STD,Standard gauge,MD,Moldova,2012,0,
RL_ELC,Electrified railway lines,STD,Standard gauge,MD,Moldova,2013,0,
RL_ELC,Electrified railway lines,STD,Standard gauge,MD,Moldova,2014,0,
RL_ELC,Electrified railway lines,STD,Standard gauge,MD,Moldova,2015,0,
RL_ELC,Electrified railway lines,STD,Standard gauge,MD,Moldova,2016,0,
RL_ELC,Electrified railway lines,STD,Standard gauge,MD,Moldova,2017,0,
RL_ELC,Electrified railway lines,STD,Standard gauge,MD,Moldova,2018,0,
RL_ELC,Electrified railway lines,STD,Standard gauge,MD,Moldova,2019,0,
RL_ELC,Electrified railway lines,STD,Standard gauge,MD,Moldova,2020,0,
RL_ELC,Electrified railway lines,STD,Standard gauge,MD,Moldova,2021,0,
RL_ELC,Electrified railway lines,STD,Standard gauge,MD,Moldova,2022,0,
RL_ELC,Electrified railway lines,STD,Standard gauge,MD,Moldova,2023,0,
RL_ELC,Electrified railway lines,STD,Standard gauge,MD,Moldova,2024,0,
RL_ELC,Electrified railway lines,STD,Standard gauge,ME,Montenegro,2011,224.06,i
RL_ELC,Electrified railway lines,STD,Standard gauge,ME,Montenegro,2012,224.06,i
RL_ELC,Electrified railway lines,STD,Standard gauge,ME,Montenegro,2013,224.06,i
RL_ELC,Electrified railway lines,STD,Standard gauge,ME,Montenegro,2014,224,i
RL_ELC,Electrified railway lines,STD,Standard gauge,ME,Montenegro,2015,224,i
RL_ELC,Electrified railway lines,STD,Standard gauge,ME,Montenegro,2016,225,
RL_ELC,Electrified railway lines,STD,Standard gauge,ME,Montenegro,2017,225,
RL_ELC,Electrified railway lines,STD,Standard gauge,ME,Montenegro,2018,225,
RL_ELC,Electrified railway lines,STD,Standard gauge,ME,Montenegro,2019,225,
RL_ELC,Electrified railway lines,STD,Standard gauge,ME,Montenegro,2020,226.6,
RL_ELC,Electrified railway lines,STD,Standard gauge,ME,Montenegro,2021,226.6,
RL_ELC,Electrified railway lines,STD,Standard gauge,ME,Montenegro,2022,226.6,
RL_ELC,Electrified railway lines,STD,Standard gauge,ME,Montenegro,2023,226.6,
RL_ELC,Electrified railway lines,STD,Standard gauge,ME,Montenegro,2024,226.6,
RL_ELC,Electrified railway lines,STD,Standard gauge,MK,North Macedonia,1990,233,
RL_ELC,Electrified railway lines,STD,Standard gauge,MK,North Macedonia,1992,231,
RL_ELC,Electrified railway lines,STD,Standard gauge,MK,North Macedonia,1993,231,
RL_ELC,Electrified railway lines,STD,Standard gauge,MK,North Macedonia,1994,233,
RL_ELC,Electrified railway lines,STD,Standard gauge,MK,North Macedonia,1995,233,
RL_ELC,Electrified railway lines,STD,Standard gauge,MK,North Macedonia,1996,233,
RL_ELC,Electrified railway lines,STD,Standard gauge,MK,North Macedonia,1997,233,
RL_ELC,Electrified railway lines,STD,Standard gauge,MK,North Macedonia,1998,233,
RL_ELC,Electrified railway lines,STD,Standard gauge,MK,North Macedonia,1999,233,
RL_ELC,Electrified railway lines,STD,Standard gauge,MK,North Macedonia,2000,233,
RL_ELC,Electrified railway lines,STD,Standard gauge,MK,North Macedonia,2001,233,
RL_ELC,Electrified railway lines,STD,Standard gauge,MK,North Macedonia,2002,233,
RL_ELC,Electrified railway lines,STD,Standard gauge,MK,North Macedonia,2004,233,
RL_ELC,Electrified railway lines,STD,Standard gauge,MK,North Macedonia,2005,233,
RL_ELC,Electrified railway lines,STD,Standard gauge,MK,North Macedonia,2006,234,
RL_ELC,Electrified railway lines,STD,Standard gauge,MK,North Macedonia,2007,234,
RL_ELC,Electrified railway lines,STD,Standard gauge,MK,North Macedonia,2008,234,
RL_ELC,Electrified railway lines,STD,Standard gauge,MK,North Macedonia,2009,234,
RL_ELC,Electrified railway lines,STD,Standard gauge,MK,North Macedonia,2010,234,
RL_ELC,Electrified railway lines,STD,Standard gauge,MK,North Macedonia,2011,234,
RL_ELC,Electrified railway lines,STD,Standard gauge,MK,North Macedonia,2012,234,
RL_ELC,Electrified railway lines,STD,Standard gauge,MK,North Macedonia,2013,234,
RL_ELC,Electrified railway lines,STD,Standard gauge,MK,North Macedonia,2014,234,
RL_ELC,Electrified railway lines,STD,Standard gauge,MK,North Macedonia,2015,234,
RL_ELC,Electrified railway lines,STD,Standard gauge,MK,North Macedonia,2016,234,
RL_ELC,Electrified railway lines,STD,Standard gauge,MK,North Macedonia,2017,234,
RL_ELC,Electrified railway lines,STD,Standard gauge,MK,North Macedonia,2018,234,
RL_ELC,Electrified railway lines,STD,Standard gauge,MK,North Macedonia,2019,234,
RL_ELC,Electrified railway lines,STD,Standard gauge,MK,North Macedonia,2020,234,
RL_ELC,Electrified railway lines,STD,Standard gauge,MK,North Macedonia,2021,234,
RL_ELC,Electrified railway lines,STD,Standard gauge,MK,North Macedonia,2022,234,
RL_ELC,Electrified railway lines,STD,Standard gauge,MK,North Macedonia,2023,234,
RL_ELC,Electrified railway lines,STD,Standard gauge,MK,North Macedonia,2024,234,
RL_ELC,Electrified railway lines,STD,Standard gauge,NL,Netherlands,1962,1624,
RL_ELC,Electrified railway lines,STD,Standard gauge,NL,Netherlands,1990,1957,i
RL_ELC,Electrified railway lines,STD,Standard gauge,NL,Netherlands,1991,1967,i
RL_ELC,Electrified railway lines,STD,Standard gauge,NL,Netherlands,1992,1977,i
RL_ELC,Electrified railway lines,STD,Standard gauge,NL,Netherlands,1993,1987,i
RL_ELC,Electrified railway lines,STD,Standard gauge,NL,Netherlands,1994,1991,i
RL_ELC,Electrified railway lines,STD,Standard gauge,NL,Netherlands,1995,1991,i
RL_ELC,Electrified railway lines,STD,Standard gauge,NL,Netherlands,1996,1991,i
RL_ELC,Electrified railway lines,STD,Standard gauge,NL,Netherlands,1997,2058,i
RL_ELC,Electrified railway lines,STD,Standard gauge,NL,Netherlands,1998,2061,i
RL_ELC,Electrified railway lines,STD,Standard gauge,NL,Netherlands,1999,2061,i
RL_ELC,Electrified railway lines,STD,Standard gauge,NL,Netherlands,2000,2062,i
RL_ELC,Electrified railway lines,STD,Standard gauge,NL,Netherlands,2001,2061,i
RL_ELC,Electrified railway lines,STD,Standard gauge,NL,Netherlands,2002,2059,i
RL_ELC,Electrified railway lines,STD,Standard gauge,NL,Netherlands,2003,2064,i
RL_ELC,Electrified railway lines,STD,Standard gauge,NL,Netherlands,2004,2064,i
RL_ELC,Electrified railway lines,STD,Standard gauge,NL,Netherlands,2005,1954,i
RL_ELC,Electrified railway lines,STD,Standard gauge,NL,Netherlands,2006,2022,i
RL_ELC,Electrified railway lines,STD,Standard gauge,NL,Netherlands,2007,2039,i
RL_ELC,Electrified railway lines,STD,Standard gauge,NL,Netherlands,2008,2155,
RL_ELC,Electrified railway lines,STD,Standard gauge,NL,Netherlands,2009,2155,
RL_ELC,Electrified railway lines,STD,Standard gauge,NL,Netherlands,2010,2266,
RL_ELC,Electrified railway lines,STD,Standard gauge,NL,Netherlands,2011,2266,
RL_ELC,Electrified railway lines,STD,Standard gauge,NL,Netherlands,2012,2266,
RL_ELC,Electrified railway lines,STD,Standard gauge,NL,Netherlands,2013,2266,
RL_ELC,Electrified railway lines,STD,Standard gauge,NL,Netherlands,2014,2307,
RL_ELC,Electrified railway lines,STD,Standard gauge,NL,Netherlands,2015,2302,
RL_ELC,Electrified railway lines,STD,Standard gauge,NL,Netherlands,2016,2314,
RL_ELC,Electrified railway lines,STD,Standard gauge,NL,Netherlands,2017,2310,
RL_ELC,Electrified railway lines,STD,Standard gauge,NL,Netherlands,2018,2224,
RL_ELC,Electrified railway lines,STD,Standard gauge,NL,Netherlands,2019,2224,
RL_ELC,Electrified railway lines,STD,Standard gauge,NL,Netherlands,2020,2225,i
RL_ELC,Electrified railway lines,STD,Standard gauge,NL,Netherlands,2021,2264,
RL_ELC,Electrified railway lines,STD,Standard gauge,NL,Netherlands,2022,2265,
RL_ELC,Electrified railway lines,STD,Standard gauge,NL,Netherlands,2023,2267,
RL_ELC,Electrified railway lines,STD,Standard gauge,NL,Netherlands,2024,2265,
RL_ELC,Electrified railway lines,STD,Standard gauge,NO,Norway,1990,2426,
RL_ELC,Electrified railway lines,STD,Standard gauge,NO,Norway,1991,2426,
RL_ELC,Electrified railway lines,STD,Standard gauge,NO,Norway,1992,2426,
RL_ELC,Electrified railway lines,STD,Standard gauge,NO,Norway,1993,2422,
RL_ELC,Electrified railway lines,STD,Standard gauge,NO,Norway,1994,2422,
RL_ELC,Electrified railway lines,STD,Standard gauge,NO,Norway,1995,2422,
RL_ELC,Electrified railway lines,STD,Standard gauge,NO,Norway,1996,2420,
RL_ELC,Electrified railway lines,STD,Standard gauge,NO,Norway,1997,2456,
RL_ELC,Electrified railway lines,STD,Standard gauge,NO,Norway,1998,2477,i
RL_ELC,Electrified railway lines,STD,Standard gauge,NO,Norway,1999,2498,i
RL_ELC,Electrified railway lines,STD,Standard gauge,NO,Norway,2000,2519,
RL_ELC,Electrified railway lines,STD,Standard gauge,NO,Norway,2001,2518,
RL_ELC,Electrified railway lines,STD,Standard gauge,NO,Norway,2002,2518,
RL_ELC,Electrified railway lines,STD,Standard gauge,NO,Norway,2003,2518,
RL_ELC,Electrified railway lines,STD,Standard gauge,NO,Norway,2004,2518,
RL_ELC,Electrified railway lines,STD,Standard gauge,NO,Norway,2005,2552,
RL_ELC,Electrified railway lines,STD,Standard gauge,NO,Norway,2006,2552,
RL_ELC,Electrified railway lines,STD,Standard gauge,NO,Norway,2007,2552,
RL_ELC,Electrified railway lines,STD,Standard gauge,NO,Norway,2008,2552,
RL_ELC,Electrified railway lines,STD,Standard gauge,NO,Norway,2009,2505,
RL_ELC,Electrified railway lines,STD,Standard gauge,NO,Norway,2010,2524,
RL_ELC,Electrified railway lines,STD,Standard gauge,NO,Norway,2011,2516,
RL_ELC,Electrified railway lines,STD,Standard gauge,NO,Norway,2012,2498,
RL_ELC,Electrified railway lines,STD,Standard gauge,NO,Norway,2013,2500,
RL_ELC,Electrified railway lines,STD,Standard gauge,NO,Norway,2014,2470,
RL_ELC,Electrified railway lines,STD,Standard gauge,NO,Norway,2015,2460,
RL_ELC,Electrified railway lines,STD,Standard gauge,NO,Norway,2016,2459,
RL_ELC,Electrified railway lines,STD,Standard gauge,NO,Norway,2017,2459,
RL_ELC,Electrified railway lines,STD,Standard gauge,NO,Norway,2018,2480,
RL_ELC,Electrified railway lines,STD,Standard gauge,NO,Norway,2019,2483,
RL_ELC,Electrified railway lines,STD,Standard gauge,NO,Norway,2020,2491,
RL_ELC,Electrified railway lines,STD,Standard gauge,NO,Norway,2021,2491,
RL_ELC,Electrified railway lines,STD,Standard gauge,NO,Norway,2022,2513,
RL_ELC,Electrified railway lines,STD,Standard gauge,NO,Norway,2023,2529,
RL_ELC,Electrified railway lines,STD,Standard gauge,NO,Norway,2024,2529,
RL_ELC,Electrified railway lines,STD,Standard gauge,PL,Poland,1990,10728,
RL_ELC,Electrified railway lines,STD,Standard gauge,PL,Poland,1991,10851,
RL_ELC,Electrified railway lines,STD,Standard gauge,PL,Poland,1992,10837,
RL_ELC,Electrified railway lines,STD,Standard gauge,PL,Poland,1993,10826,
RL_ELC,Electrified railway lines,STD,Standard gauge,PL,Poland,1994,10957,
RL_ELC,Electrified railway lines,STD,Standard gauge,PL,Poland,1995,11611,
RL_ELC,Electrified railway lines,STD,Standard gauge,PL,Poland,1996,11610,
RL_ELC,Electrified railway lines,STD,Standard gauge,PL,Poland,1997,11610,
RL_ELC,Electrified railway lines,STD,Standard gauge,PL,Poland,1998,11598,
RL_ELC,Electrified railway lines,STD,Standard gauge,PL,Poland,1999,11952,
RL_ELC,Electrified railway lines,STD,Standard gauge,PL,Poland,2000,11891,
RL_ELC,Electrified railway lines,STD,Standard gauge,PL,Poland,2001,11950,
RL_ELC,Electrified railway lines,STD,Standard gauge,PL,Poland,2002,12192,
RL_ELC,Electrified railway lines,STD,Standard gauge,PL,Poland,2003,12020,i
RL_ELC,Electrified railway lines,STD,Standard gauge,PL,Poland,2004,12002,
RL_ELC,Electrified railway lines,STD,Standard gauge,PL,Poland,2005,11869,
RL_ELC,Electrified railway lines,STD,Standard gauge,PL,Poland,2006,11856,
RL_ELC,Electrified railway lines,STD,Standard gauge,PL,Poland,2007,11883,
RL_ELC,Electrified railway lines,STD,Standard gauge,PL,Poland,2008,11909,
RL_ELC,Electrified railway lines,STD,Standard gauge,PL,Poland,2009,11941,
RL_ELC,Electrified railway lines,STD,Standard gauge,PL,Poland,2010,11901,
RL_ELC,Electrified railway lines,STD,Standard gauge,PL,Poland,2011,11865,
RL_ELC,Electrified railway lines,STD,Standard gauge,PL,Poland,2012,11905,
RL_ELC,Electrified railway lines,STD,Standard gauge,PL,Poland,2013,11853,
RL_ELC,Electrified railway lines,STD,Standard gauge,PL,Poland,2014,11816,
RL_ELC,Electrified railway lines,STD,Standard gauge,PL,Poland,2015,11851,
RL_ELC,Electrified railway lines,STD,Standard gauge,PL,Poland,2016,11860,
RL_ELC,Electrified railway lines,STD,Standard gauge,PL,Poland,2017,11840,
RL_ELC,Electrified railway lines,STD,Standard gauge,PL,Poland,2018,11844,
RL_ELC,Electrified railway lines,STD,Standard gauge,PL,Poland,2019,11968,
RL_ELC,Electrified railway lines,STD,Standard gauge,PL,Poland,2020,12113,
RL_ELC,Electrified railway lines,STD,Standard gauge,PL,Poland,2021,12087,
RL_ELC,Electrified railway lines,STD,Standard gauge,PL,Poland,2022,12124,
RL_ELC,Electrified railway lines,STD,Standard gauge,PL,Poland,2023,12191,
RL_ELC,Electrified railway lines,STD,Standard gauge,PL,Poland,2024,12202,
RL_ELC,Electrified railway lines,STD,Standard gauge,PT,Portugal,1990,0,
RL_ELC,Electrified railway lines,STD,Standard gauge,PT,Portugal,1991,0,
RL_ELC,Electrified railway lines,STD,Standard gauge,PT,Portugal,1992,0,
RL_ELC,Electrified railway lines,STD,Standard gauge,PT,Portugal,1993,0,
RL_ELC,Electrified railway lines,STD,Standard gauge,PT,Portugal,1994,0,
RL_ELC,Electrified railway lines,STD,Standard gauge,PT,Portugal,1995,0,
RL_ELC,Electrified railway lines,STD,Standard gauge,PT,Portugal,1996,0,
RL_ELC,Electrified railway lines,STD,Standard gauge,PT,Portugal,1997,0,
RL_ELC,Electrified railway lines,STD,Standard gauge,PT,Portugal,1998,0,
RL_ELC,Electrified railway lines,STD,Standard gauge,PT,Portugal,1999,0,
RL_ELC,Electrified railway lines,STD,Standard gauge,PT,Portugal,2000,0,
RL_ELC,Electrified railway lines,STD,Standard gauge,PT,Portugal,2001,0,
RL_ELC,Electrified railway lines,STD,Standard gauge,PT,Portugal,2002,0,
RL_ELC,Electrified railway lines,STD,Standard gauge,PT,Portugal,2003,0,
RL_ELC,Electrified railway lines,STD,Standard gauge,PT,Portugal,2004,0,
RL_ELC,Electrified railway lines,STD,Standard gauge,PT,Portugal,2005,0,
RL_ELC,Electrified railway lines,STD,Standard gauge,PT,Portugal,2006,0,
RL_ELC,Electrified railway lines,STD,Standard gauge,PT,Portugal,2007,0,
RL_ELC,Electrified railway lines,STD,Standard gauge,PT,Portugal,2008,0,
RL_ELC,Electrified railway lines,STD,Standard gauge,PT,Portugal,2009,0,
RL_ELC,Electrified railway lines,STD,Standard gauge,PT,Portugal,2010,0,
RL_ELC,Electrified railway lines,STD,Standard gauge,PT,Portugal,2011,0,
RL_ELC,Electrified railway lines,STD,Standard gauge,PT,Portugal,2012,0,
RL_ELC,Electrified railway lines,STD,Standard gauge,PT,Portugal,2013,0,
RL_ELC,Electrified railway lines,STD,Standard gauge,PT,Portugal,2014,0,
RL_ELC,Electrified railway lines,STD,Standard gauge,PT,Portugal,2015,0,
RL_ELC,Electrified railway lines,STD,Standard gauge,PT,Portugal,2016,0,
RL_ELC,Electrified railway lines,STD,Standard gauge,PT,Portugal,2017,0,
RL_ELC,Electrified railway lines,STD,Standard gauge,PT,Portugal,2018,0,
RL_ELC,Electrified railway lines,STD,Standard gauge,PT,Portugal,2019,0,
RL_ELC,Electrified railway lines,STD,Standard gauge,PT,Portugal,2020,0,
RL_ELC,Electrified railway lines,STD,Standard gauge,PT,Portugal,2021,0,
RL_ELC,Electrified railway lines,STD,Standard gauge,PT,Portugal,2022,0,
RL_ELC,Electrified railway lines,STD,Standard gauge,PT,Portugal,2023,0,
RL_ELC,Electrified railway lines,STD,Standard gauge,PT,Portugal,2024,0,
RL_ELC,Electrified railway lines,STD,Standard gauge,RO,Romania,1990,3680,
RL_ELC,Electrified railway lines,STD,Standard gauge,RO,Romania,1991,3680,
RL_ELC,Electrified railway lines,STD,Standard gauge,RO,Romania,1992,3782,
RL_ELC,Electrified railway lines,STD,Standard gauge,RO,Romania,1993,3758,
RL_ELC,Electrified railway lines,STD,Standard gauge,RO,Romania,1994,3866,
RL_ELC,Electrified railway lines,STD,Standard gauge,RO,Romania,1995,3866,
RL_ELC,Electrified railway lines,STD,Standard gauge,RO,Romania,1996,3888,
RL_ELC,Electrified railway lines,STD,Standard gauge,RO,Romania,1997,3943,
RL_ELC,Electrified railway lines,STD,Standard gauge,RO,Romania,1998,3929,
RL_ELC,Electrified railway lines,STD,Standard gauge,RO,Romania,1999,3942,
RL_ELC,Electrified railway lines,STD,Standard gauge,RO,Romania,2000,3950,
RL_ELC,Electrified railway lines,STD,Standard gauge,RO,Romania,2001,3950,
RL_ELC,Electrified railway lines,STD,Standard gauge,RO,Romania,2002,3950,
RL_ELC,Electrified railway lines,STD,Standard gauge,RO,Romania,2003,3965,
RL_ELC,Electrified railway lines,STD,Standard gauge,RO,Romania,2004,3965,
RL_ELC,Electrified railway lines,STD,Standard gauge,RO,Romania,2005,3999,
RL_ELC,Electrified railway lines,STD,Standard gauge,RO,Romania,2006,3964,
RL_ELC,Electrified railway lines,STD,Standard gauge,RO,Romania,2007,3958,
RL_ELC,Electrified railway lines,STD,Standard gauge,RO,Romania,2008,3973,
RL_ELC,Electrified railway lines,STD,Standard gauge,RO,Romania,2009,4001,
RL_ELC,Electrified railway lines,STD,Standard gauge,RO,Romania,2010,4019,
RL_ELC,Electrified railway lines,STD,Standard gauge,RO,Romania,2011,4019,
RL_ELC,Electrified railway lines,STD,Standard gauge,RO,Romania,2012,4019,
RL_ELC,Electrified railway lines,STD,Standard gauge,RO,Romania,2013,4028,
RL_ELC,Electrified railway lines,STD,Standard gauge,RO,Romania,2014,4028,
RL_ELC,Electrified railway lines,STD,Standard gauge,RO,Romania,2015,4029,
RL_ELC,Electrified railway lines,STD,Standard gauge,RO,Romania,2016,4029,
RL_ELC,Electrified railway lines,STD,Standard gauge,RO,Romania,2017,4029,
RL_ELC,Electrified railway lines,STD,Standard gauge,RO,Romania,2018,4028,
RL_ELC,Electrified railway lines,STD,Standard gauge,RO,Romania,2019,4028,
RL_ELC,Electrified railway lines,STD,Standard gauge,RO,Romania,2020,4033,
RL_ELC,Electrified railway lines,STD,Standard gauge,RO,Romania,2021,4034,
RL_ELC,Electrified railway lines,STD,Standard gauge,RO,Romania,2022,4032,
RL_ELC,Electrified railway lines,STD,Standard gauge,RO,Romania,2023,4032,
RL_ELC,Electrified railway lines,STD,Standard gauge,RO,Romania,2024,4032,
RL_ELC,Electrified railway lines,STD,Standard gauge,RS,Serbia,2006,1254,
RL_ELC,Electrified railway lines,STD,Standard gauge,RS,Serbia,2007,1254,
RL_ELC,Electrified railway lines,STD,Standard gauge,RS,Serbia,2008,1254,
RL_ELC,Electrified railway lines,STD,Standard gauge,RS,Serbia,2009,1254,
RL_ELC,Electrified railway lines,STD,Standard gauge,RS,Serbia,2010,1279,
RL_ELC,Electrified railway lines,STD,Standard gauge,RS,Serbia,2011,1279,
RL_ELC,Electrified railway lines,STD,Standard gauge,RS,Serbia,2012,1275,
RL_ELC,Electrified railway lines,STD,Standard gauge,RS,Serbia,2013,1275,
RL_ELC,Electrified railway lines,STD,Standard gauge,RS,Serbia,2014,1275,
RL_ELC,Electrified railway lines,STD,Standard gauge,RS,Serbia,2015,1279,
RL_ELC,Electrified railway lines,STD,Standard gauge,RS,Serbia,2016,1279,
RL_ELC,Electrified railway lines,STD,Standard gauge,RS,Serbia,2017,1278,
RL_ELC,Electrified railway lines,STD,Standard gauge,RS,Serbia,2018,1272,
RL_ELC,Electrified railway lines,STD,Standard gauge,RS,Serbia,2019,1273,
RL_ELC,Electrified railway lines,STD,Standard gauge,RS,Serbia,2020,1290,
RL_ELC,Electrified railway lines,STD,Standard gauge,RS,Serbia,2021,1290,
RL_ELC,Electrified railway lines,STD,Standard gauge,RS,Serbia,2022,1304,
RL_ELC,Electrified railway lines,STD,Standard gauge,RS,Serbia,2023,1304,
RL_ELC,Electrified railway lines,STD,Standard gauge,RS,Serbia,2024,1313,
RL_ELC,Electrified railway lines,STD,Standard gauge,SE,Sweden,1990,7307,
RL_ELC,Electrified railway lines,STD,Standard gauge,SE,Sweden,1991,7271,
RL_ELC,Electrified railway lines,STD,Standard gauge,SE,Sweden,1992,7287,
RL_ELC,Electrified railway lines,STD,Standard gauge,SE,Sweden,1993,7294,
RL_ELC,Electrified railway lines,STD,Standard gauge,SE,Sweden,1994,7201,
RL_ELC,Electrified railway lines,STD,Standard gauge,SE,Sweden,1995,7336,
RL_ELC,Electrified railway lines,STD,Standard gauge,SE,Sweden,1996,7404,
RL_ELC,Electrified railway lines,STD,Standard gauge,SE,Sweden,1997,7379,
RL_ELC,Electrified railway lines,STD,Standard gauge,SE,Sweden,1998,7379,
RL_ELC,Electrified railway lines,STD,Standard gauge,SE,Sweden,1999,7409,
RL_ELC,Electrified railway lines,STD,Standard gauge,SE,Sweden,2000,7422,
RL_ELC,Electrified railway lines,STD,Standard gauge,SE,Sweden,2001,7616,
RL_ELC,Electrified railway lines,STD,Standard gauge,SE,Sweden,2002,7693,
RL_ELC,Electrified railway lines,STD,Standard gauge,SE,Sweden,2003,7674,
RL_ELC,Electrified railway lines,STD,Standard gauge,SE,Sweden,2004,7680,
RL_ELC,Electrified railway lines,STD,Standard gauge,SE,Sweden,2005,7672,
RL_ELC,Electrified railway lines,STD,Standard gauge,SE,Sweden,2006,7684,
RL_ELC,Electrified railway lines,STD,Standard gauge,SE,Sweden,2007,7783,
RL_ELC,Electrified railway lines,STD,Standard gauge,SE,Sweden,2008,7802,
RL_ELC,Electrified railway lines,STD,Standard gauge,SE,Sweden,2009,7898,
RL_ELC,Electrified railway lines,STD,Standard gauge,SE,Sweden,2010,7900,
RL_ELC,Electrified railway lines,STD,Standard gauge,SE,Sweden,2011,8054,
RL_ELC,Electrified railway lines,STD,Standard gauge,SE,Sweden,2012,8129,
RL_ELC,Electrified railway lines,STD,Standard gauge,SE,Sweden,2013,8149,
RL_ELC,Electrified railway lines,STD,Standard gauge,SE,Sweden,2014,8167,
RL_ELC,Electrified railway lines,STD,Standard gauge,SE,Sweden,2015,8170,
RL_ELC,Electrified railway lines,STD,Standard gauge,SE,Sweden,2016,8118,
RL_ELC,Electrified railway lines,STD,Standard gauge,SE,Sweden,2017,8123,
RL_ELC,Electrified railway lines,STD,Standard gauge,SE,Sweden,2018,8151,
RL_ELC,Electrified railway lines,STD,Standard gauge,SE,Sweden,2019,8119,
RL_ELC,Electrified railway lines,STD,Standard gauge,SE,Sweden,2020,8119,
RL_ELC,Electrified railway lines,STD,Standard gauge,SE,Sweden,2021,8121,
RL_ELC,Electrified railway lines,STD,Standard gauge,SE,Sweden,2022,8119,
RL_ELC,Electrified railway lines,STD,Standard gauge,SE,Sweden,2023,8123,
RL_ELC,Electrified railway lines,STD,Standard gauge,SE,Sweden,2024,8125,
RL_ELC,Electrified railway lines,STD,Standard gauge,SI,Slovenia,1990,499,
RL_ELC,Electrified railway lines,STD,Standard gauge,SI,Slovenia,1991,499,
RL_ELC,Electrified railway lines,STD,Standard gauge,SI,Slovenia,1992,499,
RL_ELC,Electrified railway lines,STD,Standard gauge,SI,Slovenia,1993,499,
RL_ELC,Electrified railway lines,STD,Standard gauge,SI,Slovenia,1994,499,
RL_ELC,Electrified railway lines,STD,Standard gauge,SI,Slovenia,1995,499,
RL_ELC,Electrified railway lines,STD,Standard gauge,SI,Slovenia,1996,499,
RL_ELC,Electrified railway lines,STD,Standard gauge,SI,Slovenia,1997,499,
RL_ELC,Electrified railway lines,STD,Standard gauge,SI,Slovenia,1998,500,
RL_ELC,Electrified railway lines,STD,Standard gauge,SI,Slovenia,1999,504,
RL_ELC,Electrified railway lines,STD,Standard gauge,SI,Slovenia,2000,504,
RL_ELC,Electrified railway lines,STD,Standard gauge,SI,Slovenia,2001,503.5,
RL_ELC,Electrified railway lines,STD,Standard gauge,SI,Slovenia,2002,503.5,
RL_ELC,Electrified railway lines,STD,Standard gauge,SI,Slovenia,2003,503.5,
RL_ELC,Electrified railway lines,STD,Standard gauge,SI,Slovenia,2004,503.5,
RL_ELC,Electrified railway lines,STD,Standard gauge,SI,Slovenia,2005,502.7,
RL_ELC,Electrified railway lines,STD,Standard gauge,SI,Slovenia,2006,502.75,
RL_ELC,Electrified railway lines,STD,Standard gauge,SI,Slovenia,2007,502.75,
RL_ELC,Electrified railway lines,STD,Standard gauge,SI,Slovenia,2008,502.75,
RL_ELC,Electrified railway lines,STD,Standard gauge,SI,Slovenia,2009,502.75,
RL_ELC,Electrified railway lines,STD,Standard gauge,SI,Slovenia,2010,502.75,
RL_ELC,Electrified railway lines,STD,Standard gauge,SI,Slovenia,2011,500.42,
RL_ELC,Electrified railway lines,STD,Standard gauge,SI,Slovenia,2012,500,
RL_ELC,Electrified railway lines,STD,Standard gauge,SI,Slovenia,2013,500,
RL_ELC,Electrified railway lines,STD,Standard gauge,SI,Slovenia,2014,500,
RL_ELC,Electrified railway lines,STD,Standard gauge,SI,Slovenia,2015,500,
RL_ELC,Electrified railway lines,STD,Standard gauge,SI,Slovenia,2016,500,
RL_ELC,Electrified railway lines,STD,Standard gauge,SI,Slovenia,2017,610,
RL_ELC,Electrified railway lines,STD,Standard gauge,SI,Slovenia,2018,610,
RL_ELC,Electrified railway lines,STD,Standard gauge,SI,Slovenia,2019,610,
RL_ELC,Electrified railway lines,STD,Standard gauge,SI,Slovenia,2020,610,
RL_ELC,Electrified railway lines,STD,Standard gauge,SI,Slovenia,2021,610,
RL_ELC,Electrified railway lines,STD,Standard gauge,SI,Slovenia,2022,605,
RL_ELC,Electrified railway lines,STD,Standard gauge,SI,Slovenia,2023,605,
RL_ELC,Electrified railway lines,STD,Standard gauge,SI,Slovenia,2024,605,
RL_ELC,Electrified railway lines,STD,Standard gauge,SK,Slovakia,1992,1233,
RL_ELC,Electrified railway lines,STD,Standard gauge,SK,Slovakia,1993,1275,
RL_ELC,Electrified railway lines,STD,Standard gauge,SK,Slovakia,1994,1290,
RL_ELC,Electrified railway lines,STD,Standard gauge,SK,Slovakia,1995,1328,
RL_ELC,Electrified railway lines,STD,Standard gauge,SK,Slovakia,1996,1375,
RL_ELC,Electrified railway lines,STD,Standard gauge,SK,Slovakia,1997,1375,
RL_ELC,Electrified railway lines,STD,Standard gauge,SK,Slovakia,1998,1394,
RL_ELC,Electrified railway lines,STD,Standard gauge,SK,Slovakia,1999,1394,
RL_ELC,Electrified railway lines,STD,Standard gauge,SK,Slovakia,2000,1395,
RL_ELC,Electrified railway lines,STD,Standard gauge,SK,Slovakia,2001,1395,
RL_ELC,Electrified railway lines,STD,Standard gauge,SK,Slovakia,2002,1415,
RL_ELC,Electrified railway lines,STD,Standard gauge,SK,Slovakia,2003,1417,
RL_ELC,Electrified railway lines,STD,Standard gauge,SK,Slovakia,2004,1415,
RL_ELC,Electrified railway lines,STD,Standard gauge,SK,Slovakia,2005,1415,
RL_ELC,Electrified railway lines,STD,Standard gauge,SK,Slovakia,2006,1436,
RL_ELC,Electrified railway lines,STD,Standard gauge,SK,Slovakia,2007,1437,
RL_ELC,Electrified railway lines,STD,Standard gauge,SK,Slovakia,2008,1437,
RL_ELC,Electrified railway lines,STD,Standard gauge,SK,Slovakia,2009,1437,
RL_ELC,Electrified railway lines,STD,Standard gauge,SK,Slovakia,2010,1438,
RL_ELC,Electrified railway lines,STD,Standard gauge,SK,Slovakia,2011,1438,
RL_ELC,Electrified railway lines,STD,Standard gauge,SK,Slovakia,2012,1446,
RL_ELC,Electrified railway lines,STD,Standard gauge,SK,Slovakia,2013,1446,
RL_ELC,Electrified railway lines,STD,Standard gauge,SK,Slovakia,2014,1446,
RL_ELC,Electrified railway lines,STD,Standard gauge,SK,Slovakia,2015,1447,
RL_ELC,Electrified railway lines,STD,Standard gauge,SK,Slovakia,2016,1448,
RL_ELC,Electrified railway lines,STD,Standard gauge,SK,Slovakia,2017,1449,
RL_ELC,Electrified railway lines,STD,Standard gauge,SK,Slovakia,2018,1448,
RL_ELC,Electrified railway lines,STD,Standard gauge,SK,Slovakia,2019,1448,
RL_ELC,Electrified railway lines,STD,Standard gauge,SK,Slovakia,2020,1446,
RL_ELC,Electrified railway lines,STD,Standard gauge,SK,Slovakia,2021,1446,
RL_ELC,Electrified railway lines,STD,Standard gauge,SK,Slovakia,2022,1446,
RL_ELC,Electrified railway lines,STD,Standard gauge,SK,Slovakia,2023,1446,
RL_ELC,Electrified railway lines,STD,Standard gauge,SK,Slovakia,2024,1443,
RL_ELC,Electrified railway lines,STD,Standard gauge,TR,Türkiye,1990,603,
RL_ELC,Electrified railway lines,STD,Standard gauge,TR,Türkiye,1991,667,
RL_ELC,Electrified railway lines,STD,Standard gauge,TR,Türkiye,1992,905,
RL_ELC,Electrified railway lines,STD,Standard gauge,TR,Türkiye,1993,905,
RL_ELC,Electrified railway lines,STD,Standard gauge,TR,Türkiye,1994,1093,
RL_ELC,Electrified railway lines,STD,Standard gauge,TR,Türkiye,1995,1093,
RL_ELC,Electrified railway lines,STD,Standard gauge,TR,Türkiye,1996,1400,
RL_ELC,Electrified railway lines,STD,Standard gauge,TR,Türkiye,1997,1706,
RL_ELC,Electrified railway lines,STD,Standard gauge,TR,Türkiye,1998,1706,
RL_ELC,Electrified railway lines,STD,Standard gauge,TR,Türkiye,1999,1763,
RL_ELC,Electrified railway lines,STD,Standard gauge,TR,Türkiye,2000,1752,
RL_ELC,Electrified railway lines,STD,Standard gauge,TR,Türkiye,2001,1752,
RL_ELC,Electrified railway lines,STD,Standard gauge,TR,Türkiye,2002,1752,
RL_ELC,Electrified railway lines,STD,Standard gauge,TR,Türkiye,2003,1752,
RL_ELC,Electrified railway lines,STD,Standard gauge,TR,Türkiye,2004,1920,
RL_ELC,Electrified railway lines,STD,Standard gauge,TR,Türkiye,2005,1920,
RL_ELC,Electrified railway lines,STD,Standard gauge,TR,Türkiye,2006,1920,
RL_ELC,Electrified railway lines,STD,Standard gauge,TR,Türkiye,2007,1920,
RL_ELC,Electrified railway lines,STD,Standard gauge,TR,Türkiye,2008,1928,
RL_ELC,Electrified railway lines,STD,Standard gauge,TR,Türkiye,2009,2313,
RL_ELC,Electrified railway lines,STD,Standard gauge,TR,Türkiye,2010,2791,
RL_ELC,Electrified railway lines,STD,Standard gauge,TR,Türkiye,2011,2789,
RL_ELC,Electrified railway lines,STD,Standard gauge,TR,Türkiye,2012,2840,
RL_ELC,Electrified railway lines,STD,Standard gauge,TR,Türkiye,2013,2922,
RL_ELC,Electrified railway lines,STD,Standard gauge,TR,Türkiye,2014,3330,
RL_ELC,Electrified railway lines,STD,Standard gauge,TR,Türkiye,2015,3423,
RL_ELC,Electrified railway lines,STD,Standard gauge,TR,Türkiye,2016,3856,
RL_ELC,Electrified railway lines,STD,Standard gauge,TR,Türkiye,2017,4165,
RL_ELC,Electrified railway lines,STD,Standard gauge,TR,Türkiye,2018,4784,
RL_ELC,Electrified railway lines,STD,Standard gauge,TR,Türkiye,2019,5070,
RL_ELC,Electrified railway lines,STD,Standard gauge,TR,Türkiye,2020,5145,i
RL_ELC,Electrified railway lines,STD,Standard gauge,TR,Türkiye,2021,5377,i
RL_ELC,Electrified railway lines,STD,Standard gauge,TR,Türkiye,2022,5597,i
RL_ELC,Electrified railway lines,STD,Standard gauge,TR,Türkiye,2023,6454,
RL_ELC,Electrified railway lines,STD,Standard gauge,TR,Türkiye,2024,6570,
RL_ELC,Electrified railway lines,STD,Standard gauge,UA,Ukraine,1990,0,
RL_ELC,Electrified railway lines,STD,Standard gauge,UA,Ukraine,1991,0,
RL_ELC,Electrified railway lines,STD,Standard gauge,UA,Ukraine,1992,0,
RL_ELC,Electrified railway lines,STD,Standard gauge,UA,Ukraine,1993,0,
RL_ELC,Electrified railway lines,STD,Standard gauge,UA,Ukraine,1994,0,
RL_ELC,Electrified railway lines,STD,Standard gauge,UA,Ukraine,1995,0,
RL_ELC,Electrified railway lines,STD,Standard gauge,UA,Ukraine,1996,0,
RL_ELC,Electrified railway lines,STD,Standard gauge,UA,Ukraine,1997,0,
RL_ELC,Electrified railway lines,STD,Standard gauge,UA,Ukraine,1998,0,
RL_ELC,Electrified railway lines,STD,Standard gauge,UA,Ukraine,1999,0,
RL_ELC,Electrified railway lines,STD,Standard gauge,UA,Ukraine,2012,0,
RL_ELC,Electrified railway lines,STD,Standard gauge,UA,Ukraine,2013,0,
RL_ELC,Electrified railway lines,STD,Standard gauge,UA,Ukraine,2014,0,
RL_ELC,Electrified railway lines,STD,Standard gauge,UA,Ukraine,2015,0,
RL_ELC,Electrified railway lines,STD,Standard gauge,UA,Ukraine,2016,0,
RL_ELC,Electrified railway lines,STD,Standard gauge,UA,Ukraine,2017,0,
RL_ELC,Electrified railway lines,STD,Standard gauge,UA,Ukraine,2018,0,
RL_ELC,Electrified railway lines,STD,Standard gauge,UA,Ukraine,2019,0,
RL_ELC,Electrified railway lines,STD,Standard gauge,UA,Ukraine,2020,0,
RL_ELC,Electrified railway lines,STD,Standard gauge,UA,Ukraine,2022,0,
RL_ELC,Electrified railway lines,STD,Standard gauge,UA,Ukraine,2023,0,
RL_ELC,Electrified railway lines,STD,Standard gauge,UK,United Kingdom,1990,4729,
RL_ELC,Electrified railway lines,STD,Standard gauge,UK,United Kingdom,1991,4899,
RL_ELC,Electrified railway lines,STD,Standard gauge,UK,United Kingdom,1992,4910,
RL_ELC,Electrified railway lines,STD,Standard gauge,UK,United Kingdom,1993,5098,
RL_ELC,Electrified railway lines,STD,Standard gauge,UK,United Kingdom,1994,4889,
RL_ELC,Electrified railway lines,STD,Standard gauge,UK,United Kingdom,1995,5163,
RL_ELC,Electrified railway lines,STD,Standard gauge,UK,United Kingdom,1996,5176,
RL_ELC,Electrified railway lines,STD,Standard gauge,UK,United Kingdom,1997,5166,
RL_ELC,Electrified railway lines,STD,Standard gauge,UK,United Kingdom,1998,5166,
RL_ELC,Electrified railway lines,STD,Standard gauge,UK,United Kingdom,1999,5166,
RL_ELC,Electrified railway lines,STD,Standard gauge,UK,United Kingdom,2000,5167,
RL_ELC,Electrified railway lines,STD,Standard gauge,UK,United Kingdom,2001,5167,p
RL_ELC,Electrified railway lines,STD,Standard gauge,UK,United Kingdom,2002,5167,p
RL_ELC,Electrified railway lines,STD,Standard gauge,UK,United Kingdom,2003,5167,p
RL_ELC,Electrified railway lines,STD,Standard gauge,UK,United Kingdom,2004,5200,
RL_ELC,Electrified railway lines,STD,Standard gauge,UK,United Kingdom,2005,5250,
RL_ELC,Electrified railway lines,STD,Standard gauge,UK,United Kingdom,2006,5250,
RL_ELC,Electrified railway lines,STD,Standard gauge,UK,United Kingdom,2007,5250,
RL_ELC,Electrified railway lines,STD,Standard gauge,UK,United Kingdom,2008,5250,i
RL_ELC,Electrified railway lines,STD,Standard gauge,UK,United Kingdom,2009,5250,i
RL_ELC,Electrified railway lines,STD,Standard gauge,UK,United Kingdom,2010,5371,
RL_ELC,Electrified railway lines,STD,Standard gauge,UK,United Kingdom,2011,5395,i
RL_ELC,Electrified railway lines,STD,Standard gauge,UK,United Kingdom,2012,5374,
RL_ELC,Electrified railway lines,STD,Standard gauge,UK,United Kingdom,2013,5377,
RL_ELC,Electrified railway lines,STD,Standard gauge,UK,United Kingdom,2014,5381,
RL_ELC,Electrified railway lines,STD,Standard gauge,UK,United Kingdom,2015,5440,
RL_ELC,Electrified railway lines,STD,Standard gauge,UK,United Kingdom,2016,5483,
RL_ELC,Electrified railway lines,STD,Standard gauge,UK,United Kingdom,2017,5875,
RL_ELC,Electrified railway lines,STD,Standard gauge,UK,United Kingdom,2018,6119,
RL_ELC,Electrified railway lines,STD,Standard gauge,UK,United Kingdom,2019,6158,
RL_ELC,Electrified railway lines,STD,Standard gauge,UK,United Kingdom,2020,6154,
RL_ELC,Electrified railway lines,STD,Standard gauge,UK,United Kingdom,2021,6151,
RL_ELC,Electrified railway lines,STD,Standard gauge,UK,United Kingdom,2022,6174,
RL_ELC,Electrified railway lines,STD,Standard gauge,UK,United Kingdom,2023,6239,
RL_ELC,Electrified railway lines,STD,Standard gauge,UK,United Kingdom,2024,6309,
RL_ELC,Electrified railway lines,STD,Standard gauge,XK,Kosovo*,2017,0,
RL_ELC,Electrified railway lines,STD,Standard gauge,XK,Kosovo*,2018,0,
RL_ELC,Electrified railway lines,STD,Standard gauge,XK,Kosovo*,2019,0,
RL_ELC,Electrified railway lines,STD,Standard gauge,XK,Kosovo*,2020,0,
RL_ELC,Electrified railway lines,STD,Standard gauge,XK,Kosovo*,2021,0,
RL_ELC,Electrified railway lines,STD,Standard gauge,XK,Kosovo*,2022,0,
RL_ELC,Electrified railway lines,STD,Standard gauge,XK,Kosovo*,2023,0,i
RL_ELC,Electrified railway lines,STD,Standard gauge,XK,Kosovo*,2024,0,i
RL_ELC,Electrified railway lines,TOTAL,Total,AL,Albania,1990,0,
RL_ELC,Electrified railway lines,TOTAL,Total,AL,Albania,1991,0,
RL_ELC,Electrified railway lines,TOTAL,Total,AL,Albania,1992,0,
RL_ELC,Electrified railway lines,TOTAL,Total,AL,Albania,1993,0,
RL_ELC,Electrified railway lines,TOTAL,Total,AL,Albania,1994,0,
RL_ELC,Electrified railway lines,TOTAL,Total,AL,Albania,1995,0,
RL_ELC,Electrified railway lines,TOTAL,Total,AL,Albania,1996,0,
RL_ELC,Electrified railway lines,TOTAL,Total,AL,Albania,1997,0,
RL_ELC,Electrified railway lines,TOTAL,Total,AL,Albania,1998,0,
RL_ELC,Electrified railway lines,TOTAL,Total,AL,Albania,1999,0,
RL_ELC,Electrified railway lines,TOTAL,Total,AL,Albania,2000,0,
RL_ELC,Electrified railway lines,TOTAL,Total,AL,Albania,2003,0,
RL_ELC,Electrified railway lines,TOTAL,Total,AL,Albania,2004,0,
RL_ELC,Electrified railway lines,TOTAL,Total,AL,Albania,2005,0,
RL_ELC,Electrified railway lines,TOTAL,Total,AL,Albania,2006,0,
RL_ELC,Electrified railway lines,TOTAL,Total,AL,Albania,2007,0,
RL_ELC,Electrified railway lines,TOTAL,Total,AL,Albania,2008,0,
RL_ELC,Electrified railway lines,TOTAL,Total,AL,Albania,2009,0,
RL_ELC,Electrified railway lines,TOTAL,Total,AL,Albania,2010,0,
RL_ELC,Electrified railway lines,TOTAL,Total,AL,Albania,2011,0,
RL_ELC,Electrified railway lines,TOTAL,Total,AL,Albania,2012,0,
RL_ELC,Electrified railway lines,TOTAL,Total,AL,Albania,2013,0,
RL_ELC,Electrified railway lines,TOTAL,Total,AL,Albania,2014,0,
RL_ELC,Electrified railway lines,TOTAL,Total,AL,Albania,2015,0,
RL_ELC,Electrified railway lines,TOTAL,Total,AL,Albania,2016,0,
RL_ELC,Electrified railway lines,TOTAL,Total,AL,Albania,2017,0,
RL_ELC,Electrified railway lines,TOTAL,Total,AL,Albania,2018,0,
RL_ELC,Electrified railway lines,TOTAL,Total,AL,Albania,2019,0,
RL_ELC,Electrified railway lines,TOTAL,Total,AL,Albania,2020,0,
RL_ELC,Electrified railway lines,TOTAL,Total,AL,Albania,2021,0,
RL_ELC,Electrified railway lines,TOTAL,Total,AL,Albania,2022,0,
RL_ELC,Electrified railway lines,TOTAL,Total,AL,Albania,2023,0,
RL_ELC,Electrified railway lines,TOTAL,Total,AL,Albania,2024,0,
RL_ELC,Electrified railway lines,TOTAL,Total,AT,Austria,1990,3246,
RL_ELC,Electrified railway lines,TOTAL,Total,AT,Austria,1991,3246,
RL_ELC,Electrified railway lines,TOTAL,Total,AT,Austria,1992,3247,
RL_ELC,Electrified railway lines,TOTAL,Total,AT,Austria,1993,3273,
RL_ELC,Electrified railway lines,TOTAL,Total,AT,Austria,1994,3308,
RL_ELC,Electrified railway lines,TOTAL,Total,AT,Austria,1995,3418,
RL_ELC,Electrified railway lines,TOTAL,Total,AT,Austria,1996,3418,
RL_ELC,Electrified railway lines,TOTAL,Total,AT,Austria,1997,3418,
RL_ELC,Electrified railway lines,TOTAL,Total,AT,Austria,1998,3384,
RL_ELC,Electrified railway lines,TOTAL,Total,AT,Austria,1999,3236,
RL_ELC,Electrified railway lines,TOTAL,Total,AT,Austria,2000,3337,
RL_ELC,Electrified railway lines,TOTAL,Total,AT,Austria,2001,3584,
RL_ELC,Electrified railway lines,TOTAL,Total,AT,Austria,2002,3538,
RL_ELC,Electrified railway lines,TOTAL,Total,AT,Austria,2003,3416,i
RL_ELC,Electrified railway lines,TOTAL,Total,AT,Austria,2004,3545,i
RL_ELC,Electrified railway lines,TOTAL,Total,AT,Austria,2005,3515,i
RL_ELC,Electrified railway lines,TOTAL,Total,AT,Austria,2006,3520,i
RL_ELC,Electrified railway lines,TOTAL,Total,AT,Austria,2007,3520,i
RL_ELC,Electrified railway lines,TOTAL,Total,AT,Austria,2008,3539,i
RL_ELC,Electrified railway lines,TOTAL,Total,AT,Austria,2009,3946,i
RL_ELC,Electrified railway lines,TOTAL,Total,AT,Austria,2010,3866,
RL_ELC,Electrified railway lines,TOTAL,Total,AT,Austria,2011,3763,
RL_ELC,Electrified railway lines,TOTAL,Total,AT,Austria,2012,3852,
RL_ELC,Electrified railway lines,TOTAL,Total,AT,Austria,2013,3854,
RL_ELC,Electrified railway lines,TOTAL,Total,AT,Austria,2014,3874,
RL_ELC,Electrified railway lines,TOTAL,Total,AT,Austria,2015,3905,
RL_ELC,Electrified railway lines,TOTAL,Total,AT,Austria,2016,3926,
RL_ELC,Electrified railway lines,TOTAL,Total,AT,Austria,2017,3946,
RL_ELC,Electrified railway lines,TOTAL,Total,AT,Austria,2018,3951,
RL_ELC,Electrified railway lines,TOTAL,Total,AT,Austria,2019,3976,
RL_ELC,Electrified railway lines,TOTAL,Total,AT,Austria,2020,3992,
RL_ELC,Electrified railway lines,TOTAL,Total,AT,Austria,2021,4003,
RL_ELC,Electrified railway lines,TOTAL,Total,AT,Austria,2022,4015,
RL_ELC,Electrified railway lines,TOTAL,Total,AT,Austria,2023,4119,
RL_ELC,Electrified railway lines,TOTAL,Total,AT,Austria,2024,4161,
RL_ELC,Electrified railway lines,TOTAL,Total,BA,Bosnia and Herzegovina,1990,751,
RL_ELC,Electrified railway lines,TOTAL,Total,BA,Bosnia and Herzegovina,1991,751,
RL_ELC,Electrified railway lines,TOTAL,Total,BA,Bosnia and Herzegovina,1992,751,
RL_ELC,Electrified railway lines,TOTAL,Total,BA,Bosnia and Herzegovina,1993,751,
RL_ELC,Electrified railway lines,TOTAL,Total,BA,Bosnia and Herzegovina,1994,751,
RL_ELC,Electrified railway lines,TOTAL,Total,BA,Bosnia and Herzegovina,1995,751,
RL_ELC,Electrified railway lines,TOTAL,Total,BA,Bosnia and Herzegovina,1996,777,
RL_ELC,Electrified railway lines,TOTAL,Total,BA,Bosnia and Herzegovina,1997,777,
RL_ELC,Electrified railway lines,TOTAL,Total,BA,Bosnia and Herzegovina,1998,777,
RL_ELC,Electrified railway lines,TOTAL,Total,BA,Bosnia and Herzegovina,1999,777,
RL_ELC,Electrified railway lines,TOTAL,Total,BA,Bosnia and Herzegovina,2000,779,
RL_ELC,Electrified railway lines,TOTAL,Total,BA,Bosnia and Herzegovina,2001,779,
RL_ELC,Electrified railway lines,TOTAL,Total,BA,Bosnia and Herzegovina,2002,779,
RL_ELC,Electrified railway lines,TOTAL,Total,BA,Bosnia and Herzegovina,2003,779,
RL_ELC,Electrified railway lines,TOTAL,Total,BA,Bosnia and Herzegovina,2004,746,
RL_ELC,Electrified railway lines,TOTAL,Total,BA,Bosnia and Herzegovina,2005,746,
RL_ELC,Electrified railway lines,TOTAL,Total,BA,Bosnia and Herzegovina,2006,747,
RL_ELC,Electrified railway lines,TOTAL,Total,BA,Bosnia and Herzegovina,2007,771,
RL_ELC,Electrified railway lines,TOTAL,Total,BA,Bosnia and Herzegovina,2008,771,
RL_ELC,Electrified railway lines,TOTAL,Total,BA,Bosnia and Herzegovina,2009,771,
RL_ELC,Electrified railway lines,TOTAL,Total,BA,Bosnia and Herzegovina,2010,772,
RL_ELC,Electrified railway lines,TOTAL,Total,BA,Bosnia and Herzegovina,2011,772,
RL_ELC,Electrified railway lines,TOTAL,Total,BA,Bosnia and Herzegovina,2012,772,
RL_ELC,Electrified railway lines,TOTAL,Total,BA,Bosnia and Herzegovina,2013,772,
RL_ELC,Electrified railway lines,TOTAL,Total,BA,Bosnia and Herzegovina,2014,772,
RL_ELC,Electrified railway lines,TOTAL,Total,BA,Bosnia and Herzegovina,2015,772,
RL_ELC,Electrified railway lines,TOTAL,Total,BA,Bosnia and Herzegovina,2016,748,
RL_ELC,Electrified railway lines,TOTAL,Total,BA,Bosnia and Herzegovina,2017,748,
RL_ELC,Electrified railway lines,TOTAL,Total,BA,Bosnia and Herzegovina,2018,748,
RL_ELC,Electrified railway lines,TOTAL,Total,BA,Bosnia and Herzegovina,2019,749,
RL_ELC,Electrified railway lines,TOTAL,Total,BA,Bosnia and Herzegovina,2020,749,
RL_ELC,Electrified railway lines,TOTAL,Total,BA,Bosnia and Herzegovina,2021,748,
RL_ELC,Electrified railway lines,TOTAL,Total,BA,Bosnia and Herzegovina,2022,748,
RL_ELC,Electrified railway lines,TOTAL,Total,BA,Bosnia and Herzegovina,2023,755,
RL_ELC,Electrified railway lines,TOTAL,Total,BA,Bosnia and Herzegovina,2024,755,
RL_ELC,Electrified railway lines,TOTAL,Total,BE,Belgium,1962,956,
RL_ELC,Electrified railway lines,TOTAL,Total,BE,Belgium,1990,2293,
RL_ELC,Electrified railway lines,TOTAL,Total,BE,Belgium,1991,2291,
RL_ELC,Electrified railway lines,TOTAL,Total,BE,Belgium,1992,2291,
RL_ELC,Electrified railway lines,TOTAL,Total,BE,Belgium,1993,2362,
RL_ELC,Electrified railway lines,TOTAL,Total,BE,Belgium,1994,2363,
RL_ELC,Electrified railway lines,TOTAL,Total,BE,Belgium,1995,2371,
RL_ELC,Electrified railway lines,TOTAL,Total,BE,Belgium,1996,2460,
RL_ELC,Electrified railway lines,TOTAL,Total,BE,Belgium,1997,2507,
RL_ELC,Electrified railway lines,TOTAL,Total,BE,Belgium,1998,2643,
RL_ELC,Electrified railway lines,TOTAL,Total,BE,Belgium,1999,2701,
RL_ELC,Electrified railway lines,TOTAL,Total,BE,Belgium,2000,2705,
RL_ELC,Electrified railway lines,TOTAL,Total,BE,Belgium,2001,2701,
RL_ELC,Electrified railway lines,TOTAL,Total,BE,Belgium,2002,2934,
RL_ELC,Electrified railway lines,TOTAL,Total,BE,Belgium,2003,2927,
RL_ELC,Electrified railway lines,TOTAL,Total,BE,Belgium,2004,2950,
RL_ELC,Electrified railway lines,TOTAL,Total,BE,Belgium,2005,2977,
RL_ELC,Electrified railway lines,TOTAL,Total,BE,Belgium,2006,2993,
RL_ELC,Electrified railway lines,TOTAL,Total,BE,Belgium,2007,2996,
RL_ELC,Electrified railway lines,TOTAL,Total,BE,Belgium,2008,2995,
RL_ELC,Electrified railway lines,TOTAL,Total,BE,Belgium,2009,3005,
RL_ELC,Electrified railway lines,TOTAL,Total,BE,Belgium,2010,3007,
RL_ELC,Electrified railway lines,TOTAL,Total,BE,Belgium,2011,3032,
RL_ELC,Electrified railway lines,TOTAL,Total,BE,Belgium,2012,3055,
RL_ELC,Electrified railway lines,TOTAL,Total,BE,Belgium,2013,3054.938,
RL_ELC,Electrified railway lines,TOTAL,Total,BE,Belgium,2014,3088.465,
RL_ELC,Electrified railway lines,TOTAL,Total,BE,Belgium,2015,3088.389,
RL_ELC,Electrified railway lines,TOTAL,Total,BE,Belgium,2016,3086.121,
RL_ELC,Electrified railway lines,TOTAL,Total,BE,Belgium,2017,3092.019,
RL_ELC,Electrified railway lines,TOTAL,Total,BE,Belgium,2018,3095.366,
RL_ELC,Electrified railway lines,TOTAL,Total,BE,Belgium,2019,3100.035,
RL_ELC,Electrified railway lines,TOTAL,Total,BE,Belgium,2020,3099.332,
RL_ELC,Electrified railway lines,TOTAL,Total,BE,Belgium,2021,3126.532,
RL_ELC,Electrified railway lines,TOTAL,Total,BE,Belgium,2022,3185,
RL_ELC,Electrified railway lines,TOTAL,Total,BE,Belgium,2023,3195,
RL_ELC,Electrified railway lines,TOTAL,Total,BE,Belgium,2024,3181,
RL_ELC,Electrified railway lines,TOTAL,Total,BG,Bulgaria,1990,2640,
RL_ELC,Electrified railway lines,TOTAL,Total,BG,Bulgaria,1991,2640,
RL_ELC,Electrified railway lines,TOTAL,Total,BG,Bulgaria,1992,2650,
RL_ELC,Electrified railway lines,TOTAL,Total,BG,Bulgaria,1993,2650,
RL_ELC,Electrified railway lines,TOTAL,Total,BG,Bulgaria,1994,2645,
RL_ELC,Electrified railway lines,TOTAL,Total,BG,Bulgaria,1995,2656,
RL_ELC,Electrified railway lines,TOTAL,Total,BG,Bulgaria,1996,2710,
RL_ELC,Electrified railway lines,TOTAL,Total,BG,Bulgaria,1997,2711,
RL_ELC,Electrified railway lines,TOTAL,Total,BG,Bulgaria,1998,2708,
RL_ELC,Electrified railway lines,TOTAL,Total,BG,Bulgaria,1999,2708,
RL_ELC,Electrified railway lines,TOTAL,Total,BG,Bulgaria,2000,2744,
RL_ELC,Electrified railway lines,TOTAL,Total,BG,Bulgaria,2001,2847,
RL_ELC,Electrified railway lines,TOTAL,Total,BG,Bulgaria,2002,2847,
RL_ELC,Electrified railway lines,TOTAL,Total,BG,Bulgaria,2003,2871,
RL_ELC,Electrified railway lines,TOTAL,Total,BG,Bulgaria,2004,2854,
RL_ELC,Electrified railway lines,TOTAL,Total,BG,Bulgaria,2005,2880,
RL_ELC,Electrified railway lines,TOTAL,Total,BG,Bulgaria,2006,2912,
RL_ELC,Electrified railway lines,TOTAL,Total,BG,Bulgaria,2007,2806,
RL_ELC,Electrified railway lines,TOTAL,Total,BG,Bulgaria,2008,2827,
RL_ELC,Electrified railway lines,TOTAL,Total,BG,Bulgaria,2009,2833,
RL_ELC,Electrified railway lines,TOTAL,Total,BG,Bulgaria,2010,2785,
RL_ELC,Electrified railway lines,TOTAL,Total,BG,Bulgaria,2011,2862,
RL_ELC,Electrified railway lines,TOTAL,Total,BG,Bulgaria,2012,2862,
RL_ELC,Electrified railway lines,TOTAL,Total,BG,Bulgaria,2013,2869,
RL_ELC,Electrified railway lines,TOTAL,Total,BG,Bulgaria,2014,2861,
RL_ELC,Electrified railway lines,TOTAL,Total,BG,Bulgaria,2015,2859,
RL_ELC,Electrified railway lines,TOTAL,Total,BG,Bulgaria,2016,2869,
RL_ELC,Electrified railway lines,TOTAL,Total,BG,Bulgaria,2017,2870,
RL_ELC,Electrified railway lines,TOTAL,Total,BG,Bulgaria,2018,2870,
RL_ELC,Electrified railway lines,TOTAL,Total,BG,Bulgaria,2019,2869,
RL_ELC,Electrified railway lines,TOTAL,Total,BG,Bulgaria,2020,2871,
RL_ELC,Electrified railway lines,TOTAL,Total,BG,Bulgaria,2021,3001,
RL_ELC,Electrified railway lines,TOTAL,Total,BG,Bulgaria,2022,3005,
RL_ELC,Electrified railway lines,TOTAL,Total,BG,Bulgaria,2023,3001,
RL_ELC,Electrified railway lines,TOTAL,Total,BG,Bulgaria,2024,3001,
RL_ELC,Electrified railway lines,TOTAL,Total,CH,Switzerland,1990,4867,i
RL_ELC,Electrified railway lines,TOTAL,Total,CH,Switzerland,1991,4871,i
RL_ELC,Electrified railway lines,TOTAL,Total,CH,Switzerland,1992,4871,i
RL_ELC,Electrified railway lines,TOTAL,Total,CH,Switzerland,1993,4869,i
RL_ELC,Electrified railway lines,TOTAL,Total,CH,Switzerland,1994,4869,i
RL_ELC,Electrified railway lines,TOTAL,Total,CH,Switzerland,1995,4873,i
RL_ELC,Electrified railway lines,TOTAL,Total,CH,Switzerland,1996,4877,i
RL_ELC,Electrified railway lines,TOTAL,Total,CH,Switzerland,1997,4833,i
RL_ELC,Electrified railway lines,TOTAL,Total,CH,Switzerland,1998,4800,i
RL_ELC,Electrified railway lines,TOTAL,Total,CH,Switzerland,1999,5072,i
RL_ELC,Electrified railway lines,TOTAL,Total,CH,Switzerland,2000,4985,i
RL_ELC,Electrified railway lines,TOTAL,Total,CH,Switzerland,2001,4986,i
RL_ELC,Electrified railway lines,TOTAL,Total,CH,Switzerland,2002,4981,i
RL_ELC,Electrified railway lines,TOTAL,Total,CH,Switzerland,2003,4979,i
RL_ELC,Electrified railway lines,TOTAL,Total,CH,Switzerland,2004,5013,i
RL_ELC,Electrified railway lines,TOTAL,Total,CH,Switzerland,2005,5012,i
RL_ELC,Electrified railway lines,TOTAL,Total,CH,Switzerland,2006,5015,i
RL_ELC,Electrified railway lines,TOTAL,Total,CH,Switzerland,2007,5057,i
RL_ELC,Electrified railway lines,TOTAL,Total,CH,Switzerland,2008,5118,i
RL_ELC,Electrified railway lines,TOTAL,Total,CH,Switzerland,2009,5160,i
RL_ELC,Electrified railway lines,TOTAL,Total,CH,Switzerland,2010,5096,i
RL_ELC,Electrified railway lines,TOTAL,Total,CH,Switzerland,2011,5112,i
RL_ELC,Electrified railway lines,TOTAL,Total,CH,Switzerland,2012,5119,i
RL_ELC,Electrified railway lines,TOTAL,Total,CH,Switzerland,2013,5172,i
RL_ELC,Electrified railway lines,TOTAL,Total,CH,Switzerland,2014,5178,i
RL_ELC,Electrified railway lines,TOTAL,Total,CH,Switzerland,2015,5196,i
RL_ELC,Electrified railway lines,TOTAL,Total,CH,Switzerland,2016,5240,i
RL_ELC,Electrified railway lines,TOTAL,Total,CH,Switzerland,2017,5242,i
RL_ELC,Electrified railway lines,TOTAL,Total,CH,Switzerland,2018,5239,i
RL_ELC,Electrified railway lines,TOTAL,Total,CH,Switzerland,2019,5279,i
RL_ELC,Electrified railway lines,TOTAL,Total,CH,Switzerland,2020,5291.22,
RL_ELC,Electrified railway lines,TOTAL,Total,CH,Switzerland,2021,5296,i
RL_ELC,Electrified railway lines,TOTAL,Total,CH,Switzerland,2022,5296,i
RL_ELC,Electrified railway lines,TOTAL,Total,CH,Switzerland,2023,5309,i
RL_ELC,Electrified railway lines,TOTAL,Total,CH,Switzerland,2024,5298,i
RL_ELC,Electrified railway lines,TOTAL,Total,CZ,Czechia,1990,2579,
RL_ELC,Electrified railway lines,TOTAL,Total,CZ,Czechia,1991,2597,
RL_ELC,Electrified railway lines,TOTAL,Total,CZ,Czechia,1992,2593,
RL_ELC,Electrified railway lines,TOTAL,Total,CZ,Czechia,1993,2706,
RL_ELC,Electrified railway lines,TOTAL,Total,CZ,Czechia,1994,2706,
RL_ELC,Electrified railway lines,TOTAL,Total,CZ,Czechia,1995,2640,
RL_ELC,Electrified railway lines,TOTAL,Total,CZ,Czechia,1996,2859,
RL_ELC,Electrified railway lines,TOTAL,Total,CZ,Czechia,1997,2859,
RL_ELC,Electrified railway lines,TOTAL,Total,CZ,Czechia,1998,2859,
RL_ELC,Electrified railway lines,TOTAL,Total,CZ,Czechia,1999,2843,
RL_ELC,Electrified railway lines,TOTAL,Total,CZ,Czechia,2000,2843,
RL_ELC,Electrified railway lines,TOTAL,Total,CZ,Czechia,2001,2893,
RL_ELC,Electrified railway lines,TOTAL,Total,CZ,Czechia,2002,2926,
RL_ELC,Electrified railway lines,TOTAL,Total,CZ,Czechia,2003,2943,
RL_ELC,Electrified railway lines,TOTAL,Total,CZ,Czechia,2004,2982,
RL_ELC,Electrified railway lines,TOTAL,Total,CZ,Czechia,2005,2997,
RL_ELC,Electrified railway lines,TOTAL,Total,CZ,Czechia,2006,3041,
RL_ELC,Electrified railway lines,TOTAL,Total,CZ,Czechia,2007,3060,
RL_ELC,Electrified railway lines,TOTAL,Total,CZ,Czechia,2008,3078,
RL_ELC,Electrified railway lines,TOTAL,Total,CZ,Czechia,2009,3153,
RL_ELC,Electrified railway lines,TOTAL,Total,CZ,Czechia,2010,3210,
RL_ELC,Electrified railway lines,TOTAL,Total,CZ,Czechia,2011,3208,
RL_ELC,Electrified railway lines,TOTAL,Total,CZ,Czechia,2012,3217,
RL_ELC,Electrified railway lines,TOTAL,Total,CZ,Czechia,2013,3216,
RL_ELC,Electrified railway lines,TOTAL,Total,CZ,Czechia,2014,3216,
RL_ELC,Electrified railway lines,TOTAL,Total,CZ,Czechia,2015,3237,
RL_ELC,Electrified railway lines,TOTAL,Total,CZ,Czechia,2016,3236,
RL_ELC,Electrified railway lines,TOTAL,Total,CZ,Czechia,2017,3237,
RL_ELC,Electrified railway lines,TOTAL,Total,CZ,Czechia,2018,3235,
RL_ELC,Electrified railway lines,TOTAL,Total,CZ,Czechia,2019,3231,
RL_ELC,Electrified railway lines,TOTAL,Total,CZ,Czechia,2020,3236,
RL_ELC,Electrified railway lines,TOTAL,Total,CZ,Czechia,2021,3234,
RL_ELC,Electrified railway lines,TOTAL,Total,CZ,Czechia,2022,3234,
RL_ELC,Electrified railway lines,TOTAL,Total,CZ,Czechia,2023,3277,
RL_ELC,Electrified railway lines,TOTAL,Total,CZ,Czechia,2024,3277,
RL_ELC,Electrified railway lines,TOTAL,Total,DE,Germany,1962,4346,
RL_ELC,Electrified railway lines,TOTAL,Total,DE,Germany,1990,16200,i
RL_ELC,Electrified railway lines,TOTAL,Total,DE,Germany,1991,16290,i
RL_ELC,Electrified railway lines,TOTAL,Total,DE,Germany,1992,16330,i
RL_ELC,Electrified railway lines,TOTAL,Total,DE,Germany,1993,16795,i
RL_ELC,Electrified railway lines,TOTAL,Total,DE,Germany,1994,17748,i
RL_ELC,Electrified railway lines,TOTAL,Total,DE,Germany,1995,18163,i
RL_ELC,Electrified railway lines,TOTAL,Total,DE,Germany,1996,18460,i
RL_ELC,Electrified railway lines,TOTAL,Total,DE,Germany,1997,18653,i
RL_ELC,Electrified railway lines,TOTAL,Total,DE,Germany,1998,18857,i
RL_ELC,Electrified railway lines,TOTAL,Total,DE,Germany,1999,18934,i
RL_ELC,Electrified railway lines,TOTAL,Total,DE,Germany,2000,19078.67,i
RL_ELC,Electrified railway lines,TOTAL,Total,DE,Germany,2001,19119,i
RL_ELC,Electrified railway lines,TOTAL,Total,DE,Germany,2002,19254,i
RL_ELC,Electrified railway lines,TOTAL,Total,DE,Germany,2003,19829,i
RL_ELC,Electrified railway lines,TOTAL,Total,DE,Germany,2004,19847,i
RL_ELC,Electrified railway lines,TOTAL,Total,DE,Germany,2005,19857,i
RL_ELC,Electrified railway lines,TOTAL,Total,DE,Germany,2006,20021,i
RL_ELC,Electrified railway lines,TOTAL,Total,DE,Germany,2007,20051,i
RL_ELC,Electrified railway lines,TOTAL,Total,DE,Germany,2008,20152,i
RL_ELC,Electrified railway lines,TOTAL,Total,DE,Germany,2009,20208,i
RL_ELC,Electrified railway lines,TOTAL,Total,DE,Germany,2010,20148,
RL_ELC,Electrified railway lines,TOTAL,Total,DE,Germany,2011,20239,
RL_ELC,Electrified railway lines,TOTAL,Total,DE,Germany,2012,20246,
RL_ELC,Electrified railway lines,TOTAL,Total,DE,Germany,2013,20344,
RL_ELC,Electrified railway lines,TOTAL,Total,DE,Germany,2014,20463,
RL_ELC,Electrified railway lines,TOTAL,Total,DE,Germany,2015,20459,
RL_ELC,Electrified railway lines,TOTAL,Total,DE,Germany,2016,20584.588,i
RL_ELC,Electrified railway lines,TOTAL,Total,DE,Germany,2017,20629,
RL_ELC,Electrified railway lines,TOTAL,Total,DE,Germany,2018,20624,
RL_ELC,Electrified railway lines,TOTAL,Total,DE,Germany,2019,20920,
RL_ELC,Electrified railway lines,TOTAL,Total,DE,Germany,2020,20959,
RL_ELC,Electrified railway lines,TOTAL,Total,DE,Germany,2021,21166.273,
RL_ELC,Electrified railway lines,TOTAL,Total,DK,Denmark,1990,230,
RL_ELC,Electrified railway lines,TOTAL,Total,DK,Denmark,1991,340,
RL_ELC,Electrified railway lines,TOTAL,Total,DK,Denmark,1992,365,
RL_ELC,Electrified railway lines,TOTAL,Total,DK,Denmark,1993,370,
RL_ELC,Electrified railway lines,TOTAL,Total,DK,Denmark,1994,370,
RL_ELC,Electrified railway lines,TOTAL,Total,DK,Denmark,1995,370,i
RL_ELC,Electrified railway lines,TOTAL,Total,DK,Denmark,1996,370,i
RL_ELC,Electrified railway lines,TOTAL,Total,DK,Denmark,1997,601,
RL_ELC,Electrified railway lines,TOTAL,Total,DK,Denmark,1998,617,
RL_ELC,Electrified railway lines,TOTAL,Total,DK,Denmark,1999,612,
RL_ELC,Electrified railway lines,TOTAL,Total,DK,Denmark,2000,624,
RL_ELC,Electrified railway lines,TOTAL,Total,DK,Denmark,2001,624,
RL_ELC,Electrified railway lines,TOTAL,Total,DK,Denmark,2002,624,i
RL_ELC,Electrified railway lines,TOTAL,Total,DK,Denmark,2003,624,i
RL_ELC,Electrified railway lines,TOTAL,Total,DK,Denmark,2004,619,i
RL_ELC,Electrified railway lines,TOTAL,Total,DK,Denmark,2005,619,i
RL_ELC,Electrified railway lines,TOTAL,Total,DK,Denmark,2006,619,i
RL_ELC,Electrified railway lines,TOTAL,Total,DK,Denmark,2007,619,i
RL_ELC,Electrified railway lines,TOTAL,Total,DK,Denmark,2008,621,
RL_ELC,Electrified railway lines,TOTAL,Total,DK,Denmark,2009,621,
RL_ELC,Electrified railway lines,TOTAL,Total,DK,Denmark,2010,621,
RL_ELC,Electrified railway lines,TOTAL,Total,DK,Denmark,2011,621,
RL_ELC,Electrified railway lines,TOTAL,Total,DK,Denmark,2012,621,
RL_ELC,Electrified railway lines,TOTAL,Total,DK,Denmark,2013,621,
RL_ELC,Electrified railway lines,TOTAL,Total,DK,Denmark,2014,621,
RL_ELC,Electrified railway lines,TOTAL,Total,DK,Denmark,2015,621,
RL_ELC,Electrified railway lines,TOTAL,Total,DK,Denmark,2016,621,
RL_ELC,Electrified railway lines,TOTAL,Total,DK,Denmark,2017,626,
RL_ELC,Electrified railway lines,TOTAL,Total,DK,Denmark,2018,730,
RL_ELC,Electrified railway lines,TOTAL,Total,DK,Denmark,2019,730,
RL_ELC,Electrified railway lines,TOTAL,Total,DK,Denmark,2020,776,
RL_ELC,Electrified railway lines,TOTAL,Total,DK,Denmark,2021,803,
RL_ELC,Electrified railway lines,TOTAL,Total,DK,Denmark,2022,802,
RL_ELC,Electrified railway lines,TOTAL,Total,DK,Denmark,2023,831,
RL_ELC,Electrified railway lines,TOTAL,Total,DK,Denmark,2024,866,
RL_ELC,Electrified railway lines,TOTAL,Total,EE,Estonia,1990,132,
RL_ELC,Electrified railway lines,TOTAL,Total,EE,Estonia,1991,132,
RL_ELC,Electrified railway lines,TOTAL,Total,EE,Estonia,1992,131.8,
RL_ELC,Electrified railway lines,TOTAL,Total,EE,Estonia,1993,131.8,
RL_ELC,Electrified railway lines,TOTAL,Total,EE,Estonia,1994,131.8,
RL_ELC,Electrified railway lines,TOTAL,Total,EE,Estonia,1995,131.8,
RL_ELC,Electrified railway lines,TOTAL,Total,EE,Estonia,1996,131.8,
RL_ELC,Electrified railway lines,TOTAL,Total,EE,Estonia,1997,132,
RL_ELC,Electrified railway lines,TOTAL,Total,EE,Estonia,1998,132,
RL_ELC,Electrified railway lines,TOTAL,Total,EE,Estonia,1999,132,
RL_ELC,Electrified railway lines,TOTAL,Total,EE,Estonia,2000,132,
RL_ELC,Electrified railway lines,TOTAL,Total,EE,Estonia,2001,131,
RL_ELC,Electrified railway lines,TOTAL,Total,EE,Estonia,2002,131,
RL_ELC,Electrified railway lines,TOTAL,Total,EE,Estonia,2003,131,
RL_ELC,Electrified railway lines,TOTAL,Total,EE,Estonia,2004,130,
RL_ELC,Electrified railway lines,TOTAL,Total,EE,Estonia,2005,130,
RL_ELC,Electrified railway lines,TOTAL,Total,EE,Estonia,2006,131,
RL_ELC,Electrified railway lines,TOTAL,Total,EE,Estonia,2007,132,
RL_ELC,Electrified railway lines,TOTAL,Total,EE,Estonia,2008,130,
RL_ELC,Electrified railway lines,TOTAL,Total,EE,Estonia,2009,130,
RL_ELC,Electrified railway lines,TOTAL,Total,EE,Estonia,2010,132,
RL_ELC,Electrified railway lines,TOTAL,Total,EE,Estonia,2011,132,
RL_ELC,Electrified railway lines,TOTAL,Total,EE,Estonia,2012,132,
RL_ELC,Electrified railway lines,TOTAL,Total,EE,Estonia,2013,132,
RL_ELC,Electrified railway lines,TOTAL,Total,EE,Estonia,2014,132,
RL_ELC,Electrified railway lines,TOTAL,Total,EE,Estonia,2015,132,
RL_ELC,Electrified railway lines,TOTAL,Total,EE,Estonia,2016,132,
RL_ELC,Electrified railway lines,TOTAL,Total,EE,Estonia,2017,132,
RL_ELC,Electrified railway lines,TOTAL,Total,EE,Estonia,2018,132,
RL_ELC,Electrified railway lines,TOTAL,Total,EE,Estonia,2019,138,
RL_ELC,Electrified railway lines,TOTAL,Total,EE,Estonia,2020,138,
RL_ELC,Electrified railway lines,TOTAL,Total,EE,Estonia,2021,225,
RL_ELC,Electrified railway lines,TOTAL,Total,EE,Estonia,2022,140,
RL_ELC,Electrified railway lines,TOTAL,Total,EE,Estonia,2023,140,
RL_ELC,Electrified railway lines,TOTAL,Total,EE,Estonia,2024,140,
RL_ELC,Electrified railway lines,TOTAL,Total,EL,Greece,1990,0,
RL_ELC,Electrified railway lines,TOTAL,Total,EL,Greece,1991,0,
RL_ELC,Electrified railway lines,TOTAL,Total,EL,Greece,1992,0,
RL_ELC,Electrified railway lines,TOTAL,Total,EL,Greece,1993,0,
RL_ELC,Electrified railway lines,TOTAL,Total,EL,Greece,1994,0,
RL_ELC,Electrified railway lines,TOTAL,Total,EL,Greece,1995,0,
RL_ELC,Electrified railway lines,TOTAL,Total,EL,Greece,1996,0,
RL_ELC,Electrified railway lines,TOTAL,Total,EL,Greece,1997,82,
RL_ELC,Electrified railway lines,TOTAL,Total,EL,Greece,1998,82,
RL_ELC,Electrified railway lines,TOTAL,Total,EL,Greece,1999,82,
RL_ELC,Electrified railway lines,TOTAL,Total,EL,Greece,2000,82,
RL_ELC,Electrified railway lines,TOTAL,Total,EL,Greece,2001,82,
RL_ELC,Electrified railway lines,TOTAL,Total,EL,Greece,2002,82,
RL_ELC,Electrified railway lines,TOTAL,Total,EL,Greece,2003,83,
RL_ELC,Electrified railway lines,TOTAL,Total,EL,Greece,2004,83,
RL_ELC,Electrified railway lines,TOTAL,Total,EL,Greece,2005,83,
RL_ELC,Electrified railway lines,TOTAL,Total,EL,Greece,2006,106,
RL_ELC,Electrified railway lines,TOTAL,Total,EL,Greece,2007,199,
RL_ELC,Electrified railway lines,TOTAL,Total,EL,Greece,2008,264,
RL_ELC,Electrified railway lines,TOTAL,Total,EL,Greece,2009,264,
RL_ELC,Electrified railway lines,TOTAL,Total,EL,Greece,2010,368,
RL_ELC,Electrified railway lines,TOTAL,Total,EL,Greece,2011,438,
RL_ELC,Electrified railway lines,TOTAL,Total,EL,Greece,2012,438,
RL_ELC,Electrified railway lines,TOTAL,Total,EL,Greece,2013,437,
RL_ELC,Electrified railway lines,TOTAL,Total,EL,Greece,2014,494,
RL_ELC,Electrified railway lines,TOTAL,Total,EL,Greece,2015,494,
RL_ELC,Electrified railway lines,TOTAL,Total,EL,Greece,2016,520,
RL_ELC,Electrified railway lines,TOTAL,Total,EL,Greece,2017,532,
RL_ELC,Electrified railway lines,TOTAL,Total,EL,Greece,2018,679,
RL_ELC,Electrified railway lines,TOTAL,Total,EL,Greece,2019,731,
RL_ELC,Electrified railway lines,TOTAL,Total,EL,Greece,2020,731,
RL_ELC,Electrified railway lines,TOTAL,Total,EL,Greece,2021,731,
RL_ELC,Electrified railway lines,TOTAL,Total,EL,Greece,2022,738,
RL_ELC,Electrified railway lines,TOTAL,Total,EL,Greece,2023,738,
RL_ELC,Electrified railway lines,TOTAL,Total,EL,Greece,2024,738,
RL_ELC,Electrified railway lines,TOTAL,Total,ES,Spain,1990,6566,
RL_ELC,Electrified railway lines,TOTAL,Total,ES,Spain,1991,6581,
RL_ELC,Electrified railway lines,TOTAL,Total,ES,Spain,1992,7054,
RL_ELC,Electrified railway lines,TOTAL,Total,ES,Spain,1993,7059,
RL_ELC,Electrified railway lines,TOTAL,Total,ES,Spain,1994,7169,
RL_ELC,Electrified railway lines,TOTAL,Total,ES,Spain,1995,7029,
RL_ELC,Electrified railway lines,TOTAL,Total,ES,Spain,1996,7037,
RL_ELC,Electrified railway lines,TOTAL,Total,ES,Spain,1997,7135,
RL_ELC,Electrified railway lines,TOTAL,Total,ES,Spain,1998,7140,
RL_ELC,Electrified railway lines,TOTAL,Total,ES,Spain,1999,7154,
RL_ELC,Electrified railway lines,TOTAL,Total,ES,Spain,2000,7142,
RL_ELC,Electrified railway lines,TOTAL,Total,ES,Spain,2001,7154,
RL_ELC,Electrified railway lines,TOTAL,Total,ES,Spain,2002,7170,
RL_ELC,Electrified railway lines,TOTAL,Total,ES,Spain,2003,7738,
RL_ELC,Electrified railway lines,TOTAL,Total,ES,Spain,2004,7757,
RL_ELC,Electrified railway lines,TOTAL,Total,ES,Spain,2005,7767,
RL_ELC,Electrified railway lines,TOTAL,Total,ES,Spain,2006,7975,
RL_ELC,Electrified railway lines,TOTAL,Total,ES,Spain,2007,8355,
RL_ELC,Electrified railway lines,TOTAL,Total,ES,Spain,2008,8359,
RL_ELC,Electrified railway lines,TOTAL,Total,ES,Spain,2009,8365,
RL_ELC,Electrified railway lines,TOTAL,Total,ES,Spain,2010,8866,
RL_ELC,Electrified railway lines,TOTAL,Total,ES,Spain,2011,9030,
RL_ELC,Electrified railway lines,TOTAL,Total,ES,Spain,2012,9086,
RL_ELC,Electrified railway lines,TOTAL,Total,ES,Spain,2013,9275,
RL_ELC,Electrified railway lines,TOTAL,Total,ES,Spain,2014,9223,
RL_ELC,Electrified railway lines,TOTAL,Total,ES,Spain,2015,9717,
RL_ELC,Electrified railway lines,TOTAL,Total,ES,Spain,2016,10383,
RL_ELC,Electrified railway lines,TOTAL,Total,ES,Spain,2017,10122,
RL_ELC,Electrified railway lines,TOTAL,Total,ES,Spain,2018,9840,
RL_ELC,Electrified railway lines,TOTAL,Total,ES,Spain,2019,10251.519,
RL_ELC,Electrified railway lines,TOTAL,Total,ES,Spain,2020,10450,
RL_ELC,Electrified railway lines,TOTAL,Total,ES,Spain,2021,10608,
RL_ELC,Electrified railway lines,TOTAL,Total,ES,Spain,2022,10701,
RL_ELC,Electrified railway lines,TOTAL,Total,ES,Spain,2023,10930,
RL_ELC,Electrified railway lines,TOTAL,Total,ES,Spain,2024,10938,
RL_ELC,Electrified railway lines,TOTAL,Total,EU27_2020,European Union - 27 countries (from 2020),1990,87986,
RL_ELC,Electrified railway lines,TOTAL,Total,EU27_2020,European Union - 27 countries (from 2020),1991,88952,
RL_ELC,Electrified railway lines,TOTAL,Total,EU27_2020,European Union - 27 countries (from 2020),1992,90068.8,
RL_ELC,Electrified railway lines,TOTAL,Total,EU27_2020,European Union - 27 countries (from 2020),1993,91595.8,
RL_ELC,Electrified railway lines,TOTAL,Total,EU27_2020,European Union - 27 countries (from 2020),1994,93342.8,
RL_ELC,Electrified railway lines,TOTAL,Total,EU27_2020,European Union - 27 countries (from 2020),1995,94244.8,
RL_ELC,Electrified railway lines,TOTAL,Total,EU27_2020,European Union - 27 countries (from 2020),1996,95632.8,
RL_ELC,Electrified railway lines,TOTAL,Total,EU27_2020,European Union - 27 countries (from 2020),1997,96568,
RL_ELC,Electrified railway lines,TOTAL,Total,EU27_2020,European Union - 27 countries (from 2020),1998,97484,
RL_ELC,Electrified railway lines,TOTAL,Total,EU27_2020,European Union - 27 countries (from 2020),1999,98179,
RL_ELC,Electrified railway lines,TOTAL,Total,EU27_2020,European Union - 27 countries (from 2020),2000,98751.67,
RL_ELC,Electrified railway lines,TOTAL,Total,EU27_2020,European Union - 27 countries (from 2020),2001,99853.8,
RL_ELC,Electrified railway lines,TOTAL,Total,EU27_2020,European Union - 27 countries (from 2020),2002,100791.5,
RL_ELC,Electrified railway lines,TOTAL,Total,EU27_2020,European Union - 27 countries (from 2020),2003,101785.5,
RL_ELC,Electrified railway lines,TOTAL,Total,EU27_2020,European Union - 27 countries (from 2020),2004,102709.5,
RL_ELC,Electrified railway lines,TOTAL,Total,EU27_2020,European Union - 27 countries (from 2020),2005,103095.7,
RL_ELC,Electrified railway lines,TOTAL,Total,EU27_2020,European Union - 27 countries (from 2020),2006,104195.75,
RL_ELC,Electrified railway lines,TOTAL,Total,EU27_2020,European Union - 27 countries (from 2020),2007,105113.35,
RL_ELC,Electrified railway lines,TOTAL,Total,EU27_2020,European Union - 27 countries (from 2020),2008,105980.95,
RL_ELC,Electrified railway lines,TOTAL,Total,EU27_2020,European Union - 27 countries (from 2020),2009,106997.85,
RL_ELC,Electrified railway lines,TOTAL,Total,EU27_2020,European Union - 27 countries (from 2020),2010,107779.85,
RL_ELC,Electrified railway lines,TOTAL,Total,EU27_2020,European Union - 27 countries (from 2020),2011,108891.62,
RL_ELC,Electrified railway lines,TOTAL,Total,EU27_2020,European Union - 27 countries (from 2020),2012,109499.1,
RL_ELC,Electrified railway lines,TOTAL,Total,EU27_2020,European Union - 27 countries (from 2020),2013,109534.638,
RL_ELC,Electrified railway lines,TOTAL,Total,EU27_2020,European Union - 27 countries (from 2020),2014,109941.705,
RL_ELC,Electrified railway lines,TOTAL,Total,EU27_2020,European Union - 27 countries (from 2020),2015,110483.489,
RL_ELC,Electrified railway lines,TOTAL,Total,EU27_2020,European Union - 27 countries (from 2020),2016,111553.709,
RL_ELC,Electrified railway lines,TOTAL,Total,EU27_2020,European Union - 27 countries (from 2020),2017,112263.605,
RL_ELC,Electrified railway lines,TOTAL,Total,EU27_2020,European Union - 27 countries (from 2020),2018,112140.365,
RL_ELC,Electrified railway lines,TOTAL,Total,EU27_2020,European Union - 27 countries (from 2020),2019,113133.501,
RL_ELC,Electrified railway lines,TOTAL,Total,EU27_2020,European Union - 27 countries (from 2020),2020,113606.282,
RL_ELC,Electrified railway lines,TOTAL,Total,EU27_2020,European Union - 27 countries (from 2020),2021,114657.279,
RL_ELC,Electrified railway lines,TOTAL,Total,EU27_2020,European Union - 27 countries (from 2020),2022,115068.593,
RL_ELC,Electrified railway lines,TOTAL,Total,EU27_2020,European Union - 27 countries (from 2020),2023,115657.474,
RL_ELC,Electrified railway lines,TOTAL,Total,EU27_2020,European Union - 27 countries (from 2020),2024,116274.729,
RL_ELC,Electrified railway lines,TOTAL,Total,FI,Finland,1990,1663,
RL_ELC,Electrified railway lines,TOTAL,Total,FI,Finland,1991,1664,
RL_ELC,Electrified railway lines,TOTAL,Total,FI,Finland,1992,1664,
RL_ELC,Electrified railway lines,TOTAL,Total,FI,Finland,1993,1713,
RL_ELC,Electrified railway lines,TOTAL,Total,FI,Finland,1994,1950,
RL_ELC,Electrified railway lines,TOTAL,Total,FI,Finland,1995,2054,
RL_ELC,Electrified railway lines,TOTAL,Total,FI,Finland,1996,2061,
RL_ELC,Electrified railway lines,TOTAL,Total,FI,Finland,1997,2061,
RL_ELC,Electrified railway lines,TOTAL,Total,FI,Finland,1998,2197,
RL_ELC,Electrified railway lines,TOTAL,Total,FI,Finland,1999,2234,
RL_ELC,Electrified railway lines,TOTAL,Total,FI,Finland,2000,2372,
RL_ELC,Electrified railway lines,TOTAL,Total,FI,Finland,2001,2400,
RL_ELC,Electrified railway lines,TOTAL,Total,FI,Finland,2002,2400,
RL_ELC,Electrified railway lines,TOTAL,Total,FI,Finland,2003,2400,
RL_ELC,Electrified railway lines,TOTAL,Total,FI,Finland,2004,2619,
RL_ELC,Electrified railway lines,TOTAL,Total,FI,Finland,2005,2617,
RL_ELC,Electrified railway lines,TOTAL,Total,FI,Finland,2006,3047,
RL_ELC,Electrified railway lines,TOTAL,Total,FI,Finland,2007,3047,
RL_ELC,Electrified railway lines,TOTAL,Total,FI,Finland,2008,3067,
RL_ELC,Electrified railway lines,TOTAL,Total,FI,Finland,2009,3067,
RL_ELC,Electrified railway lines,TOTAL,Total,FI,Finland,2010,3073,
RL_ELC,Electrified railway lines,TOTAL,Total,FI,Finland,2011,3172,
RL_ELC,Electrified railway lines,TOTAL,Total,FI,Finland,2012,3172,
RL_ELC,Electrified railway lines,TOTAL,Total,FI,Finland,2013,3172,
RL_ELC,Electrified railway lines,TOTAL,Total,FI,Finland,2014,3256,
RL_ELC,Electrified railway lines,TOTAL,Total,FI,Finland,2015,3262,b
RL_ELC,Electrified railway lines,TOTAL,Total,FI,Finland,2016,3270,
RL_ELC,Electrified railway lines,TOTAL,Total,FI,Finland,2017,3331,
RL_ELC,Electrified railway lines,TOTAL,Total,FI,Finland,2018,3330,
RL_ELC,Electrified railway lines,TOTAL,Total,FI,Finland,2019,3331,
RL_ELC,Electrified railway lines,TOTAL,Total,FI,Finland,2020,3349,
RL_ELC,Electrified railway lines,TOTAL,Total,FI,Finland,2021,3359,
RL_ELC,Electrified railway lines,TOTAL,Total,FI,Finland,2022,3428,
RL_ELC,Electrified railway lines,TOTAL,Total,FI,Finland,2023,3424,
RL_ELC,Electrified railway lines,TOTAL,Total,FI,Finland,2024,3635,
RL_ELC,Electrified railway lines,TOTAL,Total,FR,France,1962,7525,
RL_ELC,Electrified railway lines,TOTAL,Total,FR,France,1990,12512,
RL_ELC,Electrified railway lines,TOTAL,Total,FR,France,1991,12684,
RL_ELC,Electrified railway lines,TOTAL,Total,FR,France,1992,12896,
RL_ELC,Electrified railway lines,TOTAL,Total,FR,France,1993,13574,
RL_ELC,Electrified railway lines,TOTAL,Total,FR,France,1994,13743,
RL_ELC,Electrified railway lines,TOTAL,Total,FR,France,1995,13800,
RL_ELC,Electrified railway lines,TOTAL,Total,FR,France,1996,14177,
RL_ELC,Electrified railway lines,TOTAL,Total,FR,France,1997,14181,
RL_ELC,Electrified railway lines,TOTAL,Total,FR,France,1998,14154,
RL_ELC,Electrified railway lines,TOTAL,Total,FR,France,1999,14207,
RL_ELC,Electrified railway lines,TOTAL,Total,FR,France,2000,14221,
RL_ELC,Electrified railway lines,TOTAL,Total,FR,France,2001,14465,
RL_ELC,Electrified railway lines,TOTAL,Total,FR,France,2002,14463,
RL_ELC,Electrified railway lines,TOTAL,Total,FR,France,2003,14464,
RL_ELC,Electrified railway lines,TOTAL,Total,FR,France,2004,14591,
RL_ELC,Electrified railway lines,TOTAL,Total,FR,France,2005,14755,
RL_ELC,Electrified railway lines,TOTAL,Total,FR,France,2006,14808,
RL_ELC,Electrified railway lines,TOTAL,Total,FR,France,2007,15125,
RL_ELC,Electrified railway lines,TOTAL,Total,FR,France,2008,15345,
RL_ELC,Electrified railway lines,TOTAL,Total,FR,France,2009,15432,
RL_ELC,Electrified railway lines,TOTAL,Total,FR,France,2010,15455,
RL_ELC,Electrified railway lines,TOTAL,Total,FR,France,2011,15817,
RL_ELC,Electrified railway lines,TOTAL,Total,FR,France,2012,16118,
RL_ELC,Electrified railway lines,TOTAL,Total,FR,France,2013,15860,
RL_ELC,Electrified railway lines,TOTAL,Total,FR,France,2014,16033,
RL_ELC,Electrified railway lines,TOTAL,Total,FR,France,2015,15989,
RL_ELC,Electrified railway lines,TOTAL,Total,FR,France,2016,16099,
RL_ELC,Electrified railway lines,TOTAL,Total,FR,France,2017,16713.216,
RL_ELC,Electrified railway lines,TOTAL,Total,FR,France,2018,16714.309,
RL_ELC,Electrified railway lines,TOTAL,Total,FR,France,2019,16727.677,
RL_ELC,Electrified railway lines,TOTAL,Total,FR,France,2020,16694,
RL_ELC,Electrified railway lines,TOTAL,Total,FR,France,2021,16735,
RL_ELC,Electrified railway lines,TOTAL,Total,FR,France,2022,16804,
RL_ELC,Electrified railway lines,TOTAL,Total,FR,France,2023,16802,
RL_ELC,Electrified railway lines,TOTAL,Total,FR,France,2024,16808.829,
RL_ELC,Electrified railway lines,TOTAL,Total,GE,Georgia,1995,1575,
RL_ELC,Electrified railway lines,TOTAL,Total,GE,Georgia,1996,1575,
RL_ELC,Electrified railway lines,TOTAL,Total,GE,Georgia,1997,1576,
RL_ELC,Electrified railway lines,TOTAL,Total,GE,Georgia,1998,1576,
RL_ELC,Electrified railway lines,TOTAL,Total,GE,Georgia,1999,1545,
RL_ELC,Electrified railway lines,TOTAL,Total,GE,Georgia,2012,1455.4,
RL_ELC,Electrified railway lines,TOTAL,Total,GE,Georgia,2013,1615.4,
RL_ELC,Electrified railway lines,TOTAL,Total,GE,Georgia,2014,1613.4,
RL_ELC,Electrified railway lines,TOTAL,Total,GE,Georgia,2015,1124.079,
RL_ELC,Electrified railway lines,TOTAL,Total,GE,Georgia,2016,1124.1,
RL_ELC,Electrified railway lines,TOTAL,Total,GE,Georgia,2017,1124.079,
RL_ELC,Electrified railway lines,TOTAL,Total,GE,Georgia,2018,1125.64,
RL_ELC,Electrified railway lines,TOTAL,Total,GE,Georgia,2019,1125.64,
RL_ELC,Electrified railway lines,TOTAL,Total,GE,Georgia,2020,1121.8,
RL_ELC,Electrified railway lines,TOTAL,Total,GE,Georgia,2021,1096.865,
RL_ELC,Electrified railway lines,TOTAL,Total,GE,Georgia,2022,1096.865,
RL_ELC,Electrified railway lines,TOTAL,Total,GE,Georgia,2023,1096.865,
RL_ELC,Electrified railway lines,TOTAL,Total,GE,Georgia,2024,1096.865,
RL_ELC,Electrified railway lines,TOTAL,Total,HR,Croatia,1990,844,
RL_ELC,Electrified railway lines,TOTAL,Total,HR,Croatia,1991,915,
RL_ELC,Electrified railway lines,TOTAL,Total,HR,Croatia,1992,964,
RL_ELC,Electrified railway lines,TOTAL,Total,HR,Croatia,1993,984,
RL_ELC,Electrified railway lines,TOTAL,Total,HR,Croatia,1994,983,
RL_ELC,Electrified railway lines,TOTAL,Total,HR,Croatia,1995,983,
RL_ELC,Electrified railway lines,TOTAL,Total,HR,Croatia,1996,983,
RL_ELC,Electrified railway lines,TOTAL,Total,HR,Croatia,1997,983,
RL_ELC,Electrified railway lines,TOTAL,Total,HR,Croatia,1998,983,
RL_ELC,Electrified railway lines,TOTAL,Total,HR,Croatia,1999,983,
RL_ELC,Electrified railway lines,TOTAL,Total,HR,Croatia,2000,983,
RL_ELC,Electrified railway lines,TOTAL,Total,HR,Croatia,2001,983,
RL_ELC,Electrified railway lines,TOTAL,Total,HR,Croatia,2002,983,
RL_ELC,Electrified railway lines,TOTAL,Total,HR,Croatia,2003,983,
RL_ELC,Electrified railway lines,TOTAL,Total,HR,Croatia,2004,984,
RL_ELC,Electrified railway lines,TOTAL,Total,HR,Croatia,2005,984,
RL_ELC,Electrified railway lines,TOTAL,Total,HR,Croatia,2006,980,
RL_ELC,Electrified railway lines,TOTAL,Total,HR,Croatia,2007,980,
RL_ELC,Electrified railway lines,TOTAL,Total,HR,Croatia,2008,985,
RL_ELC,Electrified railway lines,TOTAL,Total,HR,Croatia,2009,985,
RL_ELC,Electrified railway lines,TOTAL,Total,HR,Croatia,2010,984,
RL_ELC,Electrified railway lines,TOTAL,Total,HR,Croatia,2011,984,
RL_ELC,Electrified railway lines,TOTAL,Total,HR,Croatia,2012,984,
RL_ELC,Electrified railway lines,TOTAL,Total,HR,Croatia,2013,985,
RL_ELC,Electrified railway lines,TOTAL,Total,HR,Croatia,2014,970,
RL_ELC,Electrified railway lines,TOTAL,Total,HR,Croatia,2015,970,
RL_ELC,Electrified railway lines,TOTAL,Total,HR,Croatia,2016,970,
RL_ELC,Electrified railway lines,TOTAL,Total,HR,Croatia,2017,970,
RL_ELC,Electrified railway lines,TOTAL,Total,HR,Croatia,2018,970,
RL_ELC,Electrified railway lines,TOTAL,Total,HR,Croatia,2019,970,
RL_ELC,Electrified railway lines,TOTAL,Total,HR,Croatia,2020,970,
RL_ELC,Electrified railway lines,TOTAL,Total,HR,Croatia,2021,994,
RL_ELC,Electrified railway lines,TOTAL,Total,HR,Croatia,2022,995,
RL_ELC,Electrified railway lines,TOTAL,Total,HR,Croatia,2023,1013,
RL_ELC,Electrified railway lines,TOTAL,Total,HR,Croatia,2024,1013,
RL_ELC,Electrified railway lines,TOTAL,Total,HU,Hungary,1990,2249,
RL_ELC,Electrified railway lines,TOTAL,Total,HU,Hungary,1991,2247,
RL_ELC,Electrified railway lines,TOTAL,Total,HU,Hungary,1992,2277,
RL_ELC,Electrified railway lines,TOTAL,Total,HU,Hungary,1993,2277,
RL_ELC,Electrified railway lines,TOTAL,Total,HU,Hungary,1994,2283,
RL_ELC,Electrified railway lines,TOTAL,Total,HU,Hungary,1995,2353,
RL_ELC,Electrified railway lines,TOTAL,Total,HU,Hungary,1996,2353,
RL_ELC,Electrified railway lines,TOTAL,Total,HU,Hungary,1997,2378,
RL_ELC,Electrified railway lines,TOTAL,Total,HU,Hungary,1998,2594,
RL_ELC,Electrified railway lines,TOTAL,Total,HU,Hungary,1999,2620,
RL_ELC,Electrified railway lines,TOTAL,Total,HU,Hungary,2000,2718,
RL_ELC,Electrified railway lines,TOTAL,Total,HU,Hungary,2001,2718,
RL_ELC,Electrified railway lines,TOTAL,Total,HU,Hungary,2002,2780,
RL_ELC,Electrified railway lines,TOTAL,Total,HU,Hungary,2003,2780,
RL_ELC,Electrified railway lines,TOTAL,Total,HU,Hungary,2004,2791,
RL_ELC,Electrified railway lines,TOTAL,Total,HU,Hungary,2005,2790,
RL_ELC,Electrified railway lines,TOTAL,Total,HU,Hungary,2006,2792,
RL_ELC,Electrified railway lines,TOTAL,Total,HU,Hungary,2007,2738,
RL_ELC,Electrified railway lines,TOTAL,Total,HU,Hungary,2008,2738,
RL_ELC,Electrified railway lines,TOTAL,Total,HU,Hungary,2009,2792,
RL_ELC,Electrified railway lines,TOTAL,Total,HU,Hungary,2010,2929,
RL_ELC,Electrified railway lines,TOTAL,Total,HU,Hungary,2011,2981.5,
RL_ELC,Electrified railway lines,TOTAL,Total,HU,Hungary,2012,2982,
RL_ELC,Electrified railway lines,TOTAL,Total,HU,Hungary,2013,2968.6,
RL_ELC,Electrified railway lines,TOTAL,Total,HU,Hungary,2014,2967.94,
RL_ELC,Electrified railway lines,TOTAL,Total,HU,Hungary,2015,2963,
RL_ELC,Electrified railway lines,TOTAL,Total,HU,Hungary,2016,3018,
RL_ELC,Electrified railway lines,TOTAL,Total,HU,Hungary,2017,3103,
RL_ELC,Electrified railway lines,TOTAL,Total,HU,Hungary,2018,3069,
RL_ELC,Electrified railway lines,TOTAL,Total,HU,Hungary,2019,3111,
RL_ELC,Electrified railway lines,TOTAL,Total,HU,Hungary,2020,3111,
RL_ELC,Electrified railway lines,TOTAL,Total,HU,Hungary,2021,3221,
RL_ELC,Electrified railway lines,TOTAL,Total,HU,Hungary,2022,3221,
RL_ELC,Electrified railway lines,TOTAL,Total,HU,Hungary,2023,3368,
RL_ELC,Electrified railway lines,TOTAL,Total,HU,Hungary,2024,3367,
RL_ELC,Electrified railway lines,TOTAL,Total,IE,Ireland,1990,37,
RL_ELC,Electrified railway lines,TOTAL,Total,IE,Ireland,1991,37,
RL_ELC,Electrified railway lines,TOTAL,Total,IE,Ireland,1992,37,
RL_ELC,Electrified railway lines,TOTAL,Total,IE,Ireland,1993,37,
RL_ELC,Electrified railway lines,TOTAL,Total,IE,Ireland,1994,37,
RL_ELC,Electrified railway lines,TOTAL,Total,IE,Ireland,1995,37,
RL_ELC,Electrified railway lines,TOTAL,Total,IE,Ireland,1996,37,
RL_ELC,Electrified railway lines,TOTAL,Total,IE,Ireland,1997,37,
RL_ELC,Electrified railway lines,TOTAL,Total,IE,Ireland,1998,37,
RL_ELC,Electrified railway lines,TOTAL,Total,IE,Ireland,1999,47,
RL_ELC,Electrified railway lines,TOTAL,Total,IE,Ireland,2000,47,
RL_ELC,Electrified railway lines,TOTAL,Total,IE,Ireland,2001,47,
RL_ELC,Electrified railway lines,TOTAL,Total,IE,Ireland,2002,48,
RL_ELC,Electrified railway lines,TOTAL,Total,IE,Ireland,2003,49,
RL_ELC,Electrified railway lines,TOTAL,Total,IE,Ireland,2004,50,
RL_ELC,Electrified railway lines,TOTAL,Total,IE,Ireland,2005,51,
RL_ELC,Electrified railway lines,TOTAL,Total,IE,Ireland,2006,52,
RL_ELC,Electrified railway lines,TOTAL,Total,IE,Ireland,2007,53,
RL_ELC,Electrified railway lines,TOTAL,Total,IE,Ireland,2008,53,
RL_ELC,Electrified railway lines,TOTAL,Total,IE,Ireland,2009,53,
RL_ELC,Electrified railway lines,TOTAL,Total,IE,Ireland,2010,53,
RL_ELC,Electrified railway lines,TOTAL,Total,IE,Ireland,2011,53,
RL_ELC,Electrified railway lines,TOTAL,Total,IE,Ireland,2012,53,
RL_ELC,Electrified railway lines,TOTAL,Total,IE,Ireland,2013,53,
RL_ELC,Electrified railway lines,TOTAL,Total,IE,Ireland,2014,53,
RL_ELC,Electrified railway lines,TOTAL,Total,IE,Ireland,2015,53,
RL_ELC,Electrified railway lines,TOTAL,Total,IE,Ireland,2016,53,
RL_ELC,Electrified railway lines,TOTAL,Total,IE,Ireland,2017,53,
RL_ELC,Electrified railway lines,TOTAL,Total,IE,Ireland,2018,53,
RL_ELC,Electrified railway lines,TOTAL,Total,IE,Ireland,2019,53,
RL_ELC,Electrified railway lines,TOTAL,Total,IE,Ireland,2020,53,
RL_ELC,Electrified railway lines,TOTAL,Total,IE,Ireland,2021,53,
RL_ELC,Electrified railway lines,TOTAL,Total,IE,Ireland,2022,53,
RL_ELC,Electrified railway lines,TOTAL,Total,IE,Ireland,2023,53,i
RL_ELC,Electrified railway lines,TOTAL,Total,IE,Ireland,2024,53,
RL_ELC,Electrified railway lines,TOTAL,Total,IT,Italy,1962,7860,
RL_ELC,Electrified railway lines,TOTAL,Total,IT,Italy,1990,9512,i
RL_ELC,Electrified railway lines,TOTAL,Total,IT,Italy,1991,9848,i
RL_ELC,Electrified railway lines,TOTAL,Total,IT,Italy,1992,10015,i
RL_ELC,Electrified railway lines,TOTAL,Total,IT,Italy,1993,10047,i
RL_ELC,Electrified railway lines,TOTAL,Total,IT,Italy,1994,10124,i
RL_ELC,Electrified railway lines,TOTAL,Total,IT,Italy,1995,10205,
RL_ELC,Electrified railway lines,TOTAL,Total,IT,Italy,1996,10318,
RL_ELC,Electrified railway lines,TOTAL,Total,IT,Italy,1997,10358,
RL_ELC,Electrified railway lines,TOTAL,Total,IT,Italy,1998,10488,
RL_ELC,Electrified railway lines,TOTAL,Total,IT,Italy,1999,10661,
RL_ELC,Electrified railway lines,TOTAL,Total,IT,Italy,2000,10734,
RL_ELC,Electrified railway lines,TOTAL,Total,IT,Italy,2001,10864,
RL_ELC,Electrified railway lines,TOTAL,Total,IT,Italy,2002,10891,
RL_ELC,Electrified railway lines,TOTAL,Total,IT,Italy,2003,10966,
RL_ELC,Electrified railway lines,TOTAL,Total,IT,Italy,2004,11044,
RL_ELC,Electrified railway lines,TOTAL,Total,IT,Italy,2005,11364,
RL_ELC,Electrified railway lines,TOTAL,Total,IT,Italy,2006,11455,
RL_ELC,Electrified railway lines,TOTAL,Total,IT,Italy,2007,11531,
RL_ELC,Electrified railway lines,TOTAL,Total,IT,Italy,2008,11727,
RL_ELC,Electrified railway lines,TOTAL,Total,IT,Italy,2009,11887,
RL_ELC,Electrified railway lines,TOTAL,Total,IT,Italy,2010,11906,
RL_ELC,Electrified railway lines,TOTAL,Total,IT,Italy,2011,11925,
RL_ELC,Electrified railway lines,TOTAL,Total,IT,Italy,2012,11931,
RL_ELC,Electrified railway lines,TOTAL,Total,IT,Italy,2013,11969,
RL_ELC,Electrified railway lines,TOTAL,Total,IT,Italy,2014,11940,i
RL_ELC,Electrified railway lines,TOTAL,Total,IT,Italy,2015,11941,i
RL_ELC,Electrified railway lines,TOTAL,Total,IT,Italy,2016,12023,
RL_ELC,Electrified railway lines,TOTAL,Total,IT,Italy,2017,12022,
RL_ELC,Electrified railway lines,TOTAL,Total,IT,Italy,2018,12018,
RL_ELC,Electrified railway lines,TOTAL,Total,IT,Italy,2019,12016,
RL_ELC,Electrified railway lines,TOTAL,Total,IT,Italy,2020,12065,
RL_ELC,Electrified railway lines,TOTAL,Total,IT,Italy,2021,12160,
RL_ELC,Electrified railway lines,TOTAL,Total,IT,Italy,2022,12184,
RL_ELC,Electrified railway lines,TOTAL,Total,IT,Italy,2023,12205,
RL_ELC,Electrified railway lines,TOTAL,Total,IT,Italy,2024,12277,
RL_ELC,Electrified railway lines,TOTAL,Total,LI,Liechtenstein,2013,9,
RL_ELC,Electrified railway lines,TOTAL,Total,LI,Liechtenstein,2014,9,
RL_ELC,Electrified railway lines,TOTAL,Total,LI,Liechtenstein,2015,9,
RL_ELC,Electrified railway lines,TOTAL,Total,LI,Liechtenstein,2016,9,
RL_ELC,Electrified railway lines,TOTAL,Total,LI,Liechtenstein,2017,9,
RL_ELC,Electrified railway lines,TOTAL,Total,LI,Liechtenstein,2018,9,
RL_ELC,Electrified railway lines,TOTAL,Total,LI,Liechtenstein,2019,9,
RL_ELC,Electrified railway lines,TOTAL,Total,LI,Liechtenstein,2020,9,
RL_ELC,Electrified railway lines,TOTAL,Total,LI,Liechtenstein,2021,9,
RL_ELC,Electrified railway lines,TOTAL,Total,LI,Liechtenstein,2022,9,
RL_ELC,Electrified railway lines,TOTAL,Total,LI,Liechtenstein,2023,9,
RL_ELC,Electrified railway lines,TOTAL,Total,LI,Liechtenstein,2024,9,
RL_ELC,Electrified railway lines,TOTAL,Total,LT,Lithuania,1990,122,
RL_ELC,Electrified railway lines,TOTAL,Total,LT,Lithuania,1991,122,
RL_ELC,Electrified railway lines,TOTAL,Total,LT,Lithuania,1992,122,
RL_ELC,Electrified railway lines,TOTAL,Total,LT,Lithuania,1993,122,
RL_ELC,Electrified railway lines,TOTAL,Total,LT,Lithuania,1994,122,
RL_ELC,Electrified railway lines,TOTAL,Total,LT,Lithuania,1995,122,
RL_ELC,Electrified railway lines,TOTAL,Total,LT,Lithuania,1996,122,
RL_ELC,Electrified railway lines,TOTAL,Total,LT,Lithuania,1997,122,
RL_ELC,Electrified railway lines,TOTAL,Total,LT,Lithuania,1998,122,
RL_ELC,Electrified railway lines,TOTAL,Total,LT,Lithuania,1999,122,
RL_ELC,Electrified railway lines,TOTAL,Total,LT,Lithuania,2000,122,
RL_ELC,Electrified railway lines,TOTAL,Total,LT,Lithuania,2001,122,
RL_ELC,Electrified railway lines,TOTAL,Total,LT,Lithuania,2002,122,
RL_ELC,Electrified railway lines,TOTAL,Total,LT,Lithuania,2003,122,
RL_ELC,Electrified railway lines,TOTAL,Total,LT,Lithuania,2004,122,
RL_ELC,Electrified railway lines,TOTAL,Total,LT,Lithuania,2005,122,
RL_ELC,Electrified railway lines,TOTAL,Total,LT,Lithuania,2006,122,
RL_ELC,Electrified railway lines,TOTAL,Total,LT,Lithuania,2007,122,
RL_ELC,Electrified railway lines,TOTAL,Total,LT,Lithuania,2008,122,
RL_ELC,Electrified railway lines,TOTAL,Total,LT,Lithuania,2009,122,
RL_ELC,Electrified railway lines,TOTAL,Total,LT,Lithuania,2010,122,
RL_ELC,Electrified railway lines,TOTAL,Total,LT,Lithuania,2011,122,
RL_ELC,Electrified railway lines,TOTAL,Total,LT,Lithuania,2012,122,
RL_ELC,Electrified railway lines,TOTAL,Total,LT,Lithuania,2013,122,
RL_ELC,Electrified railway lines,TOTAL,Total,LT,Lithuania,2014,122,
RL_ELC,Electrified railway lines,TOTAL,Total,LT,Lithuania,2015,122,
RL_ELC,Electrified railway lines,TOTAL,Total,LT,Lithuania,2016,122,
RL_ELC,Electrified railway lines,TOTAL,Total,LT,Lithuania,2017,152.4,
RL_ELC,Electrified railway lines,TOTAL,Total,LT,Lithuania,2018,152.4,
RL_ELC,Electrified railway lines,TOTAL,Total,LT,Lithuania,2019,152.4,
RL_ELC,Electrified railway lines,TOTAL,Total,LT,Lithuania,2020,152.4,
RL_ELC,Electrified railway lines,TOTAL,Total,LT,Lithuania,2021,152.4,
RL_ELC,Electrified railway lines,TOTAL,Total,LT,Lithuania,2022,152.4,
RL_ELC,Electrified railway lines,TOTAL,Total,LT,Lithuania,2023,152.4,
RL_ELC,Electrified railway lines,TOTAL,Total,LT,Lithuania,2024,156,
RL_ELC,Electrified railway lines,TOTAL,Total,LU,Luxembourg,1962,136,
RL_ELC,Electrified railway lines,TOTAL,Total,LU,Luxembourg,1990,197,
RL_ELC,Electrified railway lines,TOTAL,Total,LU,Luxembourg,1991,220,
RL_ELC,Electrified railway lines,TOTAL,Total,LU,Luxembourg,1992,220,
RL_ELC,Electrified railway lines,TOTAL,Total,LU,Luxembourg,1993,262,
RL_ELC,Electrified railway lines,TOTAL,Total,LU,Luxembourg,1994,262,
RL_ELC,Electrified railway lines,TOTAL,Total,LU,Luxembourg,1995,262,
RL_ELC,Electrified railway lines,TOTAL,Total,LU,Luxembourg,1996,261,
RL_ELC,Electrified railway lines,TOTAL,Total,LU,Luxembourg,1997,261,
RL_ELC,Electrified railway lines,TOTAL,Total,LU,Luxembourg,1998,261,
RL_ELC,Electrified railway lines,TOTAL,Total,LU,Luxembourg,1999,261,
RL_ELC,Electrified railway lines,TOTAL,Total,LU,Luxembourg,2000,261,
RL_ELC,Electrified railway lines,TOTAL,Total,LU,Luxembourg,2001,261,
RL_ELC,Electrified railway lines,TOTAL,Total,LU,Luxembourg,2002,261,
RL_ELC,Electrified railway lines,TOTAL,Total,LU,Luxembourg,2003,262,
RL_ELC,Electrified railway lines,TOTAL,Total,LU,Luxembourg,2004,262,
RL_ELC,Electrified railway lines,TOTAL,Total,LU,Luxembourg,2005,262,
RL_ELC,Electrified railway lines,TOTAL,Total,LU,Luxembourg,2006,262,
RL_ELC,Electrified railway lines,TOTAL,Total,LU,Luxembourg,2007,262,
RL_ELC,Electrified railway lines,TOTAL,Total,LU,Luxembourg,2008,262,
RL_ELC,Electrified railway lines,TOTAL,Total,LU,Luxembourg,2009,262,
RL_ELC,Electrified railway lines,TOTAL,Total,LU,Luxembourg,2010,262,
RL_ELC,Electrified railway lines,TOTAL,Total,LU,Luxembourg,2011,262,
RL_ELC,Electrified railway lines,TOTAL,Total,LU,Luxembourg,2012,262,
RL_ELC,Electrified railway lines,TOTAL,Total,LU,Luxembourg,2013,262,
RL_ELC,Electrified railway lines,TOTAL,Total,LU,Luxembourg,2014,262,
RL_ELC,Electrified railway lines,TOTAL,Total,LU,Luxembourg,2015,262,
RL_ELC,Electrified railway lines,TOTAL,Total,LU,Luxembourg,2016,262,
RL_ELC,Electrified railway lines,TOTAL,Total,LU,Luxembourg,2017,262,
RL_ELC,Electrified railway lines,TOTAL,Total,LU,Luxembourg,2018,262.32,
RL_ELC,Electrified railway lines,TOTAL,Total,LU,Luxembourg,2019,262.32,
RL_ELC,Electrified railway lines,TOTAL,Total,LU,Luxembourg,2020,262,
RL_ELC,Electrified railway lines,TOTAL,Total,LU,Luxembourg,2021,262,
RL_ELC,Electrified railway lines,TOTAL,Total,LU,Luxembourg,2022,262,
RL_ELC,Electrified railway lines,TOTAL,Total,LU,Luxembourg,2023,262,
RL_ELC,Electrified railway lines,TOTAL,Total,LU,Luxembourg,2024,262,
RL_ELC,Electrified railway lines,TOTAL,Total,LV,Latvia,1990,271,
RL_ELC,Electrified railway lines,TOTAL,Total,LV,Latvia,1991,271,
RL_ELC,Electrified railway lines,TOTAL,Total,LV,Latvia,1992,271,
RL_ELC,Electrified railway lines,TOTAL,Total,LV,Latvia,1993,271,
RL_ELC,Electrified railway lines,TOTAL,Total,LV,Latvia,1994,271,
RL_ELC,Electrified railway lines,TOTAL,Total,LV,Latvia,1995,271,
RL_ELC,Electrified railway lines,TOTAL,Total,LV,Latvia,1996,271,
RL_ELC,Electrified railway lines,TOTAL,Total,LV,Latvia,1997,271,
RL_ELC,Electrified railway lines,TOTAL,Total,LV,Latvia,1998,270,
RL_ELC,Electrified railway lines,TOTAL,Total,LV,Latvia,1999,258,
RL_ELC,Electrified railway lines,TOTAL,Total,LV,Latvia,2000,258,
RL_ELC,Electrified railway lines,TOTAL,Total,LV,Latvia,2001,257,
RL_ELC,Electrified railway lines,TOTAL,Total,LV,Latvia,2002,257,
RL_ELC,Electrified railway lines,TOTAL,Total,LV,Latvia,2003,257,
RL_ELC,Electrified railway lines,TOTAL,Total,LV,Latvia,2004,257,
RL_ELC,Electrified railway lines,TOTAL,Total,LV,Latvia,2005,257,
RL_ELC,Electrified railway lines,TOTAL,Total,LV,Latvia,2006,257,
RL_ELC,Electrified railway lines,TOTAL,Total,LV,Latvia,2007,257,
RL_ELC,Electrified railway lines,TOTAL,Total,LV,Latvia,2008,257,
RL_ELC,Electrified railway lines,TOTAL,Total,LV,Latvia,2009,257,
RL_ELC,Electrified railway lines,TOTAL,Total,LV,Latvia,2010,257,
RL_ELC,Electrified railway lines,TOTAL,Total,LV,Latvia,2011,257,
RL_ELC,Electrified railway lines,TOTAL,Total,LV,Latvia,2012,250,
RL_ELC,Electrified railway lines,TOTAL,Total,LV,Latvia,2013,248,
RL_ELC,Electrified railway lines,TOTAL,Total,LV,Latvia,2014,251,
RL_ELC,Electrified railway lines,TOTAL,Total,LV,Latvia,2015,251,
RL_ELC,Electrified railway lines,TOTAL,Total,LV,Latvia,2016,250.9,
RL_ELC,Electrified railway lines,TOTAL,Total,LV,Latvia,2017,250.9,
RL_ELC,Electrified railway lines,TOTAL,Total,LV,Latvia,2018,250.9,
RL_ELC,Electrified railway lines,TOTAL,Total,LV,Latvia,2019,250.9,
RL_ELC,Electrified railway lines,TOTAL,Total,LV,Latvia,2020,250.9,
RL_ELC,Electrified railway lines,TOTAL,Total,LV,Latvia,2021,250.9,
RL_ELC,Electrified railway lines,TOTAL,Total,LV,Latvia,2022,250.9,
RL_ELC,Electrified railway lines,TOTAL,Total,LV,Latvia,2023,250.9,
RL_ELC,Electrified railway lines,TOTAL,Total,LV,Latvia,2024,250.9,
RL_ELC,Electrified railway lines,TOTAL,Total,MD,Moldova,1990,0,
RL_ELC,Electrified railway lines,TOTAL,Total,MD,Moldova,1991,0,
RL_ELC,Electrified railway lines,TOTAL,Total,MD,Moldova,1992,0,
RL_ELC,Electrified railway lines,TOTAL,Total,MD,Moldova,1993,0,
RL_ELC,Electrified railway lines,TOTAL,Total,MD,Moldova,1994,0,
RL_ELC,Electrified railway lines,TOTAL,Total,MD,Moldova,1995,0,
RL_ELC,Electrified railway lines,TOTAL,Total,MD,Moldova,1996,0,
RL_ELC,Electrified railway lines,TOTAL,Total,MD,Moldova,1997,0,
RL_ELC,Electrified railway lines,TOTAL,Total,MD,Moldova,1998,0,
RL_ELC,Electrified railway lines,TOTAL,Total,MD,Moldova,1999,0,
RL_ELC,Electrified railway lines,TOTAL,Total,MD,Moldova,2000,0,
RL_ELC,Electrified railway lines,TOTAL,Total,MD,Moldova,2001,0,
RL_ELC,Electrified railway lines,TOTAL,Total,MD,Moldova,2002,0,
RL_ELC,Electrified railway lines,TOTAL,Total,MD,Moldova,2004,0,
RL_ELC,Electrified railway lines,TOTAL,Total,MD,Moldova,2009,0,
RL_ELC,Electrified railway lines,TOTAL,Total,MD,Moldova,2010,0,
RL_ELC,Electrified railway lines,TOTAL,Total,MD,Moldova,2011,0,
RL_ELC,Electrified railway lines,TOTAL,Total,MD,Moldova,2012,0,
RL_ELC,Electrified railway lines,TOTAL,Total,MD,Moldova,2013,0,
RL_ELC,Electrified railway lines,TOTAL,Total,MD,Moldova,2014,0,
RL_ELC,Electrified railway lines,TOTAL,Total,MD,Moldova,2015,0,
RL_ELC,Electrified railway lines,TOTAL,Total,MD,Moldova,2016,0,
RL_ELC,Electrified railway lines,TOTAL,Total,MD,Moldova,2017,0,
RL_ELC,Electrified railway lines,TOTAL,Total,MD,Moldova,2018,0,
RL_ELC,Electrified railway lines,TOTAL,Total,MD,Moldova,2019,0,
RL_ELC,Electrified railway lines,TOTAL,Total,MD,Moldova,2020,0,
RL_ELC,Electrified railway lines,TOTAL,Total,MD,Moldova,2021,0,
RL_ELC,Electrified railway lines,TOTAL,Total,MD,Moldova,2022,0,
RL_ELC,Electrified railway lines,TOTAL,Total,MD,Moldova,2023,0,
RL_ELC,Electrified railway lines,TOTAL,Total,MD,Moldova,2024,0,
RL_ELC,Electrified railway lines,TOTAL,Total,ME,Montenegro,2011,224.06,i
RL_ELC,Electrified railway lines,TOTAL,Total,ME,Montenegro,2012,224.06,i
RL_ELC,Electrified railway lines,TOTAL,Total,ME,Montenegro,2013,224.06,i
RL_ELC,Electrified railway lines,TOTAL,Total,ME,Montenegro,2014,224,i
RL_ELC,Electrified railway lines,TOTAL,Total,ME,Montenegro,2015,224,i
RL_ELC,Electrified railway lines,TOTAL,Total,ME,Montenegro,2016,225,
RL_ELC,Electrified railway lines,TOTAL,Total,ME,Montenegro,2017,225,
RL_ELC,Electrified railway lines,TOTAL,Total,ME,Montenegro,2018,225,
RL_ELC,Electrified railway lines,TOTAL,Total,ME,Montenegro,2019,225,
RL_ELC,Electrified railway lines,TOTAL,Total,ME,Montenegro,2020,226.6,
RL_ELC,Electrified railway lines,TOTAL,Total,ME,Montenegro,2021,226.6,
RL_ELC,Electrified railway lines,TOTAL,Total,ME,Montenegro,2022,226.6,
RL_ELC,Electrified railway lines,TOTAL,Total,ME,Montenegro,2023,226.6,
RL_ELC,Electrified railway lines,TOTAL,Total,ME,Montenegro,2024,226.6,
RL_ELC,Electrified railway lines,TOTAL,Total,MK,North Macedonia,1990,233,
RL_ELC,Electrified railway lines,TOTAL,Total,MK,North Macedonia,1992,231,
RL_ELC,Electrified railway lines,TOTAL,Total,MK,North Macedonia,1993,231,
RL_ELC,Electrified railway lines,TOTAL,Total,MK,North Macedonia,1994,233,
RL_ELC,Electrified railway lines,TOTAL,Total,MK,North Macedonia,1995,233,
RL_ELC,Electrified railway lines,TOTAL,Total,MK,North Macedonia,1996,233,
RL_ELC,Electrified railway lines,TOTAL,Total,MK,North Macedonia,1997,233,
RL_ELC,Electrified railway lines,TOTAL,Total,MK,North Macedonia,1998,233,
RL_ELC,Electrified railway lines,TOTAL,Total,MK,North Macedonia,1999,233,
RL_ELC,Electrified railway lines,TOTAL,Total,MK,North Macedonia,2000,233,
RL_ELC,Electrified railway lines,TOTAL,Total,MK,North Macedonia,2001,233,
RL_ELC,Electrified railway lines,TOTAL,Total,MK,North Macedonia,2002,233,
RL_ELC,Electrified railway lines,TOTAL,Total,MK,North Macedonia,2004,233,
RL_ELC,Electrified railway lines,TOTAL,Total,MK,North Macedonia,2005,233,
RL_ELC,Electrified railway lines,TOTAL,Total,MK,North Macedonia,2006,234,
RL_ELC,Electrified railway lines,TOTAL,Total,MK,North Macedonia,2007,234,
RL_ELC,Electrified railway lines,TOTAL,Total,MK,North Macedonia,2008,234,
RL_ELC,Electrified railway lines,TOTAL,Total,MK,North Macedonia,2009,234,
RL_ELC,Electrified railway lines,TOTAL,Total,MK,North Macedonia,2010,234,
RL_ELC,Electrified railway lines,TOTAL,Total,MK,North Macedonia,2011,234,
RL_ELC,Electrified railway lines,TOTAL,Total,MK,North Macedonia,2012,234,
RL_ELC,Electrified railway lines,TOTAL,Total,MK,North Macedonia,2013,234,
RL_ELC,Electrified railway lines,TOTAL,Total,MK,North Macedonia,2014,234,
RL_ELC,Electrified railway lines,TOTAL,Total,MK,North Macedonia,2015,234,
RL_ELC,Electrified railway lines,TOTAL,Total,MK,North Macedonia,2016,234,
RL_ELC,Electrified railway lines,TOTAL,Total,MK,North Macedonia,2017,234,
RL_ELC,Electrified railway lines,TOTAL,Total,MK,North Macedonia,2018,234,
RL_ELC,Electrified railway lines,TOTAL,Total,MK,North Macedonia,2019,234,
RL_ELC,Electrified railway lines,TOTAL,Total,MK,North Macedonia,2020,234,
RL_ELC,Electrified railway lines,TOTAL,Total,MK,North Macedonia,2021,234,
RL_ELC,Electrified railway lines,TOTAL,Total,MK,North Macedonia,2022,234,
RL_ELC,Electrified railway lines,TOTAL,Total,MK,North Macedonia,2023,234,
RL_ELC,Electrified railway lines,TOTAL,Total,MK,North Macedonia,2024,234,
RL_ELC,Electrified railway lines,TOTAL,Total,NL,Netherlands,1962,1624,
RL_ELC,Electrified railway lines,TOTAL,Total,NL,Netherlands,1990,1957,
RL_ELC,Electrified railway lines,TOTAL,Total,NL,Netherlands,1991,1967,
RL_ELC,Electrified railway lines,TOTAL,Total,NL,Netherlands,1992,1977,
RL_ELC,Electrified railway lines,TOTAL,Total,NL,Netherlands,1993,1987,
RL_ELC,Electrified railway lines,TOTAL,Total,NL,Netherlands,1994,1991,
RL_ELC,Electrified railway lines,TOTAL,Total,NL,Netherlands,1995,1991,
RL_ELC,Electrified railway lines,TOTAL,Total,NL,Netherlands,1996,1991,
RL_ELC,Electrified railway lines,TOTAL,Total,NL,Netherlands,1997,2058,
RL_ELC,Electrified railway lines,TOTAL,Total,NL,Netherlands,1998,2061,
RL_ELC,Electrified railway lines,TOTAL,Total,NL,Netherlands,1999,2061,
RL_ELC,Electrified railway lines,TOTAL,Total,NL,Netherlands,2000,2062,
RL_ELC,Electrified railway lines,TOTAL,Total,NL,Netherlands,2001,2061,
RL_ELC,Electrified railway lines,TOTAL,Total,NL,Netherlands,2002,2059,
RL_ELC,Electrified railway lines,TOTAL,Total,NL,Netherlands,2003,2064,
RL_ELC,Electrified railway lines,TOTAL,Total,NL,Netherlands,2004,2064,
RL_ELC,Electrified railway lines,TOTAL,Total,NL,Netherlands,2005,1954,
RL_ELC,Electrified railway lines,TOTAL,Total,NL,Netherlands,2006,2022,
RL_ELC,Electrified railway lines,TOTAL,Total,NL,Netherlands,2007,2039,
RL_ELC,Electrified railway lines,TOTAL,Total,NL,Netherlands,2008,2155,
RL_ELC,Electrified railway lines,TOTAL,Total,NL,Netherlands,2009,2155,
RL_ELC,Electrified railway lines,TOTAL,Total,NL,Netherlands,2010,2266,
RL_ELC,Electrified railway lines,TOTAL,Total,NL,Netherlands,2011,2266,
RL_ELC,Electrified railway lines,TOTAL,Total,NL,Netherlands,2012,2266,
RL_ELC,Electrified railway lines,TOTAL,Total,NL,Netherlands,2013,2266,
RL_ELC,Electrified railway lines,TOTAL,Total,NL,Netherlands,2014,2307,
RL_ELC,Electrified railway lines,TOTAL,Total,NL,Netherlands,2015,2302,
RL_ELC,Electrified railway lines,TOTAL,Total,NL,Netherlands,2016,2314,
RL_ELC,Electrified railway lines,TOTAL,Total,NL,Netherlands,2017,2310,
RL_ELC,Electrified railway lines,TOTAL,Total,NL,Netherlands,2018,2224,
RL_ELC,Electrified railway lines,TOTAL,Total,NL,Netherlands,2019,2224,
RL_ELC,Electrified railway lines,TOTAL,Total,NL,Netherlands,2020,2225,
RL_ELC,Electrified railway lines,TOTAL,Total,NL,Netherlands,2021,2264,
RL_ELC,Electrified railway lines,TOTAL,Total,NL,Netherlands,2022,2265,
RL_ELC,Electrified railway lines,TOTAL,Total,NL,Netherlands,2023,2267,
RL_ELC,Electrified railway lines,TOTAL,Total,NL,Netherlands,2024,2265,
RL_ELC,Electrified railway lines,TOTAL,Total,NO,Norway,1990,2426,
RL_ELC,Electrified railway lines,TOTAL,Total,NO,Norway,1991,2426,
RL_ELC,Electrified railway lines,TOTAL,Total,NO,Norway,1992,2426,
RL_ELC,Electrified railway lines,TOTAL,Total,NO,Norway,1993,2422,
RL_ELC,Electrified railway lines,TOTAL,Total,NO,Norway,1994,2422,
RL_ELC,Electrified railway lines,TOTAL,Total,NO,Norway,1995,2422,
RL_ELC,Electrified railway lines,TOTAL,Total,NO,Norway,1996,2420,
RL_ELC,Electrified railway lines,TOTAL,Total,NO,Norway,1997,2456,
RL_ELC,Electrified railway lines,TOTAL,Total,NO,Norway,1998,2477,i
RL_ELC,Electrified railway lines,TOTAL,Total,NO,Norway,1999,2498,i
RL_ELC,Electrified railway lines,TOTAL,Total,NO,Norway,2000,2519,
RL_ELC,Electrified railway lines,TOTAL,Total,NO,Norway,2001,2518,
RL_ELC,Electrified railway lines,TOTAL,Total,NO,Norway,2002,2518,
RL_ELC,Electrified railway lines,TOTAL,Total,NO,Norway,2003,2518,
RL_ELC,Electrified railway lines,TOTAL,Total,NO,Norway,2004,2518,
RL_ELC,Electrified railway lines,TOTAL,Total,NO,Norway,2005,2552,
RL_ELC,Electrified railway lines,TOTAL,Total,NO,Norway,2006,2552,
RL_ELC,Electrified railway lines,TOTAL,Total,NO,Norway,2007,2552,
RL_ELC,Electrified railway lines,TOTAL,Total,NO,Norway,2008,2552,
RL_ELC,Electrified railway lines,TOTAL,Total,NO,Norway,2009,2505,
RL_ELC,Electrified railway lines,TOTAL,Total,NO,Norway,2010,2524,
RL_ELC,Electrified railway lines,TOTAL,Total,NO,Norway,2011,2516,
RL_ELC,Electrified railway lines,TOTAL,Total,NO,Norway,2012,2498,
RL_ELC,Electrified railway lines,TOTAL,Total,NO,Norway,2013,2500,
RL_ELC,Electrified railway lines,TOTAL,Total,NO,Norway,2014,2470,
RL_ELC,Electrified railway lines,TOTAL,Total,NO,Norway,2015,2460,
RL_ELC,Electrified railway lines,TOTAL,Total,NO,Norway,2016,2459,
RL_ELC,Electrified railway lines,TOTAL,Total,NO,Norway,2017,2459,
RL_ELC,Electrified railway lines,TOTAL,Total,NO,Norway,2018,2480,
RL_ELC,Electrified railway lines,TOTAL,Total,NO,Norway,2019,2483,
RL_ELC,Electrified railway lines,TOTAL,Total,NO,Norway,2020,2491,
RL_ELC,Electrified railway lines,TOTAL,Total,NO,Norway,2021,2491,
RL_ELC,Electrified railway lines,TOTAL,Total,NO,Norway,2022,2513,
RL_ELC,Electrified railway lines,TOTAL,Total,NO,Norway,2023,2529,
RL_ELC,Electrified railway lines,TOTAL,Total,NO,Norway,2024,2529,
RL_ELC,Electrified railway lines,TOTAL,Total,PL,Poland,1990,11387,
RL_ELC,Electrified railway lines,TOTAL,Total,PL,Poland,1991,11510,
RL_ELC,Electrified railway lines,TOTAL,Total,PL,Poland,1992,11496,
RL_ELC,Electrified railway lines,TOTAL,Total,PL,Poland,1993,11482,
RL_ELC,Electrified railway lines,TOTAL,Total,PL,Poland,1994,11613,
RL_ELC,Electrified railway lines,TOTAL,Total,PL,Poland,1995,11627,
RL_ELC,Electrified railway lines,TOTAL,Total,PL,Poland,1996,11626,
RL_ELC,Electrified railway lines,TOTAL,Total,PL,Poland,1997,11626,
RL_ELC,Electrified railway lines,TOTAL,Total,PL,Poland,1998,11614,
RL_ELC,Electrified railway lines,TOTAL,Total,PL,Poland,1999,11967,
RL_ELC,Electrified railway lines,TOTAL,Total,PL,Poland,2000,11905,
RL_ELC,Electrified railway lines,TOTAL,Total,PL,Poland,2001,11965,
RL_ELC,Electrified railway lines,TOTAL,Total,PL,Poland,2002,12207,
RL_ELC,Electrified railway lines,TOTAL,Total,PL,Poland,2003,12035,i
RL_ELC,Electrified railway lines,TOTAL,Total,PL,Poland,2004,12017,
RL_ELC,Electrified railway lines,TOTAL,Total,PL,Poland,2005,11884,
RL_ELC,Electrified railway lines,TOTAL,Total,PL,Poland,2006,11871,
RL_ELC,Electrified railway lines,TOTAL,Total,PL,Poland,2007,11898,
RL_ELC,Electrified railway lines,TOTAL,Total,PL,Poland,2008,11924,
RL_ELC,Electrified railway lines,TOTAL,Total,PL,Poland,2009,11956,
RL_ELC,Electrified railway lines,TOTAL,Total,PL,Poland,2010,11916,
RL_ELC,Electrified railway lines,TOTAL,Total,PL,Poland,2011,11880,
RL_ELC,Electrified railway lines,TOTAL,Total,PL,Poland,2012,11920,
RL_ELC,Electrified railway lines,TOTAL,Total,PL,Poland,2013,11868,
RL_ELC,Electrified railway lines,TOTAL,Total,PL,Poland,2014,11830,
RL_ELC,Electrified railway lines,TOTAL,Total,PL,Poland,2015,11865,
RL_ELC,Electrified railway lines,TOTAL,Total,PL,Poland,2016,11874,
RL_ELC,Electrified railway lines,TOTAL,Total,PL,Poland,2017,11854,
RL_ELC,Electrified railway lines,TOTAL,Total,PL,Poland,2018,11858,
RL_ELC,Electrified railway lines,TOTAL,Total,PL,Poland,2019,11982,
RL_ELC,Electrified railway lines,TOTAL,Total,PL,Poland,2020,12113,
RL_ELC,Electrified railway lines,TOTAL,Total,PL,Poland,2021,12101,
RL_ELC,Electrified railway lines,TOTAL,Total,PL,Poland,2022,12138,
RL_ELC,Electrified railway lines,TOTAL,Total,PL,Poland,2023,12205,
RL_ELC,Electrified railway lines,TOTAL,Total,PL,Poland,2024,12216,
RL_ELC,Electrified railway lines,TOTAL,Total,PT,Portugal,1990,458,
RL_ELC,Electrified railway lines,TOTAL,Total,PT,Portugal,1991,462,
RL_ELC,Electrified railway lines,TOTAL,Total,PT,Portugal,1992,462,
RL_ELC,Electrified railway lines,TOTAL,Total,PT,Portugal,1993,462,
RL_ELC,Electrified railway lines,TOTAL,Total,PT,Portugal,1994,462,
RL_ELC,Electrified railway lines,TOTAL,Total,PT,Portugal,1995,522,
RL_ELC,Electrified railway lines,TOTAL,Total,PT,Portugal,1996,614,
RL_ELC,Electrified railway lines,TOTAL,Total,PT,Portugal,1997,731,
RL_ELC,Electrified railway lines,TOTAL,Total,PT,Portugal,1998,873,
RL_ELC,Electrified railway lines,TOTAL,Total,PT,Portugal,1999,901,
RL_ELC,Electrified railway lines,TOTAL,Total,PT,Portugal,2000,904,
RL_ELC,Electrified railway lines,TOTAL,Total,PT,Portugal,2001,905.3,
RL_ELC,Electrified railway lines,TOTAL,Total,PT,Portugal,2002,1047,
RL_ELC,Electrified railway lines,TOTAL,Total,PT,Portugal,2003,1076,i
RL_ELC,Electrified railway lines,TOTAL,Total,PT,Portugal,2004,1372,i
RL_ELC,Electrified railway lines,TOTAL,Total,PT,Portugal,2005,1436,i
RL_ELC,Electrified railway lines,TOTAL,Total,PT,Portugal,2006,1436,i
RL_ELC,Electrified railway lines,TOTAL,Total,PT,Portugal,2007,1435.6,
RL_ELC,Electrified railway lines,TOTAL,Total,PT,Portugal,2008,1460.2,
RL_ELC,Electrified railway lines,TOTAL,Total,PT,Portugal,2009,1460.1,
RL_ELC,Electrified railway lines,TOTAL,Total,PT,Portugal,2010,1488.1,
RL_ELC,Electrified railway lines,TOTAL,Total,PT,Portugal,2011,1629.7,
RL_ELC,Electrified railway lines,TOTAL,Total,PT,Portugal,2012,1630.1,
RL_ELC,Electrified railway lines,TOTAL,Total,PT,Portugal,2013,1629.1,
RL_ELC,Electrified railway lines,TOTAL,Total,PT,Portugal,2014,1630.3,
RL_ELC,Electrified railway lines,TOTAL,Total,PT,Portugal,2015,1639.1,
RL_ELC,Electrified railway lines,TOTAL,Total,PT,Portugal,2016,1639.1,
RL_ELC,Electrified railway lines,TOTAL,Total,PT,Portugal,2017,1639.07,
RL_ELC,Electrified railway lines,TOTAL,Total,PT,Portugal,2018,1639.07,
RL_ELC,Electrified railway lines,TOTAL,Total,PT,Portugal,2019,1695.65,
RL_ELC,Electrified railway lines,TOTAL,Total,PT,Portugal,2020,1695.65,
RL_ELC,Electrified railway lines,TOTAL,Total,PT,Portugal,2021,1791.174,
RL_ELC,Electrified railway lines,TOTAL,Total,PT,Portugal,2022,1791.174,
RL_ELC,Electrified railway lines,TOTAL,Total,PT,Portugal,2023,1791.174,
RL_ELC,Electrified railway lines,TOTAL,Total,PT,Portugal,2024,1790,
RL_ELC,Electrified railway lines,TOTAL,Total,RO,Romania,1990,3680,
RL_ELC,Electrified railway lines,TOTAL,Total,RO,Romania,1991,3680,
RL_ELC,Electrified railway lines,TOTAL,Total,RO,Romania,1992,3782,
RL_ELC,Electrified railway lines,TOTAL,Total,RO,Romania,1993,3758,
RL_ELC,Electrified railway lines,TOTAL,Total,RO,Romania,1994,3866,
RL_ELC,Electrified railway lines,TOTAL,Total,RO,Romania,1995,3866,
RL_ELC,Electrified railway lines,TOTAL,Total,RO,Romania,1996,3888,
RL_ELC,Electrified railway lines,TOTAL,Total,RO,Romania,1997,3943,
RL_ELC,Electrified railway lines,TOTAL,Total,RO,Romania,1998,3929,
RL_ELC,Electrified railway lines,TOTAL,Total,RO,Romania,1999,3942,
RL_ELC,Electrified railway lines,TOTAL,Total,RO,Romania,2000,3950,
RL_ELC,Electrified railway lines,TOTAL,Total,RO,Romania,2001,3950,
RL_ELC,Electrified railway lines,TOTAL,Total,RO,Romania,2002,3950,
RL_ELC,Electrified railway lines,TOTAL,Total,RO,Romania,2003,3965,
RL_ELC,Electrified railway lines,TOTAL,Total,RO,Romania,2004,3965,
RL_ELC,Electrified railway lines,TOTAL,Total,RO,Romania,2005,3999,
RL_ELC,Electrified railway lines,TOTAL,Total,RO,Romania,2006,3965,
RL_ELC,Electrified railway lines,TOTAL,Total,RO,Romania,2007,3959,
RL_ELC,Electrified railway lines,TOTAL,Total,RO,Romania,2008,3974,
RL_ELC,Electrified railway lines,TOTAL,Total,RO,Romania,2009,4002,
RL_ELC,Electrified railway lines,TOTAL,Total,RO,Romania,2010,4020,
RL_ELC,Electrified railway lines,TOTAL,Total,RO,Romania,2011,4020,
RL_ELC,Electrified railway lines,TOTAL,Total,RO,Romania,2012,4020,
RL_ELC,Electrified railway lines,TOTAL,Total,RO,Romania,2013,4029,
RL_ELC,Electrified railway lines,TOTAL,Total,RO,Romania,2014,4029,
RL_ELC,Electrified railway lines,TOTAL,Total,RO,Romania,2015,4030,
RL_ELC,Electrified railway lines,TOTAL,Total,RO,Romania,2016,4030,
RL_ELC,Electrified railway lines,TOTAL,Total,RO,Romania,2017,4030,
RL_ELC,Electrified railway lines,TOTAL,Total,RO,Romania,2018,4029,
RL_ELC,Electrified railway lines,TOTAL,Total,RO,Romania,2019,4029,
RL_ELC,Electrified railway lines,TOTAL,Total,RO,Romania,2020,4034,
RL_ELC,Electrified railway lines,TOTAL,Total,RO,Romania,2021,4035,
RL_ELC,Electrified railway lines,TOTAL,Total,RO,Romania,2022,4032,
RL_ELC,Electrified railway lines,TOTAL,Total,RO,Romania,2023,4032,
RL_ELC,Electrified railway lines,TOTAL,Total,RO,Romania,2024,4032,
RL_ELC,Electrified railway lines,TOTAL,Total,RS,Serbia,2006,1254,
RL_ELC,Electrified railway lines,TOTAL,Total,RS,Serbia,2007,1254,
RL_ELC,Electrified railway lines,TOTAL,Total,RS,Serbia,2008,1254,
RL_ELC,Electrified railway lines,TOTAL,Total,RS,Serbia,2009,1254,
RL_ELC,Electrified railway lines,TOTAL,Total,RS,Serbia,2010,1279,
RL_ELC,Electrified railway lines,TOTAL,Total,RS,Serbia,2011,1279,
RL_ELC,Electrified railway lines,TOTAL,Total,RS,Serbia,2012,1275,
RL_ELC,Electrified railway lines,TOTAL,Total,RS,Serbia,2013,1275,
RL_ELC,Electrified railway lines,TOTAL,Total,RS,Serbia,2014,1275,
RL_ELC,Electrified railway lines,TOTAL,Total,RS,Serbia,2015,1279,
RL_ELC,Electrified railway lines,TOTAL,Total,RS,Serbia,2016,1279,
RL_ELC,Electrified railway lines,TOTAL,Total,RS,Serbia,2017,1278,
RL_ELC,Electrified railway lines,TOTAL,Total,RS,Serbia,2018,1272,
RL_ELC,Electrified railway lines,TOTAL,Total,RS,Serbia,2019,1273,
RL_ELC,Electrified railway lines,TOTAL,Total,RS,Serbia,2020,1290,
RL_ELC,Electrified railway lines,TOTAL,Total,RS,Serbia,2021,1290,
RL_ELC,Electrified railway lines,TOTAL,Total,RS,Serbia,2022,1304,
RL_ELC,Electrified railway lines,TOTAL,Total,RS,Serbia,2023,1304,
RL_ELC,Electrified railway lines,TOTAL,Total,RS,Serbia,2024,1313,
RL_ELC,Electrified railway lines,TOTAL,Total,SE,Sweden,1990,7382,
RL_ELC,Electrified railway lines,TOTAL,Total,SE,Sweden,1991,7336,
RL_ELC,Electrified railway lines,TOTAL,Total,SE,Sweden,1992,7352,
RL_ELC,Electrified railway lines,TOTAL,Total,SE,Sweden,1993,7359,
RL_ELC,Electrified railway lines,TOTAL,Total,SE,Sweden,1994,7266,
RL_ELC,Electrified railway lines,TOTAL,Total,SE,Sweden,1995,7402,
RL_ELC,Electrified railway lines,TOTAL,Total,SE,Sweden,1996,7470,
RL_ELC,Electrified railway lines,TOTAL,Total,SE,Sweden,1997,7445,
RL_ELC,Electrified railway lines,TOTAL,Total,SE,Sweden,1998,7444,
RL_ELC,Electrified railway lines,TOTAL,Total,SE,Sweden,1999,7474,
RL_ELC,Electrified railway lines,TOTAL,Total,SE,Sweden,2000,7487,
RL_ELC,Electrified railway lines,TOTAL,Total,SE,Sweden,2001,7681,
RL_ELC,Electrified railway lines,TOTAL,Total,SE,Sweden,2002,7758,
RL_ELC,Electrified railway lines,TOTAL,Total,SE,Sweden,2003,7739,
RL_ELC,Electrified railway lines,TOTAL,Total,SE,Sweden,2004,7745,
RL_ELC,Electrified railway lines,TOTAL,Total,SE,Sweden,2005,7737,
RL_ELC,Electrified railway lines,TOTAL,Total,SE,Sweden,2006,7749,
RL_ELC,Electrified railway lines,TOTAL,Total,SE,Sweden,2007,7848,
RL_ELC,Electrified railway lines,TOTAL,Total,SE,Sweden,2008,7867,
RL_ELC,Electrified railway lines,TOTAL,Total,SE,Sweden,2009,7963,
RL_ELC,Electrified railway lines,TOTAL,Total,SE,Sweden,2010,7965,
RL_ELC,Electrified railway lines,TOTAL,Total,SE,Sweden,2011,8119,
RL_ELC,Electrified railway lines,TOTAL,Total,SE,Sweden,2012,8194,
RL_ELC,Electrified railway lines,TOTAL,Total,SE,Sweden,2013,8214,
RL_ELC,Electrified railway lines,TOTAL,Total,SE,Sweden,2014,8232,
RL_ELC,Electrified railway lines,TOTAL,Total,SE,Sweden,2015,8235,
RL_ELC,Electrified railway lines,TOTAL,Total,SE,Sweden,2016,8184,
RL_ELC,Electrified railway lines,TOTAL,Total,SE,Sweden,2017,8189,
RL_ELC,Electrified railway lines,TOTAL,Total,SE,Sweden,2018,8217,
RL_ELC,Electrified railway lines,TOTAL,Total,SE,Sweden,2019,8185,
RL_ELC,Electrified railway lines,TOTAL,Total,SE,Sweden,2020,8184,
RL_ELC,Electrified railway lines,TOTAL,Total,SE,Sweden,2021,8186,
RL_ELC,Electrified railway lines,TOTAL,Total,SE,Sweden,2022,8185,
RL_ELC,Electrified railway lines,TOTAL,Total,SE,Sweden,2023,8189,
RL_ELC,Electrified railway lines,TOTAL,Total,SE,Sweden,2024,8191,
RL_ELC,Electrified railway lines,TOTAL,Total,SI,Slovenia,1990,499,
RL_ELC,Electrified railway lines,TOTAL,Total,SI,Slovenia,1991,499,
RL_ELC,Electrified railway lines,TOTAL,Total,SI,Slovenia,1992,499,
RL_ELC,Electrified railway lines,TOTAL,Total,SI,Slovenia,1993,499,
RL_ELC,Electrified railway lines,TOTAL,Total,SI,Slovenia,1994,499,
RL_ELC,Electrified railway lines,TOTAL,Total,SI,Slovenia,1995,499,
RL_ELC,Electrified railway lines,TOTAL,Total,SI,Slovenia,1996,499,
RL_ELC,Electrified railway lines,TOTAL,Total,SI,Slovenia,1997,499,
RL_ELC,Electrified railway lines,TOTAL,Total,SI,Slovenia,1998,500,
RL_ELC,Electrified railway lines,TOTAL,Total,SI,Slovenia,1999,504,
RL_ELC,Electrified railway lines,TOTAL,Total,SI,Slovenia,2000,504,
RL_ELC,Electrified railway lines,TOTAL,Total,SI,Slovenia,2001,503.5,
RL_ELC,Electrified railway lines,TOTAL,Total,SI,Slovenia,2002,503.5,
RL_ELC,Electrified railway lines,TOTAL,Total,SI,Slovenia,2003,503.5,
RL_ELC,Electrified railway lines,TOTAL,Total,SI,Slovenia,2004,503.5,
RL_ELC,Electrified railway lines,TOTAL,Total,SI,Slovenia,2005,502.7,
RL_ELC,Electrified railway lines,TOTAL,Total,SI,Slovenia,2006,502.75,
RL_ELC,Electrified railway lines,TOTAL,Total,SI,Slovenia,2007,502.75,
RL_ELC,Electrified railway lines,TOTAL,Total,SI,Slovenia,2008,502.75,
RL_ELC,Electrified railway lines,TOTAL,Total,SI,Slovenia,2009,502.75,
RL_ELC,Electrified railway lines,TOTAL,Total,SI,Slovenia,2010,502.75,
RL_ELC,Electrified railway lines,TOTAL,Total,SI,Slovenia,2011,500.42,
RL_ELC,Electrified railway lines,TOTAL,Total,SI,Slovenia,2012,500,
RL_ELC,Electrified railway lines,TOTAL,Total,SI,Slovenia,2013,500,
RL_ELC,Electrified railway lines,TOTAL,Total,SI,Slovenia,2014,500,
RL_ELC,Electrified railway lines,TOTAL,Total,SI,Slovenia,2015,500,
RL_ELC,Electrified railway lines,TOTAL,Total,SI,Slovenia,2016,500,
RL_ELC,Electrified railway lines,TOTAL,Total,SI,Slovenia,2017,610,
RL_ELC,Electrified railway lines,TOTAL,Total,SI,Slovenia,2018,610,
RL_ELC,Electrified railway lines,TOTAL,Total,SI,Slovenia,2019,610,
RL_ELC,Electrified railway lines,TOTAL,Total,SI,Slovenia,2020,610,
RL_ELC,Electrified railway lines,TOTAL,Total,SI,Slovenia,2021,610,
RL_ELC,Electrified railway lines,TOTAL,Total,SI,Slovenia,2022,605,
RL_ELC,Electrified railway lines,TOTAL,Total,SI,Slovenia,2023,605,
RL_ELC,Electrified railway lines,TOTAL,Total,SI,Slovenia,2024,605,
RL_ELC,Electrified railway lines,TOTAL,Total,SK,Slovakia,1990,1330,
RL_ELC,Electrified railway lines,TOTAL,Total,SK,Slovakia,1991,1373,
RL_ELC,Electrified railway lines,TOTAL,Total,SK,Slovakia,1992,1373,
RL_ELC,Electrified railway lines,TOTAL,Total,SK,Slovakia,1993,1415,
RL_ELC,Electrified railway lines,TOTAL,Total,SK,Slovakia,1994,1430,
RL_ELC,Electrified railway lines,TOTAL,Total,SK,Slovakia,1995,1472,
RL_ELC,Electrified railway lines,TOTAL,Total,SK,Slovakia,1996,1516,
RL_ELC,Electrified railway lines,TOTAL,Total,SK,Slovakia,1997,1516,
RL_ELC,Electrified railway lines,TOTAL,Total,SK,Slovakia,1998,1535,
RL_ELC,Electrified railway lines,TOTAL,Total,SK,Slovakia,1999,1535,
RL_ELC,Electrified railway lines,TOTAL,Total,SK,Slovakia,2000,1536,
RL_ELC,Electrified railway lines,TOTAL,Total,SK,Slovakia,2001,1536,
RL_ELC,Electrified railway lines,TOTAL,Total,SK,Slovakia,2002,1556,
RL_ELC,Electrified railway lines,TOTAL,Total,SK,Slovakia,2003,1558,
RL_ELC,Electrified railway lines,TOTAL,Total,SK,Slovakia,2004,1556,
RL_ELC,Electrified railway lines,TOTAL,Total,SK,Slovakia,2005,1556,
RL_ELC,Electrified railway lines,TOTAL,Total,SK,Slovakia,2006,1557,
RL_ELC,Electrified railway lines,TOTAL,Total,SK,Slovakia,2007,1578,
RL_ELC,Electrified railway lines,TOTAL,Total,SK,Slovakia,2008,1577,
RL_ELC,Electrified railway lines,TOTAL,Total,SK,Slovakia,2009,1577,
RL_ELC,Electrified railway lines,TOTAL,Total,SK,Slovakia,2010,1578,
RL_ELC,Electrified railway lines,TOTAL,Total,SK,Slovakia,2011,1578,
RL_ELC,Electrified railway lines,TOTAL,Total,SK,Slovakia,2012,1586,
RL_ELC,Electrified railway lines,TOTAL,Total,SK,Slovakia,2013,1586,
RL_ELC,Electrified railway lines,TOTAL,Total,SK,Slovakia,2014,1586,
RL_ELC,Electrified railway lines,TOTAL,Total,SK,Slovakia,2015,1587,
RL_ELC,Electrified railway lines,TOTAL,Total,SK,Slovakia,2016,1587,
RL_ELC,Electrified railway lines,TOTAL,Total,SK,Slovakia,2017,1588,
RL_ELC,Electrified railway lines,TOTAL,Total,SK,Slovakia,2018,1587,
RL_ELC,Electrified railway lines,TOTAL,Total,SK,Slovakia,2019,1587,
RL_ELC,Electrified railway lines,TOTAL,Total,SK,Slovakia,2020,1585,
RL_ELC,Electrified railway lines,TOTAL,Total,SK,Slovakia,2021,1585,
RL_ELC,Electrified railway lines,TOTAL,Total,SK,Slovakia,2022,1585,
RL_ELC,Electrified railway lines,TOTAL,Total,SK,Slovakia,2023,1585,
RL_ELC,Electrified railway lines,TOTAL,Total,SK,Slovakia,2024,1582,
RL_ELC,Electrified railway lines,TOTAL,Total,TR,Türkiye,1990,603,
RL_ELC,Electrified railway lines,TOTAL,Total,TR,Türkiye,1991,667,
RL_ELC,Electrified railway lines,TOTAL,Total,TR,Türkiye,1992,905,
RL_ELC,Electrified railway lines,TOTAL,Total,TR,Türkiye,1993,905,
RL_ELC,Electrified railway lines,TOTAL,Total,TR,Türkiye,1994,1093,
RL_ELC,Electrified railway lines,TOTAL,Total,TR,Türkiye,1995,1093,
RL_ELC,Electrified railway lines,TOTAL,Total,TR,Türkiye,1996,1400,
RL_ELC,Electrified railway lines,TOTAL,Total,TR,Türkiye,1997,1706,
RL_ELC,Electrified railway lines,TOTAL,Total,TR,Türkiye,1998,1706,
RL_ELC,Electrified railway lines,TOTAL,Total,TR,Türkiye,1999,1763,
RL_ELC,Electrified railway lines,TOTAL,Total,TR,Türkiye,2000,1752,
RL_ELC,Electrified railway lines,TOTAL,Total,TR,Türkiye,2001,1752,
RL_ELC,Electrified railway lines,TOTAL,Total,TR,Türkiye,2002,1752,
RL_ELC,Electrified railway lines,TOTAL,Total,TR,Türkiye,2003,1752,
RL_ELC,Electrified railway lines,TOTAL,Total,TR,Türkiye,2004,1920,
RL_ELC,Electrified railway lines,TOTAL,Total,TR,Türkiye,2005,1920,
RL_ELC,Electrified railway lines,TOTAL,Total,TR,Türkiye,2006,1920,
RL_ELC,Electrified railway lines,TOTAL,Total,TR,Türkiye,2007,1920,
RL_ELC,Electrified railway lines,TOTAL,Total,TR,Türkiye,2008,1928,
RL_ELC,Electrified railway lines,TOTAL,Total,TR,Türkiye,2009,2313,
RL_ELC,Electrified railway lines,TOTAL,Total,TR,Türkiye,2010,2791,
RL_ELC,Electrified railway lines,TOTAL,Total,TR,Türkiye,2011,2789,
RL_ELC,Electrified railway lines,TOTAL,Total,TR,Türkiye,2012,2840,
RL_ELC,Electrified railway lines,TOTAL,Total,TR,Türkiye,2013,2922,
RL_ELC,Electrified railway lines,TOTAL,Total,TR,Türkiye,2014,3330,
RL_ELC,Electrified railway lines,TOTAL,Total,TR,Türkiye,2015,3423,
RL_ELC,Electrified railway lines,TOTAL,Total,TR,Türkiye,2016,3856,
RL_ELC,Electrified railway lines,TOTAL,Total,TR,Türkiye,2017,4165,
RL_ELC,Electrified railway lines,TOTAL,Total,TR,Türkiye,2018,4784,
RL_ELC,Electrified railway lines,TOTAL,Total,TR,Türkiye,2019,5070,
RL_ELC,Electrified railway lines,TOTAL,Total,TR,Türkiye,2020,5145,i
RL_ELC,Electrified railway lines,TOTAL,Total,TR,Türkiye,2021,5377,i
RL_ELC,Electrified railway lines,TOTAL,Total,TR,Türkiye,2022,5597,i
RL_ELC,Electrified railway lines,TOTAL,Total,TR,Türkiye,2023,6454,
RL_ELC,Electrified railway lines,TOTAL,Total,TR,Türkiye,2024,6570,
RL_ELC,Electrified railway lines,TOTAL,Total,UA,Ukraine,1990,8113.1,
RL_ELC,Electrified railway lines,TOTAL,Total,UA,Ukraine,1991,8331,
RL_ELC,Electrified railway lines,TOTAL,Total,UA,Ukraine,1992,8348,
RL_ELC,Electrified railway lines,TOTAL,Total,UA,Ukraine,1993,8348,
RL_ELC,Electrified railway lines,TOTAL,Total,UA,Ukraine,1994,8512,
RL_ELC,Electrified railway lines,TOTAL,Total,UA,Ukraine,1995,8550,
RL_ELC,Electrified railway lines,TOTAL,Total,UA,Ukraine,1996,8616,
RL_ELC,Electrified railway lines,TOTAL,Total,UA,Ukraine,1997,8774,
RL_ELC,Electrified railway lines,TOTAL,Total,UA,Ukraine,1998,8927,
RL_ELC,Electrified railway lines,TOTAL,Total,UA,Ukraine,1999,9104,
RL_ELC,Electrified railway lines,TOTAL,Total,UA,Ukraine,2000,9170,
RL_ELC,Electrified railway lines,TOTAL,Total,UA,Ukraine,2001,9265,
RL_ELC,Electrified railway lines,TOTAL,Total,UA,Ukraine,2012,10242,
RL_ELC,Electrified railway lines,TOTAL,Total,UA,Ukraine,2013,10238,
RL_ELC,Electrified railway lines,TOTAL,Total,UA,Ukraine,2014,9975,
RL_ELC,Electrified railway lines,TOTAL,Total,UA,Ukraine,2015,9974,
RL_ELC,Electrified railway lines,TOTAL,Total,UA,Ukraine,2016,9926,
RL_ELC,Electrified railway lines,TOTAL,Total,UA,Ukraine,2017,9335,
RL_ELC,Electrified railway lines,TOTAL,Total,UA,Ukraine,2018,9346,
RL_ELC,Electrified railway lines,TOTAL,Total,UA,Ukraine,2019,9333,
RL_ELC,Electrified railway lines,TOTAL,Total,UA,Ukraine,2020,9332,
RL_ELC,Electrified railway lines,TOTAL,Total,UA,Ukraine,2021,9331,
RL_ELC,Electrified railway lines,TOTAL,Total,UA,Ukraine,2022,9356,
RL_ELC,Electrified railway lines,TOTAL,Total,UA,Ukraine,2023,9392,
RL_ELC,Electrified railway lines,TOTAL,Total,UK,United Kingdom,1990,4729,
RL_ELC,Electrified railway lines,TOTAL,Total,UK,United Kingdom,1991,4899,
RL_ELC,Electrified railway lines,TOTAL,Total,UK,United Kingdom,1992,4910,
RL_ELC,Electrified railway lines,TOTAL,Total,UK,United Kingdom,1993,5098,
RL_ELC,Electrified railway lines,TOTAL,Total,UK,United Kingdom,1994,4889,
RL_ELC,Electrified railway lines,TOTAL,Total,UK,United Kingdom,1995,5163,
RL_ELC,Electrified railway lines,TOTAL,Total,UK,United Kingdom,1996,5176,
RL_ELC,Electrified railway lines,TOTAL,Total,UK,United Kingdom,1997,5166,
RL_ELC,Electrified railway lines,TOTAL,Total,UK,United Kingdom,1998,5166,
RL_ELC,Electrified railway lines,TOTAL,Total,UK,United Kingdom,1999,5166,
RL_ELC,Electrified railway lines,TOTAL,Total,UK,United Kingdom,2000,5167,
RL_ELC,Electrified railway lines,TOTAL,Total,UK,United Kingdom,2001,5167,p
RL_ELC,Electrified railway lines,TOTAL,Total,UK,United Kingdom,2002,5167,p
RL_ELC,Electrified railway lines,TOTAL,Total,UK,United Kingdom,2003,5167,p
RL_ELC,Electrified railway lines,TOTAL,Total,UK,United Kingdom,2004,5200,
RL_ELC,Electrified railway lines,TOTAL,Total,UK,United Kingdom,2005,5250,
RL_ELC,Electrified railway lines,TOTAL,Total,UK,United Kingdom,2006,5250,
RL_ELC,Electrified railway lines,TOTAL,Total,UK,United Kingdom,2007,5250,
RL_ELC,Electrified railway lines,TOTAL,Total,UK,United Kingdom,2008,5260,i
RL_ELC,Electrified railway lines,TOTAL,Total,UK,United Kingdom,2009,5262,i
RL_ELC,Electrified railway lines,TOTAL,Total,UK,United Kingdom,2010,5371,
RL_ELC,Electrified railway lines,TOTAL,Total,UK,United Kingdom,2011,5395,i
RL_ELC,Electrified railway lines,TOTAL,Total,UK,United Kingdom,2012,5374,
RL_ELC,Electrified railway lines,TOTAL,Total,UK,United Kingdom,2013,5377,
RL_ELC,Electrified railway lines,TOTAL,Total,UK,United Kingdom,2014,5381,
RL_ELC,Electrified railway lines,TOTAL,Total,UK,United Kingdom,2015,5440,
RL_ELC,Electrified railway lines,TOTAL,Total,UK,United Kingdom,2016,5483,
RL_ELC,Electrified railway lines,TOTAL,Total,UK,United Kingdom,2017,5875,
RL_ELC,Electrified railway lines,TOTAL,Total,UK,United Kingdom,2018,6119,
RL_ELC,Electrified railway lines,TOTAL,Total,UK,United Kingdom,2019,6158,
RL_ELC,Electrified railway lines,TOTAL,Total,UK,United Kingdom,2020,6154,
RL_ELC,Electrified railway lines,TOTAL,Total,UK,United Kingdom,2021,6151,
RL_ELC,Electrified railway lines,TOTAL,Total,UK,United Kingdom,2022,6174,
RL_ELC,Electrified railway lines,TOTAL,Total,UK,United Kingdom,2023,6239,
RL_ELC,Electrified railway lines,TOTAL,Total,UK,United Kingdom,2024,6309,
RL_ELC,Electrified railway lines,TOTAL,Total,XK,Kosovo*,2017,0,
RL_ELC,Electrified railway lines,TOTAL,Total,XK,Kosovo*,2018,0,
RL_ELC,Electrified railway lines,TOTAL,Total,XK,Kosovo*,2019,0,
RL_ELC,Electrified railway lines,TOTAL,Total,XK,Kosovo*,2020,0,
RL_ELC,Electrified railway lines,TOTAL,Total,XK,Kosovo*,2021,0,
RL_ELC,Electrified railway lines,TOTAL,Total,XK,Kosovo*,2022,0,
RL_ELC,Electrified railway lines,TOTAL,Total,XK,Kosovo*,2023,0,i
RL_ELC,Electrified railway lines,TOTAL,Total,XK,Kosovo*,2024,0,i
RL_NELC,Non-electrified railway lines,LRG,Large gauge,AL,Albania,1990,0,
RL_NELC,Non-electrified railway lines,LRG,Large gauge,AL,Albania,1991,0,
RL_NELC,Non-electrified railway lines,LRG,Large gauge,AL,Albania,1992,0,
RL_NELC,Non-electrified railway lines,LRG,Large gauge,AL,Albania,1993,0,
RL_NELC,Non-electrified railway lines,LRG,Large gauge,AL,Albania,1994,0,
RL_NELC,Non-electrified railway lines,LRG,Large gauge,AL,Albania,1995,0,
RL_NELC,Non-electrified railway lines,LRG,Large gauge,AL,Albania,1996,0,
RL_NELC,Non-electrified railway lines,LRG,Large gauge,AL,Albania,1997,0,
RL_NELC,Non-electrified railway lines,LRG,Large gauge,AL,Albania,1998,0,
RL_NELC,Non-electrified railway lines,LRG,Large gauge,AL,Albania,1999,0,
RL_NELC,Non-electrified railway lines,LRG,Large gauge,AL,Albania,2000,0,
RL_NELC,Non-electrified railway lines,LRG,Large gauge,AL,Albania,2001,0,
RL_NELC,Non-electrified railway lines,LRG,Large gauge,AL,Albania,2002,0,
RL_NELC,Non-electrified railway lines,LRG,Large gauge,AL,Albania,2013,0,
RL_NELC,Non-electrified railway lines,LRG,Large gauge,AL,Albania,2014,0,
RL_NELC,Non-electrified railway lines,LRG,Large gauge,AL,Albania,2015,0,
RL_NELC,Non-electrified railway lines,LRG,Large gauge,AL,Albania,2016,0,
RL_NELC,Non-electrified railway lines,LRG,Large gauge,AL,Albania,2017,0,
RL_NELC,Non-electrified railway lines,LRG,Large gauge,AL,Albania,2018,0,
RL_NELC,Non-electrified railway lines,LRG,Large gauge,AL,Albania,2019,0,
RL_NELC,Non-electrified railway lines,LRG,Large gauge,AL,Albania,2020,0,
RL_NELC,Non-electrified railway lines,LRG,Large gauge,AL,Albania,2021,0,
RL_NELC,Non-electrified railway lines,LRG,Large gauge,AL,Albania,2022,0,
RL_NELC,Non-electrified railway lines,LRG,Large gauge,AL,Albania,2023,0,
RL_NELC,Non-electrified railway lines,LRG,Large gauge,AL,Albania,2024,0,
RL_NELC,Non-electrified railway lines,LRG,Large gauge,AT,Austria,1990,0,
RL_NELC,Non-electrified railway lines,LRG,Large gauge,AT,Austria,1991,0,
RL_NELC,Non-electrified railway lines,LRG,Large gauge,AT,Austria,1992,0,
RL_NELC,Non-electrified railway lines,LRG,Large gauge,AT,Austria,1993,0,
RL_NELC,Non-electrified railway lines,LRG,Large gauge,AT,Austria,1994,0,
RL_NELC,Non-electrified railway lines,LRG,Large gauge,AT,Austria,1995,0,
RL_NELC,Non-electrified railway lines,LRG,Large gauge,AT,Austria,1996,0,
RL_NELC,Non-electrified railway lines,LRG,Large gauge,AT,Austria,1997,0,
RL_NELC,Non-electrified railway lines,LRG,Large gauge,AT,Austria,1998,0,
RL_NELC,Non-electrified railway lines,LRG,Large gauge,AT,Austria,1999,0,
RL_NELC,Non-electrified railway lines,LRG,Large gauge,AT,Austria,2000,0,
RL_NELC,Non-electrified railway lines,LRG,Large gauge,AT,Austria,2001,0,
RL_NELC,Non-electrified railway lines,LRG,Large gauge,AT,Austria,2002,0,
RL_NELC,Non-electrified railway lines,LRG,Large gauge,AT,Austria,2003,0,
RL_NELC,Non-electrified railway lines,LRG,Large gauge,AT,Austria,2004,0,
RL_NELC,Non-electrified railway lines,LRG,Large gauge,AT,Austria,2005,0,
RL_NELC,Non-electrified railway lines,LRG,Large gauge,AT,Austria,2006,0,
RL_NELC,Non-electrified railway lines,LRG,Large gauge,AT,Austria,2007,0,
RL_NELC,Non-electrified railway lines,LRG,Large gauge,AT,Austria,2008,0,
RL_NELC,Non-electrified railway lines,LRG,Large gauge,AT,Austria,2009,0,
RL_NELC,Non-electrified railway lines,LRG,Large gauge,AT,Austria,2010,0,
RL_NELC,Non-electrified railway lines,LRG,Large gauge,AT,Austria,2011,0,
RL_NELC,Non-electrified railway lines,LRG,Large gauge,AT,Austria,2012,0,
RL_NELC,Non-electrified railway lines,LRG,Large gauge,AT,Austria,2013,0,
RL_NELC,Non-electrified railway lines,LRG,Large gauge,AT,Austria,2014,0,
RL_NELC,Non-electrified railway lines,LRG,Large gauge,AT,Austria,2015,0,
RL_NELC,Non-electrified railway lines,LRG,Large gauge,AT,Austria,2016,0,
RL_NELC,Non-electrified railway lines,LRG,Large gauge,AT,Austria,2017,0,
RL_NELC,Non-electrified railway lines,LRG,Large gauge,AT,Austria,2018,0,
RL_NELC,Non-electrified railway lines,LRG,Large gauge,AT,Austria,2019,0,
RL_NELC,Non-electrified railway lines,LRG,Large gauge,AT,Austria,2020,0,
RL_NELC,Non-electrified railway lines,LRG,Large gauge,AT,Austria,2021,0,
RL_NELC,Non-electrified railway lines,LRG,Large gauge,AT,Austria,2022,0,
RL_NELC,Non-electrified railway lines,LRG,Large gauge,AT,Austria,2023,0,
RL_NELC,Non-electrified railway lines,LRG,Large gauge,AT,Austria,2024,0,
RL_NELC,Non-electrified railway lines,LRG,Large gauge,BA,Bosnia and Herzegovina,1990,0,
RL_NELC,Non-electrified railway lines,LRG,Large gauge,BA,Bosnia and Herzegovina,1991,0,
RL_NELC,Non-electrified railway lines,LRG,Large gauge,BA,Bosnia and Herzegovina,1992,0,
RL_NELC,Non-electrified railway lines,LRG,Large gauge,BA,Bosnia and Herzegovina,1993,0,
RL_NELC,Non-electrified railway lines,LRG,Large gauge,BA,Bosnia and Herzegovina,1994,0,
RL_NELC,Non-electrified railway lines,LRG,Large gauge,BA,Bosnia and Herzegovina,1995,0,
RL_NELC,Non-electrified railway lines,LRG,Large gauge,BA,Bosnia and Herzegovina,1996,0,
RL_NELC,Non-electrified railway lines,LRG,Large gauge,BA,Bosnia and Herzegovina,1997,0,
RL_NELC,Non-electrified railway lines,LRG,Large gauge,BA,Bosnia and Herzegovina,1998,0,
RL_NELC,Non-electrified railway lines,LRG,Large gauge,BA,Bosnia and Herzegovina,1999,0,
RL_NELC,Non-electrified railway lines,LRG,Large gauge,BA,Bosnia and Herzegovina,2000,0,
RL_NELC,Non-electrified railway lines,LRG,Large gauge,BA,Bosnia and Herzegovina,2001,0,
RL_NELC,Non-electrified railway lines,LRG,Large gauge,BA,Bosnia and Herzegovina,2002,0,
RL_NELC,Non-electrified railway lines,LRG,Large gauge,BA,Bosnia and Herzegovina,2003,0,
RL_NELC,Non-electrified railway lines,LRG,Large gauge,BA,Bosnia and Herzegovina,2004,0,
RL_NELC,Non-electrified railway lines,LRG,Large gauge,BA,Bosnia and Herzegovina,2005,0,
RL_NELC,Non-electrified railway lines,LRG,Large gauge,BA,Bosnia and Herzegovina,2006,0,
RL_NELC,Non-electrified railway lines,LRG,Large gauge,BA,Bosnia and Herzegovina,2007,0,
RL_NELC,Non-electrified railway lines,LRG,Large gauge,BA,Bosnia and Herzegovina,2008,0,
RL_NELC,Non-electrified railway lines,LRG,Large gauge,BA,Bosnia and Herzegovina,2009,0,
RL_NELC,Non-electrified railway lines,LRG,Large gauge,BA,Bosnia and Herzegovina,2010,0,
RL_NELC,Non-electrified railway lines,LRG,Large gauge,BA,Bosnia and Herzegovina,2011,0,
RL_NELC,Non-electrified railway lines,LRG,Large gauge,BA,Bosnia and Herzegovina,2012,0,
RL_NELC,Non-electrified railway lines,LRG,Large gauge,BA,Bosnia and Herzegovina,2013,0,
RL_NELC,Non-electrified railway lines,LRG,Large gauge,BA,Bosnia and Herzegovina,2014,0,
RL_NELC,Non-electrified railway lines,LRG,Large gauge,BA,Bosnia and Herzegovina,2015,0,
RL_NELC,Non-electrified railway lines,LRG,Large gauge,BA,Bosnia and Herzegovina,2016,0,
RL_NELC,Non-electrified railway lines,LRG,Large gauge,BA,Bosnia and Herzegovina,2017,0,
RL_NELC,Non-electrified railway lines,LRG,Large gauge,BA,Bosnia and Herzegovina,2018,0,
RL_NELC,Non-electrified railway lines,LRG,Large gauge,BA,Bosnia and Herzegovina,2019,0,
RL_NELC,Non-electrified railway lines,LRG,Large gauge,BA,Bosnia and Herzegovina,2020,0,
RL_NELC,Non-electrified railway lines,LRG,Large gauge,BA,Bosnia and Herzegovina,2021,0,
RL_NELC,Non-electrified railway lines,LRG,Large gauge,BA,Bosnia and Herzegovina,2022,0,
RL_NELC,Non-electrified railway lines,LRG,Large gauge,BA,Bosnia and Herzegovina,2023,0,
RL_NELC,Non-electrified railway lines,LRG,Large gauge,BA,Bosnia and Herzegovina,2024,0,
RL_NELC,Non-electrified railway lines,LRG,Large gauge,BE,Belgium,1962,0,
RL_NELC,Non-electrified railway lines,LRG,Large gauge,BE,Belgium,2003,0,
RL_NELC,Non-electrified railway lines,LRG,Large gauge,BE,Belgium,2004,0,
RL_NELC,Non-electrified railway lines,LRG,Large gauge,BE,Belgium,2005,0,
RL_NELC,Non-electrified railway lines,LRG,Large gauge,BE,Belgium,2006,0,
RL_NELC,Non-electrified railway lines,LRG,Large gauge,BE,Belgium,2007,0,
RL_NELC,Non-electrified railway lines,LRG,Large gauge,BE,Belgium,2008,0,
RL_NELC,Non-electrified railway lines,LRG,Large gauge,BE,Belgium,2009,0,
RL_NELC,Non-electrified railway lines,LRG,Large gauge,BE,Belgium,2010,0,
RL_NELC,Non-electrified railway lines,LRG,Large gauge,BE,Belgium,2011,0,
RL_NELC,Non-electrified railway lines,LRG,Large gauge,BE,Belgium,2012,0,
RL_NELC,Non-electrified railway lines,LRG,Large gauge,BE,Belgium,2013,0,
RL_NELC,Non-electrified railway lines,LRG,Large gauge,BE,Belgium,2014,0,
RL_NELC,Non-electrified railway lines,LRG,Large gauge,BE,Belgium,2015,0,
RL_NELC,Non-electrified railway lines,LRG,Large gauge,BE,Belgium,2016,0,
RL_NELC,Non-electrified railway lines,LRG,Large gauge,BE,Belgium,2017,0,
RL_NELC,Non-electrified railway lines,LRG,Large gauge,BE,Belgium,2018,0,
RL_NELC,Non-electrified railway lines,LRG,Large gauge,BE,Belgium,2019,0,
RL_NELC,Non-electrified railway lines,LRG,Large gauge,BE,Belgium,2020,0,
RL_NELC,Non-electrified railway lines,LRG,Large gauge,BE,Belgium,2021,0,
RL_NELC,Non-electrified railway lines,LRG,Large gauge,BE,Belgium,2022,0,
RL_NELC,Non-electrified railway lines,LRG,Large gauge,BE,Belgium,2023,0,
RL_NELC,Non-electrified railway lines,LRG,Large gauge,BE,Belgium,2024,0,
RL_NELC,Non-electrified railway lines,LRG,Large gauge,BG,Bulgaria,1990,0,
RL_NELC,Non-electrified railway lines,LRG,Large gauge,BG,Bulgaria,1991,0,
RL_NELC,Non-electrified railway lines,LRG,Large gauge,BG,Bulgaria,2008,0,
RL_NELC,Non-electrified railway lines,LRG,Large gauge,BG,Bulgaria,2009,0,
RL_NELC,Non-electrified railway lines,LRG,Large gauge,BG,Bulgaria,2010,0,
RL_NELC,Non-electrified railway lines,LRG,Large gauge,BG,Bulgaria,2011,0,
RL_NELC,Non-electrified railway lines,LRG,Large gauge,BG,Bulgaria,2012,0,
RL_NELC,Non-electrified railway lines,LRG,Large gauge,BG,Bulgaria,2013,0,
RL_NELC,Non-electrified railway lines,LRG,Large gauge,BG,Bulgaria,2014,0,
RL_NELC,Non-electrified railway lines,LRG,Large gauge,BG,Bulgaria,2015,0,
RL_NELC,Non-electrified railway lines,LRG,Large gauge,BG,Bulgaria,2016,0,
RL_NELC,Non-electrified railway lines,LRG,Large gauge,BG,Bulgaria,2017,0,
RL_NELC,Non-electrified railway lines,LRG,Large gauge,BG,Bulgaria,2018,0,
RL_NELC,Non-electrified railway lines,LRG,Large gauge,BG,Bulgaria,2019,0,
RL_NELC,Non-electrified railway lines,LRG,Large gauge,BG,Bulgaria,2020,0,
RL_NELC,Non-electrified railway lines,LRG,Large gauge,BG,Bulgaria,2021,0,
RL_NELC,Non-electrified railway lines,LRG,Large gauge,BG,Bulgaria,2022,0,
RL_NELC,Non-electrified railway lines,LRG,Large gauge,BG,Bulgaria,2023,0,
RL_NELC,Non-electrified railway lines,LRG,Large gauge,BG,Bulgaria,2024,0,
RL_NELC,Non-electrified railway lines,LRG,Large gauge,CH,Switzerland,1990,0,i
RL_NELC,Non-electrified railway lines,LRG,Large gauge,CH,Switzerland,1991,0,i
RL_NELC,Non-electrified railway lines,LRG,Large gauge,CH,Switzerland,1992,0,i
RL_NELC,Non-electrified railway lines,LRG,Large gauge,CH,Switzerland,1993,0,i
RL_NELC,Non-electrified railway lines,LRG,Large gauge,CH,Switzerland,1994,0,i
RL_NELC,Non-electrified railway lines,LRG,Large gauge,CH,Switzerland,1995,0,i
RL_NELC,Non-electrified railway lines,LRG,Large gauge,CH,Switzerland,1996,0,i
RL_NELC,Non-electrified railway lines,LRG,Large gauge,CH,Switzerland,1997,0,i
RL_NELC,Non-electrified railway lines,LRG,Large gauge,CH,Switzerland,1998,0,i
RL_NELC,Non-electrified railway lines,LRG,Large gauge,CH,Switzerland,1999,0,i
RL_NELC,Non-electrified railway lines,LRG,Large gauge,CH,Switzerland,2000,0,i
RL_NELC,Non-electrified railway lines,LRG,Large gauge,CH,Switzerland,2001,0,i
RL_NELC,Non-electrified railway lines,LRG,Large gauge,CH,Switzerland,2002,0,i
RL_NELC,Non-electrified railway lines,LRG,Large gauge,CH,Switzerland,2003,0,i
RL_NELC,Non-electrified railway lines,LRG,Large gauge,CH,Switzerland,2004,0,i
RL_NELC,Non-electrified railway lines,LRG,Large gauge,CH,Switzerland,2005,0,i
RL_NELC,Non-electrified railway lines,LRG,Large gauge,CH,Switzerland,2006,0,i
RL_NELC,Non-electrified railway lines,LRG,Large gauge,CH,Switzerland,2007,0,i
RL_NELC,Non-electrified railway lines,LRG,Large gauge,CH,Switzerland,2008,0,i
RL_NELC,Non-electrified railway lines,LRG,Large gauge,CH,Switzerland,2009,0,i
RL_NELC,Non-electrified railway lines,LRG,Large gauge,CH,Switzerland,2010,0,i
RL_NELC,Non-electrified railway lines,LRG,Large gauge,CH,Switzerland,2011,0,i
RL_NELC,Non-electrified railway lines,LRG,Large gauge,CH,Switzerland,2012,0,i
RL_NELC,Non-electrified railway lines,LRG,Large gauge,CH,Switzerland,2013,0,i
RL_NELC,Non-electrified railway lines,LRG,Large gauge,CH,Switzerland,2014,0,i
RL_NELC,Non-electrified railway lines,LRG,Large gauge,CH,Switzerland,2015,0,i
RL_NELC,Non-electrified railway lines,LRG,Large gauge,CH,Switzerland,2016,0,i
RL_NELC,Non-electrified railway lines,LRG,Large gauge,CH,Switzerland,2017,0,i
RL_NELC,Non-electrified railway lines,LRG,Large gauge,CH,Switzerland,2018,0,i
RL_NELC,Non-electrified railway lines,LRG,Large gauge,CH,Switzerland,2019,0,i
RL_NELC,Non-electrified railway lines,LRG,Large gauge,CH,Switzerland,2020,0,
RL_NELC,Non-electrified railway lines,LRG,Large gauge,CH,Switzerland,2021,0,i
RL_NELC,Non-electrified railway lines,LRG,Large gauge,CH,Switzerland,2022,0,i
RL_NELC,Non-electrified railway lines,LRG,Large gauge,CH,Switzerland,2023,0,i
RL_NELC,Non-electrified railway lines,LRG,Large gauge,CH,Switzerland,2024,0,i
RL_NELC,Non-electrified railway lines,LRG,Large gauge,CZ,Czechia,1993,0,
RL_NELC,Non-electrified railway lines,LRG,Large gauge,CZ,Czechia,1994,0,
RL_NELC,Non-electrified railway lines,LRG,Large gauge,CZ,Czechia,1995,0,
RL_NELC,Non-electrified railway lines,LRG,Large gauge,CZ,Czechia,1996,0,
RL_NELC,Non-electrified railway lines,LRG,Large gauge,CZ,Czechia,1997,0,
RL_NELC,Non-electrified railway lines,LRG,Large gauge,CZ,Czechia,1998,0,
RL_NELC,Non-electrified railway lines,LRG,Large gauge,CZ,Czechia,1999,0,
RL_NELC,Non-electrified railway lines,LRG,Large gauge,CZ,Czechia,2000,0,
RL_NELC,Non-electrified railway lines,LRG,Large gauge,CZ,Czechia,2001,0,
RL_NELC,Non-electrified railway lines,LRG,Large gauge,CZ,Czechia,2002,0,
RL_NELC,Non-electrified railway lines,LRG,Large gauge,CZ,Czechia,2003,0,
RL_NELC,Non-electrified railway lines,LRG,Large gauge,CZ,Czechia,2004,0,
RL_NELC,Non-electrified railway lines,LRG,Large gauge,CZ,Czechia,2005,0,
RL_NELC,Non-electrified railway lines,LRG,Large gauge,CZ,Czechia,2006,0,
RL_NELC,Non-electrified railway lines,LRG,Large gauge,CZ,Czechia,2007,0,
RL_NELC,Non-electrified railway lines,LRG,Large gauge,CZ,Czechia,2008,0,
RL_NELC,Non-electrified railway lines,LRG,Large gauge,CZ,Czechia,2009,0,
RL_NELC,Non-electrified railway lines,LRG,Large gauge,CZ,Czechia,2010,0,
RL_NELC,Non-electrified railway lines,LRG,Large gauge,CZ,Czechia,2011,0,
RL_NELC,Non-electrified railway lines,LRG,Large gauge,CZ,Czechia,2012,0,
RL_NELC,Non-electrified railway lines,LRG,Large gauge,CZ,Czechia,2013,0,
RL_NELC,Non-electrified railway lines,LRG,Large gauge,CZ,Czechia,2014,0,
RL_NELC,Non-electrified railway lines,LRG,Large gauge,CZ,Czechia,2015,0,
RL_NELC,Non-electrified railway lines,LRG,Large gauge,CZ,Czechia,2016,0,
RL_NELC,Non-electrified railway lines,LRG,Large gauge,CZ,Czechia,2017,0,
RL_NELC,Non-electrified railway lines,LRG,Large gauge,CZ,Czechia,2018,0,
RL_NELC,Non-electrified railway lines,LRG,Large gauge,CZ,Czechia,2019,0,
RL_NELC,Non-electrified railway lines,LRG,Large gauge,CZ,Czechia,2020,0,
RL_NELC,Non-electrified railway lines,LRG,Large gauge,CZ,Czechia,2021,0,
RL_NELC,Non-electrified railway lines,LRG,Large gauge,CZ,Czechia,2022,0,
RL_NELC,Non-electrified railway lines,LRG,Large gauge,CZ,Czechia,2023,0,
RL_NELC,Non-electrified railway lines,LRG,Large gauge,CZ,Czechia,2024,0,
RL_NELC,Non-electrified railway lines,LRG,Large gauge,DE,Germany,1962,0,
RL_NELC,Non-electrified railway lines,LRG,Large gauge,DE,Germany,1990,0,
RL_NELC,Non-electrified railway lines,LRG,Large gauge,DE,Germany,2010,1,
RL_NELC,Non-electrified railway lines,LRG,Large gauge,DE,Germany,2011,1,
RL_NELC,Non-electrified railway lines,LRG,Large gauge,DE,Germany,2012,1,
RL_NELC,Non-electrified railway lines,LRG,Large gauge,DE,Germany,2013,1.351,
RL_NELC,Non-electrified railway lines,LRG,Large gauge,DE,Germany,2014,1.351,
RL_NELC,Non-electrified railway lines,LRG,Large gauge,DE,Germany,2015,1.351,
RL_NELC,Non-electrified railway lines,LRG,Large gauge,DE,Germany,2016,1.351,
RL_NELC,Non-electrified railway lines,LRG,Large gauge,DE,Germany,2017,1.351,
RL_NELC,Non-electrified railway lines,LRG,Large gauge,DE,Germany,2018,1.351,
RL_NELC,Non-electrified railway lines,LRG,Large gauge,DE,Germany,2019,1.351,
RL_NELC,Non-electrified railway lines,LRG,Large gauge,DE,Germany,2020,1.351,
RL_NELC,Non-electrified railway lines,LRG,Large gauge,DE,Germany,2021,1.351,
RL_NELC,Non-electrified railway lines,LRG,Large gauge,DK,Denmark,1990,0,i
RL_NELC,Non-electrified railway lines,LRG,Large gauge,DK,Denmark,1991,0,i
RL_NELC,Non-electrified railway lines,LRG,Large gauge,DK,Denmark,1992,0,i
RL_NELC,Non-electrified railway lines,LRG,Large gauge,DK,Denmark,1993,0,i
RL_NELC,Non-electrified railway lines,LRG,Large gauge,DK,Denmark,1994,0,i
RL_NELC,Non-electrified railway lines,LRG,Large gauge,DK,Denmark,1995,0,i
RL_NELC,Non-electrified railway lines,LRG,Large gauge,DK,Denmark,1996,0,i
RL_NELC,Non-electrified railway lines,LRG,Large gauge,DK,Denmark,1997,0,i
RL_NELC,Non-electrified railway lines,LRG,Large gauge,DK,Denmark,1998,0,i
RL_NELC,Non-electrified railway lines,LRG,Large gauge,DK,Denmark,1999,0,i
RL_NELC,Non-electrified railway lines,LRG,Large gauge,DK,Denmark,2000,0,i
RL_NELC,Non-electrified railway lines,LRG,Large gauge,DK,Denmark,2001,0,i
RL_NELC,Non-electrified railway lines,LRG,Large gauge,DK,Denmark,2002,0,i
RL_NELC,Non-electrified railway lines,LRG,Large gauge,DK,Denmark,2003,0,i
RL_NELC,Non-electrified railway lines,LRG,Large gauge,DK,Denmark,2004,0,i
RL_NELC,Non-electrified railway lines,LRG,Large gauge,DK,Denmark,2005,0,i
RL_NELC,Non-electrified railway lines,LRG,Large gauge,DK,Denmark,2006,0,i
RL_NELC,Non-electrified railway lines,LRG,Large gauge,DK,Denmark,2007,0,i
RL_NELC,Non-electrified railway lines,LRG,Large gauge,DK,Denmark,2008,0,i
RL_NELC,Non-electrified railway lines,LRG,Large gauge,DK,Denmark,2009,0,i
RL_NELC,Non-electrified railway lines,LRG,Large gauge,DK,Denmark,2010,0,i
RL_NELC,Non-electrified railway lines,LRG,Large gauge,DK,Denmark,2011,0,i
RL_NELC,Non-electrified railway lines,LRG,Large gauge,DK,Denmark,2012,0,i
RL_NELC,Non-electrified railway lines,LRG,Large gauge,DK,Denmark,2013,0,
RL_NELC,Non-electrified railway lines,LRG,Large gauge,DK,Denmark,2014,0,
RL_NELC,Non-electrified railway lines,LRG,Large gauge,DK,Denmark,2015,0,
RL_NELC,Non-electrified railway lines,LRG,Large gauge,DK,Denmark,2016,0,
RL_NELC,Non-electrified railway lines,LRG,Large gauge,DK,Denmark,2017,0,
RL_NELC,Non-electrified railway lines,LRG,Large gauge,DK,Denmark,2018,0,
RL_NELC,Non-electrified railway lines,LRG,Large gauge,DK,Denmark,2019,0,
RL_NELC,Non-electrified railway lines,LRG,Large gauge,DK,Denmark,2020,0,
RL_NELC,Non-electrified railway lines,LRG,Large gauge,DK,Denmark,2021,0,
RL_NELC,Non-electrified railway lines,LRG,Large gauge,DK,Denmark,2022,0,
RL_NELC,Non-electrified railway lines,LRG,Large gauge,DK,Denmark,2023,0,
RL_NELC,Non-electrified railway lines,LRG,Large gauge,DK,Denmark,2024,0,
RL_NELC,Non-electrified railway lines,LRG,Large gauge,EE,Estonia,1990,894,
RL_NELC,Non-electrified railway lines,LRG,Large gauge,EE,Estonia,1991,894,
RL_NELC,Non-electrified railway lines,LRG,Large gauge,EE,Estonia,1992,886.6,
RL_NELC,Non-electrified railway lines,LRG,Large gauge,EE,Estonia,1993,892.2,
RL_NELC,Non-electrified railway lines,LRG,Large gauge,EE,Estonia,1994,892.2,
RL_NELC,Non-electrified railway lines,LRG,Large gauge,EE,Estonia,1995,888.9,
RL_NELC,Non-electrified railway lines,LRG,Large gauge,EE,Estonia,1996,887.9,
RL_NELC,Non-electrified railway lines,LRG,Large gauge,EE,Estonia,1997,834,
RL_NELC,Non-electrified railway lines,LRG,Large gauge,EE,Estonia,1998,834,
RL_NELC,Non-electrified railway lines,LRG,Large gauge,EE,Estonia,1999,836,
RL_NELC,Non-electrified railway lines,LRG,Large gauge,EE,Estonia,2000,836,
RL_NELC,Non-electrified railway lines,LRG,Large gauge,EE,Estonia,2001,836,
RL_NELC,Non-electrified railway lines,LRG,Large gauge,EE,Estonia,2002,836,
RL_NELC,Non-electrified railway lines,LRG,Large gauge,EE,Estonia,2003,828,
RL_NELC,Non-electrified railway lines,LRG,Large gauge,EE,Estonia,2004,828,
RL_NELC,Non-electrified railway lines,LRG,Large gauge,EE,Estonia,2005,925,
RL_NELC,Non-electrified railway lines,LRG,Large gauge,EE,Estonia,2006,1065,
RL_NELC,Non-electrified railway lines,LRG,Large gauge,EE,Estonia,2007,1068,
RL_NELC,Non-electrified railway lines,LRG,Large gauge,EE,Estonia,2008,1066,
RL_NELC,Non-electrified railway lines,LRG,Large gauge,EE,Estonia,2009,1066,
RL_NELC,Non-electrified railway lines,LRG,Large gauge,EE,Estonia,2010,1064,
RL_NELC,Non-electrified railway lines,LRG,Large gauge,EE,Estonia,2011,1064,
RL_NELC,Non-electrified railway lines,LRG,Large gauge,EE,Estonia,2012,1064,
RL_NELC,Non-electrified railway lines,LRG,Large gauge,EE,Estonia,2013,1034,
RL_NELC,Non-electrified railway lines,LRG,Large gauge,EE,Estonia,2014,1034,
RL_NELC,Non-electrified railway lines,LRG,Large gauge,EE,Estonia,2015,1032,
RL_NELC,Non-electrified railway lines,LRG,Large gauge,EE,Estonia,2016,1029,
RL_NELC,Non-electrified railway lines,LRG,Large gauge,EE,Estonia,2017,1029,
RL_NELC,Non-electrified railway lines,LRG,Large gauge,EE,Estonia,2018,1029,
RL_NELC,Non-electrified railway lines,LRG,Large gauge,EE,Estonia,2019,1029,
RL_NELC,Non-electrified railway lines,LRG,Large gauge,EE,Estonia,2020,1029,
RL_NELC,Non-electrified railway lines,LRG,Large gauge,EE,Estonia,2021,942,
RL_NELC,Non-electrified railway lines,LRG,Large gauge,EE,Estonia,2022,1035,
RL_NELC,Non-electrified railway lines,LRG,Large gauge,EE,Estonia,2023,1031,
RL_NELC,Non-electrified railway lines,LRG,Large gauge,EE,Estonia,2024,1031,
RL_NELC,Non-electrified railway lines,LRG,Large gauge,EL,Greece,1990,0,
RL_NELC,Non-electrified railway lines,LRG,Large gauge,EL,Greece,1991,0,
RL_NELC,Non-electrified railway lines,LRG,Large gauge,EL,Greece,1992,0,
RL_NELC,Non-electrified railway lines,LRG,Large gauge,EL,Greece,1993,0,
RL_NELC,Non-electrified railway lines,LRG,Large gauge,EL,Greece,1994,0,
RL_NELC,Non-electrified railway lines,LRG,Large gauge,EL,Greece,1995,0,
RL_NELC,Non-electrified railway lines,LRG,Large gauge,EL,Greece,1996,0,
RL_NELC,Non-electrified railway lines,LRG,Large gauge,EL,Greece,1997,0,
RL_NELC,Non-electrified railway lines,LRG,Large gauge,EL,Greece,1998,0,
RL_NELC,Non-electrified railway lines,LRG,Large gauge,EL,Greece,1999,0,
RL_NELC,Non-electrified railway lines,LRG,Large gauge,EL,Greece,2000,0,
RL_NELC,Non-electrified railway lines,LRG,Large gauge,EL,Greece,2001,0,
RL_NELC,Non-electrified railway lines,LRG,Large gauge,EL,Greece,2002,0,
RL_NELC,Non-electrified railway lines,LRG,Large gauge,EL,Greece,2003,0,
RL_NELC,Non-electrified railway lines,LRG,Large gauge,EL,Greece,2004,0,
RL_NELC,Non-electrified railway lines,LRG,Large gauge,EL,Greece,2005,0,
RL_NELC,Non-electrified railway lines,LRG,Large gauge,EL,Greece,2006,0,
RL_NELC,Non-electrified railway lines,LRG,Large gauge,EL,Greece,2007,0,
RL_NELC,Non-electrified railway lines,LRG,Large gauge,EL,Greece,2008,0,
RL_NELC,Non-electrified railway lines,LRG,Large gauge,EL,Greece,2009,0,
RL_NELC,Non-electrified railway lines,LRG,Large gauge,EL,Greece,2010,0,
RL_NELC,Non-electrified railway lines,LRG,Large gauge,EL,Greece,2011,0,
RL_NELC,Non-electrified railway lines,LRG,Large gauge,EL,Greece,2012,0,
RL_NELC,Non-electrified railway lines,LRG,Large gauge,EL,Greece,2013,0,
RL_NELC,Non-electrified railway lines,LRG,Large gauge,EL,Greece,2014,0,
RL_NELC,Non-electrified railway lines,LRG,Large gauge,EL,Greece,2015,0,
RL_NELC,Non-electrified railway lines,LRG,Large gauge,EL,Greece,2016,0,
RL_NELC,Non-electrified railway lines,LRG,Large gauge,EL,Greece,2017,0,
RL_NELC,Non-electrified railway lines,LRG,Large gauge,EL,Greece,2018,0,
RL_NELC,Non-electrified railway lines,LRG,Large gauge,EL,Greece,2019,0,
RL_NELC,Non-electrified railway lines,LRG,Large gauge,EL,Greece,2020,0,
RL_NELC,Non-electrified railway lines,LRG,Large gauge,EL,Greece,2021,0,
RL_NELC,Non-electrified railway lines,LRG,Large gauge,EL,Greece,2022,0,
RL_NELC,Non-electrified railway lines,LRG,Large gauge,EL,Greece,2023,0,
RL_NELC,Non-electrified railway lines,LRG,Large gauge,EL,Greece,2024,0,
RL_NELC,Non-electrified railway lines,LRG,Large gauge,ES,Spain,1990,6144,
RL_NELC,Non-electrified railway lines,LRG,Large gauge,ES,Spain,1991,6144,
RL_NELC,Non-electrified railway lines,LRG,Large gauge,ES,Spain,1992,6147,
RL_NELC,Non-electrified railway lines,LRG,Large gauge,ES,Spain,1993,5707,
RL_NELC,Non-electrified railway lines,LRG,Large gauge,ES,Spain,1994,5647,
RL_NELC,Non-electrified railway lines,LRG,Large gauge,ES,Spain,1995,5426,
RL_NELC,Non-electrified railway lines,LRG,Large gauge,ES,Spain,1996,5427,
RL_NELC,Non-electrified railway lines,LRG,Large gauge,ES,Spain,1997,5353,
RL_NELC,Non-electrified railway lines,LRG,Large gauge,ES,Spain,1998,5353,
RL_NELC,Non-electrified railway lines,LRG,Large gauge,ES,Spain,1999,5360,
RL_NELC,Non-electrified railway lines,LRG,Large gauge,ES,Spain,2000,5368,
RL_NELC,Non-electrified railway lines,LRG,Large gauge,ES,Spain,2001,5368,
RL_NELC,Non-electrified railway lines,LRG,Large gauge,ES,Spain,2002,5348,
RL_NELC,Non-electrified railway lines,LRG,Large gauge,ES,Spain,2003,5319,
RL_NELC,Non-electrified railway lines,LRG,Large gauge,ES,Spain,2004,5316,
RL_NELC,Non-electrified railway lines,LRG,Large gauge,ES,Spain,2005,5316,
RL_NELC,Non-electrified railway lines,LRG,Large gauge,ES,Spain,2006,5286,
RL_NELC,Non-electrified railway lines,LRG,Large gauge,ES,Spain,2007,5273,
RL_NELC,Non-electrified railway lines,LRG,Large gauge,ES,Spain,2008,5262,
RL_NELC,Non-electrified railway lines,LRG,Large gauge,ES,Spain,2009,5264,
RL_NELC,Non-electrified railway lines,LRG,Large gauge,ES,Spain,2010,5271,
RL_NELC,Non-electrified railway lines,LRG,Large gauge,ES,Spain,2011,5207,
RL_NELC,Non-electrified railway lines,LRG,Large gauge,ES,Spain,2012,5190,
RL_NELC,Non-electrified railway lines,LRG,Large gauge,ES,Spain,2013,5176,
RL_NELC,Non-electrified railway lines,LRG,Large gauge,ES,Spain,2014,5099,
RL_NELC,Non-electrified railway lines,LRG,Large gauge,ES,Spain,2015,4860,
RL_NELC,Non-electrified railway lines,LRG,Large gauge,ES,Spain,2016,4885,
RL_NELC,Non-electrified railway lines,LRG,Large gauge,ES,Spain,2017,4883,
RL_NELC,Non-electrified railway lines,LRG,Large gauge,ES,Spain,2018,4885,
RL_NELC,Non-electrified railway lines,LRG,Large gauge,ES,Spain,2019,4841.67,
RL_NELC,Non-electrified railway lines,LRG,Large gauge,ES,Spain,2020,4759.169,
RL_NELC,Non-electrified railway lines,LRG,Large gauge,ES,Spain,2021,4714.169,
RL_NELC,Non-electrified railway lines,LRG,Large gauge,ES,Spain,2022,4807.169,
RL_NELC,Non-electrified railway lines,LRG,Large gauge,ES,Spain,2023,4409.169,
RL_NELC,Non-electrified railway lines,LRG,Large gauge,ES,Spain,2024,4405.569,
RL_NELC,Non-electrified railway lines,LRG,Large gauge,EU27_2020,European Union - 27 countries (from 2020),2010,16066.9,
RL_NELC,Non-electrified railway lines,LRG,Large gauge,EU27_2020,European Union - 27 countries (from 2020),2011,15703.7,
RL_NELC,Non-electrified railway lines,LRG,Large gauge,EU27_2020,European Union - 27 countries (from 2020),2012,15514.6,
RL_NELC,Non-electrified railway lines,LRG,Large gauge,EU27_2020,European Union - 27 countries (from 2020),2013,15677.351,
RL_NELC,Non-electrified railway lines,LRG,Large gauge,EU27_2020,European Union - 27 countries (from 2020),2014,15515.311,
RL_NELC,Non-electrified railway lines,LRG,Large gauge,EU27_2020,European Union - 27 countries (from 2020),2015,15254.751,
RL_NELC,Non-electrified railway lines,LRG,Large gauge,EU27_2020,European Union - 27 countries (from 2020),2016,15306.151,
RL_NELC,Non-electrified railway lines,LRG,Large gauge,EU27_2020,European Union - 27 countries (from 2020),2017,15213.701,
RL_NELC,Non-electrified railway lines,LRG,Large gauge,EU27_2020,European Union - 27 countries (from 2020),2018,15209.201,
RL_NELC,Non-electrified railway lines,LRG,Large gauge,EU27_2020,European Union - 27 countries (from 2020),2019,15132.151,
RL_NELC,Non-electrified railway lines,LRG,Large gauge,EU27_2020,European Union - 27 countries (from 2020),2020,15065.25,
RL_NELC,Non-electrified railway lines,LRG,Large gauge,EU27_2020,European Union - 27 countries (from 2020),2021,14814.631,
RL_NELC,Non-electrified railway lines,LRG,Large gauge,EU27_2020,European Union - 27 countries (from 2020),2022,14872.18,
RL_NELC,Non-electrified railway lines,LRG,Large gauge,EU27_2020,European Union - 27 countries (from 2020),2023,14446.88,
RL_NELC,Non-electrified railway lines,LRG,Large gauge,EU27_2020,European Union - 27 countries (from 2020),2024,14241.68,
RL_NELC,Non-electrified railway lines,LRG,Large gauge,FI,Finland,1990,4183,
RL_NELC,Non-electrified railway lines,LRG,Large gauge,FI,Finland,1991,4189,
RL_NELC,Non-electrified railway lines,LRG,Large gauge,FI,Finland,1992,4189,
RL_NELC,Non-electrified railway lines,LRG,Large gauge,FI,Finland,1993,4151,
RL_NELC,Non-electrified railway lines,LRG,Large gauge,FI,Finland,1994,3909,
RL_NELC,Non-electrified railway lines,LRG,Large gauge,FI,Finland,1995,3805,
RL_NELC,Non-electrified railway lines,LRG,Large gauge,FI,Finland,1996,3799,
RL_NELC,Non-electrified railway lines,LRG,Large gauge,FI,Finland,1997,3804,
RL_NELC,Non-electrified railway lines,LRG,Large gauge,FI,Finland,1998,3670,
RL_NELC,Non-electrified railway lines,LRG,Large gauge,FI,Finland,1999,3602,
RL_NELC,Non-electrified railway lines,LRG,Large gauge,FI,Finland,2000,3482,
RL_NELC,Non-electrified railway lines,LRG,Large gauge,FI,Finland,2001,3450,
RL_NELC,Non-electrified railway lines,LRG,Large gauge,FI,Finland,2002,3450,
RL_NELC,Non-electrified railway lines,LRG,Large gauge,FI,Finland,2003,3451,
RL_NELC,Non-electrified railway lines,LRG,Large gauge,FI,Finland,2004,3122,
RL_NELC,Non-electrified railway lines,LRG,Large gauge,FI,Finland,2005,3115,
RL_NELC,Non-electrified railway lines,LRG,Large gauge,FI,Finland,2006,2858,
RL_NELC,Non-electrified railway lines,LRG,Large gauge,FI,Finland,2007,2852,
RL_NELC,Non-electrified railway lines,LRG,Large gauge,FI,Finland,2008,2852,
RL_NELC,Non-electrified railway lines,LRG,Large gauge,FI,Finland,2009,2852,
RL_NELC,Non-electrified railway lines,LRG,Large gauge,FI,Finland,2010,2847,
RL_NELC,Non-electrified railway lines,LRG,Large gauge,FI,Finland,2011,2772,
RL_NELC,Non-electrified railway lines,LRG,Large gauge,FI,Finland,2012,2772,
RL_NELC,Non-electrified railway lines,LRG,Large gauge,FI,Finland,2013,2772,
RL_NELC,Non-electrified railway lines,LRG,Large gauge,FI,Finland,2014,2688,
RL_NELC,Non-electrified railway lines,LRG,Large gauge,FI,Finland,2015,2661,
RL_NELC,Non-electrified railway lines,LRG,Large gauge,FI,Finland,2016,2656,
RL_NELC,Non-electrified railway lines,LRG,Large gauge,FI,Finland,2017,2595,
RL_NELC,Non-electrified railway lines,LRG,Large gauge,FI,Finland,2018,2595,
RL_NELC,Non-electrified railway lines,LRG,Large gauge,FI,Finland,2019,2592,
RL_NELC,Non-electrified railway lines,LRG,Large gauge,FI,Finland,2020,2591,
RL_NELC,Non-electrified railway lines,LRG,Large gauge,FI,Finland,2021,2581,
RL_NELC,Non-electrified railway lines,LRG,Large gauge,FI,Finland,2022,2490,
RL_NELC,Non-electrified railway lines,LRG,Large gauge,FI,Finland,2023,2490,
RL_NELC,Non-electrified railway lines,LRG,Large gauge,FI,Finland,2024,2280,
RL_NELC,Non-electrified railway lines,LRG,Large gauge,FR,France,1962,0,
RL_NELC,Non-electrified railway lines,LRG,Large gauge,FR,France,1990,0,
RL_NELC,Non-electrified railway lines,LRG,Large gauge,FR,France,1991,0,
RL_NELC,Non-electrified railway lines,LRG,Large gauge,FR,France,1992,0,
RL_NELC,Non-electrified railway lines,LRG,Large gauge,FR,France,1993,0,
RL_NELC,Non-electrified railway lines,LRG,Large gauge,FR,France,1994,0,
RL_NELC,Non-electrified railway lines,LRG,Large gauge,FR,France,1995,0,
RL_NELC,Non-electrified railway lines,LRG,Large gauge,FR,France,1996,0,
RL_NELC,Non-electrified railway lines,LRG,Large gauge,FR,France,1997,0,
RL_NELC,Non-electrified railway lines,LRG,Large gauge,FR,France,1998,0,
RL_NELC,Non-electrified railway lines,LRG,Large gauge,FR,France,1999,0,
RL_NELC,Non-electrified railway lines,LRG,Large gauge,FR,France,2000,0,
RL_NELC,Non-electrified railway lines,LRG,Large gauge,FR,France,2001,0,
RL_NELC,Non-electrified railway lines,LRG,Large gauge,FR,France,2002,0,
RL_NELC,Non-electrified railway lines,LRG,Large gauge,FR,France,2003,0,
RL_NELC,Non-electrified railway lines,LRG,Large gauge,FR,France,2004,0,
RL_NELC,Non-electrified railway lines,LRG,Large gauge,FR,France,2005,0,
RL_NELC,Non-electrified railway lines,LRG,Large gauge,FR,France,2006,0,
RL_NELC,Non-electrified railway lines,LRG,Large gauge,FR,France,2007,0,
RL_NELC,Non-electrified railway lines,LRG,Large gauge,FR,France,2008,0,
RL_NELC,Non-electrified railway lines,LRG,Large gauge,FR,France,2009,0,
RL_NELC,Non-electrified railway lines,LRG,Large gauge,FR,France,2010,0,
RL_NELC,Non-electrified railway lines,LRG,Large gauge,FR,France,2011,0,
RL_NELC,Non-electrified railway lines,LRG,Large gauge,FR,France,2012,0,
RL_NELC,Non-electrified railway lines,LRG,Large gauge,FR,France,2013,0,
RL_NELC,Non-electrified railway lines,LRG,Large gauge,FR,France,2014,0,
RL_NELC,Non-electrified railway lines,LRG,Large gauge,FR,France,2015,0,
RL_NELC,Non-electrified railway lines,LRG,Large gauge,FR,France,2016,0,
RL_NELC,Non-electrified railway lines,LRG,Large gauge,FR,France,2017,0,
RL_NELC,Non-electrified railway lines,LRG,Large gauge,FR,France,2018,0,
RL_NELC,Non-electrified railway lines,LRG,Large gauge,FR,France,2019,0,
RL_NELC,Non-electrified railway lines,LRG,Large gauge,FR,France,2020,0,
RL_NELC,Non-electrified railway lines,LRG,Large gauge,FR,France,2021,0,
RL_NELC,Non-electrified railway lines,LRG,Large gauge,FR,France,2022,0,
RL_NELC,Non-electrified railway lines,LRG,Large gauge,FR,France,2023,0,
RL_NELC,Non-electrified railway lines,LRG,Large gauge,FR,France,2024,0,
RL_NELC,Non-electrified railway lines,LRG,Large gauge,GE,Georgia,1995,0,
RL_NELC,Non-electrified railway lines,LRG,Large gauge,GE,Georgia,1996,0,
RL_NELC,Non-electrified railway lines,LRG,Large gauge,GE,Georgia,1997,0,
RL_NELC,Non-electrified railway lines,LRG,Large gauge,GE,Georgia,1998,0,
RL_NELC,Non-electrified railway lines,LRG,Large gauge,GE,Georgia,1999,0,
RL_NELC,Non-electrified railway lines,LRG,Large gauge,GE,Georgia,2012,0,
RL_NELC,Non-electrified railway lines,LRG,Large gauge,GE,Georgia,2013,0,
RL_NELC,Non-electrified railway lines,LRG,Large gauge,GE,Georgia,2014,0,
RL_NELC,Non-electrified railway lines,LRG,Large gauge,GE,Georgia,2015,18.381,
RL_NELC,Non-electrified railway lines,LRG,Large gauge,GE,Georgia,2016,18.381,
RL_NELC,Non-electrified railway lines,LRG,Large gauge,GE,Georgia,2017,18.4,
RL_NELC,Non-electrified railway lines,LRG,Large gauge,GE,Georgia,2018,18.4,
RL_NELC,Non-electrified railway lines,LRG,Large gauge,GE,Georgia,2019,18.4,
RL_NELC,Non-electrified railway lines,LRG,Large gauge,GE,Georgia,2020,17.5,
RL_NELC,Non-electrified railway lines,LRG,Large gauge,GE,Georgia,2021,17.5,
RL_NELC,Non-electrified railway lines,LRG,Large gauge,GE,Georgia,2022,17.5,
RL_NELC,Non-electrified railway lines,LRG,Large gauge,GE,Georgia,2023,17.5,
RL_NELC,Non-electrified railway lines,LRG,Large gauge,GE,Georgia,2024,17.5,
RL_NELC,Non-electrified railway lines,LRG,Large gauge,HR,Croatia,2008,0,
RL_NELC,Non-electrified railway lines,LRG,Large gauge,HR,Croatia,2009,0,
RL_NELC,Non-electrified railway lines,LRG,Large gauge,HR,Croatia,2010,0,
RL_NELC,Non-electrified railway lines,LRG,Large gauge,HR,Croatia,2011,0,
RL_NELC,Non-electrified railway lines,LRG,Large gauge,HR,Croatia,2012,0,
RL_NELC,Non-electrified railway lines,LRG,Large gauge,HR,Croatia,2013,0,
RL_NELC,Non-electrified railway lines,LRG,Large gauge,HR,Croatia,2014,0,
RL_NELC,Non-electrified railway lines,LRG,Large gauge,HR,Croatia,2015,0,
RL_NELC,Non-electrified railway lines,LRG,Large gauge,HR,Croatia,2016,0,
RL_NELC,Non-electrified railway lines,LRG,Large gauge,HR,Croatia,2017,0,
RL_NELC,Non-electrified railway lines,LRG,Large gauge,HR,Croatia,2018,0,
RL_NELC,Non-electrified railway lines,LRG,Large gauge,HR,Croatia,2019,0,
RL_NELC,Non-electrified railway lines,LRG,Large gauge,HR,Croatia,2020,0,
RL_NELC,Non-electrified railway lines,LRG,Large gauge,HR,Croatia,2021,0,
RL_NELC,Non-electrified railway lines,LRG,Large gauge,HR,Croatia,2022,0,
RL_NELC,Non-electrified railway lines,LRG,Large gauge,HR,Croatia,2023,0,
RL_NELC,Non-electrified railway lines,LRG,Large gauge,HR,Croatia,2024,0,
RL_NELC,Non-electrified railway lines,LRG,Large gauge,HU,Hungary,1990,35,
RL_NELC,Non-electrified railway lines,LRG,Large gauge,HU,Hungary,1991,35,
RL_NELC,Non-electrified railway lines,LRG,Large gauge,HU,Hungary,1992,36,
RL_NELC,Non-electrified railway lines,LRG,Large gauge,HU,Hungary,1993,36,
RL_NELC,Non-electrified railway lines,LRG,Large gauge,HU,Hungary,1994,40,
RL_NELC,Non-electrified railway lines,LRG,Large gauge,HU,Hungary,1995,37,
RL_NELC,Non-electrified railway lines,LRG,Large gauge,HU,Hungary,1996,39,
RL_NELC,Non-electrified railway lines,LRG,Large gauge,HU,Hungary,1997,37,
RL_NELC,Non-electrified railway lines,LRG,Large gauge,HU,Hungary,1998,37,
RL_NELC,Non-electrified railway lines,LRG,Large gauge,HU,Hungary,1999,37,
RL_NELC,Non-electrified railway lines,LRG,Large gauge,HU,Hungary,2000,37,
RL_NELC,Non-electrified railway lines,LRG,Large gauge,HU,Hungary,2001,37,
RL_NELC,Non-electrified railway lines,LRG,Large gauge,HU,Hungary,2002,37,
RL_NELC,Non-electrified railway lines,LRG,Large gauge,HU,Hungary,2003,37,
RL_NELC,Non-electrified railway lines,LRG,Large gauge,HU,Hungary,2004,37,
RL_NELC,Non-electrified railway lines,LRG,Large gauge,HU,Hungary,2005,37,
RL_NELC,Non-electrified railway lines,LRG,Large gauge,HU,Hungary,2006,37,
RL_NELC,Non-electrified railway lines,LRG,Large gauge,HU,Hungary,2007,37,
RL_NELC,Non-electrified railway lines,LRG,Large gauge,HU,Hungary,2008,37,
RL_NELC,Non-electrified railway lines,LRG,Large gauge,HU,Hungary,2009,37,
RL_NELC,Non-electrified railway lines,LRG,Large gauge,HU,Hungary,2010,37,
RL_NELC,Non-electrified railway lines,LRG,Large gauge,HU,Hungary,2011,36.5,
RL_NELC,Non-electrified railway lines,LRG,Large gauge,HU,Hungary,2012,37,
RL_NELC,Non-electrified railway lines,LRG,Large gauge,HU,Hungary,2013,36.2,
RL_NELC,Non-electrified railway lines,LRG,Large gauge,HU,Hungary,2014,37.06,
RL_NELC,Non-electrified railway lines,LRG,Large gauge,HU,Hungary,2015,37,
RL_NELC,Non-electrified railway lines,LRG,Large gauge,HU,Hungary,2016,37,
RL_NELC,Non-electrified railway lines,LRG,Large gauge,HU,Hungary,2017,38,
RL_NELC,Non-electrified railway lines,LRG,Large gauge,HU,Hungary,2018,37,
RL_NELC,Non-electrified railway lines,LRG,Large gauge,HU,Hungary,2019,37,
RL_NELC,Non-electrified railway lines,LRG,Large gauge,HU,Hungary,2020,37,
RL_NELC,Non-electrified railway lines,LRG,Large gauge,HU,Hungary,2021,37,
RL_NELC,Non-electrified railway lines,LRG,Large gauge,HU,Hungary,2022,37,
RL_NELC,Non-electrified railway lines,LRG,Large gauge,HU,Hungary,2023,42,
RL_NELC,Non-electrified railway lines,LRG,Large gauge,HU,Hungary,2024,42,
RL_NELC,Non-electrified railway lines,LRG,Large gauge,IE,Ireland,1990,1907,
RL_NELC,Non-electrified railway lines,LRG,Large gauge,IE,Ireland,1991,1907,
RL_NELC,Non-electrified railway lines,LRG,Large gauge,IE,Ireland,1992,1907,
RL_NELC,Non-electrified railway lines,LRG,Large gauge,IE,Ireland,1993,1910,
RL_NELC,Non-electrified railway lines,LRG,Large gauge,IE,Ireland,1994,1910,
RL_NELC,Non-electrified railway lines,LRG,Large gauge,IE,Ireland,1995,1908,
RL_NELC,Non-electrified railway lines,LRG,Large gauge,IE,Ireland,1996,1917,
RL_NELC,Non-electrified railway lines,LRG,Large gauge,IE,Ireland,1997,1871,
RL_NELC,Non-electrified railway lines,LRG,Large gauge,IE,Ireland,1998,1872,
RL_NELC,Non-electrified railway lines,LRG,Large gauge,IE,Ireland,1999,1872,
RL_NELC,Non-electrified railway lines,LRG,Large gauge,IE,Ireland,2000,1872,
RL_NELC,Non-electrified railway lines,LRG,Large gauge,IE,Ireland,2001,1872,
RL_NELC,Non-electrified railway lines,LRG,Large gauge,IE,Ireland,2002,1786,
RL_NELC,Non-electrified railway lines,LRG,Large gauge,IE,Ireland,2003,1785,
RL_NELC,Non-electrified railway lines,LRG,Large gauge,IE,Ireland,2004,1784,
RL_NELC,Non-electrified railway lines,LRG,Large gauge,IE,Ireland,2005,1783,
RL_NELC,Non-electrified railway lines,LRG,Large gauge,IE,Ireland,2006,1782,
RL_NELC,Non-electrified railway lines,LRG,Large gauge,IE,Ireland,2007,1781,
RL_NELC,Non-electrified railway lines,LRG,Large gauge,IE,Ireland,2008,1782,
RL_NELC,Non-electrified railway lines,LRG,Large gauge,IE,Ireland,2009,1782,
RL_NELC,Non-electrified railway lines,LRG,Large gauge,IE,Ireland,2010,1786,
RL_NELC,Non-electrified railway lines,LRG,Large gauge,IE,Ireland,2011,1786,
RL_NELC,Non-electrified railway lines,LRG,Large gauge,IE,Ireland,2012,1786,
RL_NELC,Non-electrified railway lines,LRG,Large gauge,IE,Ireland,2013,1992,b
RL_NELC,Non-electrified railway lines,LRG,Large gauge,IE,Ireland,2014,1992,
RL_NELC,Non-electrified railway lines,LRG,Large gauge,IE,Ireland,2015,1992,
RL_NELC,Non-electrified railway lines,LRG,Large gauge,IE,Ireland,2016,1992,
RL_NELC,Non-electrified railway lines,LRG,Large gauge,IE,Ireland,2017,1992,
RL_NELC,Non-electrified railway lines,LRG,Large gauge,IE,Ireland,2018,1992,
RL_NELC,Non-electrified railway lines,LRG,Large gauge,IE,Ireland,2019,1992,
RL_NELC,Non-electrified railway lines,LRG,Large gauge,IE,Ireland,2020,1992,
RL_NELC,Non-electrified railway lines,LRG,Large gauge,IE,Ireland,2021,1992,
RL_NELC,Non-electrified railway lines,LRG,Large gauge,IE,Ireland,2022,1992,
RL_NELC,Non-electrified railway lines,LRG,Large gauge,IE,Ireland,2023,1992,i
RL_NELC,Non-electrified railway lines,LRG,Large gauge,IE,Ireland,2024,1992,
RL_NELC,Non-electrified railway lines,LRG,Large gauge,IT,Italy,1962,0,
RL_NELC,Non-electrified railway lines,LRG,Large gauge,IT,Italy,1990,0,
RL_NELC,Non-electrified railway lines,LRG,Large gauge,IT,Italy,1991,0,
RL_NELC,Non-electrified railway lines,LRG,Large gauge,IT,Italy,1992,0,
RL_NELC,Non-electrified railway lines,LRG,Large gauge,IT,Italy,1993,0,
RL_NELC,Non-electrified railway lines,LRG,Large gauge,IT,Italy,1994,0,
RL_NELC,Non-electrified railway lines,LRG,Large gauge,IT,Italy,1995,0,
RL_NELC,Non-electrified railway lines,LRG,Large gauge,IT,Italy,1996,0,
RL_NELC,Non-electrified railway lines,LRG,Large gauge,IT,Italy,1997,0,
RL_NELC,Non-electrified railway lines,LRG,Large gauge,IT,Italy,1998,0,
RL_NELC,Non-electrified railway lines,LRG,Large gauge,IT,Italy,1999,0,
RL_NELC,Non-electrified railway lines,LRG,Large gauge,IT,Italy,2000,0,
RL_NELC,Non-electrified railway lines,LRG,Large gauge,IT,Italy,2001,0,
RL_NELC,Non-electrified railway lines,LRG,Large gauge,IT,Italy,2002,0,
RL_NELC,Non-electrified railway lines,LRG,Large gauge,IT,Italy,2003,0,
RL_NELC,Non-electrified railway lines,LRG,Large gauge,IT,Italy,2004,0,
RL_NELC,Non-electrified railway lines,LRG,Large gauge,IT,Italy,2005,0,
RL_NELC,Non-electrified railway lines,LRG,Large gauge,IT,Italy,2006,0,
RL_NELC,Non-electrified railway lines,LRG,Large gauge,IT,Italy,2007,0,
RL_NELC,Non-electrified railway lines,LRG,Large gauge,IT,Italy,2008,0,
RL_NELC,Non-electrified railway lines,LRG,Large gauge,IT,Italy,2009,0,
RL_NELC,Non-electrified railway lines,LRG,Large gauge,IT,Italy,2010,0,
RL_NELC,Non-electrified railway lines,LRG,Large gauge,IT,Italy,2011,0,
RL_NELC,Non-electrified railway lines,LRG,Large gauge,IT,Italy,2012,0,
RL_NELC,Non-electrified railway lines,LRG,Large gauge,IT,Italy,2013,0,
RL_NELC,Non-electrified railway lines,LRG,Large gauge,IT,Italy,2014,0,
RL_NELC,Non-electrified railway lines,LRG,Large gauge,IT,Italy,2015,0,
RL_NELC,Non-electrified railway lines,LRG,Large gauge,IT,Italy,2016,0,
RL_NELC,Non-electrified railway lines,LRG,Large gauge,IT,Italy,2017,0,
RL_NELC,Non-electrified railway lines,LRG,Large gauge,IT,Italy,2018,0,
RL_NELC,Non-electrified railway lines,LRG,Large gauge,IT,Italy,2019,0,
RL_NELC,Non-electrified railway lines,LRG,Large gauge,IT,Italy,2020,0,
RL_NELC,Non-electrified railway lines,LRG,Large gauge,IT,Italy,2021,0,
RL_NELC,Non-electrified railway lines,LRG,Large gauge,IT,Italy,2022,0,
RL_NELC,Non-electrified railway lines,LRG,Large gauge,IT,Italy,2023,0,
RL_NELC,Non-electrified railway lines,LRG,Large gauge,IT,Italy,2024,0,
RL_NELC,Non-electrified railway lines,LRG,Large gauge,LI,Liechtenstein,2013,0,
RL_NELC,Non-electrified railway lines,LRG,Large gauge,LI,Liechtenstein,2014,0,
RL_NELC,Non-electrified railway lines,LRG,Large gauge,LI,Liechtenstein,2015,0,
RL_NELC,Non-electrified railway lines,LRG,Large gauge,LI,Liechtenstein,2016,0,
RL_NELC,Non-electrified railway lines,LRG,Large gauge,LI,Liechtenstein,2017,0,
RL_NELC,Non-electrified railway lines,LRG,Large gauge,LI,Liechtenstein,2018,0,
RL_NELC,Non-electrified railway lines,LRG,Large gauge,LI,Liechtenstein,2019,0,
RL_NELC,Non-electrified railway lines,LRG,Large gauge,LI,Liechtenstein,2020,0,
RL_NELC,Non-electrified railway lines,LRG,Large gauge,LI,Liechtenstein,2021,0,
RL_NELC,Non-electrified railway lines,LRG,Large gauge,LI,Liechtenstein,2022,0,
RL_NELC,Non-electrified railway lines,LRG,Large gauge,LI,Liechtenstein,2023,0,
RL_NELC,Non-electrified railway lines,LRG,Large gauge,LI,Liechtenstein,2024,0,
RL_NELC,Non-electrified railway lines,LRG,Large gauge,LT,Lithuania,1992,1689.2,
RL_NELC,Non-electrified railway lines,LRG,Large gauge,LT,Lithuania,1993,1689.2,
RL_NELC,Non-electrified railway lines,LRG,Large gauge,LT,Lithuania,1994,1689.2,
RL_NELC,Non-electrified railway lines,LRG,Large gauge,LT,Lithuania,1995,1689.2,
RL_NELC,Non-electrified railway lines,LRG,Large gauge,LT,Lithuania,1996,1684.2,
RL_NELC,Non-electrified railway lines,LRG,Large gauge,LT,Lithuania,1997,1684.6,
RL_NELC,Non-electrified railway lines,LRG,Large gauge,LT,Lithuania,1998,1685,
RL_NELC,Non-electrified railway lines,LRG,Large gauge,LT,Lithuania,1999,1685,
RL_NELC,Non-electrified railway lines,LRG,Large gauge,LT,Lithuania,2000,1689.9,
RL_NELC,Non-electrified railway lines,LRG,Large gauge,LT,Lithuania,2001,1552,
RL_NELC,Non-electrified railway lines,LRG,Large gauge,LT,Lithuania,2002,1631.5,
RL_NELC,Non-electrified railway lines,LRG,Large gauge,LT,Lithuania,2003,1630.2,
RL_NELC,Non-electrified railway lines,LRG,Large gauge,LT,Lithuania,2004,1638,
RL_NELC,Non-electrified railway lines,LRG,Large gauge,LT,Lithuania,2005,1627.4,
RL_NELC,Non-electrified railway lines,LRG,Large gauge,LT,Lithuania,2006,1627.4,
RL_NELC,Non-electrified railway lines,LRG,Large gauge,LT,Lithuania,2007,1622.5,
RL_NELC,Non-electrified railway lines,LRG,Large gauge,LT,Lithuania,2008,1621.6,
RL_NELC,Non-electrified railway lines,LRG,Large gauge,LT,Lithuania,2009,1623.8,
RL_NELC,Non-electrified railway lines,LRG,Large gauge,LT,Lithuania,2010,1623.8,
RL_NELC,Non-electrified railway lines,LRG,Large gauge,LT,Lithuania,2011,1623.8,
RL_NELC,Non-electrified railway lines,LRG,Large gauge,LT,Lithuania,2012,1623.8,
RL_NELC,Non-electrified railway lines,LRG,Large gauge,LT,Lithuania,2013,1623.8,
RL_NELC,Non-electrified railway lines,LRG,Large gauge,LT,Lithuania,2014,1623.8,
RL_NELC,Non-electrified railway lines,LRG,Large gauge,LT,Lithuania,2015,1640,
RL_NELC,Non-electrified railway lines,LRG,Large gauge,LT,Lithuania,2016,1674.1,
RL_NELC,Non-electrified railway lines,LRG,Large gauge,LT,Lithuania,2017,1643.7,
RL_NELC,Non-electrified railway lines,LRG,Large gauge,LT,Lithuania,2018,1638.2,
RL_NELC,Non-electrified railway lines,LRG,Large gauge,LT,Lithuania,2019,1638.2,
RL_NELC,Non-electrified railway lines,LRG,Large gauge,LT,Lithuania,2020,1638.3,
RL_NELC,Non-electrified railway lines,LRG,Large gauge,LT,Lithuania,2021,1638.3,
RL_NELC,Non-electrified railway lines,LRG,Large gauge,LT,Lithuania,2022,1638.4,
RL_NELC,Non-electrified railway lines,LRG,Large gauge,LT,Lithuania,2023,1643.5,
RL_NELC,Non-electrified railway lines,LRG,Large gauge,LT,Lithuania,2024,1639.9,
RL_NELC,Non-electrified railway lines,LRG,Large gauge,LU,Luxembourg,1962,0,
RL_NELC,Non-electrified railway lines,LRG,Large gauge,LU,Luxembourg,1990,0,
RL_NELC,Non-electrified railway lines,LRG,Large gauge,LU,Luxembourg,1991,0,
RL_NELC,Non-electrified railway lines,LRG,Large gauge,LU,Luxembourg,1992,0,
RL_NELC,Non-electrified railway lines,LRG,Large gauge,LU,Luxembourg,1993,0,
RL_NELC,Non-electrified railway lines,LRG,Large gauge,LU,Luxembourg,1994,0,
RL_NELC,Non-electrified railway lines,LRG,Large gauge,LU,Luxembourg,1995,0,
RL_NELC,Non-electrified railway lines,LRG,Large gauge,LU,Luxembourg,1996,0,
RL_NELC,Non-electrified railway lines,LRG,Large gauge,LU,Luxembourg,1997,0,
RL_NELC,Non-electrified railway lines,LRG,Large gauge,LU,Luxembourg,1998,0,
RL_NELC,Non-electrified railway lines,LRG,Large gauge,LU,Luxembourg,1999,0,
RL_NELC,Non-electrified railway lines,LRG,Large gauge,LU,Luxembourg,2000,0,
RL_NELC,Non-electrified railway lines,LRG,Large gauge,LU,Luxembourg,2001,0,
RL_NELC,Non-electrified railway lines,LRG,Large gauge,LU,Luxembourg,2002,0,
RL_NELC,Non-electrified railway lines,LRG,Large gauge,LU,Luxembourg,2003,0,
RL_NELC,Non-electrified railway lines,LRG,Large gauge,LU,Luxembourg,2004,0,
RL_NELC,Non-electrified railway lines,LRG,Large gauge,LU,Luxembourg,2005,0,
RL_NELC,Non-electrified railway lines,LRG,Large gauge,LU,Luxembourg,2006,0,
RL_NELC,Non-electrified railway lines,LRG,Large gauge,LU,Luxembourg,2007,0,
RL_NELC,Non-electrified railway lines,LRG,Large gauge,LU,Luxembourg,2008,0,
RL_NELC,Non-electrified railway lines,LRG,Large gauge,LU,Luxembourg,2009,0,
RL_NELC,Non-electrified railway lines,LRG,Large gauge,LU,Luxembourg,2010,0,
RL_NELC,Non-electrified railway lines,LRG,Large gauge,LU,Luxembourg,2011,0,
RL_NELC,Non-electrified railway lines,LRG,Large gauge,LU,Luxembourg,2012,0,
RL_NELC,Non-electrified railway lines,LRG,Large gauge,LU,Luxembourg,2013,0,
RL_NELC,Non-electrified railway lines,LRG,Large gauge,LU,Luxembourg,2014,0,
RL_NELC,Non-electrified railway lines,LRG,Large gauge,LU,Luxembourg,2015,0,
RL_NELC,Non-electrified railway lines,LRG,Large gauge,LU,Luxembourg,2016,0,
RL_NELC,Non-electrified railway lines,LRG,Large gauge,LU,Luxembourg,2017,0,
RL_NELC,Non-electrified railway lines,LRG,Large gauge,LU,Luxembourg,2018,0,
RL_NELC,Non-electrified railway lines,LRG,Large gauge,LU,Luxembourg,2019,0,
RL_NELC,Non-electrified railway lines,LRG,Large gauge,LU,Luxembourg,2020,0,
RL_NELC,Non-electrified railway lines,LRG,Large gauge,LU,Luxembourg,2021,0,
RL_NELC,Non-electrified railway lines,LRG,Large gauge,LU,Luxembourg,2022,0,
RL_NELC,Non-electrified railway lines,LRG,Large gauge,LU,Luxembourg,2023,0,
RL_NELC,Non-electrified railway lines,LRG,Large gauge,LU,Luxembourg,2024,0,
RL_NELC,Non-electrified railway lines,LRG,Large gauge,LV,Latvia,1990,2093,
RL_NELC,Non-electrified railway lines,LRG,Large gauge,LV,Latvia,1991,2093,
RL_NELC,Non-electrified railway lines,LRG,Large gauge,LV,Latvia,1992,2102,
RL_NELC,Non-electrified railway lines,LRG,Large gauge,LV,Latvia,1993,2109,
RL_NELC,Non-electrified railway lines,LRG,Large gauge,LV,Latvia,1994,2109,
RL_NELC,Non-electrified railway lines,LRG,Large gauge,LV,Latvia,1995,2109,
RL_NELC,Non-electrified railway lines,LRG,Large gauge,LV,Latvia,1996,2109,
RL_NELC,Non-electrified railway lines,LRG,Large gauge,LV,Latvia,1997,2109,
RL_NELC,Non-electrified railway lines,LRG,Large gauge,LV,Latvia,1998,2110,
RL_NELC,Non-electrified railway lines,LRG,Large gauge,LV,Latvia,1999,2122,
RL_NELC,Non-electrified railway lines,LRG,Large gauge,LV,Latvia,2000,2040,
RL_NELC,Non-electrified railway lines,LRG,Large gauge,LV,Latvia,2001,2015,
RL_NELC,Non-electrified railway lines,LRG,Large gauge,LV,Latvia,2002,1980,
RL_NELC,Non-electrified railway lines,LRG,Large gauge,LV,Latvia,2003,1980,
RL_NELC,Non-electrified railway lines,LRG,Large gauge,LV,Latvia,2004,1980,
RL_NELC,Non-electrified railway lines,LRG,Large gauge,LV,Latvia,2005,1980,
RL_NELC,Non-electrified railway lines,LRG,Large gauge,LV,Latvia,2006,1979,
RL_NELC,Non-electrified railway lines,LRG,Large gauge,LV,Latvia,2007,1975,
RL_NELC,Non-electrified railway lines,LRG,Large gauge,LV,Latvia,2008,1973,
RL_NELC,Non-electrified railway lines,LRG,Large gauge,LV,Latvia,2009,1593,
RL_NELC,Non-electrified railway lines,LRG,Large gauge,LV,Latvia,2010,1607,
RL_NELC,Non-electrified railway lines,LRG,Large gauge,LV,Latvia,2011,1574,
RL_NELC,Non-electrified railway lines,LRG,Large gauge,LV,Latvia,2012,1576,
RL_NELC,Non-electrified railway lines,LRG,Large gauge,LV,Latvia,2013,1578,
RL_NELC,Non-electrified railway lines,LRG,Large gauge,LV,Latvia,2014,1575,
RL_NELC,Non-electrified railway lines,LRG,Large gauge,LV,Latvia,2015,1575,
RL_NELC,Non-electrified railway lines,LRG,Large gauge,LV,Latvia,2016,1575.3,
RL_NELC,Non-electrified railway lines,LRG,Large gauge,LV,Latvia,2017,1575.3,
RL_NELC,Non-electrified railway lines,LRG,Large gauge,LV,Latvia,2018,1575.3,
RL_NELC,Non-electrified railway lines,LRG,Large gauge,LV,Latvia,2019,1575.3,
RL_NELC,Non-electrified railway lines,LRG,Large gauge,LV,Latvia,2020,1574.8,
RL_NELC,Non-electrified railway lines,LRG,Large gauge,LV,Latvia,2021,1574.8,
RL_NELC,Non-electrified railway lines,LRG,Large gauge,LV,Latvia,2022,1580.6,
RL_NELC,Non-electrified railway lines,LRG,Large gauge,LV,Latvia,2023,1547.2,
RL_NELC,Non-electrified railway lines,LRG,Large gauge,LV,Latvia,2024,1547.2,
RL_NELC,Non-electrified railway lines,LRG,Large gauge,MD,Moldova,1992,1301.9,
RL_NELC,Non-electrified railway lines,LRG,Large gauge,MD,Moldova,1993,1291.9,
RL_NELC,Non-electrified railway lines,LRG,Large gauge,MD,Moldova,1994,1291.9,
RL_NELC,Non-electrified railway lines,LRG,Large gauge,MD,Moldova,1995,1299.9,
RL_NELC,Non-electrified railway lines,LRG,Large gauge,MD,Moldova,1996,1299.9,
RL_NELC,Non-electrified railway lines,LRG,Large gauge,MD,Moldova,1997,1295.9,
RL_NELC,Non-electrified railway lines,LRG,Large gauge,MD,Moldova,1998,1194.3,
RL_NELC,Non-electrified railway lines,LRG,Large gauge,MD,Moldova,1999,1126.4,
RL_NELC,Non-electrified railway lines,LRG,Large gauge,MD,Moldova,2000,1125.4,
RL_NELC,Non-electrified railway lines,LRG,Large gauge,MD,Moldova,2001,1107.3,
RL_NELC,Non-electrified railway lines,LRG,Large gauge,MD,Moldova,2002,1107.4,
RL_NELC,Non-electrified railway lines,LRG,Large gauge,MD,Moldova,2004,1063.4,
RL_NELC,Non-electrified railway lines,LRG,Large gauge,MD,Moldova,2009,1146.1,
RL_NELC,Non-electrified railway lines,LRG,Large gauge,MD,Moldova,2010,1146.1,
RL_NELC,Non-electrified railway lines,LRG,Large gauge,MD,Moldova,2011,1069.6,
RL_NELC,Non-electrified railway lines,LRG,Large gauge,MD,Moldova,2012,1069.6,
RL_NELC,Non-electrified railway lines,LRG,Large gauge,MD,Moldova,2013,1070.9,
RL_NELC,Non-electrified railway lines,LRG,Large gauge,MD,Moldova,2014,1070.9,
RL_NELC,Non-electrified railway lines,LRG,Large gauge,MD,Moldova,2015,1071.4,
RL_NELC,Non-electrified railway lines,LRG,Large gauge,MD,Moldova,2016,1071.4,
RL_NELC,Non-electrified railway lines,LRG,Large gauge,MD,Moldova,2017,1071.4,
RL_NELC,Non-electrified railway lines,LRG,Large gauge,MD,Moldova,2018,1071.4,
RL_NELC,Non-electrified railway lines,LRG,Large gauge,MD,Moldova,2019,1071.4,
RL_NELC,Non-electrified railway lines,LRG,Large gauge,MD,Moldova,2020,1071.4,
RL_NELC,Non-electrified railway lines,LRG,Large gauge,MD,Moldova,2021,1071.4,
RL_NELC,Non-electrified railway lines,LRG,Large gauge,MD,Moldova,2022,1072.6,
RL_NELC,Non-electrified railway lines,LRG,Large gauge,MD,Moldova,2023,1072.6,
RL_NELC,Non-electrified railway lines,LRG,Large gauge,MD,Moldova,2024,1072.6,
RL_NELC,Non-electrified railway lines,LRG,Large gauge,ME,Montenegro,2011,0,
RL_NELC,Non-electrified railway lines,LRG,Large gauge,ME,Montenegro,2012,0,
RL_NELC,Non-electrified railway lines,LRG,Large gauge,ME,Montenegro,2013,0,
RL_NELC,Non-electrified railway lines,LRG,Large gauge,ME,Montenegro,2014,0,
RL_NELC,Non-electrified railway lines,LRG,Large gauge,ME,Montenegro,2015,0,
RL_NELC,Non-electrified railway lines,LRG,Large gauge,ME,Montenegro,2016,0,
RL_NELC,Non-electrified railway lines,LRG,Large gauge,ME,Montenegro,2017,0,
RL_NELC,Non-electrified railway lines,LRG,Large gauge,ME,Montenegro,2018,0,
RL_NELC,Non-electrified railway lines,LRG,Large gauge,ME,Montenegro,2020,0,
RL_NELC,Non-electrified railway lines,LRG,Large gauge,ME,Montenegro,2021,0,
RL_NELC,Non-electrified railway lines,LRG,Large gauge,ME,Montenegro,2022,0,
RL_NELC,Non-electrified railway lines,LRG,Large gauge,ME,Montenegro,2023,0,
RL_NELC,Non-electrified railway lines,LRG,Large gauge,ME,Montenegro,2024,0,
RL_NELC,Non-electrified railway lines,LRG,Large gauge,MK,North Macedonia,1990,0,
RL_NELC,Non-electrified railway lines,LRG,Large gauge,MK,North Macedonia,1992,0,
RL_NELC,Non-electrified railway lines,LRG,Large gauge,MK,North Macedonia,1993,0,
RL_NELC,Non-electrified railway lines,LRG,Large gauge,MK,North Macedonia,1994,0,
RL_NELC,Non-electrified railway lines,LRG,Large gauge,MK,North Macedonia,1995,0,
RL_NELC,Non-electrified railway lines,LRG,Large gauge,MK,North Macedonia,1996,0,
RL_NELC,Non-electrified railway lines,LRG,Large gauge,MK,North Macedonia,1997,0,
RL_NELC,Non-electrified railway lines,LRG,Large gauge,MK,North Macedonia,1998,0,
RL_NELC,Non-electrified railway lines,LRG,Large gauge,MK,North Macedonia,1999,0,
RL_NELC,Non-electrified railway lines,LRG,Large gauge,MK,North Macedonia,2000,0,
RL_NELC,Non-electrified railway lines,LRG,Large gauge,MK,North Macedonia,2001,0,
RL_NELC,Non-electrified railway lines,LRG,Large gauge,MK,North Macedonia,2002,0,
RL_NELC,Non-electrified railway lines,LRG,Large gauge,MK,North Macedonia,2004,0,
RL_NELC,Non-electrified railway lines,LRG,Large gauge,MK,North Macedonia,2008,0,
RL_NELC,Non-electrified railway lines,LRG,Large gauge,MK,North Macedonia,2009,0,
RL_NELC,Non-electrified railway lines,LRG,Large gauge,MK,North Macedonia,2010,0,
RL_NELC,Non-electrified railway lines,LRG,Large gauge,MK,North Macedonia,2011,0,
RL_NELC,Non-electrified railway lines,LRG,Large gauge,MK,North Macedonia,2012,0,
RL_NELC,Non-electrified railway lines,LRG,Large gauge,MK,North Macedonia,2013,0,
RL_NELC,Non-electrified railway lines,LRG,Large gauge,MK,North Macedonia,2014,0,
RL_NELC,Non-electrified railway lines,LRG,Large gauge,MK,North Macedonia,2015,0,
RL_NELC,Non-electrified railway lines,LRG,Large gauge,MK,North Macedonia,2016,0,
RL_NELC,Non-electrified railway lines,LRG,Large gauge,MK,North Macedonia,2017,0,
RL_NELC,Non-electrified railway lines,LRG,Large gauge,MK,North Macedonia,2018,0,
RL_NELC,Non-electrified railway lines,LRG,Large gauge,MK,North Macedonia,2019,0,
RL_NELC,Non-electrified railway lines,LRG,Large gauge,MK,North Macedonia,2020,0,
RL_NELC,Non-electrified railway lines,LRG,Large gauge,MK,North Macedonia,2021,0,
RL_NELC,Non-electrified railway lines,LRG,Large gauge,MK,North Macedonia,2022,0,
RL_NELC,Non-electrified railway lines,LRG,Large gauge,MK,North Macedonia,2023,0,
RL_NELC,Non-electrified railway lines,LRG,Large gauge,MK,North Macedonia,2024,0,
RL_NELC,Non-electrified railway lines,LRG,Large gauge,NL,Netherlands,1962,0,
RL_NELC,Non-electrified railway lines,LRG,Large gauge,NL,Netherlands,1990,0,
RL_NELC,Non-electrified railway lines,LRG,Large gauge,NL,Netherlands,1991,0,
RL_NELC,Non-electrified railway lines,LRG,Large gauge,NL,Netherlands,1992,0,
RL_NELC,Non-electrified railway lines,LRG,Large gauge,NL,Netherlands,1993,0,
RL_NELC,Non-electrified railway lines,LRG,Large gauge,NL,Netherlands,1994,0,
RL_NELC,Non-electrified railway lines,LRG,Large gauge,NL,Netherlands,1995,0,
RL_NELC,Non-electrified railway lines,LRG,Large gauge,NL,Netherlands,1996,0,
RL_NELC,Non-electrified railway lines,LRG,Large gauge,NL,Netherlands,1997,0,
RL_NELC,Non-electrified railway lines,LRG,Large gauge,NL,Netherlands,1998,0,
RL_NELC,Non-electrified railway lines,LRG,Large gauge,NL,Netherlands,1999,0,
RL_NELC,Non-electrified railway lines,LRG,Large gauge,NL,Netherlands,2000,0,
RL_NELC,Non-electrified railway lines,LRG,Large gauge,NL,Netherlands,2001,0,
RL_NELC,Non-electrified railway lines,LRG,Large gauge,NL,Netherlands,2002,0,
RL_NELC,Non-electrified railway lines,LRG,Large gauge,NL,Netherlands,2003,0,
RL_NELC,Non-electrified railway lines,LRG,Large gauge,NL,Netherlands,2004,0,
RL_NELC,Non-electrified railway lines,LRG,Large gauge,NL,Netherlands,2005,0,
RL_NELC,Non-electrified railway lines,LRG,Large gauge,NL,Netherlands,2006,0,
RL_NELC,Non-electrified railway lines,LRG,Large gauge,NL,Netherlands,2007,0,
RL_NELC,Non-electrified railway lines,LRG,Large gauge,NL,Netherlands,2008,0,
RL_NELC,Non-electrified railway lines,LRG,Large gauge,NL,Netherlands,2009,0,
RL_NELC,Non-electrified railway lines,LRG,Large gauge,NL,Netherlands,2010,0,
RL_NELC,Non-electrified railway lines,LRG,Large gauge,NL,Netherlands,2011,0,
RL_NELC,Non-electrified railway lines,LRG,Large gauge,NL,Netherlands,2012,0,
RL_NELC,Non-electrified railway lines,LRG,Large gauge,NL,Netherlands,2013,0,
RL_NELC,Non-electrified railway lines,LRG,Large gauge,NL,Netherlands,2014,0,
RL_NELC,Non-electrified railway lines,LRG,Large gauge,NL,Netherlands,2015,0,
RL_NELC,Non-electrified railway lines,LRG,Large gauge,NL,Netherlands,2016,0,
RL_NELC,Non-electrified railway lines,LRG,Large gauge,NL,Netherlands,2017,0,
RL_NELC,Non-electrified railway lines,LRG,Large gauge,NL,Netherlands,2018,0,
RL_NELC,Non-electrified railway lines,LRG,Large gauge,NL,Netherlands,2019,0,
RL_NELC,Non-electrified railway lines,LRG,Large gauge,NL,Netherlands,2020,0,i
RL_NELC,Non-electrified railway lines,LRG,Large gauge,NL,Netherlands,2021,0,i
RL_NELC,Non-electrified railway lines,LRG,Large gauge,NL,Netherlands,2022,0,
RL_NELC,Non-electrified railway lines,LRG,Large gauge,NL,Netherlands,2023,0,
RL_NELC,Non-electrified railway lines,LRG,Large gauge,NL,Netherlands,2024,0,
RL_NELC,Non-electrified railway lines,LRG,Large gauge,NO,Norway,1998,0,
RL_NELC,Non-electrified railway lines,LRG,Large gauge,NO,Norway,1999,0,
RL_NELC,Non-electrified railway lines,LRG,Large gauge,NO,Norway,2004,0,
RL_NELC,Non-electrified railway lines,LRG,Large gauge,NO,Norway,2005,0,
RL_NELC,Non-electrified railway lines,LRG,Large gauge,NO,Norway,2006,0,n
RL_NELC,Non-electrified railway lines,LRG,Large gauge,NO,Norway,2007,0,n
RL_NELC,Non-electrified railway lines,LRG,Large gauge,NO,Norway,2008,0,
RL_NELC,Non-electrified railway lines,LRG,Large gauge,NO,Norway,2009,0,
RL_NELC,Non-electrified railway lines,LRG,Large gauge,NO,Norway,2010,0,
RL_NELC,Non-electrified railway lines,LRG,Large gauge,NO,Norway,2011,0,
RL_NELC,Non-electrified railway lines,LRG,Large gauge,NO,Norway,2012,0,
RL_NELC,Non-electrified railway lines,LRG,Large gauge,NO,Norway,2013,0,
RL_NELC,Non-electrified railway lines,LRG,Large gauge,NO,Norway,2014,0,
RL_NELC,Non-electrified railway lines,LRG,Large gauge,NO,Norway,2015,0,
RL_NELC,Non-electrified railway lines,LRG,Large gauge,NO,Norway,2016,0,
RL_NELC,Non-electrified railway lines,LRG,Large gauge,NO,Norway,2017,0,
RL_NELC,Non-electrified railway lines,LRG,Large gauge,NO,Norway,2018,0,
RL_NELC,Non-electrified railway lines,LRG,Large gauge,NO,Norway,2019,0,
RL_NELC,Non-electrified railway lines,LRG,Large gauge,NO,Norway,2020,0,
RL_NELC,Non-electrified railway lines,LRG,Large gauge,NO,Norway,2021,0,
RL_NELC,Non-electrified railway lines,LRG,Large gauge,NO,Norway,2022,0,
RL_NELC,Non-electrified railway lines,LRG,Large gauge,NO,Norway,2023,0,
RL_NELC,Non-electrified railway lines,LRG,Large gauge,NO,Norway,2024,0,
RL_NELC,Non-electrified railway lines,LRG,Large gauge,PL,Poland,1990,0,
RL_NELC,Non-electrified railway lines,LRG,Large gauge,PL,Poland,1991,0,
RL_NELC,Non-electrified railway lines,LRG,Large gauge,PL,Poland,1992,0,
RL_NELC,Non-electrified railway lines,LRG,Large gauge,PL,Poland,1993,0,
RL_NELC,Non-electrified railway lines,LRG,Large gauge,PL,Poland,1994,0,
RL_NELC,Non-electrified railway lines,LRG,Large gauge,PL,Poland,1995,631,
RL_NELC,Non-electrified railway lines,LRG,Large gauge,PL,Poland,1996,630,
RL_NELC,Non-electrified railway lines,LRG,Large gauge,PL,Poland,1997,630,
RL_NELC,Non-electrified railway lines,LRG,Large gauge,PL,Poland,1998,606,
RL_NELC,Non-electrified railway lines,LRG,Large gauge,PL,Poland,1999,544,
RL_NELC,Non-electrified railway lines,LRG,Large gauge,PL,Poland,2000,529,
RL_NELC,Non-electrified railway lines,LRG,Large gauge,PL,Poland,2001,614,
RL_NELC,Non-electrified railway lines,LRG,Large gauge,PL,Poland,2002,590,
RL_NELC,Non-electrified railway lines,LRG,Large gauge,PL,Poland,2003,560,i
RL_NELC,Non-electrified railway lines,LRG,Large gauge,PL,Poland,2004,529,
RL_NELC,Non-electrified railway lines,LRG,Large gauge,PL,Poland,2005,532,
RL_NELC,Non-electrified railway lines,LRG,Large gauge,PL,Poland,2006,529,
RL_NELC,Non-electrified railway lines,LRG,Large gauge,PL,Poland,2007,530,
RL_NELC,Non-electrified railway lines,LRG,Large gauge,PL,Poland,2008,532,
RL_NELC,Non-electrified railway lines,LRG,Large gauge,PL,Poland,2009,533,
RL_NELC,Non-electrified railway lines,LRG,Large gauge,PL,Poland,2010,528,
RL_NELC,Non-electrified railway lines,LRG,Large gauge,PL,Poland,2011,528,
RL_NELC,Non-electrified railway lines,LRG,Large gauge,PL,Poland,2012,528,
RL_NELC,Non-electrified railway lines,LRG,Large gauge,PL,Poland,2013,523,
RL_NELC,Non-electrified railway lines,LRG,Large gauge,PL,Poland,2014,524,
RL_NELC,Non-electrified railway lines,LRG,Large gauge,PL,Poland,2015,523,
RL_NELC,Non-electrified railway lines,LRG,Large gauge,PL,Poland,2016,523,
RL_NELC,Non-electrified railway lines,LRG,Large gauge,PL,Poland,2017,523,
RL_NELC,Non-electrified railway lines,LRG,Large gauge,PL,Poland,2018,523,
RL_NELC,Non-electrified railway lines,LRG,Large gauge,PL,Poland,2019,552,
RL_NELC,Non-electrified railway lines,LRG,Large gauge,PL,Poland,2020,569,
RL_NELC,Non-electrified railway lines,LRG,Large gauge,PL,Poland,2021,555,
RL_NELC,Non-electrified railway lines,LRG,Large gauge,PL,Poland,2022,555,
RL_NELC,Non-electrified railway lines,LRG,Large gauge,PL,Poland,2023,555,
RL_NELC,Non-electrified railway lines,LRG,Large gauge,PL,Poland,2024,566,
RL_NELC,Non-electrified railway lines,LRG,Large gauge,PT,Portugal,1990,2355,i
RL_NELC,Non-electrified railway lines,LRG,Large gauge,PT,Portugal,1991,2342,i
RL_NELC,Non-electrified railway lines,LRG,Large gauge,PT,Portugal,1992,2279,
RL_NELC,Non-electrified railway lines,LRG,Large gauge,PT,Portugal,1993,2298,
RL_NELC,Non-electrified railway lines,LRG,Large gauge,PT,Portugal,1994,2305,
RL_NELC,Non-electrified railway lines,LRG,Large gauge,PT,Portugal,1995,2240,
RL_NELC,Non-electrified railway lines,LRG,Large gauge,PT,Portugal,1996,2153,
RL_NELC,Non-electrified railway lines,LRG,Large gauge,PT,Portugal,1997,2033,
RL_NELC,Non-electrified railway lines,LRG,Large gauge,PT,Portugal,1998,1707,
RL_NELC,Non-electrified railway lines,LRG,Large gauge,PT,Portugal,1999,1698,
RL_NELC,Non-electrified railway lines,LRG,Large gauge,PT,Portugal,2000,1695,
RL_NELC,Non-electrified railway lines,LRG,Large gauge,PT,Portugal,2001,1693.8,
RL_NELC,Non-electrified railway lines,LRG,Large gauge,PT,Portugal,2002,1566,
RL_NELC,Non-electrified railway lines,LRG,Large gauge,PT,Portugal,2003,1550.2,i
RL_NELC,Non-electrified railway lines,LRG,Large gauge,PT,Portugal,2004,1285.2,i
RL_NELC,Non-electrified railway lines,LRG,Large gauge,PT,Portugal,2005,1211.2,i
RL_NELC,Non-electrified railway lines,LRG,Large gauge,PT,Portugal,2006,1210.2,i
RL_NELC,Non-electrified railway lines,LRG,Large gauge,PT,Portugal,2007,1211,i
RL_NELC,Non-electrified railway lines,LRG,Large gauge,PT,Portugal,2008,1189.7,
RL_NELC,Non-electrified railway lines,LRG,Large gauge,PT,Portugal,2009,1189.7,
RL_NELC,Non-electrified railway lines,LRG,Large gauge,PT,Portugal,2010,1163.1,
RL_NELC,Non-electrified railway lines,LRG,Large gauge,PT,Portugal,2011,972.4,
RL_NELC,Non-electrified railway lines,LRG,Large gauge,PT,Portugal,2012,798.8,
RL_NELC,Non-electrified railway lines,LRG,Large gauge,PT,Portugal,2013,803,
RL_NELC,Non-electrified railway lines,LRG,Large gauge,PT,Portugal,2014,803.1,
RL_NELC,Non-electrified railway lines,LRG,Large gauge,PT,Portugal,2015,794.4,
RL_NELC,Non-electrified railway lines,LRG,Large gauge,PT,Portugal,2016,794.4,
RL_NELC,Non-electrified railway lines,LRG,Large gauge,PT,Portugal,2017,794.35,
RL_NELC,Non-electrified railway lines,LRG,Large gauge,PT,Portugal,2018,794.35,
RL_NELC,Non-electrified railway lines,LRG,Large gauge,PT,Portugal,2019,734.63,
RL_NELC,Non-electrified railway lines,LRG,Large gauge,PT,Portugal,2020,734.63,
RL_NELC,Non-electrified railway lines,LRG,Large gauge,PT,Portugal,2021,640.011,
RL_NELC,Non-electrified railway lines,LRG,Large gauge,PT,Portugal,2022,640.011,
RL_NELC,Non-electrified railway lines,LRG,Large gauge,PT,Portugal,2023,640.011,
RL_NELC,Non-electrified railway lines,LRG,Large gauge,PT,Portugal,2024,640.011,
RL_NELC,Non-electrified railway lines,LRG,Large gauge,RO,Romania,1990,45,
RL_NELC,Non-electrified railway lines,LRG,Large gauge,RO,Romania,1991,45,
RL_NELC,Non-electrified railway lines,LRG,Large gauge,RO,Romania,1992,60,
RL_NELC,Non-electrified railway lines,LRG,Large gauge,RO,Romania,1993,60,
RL_NELC,Non-electrified railway lines,LRG,Large gauge,RO,Romania,1994,60,
RL_NELC,Non-electrified railway lines,LRG,Large gauge,RO,Romania,1995,60,
RL_NELC,Non-electrified railway lines,LRG,Large gauge,RO,Romania,1996,60,
RL_NELC,Non-electrified railway lines,LRG,Large gauge,RO,Romania,1997,57,
RL_NELC,Non-electrified railway lines,LRG,Large gauge,RO,Romania,1998,57,
RL_NELC,Non-electrified railway lines,LRG,Large gauge,RO,Romania,1999,57,
RL_NELC,Non-electrified railway lines,LRG,Large gauge,RO,Romania,2000,57,
RL_NELC,Non-electrified railway lines,LRG,Large gauge,RO,Romania,2001,57,
RL_NELC,Non-electrified railway lines,LRG,Large gauge,RO,Romania,2002,57,
RL_NELC,Non-electrified railway lines,LRG,Large gauge,RO,Romania,2003,74,
RL_NELC,Non-electrified railway lines,LRG,Large gauge,RO,Romania,2004,61,
RL_NELC,Non-electrified railway lines,LRG,Large gauge,RO,Romania,2005,56,
RL_NELC,Non-electrified railway lines,LRG,Large gauge,RO,Romania,2006,57,
RL_NELC,Non-electrified railway lines,LRG,Large gauge,RO,Romania,2007,133,
RL_NELC,Non-electrified railway lines,LRG,Large gauge,RO,Romania,2008,134,
RL_NELC,Non-electrified railway lines,LRG,Large gauge,RO,Romania,2009,133,
RL_NELC,Non-electrified railway lines,LRG,Large gauge,RO,Romania,2010,134,
RL_NELC,Non-electrified railway lines,LRG,Large gauge,RO,Romania,2011,134,
RL_NELC,Non-electrified railway lines,LRG,Large gauge,RO,Romania,2012,133,
RL_NELC,Non-electrified railway lines,LRG,Large gauge,RO,Romania,2013,133,
RL_NELC,Non-electrified railway lines,LRG,Large gauge,RO,Romania,2014,133,
RL_NELC,Non-electrified railway lines,LRG,Large gauge,RO,Romania,2015,134,
RL_NELC,Non-electrified railway lines,LRG,Large gauge,RO,Romania,2016,133,
RL_NELC,Non-electrified railway lines,LRG,Large gauge,RO,Romania,2017,133,
RL_NELC,Non-electrified railway lines,LRG,Large gauge,RO,Romania,2018,133,
RL_NELC,Non-electrified railway lines,LRG,Large gauge,RO,Romania,2019,133,
RL_NELC,Non-electrified railway lines,LRG,Large gauge,RO,Romania,2020,133,
RL_NELC,Non-electrified railway lines,LRG,Large gauge,RO,Romania,2021,133,
RL_NELC,Non-electrified railway lines,LRG,Large gauge,RO,Romania,2022,91,
RL_NELC,Non-electrified railway lines,LRG,Large gauge,RO,Romania,2023,91,
RL_NELC,Non-electrified railway lines,LRG,Large gauge,RO,Romania,2024,91,
RL_NELC,Non-electrified railway lines,LRG,Large gauge,RS,Serbia,2006,0,
RL_NELC,Non-electrified railway lines,LRG,Large gauge,RS,Serbia,2007,0,
RL_NELC,Non-electrified railway lines,LRG,Large gauge,RS,Serbia,2008,0,
RL_NELC,Non-electrified railway lines,LRG,Large gauge,RS,Serbia,2009,0,
RL_NELC,Non-electrified railway lines,LRG,Large gauge,RS,Serbia,2010,0,
RL_NELC,Non-electrified railway lines,LRG,Large gauge,RS,Serbia,2011,0,
RL_NELC,Non-electrified railway lines,LRG,Large gauge,RS,Serbia,2012,0,
RL_NELC,Non-electrified railway lines,LRG,Large gauge,RS,Serbia,2013,0,
RL_NELC,Non-electrified railway lines,LRG,Large gauge,RS,Serbia,2014,0,
RL_NELC,Non-electrified railway lines,LRG,Large gauge,RS,Serbia,2015,0,
RL_NELC,Non-electrified railway lines,LRG,Large gauge,RS,Serbia,2016,0,
RL_NELC,Non-electrified railway lines,LRG,Large gauge,RS,Serbia,2017,0,
RL_NELC,Non-electrified railway lines,LRG,Large gauge,RS,Serbia,2018,0,
RL_NELC,Non-electrified railway lines,LRG,Large gauge,RS,Serbia,2019,0,
RL_NELC,Non-electrified railway lines,LRG,Large gauge,RS,Serbia,2020,0,
RL_NELC,Non-electrified railway lines,LRG,Large gauge,RS,Serbia,2021,0,
RL_NELC,Non-electrified railway lines,LRG,Large gauge,RS,Serbia,2022,0,
RL_NELC,Non-electrified railway lines,LRG,Large gauge,RS,Serbia,2023,0,
RL_NELC,Non-electrified railway lines,LRG,Large gauge,RS,Serbia,2024,0,
RL_NELC,Non-electrified railway lines,LRG,Large gauge,SE,Sweden,1990,0,
RL_NELC,Non-electrified railway lines,LRG,Large gauge,SE,Sweden,1991,0,
RL_NELC,Non-electrified railway lines,LRG,Large gauge,SE,Sweden,1992,0,
RL_NELC,Non-electrified railway lines,LRG,Large gauge,SE,Sweden,1993,0,
RL_NELC,Non-electrified railway lines,LRG,Large gauge,SE,Sweden,1994,0,
RL_NELC,Non-electrified railway lines,LRG,Large gauge,SE,Sweden,1995,0,
RL_NELC,Non-electrified railway lines,LRG,Large gauge,SE,Sweden,1996,0,
RL_NELC,Non-electrified railway lines,LRG,Large gauge,SE,Sweden,1997,0,
RL_NELC,Non-electrified railway lines,LRG,Large gauge,SE,Sweden,1998,0,
RL_NELC,Non-electrified railway lines,LRG,Large gauge,SE,Sweden,1999,0,
RL_NELC,Non-electrified railway lines,LRG,Large gauge,SE,Sweden,2000,0,
RL_NELC,Non-electrified railway lines,LRG,Large gauge,SE,Sweden,2001,0,
RL_NELC,Non-electrified railway lines,LRG,Large gauge,SE,Sweden,2002,0,
RL_NELC,Non-electrified railway lines,LRG,Large gauge,SE,Sweden,2003,0,
RL_NELC,Non-electrified railway lines,LRG,Large gauge,SE,Sweden,2004,0,
RL_NELC,Non-electrified railway lines,LRG,Large gauge,SE,Sweden,2005,0,
RL_NELC,Non-electrified railway lines,LRG,Large gauge,SE,Sweden,2006,0,
RL_NELC,Non-electrified railway lines,LRG,Large gauge,SE,Sweden,2007,0,
RL_NELC,Non-electrified railway lines,LRG,Large gauge,SE,Sweden,2008,0,
RL_NELC,Non-electrified railway lines,LRG,Large gauge,SE,Sweden,2009,0,
RL_NELC,Non-electrified railway lines,LRG,Large gauge,SE,Sweden,2010,0,
RL_NELC,Non-electrified railway lines,LRG,Large gauge,SE,Sweden,2011,0,
RL_NELC,Non-electrified railway lines,LRG,Large gauge,SE,Sweden,2012,0,
RL_NELC,Non-electrified railway lines,LRG,Large gauge,SE,Sweden,2013,0,
RL_NELC,Non-electrified railway lines,LRG,Large gauge,SE,Sweden,2014,0,
RL_NELC,Non-electrified railway lines,LRG,Large gauge,SE,Sweden,2015,0,
RL_NELC,Non-electrified railway lines,LRG,Large gauge,SE,Sweden,2016,0,
RL_NELC,Non-electrified railway lines,LRG,Large gauge,SE,Sweden,2017,0,
RL_NELC,Non-electrified railway lines,LRG,Large gauge,SE,Sweden,2018,0,
RL_NELC,Non-electrified railway lines,LRG,Large gauge,SE,Sweden,2019,0,
RL_NELC,Non-electrified railway lines,LRG,Large gauge,SE,Sweden,2020,0,
RL_NELC,Non-electrified railway lines,LRG,Large gauge,SE,Sweden,2021,0,
RL_NELC,Non-electrified railway lines,LRG,Large gauge,SE,Sweden,2022,0,
RL_NELC,Non-electrified railway lines,LRG,Large gauge,SE,Sweden,2023,0,
RL_NELC,Non-electrified railway lines,LRG,Large gauge,SE,Sweden,2024,0,
RL_NELC,Non-electrified railway lines,LRG,Large gauge,SI,Slovenia,1990,0,
RL_NELC,Non-electrified railway lines,LRG,Large gauge,SI,Slovenia,1991,0,
RL_NELC,Non-electrified railway lines,LRG,Large gauge,SI,Slovenia,1992,0,
RL_NELC,Non-electrified railway lines,LRG,Large gauge,SI,Slovenia,1993,0,
RL_NELC,Non-electrified railway lines,LRG,Large gauge,SI,Slovenia,1994,0,
RL_NELC,Non-electrified railway lines,LRG,Large gauge,SI,Slovenia,1995,0,
RL_NELC,Non-electrified railway lines,LRG,Large gauge,SI,Slovenia,1996,0,
RL_NELC,Non-electrified railway lines,LRG,Large gauge,SI,Slovenia,1997,0,
RL_NELC,Non-electrified railway lines,LRG,Large gauge,SI,Slovenia,1998,0,
RL_NELC,Non-electrified railway lines,LRG,Large gauge,SI,Slovenia,1999,0,
RL_NELC,Non-electrified railway lines,LRG,Large gauge,SI,Slovenia,2000,0,
RL_NELC,Non-electrified railway lines,LRG,Large gauge,SI,Slovenia,2001,0,
RL_NELC,Non-electrified railway lines,LRG,Large gauge,SI,Slovenia,2002,0,
RL_NELC,Non-electrified railway lines,LRG,Large gauge,SI,Slovenia,2003,0,
RL_NELC,Non-electrified railway lines,LRG,Large gauge,SI,Slovenia,2008,0,
RL_NELC,Non-electrified railway lines,LRG,Large gauge,SI,Slovenia,2009,0,
RL_NELC,Non-electrified railway lines,LRG,Large gauge,SI,Slovenia,2010,0,
RL_NELC,Non-electrified railway lines,LRG,Large gauge,SI,Slovenia,2011,0,
RL_NELC,Non-electrified railway lines,LRG,Large gauge,SI,Slovenia,2012,0,
RL_NELC,Non-electrified railway lines,LRG,Large gauge,SI,Slovenia,2013,0,
RL_NELC,Non-electrified railway lines,LRG,Large gauge,SI,Slovenia,2014,0,
RL_NELC,Non-electrified railway lines,LRG,Large gauge,SI,Slovenia,2015,0,
RL_NELC,Non-electrified railway lines,LRG,Large gauge,SI,Slovenia,2016,0,
RL_NELC,Non-electrified railway lines,LRG,Large gauge,SI,Slovenia,2017,0,
RL_NELC,Non-electrified railway lines,LRG,Large gauge,SI,Slovenia,2018,0,
RL_NELC,Non-electrified railway lines,LRG,Large gauge,SI,Slovenia,2019,0,
RL_NELC,Non-electrified railway lines,LRG,Large gauge,SI,Slovenia,2020,0,
RL_NELC,Non-electrified railway lines,LRG,Large gauge,SI,Slovenia,2021,0,
RL_NELC,Non-electrified railway lines,LRG,Large gauge,SI,Slovenia,2022,0,
RL_NELC,Non-electrified railway lines,LRG,Large gauge,SI,Slovenia,2023,0,
RL_NELC,Non-electrified railway lines,LRG,Large gauge,SI,Slovenia,2024,0,
RL_NELC,Non-electrified railway lines,LRG,Large gauge,SK,Slovakia,1992,10,
RL_NELC,Non-electrified railway lines,LRG,Large gauge,SK,Slovakia,1993,10,
RL_NELC,Non-electrified railway lines,LRG,Large gauge,SK,Slovakia,1994,10,
RL_NELC,Non-electrified railway lines,LRG,Large gauge,SK,Slovakia,1995,10,
RL_NELC,Non-electrified railway lines,LRG,Large gauge,SK,Slovakia,1996,11,
RL_NELC,Non-electrified railway lines,LRG,Large gauge,SK,Slovakia,1997,11,
RL_NELC,Non-electrified railway lines,LRG,Large gauge,SK,Slovakia,1998,11,
RL_NELC,Non-electrified railway lines,LRG,Large gauge,SK,Slovakia,1999,11,
RL_NELC,Non-electrified railway lines,LRG,Large gauge,SK,Slovakia,2000,5,
RL_NELC,Non-electrified railway lines,LRG,Large gauge,SK,Slovakia,2001,5,
RL_NELC,Non-electrified railway lines,LRG,Large gauge,SK,Slovakia,2002,5,
RL_NELC,Non-electrified railway lines,LRG,Large gauge,SK,Slovakia,2003,5,
RL_NELC,Non-electrified railway lines,LRG,Large gauge,SK,Slovakia,2004,5,
RL_NELC,Non-electrified railway lines,LRG,Large gauge,SK,Slovakia,2005,4,
RL_NELC,Non-electrified railway lines,LRG,Large gauge,SK,Slovakia,2006,4,
RL_NELC,Non-electrified railway lines,LRG,Large gauge,SK,Slovakia,2007,4,
RL_NELC,Non-electrified railway lines,LRG,Large gauge,SK,Slovakia,2008,5,
RL_NELC,Non-electrified railway lines,LRG,Large gauge,SK,Slovakia,2009,5,
RL_NELC,Non-electrified railway lines,LRG,Large gauge,SK,Slovakia,2010,5,
RL_NELC,Non-electrified railway lines,LRG,Large gauge,SK,Slovakia,2011,5,
RL_NELC,Non-electrified railway lines,LRG,Large gauge,SK,Slovakia,2012,5,
RL_NELC,Non-electrified railway lines,LRG,Large gauge,SK,Slovakia,2013,5,
RL_NELC,Non-electrified railway lines,LRG,Large gauge,SK,Slovakia,2014,5,
RL_NELC,Non-electrified railway lines,LRG,Large gauge,SK,Slovakia,2015,5,
RL_NELC,Non-electrified railway lines,LRG,Large gauge,SK,Slovakia,2016,6,
RL_NELC,Non-electrified railway lines,LRG,Large gauge,SK,Slovakia,2017,6,
RL_NELC,Non-electrified railway lines,LRG,Large gauge,SK,Slovakia,2018,6,
RL_NELC,Non-electrified railway lines,LRG,Large gauge,SK,Slovakia,2019,6,
RL_NELC,Non-electrified railway lines,LRG,Large gauge,SK,Slovakia,2020,6,
RL_NELC,Non-electrified railway lines,LRG,Large gauge,SK,Slovakia,2021,6,
RL_NELC,Non-electrified railway lines,LRG,Large gauge,SK,Slovakia,2022,6,
RL_NELC,Non-electrified railway lines,LRG,Large gauge,SK,Slovakia,2023,6,
RL_NELC,Non-electrified railway lines,LRG,Large gauge,SK,Slovakia,2024,7,
RL_NELC,Non-electrified railway lines,LRG,Large gauge,TR,Türkiye,1990,0,
RL_NELC,Non-electrified railway lines,LRG,Large gauge,TR,Türkiye,1991,0,
RL_NELC,Non-electrified railway lines,LRG,Large gauge,TR,Türkiye,1992,0,
RL_NELC,Non-electrified railway lines,LRG,Large gauge,TR,Türkiye,1993,0,
RL_NELC,Non-electrified railway lines,LRG,Large gauge,TR,Türkiye,1994,0,
RL_NELC,Non-electrified railway lines,LRG,Large gauge,TR,Türkiye,1995,0,
RL_NELC,Non-electrified railway lines,LRG,Large gauge,TR,Türkiye,1996,0,
RL_NELC,Non-electrified railway lines,LRG,Large gauge,TR,Türkiye,1997,0,
RL_NELC,Non-electrified railway lines,LRG,Large gauge,TR,Türkiye,1998,0,
RL_NELC,Non-electrified railway lines,LRG,Large gauge,TR,Türkiye,1999,0,
RL_NELC,Non-electrified railway lines,LRG,Large gauge,TR,Türkiye,2005,0,
RL_NELC,Non-electrified railway lines,LRG,Large gauge,TR,Türkiye,2006,0,
RL_NELC,Non-electrified railway lines,LRG,Large gauge,TR,Türkiye,2007,0,
RL_NELC,Non-electrified railway lines,LRG,Large gauge,TR,Türkiye,2008,0,
RL_NELC,Non-electrified railway lines,LRG,Large gauge,TR,Türkiye,2009,0,
RL_NELC,Non-electrified railway lines,LRG,Large gauge,TR,Türkiye,2010,0,
RL_NELC,Non-electrified railway lines,LRG,Large gauge,TR,Türkiye,2011,0,
RL_NELC,Non-electrified railway lines,LRG,Large gauge,TR,Türkiye,2012,0,
RL_NELC,Non-electrified railway lines,LRG,Large gauge,TR,Türkiye,2013,0,
RL_NELC,Non-electrified railway lines,LRG,Large gauge,TR,Türkiye,2014,0,
RL_NELC,Non-electrified railway lines,LRG,Large gauge,TR,Türkiye,2015,0,
RL_NELC,Non-electrified railway lines,LRG,Large gauge,TR,Türkiye,2016,0,
RL_NELC,Non-electrified railway lines,LRG,Large gauge,TR,Türkiye,2017,0,
RL_NELC,Non-electrified railway lines,LRG,Large gauge,TR,Türkiye,2018,0,
RL_NELC,Non-electrified railway lines,LRG,Large gauge,TR,Türkiye,2019,0,
RL_NELC,Non-electrified railway lines,LRG,Large gauge,TR,Türkiye,2020,0,
RL_NELC,Non-electrified railway lines,LRG,Large gauge,TR,Türkiye,2021,0,
RL_NELC,Non-electrified railway lines,LRG,Large gauge,TR,Türkiye,2022,0,
RL_NELC,Non-electrified railway lines,LRG,Large gauge,TR,Türkiye,2023,0,
RL_NELC,Non-electrified railway lines,LRG,Large gauge,TR,Türkiye,2024,0,
RL_NELC,Non-electrified railway lines,LRG,Large gauge,UA,Ukraine,1992,13678,
RL_NELC,Non-electrified railway lines,LRG,Large gauge,UA,Ukraine,1993,13672,
RL_NELC,Non-electrified railway lines,LRG,Large gauge,UA,Ukraine,1994,13447,
RL_NELC,Non-electrified railway lines,LRG,Large gauge,UA,Ukraine,1995,13452,
RL_NELC,Non-electrified railway lines,LRG,Large gauge,UA,Ukraine,1996,13381,
RL_NELC,Non-electrified railway lines,LRG,Large gauge,UA,Ukraine,1997,13167,
RL_NELC,Non-electrified railway lines,LRG,Large gauge,UA,Ukraine,1998,13024,
RL_NELC,Non-electrified railway lines,LRG,Large gauge,UA,Ukraine,1999,12868,
RL_NELC,Non-electrified railway lines,LRG,Large gauge,UA,Ukraine,2012,11029,
RL_NELC,Non-electrified railway lines,LRG,Large gauge,UA,Ukraine,2013,11019,
RL_NELC,Non-electrified railway lines,LRG,Large gauge,UA,Ukraine,2014,10632,
RL_NELC,Non-electrified railway lines,LRG,Large gauge,UA,Ukraine,2015,10639,
RL_NELC,Non-electrified railway lines,LRG,Large gauge,UA,Ukraine,2016,10685,
RL_NELC,Non-electrified railway lines,LRG,Large gauge,UA,Ukraine,2017,10094,
RL_NELC,Non-electrified railway lines,LRG,Large gauge,UA,Ukraine,2018,10078,
RL_NELC,Non-electrified railway lines,LRG,Large gauge,UA,Ukraine,2019,9784,
RL_NELC,Non-electrified railway lines,LRG,Large gauge,UA,Ukraine,2020,9774,
RL_NELC,Non-electrified railway lines,LRG,Large gauge,UA,Ukraine,2021,10059,
RL_NELC,Non-electrified railway lines,LRG,Large gauge,UA,Ukraine,2022,10076,
RL_NELC,Non-electrified railway lines,LRG,Large gauge,UA,Ukraine,2023,10027,
RL_NELC,Non-electrified railway lines,LRG,Large gauge,UK,United Kingdom,1993,330,
RL_NELC,Non-electrified railway lines,LRG,Large gauge,UK,United Kingdom,1994,331,
RL_NELC,Non-electrified railway lines,LRG,Large gauge,UK,United Kingdom,1995,333,
RL_NELC,Non-electrified railway lines,LRG,Large gauge,UK,United Kingdom,1996,335,
RL_NELC,Non-electrified railway lines,LRG,Large gauge,UK,United Kingdom,1997,335,
RL_NELC,Non-electrified railway lines,LRG,Large gauge,UK,United Kingdom,1998,335,
RL_NELC,Non-electrified railway lines,LRG,Large gauge,UK,United Kingdom,1999,335,
RL_NELC,Non-electrified railway lines,LRG,Large gauge,UK,United Kingdom,2000,342,
RL_NELC,Non-electrified railway lines,LRG,Large gauge,UK,United Kingdom,2001,342,
RL_NELC,Non-electrified railway lines,LRG,Large gauge,UK,United Kingdom,2002,342,
RL_NELC,Non-electrified railway lines,LRG,Large gauge,UK,United Kingdom,2004,342,
RL_NELC,Non-electrified railway lines,LRG,Large gauge,UK,United Kingdom,2005,0,
RL_NELC,Non-electrified railway lines,LRG,Large gauge,UK,United Kingdom,2006,0,
RL_NELC,Non-electrified railway lines,LRG,Large gauge,UK,United Kingdom,2007,0,n
RL_NELC,Non-electrified railway lines,LRG,Large gauge,UK,United Kingdom,2008,0,
RL_NELC,Non-electrified railway lines,LRG,Large gauge,UK,United Kingdom,2009,0,
RL_NELC,Non-electrified railway lines,LRG,Large gauge,UK,United Kingdom,2010,0,
RL_NELC,Non-electrified railway lines,LRG,Large gauge,UK,United Kingdom,2011,0,
RL_NELC,Non-electrified railway lines,LRG,Large gauge,UK,United Kingdom,2012,0,
RL_NELC,Non-electrified railway lines,LRG,Large gauge,UK,United Kingdom,2013,0,
RL_NELC,Non-electrified railway lines,LRG,Large gauge,UK,United Kingdom,2014,0,
RL_NELC,Non-electrified railway lines,LRG,Large gauge,UK,United Kingdom,2015,0,
RL_NELC,Non-electrified railway lines,LRG,Large gauge,UK,United Kingdom,2016,0,
RL_NELC,Non-electrified railway lines,LRG,Large gauge,UK,United Kingdom,2017,0,
RL_NELC,Non-electrified railway lines,LRG,Large gauge,UK,United Kingdom,2018,0,
RL_NELC,Non-electrified railway lines,LRG,Large gauge,UK,United Kingdom,2019,333,
RL_NELC,Non-electrified railway lines,LRG,Large gauge,UK,United Kingdom,2020,333,
RL_NELC,Non-electrified railway lines,LRG,Large gauge,UK,United Kingdom,2021,333,
RL_NELC,Non-electrified railway lines,LRG,Large gauge,UK,United Kingdom,2022,333,
RL_NELC,Non-electrified railway lines,LRG,Large gauge,UK,United Kingdom,2023,333,
RL_NELC,Non-electrified railway lines,LRG,Large gauge,UK,United Kingdom,2024,333,
RL_NELC,Non-electrified railway lines,LRG,Large gauge,XK,Kosovo*,2017,0,
RL_NELC,Non-electrified railway lines,LRG,Large gauge,XK,Kosovo*,2018,0,
RL_NELC,Non-electrified railway lines,LRG,Large gauge,XK,Kosovo*,2019,0,
RL_NELC,Non-electrified railway lines,LRG,Large gauge,XK,Kosovo*,2020,0,
RL_NELC,Non-electrified railway lines,LRG,Large gauge,XK,Kosovo*,2021,0,
RL_NELC,Non-electrified railway lines,LRG,Large gauge,XK,Kosovo*,2022,0,
RL_NELC,Non-electrified railway lines,LRG,Large gauge,XK,Kosovo*,2023,0,i
RL_NELC,Non-electrified railway lines,LRG,Large gauge,XK,Kosovo*,2024,0,i
RL_NELC,Non-electrified railway lines,NAR,Narrow gauge,AL,Albania,1990,0,
RL_NELC,Non-electrified railway lines,NAR,Narrow gauge,AL,Albania,1991,0,
RL_NELC,Non-electrified railway lines,NAR,Narrow gauge,AL,Albania,1992,0,
RL_NELC,Non-electrified railway lines,NAR,Narrow gauge,AL,Albania,1993,0,
RL_NELC,Non-electrified railway lines,NAR,Narrow gauge,AL,Albania,1994,0,
RL_NELC,Non-electrified railway lines,NAR,Narrow gauge,AL,Albania,1995,0,
RL_NELC,Non-electrified railway lines,NAR,Narrow gauge,AL,Albania,1996,0,
RL_NELC,Non-electrified railway lines,NAR,Narrow gauge,AL,Albania,1997,0,
RL_NELC,Non-electrified railway lines,NAR,Narrow gauge,AL,Albania,1998,0,
RL_NELC,Non-electrified railway lines,NAR,Narrow gauge,AL,Albania,1999,0,
RL_NELC,Non-electrified railway lines,NAR,Narrow gauge,AL,Albania,2000,0,
RL_NELC,Non-electrified railway lines,NAR,Narrow gauge,AL,Albania,2001,0,
RL_NELC,Non-electrified railway lines,NAR,Narrow gauge,AL,Albania,2002,0,
RL_NELC,Non-electrified railway lines,NAR,Narrow gauge,AL,Albania,2013,0,
RL_NELC,Non-electrified railway lines,NAR,Narrow gauge,AL,Albania,2014,0,
RL_NELC,Non-electrified railway lines,NAR,Narrow gauge,AL,Albania,2015,0,
RL_NELC,Non-electrified railway lines,NAR,Narrow gauge,AL,Albania,2016,0,
RL_NELC,Non-electrified railway lines,NAR,Narrow gauge,AL,Albania,2017,0,
RL_NELC,Non-electrified railway lines,NAR,Narrow gauge,AL,Albania,2018,0,
RL_NELC,Non-electrified railway lines,NAR,Narrow gauge,AL,Albania,2019,0,
RL_NELC,Non-electrified railway lines,NAR,Narrow gauge,AL,Albania,2020,0,
RL_NELC,Non-electrified railway lines,NAR,Narrow gauge,AL,Albania,2021,0,
RL_NELC,Non-electrified railway lines,NAR,Narrow gauge,AL,Albania,2022,0,
RL_NELC,Non-electrified railway lines,NAR,Narrow gauge,AL,Albania,2023,0,
RL_NELC,Non-electrified railway lines,NAR,Narrow gauge,AL,Albania,2024,0,
RL_NELC,Non-electrified railway lines,NAR,Narrow gauge,AT,Austria,1990,271,
RL_NELC,Non-electrified railway lines,NAR,Narrow gauge,AT,Austria,1991,271,
RL_NELC,Non-electrified railway lines,NAR,Narrow gauge,AT,Austria,1992,254,
RL_NELC,Non-electrified railway lines,NAR,Narrow gauge,AT,Austria,1993,258,
RL_NELC,Non-electrified railway lines,NAR,Narrow gauge,AT,Austria,1994,258,
RL_NELC,Non-electrified railway lines,NAR,Narrow gauge,AT,Austria,1995,258,i
RL_NELC,Non-electrified railway lines,NAR,Narrow gauge,AT,Austria,1996,258,i
RL_NELC,Non-electrified railway lines,NAR,Narrow gauge,AT,Austria,1997,243,i
RL_NELC,Non-electrified railway lines,NAR,Narrow gauge,AT,Austria,1998,228,i
RL_NELC,Non-electrified railway lines,NAR,Narrow gauge,AT,Austria,1999,213,i
RL_NELC,Non-electrified railway lines,NAR,Narrow gauge,AT,Austria,2000,198,i
RL_NELC,Non-electrified railway lines,NAR,Narrow gauge,AT,Austria,2001,183,i
RL_NELC,Non-electrified railway lines,NAR,Narrow gauge,AT,Austria,2002,168,i
RL_NELC,Non-electrified railway lines,NAR,Narrow gauge,AT,Austria,2003,168,i
RL_NELC,Non-electrified railway lines,NAR,Narrow gauge,AT,Austria,2004,168,i
RL_NELC,Non-electrified railway lines,NAR,Narrow gauge,AT,Austria,2005,168,i
RL_NELC,Non-electrified railway lines,NAR,Narrow gauge,AT,Austria,2006,168,i
RL_NELC,Non-electrified railway lines,NAR,Narrow gauge,AT,Austria,2007,168,i
RL_NELC,Non-electrified railway lines,NAR,Narrow gauge,AT,Austria,2008,168,i
RL_NELC,Non-electrified railway lines,NAR,Narrow gauge,AT,Austria,2009,168,i
RL_NELC,Non-electrified railway lines,NAR,Narrow gauge,AT,Austria,2010,168,
RL_NELC,Non-electrified railway lines,NAR,Narrow gauge,AT,Austria,2011,168,
RL_NELC,Non-electrified railway lines,NAR,Narrow gauge,AT,Austria,2012,168,
RL_NELC,Non-electrified railway lines,NAR,Narrow gauge,AT,Austria,2013,168,
RL_NELC,Non-electrified railway lines,NAR,Narrow gauge,AT,Austria,2014,168,
RL_NELC,Non-electrified railway lines,NAR,Narrow gauge,AT,Austria,2015,168,
RL_NELC,Non-electrified railway lines,NAR,Narrow gauge,AT,Austria,2016,157,
RL_NELC,Non-electrified railway lines,NAR,Narrow gauge,AT,Austria,2017,157,
RL_NELC,Non-electrified railway lines,NAR,Narrow gauge,AT,Austria,2018,156,
RL_NELC,Non-electrified railway lines,NAR,Narrow gauge,AT,Austria,2019,225,
RL_NELC,Non-electrified railway lines,NAR,Narrow gauge,AT,Austria,2020,225,
RL_NELC,Non-electrified railway lines,NAR,Narrow gauge,AT,Austria,2021,225,
RL_NELC,Non-electrified railway lines,NAR,Narrow gauge,AT,Austria,2022,225,
RL_NELC,Non-electrified railway lines,NAR,Narrow gauge,AT,Austria,2023,225,
RL_NELC,Non-electrified railway lines,NAR,Narrow gauge,AT,Austria,2024,225,
RL_NELC,Non-electrified railway lines,NAR,Narrow gauge,BA,Bosnia and Herzegovina,1990,0,
RL_NELC,Non-electrified railway lines,NAR,Narrow gauge,BA,Bosnia and Herzegovina,1991,0,
RL_NELC,Non-electrified railway lines,NAR,Narrow gauge,BA,Bosnia and Herzegovina,1992,0,
RL_NELC,Non-electrified railway lines,NAR,Narrow gauge,BA,Bosnia and Herzegovina,1993,0,
RL_NELC,Non-electrified railway lines,NAR,Narrow gauge,BA,Bosnia and Herzegovina,1994,0,
RL_NELC,Non-electrified railway lines,NAR,Narrow gauge,BA,Bosnia and Herzegovina,1995,0,
RL_NELC,Non-electrified railway lines,NAR,Narrow gauge,BA,Bosnia and Herzegovina,1996,0,
RL_NELC,Non-electrified railway lines,NAR,Narrow gauge,BA,Bosnia and Herzegovina,1997,0,
RL_NELC,Non-electrified railway lines,NAR,Narrow gauge,BA,Bosnia and Herzegovina,1998,0,
RL_NELC,Non-electrified railway lines,NAR,Narrow gauge,BA,Bosnia and Herzegovina,1999,0,
RL_NELC,Non-electrified railway lines,NAR,Narrow gauge,BA,Bosnia and Herzegovina,2000,0,
RL_NELC,Non-electrified railway lines,NAR,Narrow gauge,BA,Bosnia and Herzegovina,2001,0,
RL_NELC,Non-electrified railway lines,NAR,Narrow gauge,BA,Bosnia and Herzegovina,2002,0,
RL_NELC,Non-electrified railway lines,NAR,Narrow gauge,BA,Bosnia and Herzegovina,2003,0,
RL_NELC,Non-electrified railway lines,NAR,Narrow gauge,BA,Bosnia and Herzegovina,2004,0,
RL_NELC,Non-electrified railway lines,NAR,Narrow gauge,BA,Bosnia and Herzegovina,2005,0,
RL_NELC,Non-electrified railway lines,NAR,Narrow gauge,BA,Bosnia and Herzegovina,2006,0,
RL_NELC,Non-electrified railway lines,NAR,Narrow gauge,BA,Bosnia and Herzegovina,2007,0,
RL_NELC,Non-electrified railway lines,NAR,Narrow gauge,BA,Bosnia and Herzegovina,2008,0,
RL_NELC,Non-electrified railway lines,NAR,Narrow gauge,BA,Bosnia and Herzegovina,2009,0,
RL_NELC,Non-electrified railway lines,NAR,Narrow gauge,BA,Bosnia and Herzegovina,2010,0,
RL_NELC,Non-electrified railway lines,NAR,Narrow gauge,BA,Bosnia and Herzegovina,2011,0,
RL_NELC,Non-electrified railway lines,NAR,Narrow gauge,BA,Bosnia and Herzegovina,2012,0,
RL_NELC,Non-electrified railway lines,NAR,Narrow gauge,BA,Bosnia and Herzegovina,2013,0,
RL_NELC,Non-electrified railway lines,NAR,Narrow gauge,BA,Bosnia and Herzegovina,2014,0,
RL_NELC,Non-electrified railway lines,NAR,Narrow gauge,BA,Bosnia and Herzegovina,2015,0,
RL_NELC,Non-electrified railway lines,NAR,Narrow gauge,BA,Bosnia and Herzegovina,2016,0,
RL_NELC,Non-electrified railway lines,NAR,Narrow gauge,BA,Bosnia and Herzegovina,2017,0,
RL_NELC,Non-electrified railway lines,NAR,Narrow gauge,BA,Bosnia and Herzegovina,2018,0,
RL_NELC,Non-electrified railway lines,NAR,Narrow gauge,BA,Bosnia and Herzegovina,2019,0,
RL_NELC,Non-electrified railway lines,NAR,Narrow gauge,BA,Bosnia and Herzegovina,2020,0,
RL_NELC,Non-electrified railway lines,NAR,Narrow gauge,BA,Bosnia and Herzegovina,2021,0,
RL_NELC,Non-electrified railway lines,NAR,Narrow gauge,BA,Bosnia and Herzegovina,2022,0,
RL_NELC,Non-electrified railway lines,NAR,Narrow gauge,BA,Bosnia and Herzegovina,2023,0,
RL_NELC,Non-electrified railway lines,NAR,Narrow gauge,BA,Bosnia and Herzegovina,2024,0,
RL_NELC,Non-electrified railway lines,NAR,Narrow gauge,BE,Belgium,1962,0,
RL_NELC,Non-electrified railway lines,NAR,Narrow gauge,BE,Belgium,2003,0,
RL_NELC,Non-electrified railway lines,NAR,Narrow gauge,BE,Belgium,2004,0,
RL_NELC,Non-electrified railway lines,NAR,Narrow gauge,BE,Belgium,2005,0,
RL_NELC,Non-electrified railway lines,NAR,Narrow gauge,BE,Belgium,2006,0,
RL_NELC,Non-electrified railway lines,NAR,Narrow gauge,BE,Belgium,2007,0,
RL_NELC,Non-electrified railway lines,NAR,Narrow gauge,BE,Belgium,2008,0,
RL_NELC,Non-electrified railway lines,NAR,Narrow gauge,BE,Belgium,2009,0,
RL_NELC,Non-electrified railway lines,NAR,Narrow gauge,BE,Belgium,2010,0,
RL_NELC,Non-electrified railway lines,NAR,Narrow gauge,BE,Belgium,2011,0,
RL_NELC,Non-electrified railway lines,NAR,Narrow gauge,BE,Belgium,2012,0,
RL_NELC,Non-electrified railway lines,NAR,Narrow gauge,BE,Belgium,2013,0,
RL_NELC,Non-electrified railway lines,NAR,Narrow gauge,BE,Belgium,2014,0,
RL_NELC,Non-electrified railway lines,NAR,Narrow gauge,BE,Belgium,2015,0,
RL_NELC,Non-electrified railway lines,NAR,Narrow gauge,BE,Belgium,2016,0,
RL_NELC,Non-electrified railway lines,NAR,Narrow gauge,BE,Belgium,2017,0,
RL_NELC,Non-electrified railway lines,NAR,Narrow gauge,BE,Belgium,2018,0,
RL_NELC,Non-electrified railway lines,NAR,Narrow gauge,BE,Belgium,2019,0,
RL_NELC,Non-electrified railway lines,NAR,Narrow gauge,BE,Belgium,2020,0,
RL_NELC,Non-electrified railway lines,NAR,Narrow gauge,BE,Belgium,2021,0,
RL_NELC,Non-electrified railway lines,NAR,Narrow gauge,BE,Belgium,2022,0,
RL_NELC,Non-electrified railway lines,NAR,Narrow gauge,BE,Belgium,2023,0,
RL_NELC,Non-electrified railway lines,NAR,Narrow gauge,BE,Belgium,2024,0,
RL_NELC,Non-electrified railway lines,NAR,Narrow gauge,BG,Bulgaria,1990,245,
RL_NELC,Non-electrified railway lines,NAR,Narrow gauge,BG,Bulgaria,1991,245,
RL_NELC,Non-electrified railway lines,NAR,Narrow gauge,BG,Bulgaria,1992,245,
RL_NELC,Non-electrified railway lines,NAR,Narrow gauge,BG,Bulgaria,1993,245,
RL_NELC,Non-electrified railway lines,NAR,Narrow gauge,BG,Bulgaria,1994,245,
RL_NELC,Non-electrified railway lines,NAR,Narrow gauge,BG,Bulgaria,1995,245,
RL_NELC,Non-electrified railway lines,NAR,Narrow gauge,BG,Bulgaria,1996,245,
RL_NELC,Non-electrified railway lines,NAR,Narrow gauge,BG,Bulgaria,1997,245,
RL_NELC,Non-electrified railway lines,NAR,Narrow gauge,BG,Bulgaria,1998,245,
RL_NELC,Non-electrified railway lines,NAR,Narrow gauge,BG,Bulgaria,1999,245,
RL_NELC,Non-electrified railway lines,NAR,Narrow gauge,BG,Bulgaria,2000,245,
RL_NELC,Non-electrified railway lines,NAR,Narrow gauge,BG,Bulgaria,2001,244.9,
RL_NELC,Non-electrified railway lines,NAR,Narrow gauge,BG,Bulgaria,2002,244.9,
RL_NELC,Non-electrified railway lines,NAR,Narrow gauge,BG,Bulgaria,2003,244.9,
RL_NELC,Non-electrified railway lines,NAR,Narrow gauge,BG,Bulgaria,2004,227.9,
RL_NELC,Non-electrified railway lines,NAR,Narrow gauge,BG,Bulgaria,2005,125,
RL_NELC,Non-electrified railway lines,NAR,Narrow gauge,BG,Bulgaria,2006,125,
RL_NELC,Non-electrified railway lines,NAR,Narrow gauge,BG,Bulgaria,2007,125,
RL_NELC,Non-electrified railway lines,NAR,Narrow gauge,BG,Bulgaria,2008,125,
RL_NELC,Non-electrified railway lines,NAR,Narrow gauge,BG,Bulgaria,2009,125,
RL_NELC,Non-electrified railway lines,NAR,Narrow gauge,BG,Bulgaria,2010,125,
RL_NELC,Non-electrified railway lines,NAR,Narrow gauge,BG,Bulgaria,2011,125,
RL_NELC,Non-electrified railway lines,NAR,Narrow gauge,BG,Bulgaria,2012,125,
RL_NELC,Non-electrified railway lines,NAR,Narrow gauge,BG,Bulgaria,2013,125,
RL_NELC,Non-electrified railway lines,NAR,Narrow gauge,BG,Bulgaria,2014,125,
RL_NELC,Non-electrified railway lines,NAR,Narrow gauge,BG,Bulgaria,2015,125,
RL_NELC,Non-electrified railway lines,NAR,Narrow gauge,BG,Bulgaria,2016,125,
RL_NELC,Non-electrified railway lines,NAR,Narrow gauge,BG,Bulgaria,2017,125,
RL_NELC,Non-electrified railway lines,NAR,Narrow gauge,BG,Bulgaria,2018,125,
RL_NELC,Non-electrified railway lines,NAR,Narrow gauge,BG,Bulgaria,2019,125,
RL_NELC,Non-electrified railway lines,NAR,Narrow gauge,BG,Bulgaria,2020,125,
RL_NELC,Non-electrified railway lines,NAR,Narrow gauge,BG,Bulgaria,2021,125,
RL_NELC,Non-electrified railway lines,NAR,Narrow gauge,BG,Bulgaria,2022,125,
RL_NELC,Non-electrified railway lines,NAR,Narrow gauge,BG,Bulgaria,2023,125,
RL_NELC,Non-electrified railway lines,NAR,Narrow gauge,BG,Bulgaria,2024,125,
RL_NELC,Non-electrified railway lines,NAR,Narrow gauge,CH,Switzerland,1990,0,i
RL_NELC,Non-electrified railway lines,NAR,Narrow gauge,CH,Switzerland,1991,0,i
RL_NELC,Non-electrified railway lines,NAR,Narrow gauge,CH,Switzerland,1992,0,i
RL_NELC,Non-electrified railway lines,NAR,Narrow gauge,CH,Switzerland,1993,0,i
RL_NELC,Non-electrified railway lines,NAR,Narrow gauge,CH,Switzerland,1994,0,i
RL_NELC,Non-electrified railway lines,NAR,Narrow gauge,CH,Switzerland,1995,0,i
RL_NELC,Non-electrified railway lines,NAR,Narrow gauge,CH,Switzerland,1996,0,i
RL_NELC,Non-electrified railway lines,NAR,Narrow gauge,CH,Switzerland,1997,0,i
RL_NELC,Non-electrified railway lines,NAR,Narrow gauge,CH,Switzerland,1998,0,i
RL_NELC,Non-electrified railway lines,NAR,Narrow gauge,CH,Switzerland,1999,0,i
RL_NELC,Non-electrified railway lines,NAR,Narrow gauge,CH,Switzerland,2000,0,i
RL_NELC,Non-electrified railway lines,NAR,Narrow gauge,CH,Switzerland,2001,0,i
RL_NELC,Non-electrified railway lines,NAR,Narrow gauge,CH,Switzerland,2002,0,i
RL_NELC,Non-electrified railway lines,NAR,Narrow gauge,CH,Switzerland,2003,0,i
RL_NELC,Non-electrified railway lines,NAR,Narrow gauge,CH,Switzerland,2004,0,i
RL_NELC,Non-electrified railway lines,NAR,Narrow gauge,CH,Switzerland,2005,0,i
RL_NELC,Non-electrified railway lines,NAR,Narrow gauge,CH,Switzerland,2006,0,i
RL_NELC,Non-electrified railway lines,NAR,Narrow gauge,CH,Switzerland,2007,0,i
RL_NELC,Non-electrified railway lines,NAR,Narrow gauge,CH,Switzerland,2008,0,i
RL_NELC,Non-electrified railway lines,NAR,Narrow gauge,CH,Switzerland,2009,0,i
RL_NELC,Non-electrified railway lines,NAR,Narrow gauge,CH,Switzerland,2010,0,i
RL_NELC,Non-electrified railway lines,NAR,Narrow gauge,CH,Switzerland,2011,0,i
RL_NELC,Non-electrified railway lines,NAR,Narrow gauge,CH,Switzerland,2012,0,i
RL_NELC,Non-electrified railway lines,NAR,Narrow gauge,CH,Switzerland,2013,0,i
RL_NELC,Non-electrified railway lines,NAR,Narrow gauge,CH,Switzerland,2014,0,i
RL_NELC,Non-electrified railway lines,NAR,Narrow gauge,CH,Switzerland,2015,0,i
RL_NELC,Non-electrified railway lines,NAR,Narrow gauge,CH,Switzerland,2016,0,i
RL_NELC,Non-electrified railway lines,NAR,Narrow gauge,CH,Switzerland,2017,0,i
RL_NELC,Non-electrified railway lines,NAR,Narrow gauge,CH,Switzerland,2018,0,i
RL_NELC,Non-electrified railway lines,NAR,Narrow gauge,CH,Switzerland,2019,0,i
RL_NELC,Non-electrified railway lines,NAR,Narrow gauge,CH,Switzerland,2020,0,
RL_NELC,Non-electrified railway lines,NAR,Narrow gauge,CH,Switzerland,2021,0,i
RL_NELC,Non-electrified railway lines,NAR,Narrow gauge,CH,Switzerland,2022,0,i
RL_NELC,Non-electrified railway lines,NAR,Narrow gauge,CH,Switzerland,2023,0,i
RL_NELC,Non-electrified railway lines,NAR,Narrow gauge,CH,Switzerland,2024,0,i
RL_NELC,Non-electrified railway lines,NAR,Narrow gauge,CZ,Czechia,1993,96,
RL_NELC,Non-electrified railway lines,NAR,Narrow gauge,CZ,Czechia,1994,94,
RL_NELC,Non-electrified railway lines,NAR,Narrow gauge,CZ,Czechia,1995,94,
RL_NELC,Non-electrified railway lines,NAR,Narrow gauge,CZ,Czechia,1996,94,
RL_NELC,Non-electrified railway lines,NAR,Narrow gauge,CZ,Czechia,1997,94,
RL_NELC,Non-electrified railway lines,NAR,Narrow gauge,CZ,Czechia,1998,94,
RL_NELC,Non-electrified railway lines,NAR,Narrow gauge,CZ,Czechia,1999,102,
RL_NELC,Non-electrified railway lines,NAR,Narrow gauge,CZ,Czechia,2000,102,
RL_NELC,Non-electrified railway lines,NAR,Narrow gauge,CZ,Czechia,2001,100,
RL_NELC,Non-electrified railway lines,NAR,Narrow gauge,CZ,Czechia,2002,100,
RL_NELC,Non-electrified railway lines,NAR,Narrow gauge,CZ,Czechia,2003,100,
RL_NELC,Non-electrified railway lines,NAR,Narrow gauge,CZ,Czechia,2004,99,
RL_NELC,Non-electrified railway lines,NAR,Narrow gauge,CZ,Czechia,2005,100,
RL_NELC,Non-electrified railway lines,NAR,Narrow gauge,CZ,Czechia,2006,100,
RL_NELC,Non-electrified railway lines,NAR,Narrow gauge,CZ,Czechia,2007,100,
RL_NELC,Non-electrified railway lines,NAR,Narrow gauge,CZ,Czechia,2008,100,
RL_NELC,Non-electrified railway lines,NAR,Narrow gauge,CZ,Czechia,2009,100,
RL_NELC,Non-electrified railway lines,NAR,Narrow gauge,CZ,Czechia,2010,102,
RL_NELC,Non-electrified railway lines,NAR,Narrow gauge,CZ,Czechia,2011,102,
RL_NELC,Non-electrified railway lines,NAR,Narrow gauge,CZ,Czechia,2012,102,
RL_NELC,Non-electrified railway lines,NAR,Narrow gauge,CZ,Czechia,2013,102,
RL_NELC,Non-electrified railway lines,NAR,Narrow gauge,CZ,Czechia,2014,102,
RL_NELC,Non-electrified railway lines,NAR,Narrow gauge,CZ,Czechia,2015,99,
RL_NELC,Non-electrified railway lines,NAR,Narrow gauge,CZ,Czechia,2016,99,
RL_NELC,Non-electrified railway lines,NAR,Narrow gauge,CZ,Czechia,2017,100,
RL_NELC,Non-electrified railway lines,NAR,Narrow gauge,CZ,Czechia,2018,102,
RL_NELC,Non-electrified railway lines,NAR,Narrow gauge,CZ,Czechia,2019,102,
RL_NELC,Non-electrified railway lines,NAR,Narrow gauge,CZ,Czechia,2020,102,
RL_NELC,Non-electrified railway lines,NAR,Narrow gauge,CZ,Czechia,2021,102,
RL_NELC,Non-electrified railway lines,NAR,Narrow gauge,CZ,Czechia,2022,102,
RL_NELC,Non-electrified railway lines,NAR,Narrow gauge,CZ,Czechia,2023,102,
RL_NELC,Non-electrified railway lines,NAR,Narrow gauge,CZ,Czechia,2024,102,
RL_NELC,Non-electrified railway lines,NAR,Narrow gauge,DE,Germany,1962,156,
RL_NELC,Non-electrified railway lines,NAR,Narrow gauge,DE,Germany,1992,279,
RL_NELC,Non-electrified railway lines,NAR,Narrow gauge,DE,Germany,1993,147,
RL_NELC,Non-electrified railway lines,NAR,Narrow gauge,DE,Germany,1994,145,
RL_NELC,Non-electrified railway lines,NAR,Narrow gauge,DE,Germany,1998,48,
RL_NELC,Non-electrified railway lines,NAR,Narrow gauge,DE,Germany,1999,49,
RL_NELC,Non-electrified railway lines,NAR,Narrow gauge,DE,Germany,2000,49.94,
RL_NELC,Non-electrified railway lines,NAR,Narrow gauge,DE,Germany,2001,48.6,
RL_NELC,Non-electrified railway lines,NAR,Narrow gauge,DE,Germany,2002,48.6,
RL_NELC,Non-electrified railway lines,NAR,Narrow gauge,DE,Germany,2010,306,i
RL_NELC,Non-electrified railway lines,NAR,Narrow gauge,DE,Germany,2011,306,i
RL_NELC,Non-electrified railway lines,NAR,Narrow gauge,DE,Germany,2012,306,i
RL_NELC,Non-electrified railway lines,NAR,Narrow gauge,DE,Germany,2013,301.985,i
RL_NELC,Non-electrified railway lines,NAR,Narrow gauge,DE,Germany,2014,303.312,i
RL_NELC,Non-electrified railway lines,NAR,Narrow gauge,DE,Germany,2015,306.562,i
RL_NELC,Non-electrified railway lines,NAR,Narrow gauge,DE,Germany,2016,305.649,i
RL_NELC,Non-electrified railway lines,NAR,Narrow gauge,DE,Germany,2017,312.615,i
RL_NELC,Non-electrified railway lines,NAR,Narrow gauge,DE,Germany,2018,313.345,i
RL_NELC,Non-electrified railway lines,NAR,Narrow gauge,DE,Germany,2019,315.087,i
RL_NELC,Non-electrified railway lines,NAR,Narrow gauge,DE,Germany,2020,293.523,i
RL_NELC,Non-electrified railway lines,NAR,Narrow gauge,DE,Germany,2021,287.1,i
RL_NELC,Non-electrified railway lines,NAR,Narrow gauge,DK,Denmark,1990,0,i
RL_NELC,Non-electrified railway lines,NAR,Narrow gauge,DK,Denmark,1991,0,i
RL_NELC,Non-electrified railway lines,NAR,Narrow gauge,DK,Denmark,1992,0,i
RL_NELC,Non-electrified railway lines,NAR,Narrow gauge,DK,Denmark,1993,0,i
RL_NELC,Non-electrified railway lines,NAR,Narrow gauge,DK,Denmark,1994,0,i
RL_NELC,Non-electrified railway lines,NAR,Narrow gauge,DK,Denmark,1995,0,i
RL_NELC,Non-electrified railway lines,NAR,Narrow gauge,DK,Denmark,1996,0,i
RL_NELC,Non-electrified railway lines,NAR,Narrow gauge,DK,Denmark,1997,0,i
RL_NELC,Non-electrified railway lines,NAR,Narrow gauge,DK,Denmark,1998,0,i
RL_NELC,Non-electrified railway lines,NAR,Narrow gauge,DK,Denmark,1999,0,i
RL_NELC,Non-electrified railway lines,NAR,Narrow gauge,DK,Denmark,2000,0,i
RL_NELC,Non-electrified railway lines,NAR,Narrow gauge,DK,Denmark,2001,0,i
RL_NELC,Non-electrified railway lines,NAR,Narrow gauge,DK,Denmark,2002,0,i
RL_NELC,Non-electrified railway lines,NAR,Narrow gauge,DK,Denmark,2003,0,i
RL_NELC,Non-electrified railway lines,NAR,Narrow gauge,DK,Denmark,2004,0,i
RL_NELC,Non-electrified railway lines,NAR,Narrow gauge,DK,Denmark,2005,0,i
RL_NELC,Non-electrified railway lines,NAR,Narrow gauge,DK,Denmark,2006,0,i
RL_NELC,Non-electrified railway lines,NAR,Narrow gauge,DK,Denmark,2007,0,i
RL_NELC,Non-electrified railway lines,NAR,Narrow gauge,DK,Denmark,2008,0,i
RL_NELC,Non-electrified railway lines,NAR,Narrow gauge,DK,Denmark,2009,0,i
RL_NELC,Non-electrified railway lines,NAR,Narrow gauge,DK,Denmark,2010,0,i
RL_NELC,Non-electrified railway lines,NAR,Narrow gauge,DK,Denmark,2011,0,i
RL_NELC,Non-electrified railway lines,NAR,Narrow gauge,DK,Denmark,2012,0,i
RL_NELC,Non-electrified railway lines,NAR,Narrow gauge,DK,Denmark,2013,0,
RL_NELC,Non-electrified railway lines,NAR,Narrow gauge,DK,Denmark,2014,0,
RL_NELC,Non-electrified railway lines,NAR,Narrow gauge,DK,Denmark,2015,0,
RL_NELC,Non-electrified railway lines,NAR,Narrow gauge,DK,Denmark,2016,0,
RL_NELC,Non-electrified railway lines,NAR,Narrow gauge,DK,Denmark,2017,0,
RL_NELC,Non-electrified railway lines,NAR,Narrow gauge,DK,Denmark,2018,0,
RL_NELC,Non-electrified railway lines,NAR,Narrow gauge,DK,Denmark,2019,0,
RL_NELC,Non-electrified railway lines,NAR,Narrow gauge,DK,Denmark,2020,0,
RL_NELC,Non-electrified railway lines,NAR,Narrow gauge,DK,Denmark,2021,0,
RL_NELC,Non-electrified railway lines,NAR,Narrow gauge,DK,Denmark,2022,0,
RL_NELC,Non-electrified railway lines,NAR,Narrow gauge,DK,Denmark,2023,0,
RL_NELC,Non-electrified railway lines,NAR,Narrow gauge,DK,Denmark,2024,0,
RL_NELC,Non-electrified railway lines,NAR,Narrow gauge,EE,Estonia,1990,0,
RL_NELC,Non-electrified railway lines,NAR,Narrow gauge,EE,Estonia,1991,0,
RL_NELC,Non-electrified railway lines,NAR,Narrow gauge,EE,Estonia,1992,0,
RL_NELC,Non-electrified railway lines,NAR,Narrow gauge,EE,Estonia,1993,0,
RL_NELC,Non-electrified railway lines,NAR,Narrow gauge,EE,Estonia,1994,0,
RL_NELC,Non-electrified railway lines,NAR,Narrow gauge,EE,Estonia,1995,0,
RL_NELC,Non-electrified railway lines,NAR,Narrow gauge,EE,Estonia,1996,0,
RL_NELC,Non-electrified railway lines,NAR,Narrow gauge,EE,Estonia,1997,0,
RL_NELC,Non-electrified railway lines,NAR,Narrow gauge,EE,Estonia,1998,0,
RL_NELC,Non-electrified railway lines,NAR,Narrow gauge,EE,Estonia,1999,0,
RL_NELC,Non-electrified railway lines,NAR,Narrow gauge,EE,Estonia,2000,0,
RL_NELC,Non-electrified railway lines,NAR,Narrow gauge,EE,Estonia,2001,0,
RL_NELC,Non-electrified railway lines,NAR,Narrow gauge,EE,Estonia,2002,0,
RL_NELC,Non-electrified railway lines,NAR,Narrow gauge,EE,Estonia,2003,0,
RL_NELC,Non-electrified railway lines,NAR,Narrow gauge,EE,Estonia,2004,0,
RL_NELC,Non-electrified railway lines,NAR,Narrow gauge,EE,Estonia,2005,0,
RL_NELC,Non-electrified railway lines,NAR,Narrow gauge,EE,Estonia,2006,0,
RL_NELC,Non-electrified railway lines,NAR,Narrow gauge,EE,Estonia,2007,0,
RL_NELC,Non-electrified railway lines,NAR,Narrow gauge,EE,Estonia,2008,0,
RL_NELC,Non-electrified railway lines,NAR,Narrow gauge,EE,Estonia,2009,0,
RL_NELC,Non-electrified railway lines,NAR,Narrow gauge,EE,Estonia,2010,0,
RL_NELC,Non-electrified railway lines,NAR,Narrow gauge,EE,Estonia,2011,0,
RL_NELC,Non-electrified railway lines,NAR,Narrow gauge,EE,Estonia,2012,0,
RL_NELC,Non-electrified railway lines,NAR,Narrow gauge,EE,Estonia,2013,0,
RL_NELC,Non-electrified railway lines,NAR,Narrow gauge,EE,Estonia,2014,0,
RL_NELC,Non-electrified railway lines,NAR,Narrow gauge,EE,Estonia,2015,0,
RL_NELC,Non-electrified railway lines,NAR,Narrow gauge,EE,Estonia,2016,0,
RL_NELC,Non-electrified railway lines,NAR,Narrow gauge,EE,Estonia,2017,0,
RL_NELC,Non-electrified railway lines,NAR,Narrow gauge,EE,Estonia,2018,0,
RL_NELC,Non-electrified railway lines,NAR,Narrow gauge,EE,Estonia,2019,0,
RL_NELC,Non-electrified railway lines,NAR,Narrow gauge,EE,Estonia,2020,0,
RL_NELC,Non-electrified railway lines,NAR,Narrow gauge,EE,Estonia,2021,0,
RL_NELC,Non-electrified railway lines,NAR,Narrow gauge,EE,Estonia,2022,0,
RL_NELC,Non-electrified railway lines,NAR,Narrow gauge,EE,Estonia,2023,0,
RL_NELC,Non-electrified railway lines,NAR,Narrow gauge,EE,Estonia,2024,0,
RL_NELC,Non-electrified railway lines,NAR,Narrow gauge,EL,Greece,1990,919,
RL_NELC,Non-electrified railway lines,NAR,Narrow gauge,EL,Greece,1991,919,
RL_NELC,Non-electrified railway lines,NAR,Narrow gauge,EL,Greece,1992,919,
RL_NELC,Non-electrified railway lines,NAR,Narrow gauge,EL,Greece,1993,909,
RL_NELC,Non-electrified railway lines,NAR,Narrow gauge,EL,Greece,1994,909,
RL_NELC,Non-electrified railway lines,NAR,Narrow gauge,EL,Greece,1995,909,
RL_NELC,Non-electrified railway lines,NAR,Narrow gauge,EL,Greece,1996,909,
RL_NELC,Non-electrified railway lines,NAR,Narrow gauge,EL,Greece,1997,938,
RL_NELC,Non-electrified railway lines,NAR,Narrow gauge,EL,Greece,1998,938,
RL_NELC,Non-electrified railway lines,NAR,Narrow gauge,EL,Greece,1999,734,
RL_NELC,Non-electrified railway lines,NAR,Narrow gauge,EL,Greece,2000,734,
RL_NELC,Non-electrified railway lines,NAR,Narrow gauge,EL,Greece,2001,734,
RL_NELC,Non-electrified railway lines,NAR,Narrow gauge,EL,Greece,2002,740,
RL_NELC,Non-electrified railway lines,NAR,Narrow gauge,EL,Greece,2003,758,
RL_NELC,Non-electrified railway lines,NAR,Narrow gauge,EL,Greece,2004,763,
RL_NELC,Non-electrified railway lines,NAR,Narrow gauge,EL,Greece,2005,750,
RL_NELC,Non-electrified railway lines,NAR,Narrow gauge,EL,Greece,2006,751,
RL_NELC,Non-electrified railway lines,NAR,Narrow gauge,EL,Greece,2007,773,
RL_NELC,Non-electrified railway lines,NAR,Narrow gauge,EL,Greece,2008,773,
RL_NELC,Non-electrified railway lines,NAR,Narrow gauge,EL,Greece,2009,772,
RL_NELC,Non-electrified railway lines,NAR,Narrow gauge,EL,Greece,2010,772,
RL_NELC,Non-electrified railway lines,NAR,Narrow gauge,EL,Greece,2011,772,
RL_NELC,Non-electrified railway lines,NAR,Narrow gauge,EL,Greece,2012,772,
RL_NELC,Non-electrified railway lines,NAR,Narrow gauge,EL,Greece,2013,747,
RL_NELC,Non-electrified railway lines,NAR,Narrow gauge,EL,Greece,2014,431,
RL_NELC,Non-electrified railway lines,NAR,Narrow gauge,EL,Greece,2015,460,
RL_NELC,Non-electrified railway lines,NAR,Narrow gauge,EL,Greece,2016,431,
RL_NELC,Non-electrified railway lines,NAR,Narrow gauge,EL,Greece,2017,431,
RL_NELC,Non-electrified railway lines,NAR,Narrow gauge,EL,Greece,2018,431,
RL_NELC,Non-electrified railway lines,NAR,Narrow gauge,EL,Greece,2019,431,
RL_NELC,Non-electrified railway lines,NAR,Narrow gauge,EL,Greece,2020,431,
RL_NELC,Non-electrified railway lines,NAR,Narrow gauge,EL,Greece,2021,419,
RL_NELC,Non-electrified railway lines,NAR,Narrow gauge,EL,Greece,2022,100,
RL_NELC,Non-electrified railway lines,NAR,Narrow gauge,EL,Greece,2023,84,
RL_NELC,Non-electrified railway lines,NAR,Narrow gauge,EL,Greece,2024,100,
RL_NELC,Non-electrified railway lines,NAR,Narrow gauge,ES,Spain,1990,1750,
RL_NELC,Non-electrified railway lines,NAR,Narrow gauge,ES,Spain,1991,1715,
RL_NELC,Non-electrified railway lines,NAR,Narrow gauge,ES,Spain,1992,1680,
RL_NELC,Non-electrified railway lines,NAR,Narrow gauge,ES,Spain,1993,1645,
RL_NELC,Non-electrified railway lines,NAR,Narrow gauge,ES,Spain,1994,1610,
RL_NELC,Non-electrified railway lines,NAR,Narrow gauge,ES,Spain,1995,1575,
RL_NELC,Non-electrified railway lines,NAR,Narrow gauge,ES,Spain,1996,1540,
RL_NELC,Non-electrified railway lines,NAR,Narrow gauge,ES,Spain,1997,1505,
RL_NELC,Non-electrified railway lines,NAR,Narrow gauge,ES,Spain,1998,1470,
RL_NELC,Non-electrified railway lines,NAR,Narrow gauge,ES,Spain,1999,1435,
RL_NELC,Non-electrified railway lines,NAR,Narrow gauge,ES,Spain,2000,1400,
RL_NELC,Non-electrified railway lines,NAR,Narrow gauge,ES,Spain,2001,1351,
RL_NELC,Non-electrified railway lines,NAR,Narrow gauge,ES,Spain,2002,1310,
RL_NELC,Non-electrified railway lines,NAR,Narrow gauge,ES,Spain,2003,1269,
RL_NELC,Non-electrified railway lines,NAR,Narrow gauge,ES,Spain,2004,1228,
RL_NELC,Non-electrified railway lines,NAR,Narrow gauge,ES,Spain,2005,1187,
RL_NELC,Non-electrified railway lines,NAR,Narrow gauge,ES,Spain,2006,1146,
RL_NELC,Non-electrified railway lines,NAR,Narrow gauge,ES,Spain,2007,1105,
RL_NELC,Non-electrified railway lines,NAR,Narrow gauge,ES,Spain,2008,1064,
RL_NELC,Non-electrified railway lines,NAR,Narrow gauge,ES,Spain,2009,1023,
RL_NELC,Non-electrified railway lines,NAR,Narrow gauge,ES,Spain,2010,982,
RL_NELC,Non-electrified railway lines,NAR,Narrow gauge,ES,Spain,2011,941,
RL_NELC,Non-electrified railway lines,NAR,Narrow gauge,ES,Spain,2012,900,
RL_NELC,Non-electrified railway lines,NAR,Narrow gauge,ES,Spain,2013,861,
RL_NELC,Non-electrified railway lines,NAR,Narrow gauge,ES,Spain,2014,861,
RL_NELC,Non-electrified railway lines,NAR,Narrow gauge,ES,Spain,2015,807,
RL_NELC,Non-electrified railway lines,NAR,Narrow gauge,ES,Spain,2016,940,
RL_NELC,Non-electrified railway lines,NAR,Narrow gauge,ES,Spain,2017,944,
RL_NELC,Non-electrified railway lines,NAR,Narrow gauge,ES,Spain,2018,913,
RL_NELC,Non-electrified railway lines,NAR,Narrow gauge,ES,Spain,2019,912.831,
RL_NELC,Non-electrified railway lines,NAR,Narrow gauge,ES,Spain,2020,912.831,
RL_NELC,Non-electrified railway lines,NAR,Narrow gauge,ES,Spain,2021,912.831,
RL_NELC,Non-electrified railway lines,NAR,Narrow gauge,ES,Spain,2022,912.831,
RL_NELC,Non-electrified railway lines,NAR,Narrow gauge,ES,Spain,2023,912.831,
RL_NELC,Non-electrified railway lines,NAR,Narrow gauge,ES,Spain,2024,912.831,
RL_NELC,Non-electrified railway lines,NAR,Narrow gauge,EU27_2020,European Union - 27 countries (from 2020),2010,3319.8,
RL_NELC,Non-electrified railway lines,NAR,Narrow gauge,EU27_2020,European Union - 27 countries (from 2020),2012,3181.9,
RL_NELC,Non-electrified railway lines,NAR,Narrow gauge,EU27_2020,European Union - 27 countries (from 2020),2013,3184.785,
RL_NELC,Non-electrified railway lines,NAR,Narrow gauge,EU27_2020,European Union - 27 countries (from 2020),2014,2703.002,
RL_NELC,Non-electrified railway lines,NAR,Narrow gauge,EU27_2020,European Union - 27 countries (from 2020),2015,2677.062,
RL_NELC,Non-electrified railway lines,NAR,Narrow gauge,EU27_2020,European Union - 27 countries (from 2020),2016,2994.549,
RL_NELC,Non-electrified railway lines,NAR,Narrow gauge,EU27_2020,European Union - 27 countries (from 2020),2017,2934.555,
RL_NELC,Non-electrified railway lines,NAR,Narrow gauge,EU27_2020,European Union - 27 countries (from 2020),2018,2894.285,
RL_NELC,Non-electrified railway lines,NAR,Narrow gauge,EU27_2020,European Union - 27 countries (from 2020),2019,2956.188,
RL_NELC,Non-electrified railway lines,NAR,Narrow gauge,EU27_2020,European Union - 27 countries (from 2020),2020,2981.624,
RL_NELC,Non-electrified railway lines,NAR,Narrow gauge,EU27_2020,European Union - 27 countries (from 2020),2021,2948.199,
RL_NELC,Non-electrified railway lines,NAR,Narrow gauge,EU27_2020,European Union - 27 countries (from 2020),2022,2649.299,
RL_NELC,Non-electrified railway lines,NAR,Narrow gauge,EU27_2020,European Union - 27 countries (from 2020),2023,2321.499,
RL_NELC,Non-electrified railway lines,NAR,Narrow gauge,EU27_2020,European Union - 27 countries (from 2020),2024,2337.499,
RL_NELC,Non-electrified railway lines,NAR,Narrow gauge,FI,Finland,2008,0,
RL_NELC,Non-electrified railway lines,NAR,Narrow gauge,FI,Finland,2009,0,
RL_NELC,Non-electrified railway lines,NAR,Narrow gauge,FI,Finland,2010,0,
RL_NELC,Non-electrified railway lines,NAR,Narrow gauge,FI,Finland,2012,0,
RL_NELC,Non-electrified railway lines,NAR,Narrow gauge,FI,Finland,2013,0,
RL_NELC,Non-electrified railway lines,NAR,Narrow gauge,FI,Finland,2014,0,
RL_NELC,Non-electrified railway lines,NAR,Narrow gauge,FI,Finland,2015,0,
RL_NELC,Non-electrified railway lines,NAR,Narrow gauge,FI,Finland,2016,0,
RL_NELC,Non-electrified railway lines,NAR,Narrow gauge,FI,Finland,2017,0,
RL_NELC,Non-electrified railway lines,NAR,Narrow gauge,FI,Finland,2018,0,
RL_NELC,Non-electrified railway lines,NAR,Narrow gauge,FI,Finland,2019,0,
RL_NELC,Non-electrified railway lines,NAR,Narrow gauge,FI,Finland,2020,0,
RL_NELC,Non-electrified railway lines,NAR,Narrow gauge,FI,Finland,2021,0,
RL_NELC,Non-electrified railway lines,NAR,Narrow gauge,FI,Finland,2022,0,
RL_NELC,Non-electrified railway lines,NAR,Narrow gauge,FI,Finland,2023,0,
RL_NELC,Non-electrified railway lines,NAR,Narrow gauge,FI,Finland,2024,0,
RL_NELC,Non-electrified railway lines,NAR,Narrow gauge,FR,France,1962,616,
RL_NELC,Non-electrified railway lines,NAR,Narrow gauge,FR,France,1990,450,
RL_NELC,Non-electrified railway lines,NAR,Narrow gauge,FR,France,1991,450,
RL_NELC,Non-electrified railway lines,NAR,Narrow gauge,FR,France,1992,450,
RL_NELC,Non-electrified railway lines,NAR,Narrow gauge,FR,France,1993,450,
RL_NELC,Non-electrified railway lines,NAR,Narrow gauge,FR,France,1994,450,
RL_NELC,Non-electrified railway lines,NAR,Narrow gauge,FR,France,1995,450,
RL_NELC,Non-electrified railway lines,NAR,Narrow gauge,FR,France,1996,450,
RL_NELC,Non-electrified railway lines,NAR,Narrow gauge,FR,France,1997,450,
RL_NELC,Non-electrified railway lines,NAR,Narrow gauge,FR,France,1998,451,
RL_NELC,Non-electrified railway lines,NAR,Narrow gauge,FR,France,1999,451,
RL_NELC,Non-electrified railway lines,NAR,Narrow gauge,FR,France,2000,451,
RL_NELC,Non-electrified railway lines,NAR,Narrow gauge,FR,France,2001,451,
RL_NELC,Non-electrified railway lines,NAR,Narrow gauge,FR,France,2002,451,
RL_NELC,Non-electrified railway lines,NAR,Narrow gauge,FR,France,2003,450,
RL_NELC,Non-electrified railway lines,NAR,Narrow gauge,FR,France,2004,450,
RL_NELC,Non-electrified railway lines,NAR,Narrow gauge,FR,France,2005,450,
RL_NELC,Non-electrified railway lines,NAR,Narrow gauge,FR,France,2006,450,
RL_NELC,Non-electrified railway lines,NAR,Narrow gauge,FR,France,2007,450,
RL_NELC,Non-electrified railway lines,NAR,Narrow gauge,FR,France,2008,451,
RL_NELC,Non-electrified railway lines,NAR,Narrow gauge,FR,France,2009,452,
RL_NELC,Non-electrified railway lines,NAR,Narrow gauge,FR,France,2010,452,
RL_NELC,Non-electrified railway lines,NAR,Narrow gauge,FR,France,2011,452,
RL_NELC,Non-electrified railway lines,NAR,Narrow gauge,FR,France,2012,452,
RL_NELC,Non-electrified railway lines,NAR,Narrow gauge,FR,France,2013,452,
RL_NELC,Non-electrified railway lines,NAR,Narrow gauge,FR,France,2014,451,
RL_NELC,Non-electrified railway lines,NAR,Narrow gauge,FR,France,2015,451,
RL_NELC,Non-electrified railway lines,NAR,Narrow gauge,FR,France,2016,450,
RL_NELC,Non-electrified railway lines,NAR,Narrow gauge,FR,France,2017,450,
RL_NELC,Non-electrified railway lines,NAR,Narrow gauge,FR,France,2018,450,
RL_NELC,Non-electrified railway lines,NAR,Narrow gauge,FR,France,2019,449,
RL_NELC,Non-electrified railway lines,NAR,Narrow gauge,FR,France,2020,450,
RL_NELC,Non-electrified railway lines,NAR,Narrow gauge,FR,France,2021,450,
RL_NELC,Non-electrified railway lines,NAR,Narrow gauge,FR,France,2022,450,
RL_NELC,Non-electrified railway lines,NAR,Narrow gauge,FR,France,2023,450,
RL_NELC,Non-electrified railway lines,NAR,Narrow gauge,FR,France,2024,450,
RL_NELC,Non-electrified railway lines,NAR,Narrow gauge,GE,Georgia,1995,0,
RL_NELC,Non-electrified railway lines,NAR,Narrow gauge,GE,Georgia,1996,0,
RL_NELC,Non-electrified railway lines,NAR,Narrow gauge,GE,Georgia,1997,0,
RL_NELC,Non-electrified railway lines,NAR,Narrow gauge,GE,Georgia,1998,0,
RL_NELC,Non-electrified railway lines,NAR,Narrow gauge,GE,Georgia,1999,0,
RL_NELC,Non-electrified railway lines,NAR,Narrow gauge,GE,Georgia,2012,0,
RL_NELC,Non-electrified railway lines,NAR,Narrow gauge,GE,Georgia,2013,0,
RL_NELC,Non-electrified railway lines,NAR,Narrow gauge,GE,Georgia,2014,0,
RL_NELC,Non-electrified railway lines,NAR,Narrow gauge,GE,Georgia,2015,0,
RL_NELC,Non-electrified railway lines,NAR,Narrow gauge,GE,Georgia,2016,0,
RL_NELC,Non-electrified railway lines,NAR,Narrow gauge,GE,Georgia,2017,0,
RL_NELC,Non-electrified railway lines,NAR,Narrow gauge,GE,Georgia,2018,0,
RL_NELC,Non-electrified railway lines,NAR,Narrow gauge,GE,Georgia,2019,0,
RL_NELC,Non-electrified railway lines,NAR,Narrow gauge,GE,Georgia,2020,0,
RL_NELC,Non-electrified railway lines,NAR,Narrow gauge,GE,Georgia,2021,0,
RL_NELC,Non-electrified railway lines,NAR,Narrow gauge,GE,Georgia,2022,0,
RL_NELC,Non-electrified railway lines,NAR,Narrow gauge,GE,Georgia,2023,0,
RL_NELC,Non-electrified railway lines,NAR,Narrow gauge,GE,Georgia,2024,0,
RL_NELC,Non-electrified railway lines,NAR,Narrow gauge,HR,Croatia,2008,0,
RL_NELC,Non-electrified railway lines,NAR,Narrow gauge,HR,Croatia,2009,0,
RL_NELC,Non-electrified railway lines,NAR,Narrow gauge,HR,Croatia,2010,0,
RL_NELC,Non-electrified railway lines,NAR,Narrow gauge,HR,Croatia,2011,0,
RL_NELC,Non-electrified railway lines,NAR,Narrow gauge,HR,Croatia,2012,0,
RL_NELC,Non-electrified railway lines,NAR,Narrow gauge,HR,Croatia,2013,0,
RL_NELC,Non-electrified railway lines,NAR,Narrow gauge,HR,Croatia,2014,0,
RL_NELC,Non-electrified railway lines,NAR,Narrow gauge,HR,Croatia,2015,0,
RL_NELC,Non-electrified railway lines,NAR,Narrow gauge,HR,Croatia,2016,0,
RL_NELC,Non-electrified railway lines,NAR,Narrow gauge,HR,Croatia,2017,0,
RL_NELC,Non-electrified railway lines,NAR,Narrow gauge,HR,Croatia,2018,0,
RL_NELC,Non-electrified railway lines,NAR,Narrow gauge,HR,Croatia,2019,0,
RL_NELC,Non-electrified railway lines,NAR,Narrow gauge,HR,Croatia,2020,0,
RL_NELC,Non-electrified railway lines,NAR,Narrow gauge,HR,Croatia,2021,0,
RL_NELC,Non-electrified railway lines,NAR,Narrow gauge,HR,Croatia,2022,0,
RL_NELC,Non-electrified railway lines,NAR,Narrow gauge,HR,Croatia,2023,0,
RL_NELC,Non-electrified railway lines,NAR,Narrow gauge,HR,Croatia,2024,0,
RL_NELC,Non-electrified railway lines,NAR,Narrow gauge,HU,Hungary,1990,226,
RL_NELC,Non-electrified railway lines,NAR,Narrow gauge,HU,Hungary,1991,222,
RL_NELC,Non-electrified railway lines,NAR,Narrow gauge,HU,Hungary,1992,176,
RL_NELC,Non-electrified railway lines,NAR,Narrow gauge,HU,Hungary,1993,176,
RL_NELC,Non-electrified railway lines,NAR,Narrow gauge,HU,Hungary,1994,176,
RL_NELC,Non-electrified railway lines,NAR,Narrow gauge,HU,Hungary,1995,176,
RL_NELC,Non-electrified railway lines,NAR,Narrow gauge,HU,Hungary,1996,176,
RL_NELC,Non-electrified railway lines,NAR,Narrow gauge,HU,Hungary,1997,176,
RL_NELC,Non-electrified railway lines,NAR,Narrow gauge,HU,Hungary,1998,212,
RL_NELC,Non-electrified railway lines,NAR,Narrow gauge,HU,Hungary,1999,212,
RL_NELC,Non-electrified railway lines,NAR,Narrow gauge,HU,Hungary,2000,212,
RL_NELC,Non-electrified railway lines,NAR,Narrow gauge,HU,Hungary,2001,212,
RL_NELC,Non-electrified railway lines,NAR,Narrow gauge,HU,Hungary,2002,212,
RL_NELC,Non-electrified railway lines,NAR,Narrow gauge,HU,Hungary,2003,211,
RL_NELC,Non-electrified railway lines,NAR,Narrow gauge,HU,Hungary,2004,212,
RL_NELC,Non-electrified railway lines,NAR,Narrow gauge,HU,Hungary,2005,212,
RL_NELC,Non-electrified railway lines,NAR,Narrow gauge,HU,Hungary,2006,212,
RL_NELC,Non-electrified railway lines,NAR,Narrow gauge,HU,Hungary,2007,194,
RL_NELC,Non-electrified railway lines,NAR,Narrow gauge,HU,Hungary,2008,194,
RL_NELC,Non-electrified railway lines,NAR,Narrow gauge,HU,Hungary,2009,277,
RL_NELC,Non-electrified railway lines,NAR,Narrow gauge,HU,Hungary,2010,40,
RL_NELC,Non-electrified railway lines,NAR,Narrow gauge,HU,Hungary,2011,88.1,
RL_NELC,Non-electrified railway lines,NAR,Narrow gauge,HU,Hungary,2012,88.6,
RL_NELC,Non-electrified railway lines,NAR,Narrow gauge,HU,Hungary,2013,205.5,
RL_NELC,Non-electrified railway lines,NAR,Narrow gauge,HU,Hungary,2014,111.19,
RL_NELC,Non-electrified railway lines,NAR,Narrow gauge,HU,Hungary,2015,111,
RL_NELC,Non-electrified railway lines,NAR,Narrow gauge,HU,Hungary,2016,336,
RL_NELC,Non-electrified railway lines,NAR,Narrow gauge,HU,Hungary,2017,264,
RL_NELC,Non-electrified railway lines,NAR,Narrow gauge,HU,Hungary,2018,254,
RL_NELC,Non-electrified railway lines,NAR,Narrow gauge,HU,Hungary,2019,263,
RL_NELC,Non-electrified railway lines,NAR,Narrow gauge,HU,Hungary,2020,309,
RL_NELC,Non-electrified railway lines,NAR,Narrow gauge,HU,Hungary,2021,294,
RL_NELC,Non-electrified railway lines,NAR,Narrow gauge,HU,Hungary,2022,312,
RL_NELC,Non-electrified railway lines,NAR,Narrow gauge,HU,Hungary,2023,0,
RL_NELC,Non-electrified railway lines,NAR,Narrow gauge,HU,Hungary,2024,0,
RL_NELC,Non-electrified railway lines,NAR,Narrow gauge,IE,Ireland,1990,0,
RL_NELC,Non-electrified railway lines,NAR,Narrow gauge,IE,Ireland,1991,0,
RL_NELC,Non-electrified railway lines,NAR,Narrow gauge,IE,Ireland,1992,0,
RL_NELC,Non-electrified railway lines,NAR,Narrow gauge,IE,Ireland,1993,0,
RL_NELC,Non-electrified railway lines,NAR,Narrow gauge,IE,Ireland,1994,0,
RL_NELC,Non-electrified railway lines,NAR,Narrow gauge,IE,Ireland,1995,0,
RL_NELC,Non-electrified railway lines,NAR,Narrow gauge,IE,Ireland,1996,0,
RL_NELC,Non-electrified railway lines,NAR,Narrow gauge,IE,Ireland,1997,0,
RL_NELC,Non-electrified railway lines,NAR,Narrow gauge,IE,Ireland,1998,0,
RL_NELC,Non-electrified railway lines,NAR,Narrow gauge,IE,Ireland,1999,0,
RL_NELC,Non-electrified railway lines,NAR,Narrow gauge,IE,Ireland,2000,0,
RL_NELC,Non-electrified railway lines,NAR,Narrow gauge,IE,Ireland,2001,0,
RL_NELC,Non-electrified railway lines,NAR,Narrow gauge,IE,Ireland,2002,0,
RL_NELC,Non-electrified railway lines,NAR,Narrow gauge,IE,Ireland,2003,0,
RL_NELC,Non-electrified railway lines,NAR,Narrow gauge,IE,Ireland,2004,0,
RL_NELC,Non-electrified railway lines,NAR,Narrow gauge,IE,Ireland,2005,0,
RL_NELC,Non-electrified railway lines,NAR,Narrow gauge,IE,Ireland,2006,0,
RL_NELC,Non-electrified railway lines,NAR,Narrow gauge,IE,Ireland,2007,0,
RL_NELC,Non-electrified railway lines,NAR,Narrow gauge,IE,Ireland,2008,0,
RL_NELC,Non-electrified railway lines,NAR,Narrow gauge,IE,Ireland,2009,0,
RL_NELC,Non-electrified railway lines,NAR,Narrow gauge,IE,Ireland,2010,0,
RL_NELC,Non-electrified railway lines,NAR,Narrow gauge,IE,Ireland,2011,0,
RL_NELC,Non-electrified railway lines,NAR,Narrow gauge,IE,Ireland,2012,0,
RL_NELC,Non-electrified railway lines,NAR,Narrow gauge,IE,Ireland,2013,0,
RL_NELC,Non-electrified railway lines,NAR,Narrow gauge,IE,Ireland,2014,0,
RL_NELC,Non-electrified railway lines,NAR,Narrow gauge,IE,Ireland,2015,0,
RL_NELC,Non-electrified railway lines,NAR,Narrow gauge,IE,Ireland,2016,0,
RL_NELC,Non-electrified railway lines,NAR,Narrow gauge,IE,Ireland,2017,0,
RL_NELC,Non-electrified railway lines,NAR,Narrow gauge,IE,Ireland,2018,0,
RL_NELC,Non-electrified railway lines,NAR,Narrow gauge,IE,Ireland,2019,0,
RL_NELC,Non-electrified railway lines,NAR,Narrow gauge,IE,Ireland,2020,0,
RL_NELC,Non-electrified railway lines,NAR,Narrow gauge,IE,Ireland,2021,0,
RL_NELC,Non-electrified railway lines,NAR,Narrow gauge,IE,Ireland,2022,0,
RL_NELC,Non-electrified railway lines,NAR,Narrow gauge,IE,Ireland,2023,0,i
RL_NELC,Non-electrified railway lines,NAR,Narrow gauge,IE,Ireland,2024,0,
RL_NELC,Non-electrified railway lines,NAR,Narrow gauge,IT,Italy,1962,235,
RL_NELC,Non-electrified railway lines,NAR,Narrow gauge,IT,Italy,1990,0,
RL_NELC,Non-electrified railway lines,NAR,Narrow gauge,IT,Italy,1991,0,
RL_NELC,Non-electrified railway lines,NAR,Narrow gauge,IT,Italy,1992,0,
RL_NELC,Non-electrified railway lines,NAR,Narrow gauge,IT,Italy,1993,0,
RL_NELC,Non-electrified railway lines,NAR,Narrow gauge,IT,Italy,1994,0,
RL_NELC,Non-electrified railway lines,NAR,Narrow gauge,IT,Italy,1995,0,
RL_NELC,Non-electrified railway lines,NAR,Narrow gauge,IT,Italy,1996,0,
RL_NELC,Non-electrified railway lines,NAR,Narrow gauge,IT,Italy,1997,0,
RL_NELC,Non-electrified railway lines,NAR,Narrow gauge,IT,Italy,1998,0,
RL_NELC,Non-electrified railway lines,NAR,Narrow gauge,IT,Italy,1999,0,
RL_NELC,Non-electrified railway lines,NAR,Narrow gauge,IT,Italy,2000,0,
RL_NELC,Non-electrified railway lines,NAR,Narrow gauge,IT,Italy,2001,0,
RL_NELC,Non-electrified railway lines,NAR,Narrow gauge,IT,Italy,2002,0,
RL_NELC,Non-electrified railway lines,NAR,Narrow gauge,IT,Italy,2003,0,
RL_NELC,Non-electrified railway lines,NAR,Narrow gauge,IT,Italy,2004,0,
RL_NELC,Non-electrified railway lines,NAR,Narrow gauge,IT,Italy,2005,0,
RL_NELC,Non-electrified railway lines,NAR,Narrow gauge,IT,Italy,2006,0,
RL_NELC,Non-electrified railway lines,NAR,Narrow gauge,IT,Italy,2007,0,
RL_NELC,Non-electrified railway lines,NAR,Narrow gauge,IT,Italy,2008,0,
RL_NELC,Non-electrified railway lines,NAR,Narrow gauge,IT,Italy,2009,0,
RL_NELC,Non-electrified railway lines,NAR,Narrow gauge,IT,Italy,2010,0,
RL_NELC,Non-electrified railway lines,NAR,Narrow gauge,IT,Italy,2011,0,
RL_NELC,Non-electrified railway lines,NAR,Narrow gauge,IT,Italy,2012,0,
RL_NELC,Non-electrified railway lines,NAR,Narrow gauge,IT,Italy,2013,0,
RL_NELC,Non-electrified railway lines,NAR,Narrow gauge,IT,Italy,2014,0,
RL_NELC,Non-electrified railway lines,NAR,Narrow gauge,IT,Italy,2015,0,
RL_NELC,Non-electrified railway lines,NAR,Narrow gauge,IT,Italy,2016,0,
RL_NELC,Non-electrified railway lines,NAR,Narrow gauge,IT,Italy,2017,0,
RL_NELC,Non-electrified railway lines,NAR,Narrow gauge,IT,Italy,2018,0,
RL_NELC,Non-electrified railway lines,NAR,Narrow gauge,IT,Italy,2019,0,
RL_NELC,Non-electrified railway lines,NAR,Narrow gauge,IT,Italy,2020,0,
RL_NELC,Non-electrified railway lines,NAR,Narrow gauge,IT,Italy,2021,0,
RL_NELC,Non-electrified railway lines,NAR,Narrow gauge,IT,Italy,2022,0,
RL_NELC,Non-electrified railway lines,NAR,Narrow gauge,IT,Italy,2023,0,
RL_NELC,Non-electrified railway lines,NAR,Narrow gauge,IT,Italy,2024,0,
RL_NELC,Non-electrified railway lines,NAR,Narrow gauge,LI,Liechtenstein,2013,0,
RL_NELC,Non-electrified railway lines,NAR,Narrow gauge,LI,Liechtenstein,2014,0,
RL_NELC,Non-electrified railway lines,NAR,Narrow gauge,LI,Liechtenstein,2015,0,
RL_NELC,Non-electrified railway lines,NAR,Narrow gauge,LI,Liechtenstein,2016,0,
RL_NELC,Non-electrified railway lines,NAR,Narrow gauge,LI,Liechtenstein,2017,0,
RL_NELC,Non-electrified railway lines,NAR,Narrow gauge,LI,Liechtenstein,2018,0,
RL_NELC,Non-electrified railway lines,NAR,Narrow gauge,LI,Liechtenstein,2019,0,
RL_NELC,Non-electrified railway lines,NAR,Narrow gauge,LI,Liechtenstein,2020,0,
RL_NELC,Non-electrified railway lines,NAR,Narrow gauge,LI,Liechtenstein,2021,0,
RL_NELC,Non-electrified railway lines,NAR,Narrow gauge,LI,Liechtenstein,2022,0,
RL_NELC,Non-electrified railway lines,NAR,Narrow gauge,LI,Liechtenstein,2023,0,
RL_NELC,Non-electrified railway lines,NAR,Narrow gauge,LI,Liechtenstein,2024,0,
RL_NELC,Non-electrified railway lines,NAR,Narrow gauge,LT,Lithuania,1992,168.8,
RL_NELC,Non-electrified railway lines,NAR,Narrow gauge,LT,Lithuania,1993,168.8,
RL_NELC,Non-electrified railway lines,NAR,Narrow gauge,LT,Lithuania,1994,168.8,
RL_NELC,Non-electrified railway lines,NAR,Narrow gauge,LT,Lithuania,1995,168.8,
RL_NELC,Non-electrified railway lines,NAR,Narrow gauge,LT,Lithuania,1996,168.8,
RL_NELC,Non-electrified railway lines,NAR,Narrow gauge,LT,Lithuania,1997,168.8,
RL_NELC,Non-electrified railway lines,NAR,Narrow gauge,LT,Lithuania,1998,169,
RL_NELC,Non-electrified railway lines,NAR,Narrow gauge,LT,Lithuania,1999,76,
RL_NELC,Non-electrified railway lines,NAR,Narrow gauge,LT,Lithuania,2000,71,
RL_NELC,Non-electrified railway lines,NAR,Narrow gauge,LT,Lithuania,2001,0,
RL_NELC,Non-electrified railway lines,NAR,Narrow gauge,LT,Lithuania,2002,0,
RL_NELC,Non-electrified railway lines,NAR,Narrow gauge,LT,Lithuania,2004,0,
RL_NELC,Non-electrified railway lines,NAR,Narrow gauge,LT,Lithuania,2005,0,
RL_NELC,Non-electrified railway lines,NAR,Narrow gauge,LT,Lithuania,2006,0,
RL_NELC,Non-electrified railway lines,NAR,Narrow gauge,LT,Lithuania,2007,0,
RL_NELC,Non-electrified railway lines,NAR,Narrow gauge,LT,Lithuania,2008,0,
RL_NELC,Non-electrified railway lines,NAR,Narrow gauge,LT,Lithuania,2009,0,
RL_NELC,Non-electrified railway lines,NAR,Narrow gauge,LT,Lithuania,2010,0,
RL_NELC,Non-electrified railway lines,NAR,Narrow gauge,LT,Lithuania,2011,0,
RL_NELC,Non-electrified railway lines,NAR,Narrow gauge,LT,Lithuania,2012,0,
RL_NELC,Non-electrified railway lines,NAR,Narrow gauge,LT,Lithuania,2013,0,
RL_NELC,Non-electrified railway lines,NAR,Narrow gauge,LT,Lithuania,2014,0,
RL_NELC,Non-electrified railway lines,NAR,Narrow gauge,LT,Lithuania,2015,0,
RL_NELC,Non-electrified railway lines,NAR,Narrow gauge,LT,Lithuania,2016,0,
RL_NELC,Non-electrified railway lines,NAR,Narrow gauge,LT,Lithuania,2017,0,
RL_NELC,Non-electrified railway lines,NAR,Narrow gauge,LT,Lithuania,2018,0,
RL_NELC,Non-electrified railway lines,NAR,Narrow gauge,LT,Lithuania,2019,0,
RL_NELC,Non-electrified railway lines,NAR,Narrow gauge,LT,Lithuania,2020,0,
RL_NELC,Non-electrified railway lines,NAR,Narrow gauge,LT,Lithuania,2021,0,
RL_NELC,Non-electrified railway lines,NAR,Narrow gauge,LT,Lithuania,2022,0,
RL_NELC,Non-electrified railway lines,NAR,Narrow gauge,LT,Lithuania,2023,0,
RL_NELC,Non-electrified railway lines,NAR,Narrow gauge,LT,Lithuania,2024,0,
RL_NELC,Non-electrified railway lines,NAR,Narrow gauge,LU,Luxembourg,1962,0,
RL_NELC,Non-electrified railway lines,NAR,Narrow gauge,LU,Luxembourg,1990,0,
RL_NELC,Non-electrified railway lines,NAR,Narrow gauge,LU,Luxembourg,1991,0,
RL_NELC,Non-electrified railway lines,NAR,Narrow gauge,LU,Luxembourg,1992,0,
RL_NELC,Non-electrified railway lines,NAR,Narrow gauge,LU,Luxembourg,1993,0,
RL_NELC,Non-electrified railway lines,NAR,Narrow gauge,LU,Luxembourg,1994,0,
RL_NELC,Non-electrified railway lines,NAR,Narrow gauge,LU,Luxembourg,1995,0,
RL_NELC,Non-electrified railway lines,NAR,Narrow gauge,LU,Luxembourg,1996,0,
RL_NELC,Non-electrified railway lines,NAR,Narrow gauge,LU,Luxembourg,1997,0,
RL_NELC,Non-electrified railway lines,NAR,Narrow gauge,LU,Luxembourg,1998,0,
RL_NELC,Non-electrified railway lines,NAR,Narrow gauge,LU,Luxembourg,1999,0,
RL_NELC,Non-electrified railway lines,NAR,Narrow gauge,LU,Luxembourg,2000,0,
RL_NELC,Non-electrified railway lines,NAR,Narrow gauge,LU,Luxembourg,2001,0,
RL_NELC,Non-electrified railway lines,NAR,Narrow gauge,LU,Luxembourg,2002,0,
RL_NELC,Non-electrified railway lines,NAR,Narrow gauge,LU,Luxembourg,2003,0,
RL_NELC,Non-electrified railway lines,NAR,Narrow gauge,LU,Luxembourg,2004,0,
RL_NELC,Non-electrified railway lines,NAR,Narrow gauge,LU,Luxembourg,2005,0,
RL_NELC,Non-electrified railway lines,NAR,Narrow gauge,LU,Luxembourg,2006,0,
RL_NELC,Non-electrified railway lines,NAR,Narrow gauge,LU,Luxembourg,2007,0,
RL_NELC,Non-electrified railway lines,NAR,Narrow gauge,LU,Luxembourg,2008,0,
RL_NELC,Non-electrified railway lines,NAR,Narrow gauge,LU,Luxembourg,2009,0,
RL_NELC,Non-electrified railway lines,NAR,Narrow gauge,LU,Luxembourg,2010,0,
RL_NELC,Non-electrified railway lines,NAR,Narrow gauge,LU,Luxembourg,2011,0,
RL_NELC,Non-electrified railway lines,NAR,Narrow gauge,LU,Luxembourg,2012,0,
RL_NELC,Non-electrified railway lines,NAR,Narrow gauge,LU,Luxembourg,2013,0,
RL_NELC,Non-electrified railway lines,NAR,Narrow gauge,LU,Luxembourg,2014,0,
RL_NELC,Non-electrified railway lines,NAR,Narrow gauge,LU,Luxembourg,2015,0,
RL_NELC,Non-electrified railway lines,NAR,Narrow gauge,LU,Luxembourg,2016,0,
RL_NELC,Non-electrified railway lines,NAR,Narrow gauge,LU,Luxembourg,2017,0,
RL_NELC,Non-electrified railway lines,NAR,Narrow gauge,LU,Luxembourg,2018,0,
RL_NELC,Non-electrified railway lines,NAR,Narrow gauge,LU,Luxembourg,2019,0,
RL_NELC,Non-electrified railway lines,NAR,Narrow gauge,LU,Luxembourg,2020,0,
RL_NELC,Non-electrified railway lines,NAR,Narrow gauge,LU,Luxembourg,2021,0,
RL_NELC,Non-electrified railway lines,NAR,Narrow gauge,LU,Luxembourg,2022,0,
RL_NELC,Non-electrified railway lines,NAR,Narrow gauge,LU,Luxembourg,2023,0,
RL_NELC,Non-electrified railway lines,NAR,Narrow gauge,LU,Luxembourg,2024,0,
RL_NELC,Non-electrified railway lines,NAR,Narrow gauge,LV,Latvia,1990,33,
RL_NELC,Non-electrified railway lines,NAR,Narrow gauge,LV,Latvia,1991,33,
RL_NELC,Non-electrified railway lines,NAR,Narrow gauge,LV,Latvia,1992,33,
RL_NELC,Non-electrified railway lines,NAR,Narrow gauge,LV,Latvia,1993,33,
RL_NELC,Non-electrified railway lines,NAR,Narrow gauge,LV,Latvia,1994,33,
RL_NELC,Non-electrified railway lines,NAR,Narrow gauge,LV,Latvia,1995,33,
RL_NELC,Non-electrified railway lines,NAR,Narrow gauge,LV,Latvia,1996,33,
RL_NELC,Non-electrified railway lines,NAR,Narrow gauge,LV,Latvia,1997,33,
RL_NELC,Non-electrified railway lines,NAR,Narrow gauge,LV,Latvia,1998,33,
RL_NELC,Non-electrified railway lines,NAR,Narrow gauge,LV,Latvia,1999,33,
RL_NELC,Non-electrified railway lines,NAR,Narrow gauge,LV,Latvia,2000,33,
RL_NELC,Non-electrified railway lines,NAR,Narrow gauge,LV,Latvia,2001,33,
RL_NELC,Non-electrified railway lines,NAR,Narrow gauge,LV,Latvia,2002,33,
RL_NELC,Non-electrified railway lines,NAR,Narrow gauge,LV,Latvia,2003,33,
RL_NELC,Non-electrified railway lines,NAR,Narrow gauge,LV,Latvia,2004,33,
RL_NELC,Non-electrified railway lines,NAR,Narrow gauge,LV,Latvia,2005,33,
RL_NELC,Non-electrified railway lines,NAR,Narrow gauge,LV,Latvia,2006,33,
RL_NELC,Non-electrified railway lines,NAR,Narrow gauge,LV,Latvia,2007,33,
RL_NELC,Non-electrified railway lines,NAR,Narrow gauge,LV,Latvia,2008,33,
RL_NELC,Non-electrified railway lines,NAR,Narrow gauge,LV,Latvia,2009,33,
RL_NELC,Non-electrified railway lines,NAR,Narrow gauge,LV,Latvia,2010,33,
RL_NELC,Non-electrified railway lines,NAR,Narrow gauge,LV,Latvia,2011,33,
RL_NELC,Non-electrified railway lines,NAR,Narrow gauge,LV,Latvia,2012,33,
RL_NELC,Non-electrified railway lines,NAR,Narrow gauge,LV,Latvia,2013,33,
RL_NELC,Non-electrified railway lines,NAR,Narrow gauge,LV,Latvia,2014,33,
RL_NELC,Non-electrified railway lines,NAR,Narrow gauge,LV,Latvia,2015,33,
RL_NELC,Non-electrified railway lines,NAR,Narrow gauge,LV,Latvia,2016,33.4,
RL_NELC,Non-electrified railway lines,NAR,Narrow gauge,LV,Latvia,2017,33.4,
RL_NELC,Non-electrified railway lines,NAR,Narrow gauge,LV,Latvia,2018,33.4,
RL_NELC,Non-electrified railway lines,NAR,Narrow gauge,LV,Latvia,2019,33.4,
RL_NELC,Non-electrified railway lines,NAR,Narrow gauge,LV,Latvia,2020,33.4,
RL_NELC,Non-electrified railway lines,NAR,Narrow gauge,LV,Latvia,2021,33.4,
RL_NELC,Non-electrified railway lines,NAR,Narrow gauge,LV,Latvia,2022,33.4,
RL_NELC,Non-electrified railway lines,NAR,Narrow gauge,LV,Latvia,2023,32.8,
RL_NELC,Non-electrified railway lines,NAR,Narrow gauge,LV,Latvia,2024,32.8,
RL_NELC,Non-electrified railway lines,NAR,Narrow gauge,MD,Moldova,1992,0,
RL_NELC,Non-electrified railway lines,NAR,Narrow gauge,MD,Moldova,1993,0,
RL_NELC,Non-electrified railway lines,NAR,Narrow gauge,MD,Moldova,1994,0,
RL_NELC,Non-electrified railway lines,NAR,Narrow gauge,MD,Moldova,1995,0,
RL_NELC,Non-electrified railway lines,NAR,Narrow gauge,MD,Moldova,1996,0,
RL_NELC,Non-electrified railway lines,NAR,Narrow gauge,MD,Moldova,1997,0,
RL_NELC,Non-electrified railway lines,NAR,Narrow gauge,MD,Moldova,1998,0,
RL_NELC,Non-electrified railway lines,NAR,Narrow gauge,MD,Moldova,1999,0,
RL_NELC,Non-electrified railway lines,NAR,Narrow gauge,MD,Moldova,2000,0,
RL_NELC,Non-electrified railway lines,NAR,Narrow gauge,MD,Moldova,2001,0,
RL_NELC,Non-electrified railway lines,NAR,Narrow gauge,MD,Moldova,2002,0,
RL_NELC,Non-electrified railway lines,NAR,Narrow gauge,MD,Moldova,2004,0,
RL_NELC,Non-electrified railway lines,NAR,Narrow gauge,ME,Montenegro,2011,0,
RL_NELC,Non-electrified railway lines,NAR,Narrow gauge,ME,Montenegro,2012,0,
RL_NELC,Non-electrified railway lines,NAR,Narrow gauge,ME,Montenegro,2013,0,
RL_NELC,Non-electrified railway lines,NAR,Narrow gauge,ME,Montenegro,2014,0,
RL_NELC,Non-electrified railway lines,NAR,Narrow gauge,ME,Montenegro,2015,0,
RL_NELC,Non-electrified railway lines,NAR,Narrow gauge,ME,Montenegro,2016,0,
RL_NELC,Non-electrified railway lines,NAR,Narrow gauge,ME,Montenegro,2017,0,
RL_NELC,Non-electrified railway lines,NAR,Narrow gauge,ME,Montenegro,2018,0,
RL_NELC,Non-electrified railway lines,NAR,Narrow gauge,ME,Montenegro,2020,0,
RL_NELC,Non-electrified railway lines,NAR,Narrow gauge,ME,Montenegro,2021,0,
RL_NELC,Non-electrified railway lines,NAR,Narrow gauge,ME,Montenegro,2022,0,
RL_NELC,Non-electrified railway lines,NAR,Narrow gauge,ME,Montenegro,2023,0,
RL_NELC,Non-electrified railway lines,NAR,Narrow gauge,ME,Montenegro,2024,0,
RL_NELC,Non-electrified railway lines,NAR,Narrow gauge,MK,North Macedonia,1990,0,
RL_NELC,Non-electrified railway lines,NAR,Narrow gauge,MK,North Macedonia,1992,0,
RL_NELC,Non-electrified railway lines,NAR,Narrow gauge,MK,North Macedonia,1993,0,
RL_NELC,Non-electrified railway lines,NAR,Narrow gauge,MK,North Macedonia,1994,0,
RL_NELC,Non-electrified railway lines,NAR,Narrow gauge,MK,North Macedonia,1995,0,
RL_NELC,Non-electrified railway lines,NAR,Narrow gauge,MK,North Macedonia,1996,0,
RL_NELC,Non-electrified railway lines,NAR,Narrow gauge,MK,North Macedonia,1997,0,
RL_NELC,Non-electrified railway lines,NAR,Narrow gauge,MK,North Macedonia,1998,0,
RL_NELC,Non-electrified railway lines,NAR,Narrow gauge,MK,North Macedonia,1999,0,
RL_NELC,Non-electrified railway lines,NAR,Narrow gauge,MK,North Macedonia,2000,0,
RL_NELC,Non-electrified railway lines,NAR,Narrow gauge,MK,North Macedonia,2001,0,
RL_NELC,Non-electrified railway lines,NAR,Narrow gauge,MK,North Macedonia,2002,0,
RL_NELC,Non-electrified railway lines,NAR,Narrow gauge,MK,North Macedonia,2004,0,
RL_NELC,Non-electrified railway lines,NAR,Narrow gauge,MK,North Macedonia,2008,0,
RL_NELC,Non-electrified railway lines,NAR,Narrow gauge,MK,North Macedonia,2009,0,
RL_NELC,Non-electrified railway lines,NAR,Narrow gauge,MK,North Macedonia,2010,0,
RL_NELC,Non-electrified railway lines,NAR,Narrow gauge,MK,North Macedonia,2011,0,
RL_NELC,Non-electrified railway lines,NAR,Narrow gauge,MK,North Macedonia,2012,0,
RL_NELC,Non-electrified railway lines,NAR,Narrow gauge,MK,North Macedonia,2013,0,
RL_NELC,Non-electrified railway lines,NAR,Narrow gauge,MK,North Macedonia,2014,0,
RL_NELC,Non-electrified railway lines,NAR,Narrow gauge,MK,North Macedonia,2015,0,
RL_NELC,Non-electrified railway lines,NAR,Narrow gauge,MK,North Macedonia,2016,0,
RL_NELC,Non-electrified railway lines,NAR,Narrow gauge,MK,North Macedonia,2017,0,
RL_NELC,Non-electrified railway lines,NAR,Narrow gauge,MK,North Macedonia,2018,0,
RL_NELC,Non-electrified railway lines,NAR,Narrow gauge,MK,North Macedonia,2019,0,
RL_NELC,Non-electrified railway lines,NAR,Narrow gauge,MK,North Macedonia,2020,0,
RL_NELC,Non-electrified railway lines,NAR,Narrow gauge,MK,North Macedonia,2021,0,
RL_NELC,Non-electrified railway lines,NAR,Narrow gauge,MK,North Macedonia,2022,0,
RL_NELC,Non-electrified railway lines,NAR,Narrow gauge,MK,North Macedonia,2023,0,
RL_NELC,Non-electrified railway lines,NAR,Narrow gauge,MK,North Macedonia,2024,0,
RL_NELC,Non-electrified railway lines,NAR,Narrow gauge,NL,Netherlands,1962,0,
RL_NELC,Non-electrified railway lines,NAR,Narrow gauge,NL,Netherlands,1990,0,
RL_NELC,Non-electrified railway lines,NAR,Narrow gauge,NL,Netherlands,1991,0,
RL_NELC,Non-electrified railway lines,NAR,Narrow gauge,NL,Netherlands,1992,0,
RL_NELC,Non-electrified railway lines,NAR,Narrow gauge,NL,Netherlands,1993,0,
RL_NELC,Non-electrified railway lines,NAR,Narrow gauge,NL,Netherlands,1994,0,
RL_NELC,Non-electrified railway lines,NAR,Narrow gauge,NL,Netherlands,1995,0,
RL_NELC,Non-electrified railway lines,NAR,Narrow gauge,NL,Netherlands,1996,0,
RL_NELC,Non-electrified railway lines,NAR,Narrow gauge,NL,Netherlands,1997,0,
RL_NELC,Non-electrified railway lines,NAR,Narrow gauge,NL,Netherlands,1998,0,
RL_NELC,Non-electrified railway lines,NAR,Narrow gauge,NL,Netherlands,1999,0,
RL_NELC,Non-electrified railway lines,NAR,Narrow gauge,NL,Netherlands,2000,0,
RL_NELC,Non-electrified railway lines,NAR,Narrow gauge,NL,Netherlands,2001,0,
RL_NELC,Non-electrified railway lines,NAR,Narrow gauge,NL,Netherlands,2002,0,
RL_NELC,Non-electrified railway lines,NAR,Narrow gauge,NL,Netherlands,2003,0,
RL_NELC,Non-electrified railway lines,NAR,Narrow gauge,NL,Netherlands,2004,0,
RL_NELC,Non-electrified railway lines,NAR,Narrow gauge,NL,Netherlands,2005,0,
RL_NELC,Non-electrified railway lines,NAR,Narrow gauge,NL,Netherlands,2006,0,
RL_NELC,Non-electrified railway lines,NAR,Narrow gauge,NL,Netherlands,2007,0,
RL_NELC,Non-electrified railway lines,NAR,Narrow gauge,NL,Netherlands,2008,0,
RL_NELC,Non-electrified railway lines,NAR,Narrow gauge,NL,Netherlands,2009,0,
RL_NELC,Non-electrified railway lines,NAR,Narrow gauge,NL,Netherlands,2010,0,
RL_NELC,Non-electrified railway lines,NAR,Narrow gauge,NL,Netherlands,2011,0,
RL_NELC,Non-electrified railway lines,NAR,Narrow gauge,NL,Netherlands,2012,0,
RL_NELC,Non-electrified railway lines,NAR,Narrow gauge,NL,Netherlands,2013,0,
RL_NELC,Non-electrified railway lines,NAR,Narrow gauge,NL,Netherlands,2014,0,
RL_NELC,Non-electrified railway lines,NAR,Narrow gauge,NL,Netherlands,2015,0,
RL_NELC,Non-electrified railway lines,NAR,Narrow gauge,NL,Netherlands,2016,0,
RL_NELC,Non-electrified railway lines,NAR,Narrow gauge,NL,Netherlands,2017,0,
RL_NELC,Non-electrified railway lines,NAR,Narrow gauge,NL,Netherlands,2018,0,
RL_NELC,Non-electrified railway lines,NAR,Narrow gauge,NL,Netherlands,2019,0,
RL_NELC,Non-electrified railway lines,NAR,Narrow gauge,NL,Netherlands,2020,0,i
RL_NELC,Non-electrified railway lines,NAR,Narrow gauge,NL,Netherlands,2021,0,i
RL_NELC,Non-electrified railway lines,NAR,Narrow gauge,NL,Netherlands,2022,0,
RL_NELC,Non-electrified railway lines,NAR,Narrow gauge,NL,Netherlands,2023,0,
RL_NELC,Non-electrified railway lines,NAR,Narrow gauge,NL,Netherlands,2024,0,
RL_NELC,Non-electrified railway lines,NAR,Narrow gauge,NO,Norway,1998,0,
RL_NELC,Non-electrified railway lines,NAR,Narrow gauge,NO,Norway,1999,0,
RL_NELC,Non-electrified railway lines,NAR,Narrow gauge,NO,Norway,2004,0,
RL_NELC,Non-electrified railway lines,NAR,Narrow gauge,NO,Norway,2005,0,
RL_NELC,Non-electrified railway lines,NAR,Narrow gauge,NO,Norway,2006,0,n
RL_NELC,Non-electrified railway lines,NAR,Narrow gauge,NO,Norway,2007,0,n
RL_NELC,Non-electrified railway lines,NAR,Narrow gauge,NO,Norway,2008,0,
RL_NELC,Non-electrified railway lines,NAR,Narrow gauge,NO,Norway,2009,0,
RL_NELC,Non-electrified railway lines,NAR,Narrow gauge,NO,Norway,2010,0,
RL_NELC,Non-electrified railway lines,NAR,Narrow gauge,NO,Norway,2011,0,
RL_NELC,Non-electrified railway lines,NAR,Narrow gauge,NO,Norway,2012,0,
RL_NELC,Non-electrified railway lines,NAR,Narrow gauge,NO,Norway,2013,0,
RL_NELC,Non-electrified railway lines,NAR,Narrow gauge,NO,Norway,2014,0,
RL_NELC,Non-electrified railway lines,NAR,Narrow gauge,NO,Norway,2015,0,
RL_NELC,Non-electrified railway lines,NAR,Narrow gauge,NO,Norway,2016,0,
RL_NELC,Non-electrified railway lines,NAR,Narrow gauge,NO,Norway,2017,0,
RL_NELC,Non-electrified railway lines,NAR,Narrow gauge,NO,Norway,2018,0,
RL_NELC,Non-electrified railway lines,NAR,Narrow gauge,NO,Norway,2019,0,
RL_NELC,Non-electrified railway lines,NAR,Narrow gauge,NO,Norway,2020,0,
RL_NELC,Non-electrified railway lines,NAR,Narrow gauge,NO,Norway,2021,0,
RL_NELC,Non-electrified railway lines,NAR,Narrow gauge,NO,Norway,2022,0,
RL_NELC,Non-electrified railway lines,NAR,Narrow gauge,NO,Norway,2023,0,
RL_NELC,Non-electrified railway lines,NAR,Narrow gauge,NO,Norway,2024,0,
RL_NELC,Non-electrified railway lines,NAR,Narrow gauge,PL,Poland,1990,2235,
RL_NELC,Non-electrified railway lines,NAR,Narrow gauge,PL,Poland,1991,1996,
RL_NELC,Non-electrified railway lines,NAR,Narrow gauge,PL,Poland,1992,1855,
RL_NELC,Non-electrified railway lines,NAR,Narrow gauge,PL,Poland,1993,1614,
RL_NELC,Non-electrified railway lines,NAR,Narrow gauge,PL,Poland,1994,1418,
RL_NELC,Non-electrified railway lines,NAR,Narrow gauge,PL,Poland,1995,1388,
RL_NELC,Non-electrified railway lines,NAR,Narrow gauge,PL,Poland,1996,1135,
RL_NELC,Non-electrified railway lines,NAR,Narrow gauge,PL,Poland,1997,1135,
RL_NELC,Non-electrified railway lines,NAR,Narrow gauge,PL,Poland,1998,1097,
RL_NELC,Non-electrified railway lines,NAR,Narrow gauge,PL,Poland,1999,985,
RL_NELC,Non-electrified railway lines,NAR,Narrow gauge,PL,Poland,2000,985,
RL_NELC,Non-electrified railway lines,NAR,Narrow gauge,PL,Poland,2001,985,
RL_NELC,Non-electrified railway lines,NAR,Narrow gauge,PL,Poland,2002,344,
RL_NELC,Non-electrified railway lines,NAR,Narrow gauge,PL,Poland,2003,344,i
RL_NELC,Non-electrified railway lines,NAR,Narrow gauge,PL,Poland,2004,344,
RL_NELC,Non-electrified railway lines,NAR,Narrow gauge,PL,Poland,2005,410,
RL_NELC,Non-electrified railway lines,NAR,Narrow gauge,PL,Poland,2006,413,
RL_NELC,Non-electrified railway lines,NAR,Narrow gauge,PL,Poland,2007,310,
RL_NELC,Non-electrified railway lines,NAR,Narrow gauge,PL,Poland,2008,189,
RL_NELC,Non-electrified railway lines,NAR,Narrow gauge,PL,Poland,2009,189,
RL_NELC,Non-electrified railway lines,NAR,Narrow gauge,PL,Poland,2010,139,
RL_NELC,Non-electrified railway lines,NAR,Narrow gauge,PL,Poland,2011,115,
RL_NELC,Non-electrified railway lines,NAR,Narrow gauge,PL,Poland,2012,115,
RL_NELC,Non-electrified railway lines,NAR,Narrow gauge,PL,Poland,2013,69,
RL_NELC,Non-electrified railway lines,NAR,Narrow gauge,PL,Poland,2014,0,
RL_NELC,Non-electrified railway lines,NAR,Narrow gauge,PL,Poland,2015,0,
RL_NELC,Non-electrified railway lines,NAR,Narrow gauge,PL,Poland,2016,0,
RL_NELC,Non-electrified railway lines,NAR,Narrow gauge,PL,Poland,2017,0,
RL_NELC,Non-electrified railway lines,NAR,Narrow gauge,PL,Poland,2018,0,
RL_NELC,Non-electrified railway lines,NAR,Narrow gauge,PL,Poland,2019,0,
RL_NELC,Non-electrified railway lines,NAR,Narrow gauge,PL,Poland,2020,0,
RL_NELC,Non-electrified railway lines,NAR,Narrow gauge,PL,Poland,2021,0,
RL_NELC,Non-electrified railway lines,NAR,Narrow gauge,PL,Poland,2022,0,
RL_NELC,Non-electrified railway lines,NAR,Narrow gauge,PL,Poland,2023,0,
RL_NELC,Non-electrified railway lines,NAR,Narrow gauge,PL,Poland,2024,0,
RL_NELC,Non-electrified railway lines,NAR,Narrow gauge,PT,Portugal,1990,313,i
RL_NELC,Non-electrified railway lines,NAR,Narrow gauge,PT,Portugal,1991,313,i
RL_NELC,Non-electrified railway lines,NAR,Narrow gauge,PT,Portugal,1992,313,
RL_NELC,Non-electrified railway lines,NAR,Narrow gauge,PT,Portugal,1993,303,
RL_NELC,Non-electrified railway lines,NAR,Narrow gauge,PT,Portugal,1994,303,
RL_NELC,Non-electrified railway lines,NAR,Narrow gauge,PT,Portugal,1995,303,
RL_NELC,Non-electrified railway lines,NAR,Narrow gauge,PT,Portugal,1996,303,
RL_NELC,Non-electrified railway lines,NAR,Narrow gauge,PT,Portugal,1997,274,
RL_NELC,Non-electrified railway lines,NAR,Narrow gauge,PT,Portugal,1998,214,
RL_NELC,Non-electrified railway lines,NAR,Narrow gauge,PT,Portugal,1999,215,
RL_NELC,Non-electrified railway lines,NAR,Narrow gauge,PT,Portugal,2000,215,
RL_NELC,Non-electrified railway lines,NAR,Narrow gauge,PT,Portugal,2001,214.6,
RL_NELC,Non-electrified railway lines,NAR,Narrow gauge,PT,Portugal,2002,188,
RL_NELC,Non-electrified railway lines,NAR,Narrow gauge,PT,Portugal,2003,191.8,i
RL_NELC,Non-electrified railway lines,NAR,Narrow gauge,PT,Portugal,2004,191.8,i
RL_NELC,Non-electrified railway lines,NAR,Narrow gauge,PT,Portugal,2005,191.8,i
RL_NELC,Non-electrified railway lines,NAR,Narrow gauge,PT,Portugal,2006,191.8,i
RL_NELC,Non-electrified railway lines,NAR,Narrow gauge,PT,Portugal,2007,191.8,i
RL_NELC,Non-electrified railway lines,NAR,Narrow gauge,PT,Portugal,2008,191.8,
RL_NELC,Non-electrified railway lines,NAR,Narrow gauge,PT,Portugal,2009,191.8,
RL_NELC,Non-electrified railway lines,NAR,Narrow gauge,PT,Portugal,2010,191.8,
RL_NELC,Non-electrified railway lines,NAR,Narrow gauge,PT,Portugal,2011,191.8,
RL_NELC,Non-electrified railway lines,NAR,Narrow gauge,PT,Portugal,2012,112.3,
RL_NELC,Non-electrified railway lines,NAR,Narrow gauge,PT,Portugal,2013,112.3,
RL_NELC,Non-electrified railway lines,NAR,Narrow gauge,PT,Portugal,2014,112.5,
RL_NELC,Non-electrified railway lines,NAR,Narrow gauge,PT,Portugal,2015,112.5,
RL_NELC,Non-electrified railway lines,NAR,Narrow gauge,PT,Portugal,2016,112.5,
RL_NELC,Non-electrified railway lines,NAR,Narrow gauge,PT,Portugal,2017,112.54,
RL_NELC,Non-electrified railway lines,NAR,Narrow gauge,PT,Portugal,2018,112.54,
RL_NELC,Non-electrified railway lines,NAR,Narrow gauge,PT,Portugal,2019,95.87,
RL_NELC,Non-electrified railway lines,NAR,Narrow gauge,PT,Portugal,2020,95.87,
RL_NELC,Non-electrified railway lines,NAR,Narrow gauge,PT,Portugal,2021,95.868,
RL_NELC,Non-electrified railway lines,NAR,Narrow gauge,PT,Portugal,2022,95.868,
RL_NELC,Non-electrified railway lines,NAR,Narrow gauge,PT,Portugal,2023,95.868,
RL_NELC,Non-electrified railway lines,NAR,Narrow gauge,PT,Portugal,2024,95.868,
RL_NELC,Non-electrified railway lines,NAR,Narrow gauge,RO,Romania,1990,427,
RL_NELC,Non-electrified railway lines,NAR,Narrow gauge,RO,Romania,1991,427,
RL_NELC,Non-electrified railway lines,NAR,Narrow gauge,RO,Romania,1992,427,
RL_NELC,Non-electrified railway lines,NAR,Narrow gauge,RO,Romania,1993,427,
RL_NELC,Non-electrified railway lines,NAR,Narrow gauge,RO,Romania,1994,427,
RL_NELC,Non-electrified railway lines,NAR,Narrow gauge,RO,Romania,1995,427,
RL_NELC,Non-electrified railway lines,NAR,Narrow gauge,RO,Romania,1996,427,
RL_NELC,Non-electrified railway lines,NAR,Narrow gauge,RO,Romania,1997,425,
RL_NELC,Non-electrified railway lines,NAR,Narrow gauge,RO,Romania,1998,58,
RL_NELC,Non-electrified railway lines,NAR,Narrow gauge,RO,Romania,1999,0,
RL_NELC,Non-electrified railway lines,NAR,Narrow gauge,RO,Romania,2000,0,
RL_NELC,Non-electrified railway lines,NAR,Narrow gauge,RO,Romania,2001,0,
RL_NELC,Non-electrified railway lines,NAR,Narrow gauge,RO,Romania,2002,0,
RL_NELC,Non-electrified railway lines,NAR,Narrow gauge,RO,Romania,2003,57,
RL_NELC,Non-electrified railway lines,NAR,Narrow gauge,RO,Romania,2004,78,
RL_NELC,Non-electrified railway lines,NAR,Narrow gauge,RO,Romania,2005,75,
RL_NELC,Non-electrified railway lines,NAR,Narrow gauge,RO,Romania,2006,1,
RL_NELC,Non-electrified railway lines,NAR,Narrow gauge,RO,Romania,2007,4,
RL_NELC,Non-electrified railway lines,NAR,Narrow gauge,RO,Romania,2008,5,
RL_NELC,Non-electrified railway lines,NAR,Narrow gauge,RO,Romania,2009,5,
RL_NELC,Non-electrified railway lines,NAR,Narrow gauge,RO,Romania,2010,5,
RL_NELC,Non-electrified railway lines,NAR,Narrow gauge,RO,Romania,2011,4,
RL_NELC,Non-electrified railway lines,NAR,Narrow gauge,RO,Romania,2012,4,
RL_NELC,Non-electrified railway lines,NAR,Narrow gauge,RO,Romania,2013,4,
RL_NELC,Non-electrified railway lines,NAR,Narrow gauge,RO,Romania,2014,5,
RL_NELC,Non-electrified railway lines,NAR,Narrow gauge,RO,Romania,2015,4,
RL_NELC,Non-electrified railway lines,NAR,Narrow gauge,RO,Romania,2016,5,
RL_NELC,Non-electrified railway lines,NAR,Narrow gauge,RO,Romania,2017,5,
RL_NELC,Non-electrified railway lines,NAR,Narrow gauge,RO,Romania,2018,4,
RL_NELC,Non-electrified railway lines,NAR,Narrow gauge,RO,Romania,2019,4,
RL_NELC,Non-electrified railway lines,NAR,Narrow gauge,RO,Romania,2020,4,
RL_NELC,Non-electrified railway lines,NAR,Narrow gauge,RO,Romania,2021,4,
RL_NELC,Non-electrified railway lines,NAR,Narrow gauge,RO,Romania,2022,5,
RL_NELC,Non-electrified railway lines,NAR,Narrow gauge,RO,Romania,2023,5,
RL_NELC,Non-electrified railway lines,NAR,Narrow gauge,RO,Romania,2024,5,
RL_NELC,Non-electrified railway lines,NAR,Narrow gauge,RS,Serbia,2006,0,
RL_NELC,Non-electrified railway lines,NAR,Narrow gauge,RS,Serbia,2007,0,
RL_NELC,Non-electrified railway lines,NAR,Narrow gauge,RS,Serbia,2008,0,
RL_NELC,Non-electrified railway lines,NAR,Narrow gauge,RS,Serbia,2009,0,
RL_NELC,Non-electrified railway lines,NAR,Narrow gauge,RS,Serbia,2010,0,
RL_NELC,Non-electrified railway lines,NAR,Narrow gauge,RS,Serbia,2011,0,
RL_NELC,Non-electrified railway lines,NAR,Narrow gauge,RS,Serbia,2012,0,
RL_NELC,Non-electrified railway lines,NAR,Narrow gauge,RS,Serbia,2013,0,
RL_NELC,Non-electrified railway lines,NAR,Narrow gauge,RS,Serbia,2014,0,
RL_NELC,Non-electrified railway lines,NAR,Narrow gauge,RS,Serbia,2015,0,
RL_NELC,Non-electrified railway lines,NAR,Narrow gauge,RS,Serbia,2016,0,
RL_NELC,Non-electrified railway lines,NAR,Narrow gauge,RS,Serbia,2017,0,
RL_NELC,Non-electrified railway lines,NAR,Narrow gauge,RS,Serbia,2018,0,
RL_NELC,Non-electrified railway lines,NAR,Narrow gauge,RS,Serbia,2019,0,
RL_NELC,Non-electrified railway lines,NAR,Narrow gauge,RS,Serbia,2020,0,
RL_NELC,Non-electrified railway lines,NAR,Narrow gauge,RS,Serbia,2021,0,
RL_NELC,Non-electrified railway lines,NAR,Narrow gauge,RS,Serbia,2022,0,
RL_NELC,Non-electrified railway lines,NAR,Narrow gauge,RS,Serbia,2023,0,
RL_NELC,Non-electrified railway lines,NAR,Narrow gauge,RS,Serbia,2024,0,
RL_NELC,Non-electrified railway lines,NAR,Narrow gauge,SE,Sweden,1990,0,
RL_NELC,Non-electrified railway lines,NAR,Narrow gauge,SE,Sweden,1991,0,
RL_NELC,Non-electrified railway lines,NAR,Narrow gauge,SE,Sweden,1992,0,
RL_NELC,Non-electrified railway lines,NAR,Narrow gauge,SE,Sweden,1993,0,
RL_NELC,Non-electrified railway lines,NAR,Narrow gauge,SE,Sweden,1994,0,
RL_NELC,Non-electrified railway lines,NAR,Narrow gauge,SE,Sweden,1995,0,
RL_NELC,Non-electrified railway lines,NAR,Narrow gauge,SE,Sweden,1996,0,
RL_NELC,Non-electrified railway lines,NAR,Narrow gauge,SE,Sweden,1997,0,
RL_NELC,Non-electrified railway lines,NAR,Narrow gauge,SE,Sweden,1998,0,
RL_NELC,Non-electrified railway lines,NAR,Narrow gauge,SE,Sweden,1999,0,
RL_NELC,Non-electrified railway lines,NAR,Narrow gauge,SE,Sweden,2000,0,
RL_NELC,Non-electrified railway lines,NAR,Narrow gauge,SE,Sweden,2001,0,
RL_NELC,Non-electrified railway lines,NAR,Narrow gauge,SE,Sweden,2002,0,
RL_NELC,Non-electrified railway lines,NAR,Narrow gauge,SE,Sweden,2003,0,
RL_NELC,Non-electrified railway lines,NAR,Narrow gauge,SE,Sweden,2004,0,
RL_NELC,Non-electrified railway lines,NAR,Narrow gauge,SE,Sweden,2005,0,
RL_NELC,Non-electrified railway lines,NAR,Narrow gauge,SE,Sweden,2006,0,
RL_NELC,Non-electrified railway lines,NAR,Narrow gauge,SE,Sweden,2007,0,
RL_NELC,Non-electrified railway lines,NAR,Narrow gauge,SE,Sweden,2008,0,
RL_NELC,Non-electrified railway lines,NAR,Narrow gauge,SE,Sweden,2009,0,
RL_NELC,Non-electrified railway lines,NAR,Narrow gauge,SE,Sweden,2010,0,
RL_NELC,Non-electrified railway lines,NAR,Narrow gauge,SE,Sweden,2011,0,
RL_NELC,Non-electrified railway lines,NAR,Narrow gauge,SE,Sweden,2012,0,
RL_NELC,Non-electrified railway lines,NAR,Narrow gauge,SE,Sweden,2013,0,
RL_NELC,Non-electrified railway lines,NAR,Narrow gauge,SE,Sweden,2014,0,
RL_NELC,Non-electrified railway lines,NAR,Narrow gauge,SE,Sweden,2015,0,
RL_NELC,Non-electrified railway lines,NAR,Narrow gauge,SE,Sweden,2016,0,
RL_NELC,Non-electrified railway lines,NAR,Narrow gauge,SE,Sweden,2017,0,
RL_NELC,Non-electrified railway lines,NAR,Narrow gauge,SE,Sweden,2018,0,
RL_NELC,Non-electrified railway lines,NAR,Narrow gauge,SE,Sweden,2019,0,
RL_NELC,Non-electrified railway lines,NAR,Narrow gauge,SE,Sweden,2020,0,
RL_NELC,Non-electrified railway lines,NAR,Narrow gauge,SE,Sweden,2021,0,
RL_NELC,Non-electrified railway lines,NAR,Narrow gauge,SE,Sweden,2022,0,
RL_NELC,Non-electrified railway lines,NAR,Narrow gauge,SE,Sweden,2023,0,
RL_NELC,Non-electrified railway lines,NAR,Narrow gauge,SE,Sweden,2024,0,
RL_NELC,Non-electrified railway lines,NAR,Narrow gauge,SI,Slovenia,1990,0,
RL_NELC,Non-electrified railway lines,NAR,Narrow gauge,SI,Slovenia,1991,0,
RL_NELC,Non-electrified railway lines,NAR,Narrow gauge,SI,Slovenia,1992,0,
RL_NELC,Non-electrified railway lines,NAR,Narrow gauge,SI,Slovenia,1993,0,
RL_NELC,Non-electrified railway lines,NAR,Narrow gauge,SI,Slovenia,1994,0,
RL_NELC,Non-electrified railway lines,NAR,Narrow gauge,SI,Slovenia,1995,0,
RL_NELC,Non-electrified railway lines,NAR,Narrow gauge,SI,Slovenia,1996,0,
RL_NELC,Non-electrified railway lines,NAR,Narrow gauge,SI,Slovenia,1997,0,
RL_NELC,Non-electrified railway lines,NAR,Narrow gauge,SI,Slovenia,1998,0,
RL_NELC,Non-electrified railway lines,NAR,Narrow gauge,SI,Slovenia,1999,0,
RL_NELC,Non-electrified railway lines,NAR,Narrow gauge,SI,Slovenia,2000,0,
RL_NELC,Non-electrified railway lines,NAR,Narrow gauge,SI,Slovenia,2001,0,
RL_NELC,Non-electrified railway lines,NAR,Narrow gauge,SI,Slovenia,2002,0,
RL_NELC,Non-electrified railway lines,NAR,Narrow gauge,SI,Slovenia,2003,0,
RL_NELC,Non-electrified railway lines,NAR,Narrow gauge,SI,Slovenia,2008,0,
RL_NELC,Non-electrified railway lines,NAR,Narrow gauge,SI,Slovenia,2009,0,
RL_NELC,Non-electrified railway lines,NAR,Narrow gauge,SI,Slovenia,2010,0,
RL_NELC,Non-electrified railway lines,NAR,Narrow gauge,SI,Slovenia,2011,0,
RL_NELC,Non-electrified railway lines,NAR,Narrow gauge,SI,Slovenia,2012,0,
RL_NELC,Non-electrified railway lines,NAR,Narrow gauge,SI,Slovenia,2013,0,
RL_NELC,Non-electrified railway lines,NAR,Narrow gauge,SI,Slovenia,2014,0,
RL_NELC,Non-electrified railway lines,NAR,Narrow gauge,SI,Slovenia,2015,0,
RL_NELC,Non-electrified railway lines,NAR,Narrow gauge,SI,Slovenia,2016,0,
RL_NELC,Non-electrified railway lines,NAR,Narrow gauge,SI,Slovenia,2017,0,
RL_NELC,Non-electrified railway lines,NAR,Narrow gauge,SI,Slovenia,2018,0,
RL_NELC,Non-electrified railway lines,NAR,Narrow gauge,SI,Slovenia,2019,0,
RL_NELC,Non-electrified railway lines,NAR,Narrow gauge,SI,Slovenia,2020,0,
RL_NELC,Non-electrified railway lines,NAR,Narrow gauge,SI,Slovenia,2021,0,
RL_NELC,Non-electrified railway lines,NAR,Narrow gauge,SI,Slovenia,2022,0,
RL_NELC,Non-electrified railway lines,NAR,Narrow gauge,SI,Slovenia,2023,0,
RL_NELC,Non-electrified railway lines,NAR,Narrow gauge,SI,Slovenia,2024,0,
RL_NELC,Non-electrified railway lines,NAR,Narrow gauge,SK,Slovakia,1992,4,
RL_NELC,Non-electrified railway lines,NAR,Narrow gauge,SK,Slovakia,1993,4,
RL_NELC,Non-electrified railway lines,NAR,Narrow gauge,SK,Slovakia,1994,4,
RL_NELC,Non-electrified railway lines,NAR,Narrow gauge,SK,Slovakia,1995,4,
RL_NELC,Non-electrified railway lines,NAR,Narrow gauge,SK,Slovakia,1996,6,
RL_NELC,Non-electrified railway lines,NAR,Narrow gauge,SK,Slovakia,1997,6,
RL_NELC,Non-electrified railway lines,NAR,Narrow gauge,SK,Slovakia,1998,4,
RL_NELC,Non-electrified railway lines,NAR,Narrow gauge,SK,Slovakia,1999,4,
RL_NELC,Non-electrified railway lines,NAR,Narrow gauge,SK,Slovakia,2000,4,
RL_NELC,Non-electrified railway lines,NAR,Narrow gauge,SK,Slovakia,2001,4,
RL_NELC,Non-electrified railway lines,NAR,Narrow gauge,SK,Slovakia,2002,4,
RL_NELC,Non-electrified railway lines,NAR,Narrow gauge,SK,Slovakia,2003,4,
RL_NELC,Non-electrified railway lines,NAR,Narrow gauge,SK,Slovakia,2004,4,
RL_NELC,Non-electrified railway lines,NAR,Narrow gauge,SK,Slovakia,2005,4,
RL_NELC,Non-electrified railway lines,NAR,Narrow gauge,SK,Slovakia,2006,4,
RL_NELC,Non-electrified railway lines,NAR,Narrow gauge,SK,Slovakia,2007,4,
RL_NELC,Non-electrified railway lines,NAR,Narrow gauge,SK,Slovakia,2008,4,
RL_NELC,Non-electrified railway lines,NAR,Narrow gauge,SK,Slovakia,2009,4,
RL_NELC,Non-electrified railway lines,NAR,Narrow gauge,SK,Slovakia,2010,4,
RL_NELC,Non-electrified railway lines,NAR,Narrow gauge,SK,Slovakia,2011,4,
RL_NELC,Non-electrified railway lines,NAR,Narrow gauge,SK,Slovakia,2012,4,
RL_NELC,Non-electrified railway lines,NAR,Narrow gauge,SK,Slovakia,2013,4,
RL_NELC,Non-electrified railway lines,NAR,Narrow gauge,SK,Slovakia,2014,0,
RL_NELC,Non-electrified railway lines,NAR,Narrow gauge,SK,Slovakia,2015,0,
RL_NELC,Non-electrified railway lines,NAR,Narrow gauge,SK,Slovakia,2016,0,
RL_NELC,Non-electrified railway lines,NAR,Narrow gauge,SK,Slovakia,2017,0,
RL_NELC,Non-electrified railway lines,NAR,Narrow gauge,SK,Slovakia,2018,0,
RL_NELC,Non-electrified railway lines,NAR,Narrow gauge,SK,Slovakia,2019,0,
RL_NELC,Non-electrified railway lines,NAR,Narrow gauge,SK,Slovakia,2020,0,
RL_NELC,Non-electrified railway lines,NAR,Narrow gauge,SK,Slovakia,2021,0,
RL_NELC,Non-electrified railway lines,NAR,Narrow gauge,SK,Slovakia,2022,0,
RL_NELC,Non-electrified railway lines,NAR,Narrow gauge,SK,Slovakia,2023,0,
RL_NELC,Non-electrified railway lines,NAR,Narrow gauge,SK,Slovakia,2024,0,
RL_NELC,Non-electrified railway lines,NAR,Narrow gauge,TR,Türkiye,1990,0,
RL_NELC,Non-electrified railway lines,NAR,Narrow gauge,TR,Türkiye,1991,0,
RL_NELC,Non-electrified railway lines,NAR,Narrow gauge,TR,Türkiye,1992,0,
RL_NELC,Non-electrified railway lines,NAR,Narrow gauge,TR,Türkiye,1993,0,
RL_NELC,Non-electrified railway lines,NAR,Narrow gauge,TR,Türkiye,1994,0,
RL_NELC,Non-electrified railway lines,NAR,Narrow gauge,TR,Türkiye,1995,0,
RL_NELC,Non-electrified railway lines,NAR,Narrow gauge,TR,Türkiye,1996,0,
RL_NELC,Non-electrified railway lines,NAR,Narrow gauge,TR,Türkiye,1997,0,
RL_NELC,Non-electrified railway lines,NAR,Narrow gauge,TR,Türkiye,1998,0,
RL_NELC,Non-electrified railway lines,NAR,Narrow gauge,TR,Türkiye,1999,0,
RL_NELC,Non-electrified railway lines,NAR,Narrow gauge,TR,Türkiye,2005,0,
RL_NELC,Non-electrified railway lines,NAR,Narrow gauge,TR,Türkiye,2006,0,
RL_NELC,Non-electrified railway lines,NAR,Narrow gauge,TR,Türkiye,2007,0,
RL_NELC,Non-electrified railway lines,NAR,Narrow gauge,TR,Türkiye,2008,0,
RL_NELC,Non-electrified railway lines,NAR,Narrow gauge,TR,Türkiye,2009,0,
RL_NELC,Non-electrified railway lines,NAR,Narrow gauge,TR,Türkiye,2010,0,
RL_NELC,Non-electrified railway lines,NAR,Narrow gauge,TR,Türkiye,2011,0,
RL_NELC,Non-electrified railway lines,NAR,Narrow gauge,TR,Türkiye,2012,0,
RL_NELC,Non-electrified railway lines,NAR,Narrow gauge,TR,Türkiye,2013,0,
RL_NELC,Non-electrified railway lines,NAR,Narrow gauge,TR,Türkiye,2014,0,
RL_NELC,Non-electrified railway lines,NAR,Narrow gauge,TR,Türkiye,2015,0,
RL_NELC,Non-electrified railway lines,NAR,Narrow gauge,TR,Türkiye,2016,0,
RL_NELC,Non-electrified railway lines,NAR,Narrow gauge,TR,Türkiye,2017,0,
RL_NELC,Non-electrified railway lines,NAR,Narrow gauge,TR,Türkiye,2018,0,
RL_NELC,Non-electrified railway lines,NAR,Narrow gauge,TR,Türkiye,2019,0,
RL_NELC,Non-electrified railway lines,NAR,Narrow gauge,TR,Türkiye,2020,0,
RL_NELC,Non-electrified railway lines,NAR,Narrow gauge,TR,Türkiye,2021,0,
RL_NELC,Non-electrified railway lines,NAR,Narrow gauge,TR,Türkiye,2022,0,
RL_NELC,Non-electrified railway lines,NAR,Narrow gauge,TR,Türkiye,2023,0,
RL_NELC,Non-electrified railway lines,NAR,Narrow gauge,TR,Türkiye,2024,0,
RL_NELC,Non-electrified railway lines,NAR,Narrow gauge,UA,Ukraine,1992,556,
RL_NELC,Non-electrified railway lines,NAR,Narrow gauge,UA,Ukraine,1993,556,
RL_NELC,Non-electrified railway lines,NAR,Narrow gauge,UA,Ukraine,1994,556,
RL_NELC,Non-electrified railway lines,NAR,Narrow gauge,UA,Ukraine,1995,556,
RL_NELC,Non-electrified railway lines,NAR,Narrow gauge,UA,Ukraine,1996,556,
RL_NELC,Non-electrified railway lines,NAR,Narrow gauge,UA,Ukraine,1997,556,
RL_NELC,Non-electrified railway lines,NAR,Narrow gauge,UA,Ukraine,1998,510,
RL_NELC,Non-electrified railway lines,NAR,Narrow gauge,UA,Ukraine,1999,453,
RL_NELC,Non-electrified railway lines,NAR,Narrow gauge,UA,Ukraine,2012,323,
RL_NELC,Non-electrified railway lines,NAR,Narrow gauge,UA,Ukraine,2013,323,
RL_NELC,Non-electrified railway lines,NAR,Narrow gauge,UA,Ukraine,2014,323,
RL_NELC,Non-electrified railway lines,NAR,Narrow gauge,UA,Ukraine,2015,323,
RL_NELC,Non-electrified railway lines,NAR,Narrow gauge,UA,Ukraine,2016,323,
RL_NELC,Non-electrified railway lines,NAR,Narrow gauge,UA,Ukraine,2017,323,
RL_NELC,Non-electrified railway lines,NAR,Narrow gauge,UA,Ukraine,2018,323,
RL_NELC,Non-electrified railway lines,NAR,Narrow gauge,UA,Ukraine,2019,323,
RL_NELC,Non-electrified railway lines,NAR,Narrow gauge,UA,Ukraine,2020,323,
RL_NELC,Non-electrified railway lines,NAR,Narrow gauge,UA,Ukraine,2021,323,
RL_NELC,Non-electrified railway lines,NAR,Narrow gauge,UA,Ukraine,2022,323,
RL_NELC,Non-electrified railway lines,NAR,Narrow gauge,UA,Ukraine,2023,323,
RL_NELC,Non-electrified railway lines,NAR,Narrow gauge,UK,United Kingdom,2005,0,
RL_NELC,Non-electrified railway lines,NAR,Narrow gauge,UK,United Kingdom,2006,0,
RL_NELC,Non-electrified railway lines,NAR,Narrow gauge,UK,United Kingdom,2007,0,n
RL_NELC,Non-electrified railway lines,NAR,Narrow gauge,UK,United Kingdom,2008,0,
RL_NELC,Non-electrified railway lines,NAR,Narrow gauge,UK,United Kingdom,2009,0,
RL_NELC,Non-electrified railway lines,NAR,Narrow gauge,UK,United Kingdom,2010,0,
RL_NELC,Non-electrified railway lines,NAR,Narrow gauge,UK,United Kingdom,2011,0,
RL_NELC,Non-electrified railway lines,NAR,Narrow gauge,UK,United Kingdom,2012,0,
RL_NELC,Non-electrified railway lines,NAR,Narrow gauge,UK,United Kingdom,2013,0,
RL_NELC,Non-electrified railway lines,NAR,Narrow gauge,UK,United Kingdom,2014,0,
RL_NELC,Non-electrified railway lines,NAR,Narrow gauge,UK,United Kingdom,2015,0,
RL_NELC,Non-electrified railway lines,NAR,Narrow gauge,UK,United Kingdom,2016,0,
RL_NELC,Non-electrified railway lines,NAR,Narrow gauge,UK,United Kingdom,2017,0,
RL_NELC,Non-electrified railway lines,NAR,Narrow gauge,UK,United Kingdom,2018,0,
RL_NELC,Non-electrified railway lines,NAR,Narrow gauge,UK,United Kingdom,2019,0,
RL_NELC,Non-electrified railway lines,NAR,Narrow gauge,UK,United Kingdom,2020,0,
RL_NELC,Non-electrified railway lines,NAR,Narrow gauge,UK,United Kingdom,2021,0,
RL_NELC,Non-electrified railway lines,NAR,Narrow gauge,UK,United Kingdom,2022,0,
RL_NELC,Non-electrified railway lines,NAR,Narrow gauge,UK,United Kingdom,2023,0,
RL_NELC,Non-electrified railway lines,NAR,Narrow gauge,UK,United Kingdom,2024,0,
RL_NELC,Non-electrified railway lines,NAR,Narrow gauge,XK,Kosovo*,2017,0,
RL_NELC,Non-electrified railway lines,NAR,Narrow gauge,XK,Kosovo*,2018,0,
RL_NELC,Non-electrified railway lines,NAR,Narrow gauge,XK,Kosovo*,2019,0,
RL_NELC,Non-electrified railway lines,NAR,Narrow gauge,XK,Kosovo*,2020,0,
RL_NELC,Non-electrified railway lines,NAR,Narrow gauge,XK,Kosovo*,2021,0,
RL_NELC,Non-electrified railway lines,NAR,Narrow gauge,XK,Kosovo*,2022,0,
RL_NELC,Non-electrified railway lines,NAR,Narrow gauge,XK,Kosovo*,2023,0,i
RL_NELC,Non-electrified railway lines,NAR,Narrow gauge,XK,Kosovo*,2024,0,i
RL_NELC,Non-electrified railway lines,STD,Standard gauge,AL,Albania,1990,674,
RL_NELC,Non-electrified railway lines,STD,Standard gauge,AL,Albania,1991,674,
RL_NELC,Non-electrified railway lines,STD,Standard gauge,AL,Albania,1992,674,
RL_NELC,Non-electrified railway lines,STD,Standard gauge,AL,Albania,1993,630,
RL_NELC,Non-electrified railway lines,STD,Standard gauge,AL,Albania,1994,520,
RL_NELC,Non-electrified railway lines,STD,Standard gauge,AL,Albania,1995,520,
RL_NELC,Non-electrified railway lines,STD,Standard gauge,AL,Albania,1996,447,
RL_NELC,Non-electrified railway lines,STD,Standard gauge,AL,Albania,1997,447,
RL_NELC,Non-electrified railway lines,STD,Standard gauge,AL,Albania,1998,394,
RL_NELC,Non-electrified railway lines,STD,Standard gauge,AL,Albania,1999,394,
RL_NELC,Non-electrified railway lines,STD,Standard gauge,AL,Albania,2000,400,
RL_NELC,Non-electrified railway lines,STD,Standard gauge,AL,Albania,2001,409,
RL_NELC,Non-electrified railway lines,STD,Standard gauge,AL,Albania,2002,428,
RL_NELC,Non-electrified railway lines,STD,Standard gauge,AL,Albania,2013,346,
RL_NELC,Non-electrified railway lines,STD,Standard gauge,AL,Albania,2014,346,
RL_NELC,Non-electrified railway lines,STD,Standard gauge,AL,Albania,2015,379,
RL_NELC,Non-electrified railway lines,STD,Standard gauge,AL,Albania,2016,334,
RL_NELC,Non-electrified railway lines,STD,Standard gauge,AL,Albania,2017,334,
RL_NELC,Non-electrified railway lines,STD,Standard gauge,AL,Albania,2018,334,
RL_NELC,Non-electrified railway lines,STD,Standard gauge,AL,Albania,2019,234.85,
RL_NELC,Non-electrified railway lines,STD,Standard gauge,AL,Albania,2020,204.15,
RL_NELC,Non-electrified railway lines,STD,Standard gauge,AL,Albania,2021,224,
RL_NELC,Non-electrified railway lines,STD,Standard gauge,AL,Albania,2022,204.15,
RL_NELC,Non-electrified railway lines,STD,Standard gauge,AL,Albania,2023,252.95,
RL_NELC,Non-electrified railway lines,STD,Standard gauge,AL,Albania,2024,252.95,
RL_NELC,Non-electrified railway lines,STD,Standard gauge,AT,Austria,1990,2107,
RL_NELC,Non-electrified railway lines,STD,Standard gauge,AT,Austria,1991,2107,
RL_NELC,Non-electrified railway lines,STD,Standard gauge,AT,Austria,1992,2104,
RL_NELC,Non-electrified railway lines,STD,Standard gauge,AT,Austria,1993,2069,
RL_NELC,Non-electrified railway lines,STD,Standard gauge,AT,Austria,1994,2070,
RL_NELC,Non-electrified railway lines,STD,Standard gauge,AT,Austria,1995,1996,i
RL_NELC,Non-electrified railway lines,STD,Standard gauge,AT,Austria,1996,1996,i
RL_NELC,Non-electrified railway lines,STD,Standard gauge,AT,Austria,1997,2011,i
RL_NELC,Non-electrified railway lines,STD,Standard gauge,AT,Austria,1998,2031,i
RL_NELC,Non-electrified railway lines,STD,Standard gauge,AT,Austria,1999,2169,i
RL_NELC,Non-electrified railway lines,STD,Standard gauge,AT,Austria,2000,2028,i
RL_NELC,Non-electrified railway lines,STD,Standard gauge,AT,Austria,2001,2213,i
RL_NELC,Non-electrified railway lines,STD,Standard gauge,AT,Austria,2002,1936,i
RL_NELC,Non-electrified railway lines,STD,Standard gauge,AT,Austria,2003,2071,i
RL_NELC,Non-electrified railway lines,STD,Standard gauge,AT,Austria,2004,1962,i
RL_NELC,Non-electrified railway lines,STD,Standard gauge,AT,Austria,2005,2008,i
RL_NELC,Non-electrified railway lines,STD,Standard gauge,AT,Austria,2006,2014,i
RL_NELC,Non-electrified railway lines,STD,Standard gauge,AT,Austria,2007,2014,i
RL_NELC,Non-electrified railway lines,STD,Standard gauge,AT,Austria,2008,1986,i
RL_NELC,Non-electrified railway lines,STD,Standard gauge,AT,Austria,2009,1579,i
RL_NELC,Non-electrified railway lines,STD,Standard gauge,AT,Austria,2010,1794,
RL_NELC,Non-electrified railway lines,STD,Standard gauge,AT,Austria,2011,1569,
RL_NELC,Non-electrified railway lines,STD,Standard gauge,AT,Austria,2012,1546,
RL_NELC,Non-electrified railway lines,STD,Standard gauge,AT,Austria,2013,1509,
RL_NELC,Non-electrified railway lines,STD,Standard gauge,AT,Austria,2014,1506,
RL_NELC,Non-electrified railway lines,STD,Standard gauge,AT,Austria,2015,1448,
RL_NELC,Non-electrified railway lines,STD,Standard gauge,AT,Austria,2016,1409,
RL_NELC,Non-electrified railway lines,STD,Standard gauge,AT,Austria,2017,1424,
RL_NELC,Non-electrified railway lines,STD,Standard gauge,AT,Austria,2018,1418,
RL_NELC,Non-electrified railway lines,STD,Standard gauge,AT,Austria,2019,1415,
RL_NELC,Non-electrified railway lines,STD,Standard gauge,AT,Austria,2020,1390,
RL_NELC,Non-electrified railway lines,STD,Standard gauge,AT,Austria,2021,1375,
RL_NELC,Non-electrified railway lines,STD,Standard gauge,AT,Austria,2022,1335,
RL_NELC,Non-electrified railway lines,STD,Standard gauge,AT,Austria,2023,1233,
RL_NELC,Non-electrified railway lines,STD,Standard gauge,AT,Austria,2024,1238,
RL_NELC,Non-electrified railway lines,STD,Standard gauge,BA,Bosnia and Herzegovina,1990,193,i
RL_NELC,Non-electrified railway lines,STD,Standard gauge,BA,Bosnia and Herzegovina,1991,270,i
RL_NELC,Non-electrified railway lines,STD,Standard gauge,BA,Bosnia and Herzegovina,1992,281,i
RL_NELC,Non-electrified railway lines,STD,Standard gauge,BA,Bosnia and Herzegovina,1993,281,i
RL_NELC,Non-electrified railway lines,STD,Standard gauge,BA,Bosnia and Herzegovina,1994,281,i
RL_NELC,Non-electrified railway lines,STD,Standard gauge,BA,Bosnia and Herzegovina,1995,281,i
RL_NELC,Non-electrified railway lines,STD,Standard gauge,BA,Bosnia and Herzegovina,1996,255,i
RL_NELC,Non-electrified railway lines,STD,Standard gauge,BA,Bosnia and Herzegovina,1997,246,i
RL_NELC,Non-electrified railway lines,STD,Standard gauge,BA,Bosnia and Herzegovina,1998,254,i
RL_NELC,Non-electrified railway lines,STD,Standard gauge,BA,Bosnia and Herzegovina,1999,254,i
RL_NELC,Non-electrified railway lines,STD,Standard gauge,BA,Bosnia and Herzegovina,2000,254,i
RL_NELC,Non-electrified railway lines,STD,Standard gauge,BA,Bosnia and Herzegovina,2001,254,i
RL_NELC,Non-electrified railway lines,STD,Standard gauge,BA,Bosnia and Herzegovina,2002,254,i
RL_NELC,Non-electrified railway lines,STD,Standard gauge,BA,Bosnia and Herzegovina,2003,254,i
RL_NELC,Non-electrified railway lines,STD,Standard gauge,BA,Bosnia and Herzegovina,2004,254,i
RL_NELC,Non-electrified railway lines,STD,Standard gauge,BA,Bosnia and Herzegovina,2005,254,i
RL_NELC,Non-electrified railway lines,STD,Standard gauge,BA,Bosnia and Herzegovina,2006,254,i
RL_NELC,Non-electrified railway lines,STD,Standard gauge,BA,Bosnia and Herzegovina,2007,246,i
RL_NELC,Non-electrified railway lines,STD,Standard gauge,BA,Bosnia and Herzegovina,2008,246,i
RL_NELC,Non-electrified railway lines,STD,Standard gauge,BA,Bosnia and Herzegovina,2009,246,i
RL_NELC,Non-electrified railway lines,STD,Standard gauge,BA,Bosnia and Herzegovina,2010,255,i
RL_NELC,Non-electrified railway lines,STD,Standard gauge,BA,Bosnia and Herzegovina,2011,255,i
RL_NELC,Non-electrified railway lines,STD,Standard gauge,BA,Bosnia and Herzegovina,2012,255,i
RL_NELC,Non-electrified railway lines,STD,Standard gauge,BA,Bosnia and Herzegovina,2013,255,
RL_NELC,Non-electrified railway lines,STD,Standard gauge,BA,Bosnia and Herzegovina,2014,255,
RL_NELC,Non-electrified railway lines,STD,Standard gauge,BA,Bosnia and Herzegovina,2015,255,
RL_NELC,Non-electrified railway lines,STD,Standard gauge,BA,Bosnia and Herzegovina,2016,270,
RL_NELC,Non-electrified railway lines,STD,Standard gauge,BA,Bosnia and Herzegovina,2017,270,
RL_NELC,Non-electrified railway lines,STD,Standard gauge,BA,Bosnia and Herzegovina,2018,270,
RL_NELC,Non-electrified railway lines,STD,Standard gauge,BA,Bosnia and Herzegovina,2019,269,
RL_NELC,Non-electrified railway lines,STD,Standard gauge,BA,Bosnia and Herzegovina,2020,269,
RL_NELC,Non-electrified railway lines,STD,Standard gauge,BA,Bosnia and Herzegovina,2021,270,
RL_NELC,Non-electrified railway lines,STD,Standard gauge,BA,Bosnia and Herzegovina,2022,270,
RL_NELC,Non-electrified railway lines,STD,Standard gauge,BA,Bosnia and Herzegovina,2023,270,
RL_NELC,Non-electrified railway lines,STD,Standard gauge,BA,Bosnia and Herzegovina,2024,270,
RL_NELC,Non-electrified railway lines,STD,Standard gauge,BE,Belgium,1962,3645,
RL_NELC,Non-electrified railway lines,STD,Standard gauge,BE,Belgium,1990,1186,
RL_NELC,Non-electrified railway lines,STD,Standard gauge,BE,Belgium,1991,1175,
RL_NELC,Non-electrified railway lines,STD,Standard gauge,BE,Belgium,1992,1141,
RL_NELC,Non-electrified railway lines,STD,Standard gauge,BE,Belgium,1993,1047,
RL_NELC,Non-electrified railway lines,STD,Standard gauge,BE,Belgium,1994,1033,
RL_NELC,Non-electrified railway lines,STD,Standard gauge,BE,Belgium,1995,997,
RL_NELC,Non-electrified railway lines,STD,Standard gauge,BE,Belgium,1996,920,
RL_NELC,Non-electrified railway lines,STD,Standard gauge,BE,Belgium,1997,915,
RL_NELC,Non-electrified railway lines,STD,Standard gauge,BE,Belgium,1998,827,
RL_NELC,Non-electrified railway lines,STD,Standard gauge,BE,Belgium,1999,771,
RL_NELC,Non-electrified railway lines,STD,Standard gauge,BE,Belgium,2000,766,
RL_NELC,Non-electrified railway lines,STD,Standard gauge,BE,Belgium,2001,753,
RL_NELC,Non-electrified railway lines,STD,Standard gauge,BE,Belgium,2002,584,
RL_NELC,Non-electrified railway lines,STD,Standard gauge,BE,Belgium,2003,594,
RL_NELC,Non-electrified railway lines,STD,Standard gauge,BE,Belgium,2004,586,
RL_NELC,Non-electrified railway lines,STD,Standard gauge,BE,Belgium,2005,567,
RL_NELC,Non-electrified railway lines,STD,Standard gauge,BE,Belgium,2006,567,
RL_NELC,Non-electrified railway lines,STD,Standard gauge,BE,Belgium,2007,572,
RL_NELC,Non-electrified railway lines,STD,Standard gauge,BE,Belgium,2008,558,
RL_NELC,Non-electrified railway lines,STD,Standard gauge,BE,Belgium,2009,573,
RL_NELC,Non-electrified railway lines,STD,Standard gauge,BE,Belgium,2010,575,
RL_NELC,Non-electrified railway lines,STD,Standard gauge,BE,Belgium,2011,555,
RL_NELC,Non-electrified railway lines,STD,Standard gauge,BE,Belgium,2012,537,
RL_NELC,Non-electrified railway lines,STD,Standard gauge,BE,Belgium,2013,540.062,
RL_NELC,Non-electrified railway lines,STD,Standard gauge,BE,Belgium,2014,542.535,
RL_NELC,Non-electrified railway lines,STD,Standard gauge,BE,Belgium,2015,518.611,
RL_NELC,Non-electrified railway lines,STD,Standard gauge,BE,Belgium,2016,515.879,
RL_NELC,Non-electrified railway lines,STD,Standard gauge,BE,Belgium,2017,512.981,
RL_NELC,Non-electrified railway lines,STD,Standard gauge,BE,Belgium,2018,511.634,
RL_NELC,Non-electrified railway lines,STD,Standard gauge,BE,Belgium,2019,513.965,
RL_NELC,Non-electrified railway lines,STD,Standard gauge,BE,Belgium,2020,515.668,
RL_NELC,Non-electrified railway lines,STD,Standard gauge,BE,Belgium,2021,485.468,
RL_NELC,Non-electrified railway lines,STD,Standard gauge,BE,Belgium,2022,434,
RL_NELC,Non-electrified railway lines,STD,Standard gauge,BE,Belgium,2023,434,
RL_NELC,Non-electrified railway lines,STD,Standard gauge,BE,Belgium,2024,434,
RL_NELC,Non-electrified railway lines,STD,Standard gauge,BG,Bulgaria,1990,1414,
RL_NELC,Non-electrified railway lines,STD,Standard gauge,BG,Bulgaria,1991,1414,
RL_NELC,Non-electrified railway lines,STD,Standard gauge,BG,Bulgaria,1992,1399,
RL_NELC,Non-electrified railway lines,STD,Standard gauge,BG,Bulgaria,1993,1399,
RL_NELC,Non-electrified railway lines,STD,Standard gauge,BG,Bulgaria,1994,1401,
RL_NELC,Non-electrified railway lines,STD,Standard gauge,BG,Bulgaria,1995,1392,
RL_NELC,Non-electrified railway lines,STD,Standard gauge,BG,Bulgaria,1996,1338,
RL_NELC,Non-electrified railway lines,STD,Standard gauge,BG,Bulgaria,1997,1336,
RL_NELC,Non-electrified railway lines,STD,Standard gauge,BG,Bulgaria,1998,1337,
RL_NELC,Non-electrified railway lines,STD,Standard gauge,BG,Bulgaria,1999,1337,
RL_NELC,Non-electrified railway lines,STD,Standard gauge,BG,Bulgaria,2000,1331,
RL_NELC,Non-electrified railway lines,STD,Standard gauge,BG,Bulgaria,2001,1228.6,
RL_NELC,Non-electrified railway lines,STD,Standard gauge,BG,Bulgaria,2002,1226.3,
RL_NELC,Non-electrified railway lines,STD,Standard gauge,BG,Bulgaria,2003,1200.5,
RL_NELC,Non-electrified railway lines,STD,Standard gauge,BG,Bulgaria,2004,1176.9,
RL_NELC,Non-electrified railway lines,STD,Standard gauge,BG,Bulgaria,2005,1149,
RL_NELC,Non-electrified railway lines,STD,Standard gauge,BG,Bulgaria,2006,1109,
RL_NELC,Non-electrified railway lines,STD,Standard gauge,BG,Bulgaria,2007,1212,
RL_NELC,Non-electrified railway lines,STD,Standard gauge,BG,Bulgaria,2008,1192,
RL_NELC,Non-electrified railway lines,STD,Standard gauge,BG,Bulgaria,2009,1192,
RL_NELC,Non-electrified railway lines,STD,Standard gauge,BG,Bulgaria,2010,1188,
RL_NELC,Non-electrified railway lines,STD,Standard gauge,BG,Bulgaria,2011,1084,
RL_NELC,Non-electrified railway lines,STD,Standard gauge,BG,Bulgaria,2012,1083,
RL_NELC,Non-electrified railway lines,STD,Standard gauge,BG,Bulgaria,2013,1038,
RL_NELC,Non-electrified railway lines,STD,Standard gauge,BG,Bulgaria,2014,1037,
RL_NELC,Non-electrified railway lines,STD,Standard gauge,BG,Bulgaria,2015,1035,
RL_NELC,Non-electrified railway lines,STD,Standard gauge,BG,Bulgaria,2016,1036,
RL_NELC,Non-electrified railway lines,STD,Standard gauge,BG,Bulgaria,2017,1035,
RL_NELC,Non-electrified railway lines,STD,Standard gauge,BG,Bulgaria,2018,1036,
RL_NELC,Non-electrified railway lines,STD,Standard gauge,BG,Bulgaria,2019,1035,
RL_NELC,Non-electrified railway lines,STD,Standard gauge,BG,Bulgaria,2020,1033,
RL_NELC,Non-electrified railway lines,STD,Standard gauge,BG,Bulgaria,2021,905,
RL_NELC,Non-electrified railway lines,STD,Standard gauge,BG,Bulgaria,2022,899,
RL_NELC,Non-electrified railway lines,STD,Standard gauge,BG,Bulgaria,2023,903,
RL_NELC,Non-electrified railway lines,STD,Standard gauge,BG,Bulgaria,2024,899,
RL_NELC,Non-electrified railway lines,STD,Standard gauge,CH,Switzerland,1990,41,i
RL_NELC,Non-electrified railway lines,STD,Standard gauge,CH,Switzerland,1991,41,i
RL_NELC,Non-electrified railway lines,STD,Standard gauge,CH,Switzerland,1992,44,i
RL_NELC,Non-electrified railway lines,STD,Standard gauge,CH,Switzerland,1993,44,i
RL_NELC,Non-electrified railway lines,STD,Standard gauge,CH,Switzerland,1994,44,i
RL_NELC,Non-electrified railway lines,STD,Standard gauge,CH,Switzerland,1995,44,i
RL_NELC,Non-electrified railway lines,STD,Standard gauge,CH,Switzerland,1996,42,i
RL_NELC,Non-electrified railway lines,STD,Standard gauge,CH,Switzerland,1997,36,i
RL_NELC,Non-electrified railway lines,STD,Standard gauge,CH,Switzerland,1998,36,i
RL_NELC,Non-electrified railway lines,STD,Standard gauge,CH,Switzerland,1999,36,i
RL_NELC,Non-electrified railway lines,STD,Standard gauge,CH,Switzerland,2000,47,i
RL_NELC,Non-electrified railway lines,STD,Standard gauge,CH,Switzerland,2001,39,i
RL_NELC,Non-electrified railway lines,STD,Standard gauge,CH,Switzerland,2002,40,i
RL_NELC,Non-electrified railway lines,STD,Standard gauge,CH,Switzerland,2003,28,i
RL_NELC,Non-electrified railway lines,STD,Standard gauge,CH,Switzerland,2004,28,i
RL_NELC,Non-electrified railway lines,STD,Standard gauge,CH,Switzerland,2005,28,i
RL_NELC,Non-electrified railway lines,STD,Standard gauge,CH,Switzerland,2006,28,i
RL_NELC,Non-electrified railway lines,STD,Standard gauge,CH,Switzerland,2007,28,i
RL_NELC,Non-electrified railway lines,STD,Standard gauge,CH,Switzerland,2008,28,i
RL_NELC,Non-electrified railway lines,STD,Standard gauge,CH,Switzerland,2009,28,i
RL_NELC,Non-electrified railway lines,STD,Standard gauge,CH,Switzerland,2010,28,i
RL_NELC,Non-electrified railway lines,STD,Standard gauge,CH,Switzerland,2011,28,i
RL_NELC,Non-electrified railway lines,STD,Standard gauge,CH,Switzerland,2012,28,i
RL_NELC,Non-electrified railway lines,STD,Standard gauge,CH,Switzerland,2013,9,i
RL_NELC,Non-electrified railway lines,STD,Standard gauge,CH,Switzerland,2014,8.9,i
RL_NELC,Non-electrified railway lines,STD,Standard gauge,CH,Switzerland,2015,9,i
RL_NELC,Non-electrified railway lines,STD,Standard gauge,CH,Switzerland,2016,9,i
RL_NELC,Non-electrified railway lines,STD,Standard gauge,CH,Switzerland,2017,9,i
RL_NELC,Non-electrified railway lines,STD,Standard gauge,CH,Switzerland,2018,9,i
RL_NELC,Non-electrified railway lines,STD,Standard gauge,CH,Switzerland,2019,9,i
RL_NELC,Non-electrified railway lines,STD,Standard gauge,CH,Switzerland,2020,11.78,
RL_NELC,Non-electrified railway lines,STD,Standard gauge,CH,Switzerland,2021,9,i
RL_NELC,Non-electrified railway lines,STD,Standard gauge,CH,Switzerland,2022,9,i
RL_NELC,Non-electrified railway lines,STD,Standard gauge,CH,Switzerland,2023,9,i
RL_NELC,Non-electrified railway lines,STD,Standard gauge,CH,Switzerland,2024,9,i
RL_NELC,Non-electrified railway lines,STD,Standard gauge,CZ,Czechia,1993,6639,
RL_NELC,Non-electrified railway lines,STD,Standard gauge,CZ,Czechia,1994,6575,
RL_NELC,Non-electrified railway lines,STD,Standard gauge,CZ,Czechia,1995,6593,
RL_NELC,Non-electrified railway lines,STD,Standard gauge,CZ,Czechia,1996,6482,
RL_NELC,Non-electrified railway lines,STD,Standard gauge,CZ,Czechia,1997,6477,
RL_NELC,Non-electrified railway lines,STD,Standard gauge,CZ,Czechia,1998,6477,
RL_NELC,Non-electrified railway lines,STD,Standard gauge,CZ,Czechia,1999,6499,
RL_NELC,Non-electrified railway lines,STD,Standard gauge,CZ,Czechia,2000,6499,
RL_NELC,Non-electrified railway lines,STD,Standard gauge,CZ,Czechia,2001,6530,
RL_NELC,Non-electrified railway lines,STD,Standard gauge,CZ,Czechia,2002,6574,
RL_NELC,Non-electrified railway lines,STD,Standard gauge,CZ,Czechia,2003,6559,
RL_NELC,Non-electrified railway lines,STD,Standard gauge,CZ,Czechia,2004,6531,
RL_NELC,Non-electrified railway lines,STD,Standard gauge,CZ,Czechia,2005,6517,
RL_NELC,Non-electrified railway lines,STD,Standard gauge,CZ,Czechia,2006,6456,
RL_NELC,Non-electrified railway lines,STD,Standard gauge,CZ,Czechia,2007,6428,
RL_NELC,Non-electrified railway lines,STD,Standard gauge,CZ,Czechia,2008,6408,
RL_NELC,Non-electrified railway lines,STD,Standard gauge,CZ,Czechia,2009,6326,
RL_NELC,Non-electrified railway lines,STD,Standard gauge,CZ,Czechia,2010,6255,
RL_NELC,Non-electrified railway lines,STD,Standard gauge,CZ,Czechia,2011,6262,
RL_NELC,Non-electrified railway lines,STD,Standard gauge,CZ,Czechia,2012,6251,
RL_NELC,Non-electrified railway lines,STD,Standard gauge,CZ,Czechia,2013,6243,
RL_NELC,Non-electrified railway lines,STD,Standard gauge,CZ,Czechia,2014,6241,
RL_NELC,Non-electrified railway lines,STD,Standard gauge,CZ,Czechia,2015,6230,
RL_NELC,Non-electrified railway lines,STD,Standard gauge,CZ,Czechia,2016,6229,
RL_NELC,Non-electrified railway lines,STD,Standard gauge,CZ,Czechia,2017,6231,
RL_NELC,Non-electrified railway lines,STD,Standard gauge,CZ,Czechia,2018,6235,
RL_NELC,Non-electrified railway lines,STD,Standard gauge,CZ,Czechia,2019,6229,
RL_NELC,Non-electrified railway lines,STD,Standard gauge,CZ,Czechia,2020,6205,
RL_NELC,Non-electrified railway lines,STD,Standard gauge,CZ,Czechia,2021,6188,
RL_NELC,Non-electrified railway lines,STD,Standard gauge,CZ,Czechia,2022,6186,
RL_NELC,Non-electrified railway lines,STD,Standard gauge,CZ,Czechia,2023,6136,
RL_NELC,Non-electrified railway lines,STD,Standard gauge,CZ,Czechia,2024,6136,
RL_NELC,Non-electrified railway lines,STD,Standard gauge,DE,Germany,1962,26103,
RL_NELC,Non-electrified railway lines,STD,Standard gauge,DE,Germany,1992,24073,
RL_NELC,Non-electrified railway lines,STD,Standard gauge,DE,Germany,1993,23594,
RL_NELC,Non-electrified railway lines,STD,Standard gauge,DE,Germany,1994,23508,
RL_NELC,Non-electrified railway lines,STD,Standard gauge,DE,Germany,1998,19221,
RL_NELC,Non-electrified railway lines,STD,Standard gauge,DE,Germany,1999,18542,
RL_NELC,Non-electrified railway lines,STD,Standard gauge,DE,Germany,2000,17459.04,
RL_NELC,Non-electrified railway lines,STD,Standard gauge,DE,Germany,2001,16819,
RL_NELC,Non-electrified railway lines,STD,Standard gauge,DE,Germany,2002,16501,
RL_NELC,Non-electrified railway lines,STD,Standard gauge,DE,Germany,2010,18295,i
RL_NELC,Non-electrified railway lines,STD,Standard gauge,DE,Germany,2011,18166,i
RL_NELC,Non-electrified railway lines,STD,Standard gauge,DE,Germany,2012,18095,i
RL_NELC,Non-electrified railway lines,STD,Standard gauge,DE,Germany,2013,18006.464,i
RL_NELC,Non-electrified railway lines,STD,Standard gauge,DE,Germany,2014,17891.102,i
RL_NELC,Non-electrified railway lines,STD,Standard gauge,DE,Germany,2015,17863.589,i
RL_NELC,Non-electrified railway lines,STD,Standard gauge,DE,Germany,2016,17804.953,i
RL_NELC,Non-electrified railway lines,STD,Standard gauge,DE,Germany,2017,17859.677,i
RL_NELC,Non-electrified railway lines,STD,Standard gauge,DE,Germany,2018,18056.102,i
RL_NELC,Non-electrified railway lines,STD,Standard gauge,DE,Germany,2019,17831.679,i
RL_NELC,Non-electrified railway lines,STD,Standard gauge,DE,Germany,2020,17545.899,i
RL_NELC,Non-electrified railway lines,STD,Standard gauge,DE,Germany,2021,17328.419,i
RL_NELC,Non-electrified railway lines,STD,Standard gauge,DK,Denmark,1990,2628,i
RL_NELC,Non-electrified railway lines,STD,Standard gauge,DK,Denmark,1991,2518,i
RL_NELC,Non-electrified railway lines,STD,Standard gauge,DK,Denmark,1992,2493,i
RL_NELC,Non-electrified railway lines,STD,Standard gauge,DK,Denmark,1993,2493,i
RL_NELC,Non-electrified railway lines,STD,Standard gauge,DK,Denmark,1994,2493,i
RL_NELC,Non-electrified railway lines,STD,Standard gauge,DK,Denmark,1995,2493,i
RL_NELC,Non-electrified railway lines,STD,Standard gauge,DK,Denmark,1996,2493,i
RL_NELC,Non-electrified railway lines,STD,Standard gauge,DK,Denmark,1997,2161,i
RL_NELC,Non-electrified railway lines,STD,Standard gauge,DK,Denmark,1998,2162,i
RL_NELC,Non-electrified railway lines,STD,Standard gauge,DK,Denmark,1999,2163,i
RL_NELC,Non-electrified railway lines,STD,Standard gauge,DK,Denmark,2000,2163,i
RL_NELC,Non-electrified railway lines,STD,Standard gauge,DK,Denmark,2001,2163,i
RL_NELC,Non-electrified railway lines,STD,Standard gauge,DK,Denmark,2002,2163,i
RL_NELC,Non-electrified railway lines,STD,Standard gauge,DK,Denmark,2003,2163,i
RL_NELC,Non-electrified railway lines,STD,Standard gauge,DK,Denmark,2004,2027,i
RL_NELC,Non-electrified railway lines,STD,Standard gauge,DK,Denmark,2005,2027,i
RL_NELC,Non-electrified railway lines,STD,Standard gauge,DK,Denmark,2006,2027,i
RL_NELC,Non-electrified railway lines,STD,Standard gauge,DK,Denmark,2007,1987,i
RL_NELC,Non-electrified railway lines,STD,Standard gauge,DK,Denmark,2008,1985,i
RL_NELC,Non-electrified railway lines,STD,Standard gauge,DK,Denmark,2009,1985,i
RL_NELC,Non-electrified railway lines,STD,Standard gauge,DK,Denmark,2010,1985,i
RL_NELC,Non-electrified railway lines,STD,Standard gauge,DK,Denmark,2011,1994,i
RL_NELC,Non-electrified railway lines,STD,Standard gauge,DK,Denmark,2012,1994,i
RL_NELC,Non-electrified railway lines,STD,Standard gauge,DK,Denmark,2013,1994,
RL_NELC,Non-electrified railway lines,STD,Standard gauge,DK,Denmark,2014,1991,
RL_NELC,Non-electrified railway lines,STD,Standard gauge,DK,Denmark,2015,1931,
RL_NELC,Non-electrified railway lines,STD,Standard gauge,DK,Denmark,2016,1918,
RL_NELC,Non-electrified railway lines,STD,Standard gauge,DK,Denmark,2017,1855,
RL_NELC,Non-electrified railway lines,STD,Standard gauge,DK,Denmark,2018,1751,
RL_NELC,Non-electrified railway lines,STD,Standard gauge,DK,Denmark,2019,1806,
RL_NELC,Non-electrified railway lines,STD,Standard gauge,DK,Denmark,2020,1709,
RL_NELC,Non-electrified railway lines,STD,Standard gauge,DK,Denmark,2021,1682,
RL_NELC,Non-electrified railway lines,STD,Standard gauge,DK,Denmark,2022,1646,
RL_NELC,Non-electrified railway lines,STD,Standard gauge,DK,Denmark,2023,1613,
RL_NELC,Non-electrified railway lines,STD,Standard gauge,DK,Denmark,2024,1582,
RL_NELC,Non-electrified railway lines,STD,Standard gauge,EE,Estonia,1990,0,
RL_NELC,Non-electrified railway lines,STD,Standard gauge,EE,Estonia,1991,0,
RL_NELC,Non-electrified railway lines,STD,Standard gauge,EE,Estonia,1992,0,
RL_NELC,Non-electrified railway lines,STD,Standard gauge,EE,Estonia,1993,0,
RL_NELC,Non-electrified railway lines,STD,Standard gauge,EE,Estonia,1994,0,
RL_NELC,Non-electrified railway lines,STD,Standard gauge,EE,Estonia,1995,0,
RL_NELC,Non-electrified railway lines,STD,Standard gauge,EE,Estonia,1996,0,
RL_NELC,Non-electrified railway lines,STD,Standard gauge,EE,Estonia,1997,0,
RL_NELC,Non-electrified railway lines,STD,Standard gauge,EE,Estonia,1998,0,
RL_NELC,Non-electrified railway lines,STD,Standard gauge,EE,Estonia,1999,0,
RL_NELC,Non-electrified railway lines,STD,Standard gauge,EE,Estonia,2000,0,
RL_NELC,Non-electrified railway lines,STD,Standard gauge,EE,Estonia,2001,0,
RL_NELC,Non-electrified railway lines,STD,Standard gauge,EE,Estonia,2002,0,
RL_NELC,Non-electrified railway lines,STD,Standard gauge,EE,Estonia,2003,0,
RL_NELC,Non-electrified railway lines,STD,Standard gauge,EE,Estonia,2004,0,
RL_NELC,Non-electrified railway lines,STD,Standard gauge,EE,Estonia,2005,0,
RL_NELC,Non-electrified railway lines,STD,Standard gauge,EE,Estonia,2006,0,
RL_NELC,Non-electrified railway lines,STD,Standard gauge,EE,Estonia,2007,0,
RL_NELC,Non-electrified railway lines,STD,Standard gauge,EE,Estonia,2008,0,
RL_NELC,Non-electrified railway lines,STD,Standard gauge,EE,Estonia,2009,0,
RL_NELC,Non-electrified railway lines,STD,Standard gauge,EE,Estonia,2010,0,
RL_NELC,Non-electrified railway lines,STD,Standard gauge,EE,Estonia,2011,0,
RL_NELC,Non-electrified railway lines,STD,Standard gauge,EE,Estonia,2012,0,
RL_NELC,Non-electrified railway lines,STD,Standard gauge,EE,Estonia,2013,0,
RL_NELC,Non-electrified railway lines,STD,Standard gauge,EE,Estonia,2014,0,
RL_NELC,Non-electrified railway lines,STD,Standard gauge,EE,Estonia,2015,0,
RL_NELC,Non-electrified railway lines,STD,Standard gauge,EE,Estonia,2016,0,
RL_NELC,Non-electrified railway lines,STD,Standard gauge,EE,Estonia,2017,0,
RL_NELC,Non-electrified railway lines,STD,Standard gauge,EE,Estonia,2018,0,
RL_NELC,Non-electrified railway lines,STD,Standard gauge,EE,Estonia,2019,0,
RL_NELC,Non-electrified railway lines,STD,Standard gauge,EE,Estonia,2020,0,
RL_NELC,Non-electrified railway lines,STD,Standard gauge,EE,Estonia,2021,0,
RL_NELC,Non-electrified railway lines,STD,Standard gauge,EE,Estonia,2022,0,
RL_NELC,Non-electrified railway lines,STD,Standard gauge,EE,Estonia,2023,0,
RL_NELC,Non-electrified railway lines,STD,Standard gauge,EE,Estonia,2024,0,
RL_NELC,Non-electrified railway lines,STD,Standard gauge,EL,Greece,1990,1565,
RL_NELC,Non-electrified railway lines,STD,Standard gauge,EL,Greece,1991,1565,
RL_NELC,Non-electrified railway lines,STD,Standard gauge,EL,Greece,1992,1565,
RL_NELC,Non-electrified railway lines,STD,Standard gauge,EL,Greece,1993,1565,
RL_NELC,Non-electrified railway lines,STD,Standard gauge,EL,Greece,1994,1565,
RL_NELC,Non-electrified railway lines,STD,Standard gauge,EL,Greece,1995,1565,
RL_NELC,Non-electrified railway lines,STD,Standard gauge,EL,Greece,1996,1565,
RL_NELC,Non-electrified railway lines,STD,Standard gauge,EL,Greece,1997,1565,
RL_NELC,Non-electrified railway lines,STD,Standard gauge,EL,Greece,1998,1565,
RL_NELC,Non-electrified railway lines,STD,Standard gauge,EL,Greece,1999,1565,
RL_NELC,Non-electrified railway lines,STD,Standard gauge,EL,Greece,2000,1569,
RL_NELC,Non-electrified railway lines,STD,Standard gauge,EL,Greece,2001,1561,
RL_NELC,Non-electrified railway lines,STD,Standard gauge,EL,Greece,2002,1561,
RL_NELC,Non-electrified railway lines,STD,Standard gauge,EL,Greece,2003,1573,
RL_NELC,Non-electrified railway lines,STD,Standard gauge,EL,Greece,2004,1603,
RL_NELC,Non-electrified railway lines,STD,Standard gauge,EL,Greece,2005,1743,
RL_NELC,Non-electrified railway lines,STD,Standard gauge,EL,Greece,2006,1652,
RL_NELC,Non-electrified railway lines,STD,Standard gauge,EL,Greece,2007,1579,
RL_NELC,Non-electrified railway lines,STD,Standard gauge,EL,Greece,2008,1515,
RL_NELC,Non-electrified railway lines,STD,Standard gauge,EL,Greece,2009,1516,
RL_NELC,Non-electrified railway lines,STD,Standard gauge,EL,Greece,2010,1412,
RL_NELC,Non-electrified railway lines,STD,Standard gauge,EL,Greece,2011,1344,
RL_NELC,Non-electrified railway lines,STD,Standard gauge,EL,Greece,2012,1344,
RL_NELC,Non-electrified railway lines,STD,Standard gauge,EL,Greece,2013,1402,
RL_NELC,Non-electrified railway lines,STD,Standard gauge,EL,Greece,2014,1313,
RL_NELC,Non-electrified railway lines,STD,Standard gauge,EL,Greece,2015,1286,
RL_NELC,Non-electrified railway lines,STD,Standard gauge,EL,Greece,2016,1289,
RL_NELC,Non-electrified railway lines,STD,Standard gauge,EL,Greece,2017,1277,
RL_NELC,Non-electrified railway lines,STD,Standard gauge,EL,Greece,2018,1183,
RL_NELC,Non-electrified railway lines,STD,Standard gauge,EL,Greece,2019,1118,
RL_NELC,Non-electrified railway lines,STD,Standard gauge,EL,Greece,2020,1183,
RL_NELC,Non-electrified railway lines,STD,Standard gauge,EL,Greece,2021,1189,
RL_NELC,Non-electrified railway lines,STD,Standard gauge,EL,Greece,2022,1152,
RL_NELC,Non-electrified railway lines,STD,Standard gauge,EL,Greece,2023,1000,
RL_NELC,Non-electrified railway lines,STD,Standard gauge,EL,Greece,2024,980,
RL_NELC,Non-electrified railway lines,STD,Standard gauge,ES,Spain,1990,0,
RL_NELC,Non-electrified railway lines,STD,Standard gauge,ES,Spain,1991,0,
RL_NELC,Non-electrified railway lines,STD,Standard gauge,ES,Spain,1992,0,
RL_NELC,Non-electrified railway lines,STD,Standard gauge,ES,Spain,1993,0,
RL_NELC,Non-electrified railway lines,STD,Standard gauge,ES,Spain,1994,0,
RL_NELC,Non-electrified railway lines,STD,Standard gauge,ES,Spain,1995,0,
RL_NELC,Non-electrified railway lines,STD,Standard gauge,ES,Spain,1996,0,
RL_NELC,Non-electrified railway lines,STD,Standard gauge,ES,Spain,1997,0,
RL_NELC,Non-electrified railway lines,STD,Standard gauge,ES,Spain,1998,0,
RL_NELC,Non-electrified railway lines,STD,Standard gauge,ES,Spain,1999,0,
RL_NELC,Non-electrified railway lines,STD,Standard gauge,ES,Spain,2000,0,
RL_NELC,Non-electrified railway lines,STD,Standard gauge,ES,Spain,2001,0,
RL_NELC,Non-electrified railway lines,STD,Standard gauge,ES,Spain,2002,0,
RL_NELC,Non-electrified railway lines,STD,Standard gauge,ES,Spain,2003,0,
RL_NELC,Non-electrified railway lines,STD,Standard gauge,ES,Spain,2004,0,
RL_NELC,Non-electrified railway lines,STD,Standard gauge,ES,Spain,2005,0,
RL_NELC,Non-electrified railway lines,STD,Standard gauge,ES,Spain,2006,0,
RL_NELC,Non-electrified railway lines,STD,Standard gauge,ES,Spain,2007,0,
RL_NELC,Non-electrified railway lines,STD,Standard gauge,ES,Spain,2008,0,
RL_NELC,Non-electrified railway lines,STD,Standard gauge,ES,Spain,2009,0,
RL_NELC,Non-electrified railway lines,STD,Standard gauge,ES,Spain,2010,0,
RL_NELC,Non-electrified railway lines,STD,Standard gauge,ES,Spain,2011,0,
RL_NELC,Non-electrified railway lines,STD,Standard gauge,ES,Spain,2012,0,
RL_NELC,Non-electrified railway lines,STD,Standard gauge,ES,Spain,2013,0,
RL_NELC,Non-electrified railway lines,STD,Standard gauge,ES,Spain,2014,0,
RL_NELC,Non-electrified railway lines,STD,Standard gauge,ES,Spain,2015,0,
RL_NELC,Non-electrified railway lines,STD,Standard gauge,ES,Spain,2016,0,
RL_NELC,Non-electrified railway lines,STD,Standard gauge,ES,Spain,2017,0,
RL_NELC,Non-electrified railway lines,STD,Standard gauge,ES,Spain,2018,0,
RL_NELC,Non-electrified railway lines,STD,Standard gauge,ES,Spain,2019,0,
RL_NELC,Non-electrified railway lines,STD,Standard gauge,ES,Spain,2020,0,
RL_NELC,Non-electrified railway lines,STD,Standard gauge,ES,Spain,2021,0,
RL_NELC,Non-electrified railway lines,STD,Standard gauge,ES,Spain,2022,0,
RL_NELC,Non-electrified railway lines,STD,Standard gauge,ES,Spain,2023,0,
RL_NELC,Non-electrified railway lines,STD,Standard gauge,ES,Spain,2024,0.6,
RL_NELC,Non-electrified railway lines,STD,Standard gauge,EU27_2020,European Union - 27 countries (from 2020),2010,77976.12,
RL_NELC,Non-electrified railway lines,STD,Standard gauge,EU27_2020,European Union - 27 countries (from 2020),2012,76794.8,
RL_NELC,Non-electrified railway lines,STD,Standard gauge,EU27_2020,European Union - 27 countries (from 2020),2013,75529.826,
RL_NELC,Non-electrified railway lines,STD,Standard gauge,EU27_2020,European Union - 27 countries (from 2020),2014,73917.247,
RL_NELC,Non-electrified railway lines,STD,Standard gauge,EU27_2020,European Union - 27 countries (from 2020),2015,73287.4,
RL_NELC,Non-electrified railway lines,STD,Standard gauge,EU27_2020,European Union - 27 countries (from 2020),2016,72874.032,
RL_NELC,Non-electrified railway lines,STD,Standard gauge,EU27_2020,European Union - 27 countries (from 2020),2017,72767.225,
RL_NELC,Non-electrified railway lines,STD,Standard gauge,EU27_2020,European Union - 27 countries (from 2020),2018,72113.516,
RL_NELC,Non-electrified railway lines,STD,Standard gauge,EU27_2020,European Union - 27 countries (from 2020),2019,71751.424,
RL_NELC,Non-electrified railway lines,STD,Standard gauge,EU27_2020,European Union - 27 countries (from 2020),2020,71011.667,
RL_NELC,Non-electrified railway lines,STD,Standard gauge,EU27_2020,European Union - 27 countries (from 2020),2021,70210.987,
RL_NELC,Non-electrified railway lines,STD,Standard gauge,EU27_2020,European Union - 27 countries (from 2020),2022,69692.177,
RL_NELC,Non-electrified railway lines,STD,Standard gauge,EU27_2020,European Union - 27 countries (from 2020),2023,69038.4,
RL_NELC,Non-electrified railway lines,STD,Standard gauge,EU27_2020,European Union - 27 countries (from 2020),2024,68501,
RL_NELC,Non-electrified railway lines,STD,Standard gauge,FI,Finland,2008,0,
RL_NELC,Non-electrified railway lines,STD,Standard gauge,FI,Finland,2009,0,
RL_NELC,Non-electrified railway lines,STD,Standard gauge,FI,Finland,2010,0,
RL_NELC,Non-electrified railway lines,STD,Standard gauge,FI,Finland,2012,0,
RL_NELC,Non-electrified railway lines,STD,Standard gauge,FI,Finland,2013,0,
RL_NELC,Non-electrified railway lines,STD,Standard gauge,FI,Finland,2014,0,
RL_NELC,Non-electrified railway lines,STD,Standard gauge,FI,Finland,2015,0,
RL_NELC,Non-electrified railway lines,STD,Standard gauge,FI,Finland,2016,0,
RL_NELC,Non-electrified railway lines,STD,Standard gauge,FI,Finland,2017,0,
RL_NELC,Non-electrified railway lines,STD,Standard gauge,FI,Finland,2018,0,
RL_NELC,Non-electrified railway lines,STD,Standard gauge,FI,Finland,2019,0,
RL_NELC,Non-electrified railway lines,STD,Standard gauge,FI,Finland,2020,0,
RL_NELC,Non-electrified railway lines,STD,Standard gauge,FI,Finland,2021,0,
RL_NELC,Non-electrified railway lines,STD,Standard gauge,FI,Finland,2022,0,
RL_NELC,Non-electrified railway lines,STD,Standard gauge,FI,Finland,2023,0,
RL_NELC,Non-electrified railway lines,STD,Standard gauge,FI,Finland,2024,0,
RL_NELC,Non-electrified railway lines,STD,Standard gauge,FR,France,1962,29743,
RL_NELC,Non-electrified railway lines,STD,Standard gauge,FR,France,1990,21786,
RL_NELC,Non-electrified railway lines,STD,Standard gauge,FR,France,1991,21103,
RL_NELC,Non-electrified railway lines,STD,Standard gauge,FR,France,1992,20595,
RL_NELC,Non-electrified railway lines,STD,Standard gauge,FR,France,1993,18708,
RL_NELC,Non-electrified railway lines,STD,Standard gauge,FR,France,1994,18235,
RL_NELC,Non-electrified railway lines,STD,Standard gauge,FR,France,1995,17842,
RL_NELC,Non-electrified railway lines,STD,Standard gauge,FR,France,1996,17377,
RL_NELC,Non-electrified railway lines,STD,Standard gauge,FR,France,1997,17342,
RL_NELC,Non-electrified railway lines,STD,Standard gauge,FR,France,1998,17317,
RL_NELC,Non-electrified railway lines,STD,Standard gauge,FR,France,1999,17229,
RL_NELC,Non-electrified railway lines,STD,Standard gauge,FR,France,2000,16877,
RL_NELC,Non-electrified railway lines,STD,Standard gauge,FR,France,2001,16621,
RL_NELC,Non-electrified railway lines,STD,Standard gauge,FR,France,2002,16558,
RL_NELC,Non-electrified railway lines,STD,Standard gauge,FR,France,2003,16228,
RL_NELC,Non-electrified railway lines,STD,Standard gauge,FR,France,2004,15991,
RL_NELC,Non-electrified railway lines,STD,Standard gauge,FR,France,2005,15819,
RL_NELC,Non-electrified railway lines,STD,Standard gauge,FR,France,2006,15778,
RL_NELC,Non-electrified railway lines,STD,Standard gauge,FR,France,2007,15732,
RL_NELC,Non-electrified railway lines,STD,Standard gauge,FR,France,2008,15398,
RL_NELC,Non-electrified railway lines,STD,Standard gauge,FR,France,2009,15208,
RL_NELC,Non-electrified railway lines,STD,Standard gauge,FR,France,2010,14581,
RL_NELC,Non-electrified railway lines,STD,Standard gauge,FR,France,2011,14288,
RL_NELC,Non-electrified railway lines,STD,Standard gauge,FR,France,2012,14396,
RL_NELC,Non-electrified railway lines,STD,Standard gauge,FR,France,2013,14391,
RL_NELC,Non-electrified railway lines,STD,Standard gauge,FR,France,2014,13236,
RL_NELC,Non-electrified railway lines,STD,Standard gauge,FR,France,2015,12753,
RL_NELC,Non-electrified railway lines,STD,Standard gauge,FR,France,2016,12200,
RL_NELC,Non-electrified railway lines,STD,Standard gauge,FR,France,2017,12001.367,
RL_NELC,Non-electrified railway lines,STD,Standard gauge,FR,France,2018,11474,
RL_NELC,Non-electrified railway lines,STD,Standard gauge,FR,France,2019,11350,
RL_NELC,Non-electrified railway lines,STD,Standard gauge,FR,France,2020,11133,
RL_NELC,Non-electrified railway lines,STD,Standard gauge,FR,France,2021,10936,
RL_NELC,Non-electrified railway lines,STD,Standard gauge,FR,France,2022,10755,
RL_NELC,Non-electrified railway lines,STD,Standard gauge,FR,France,2023,10748,
RL_NELC,Non-electrified railway lines,STD,Standard gauge,FR,France,2024,10305,
RL_NELC,Non-electrified railway lines,STD,Standard gauge,GE,Georgia,1995,0,
RL_NELC,Non-electrified railway lines,STD,Standard gauge,GE,Georgia,1996,0,
RL_NELC,Non-electrified railway lines,STD,Standard gauge,GE,Georgia,1997,0,
RL_NELC,Non-electrified railway lines,STD,Standard gauge,GE,Georgia,1998,0,
RL_NELC,Non-electrified railway lines,STD,Standard gauge,GE,Georgia,1999,0,
RL_NELC,Non-electrified railway lines,STD,Standard gauge,GE,Georgia,2012,0,
RL_NELC,Non-electrified railway lines,STD,Standard gauge,GE,Georgia,2013,0,
RL_NELC,Non-electrified railway lines,STD,Standard gauge,GE,Georgia,2014,0,
RL_NELC,Non-electrified railway lines,STD,Standard gauge,GE,Georgia,2015,0,
RL_NELC,Non-electrified railway lines,STD,Standard gauge,GE,Georgia,2016,0,
RL_NELC,Non-electrified railway lines,STD,Standard gauge,GE,Georgia,2017,0,
RL_NELC,Non-electrified railway lines,STD,Standard gauge,GE,Georgia,2018,0,
RL_NELC,Non-electrified railway lines,STD,Standard gauge,GE,Georgia,2019,0,
RL_NELC,Non-electrified railway lines,STD,Standard gauge,GE,Georgia,2020,0,
RL_NELC,Non-electrified railway lines,STD,Standard gauge,GE,Georgia,2021,0,
RL_NELC,Non-electrified railway lines,STD,Standard gauge,GE,Georgia,2022,0,
RL_NELC,Non-electrified railway lines,STD,Standard gauge,GE,Georgia,2023,0,
RL_NELC,Non-electrified railway lines,STD,Standard gauge,GE,Georgia,2024,0,
RL_NELC,Non-electrified railway lines,STD,Standard gauge,HR,Croatia,1990,1600,
RL_NELC,Non-electrified railway lines,STD,Standard gauge,HR,Croatia,1991,1783,
RL_NELC,Non-electrified railway lines,STD,Standard gauge,HR,Croatia,1992,1735,
RL_NELC,Non-electrified railway lines,STD,Standard gauge,HR,Croatia,1993,1715,
RL_NELC,Non-electrified railway lines,STD,Standard gauge,HR,Croatia,1994,1716,
RL_NELC,Non-electrified railway lines,STD,Standard gauge,HR,Croatia,1995,1743,
RL_NELC,Non-electrified railway lines,STD,Standard gauge,HR,Croatia,1996,1743,
RL_NELC,Non-electrified railway lines,STD,Standard gauge,HR,Croatia,1997,1743,
RL_NELC,Non-electrified railway lines,STD,Standard gauge,HR,Croatia,1998,1743,
RL_NELC,Non-electrified railway lines,STD,Standard gauge,HR,Croatia,1999,1743,
RL_NELC,Non-electrified railway lines,STD,Standard gauge,HR,Croatia,2000,1743,
RL_NELC,Non-electrified railway lines,STD,Standard gauge,HR,Croatia,2001,1743,
RL_NELC,Non-electrified railway lines,STD,Standard gauge,HR,Croatia,2002,1743,
RL_NELC,Non-electrified railway lines,STD,Standard gauge,HR,Croatia,2003,1743,
RL_NELC,Non-electrified railway lines,STD,Standard gauge,HR,Croatia,2004,1742,
RL_NELC,Non-electrified railway lines,STD,Standard gauge,HR,Croatia,2005,1742,
RL_NELC,Non-electrified railway lines,STD,Standard gauge,HR,Croatia,2006,1742,
RL_NELC,Non-electrified railway lines,STD,Standard gauge,HR,Croatia,2007,1742,
RL_NELC,Non-electrified railway lines,STD,Standard gauge,HR,Croatia,2008,1738,
RL_NELC,Non-electrified railway lines,STD,Standard gauge,HR,Croatia,2009,1738,
RL_NELC,Non-electrified railway lines,STD,Standard gauge,HR,Croatia,2010,1738,
RL_NELC,Non-electrified railway lines,STD,Standard gauge,HR,Croatia,2011,1738,
RL_NELC,Non-electrified railway lines,STD,Standard gauge,HR,Croatia,2012,1738,
RL_NELC,Non-electrified railway lines,STD,Standard gauge,HR,Croatia,2013,1737,
RL_NELC,Non-electrified railway lines,STD,Standard gauge,HR,Croatia,2014,1634,
RL_NELC,Non-electrified railway lines,STD,Standard gauge,HR,Croatia,2015,1634,
RL_NELC,Non-electrified railway lines,STD,Standard gauge,HR,Croatia,2016,1634,
RL_NELC,Non-electrified railway lines,STD,Standard gauge,HR,Croatia,2017,1634,
RL_NELC,Non-electrified railway lines,STD,Standard gauge,HR,Croatia,2018,1634,
RL_NELC,Non-electrified railway lines,STD,Standard gauge,HR,Croatia,2019,1647,
RL_NELC,Non-electrified railway lines,STD,Standard gauge,HR,Croatia,2020,1647,
RL_NELC,Non-electrified railway lines,STD,Standard gauge,HR,Croatia,2021,1623,
RL_NELC,Non-electrified railway lines,STD,Standard gauge,HR,Croatia,2022,1622,
RL_NELC,Non-electrified railway lines,STD,Standard gauge,HR,Croatia,2023,1604,
RL_NELC,Non-electrified railway lines,STD,Standard gauge,HR,Croatia,2024,1604,
RL_NELC,Non-electrified railway lines,STD,Standard gauge,HU,Hungary,1990,5262,
RL_NELC,Non-electrified railway lines,STD,Standard gauge,HU,Hungary,1991,5262,
RL_NELC,Non-electrified railway lines,STD,Standard gauge,HU,Hungary,1992,5218,
RL_NELC,Non-electrified railway lines,STD,Standard gauge,HU,Hungary,1993,5220,
RL_NELC,Non-electrified railway lines,STD,Standard gauge,HU,Hungary,1994,5216,
RL_NELC,Non-electrified railway lines,STD,Standard gauge,HU,Hungary,1995,5066,
RL_NELC,Non-electrified railway lines,STD,Standard gauge,HU,Hungary,1996,5051,
RL_NELC,Non-electrified railway lines,STD,Standard gauge,HU,Hungary,1997,4999,
RL_NELC,Non-electrified railway lines,STD,Standard gauge,HU,Hungary,1998,4808,
RL_NELC,Non-electrified railway lines,STD,Standard gauge,HU,Hungary,1999,4783,
RL_NELC,Non-electrified railway lines,STD,Standard gauge,HU,Hungary,2000,4701,
RL_NELC,Non-electrified railway lines,STD,Standard gauge,HU,Hungary,2001,4709,
RL_NELC,Non-electrified railway lines,STD,Standard gauge,HU,Hungary,2002,4646,
RL_NELC,Non-electrified railway lines,STD,Standard gauge,HU,Hungary,2003,4652,
RL_NELC,Non-electrified railway lines,STD,Standard gauge,HU,Hungary,2004,4642,
RL_NELC,Non-electrified railway lines,STD,Standard gauge,HU,Hungary,2005,4642,
RL_NELC,Non-electrified railway lines,STD,Standard gauge,HU,Hungary,2006,5148,
RL_NELC,Non-electrified railway lines,STD,Standard gauge,HU,Hungary,2007,4844,
RL_NELC,Non-electrified railway lines,STD,Standard gauge,HU,Hungary,2008,4844,
RL_NELC,Non-electrified railway lines,STD,Standard gauge,HU,Hungary,2009,4283,
RL_NELC,Non-electrified railway lines,STD,Standard gauge,HU,Hungary,2010,4347,
RL_NELC,Non-electrified railway lines,STD,Standard gauge,HU,Hungary,2011,4370.4,
RL_NELC,Non-electrified railway lines,STD,Standard gauge,HU,Hungary,2012,4380,
RL_NELC,Non-electrified railway lines,STD,Standard gauge,HU,Hungary,2013,4146.5,
RL_NELC,Non-electrified railway lines,STD,Standard gauge,HU,Hungary,2014,4093.81,
RL_NELC,Non-electrified railway lines,STD,Standard gauge,HU,Hungary,2015,4087,
RL_NELC,Non-electrified railway lines,STD,Standard gauge,HU,Hungary,2016,4420,
RL_NELC,Non-electrified railway lines,STD,Standard gauge,HU,Hungary,2017,4549,
RL_NELC,Non-electrified railway lines,STD,Standard gauge,HU,Hungary,2018,4372,
RL_NELC,Non-electrified railway lines,STD,Standard gauge,HU,Hungary,2019,4332,
RL_NELC,Non-electrified railway lines,STD,Standard gauge,HU,Hungary,2020,4330,
RL_NELC,Non-electrified railway lines,STD,Standard gauge,HU,Hungary,2021,4337,
RL_NELC,Non-electrified railway lines,STD,Standard gauge,HU,Hungary,2022,4337,
RL_NELC,Non-electrified railway lines,STD,Standard gauge,HU,Hungary,2023,4027,
RL_NELC,Non-electrified railway lines,STD,Standard gauge,HU,Hungary,2024,4028,
RL_NELC,Non-electrified railway lines,STD,Standard gauge,IE,Ireland,1990,0,
RL_NELC,Non-electrified railway lines,STD,Standard gauge,IE,Ireland,1991,0,
RL_NELC,Non-electrified railway lines,STD,Standard gauge,IE,Ireland,1992,0,
RL_NELC,Non-electrified railway lines,STD,Standard gauge,IE,Ireland,1993,0,
RL_NELC,Non-electrified railway lines,STD,Standard gauge,IE,Ireland,1994,0,
RL_NELC,Non-electrified railway lines,STD,Standard gauge,IE,Ireland,1995,0,
RL_NELC,Non-electrified railway lines,STD,Standard gauge,IE,Ireland,1996,0,
RL_NELC,Non-electrified railway lines,STD,Standard gauge,IE,Ireland,1997,0,
RL_NELC,Non-electrified railway lines,STD,Standard gauge,IE,Ireland,1998,0,
RL_NELC,Non-electrified railway lines,STD,Standard gauge,IE,Ireland,1999,0,
RL_NELC,Non-electrified railway lines,STD,Standard gauge,IE,Ireland,2000,0,
RL_NELC,Non-electrified railway lines,STD,Standard gauge,IE,Ireland,2001,0,
RL_NELC,Non-electrified railway lines,STD,Standard gauge,IE,Ireland,2002,0,
RL_NELC,Non-electrified railway lines,STD,Standard gauge,IE,Ireland,2003,0,
RL_NELC,Non-electrified railway lines,STD,Standard gauge,IE,Ireland,2004,0,
RL_NELC,Non-electrified railway lines,STD,Standard gauge,IE,Ireland,2005,0,
RL_NELC,Non-electrified railway lines,STD,Standard gauge,IE,Ireland,2006,0,
RL_NELC,Non-electrified railway lines,STD,Standard gauge,IE,Ireland,2007,0,
RL_NELC,Non-electrified railway lines,STD,Standard gauge,IE,Ireland,2008,0,
RL_NELC,Non-electrified railway lines,STD,Standard gauge,IE,Ireland,2009,0,
RL_NELC,Non-electrified railway lines,STD,Standard gauge,IE,Ireland,2010,0,
RL_NELC,Non-electrified railway lines,STD,Standard gauge,IE,Ireland,2011,0,
RL_NELC,Non-electrified railway lines,STD,Standard gauge,IE,Ireland,2012,0,
RL_NELC,Non-electrified railway lines,STD,Standard gauge,IE,Ireland,2013,0,
RL_NELC,Non-electrified railway lines,STD,Standard gauge,IE,Ireland,2014,0,
RL_NELC,Non-electrified railway lines,STD,Standard gauge,IE,Ireland,2015,0,
RL_NELC,Non-electrified railway lines,STD,Standard gauge,IE,Ireland,2016,0,
RL_NELC,Non-electrified railway lines,STD,Standard gauge,IE,Ireland,2017,0,
RL_NELC,Non-electrified railway lines,STD,Standard gauge,IE,Ireland,2018,0,
RL_NELC,Non-electrified railway lines,STD,Standard gauge,IE,Ireland,2019,0,
RL_NELC,Non-electrified railway lines,STD,Standard gauge,IE,Ireland,2020,0,
RL_NELC,Non-electrified railway lines,STD,Standard gauge,IE,Ireland,2021,0,
RL_NELC,Non-electrified railway lines,STD,Standard gauge,IE,Ireland,2022,0,
RL_NELC,Non-electrified railway lines,STD,Standard gauge,IE,Ireland,2023,0,i
RL_NELC,Non-electrified railway lines,STD,Standard gauge,IE,Ireland,2024,0,
RL_NELC,Non-electrified railway lines,STD,Standard gauge,IT,Italy,1962,8113,
RL_NELC,Non-electrified railway lines,STD,Standard gauge,IT,Italy,1990,6554,i
RL_NELC,Non-electrified railway lines,STD,Standard gauge,IT,Italy,1991,6218,i
RL_NELC,Non-electrified railway lines,STD,Standard gauge,IT,Italy,1992,5935,i
RL_NELC,Non-electrified railway lines,STD,Standard gauge,IT,Italy,1993,5892,i
RL_NELC,Non-electrified railway lines,STD,Standard gauge,IT,Italy,1994,5878,i
RL_NELC,Non-electrified railway lines,STD,Standard gauge,IT,Italy,1995,5800,
RL_NELC,Non-electrified railway lines,STD,Standard gauge,IT,Italy,1996,5695,
RL_NELC,Non-electrified railway lines,STD,Standard gauge,IT,Italy,1997,5672,
RL_NELC,Non-electrified railway lines,STD,Standard gauge,IT,Italy,1998,5592,
RL_NELC,Non-electrified railway lines,STD,Standard gauge,IT,Italy,1999,5430,
RL_NELC,Non-electrified railway lines,STD,Standard gauge,IT,Italy,2000,5413,
RL_NELC,Non-electrified railway lines,STD,Standard gauge,IT,Italy,2001,5171,
RL_NELC,Non-electrified railway lines,STD,Standard gauge,IT,Italy,2002,5094,
RL_NELC,Non-electrified railway lines,STD,Standard gauge,IT,Italy,2003,4999,
RL_NELC,Non-electrified railway lines,STD,Standard gauge,IT,Italy,2004,4872,
RL_NELC,Non-electrified railway lines,STD,Standard gauge,IT,Italy,2005,4861,
RL_NELC,Non-electrified railway lines,STD,Standard gauge,IT,Italy,2006,4840,
RL_NELC,Non-electrified railway lines,STD,Standard gauge,IT,Italy,2007,4804,
RL_NELC,Non-electrified railway lines,STD,Standard gauge,IT,Italy,2008,4802,
RL_NELC,Non-electrified railway lines,STD,Standard gauge,IT,Italy,2009,4798,
RL_NELC,Non-electrified railway lines,STD,Standard gauge,IT,Italy,2010,4798,
RL_NELC,Non-electrified railway lines,STD,Standard gauge,IT,Italy,2011,4801,
RL_NELC,Non-electrified railway lines,STD,Standard gauge,IT,Italy,2012,4811,
RL_NELC,Non-electrified railway lines,STD,Standard gauge,IT,Italy,2013,4783,
RL_NELC,Non-electrified railway lines,STD,Standard gauge,IT,Italy,2014,4782,i
RL_NELC,Non-electrified railway lines,STD,Standard gauge,IT,Italy,2015,4783,i
RL_NELC,Non-electrified railway lines,STD,Standard gauge,IT,Italy,2016,4765,
RL_NELC,Non-electrified railway lines,STD,Standard gauge,IT,Italy,2017,4765,i
RL_NELC,Non-electrified railway lines,STD,Standard gauge,IT,Italy,2018,4763,
RL_NELC,Non-electrified railway lines,STD,Standard gauge,IT,Italy,2019,4763,
RL_NELC,Non-electrified railway lines,STD,Standard gauge,IT,Italy,2020,4717,
RL_NELC,Non-electrified railway lines,STD,Standard gauge,IT,Italy,2021,4672,
RL_NELC,Non-electrified railway lines,STD,Standard gauge,IT,Italy,2022,4645,
RL_NELC,Non-electrified railway lines,STD,Standard gauge,IT,Italy,2023,4627,
RL_NELC,Non-electrified railway lines,STD,Standard gauge,IT,Italy,2024,4602,
RL_NELC,Non-electrified railway lines,STD,Standard gauge,LI,Liechtenstein,2013,0,
RL_NELC,Non-electrified railway lines,STD,Standard gauge,LI,Liechtenstein,2014,0,
RL_NELC,Non-electrified railway lines,STD,Standard gauge,LI,Liechtenstein,2015,0,
RL_NELC,Non-electrified railway lines,STD,Standard gauge,LI,Liechtenstein,2016,0,
RL_NELC,Non-electrified railway lines,STD,Standard gauge,LI,Liechtenstein,2017,0,
RL_NELC,Non-electrified railway lines,STD,Standard gauge,LI,Liechtenstein,2018,0,
RL_NELC,Non-electrified railway lines,STD,Standard gauge,LI,Liechtenstein,2019,0,
RL_NELC,Non-electrified railway lines,STD,Standard gauge,LI,Liechtenstein,2020,0,
RL_NELC,Non-electrified railway lines,STD,Standard gauge,LI,Liechtenstein,2021,0,
RL_NELC,Non-electrified railway lines,STD,Standard gauge,LI,Liechtenstein,2022,0,
RL_NELC,Non-electrified railway lines,STD,Standard gauge,LI,Liechtenstein,2023,0,
RL_NELC,Non-electrified railway lines,STD,Standard gauge,LI,Liechtenstein,2024,0,
RL_NELC,Non-electrified railway lines,STD,Standard gauge,LT,Lithuania,1992,21.8,
RL_NELC,Non-electrified railway lines,STD,Standard gauge,LT,Lithuania,1993,21.8,
RL_NELC,Non-electrified railway lines,STD,Standard gauge,LT,Lithuania,1994,21.8,
RL_NELC,Non-electrified railway lines,STD,Standard gauge,LT,Lithuania,1995,21.8,
RL_NELC,Non-electrified railway lines,STD,Standard gauge,LT,Lithuania,1996,21.8,
RL_NELC,Non-electrified railway lines,STD,Standard gauge,LT,Lithuania,1997,21.8,
RL_NELC,Non-electrified railway lines,STD,Standard gauge,LT,Lithuania,1998,22,
RL_NELC,Non-electrified railway lines,STD,Standard gauge,LT,Lithuania,1999,22,
RL_NELC,Non-electrified railway lines,STD,Standard gauge,LT,Lithuania,2000,21.8,
RL_NELC,Non-electrified railway lines,STD,Standard gauge,LT,Lithuania,2001,21.8,
RL_NELC,Non-electrified railway lines,STD,Standard gauge,LT,Lithuania,2002,21.8,
RL_NELC,Non-electrified railway lines,STD,Standard gauge,LT,Lithuania,2003,21.8,
RL_NELC,Non-electrified railway lines,STD,Standard gauge,LT,Lithuania,2004,21.8,
RL_NELC,Non-electrified railway lines,STD,Standard gauge,LT,Lithuania,2005,21.8,
RL_NELC,Non-electrified railway lines,STD,Standard gauge,LT,Lithuania,2006,21.8,
RL_NELC,Non-electrified railway lines,STD,Standard gauge,LT,Lithuania,2007,21.8,
RL_NELC,Non-electrified railway lines,STD,Standard gauge,LT,Lithuania,2008,21.8,
RL_NELC,Non-electrified railway lines,STD,Standard gauge,LT,Lithuania,2009,21.8,
RL_NELC,Non-electrified railway lines,STD,Standard gauge,LT,Lithuania,2010,21.8,
RL_NELC,Non-electrified railway lines,STD,Standard gauge,LT,Lithuania,2011,21.8,
RL_NELC,Non-electrified railway lines,STD,Standard gauge,LT,Lithuania,2012,21.8,
RL_NELC,Non-electrified railway lines,STD,Standard gauge,LT,Lithuania,2013,21.8,
RL_NELC,Non-electrified railway lines,STD,Standard gauge,LT,Lithuania,2014,21.8,
RL_NELC,Non-electrified railway lines,STD,Standard gauge,LT,Lithuania,2015,115.2,
RL_NELC,Non-electrified railway lines,STD,Standard gauge,LT,Lithuania,2016,115.2,
RL_NELC,Non-electrified railway lines,STD,Standard gauge,LT,Lithuania,2017,115.2,
RL_NELC,Non-electrified railway lines,STD,Standard gauge,LT,Lithuania,2018,120.1,
RL_NELC,Non-electrified railway lines,STD,Standard gauge,LT,Lithuania,2019,120.1,
RL_NELC,Non-electrified railway lines,STD,Standard gauge,LT,Lithuania,2020,120.1,
RL_NELC,Non-electrified railway lines,STD,Standard gauge,LT,Lithuania,2021,120.1,
RL_NELC,Non-electrified railway lines,STD,Standard gauge,LT,Lithuania,2022,128.4,
RL_NELC,Non-electrified railway lines,STD,Standard gauge,LT,Lithuania,2023,128.4,
RL_NELC,Non-electrified railway lines,STD,Standard gauge,LT,Lithuania,2024,128.4,
RL_NELC,Non-electrified railway lines,STD,Standard gauge,LU,Luxembourg,1962,257,
RL_NELC,Non-electrified railway lines,STD,Standard gauge,LU,Luxembourg,1990,74,
RL_NELC,Non-electrified railway lines,STD,Standard gauge,LU,Luxembourg,1991,51,
RL_NELC,Non-electrified railway lines,STD,Standard gauge,LU,Luxembourg,1992,55,
RL_NELC,Non-electrified railway lines,STD,Standard gauge,LU,Luxembourg,1993,13,
RL_NELC,Non-electrified railway lines,STD,Standard gauge,LU,Luxembourg,1994,13,
RL_NELC,Non-electrified railway lines,STD,Standard gauge,LU,Luxembourg,1995,13,
RL_NELC,Non-electrified railway lines,STD,Standard gauge,LU,Luxembourg,1996,13,
RL_NELC,Non-electrified railway lines,STD,Standard gauge,LU,Luxembourg,1997,13,
RL_NELC,Non-electrified railway lines,STD,Standard gauge,LU,Luxembourg,1998,13,
RL_NELC,Non-electrified railway lines,STD,Standard gauge,LU,Luxembourg,1999,13,
RL_NELC,Non-electrified railway lines,STD,Standard gauge,LU,Luxembourg,2000,13,
RL_NELC,Non-electrified railway lines,STD,Standard gauge,LU,Luxembourg,2001,13,
RL_NELC,Non-electrified railway lines,STD,Standard gauge,LU,Luxembourg,2002,13,
RL_NELC,Non-electrified railway lines,STD,Standard gauge,LU,Luxembourg,2003,13,
RL_NELC,Non-electrified railway lines,STD,Standard gauge,LU,Luxembourg,2004,13,
RL_NELC,Non-electrified railway lines,STD,Standard gauge,LU,Luxembourg,2005,13,
RL_NELC,Non-electrified railway lines,STD,Standard gauge,LU,Luxembourg,2006,13,
RL_NELC,Non-electrified railway lines,STD,Standard gauge,LU,Luxembourg,2007,13,
RL_NELC,Non-electrified railway lines,STD,Standard gauge,LU,Luxembourg,2008,13,
RL_NELC,Non-electrified railway lines,STD,Standard gauge,LU,Luxembourg,2009,13,
RL_NELC,Non-electrified railway lines,STD,Standard gauge,LU,Luxembourg,2010,13,
RL_NELC,Non-electrified railway lines,STD,Standard gauge,LU,Luxembourg,2011,13,
RL_NELC,Non-electrified railway lines,STD,Standard gauge,LU,Luxembourg,2012,13,
RL_NELC,Non-electrified railway lines,STD,Standard gauge,LU,Luxembourg,2013,13,
RL_NELC,Non-electrified railway lines,STD,Standard gauge,LU,Luxembourg,2014,13,
RL_NELC,Non-electrified railway lines,STD,Standard gauge,LU,Luxembourg,2015,13,
RL_NELC,Non-electrified railway lines,STD,Standard gauge,LU,Luxembourg,2016,13,
RL_NELC,Non-electrified railway lines,STD,Standard gauge,LU,Luxembourg,2017,9,
RL_NELC,Non-electrified railway lines,STD,Standard gauge,LU,Luxembourg,2018,8.68,
RL_NELC,Non-electrified railway lines,STD,Standard gauge,LU,Luxembourg,2019,8.68,
RL_NELC,Non-electrified railway lines,STD,Standard gauge,LU,Luxembourg,2020,9,
RL_NELC,Non-electrified railway lines,STD,Standard gauge,LU,Luxembourg,2021,9,
RL_NELC,Non-electrified railway lines,STD,Standard gauge,LU,Luxembourg,2022,9,
RL_NELC,Non-electrified railway lines,STD,Standard gauge,LU,Luxembourg,2023,9,
RL_NELC,Non-electrified railway lines,STD,Standard gauge,LU,Luxembourg,2024,9,
RL_NELC,Non-electrified railway lines,STD,Standard gauge,LV,Latvia,1990,0,
RL_NELC,Non-electrified railway lines,STD,Standard gauge,LV,Latvia,1991,0,
RL_NELC,Non-electrified railway lines,STD,Standard gauge,LV,Latvia,1992,0,
RL_NELC,Non-electrified railway lines,STD,Standard gauge,LV,Latvia,1993,0,
RL_NELC,Non-electrified railway lines,STD,Standard gauge,LV,Latvia,1994,0,
RL_NELC,Non-electrified railway lines,STD,Standard gauge,LV,Latvia,1995,0,
RL_NELC,Non-electrified railway lines,STD,Standard gauge,LV,Latvia,1996,0,
RL_NELC,Non-electrified railway lines,STD,Standard gauge,LV,Latvia,1997,0,
RL_NELC,Non-electrified railway lines,STD,Standard gauge,LV,Latvia,1998,0,
RL_NELC,Non-electrified railway lines,STD,Standard gauge,LV,Latvia,1999,0,
RL_NELC,Non-electrified railway lines,STD,Standard gauge,LV,Latvia,2000,0,
RL_NELC,Non-electrified railway lines,STD,Standard gauge,LV,Latvia,2001,0,
RL_NELC,Non-electrified railway lines,STD,Standard gauge,LV,Latvia,2002,0,
RL_NELC,Non-electrified railway lines,STD,Standard gauge,LV,Latvia,2003,0,
RL_NELC,Non-electrified railway lines,STD,Standard gauge,LV,Latvia,2004,0,
RL_NELC,Non-electrified railway lines,STD,Standard gauge,LV,Latvia,2005,0,
RL_NELC,Non-electrified railway lines,STD,Standard gauge,LV,Latvia,2006,0,
RL_NELC,Non-electrified railway lines,STD,Standard gauge,LV,Latvia,2007,0,
RL_NELC,Non-electrified railway lines,STD,Standard gauge,LV,Latvia,2008,0,
RL_NELC,Non-electrified railway lines,STD,Standard gauge,LV,Latvia,2009,0,
RL_NELC,Non-electrified railway lines,STD,Standard gauge,LV,Latvia,2010,0,
RL_NELC,Non-electrified railway lines,STD,Standard gauge,LV,Latvia,2011,0,
RL_NELC,Non-electrified railway lines,STD,Standard gauge,LV,Latvia,2012,0,
RL_NELC,Non-electrified railway lines,STD,Standard gauge,LV,Latvia,2013,0,
RL_NELC,Non-electrified railway lines,STD,Standard gauge,LV,Latvia,2014,0,
RL_NELC,Non-electrified railway lines,STD,Standard gauge,LV,Latvia,2015,0,
RL_NELC,Non-electrified railway lines,STD,Standard gauge,LV,Latvia,2016,0,
RL_NELC,Non-electrified railway lines,STD,Standard gauge,LV,Latvia,2017,0,
RL_NELC,Non-electrified railway lines,STD,Standard gauge,LV,Latvia,2018,0,
RL_NELC,Non-electrified railway lines,STD,Standard gauge,LV,Latvia,2019,0,
RL_NELC,Non-electrified railway lines,STD,Standard gauge,LV,Latvia,2020,0,
RL_NELC,Non-electrified railway lines,STD,Standard gauge,LV,Latvia,2021,0,
RL_NELC,Non-electrified railway lines,STD,Standard gauge,LV,Latvia,2022,0,
RL_NELC,Non-electrified railway lines,STD,Standard gauge,LV,Latvia,2023,0,
RL_NELC,Non-electrified railway lines,STD,Standard gauge,LV,Latvia,2024,0,
RL_NELC,Non-electrified railway lines,STD,Standard gauge,MD,Moldova,1992,26.4,
RL_NELC,Non-electrified railway lines,STD,Standard gauge,MD,Moldova,1993,26.4,
RL_NELC,Non-electrified railway lines,STD,Standard gauge,MD,Moldova,1994,26.4,
RL_NELC,Non-electrified railway lines,STD,Standard gauge,MD,Moldova,1995,26.4,
RL_NELC,Non-electrified railway lines,STD,Standard gauge,MD,Moldova,1996,26.4,
RL_NELC,Non-electrified railway lines,STD,Standard gauge,MD,Moldova,1997,26.4,
RL_NELC,Non-electrified railway lines,STD,Standard gauge,MD,Moldova,1998,25.3,
RL_NELC,Non-electrified railway lines,STD,Standard gauge,MD,Moldova,1999,13.9,
RL_NELC,Non-electrified railway lines,STD,Standard gauge,MD,Moldova,2000,13.9,
RL_NELC,Non-electrified railway lines,STD,Standard gauge,MD,Moldova,2001,13.9,
RL_NELC,Non-electrified railway lines,STD,Standard gauge,MD,Moldova,2002,13.1,
RL_NELC,Non-electrified railway lines,STD,Standard gauge,MD,Moldova,2004,11.6,
RL_NELC,Non-electrified railway lines,STD,Standard gauge,MD,Moldova,2009,11,
RL_NELC,Non-electrified railway lines,STD,Standard gauge,MD,Moldova,2010,10.8,
RL_NELC,Non-electrified railway lines,STD,Standard gauge,MD,Moldova,2011,10.8,
RL_NELC,Non-electrified railway lines,STD,Standard gauge,MD,Moldova,2012,10.8,
RL_NELC,Non-electrified railway lines,STD,Standard gauge,MD,Moldova,2013,10.8,
RL_NELC,Non-electrified railway lines,STD,Standard gauge,MD,Moldova,2014,9.7,
RL_NELC,Non-electrified railway lines,STD,Standard gauge,MD,Moldova,2015,4.2,
RL_NELC,Non-electrified railway lines,STD,Standard gauge,MD,Moldova,2016,4.2,
RL_NELC,Non-electrified railway lines,STD,Standard gauge,MD,Moldova,2017,4.2,
RL_NELC,Non-electrified railway lines,STD,Standard gauge,MD,Moldova,2018,4.2,
RL_NELC,Non-electrified railway lines,STD,Standard gauge,MD,Moldova,2019,4.2,
RL_NELC,Non-electrified railway lines,STD,Standard gauge,MD,Moldova,2020,4.2,
RL_NELC,Non-electrified railway lines,STD,Standard gauge,MD,Moldova,2021,4.2,
RL_NELC,Non-electrified railway lines,STD,Standard gauge,MD,Moldova,2022,4.2,
RL_NELC,Non-electrified railway lines,STD,Standard gauge,MD,Moldova,2023,4.2,
RL_NELC,Non-electrified railway lines,STD,Standard gauge,MD,Moldova,2024,4.2,
RL_NELC,Non-electrified railway lines,STD,Standard gauge,ME,Montenegro,2011,24.7,i
RL_NELC,Non-electrified railway lines,STD,Standard gauge,ME,Montenegro,2012,24.7,i
RL_NELC,Non-electrified railway lines,STD,Standard gauge,ME,Montenegro,2013,24.7,i
RL_NELC,Non-electrified railway lines,STD,Standard gauge,ME,Montenegro,2014,25,i
RL_NELC,Non-electrified railway lines,STD,Standard gauge,ME,Montenegro,2015,25,i
RL_NELC,Non-electrified railway lines,STD,Standard gauge,ME,Montenegro,2016,25,
RL_NELC,Non-electrified railway lines,STD,Standard gauge,ME,Montenegro,2017,25,
RL_NELC,Non-electrified railway lines,STD,Standard gauge,ME,Montenegro,2018,25,
RL_NELC,Non-electrified railway lines,STD,Standard gauge,ME,Montenegro,2019,25,
RL_NELC,Non-electrified railway lines,STD,Standard gauge,ME,Montenegro,2020,23.9,
RL_NELC,Non-electrified railway lines,STD,Standard gauge,ME,Montenegro,2021,23.9,
RL_NELC,Non-electrified railway lines,STD,Standard gauge,ME,Montenegro,2022,23.9,
RL_NELC,Non-electrified railway lines,STD,Standard gauge,ME,Montenegro,2023,23.9,
RL_NELC,Non-electrified railway lines,STD,Standard gauge,ME,Montenegro,2024,23.9,
RL_NELC,Non-electrified railway lines,STD,Standard gauge,MK,North Macedonia,1990,463,
RL_NELC,Non-electrified railway lines,STD,Standard gauge,MK,North Macedonia,1992,466,
RL_NELC,Non-electrified railway lines,STD,Standard gauge,MK,North Macedonia,1993,466,
RL_NELC,Non-electrified railway lines,STD,Standard gauge,MK,North Macedonia,1994,464,
RL_NELC,Non-electrified railway lines,STD,Standard gauge,MK,North Macedonia,1995,464,
RL_NELC,Non-electrified railway lines,STD,Standard gauge,MK,North Macedonia,1996,464,
RL_NELC,Non-electrified railway lines,STD,Standard gauge,MK,North Macedonia,1997,466,
RL_NELC,Non-electrified railway lines,STD,Standard gauge,MK,North Macedonia,1998,466,
RL_NELC,Non-electrified railway lines,STD,Standard gauge,MK,North Macedonia,1999,466,
RL_NELC,Non-electrified railway lines,STD,Standard gauge,MK,North Macedonia,2000,466,
RL_NELC,Non-electrified railway lines,STD,Standard gauge,MK,North Macedonia,2001,466,
RL_NELC,Non-electrified railway lines,STD,Standard gauge,MK,North Macedonia,2002,466,
RL_NELC,Non-electrified railway lines,STD,Standard gauge,MK,North Macedonia,2004,466,
RL_NELC,Non-electrified railway lines,STD,Standard gauge,MK,North Macedonia,2005,466,
RL_NELC,Non-electrified railway lines,STD,Standard gauge,MK,North Macedonia,2006,465,
RL_NELC,Non-electrified railway lines,STD,Standard gauge,MK,North Macedonia,2007,465,
RL_NELC,Non-electrified railway lines,STD,Standard gauge,MK,North Macedonia,2008,465,
RL_NELC,Non-electrified railway lines,STD,Standard gauge,MK,North Macedonia,2009,465,
RL_NELC,Non-electrified railway lines,STD,Standard gauge,MK,North Macedonia,2010,465,
RL_NELC,Non-electrified railway lines,STD,Standard gauge,MK,North Macedonia,2011,465,
RL_NELC,Non-electrified railway lines,STD,Standard gauge,MK,North Macedonia,2012,465,
RL_NELC,Non-electrified railway lines,STD,Standard gauge,MK,North Macedonia,2013,465,
RL_NELC,Non-electrified railway lines,STD,Standard gauge,MK,North Macedonia,2014,465,
RL_NELC,Non-electrified railway lines,STD,Standard gauge,MK,North Macedonia,2015,465,
RL_NELC,Non-electrified railway lines,STD,Standard gauge,MK,North Macedonia,2016,449,
RL_NELC,Non-electrified railway lines,STD,Standard gauge,MK,North Macedonia,2017,449,
RL_NELC,Non-electrified railway lines,STD,Standard gauge,MK,North Macedonia,2018,449,
RL_NELC,Non-electrified railway lines,STD,Standard gauge,MK,North Macedonia,2019,449,
RL_NELC,Non-electrified railway lines,STD,Standard gauge,MK,North Macedonia,2020,449,
RL_NELC,Non-electrified railway lines,STD,Standard gauge,MK,North Macedonia,2021,449,
RL_NELC,Non-electrified railway lines,STD,Standard gauge,MK,North Macedonia,2022,449,
RL_NELC,Non-electrified railway lines,STD,Standard gauge,MK,North Macedonia,2023,449,
RL_NELC,Non-electrified railway lines,STD,Standard gauge,MK,North Macedonia,2024,449,
RL_NELC,Non-electrified railway lines,STD,Standard gauge,NL,Netherlands,1962,1626,
RL_NELC,Non-electrified railway lines,STD,Standard gauge,NL,Netherlands,1990,841,
RL_NELC,Non-electrified railway lines,STD,Standard gauge,NL,Netherlands,1991,813,
RL_NELC,Non-electrified railway lines,STD,Standard gauge,NL,Netherlands,1992,776,
RL_NELC,Non-electrified railway lines,STD,Standard gauge,NL,Netherlands,1993,824,
RL_NELC,Non-electrified railway lines,STD,Standard gauge,NL,Netherlands,1994,822,
RL_NELC,Non-electrified railway lines,STD,Standard gauge,NL,Netherlands,1995,822,
RL_NELC,Non-electrified railway lines,STD,Standard gauge,NL,Netherlands,1996,822,
RL_NELC,Non-electrified railway lines,STD,Standard gauge,NL,Netherlands,1997,747,
RL_NELC,Non-electrified railway lines,STD,Standard gauge,NL,Netherlands,1998,747,
RL_NELC,Non-electrified railway lines,STD,Standard gauge,NL,Netherlands,1999,747,
RL_NELC,Non-electrified railway lines,STD,Standard gauge,NL,Netherlands,2000,740,
RL_NELC,Non-electrified railway lines,STD,Standard gauge,NL,Netherlands,2001,748,
RL_NELC,Non-electrified railway lines,STD,Standard gauge,NL,Netherlands,2002,747,
RL_NELC,Non-electrified railway lines,STD,Standard gauge,NL,Netherlands,2003,747,
RL_NELC,Non-electrified railway lines,STD,Standard gauge,NL,Netherlands,2004,747,
RL_NELC,Non-electrified railway lines,STD,Standard gauge,NL,Netherlands,2005,734,
RL_NELC,Non-electrified railway lines,STD,Standard gauge,NL,Netherlands,2006,709,
RL_NELC,Non-electrified railway lines,STD,Standard gauge,NL,Netherlands,2007,758,
RL_NELC,Non-electrified railway lines,STD,Standard gauge,NL,Netherlands,2008,734,
RL_NELC,Non-electrified railway lines,STD,Standard gauge,NL,Netherlands,2009,741,
RL_NELC,Non-electrified railway lines,STD,Standard gauge,NL,Netherlands,2010,747,
RL_NELC,Non-electrified railway lines,STD,Standard gauge,NL,Netherlands,2011,747,
RL_NELC,Non-electrified railway lines,STD,Standard gauge,NL,Netherlands,2012,747,
RL_NELC,Non-electrified railway lines,STD,Standard gauge,NL,Netherlands,2013,747,
RL_NELC,Non-electrified railway lines,STD,Standard gauge,NL,Netherlands,2014,725,
RL_NELC,Non-electrified railway lines,STD,Standard gauge,NL,Netherlands,2015,729,
RL_NELC,Non-electrified railway lines,STD,Standard gauge,NL,Netherlands,2016,744,
RL_NELC,Non-electrified railway lines,STD,Standard gauge,NL,Netherlands,2017,745,
RL_NELC,Non-electrified railway lines,STD,Standard gauge,NL,Netherlands,2018,815,
RL_NELC,Non-electrified railway lines,STD,Standard gauge,NL,Netherlands,2019,815,
RL_NELC,Non-electrified railway lines,STD,Standard gauge,NL,Netherlands,2020,815,i
RL_NELC,Non-electrified railway lines,STD,Standard gauge,NL,Netherlands,2021,777,i
RL_NELC,Non-electrified railway lines,STD,Standard gauge,NL,Netherlands,2022,776,
RL_NELC,Non-electrified railway lines,STD,Standard gauge,NL,Netherlands,2023,774,
RL_NELC,Non-electrified railway lines,STD,Standard gauge,NL,Netherlands,2024,778,
RL_NELC,Non-electrified railway lines,STD,Standard gauge,NO,Norway,1990,1618,
RL_NELC,Non-electrified railway lines,STD,Standard gauge,NO,Norway,1991,1601,
RL_NELC,Non-electrified railway lines,STD,Standard gauge,NO,Norway,1992,1601,
RL_NELC,Non-electrified railway lines,STD,Standard gauge,NO,Norway,1993,1601,
RL_NELC,Non-electrified railway lines,STD,Standard gauge,NO,Norway,1994,1601,
RL_NELC,Non-electrified railway lines,STD,Standard gauge,NO,Norway,1995,1601,
RL_NELC,Non-electrified railway lines,STD,Standard gauge,NO,Norway,1996,1601,
RL_NELC,Non-electrified railway lines,STD,Standard gauge,NO,Norway,1997,1565,
RL_NELC,Non-electrified railway lines,STD,Standard gauge,NO,Norway,1998,1544,i
RL_NELC,Non-electrified railway lines,STD,Standard gauge,NO,Norway,1999,1523,i
RL_NELC,Non-electrified railway lines,STD,Standard gauge,NO,Norway,2000,1660,
RL_NELC,Non-electrified railway lines,STD,Standard gauge,NO,Norway,2001,1660,
RL_NELC,Non-electrified railway lines,STD,Standard gauge,NO,Norway,2002,1559,
RL_NELC,Non-electrified railway lines,STD,Standard gauge,NO,Norway,2003,1559,
RL_NELC,Non-electrified railway lines,STD,Standard gauge,NO,Norway,2004,1559,
RL_NELC,Non-electrified railway lines,STD,Standard gauge,NO,Norway,2005,1562,
RL_NELC,Non-electrified railway lines,STD,Standard gauge,NO,Norway,2006,1562,
RL_NELC,Non-electrified railway lines,STD,Standard gauge,NO,Norway,2007,1562,
RL_NELC,Non-electrified railway lines,STD,Standard gauge,NO,Norway,2008,1562,
RL_NELC,Non-electrified railway lines,STD,Standard gauge,NO,Norway,2009,1405,
RL_NELC,Non-electrified railway lines,STD,Standard gauge,NO,Norway,2010,1434,
RL_NELC,Non-electrified railway lines,STD,Standard gauge,NO,Norway,2011,1395,
RL_NELC,Non-electrified railway lines,STD,Standard gauge,NO,Norway,2012,1393,
RL_NELC,Non-electrified railway lines,STD,Standard gauge,NO,Norway,2013,1397,
RL_NELC,Non-electrified railway lines,STD,Standard gauge,NO,Norway,2014,1436,
RL_NELC,Non-electrified railway lines,STD,Standard gauge,NO,Norway,2015,1436,
RL_NELC,Non-electrified railway lines,STD,Standard gauge,NO,Norway,2016,1436,
RL_NELC,Non-electrified railway lines,STD,Standard gauge,NO,Norway,2017,1480,
RL_NELC,Non-electrified railway lines,STD,Standard gauge,NO,Norway,2018,1407,
RL_NELC,Non-electrified railway lines,STD,Standard gauge,NO,Norway,2019,1407,
RL_NELC,Non-electrified railway lines,STD,Standard gauge,NO,Norway,2020,1394,
RL_NELC,Non-electrified railway lines,STD,Standard gauge,NO,Norway,2021,1394,
RL_NELC,Non-electrified railway lines,STD,Standard gauge,NO,Norway,2022,1394,
RL_NELC,Non-electrified railway lines,STD,Standard gauge,NO,Norway,2023,1433,
RL_NELC,Non-electrified railway lines,STD,Standard gauge,NO,Norway,2024,1433,
RL_NELC,Non-electrified railway lines,STD,Standard gauge,PL,Poland,1990,12606,
RL_NELC,Non-electrified railway lines,STD,Standard gauge,PL,Poland,1991,12342,
RL_NELC,Non-electrified railway lines,STD,Standard gauge,PL,Poland,1992,11903,
RL_NELC,Non-electrified railway lines,STD,Standard gauge,PL,Poland,1993,11830,
RL_NELC,Non-electrified railway lines,STD,Standard gauge,PL,Poland,1994,11282,
RL_NELC,Non-electrified railway lines,STD,Standard gauge,PL,Poland,1995,10340,
RL_NELC,Non-electrified railway lines,STD,Standard gauge,PL,Poland,1996,10029,
RL_NELC,Non-electrified railway lines,STD,Standard gauge,PL,Poland,1997,10033,
RL_NELC,Non-electrified railway lines,STD,Standard gauge,PL,Poland,1998,9893,
RL_NELC,Non-electrified railway lines,STD,Standard gauge,PL,Poland,1999,9395,
RL_NELC,Non-electrified railway lines,STD,Standard gauge,PL,Poland,2000,9141,
RL_NELC,Non-electrified railway lines,STD,Standard gauge,PL,Poland,2001,7555,
RL_NELC,Non-electrified railway lines,STD,Standard gauge,PL,Poland,2002,7932,
RL_NELC,Non-electrified railway lines,STD,Standard gauge,PL,Poland,2003,6961,i
RL_NELC,Non-electrified railway lines,STD,Standard gauge,PL,Poland,2004,7360,
RL_NELC,Non-electrified railway lines,STD,Standard gauge,PL,Poland,2005,7427,
RL_NELC,Non-electrified railway lines,STD,Standard gauge,PL,Poland,2006,7363,
RL_NELC,Non-electrified railway lines,STD,Standard gauge,PL,Poland,2007,7369,
RL_NELC,Non-electrified railway lines,STD,Standard gauge,PL,Poland,2008,7551,
RL_NELC,Non-electrified railway lines,STD,Standard gauge,PL,Poland,2009,7682,
RL_NELC,Non-electrified railway lines,STD,Standard gauge,PL,Poland,2010,7645,
RL_NELC,Non-electrified railway lines,STD,Standard gauge,PL,Poland,2011,7705,
RL_NELC,Non-electrified railway lines,STD,Standard gauge,PL,Poland,2012,7531,
RL_NELC,Non-electrified railway lines,STD,Standard gauge,PL,Poland,2013,6868,
RL_NELC,Non-electrified railway lines,STD,Standard gauge,PL,Poland,2014,6886,
RL_NELC,Non-electrified railway lines,STD,Standard gauge,PL,Poland,2015,6843,
RL_NELC,Non-electrified railway lines,STD,Standard gauge,PL,Poland,2016,6735,
RL_NELC,Non-electrified railway lines,STD,Standard gauge,PL,Poland,2017,6832,
RL_NELC,Non-electrified railway lines,STD,Standard gauge,PL,Poland,2018,6815,
RL_NELC,Non-electrified railway lines,STD,Standard gauge,PL,Poland,2019,6825,
RL_NELC,Non-electrified railway lines,STD,Standard gauge,PL,Poland,2020,6701,
RL_NELC,Non-electrified railway lines,STD,Standard gauge,PL,Poland,2021,6631,
RL_NELC,Non-electrified railway lines,STD,Standard gauge,PL,Poland,2022,6662,
RL_NELC,Non-electrified railway lines,STD,Standard gauge,PL,Poland,2023,6779,
RL_NELC,Non-electrified railway lines,STD,Standard gauge,PL,Poland,2024,6843,
RL_NELC,Non-electrified railway lines,STD,Standard gauge,PT,Portugal,1990,0,
RL_NELC,Non-electrified railway lines,STD,Standard gauge,PT,Portugal,1991,0,
RL_NELC,Non-electrified railway lines,STD,Standard gauge,PT,Portugal,1992,0,
RL_NELC,Non-electrified railway lines,STD,Standard gauge,PT,Portugal,1993,0,
RL_NELC,Non-electrified railway lines,STD,Standard gauge,PT,Portugal,1994,0,
RL_NELC,Non-electrified railway lines,STD,Standard gauge,PT,Portugal,1995,0,
RL_NELC,Non-electrified railway lines,STD,Standard gauge,PT,Portugal,1996,0,
RL_NELC,Non-electrified railway lines,STD,Standard gauge,PT,Portugal,1997,0,
RL_NELC,Non-electrified railway lines,STD,Standard gauge,PT,Portugal,1998,0,
RL_NELC,Non-electrified railway lines,STD,Standard gauge,PT,Portugal,1999,0,
RL_NELC,Non-electrified railway lines,STD,Standard gauge,PT,Portugal,2000,0,
RL_NELC,Non-electrified railway lines,STD,Standard gauge,PT,Portugal,2001,0,
RL_NELC,Non-electrified railway lines,STD,Standard gauge,PT,Portugal,2002,0,
RL_NELC,Non-electrified railway lines,STD,Standard gauge,PT,Portugal,2003,0,
RL_NELC,Non-electrified railway lines,STD,Standard gauge,PT,Portugal,2004,0,
RL_NELC,Non-electrified railway lines,STD,Standard gauge,PT,Portugal,2005,0,
RL_NELC,Non-electrified railway lines,STD,Standard gauge,PT,Portugal,2006,0,
RL_NELC,Non-electrified railway lines,STD,Standard gauge,PT,Portugal,2007,0,
RL_NELC,Non-electrified railway lines,STD,Standard gauge,PT,Portugal,2008,0,
RL_NELC,Non-electrified railway lines,STD,Standard gauge,PT,Portugal,2009,0,
RL_NELC,Non-electrified railway lines,STD,Standard gauge,PT,Portugal,2010,0,
RL_NELC,Non-electrified railway lines,STD,Standard gauge,PT,Portugal,2011,0,
RL_NELC,Non-electrified railway lines,STD,Standard gauge,PT,Portugal,2012,0,
RL_NELC,Non-electrified railway lines,STD,Standard gauge,PT,Portugal,2013,0,
RL_NELC,Non-electrified railway lines,STD,Standard gauge,PT,Portugal,2014,0,
RL_NELC,Non-electrified railway lines,STD,Standard gauge,PT,Portugal,2015,0,
RL_NELC,Non-electrified railway lines,STD,Standard gauge,PT,Portugal,2016,0,
RL_NELC,Non-electrified railway lines,STD,Standard gauge,PT,Portugal,2017,0,
RL_NELC,Non-electrified railway lines,STD,Standard gauge,PT,Portugal,2018,0,
RL_NELC,Non-electrified railway lines,STD,Standard gauge,PT,Portugal,2019,0,
RL_NELC,Non-electrified railway lines,STD,Standard gauge,PT,Portugal,2020,0,
RL_NELC,Non-electrified railway lines,STD,Standard gauge,PT,Portugal,2021,0,
RL_NELC,Non-electrified railway lines,STD,Standard gauge,PT,Portugal,2022,0,
RL_NELC,Non-electrified railway lines,STD,Standard gauge,PT,Portugal,2023,0,
RL_NELC,Non-electrified railway lines,STD,Standard gauge,PT,Portugal,2024,0,
RL_NELC,Non-electrified railway lines,STD,Standard gauge,RO,Romania,1990,7196,
RL_NELC,Non-electrified railway lines,STD,Standard gauge,RO,Romania,1991,7213,
RL_NELC,Non-electrified railway lines,STD,Standard gauge,RO,Romania,1992,7161,
RL_NELC,Non-electrified railway lines,STD,Standard gauge,RO,Romania,1993,7135,
RL_NELC,Non-electrified railway lines,STD,Standard gauge,RO,Romania,1994,7021,
RL_NELC,Non-electrified railway lines,STD,Standard gauge,RO,Romania,1995,7023,
RL_NELC,Non-electrified railway lines,STD,Standard gauge,RO,Romania,1996,7010,
RL_NELC,Non-electrified railway lines,STD,Standard gauge,RO,Romania,1997,6955,
RL_NELC,Non-electrified railway lines,STD,Standard gauge,RO,Romania,1998,6966,
RL_NELC,Non-electrified railway lines,STD,Standard gauge,RO,Romania,1999,6982,
RL_NELC,Non-electrified railway lines,STD,Standard gauge,RO,Romania,2000,7008,
RL_NELC,Non-electrified railway lines,STD,Standard gauge,RO,Romania,2001,7008,
RL_NELC,Non-electrified railway lines,STD,Standard gauge,RO,Romania,2002,6995,
RL_NELC,Non-electrified railway lines,STD,Standard gauge,RO,Romania,2003,6981,
RL_NELC,Non-electrified railway lines,STD,Standard gauge,RO,Romania,2004,6949,
RL_NELC,Non-electrified railway lines,STD,Standard gauge,RO,Romania,2005,6822,
RL_NELC,Non-electrified railway lines,STD,Standard gauge,RO,Romania,2006,6767,
RL_NELC,Non-electrified railway lines,STD,Standard gauge,RO,Romania,2007,6681,
RL_NELC,Non-electrified railway lines,STD,Standard gauge,RO,Romania,2008,6672,
RL_NELC,Non-electrified railway lines,STD,Standard gauge,RO,Romania,2009,6644,
RL_NELC,Non-electrified railway lines,STD,Standard gauge,RO,Romania,2010,6626,
RL_NELC,Non-electrified railway lines,STD,Standard gauge,RO,Romania,2011,6619,
RL_NELC,Non-electrified railway lines,STD,Standard gauge,RO,Romania,2012,6620,
RL_NELC,Non-electrified railway lines,STD,Standard gauge,RO,Romania,2013,6602,
RL_NELC,Non-electrified railway lines,STD,Standard gauge,RO,Romania,2014,6610,
RL_NELC,Non-electrified railway lines,STD,Standard gauge,RO,Romania,2015,6602,
RL_NELC,Non-electrified railway lines,STD,Standard gauge,RO,Romania,2016,6606,
RL_NELC,Non-electrified railway lines,STD,Standard gauge,RO,Romania,2017,6606,
RL_NELC,Non-electrified railway lines,STD,Standard gauge,RO,Romania,2018,6599,
RL_NELC,Non-electrified railway lines,STD,Standard gauge,RO,Romania,2019,6593,
RL_NELC,Non-electrified railway lines,STD,Standard gauge,RO,Romania,2020,6598,
RL_NELC,Non-electrified railway lines,STD,Standard gauge,RO,Romania,2021,6592,
RL_NELC,Non-electrified railway lines,STD,Standard gauge,RO,Romania,2022,6487,
RL_NELC,Non-electrified railway lines,STD,Standard gauge,RO,Romania,2023,6483,
RL_NELC,Non-electrified railway lines,STD,Standard gauge,RO,Romania,2024,6483,
RL_NELC,Non-electrified railway lines,STD,Standard gauge,RS,Serbia,2006,2555,
RL_NELC,Non-electrified railway lines,STD,Standard gauge,RS,Serbia,2007,2555,
RL_NELC,Non-electrified railway lines,STD,Standard gauge,RS,Serbia,2008,2555,
RL_NELC,Non-electrified railway lines,STD,Standard gauge,RS,Serbia,2009,2555,
RL_NELC,Non-electrified railway lines,STD,Standard gauge,RS,Serbia,2010,2530,
RL_NELC,Non-electrified railway lines,STD,Standard gauge,RS,Serbia,2011,2540,
RL_NELC,Non-electrified railway lines,STD,Standard gauge,RS,Serbia,2012,2544,
RL_NELC,Non-electrified railway lines,STD,Standard gauge,RS,Serbia,2013,2544,
RL_NELC,Non-electrified railway lines,STD,Standard gauge,RS,Serbia,2014,2544,
RL_NELC,Non-electrified railway lines,STD,Standard gauge,RS,Serbia,2015,2487,
RL_NELC,Non-electrified railway lines,STD,Standard gauge,RS,Serbia,2016,2487,
RL_NELC,Non-electrified railway lines,STD,Standard gauge,RS,Serbia,2017,2486,
RL_NELC,Non-electrified railway lines,STD,Standard gauge,RS,Serbia,2018,2452,
RL_NELC,Non-electrified railway lines,STD,Standard gauge,RS,Serbia,2019,2490,
RL_NELC,Non-electrified railway lines,STD,Standard gauge,RS,Serbia,2020,2064,
RL_NELC,Non-electrified railway lines,STD,Standard gauge,RS,Serbia,2021,2079,
RL_NELC,Non-electrified railway lines,STD,Standard gauge,RS,Serbia,2022,2078,
RL_NELC,Non-electrified railway lines,STD,Standard gauge,RS,Serbia,2023,2078,
RL_NELC,Non-electrified railway lines,STD,Standard gauge,RS,Serbia,2024,2044,
RL_NELC,Non-electrified railway lines,STD,Standard gauge,SE,Sweden,1990,3811,
RL_NELC,Non-electrified railway lines,STD,Standard gauge,SE,Sweden,1991,3714,
RL_NELC,Non-electrified railway lines,STD,Standard gauge,SE,Sweden,1992,3636,
RL_NELC,Non-electrified railway lines,STD,Standard gauge,SE,Sweden,1993,3529,
RL_NELC,Non-electrified railway lines,STD,Standard gauge,SE,Sweden,1994,3537,
RL_NELC,Non-electrified railway lines,STD,Standard gauge,SE,Sweden,1995,3523,
RL_NELC,Non-electrified railway lines,STD,Standard gauge,SE,Sweden,1996,3494,
RL_NELC,Non-electrified railway lines,STD,Standard gauge,SE,Sweden,1997,3496,
RL_NELC,Non-electrified railway lines,STD,Standard gauge,SE,Sweden,1998,3553,
RL_NELC,Non-electrified railway lines,STD,Standard gauge,SE,Sweden,1999,3570,
RL_NELC,Non-electrified railway lines,STD,Standard gauge,SE,Sweden,2000,3550,
RL_NELC,Non-electrified railway lines,STD,Standard gauge,SE,Sweden,2001,3340,
RL_NELC,Non-electrified railway lines,STD,Standard gauge,SE,Sweden,2002,3337,
RL_NELC,Non-electrified railway lines,STD,Standard gauge,SE,Sweden,2003,3298,
RL_NELC,Non-electrified railway lines,STD,Standard gauge,SE,Sweden,2004,3305,
RL_NELC,Non-electrified railway lines,STD,Standard gauge,SE,Sweden,2005,3280,
RL_NELC,Non-electrified railway lines,STD,Standard gauge,SE,Sweden,2006,3271,
RL_NELC,Non-electrified railway lines,STD,Standard gauge,SE,Sweden,2007,3124,
RL_NELC,Non-electrified railway lines,STD,Standard gauge,SE,Sweden,2008,3165,
RL_NELC,Non-electrified railway lines,STD,Standard gauge,SE,Sweden,2009,3186,
RL_NELC,Non-electrified railway lines,STD,Standard gauge,SE,Sweden,2010,3195,
RL_NELC,Non-electrified railway lines,STD,Standard gauge,SE,Sweden,2011,3087,
RL_NELC,Non-electrified railway lines,STD,Standard gauge,SE,Sweden,2012,2942,
RL_NELC,Non-electrified railway lines,STD,Standard gauge,SE,Sweden,2013,2743,
RL_NELC,Non-electrified railway lines,STD,Standard gauge,SE,Sweden,2014,2649,
RL_NELC,Non-electrified railway lines,STD,Standard gauge,SE,Sweden,2015,2673,
RL_NELC,Non-electrified railway lines,STD,Standard gauge,SE,Sweden,2016,2698,
RL_NELC,Non-electrified railway lines,STD,Standard gauge,SE,Sweden,2017,2685,
RL_NELC,Non-electrified railway lines,STD,Standard gauge,SE,Sweden,2018,2689,
RL_NELC,Non-electrified railway lines,STD,Standard gauge,SE,Sweden,2019,2714,
RL_NELC,Non-electrified railway lines,STD,Standard gauge,SE,Sweden,2020,2725,
RL_NELC,Non-electrified railway lines,STD,Standard gauge,SE,Sweden,2021,2726,
RL_NELC,Non-electrified railway lines,STD,Standard gauge,SE,Sweden,2022,2729,
RL_NELC,Non-electrified railway lines,STD,Standard gauge,SE,Sweden,2023,2717,
RL_NELC,Non-electrified railway lines,STD,Standard gauge,SE,Sweden,2024,2711,
RL_NELC,Non-electrified railway lines,STD,Standard gauge,SI,Slovenia,1990,697,
RL_NELC,Non-electrified railway lines,STD,Standard gauge,SI,Slovenia,1991,702,
RL_NELC,Non-electrified railway lines,STD,Standard gauge,SI,Slovenia,1992,702,
RL_NELC,Non-electrified railway lines,STD,Standard gauge,SI,Slovenia,1993,702,
RL_NELC,Non-electrified railway lines,STD,Standard gauge,SI,Slovenia,1994,702,
RL_NELC,Non-electrified railway lines,STD,Standard gauge,SI,Slovenia,1995,702,
RL_NELC,Non-electrified railway lines,STD,Standard gauge,SI,Slovenia,1996,702,
RL_NELC,Non-electrified railway lines,STD,Standard gauge,SI,Slovenia,1997,702,
RL_NELC,Non-electrified railway lines,STD,Standard gauge,SI,Slovenia,1998,702,
RL_NELC,Non-electrified railway lines,STD,Standard gauge,SI,Slovenia,1999,702,
RL_NELC,Non-electrified railway lines,STD,Standard gauge,SI,Slovenia,2000,698,
RL_NELC,Non-electrified railway lines,STD,Standard gauge,SI,Slovenia,2001,725.1,
RL_NELC,Non-electrified railway lines,STD,Standard gauge,SI,Slovenia,2002,725.1,
RL_NELC,Non-electrified railway lines,STD,Standard gauge,SI,Slovenia,2003,725.2,
RL_NELC,Non-electrified railway lines,STD,Standard gauge,SI,Slovenia,2004,725.2,
RL_NELC,Non-electrified railway lines,STD,Standard gauge,SI,Slovenia,2005,725.4,
RL_NELC,Non-electrified railway lines,STD,Standard gauge,SI,Slovenia,2006,725.32,
RL_NELC,Non-electrified railway lines,STD,Standard gauge,SI,Slovenia,2007,725.32,
RL_NELC,Non-electrified railway lines,STD,Standard gauge,SI,Slovenia,2008,725.32,
RL_NELC,Non-electrified railway lines,STD,Standard gauge,SI,Slovenia,2009,725.32,
RL_NELC,Non-electrified railway lines,STD,Standard gauge,SI,Slovenia,2010,725.32,
RL_NELC,Non-electrified railway lines,STD,Standard gauge,SI,Slovenia,2011,708.71,
RL_NELC,Non-electrified railway lines,STD,Standard gauge,SI,Slovenia,2012,709,
RL_NELC,Non-electrified railway lines,STD,Standard gauge,SI,Slovenia,2013,709,
RL_NELC,Non-electrified railway lines,STD,Standard gauge,SI,Slovenia,2014,709,
RL_NELC,Non-electrified railway lines,STD,Standard gauge,SI,Slovenia,2015,709,
RL_NELC,Non-electrified railway lines,STD,Standard gauge,SI,Slovenia,2016,709,
RL_NELC,Non-electrified railway lines,STD,Standard gauge,SI,Slovenia,2017,599,
RL_NELC,Non-electrified railway lines,STD,Standard gauge,SI,Slovenia,2018,599,
RL_NELC,Non-electrified railway lines,STD,Standard gauge,SI,Slovenia,2019,599,
RL_NELC,Non-electrified railway lines,STD,Standard gauge,SI,Slovenia,2020,599,
RL_NELC,Non-electrified railway lines,STD,Standard gauge,SI,Slovenia,2021,599,
RL_NELC,Non-electrified railway lines,STD,Standard gauge,SI,Slovenia,2022,603,
RL_NELC,Non-electrified railway lines,STD,Standard gauge,SI,Slovenia,2023,603,
RL_NELC,Non-electrified railway lines,STD,Standard gauge,SI,Slovenia,2024,603,
RL_NELC,Non-electrified railway lines,STD,Standard gauge,SK,Slovakia,1992,2274,
RL_NELC,Non-electrified railway lines,STD,Standard gauge,SK,Slovakia,1993,2232,
RL_NELC,Non-electrified railway lines,STD,Standard gauge,SK,Slovakia,1994,2217,
RL_NELC,Non-electrified railway lines,STD,Standard gauge,SK,Slovakia,1995,2179,
RL_NELC,Non-electrified railway lines,STD,Standard gauge,SK,Slovakia,1996,2140,
RL_NELC,Non-electrified railway lines,STD,Standard gauge,SK,Slovakia,1997,2140,
RL_NELC,Non-electrified railway lines,STD,Standard gauge,SK,Slovakia,1998,2115,
RL_NELC,Non-electrified railway lines,STD,Standard gauge,SK,Slovakia,1999,2115,
RL_NELC,Non-electrified railway lines,STD,Standard gauge,SK,Slovakia,2000,2117,
RL_NELC,Non-electrified railway lines,STD,Standard gauge,SK,Slovakia,2001,2117,
RL_NELC,Non-electrified railway lines,STD,Standard gauge,SK,Slovakia,2002,2092,
RL_NELC,Non-electrified railway lines,STD,Standard gauge,SK,Slovakia,2003,2090,
RL_NELC,Non-electrified railway lines,STD,Standard gauge,SK,Slovakia,2004,2095,
RL_NELC,Non-electrified railway lines,STD,Standard gauge,SK,Slovakia,2005,2094,
RL_NELC,Non-electrified railway lines,STD,Standard gauge,SK,Slovakia,2006,2073,
RL_NELC,Non-electrified railway lines,STD,Standard gauge,SK,Slovakia,2007,2043,
RL_NELC,Non-electrified railway lines,STD,Standard gauge,SK,Slovakia,2008,2037,
RL_NELC,Non-electrified railway lines,STD,Standard gauge,SK,Slovakia,2009,2037,
RL_NELC,Non-electrified railway lines,STD,Standard gauge,SK,Slovakia,2010,2035,
RL_NELC,Non-electrified railway lines,STD,Standard gauge,SK,Slovakia,2011,2037,
RL_NELC,Non-electrified railway lines,STD,Standard gauge,SK,Slovakia,2012,2036,
RL_NELC,Non-electrified railway lines,STD,Standard gauge,SK,Slovakia,2013,2036,
RL_NELC,Non-electrified railway lines,STD,Standard gauge,SK,Slovakia,2014,2036,
RL_NELC,Non-electrified railway lines,STD,Standard gauge,SK,Slovakia,2015,2034,
RL_NELC,Non-electrified railway lines,STD,Standard gauge,SK,Slovakia,2016,2033,
RL_NELC,Non-electrified railway lines,STD,Standard gauge,SK,Slovakia,2017,2032,
RL_NELC,Non-electrified railway lines,STD,Standard gauge,SK,Slovakia,2018,2034,
RL_NELC,Non-electrified railway lines,STD,Standard gauge,SK,Slovakia,2019,2036,
RL_NELC,Non-electrified railway lines,STD,Standard gauge,SK,Slovakia,2020,2036,
RL_NELC,Non-electrified railway lines,STD,Standard gauge,SK,Slovakia,2021,2036,
RL_NELC,Non-electrified railway lines,STD,Standard gauge,SK,Slovakia,2022,2036,
RL_NELC,Non-electrified railway lines,STD,Standard gauge,SK,Slovakia,2023,2040,
RL_NELC,Non-electrified railway lines,STD,Standard gauge,SK,Slovakia,2024,2040,
RL_NELC,Non-electrified railway lines,STD,Standard gauge,TR,Türkiye,1990,7826,
RL_NELC,Non-electrified railway lines,STD,Standard gauge,TR,Türkiye,1991,7762,
RL_NELC,Non-electrified railway lines,STD,Standard gauge,TR,Türkiye,1992,7525,
RL_NELC,Non-electrified railway lines,STD,Standard gauge,TR,Türkiye,1993,7525,
RL_NELC,Non-electrified railway lines,STD,Standard gauge,TR,Türkiye,1994,7359,i
RL_NELC,Non-electrified railway lines,STD,Standard gauge,TR,Türkiye,1995,7456,i
RL_NELC,Non-electrified railway lines,STD,Standard gauge,TR,Türkiye,1996,7207,i
RL_NELC,Non-electrified railway lines,STD,Standard gauge,TR,Türkiye,1997,6901,
RL_NELC,Non-electrified railway lines,STD,Standard gauge,TR,Türkiye,1998,6901,
RL_NELC,Non-electrified railway lines,STD,Standard gauge,TR,Türkiye,1999,6919,
RL_NELC,Non-electrified railway lines,STD,Standard gauge,TR,Türkiye,2000,6919,
RL_NELC,Non-electrified railway lines,STD,Standard gauge,TR,Türkiye,2001,6919,
RL_NELC,Non-electrified railway lines,STD,Standard gauge,TR,Türkiye,2002,6919,
RL_NELC,Non-electrified railway lines,STD,Standard gauge,TR,Türkiye,2003,6945,
RL_NELC,Non-electrified railway lines,STD,Standard gauge,TR,Türkiye,2004,6777,
RL_NELC,Non-electrified railway lines,STD,Standard gauge,TR,Türkiye,2005,6777,
RL_NELC,Non-electrified railway lines,STD,Standard gauge,TR,Türkiye,2006,6777,
RL_NELC,Non-electrified railway lines,STD,Standard gauge,TR,Türkiye,2007,6777,
RL_NELC,Non-electrified railway lines,STD,Standard gauge,TR,Türkiye,2008,6771,
RL_NELC,Non-electrified railway lines,STD,Standard gauge,TR,Türkiye,2009,6767,
RL_NELC,Non-electrified railway lines,STD,Standard gauge,TR,Türkiye,2010,6803,
RL_NELC,Non-electrified railway lines,STD,Standard gauge,TR,Türkiye,2011,6853,
RL_NELC,Non-electrified railway lines,STD,Standard gauge,TR,Türkiye,2012,6802,
RL_NELC,Non-electrified railway lines,STD,Standard gauge,TR,Türkiye,2013,6796,
RL_NELC,Non-electrified railway lines,STD,Standard gauge,TR,Türkiye,2014,6757,
RL_NELC,Non-electrified railway lines,STD,Standard gauge,TR,Türkiye,2015,6708,
RL_NELC,Non-electrified railway lines,STD,Standard gauge,TR,Türkiye,2016,6275,
RL_NELC,Non-electrified railway lines,STD,Standard gauge,TR,Türkiye,2017,6042,
RL_NELC,Non-electrified railway lines,STD,Standard gauge,TR,Türkiye,2018,5531,
RL_NELC,Non-electrified railway lines,STD,Standard gauge,TR,Türkiye,2019,5308,
RL_NELC,Non-electrified railway lines,STD,Standard gauge,TR,Türkiye,2020,5233,i
RL_NELC,Non-electrified railway lines,STD,Standard gauge,TR,Türkiye,2021,5169,i
RL_NELC,Non-electrified railway lines,STD,Standard gauge,TR,Türkiye,2022,5054,i
RL_NELC,Non-electrified railway lines,STD,Standard gauge,TR,Türkiye,2023,4963,
RL_NELC,Non-electrified railway lines,STD,Standard gauge,TR,Türkiye,2024,4847,
RL_NELC,Non-electrified railway lines,STD,Standard gauge,UA,Ukraine,1992,49,
RL_NELC,Non-electrified railway lines,STD,Standard gauge,UA,Ukraine,1993,49,
RL_NELC,Non-electrified railway lines,STD,Standard gauge,UA,Ukraine,1994,49,
RL_NELC,Non-electrified railway lines,STD,Standard gauge,UA,Ukraine,1995,49,
RL_NELC,Non-electrified railway lines,STD,Standard gauge,UA,Ukraine,1996,49,
RL_NELC,Non-electrified railway lines,STD,Standard gauge,UA,Ukraine,1997,49,
RL_NELC,Non-electrified railway lines,STD,Standard gauge,UA,Ukraine,1998,49,
RL_NELC,Non-electrified railway lines,STD,Standard gauge,UA,Ukraine,1999,48,
RL_NELC,Non-electrified railway lines,STD,Standard gauge,UA,Ukraine,2012,25,
RL_NELC,Non-electrified railway lines,STD,Standard gauge,UA,Ukraine,2013,25,
RL_NELC,Non-electrified railway lines,STD,Standard gauge,UA,Ukraine,2014,18,
RL_NELC,Non-electrified railway lines,STD,Standard gauge,UA,Ukraine,2015,18,
RL_NELC,Non-electrified railway lines,STD,Standard gauge,UA,Ukraine,2016,18,
RL_NELC,Non-electrified railway lines,STD,Standard gauge,UA,Ukraine,2017,18,
RL_NELC,Non-electrified railway lines,STD,Standard gauge,UA,Ukraine,2018,18,
RL_NELC,Non-electrified railway lines,STD,Standard gauge,UA,Ukraine,2019,18,
RL_NELC,Non-electrified railway lines,STD,Standard gauge,UA,Ukraine,2020,18,
RL_NELC,Non-electrified railway lines,STD,Standard gauge,UA,Ukraine,2021,18,
RL_NELC,Non-electrified railway lines,STD,Standard gauge,UA,Ukraine,2022,18,
RL_NELC,Non-electrified railway lines,STD,Standard gauge,UA,Ukraine,2023,18,
RL_NELC,Non-electrified railway lines,STD,Standard gauge,UK,United Kingdom,1991,12010,
RL_NELC,Non-electrified railway lines,STD,Standard gauge,UK,United Kingdom,1992,11934,
RL_NELC,Non-electrified railway lines,STD,Standard gauge,UK,United Kingdom,1993,11886,
RL_NELC,Non-electrified railway lines,STD,Standard gauge,UK,United Kingdom,1994,11572,
RL_NELC,Non-electrified railway lines,STD,Standard gauge,UK,United Kingdom,1995,11503,
RL_NELC,Non-electrified railway lines,STD,Standard gauge,UK,United Kingdom,1996,11490,
RL_NELC,Non-electrified railway lines,STD,Standard gauge,UK,United Kingdom,1997,11490,
RL_NELC,Non-electrified railway lines,STD,Standard gauge,UK,United Kingdom,1998,11493,
RL_NELC,Non-electrified railway lines,STD,Standard gauge,UK,United Kingdom,1999,11483,
RL_NELC,Non-electrified railway lines,STD,Standard gauge,UK,United Kingdom,2000,11485,
RL_NELC,Non-electrified railway lines,STD,Standard gauge,UK,United Kingdom,2001,11485,p
RL_NELC,Non-electrified railway lines,STD,Standard gauge,UK,United Kingdom,2002,11485,p
RL_NELC,Non-electrified railway lines,STD,Standard gauge,UK,United Kingdom,2003,11485,p
RL_NELC,Non-electrified railway lines,STD,Standard gauge,UK,United Kingdom,2004,10916,
RL_NELC,Non-electrified railway lines,STD,Standard gauge,UK,United Kingdom,2005,10564,
RL_NELC,Non-electrified railway lines,STD,Standard gauge,UK,United Kingdom,2006,10564,
RL_NELC,Non-electrified railway lines,STD,Standard gauge,UK,United Kingdom,2007,10564,
RL_NELC,Non-electrified railway lines,STD,Standard gauge,UK,United Kingdom,2008,10900,i
RL_NELC,Non-electrified railway lines,STD,Standard gauge,UK,United Kingdom,2009,10864,i
RL_NELC,Non-electrified railway lines,STD,Standard gauge,UK,United Kingdom,2010,10852,i
RL_NELC,Non-electrified railway lines,STD,Standard gauge,UK,United Kingdom,2011,10815,i
RL_NELC,Non-electrified railway lines,STD,Standard gauge,UK,United Kingdom,2012,10821,
RL_NELC,Non-electrified railway lines,STD,Standard gauge,UK,United Kingdom,2013,10818,
RL_NELC,Non-electrified railway lines,STD,Standard gauge,UK,United Kingdom,2014,10821,
RL_NELC,Non-electrified railway lines,STD,Standard gauge,UK,United Kingdom,2015,10801,
RL_NELC,Non-electrified railway lines,STD,Standard gauge,UK,United Kingdom,2016,10770,
RL_NELC,Non-electrified railway lines,STD,Standard gauge,UK,United Kingdom,2017,10445,
RL_NELC,Non-electrified railway lines,STD,Standard gauge,UK,United Kingdom,2018,10170,
RL_NELC,Non-electrified railway lines,STD,Standard gauge,UK,United Kingdom,2019,9989,
RL_NELC,Non-electrified railway lines,STD,Standard gauge,UK,United Kingdom,2020,10032,
RL_NELC,Non-electrified railway lines,STD,Standard gauge,UK,United Kingdom,2021,9973,
RL_NELC,Non-electrified railway lines,STD,Standard gauge,UK,United Kingdom,2022,9923,
RL_NELC,Non-electrified railway lines,STD,Standard gauge,UK,United Kingdom,2023,9861,
RL_NELC,Non-electrified railway lines,STD,Standard gauge,UK,United Kingdom,2024,9547,
RL_NELC,Non-electrified railway lines,STD,Standard gauge,XK,Kosovo*,2017,246.35,
RL_NELC,Non-electrified railway lines,STD,Standard gauge,XK,Kosovo*,2018,246.35,
RL_NELC,Non-electrified railway lines,STD,Standard gauge,XK,Kosovo*,2019,246.35,
RL_NELC,Non-electrified railway lines,STD,Standard gauge,XK,Kosovo*,2020,246.35,
RL_NELC,Non-electrified railway lines,STD,Standard gauge,XK,Kosovo*,2021,246.35,
RL_NELC,Non-electrified railway lines,STD,Standard gauge,XK,Kosovo*,2022,246.35,
RL_NELC,Non-electrified railway lines,TOTAL,Total,AL,Albania,1990,674,
RL_NELC,Non-electrified railway lines,TOTAL,Total,AL,Albania,1991,674,
RL_NELC,Non-electrified railway lines,TOTAL,Total,AL,Albania,1992,674,
RL_NELC,Non-electrified railway lines,TOTAL,Total,AL,Albania,1993,630,
RL_NELC,Non-electrified railway lines,TOTAL,Total,AL,Albania,1994,520,
RL_NELC,Non-electrified railway lines,TOTAL,Total,AL,Albania,1995,520,
RL_NELC,Non-electrified railway lines,TOTAL,Total,AL,Albania,1996,447,
RL_NELC,Non-electrified railway lines,TOTAL,Total,AL,Albania,1997,447,
RL_NELC,Non-electrified railway lines,TOTAL,Total,AL,Albania,1998,394,
RL_NELC,Non-electrified railway lines,TOTAL,Total,AL,Albania,1999,394,
RL_NELC,Non-electrified railway lines,TOTAL,Total,AL,Albania,2000,400,
RL_NELC,Non-electrified railway lines,TOTAL,Total,AL,Albania,2001,409,
RL_NELC,Non-electrified railway lines,TOTAL,Total,AL,Albania,2002,428,
RL_NELC,Non-electrified railway lines,TOTAL,Total,AL,Albania,2003,421,i
RL_NELC,Non-electrified railway lines,TOTAL,Total,AL,Albania,2004,413,i
RL_NELC,Non-electrified railway lines,TOTAL,Total,AL,Albania,2005,406,i
RL_NELC,Non-electrified railway lines,TOTAL,Total,AL,Albania,2006,398,i
RL_NELC,Non-electrified railway lines,TOTAL,Total,AL,Albania,2007,391,i
RL_NELC,Non-electrified railway lines,TOTAL,Total,AL,Albania,2008,383,i
RL_NELC,Non-electrified railway lines,TOTAL,Total,AL,Albania,2009,376,i
RL_NELC,Non-electrified railway lines,TOTAL,Total,AL,Albania,2010,368,i
RL_NELC,Non-electrified railway lines,TOTAL,Total,AL,Albania,2011,361,i
RL_NELC,Non-electrified railway lines,TOTAL,Total,AL,Albania,2012,353,i
RL_NELC,Non-electrified railway lines,TOTAL,Total,AL,Albania,2013,346,
RL_NELC,Non-electrified railway lines,TOTAL,Total,AL,Albania,2014,346,
RL_NELC,Non-electrified railway lines,TOTAL,Total,AL,Albania,2015,379,
RL_NELC,Non-electrified railway lines,TOTAL,Total,AL,Albania,2016,334,
RL_NELC,Non-electrified railway lines,TOTAL,Total,AL,Albania,2017,334,
RL_NELC,Non-electrified railway lines,TOTAL,Total,AL,Albania,2018,334,
RL_NELC,Non-electrified railway lines,TOTAL,Total,AL,Albania,2019,234.85,
RL_NELC,Non-electrified railway lines,TOTAL,Total,AL,Albania,2020,204.15,
RL_NELC,Non-electrified railway lines,TOTAL,Total,AL,Albania,2021,224,
RL_NELC,Non-electrified railway lines,TOTAL,Total,AL,Albania,2022,204.15,
RL_NELC,Non-electrified railway lines,TOTAL,Total,AL,Albania,2023,252.95,
RL_NELC,Non-electrified railway lines,TOTAL,Total,AL,Albania,2024,252.95,
RL_NELC,Non-electrified railway lines,TOTAL,Total,AT,Austria,1990,2378,
RL_NELC,Non-electrified railway lines,TOTAL,Total,AT,Austria,1991,2378,
RL_NELC,Non-electrified railway lines,TOTAL,Total,AT,Austria,1992,2358,
RL_NELC,Non-electrified railway lines,TOTAL,Total,AT,Austria,1993,2327,
RL_NELC,Non-electrified railway lines,TOTAL,Total,AT,Austria,1994,2328,
RL_NELC,Non-electrified railway lines,TOTAL,Total,AT,Austria,1995,2254,
RL_NELC,Non-electrified railway lines,TOTAL,Total,AT,Austria,1996,2254,
RL_NELC,Non-electrified railway lines,TOTAL,Total,AT,Austria,1997,2254,
RL_NELC,Non-electrified railway lines,TOTAL,Total,AT,Austria,1998,2259,
RL_NELC,Non-electrified railway lines,TOTAL,Total,AT,Austria,1999,2382,
RL_NELC,Non-electrified railway lines,TOTAL,Total,AT,Austria,2000,2226,
RL_NELC,Non-electrified railway lines,TOTAL,Total,AT,Austria,2001,2396,
RL_NELC,Non-electrified railway lines,TOTAL,Total,AT,Austria,2002,2104,
RL_NELC,Non-electrified railway lines,TOTAL,Total,AT,Austria,2003,2239,i
RL_NELC,Non-electrified railway lines,TOTAL,Total,AT,Austria,2004,2130,i
RL_NELC,Non-electrified railway lines,TOTAL,Total,AT,Austria,2005,2176,i
RL_NELC,Non-electrified railway lines,TOTAL,Total,AT,Austria,2006,2182,i
RL_NELC,Non-electrified railway lines,TOTAL,Total,AT,Austria,2007,2182,i
RL_NELC,Non-electrified railway lines,TOTAL,Total,AT,Austria,2008,2154,i
RL_NELC,Non-electrified railway lines,TOTAL,Total,AT,Austria,2009,1747,i
RL_NELC,Non-electrified railway lines,TOTAL,Total,AT,Austria,2010,1962,
RL_NELC,Non-electrified railway lines,TOTAL,Total,AT,Austria,2011,1737,
RL_NELC,Non-electrified railway lines,TOTAL,Total,AT,Austria,2012,1714,
RL_NELC,Non-electrified railway lines,TOTAL,Total,AT,Austria,2013,1677,
RL_NELC,Non-electrified railway lines,TOTAL,Total,AT,Austria,2014,1714,
RL_NELC,Non-electrified railway lines,TOTAL,Total,AT,Austria,2015,1617,
RL_NELC,Non-electrified railway lines,TOTAL,Total,AT,Austria,2016,1566,
RL_NELC,Non-electrified railway lines,TOTAL,Total,AT,Austria,2017,1581,
RL_NELC,Non-electrified railway lines,TOTAL,Total,AT,Austria,2018,1575,
RL_NELC,Non-electrified railway lines,TOTAL,Total,AT,Austria,2019,1639,
RL_NELC,Non-electrified railway lines,TOTAL,Total,AT,Austria,2020,1615,
RL_NELC,Non-electrified railway lines,TOTAL,Total,AT,Austria,2021,1600,
RL_NELC,Non-electrified railway lines,TOTAL,Total,AT,Austria,2022,1560,
RL_NELC,Non-electrified railway lines,TOTAL,Total,AT,Austria,2023,1458,
RL_NELC,Non-electrified railway lines,TOTAL,Total,AT,Austria,2024,1463,
RL_NELC,Non-electrified railway lines,TOTAL,Total,BA,Bosnia and Herzegovina,1990,193,
RL_NELC,Non-electrified railway lines,TOTAL,Total,BA,Bosnia and Herzegovina,1991,270,
RL_NELC,Non-electrified railway lines,TOTAL,Total,BA,Bosnia and Herzegovina,1992,281,
RL_NELC,Non-electrified railway lines,TOTAL,Total,BA,Bosnia and Herzegovina,1993,281,
RL_NELC,Non-electrified railway lines,TOTAL,Total,BA,Bosnia and Herzegovina,1994,281,
RL_NELC,Non-electrified railway lines,TOTAL,Total,BA,Bosnia and Herzegovina,1995,281,
RL_NELC,Non-electrified railway lines,TOTAL,Total,BA,Bosnia and Herzegovina,1996,255,
RL_NELC,Non-electrified railway lines,TOTAL,Total,BA,Bosnia and Herzegovina,1997,246,
RL_NELC,Non-electrified railway lines,TOTAL,Total,BA,Bosnia and Herzegovina,1998,254,
RL_NELC,Non-electrified railway lines,TOTAL,Total,BA,Bosnia and Herzegovina,1999,254,
RL_NELC,Non-electrified railway lines,TOTAL,Total,BA,Bosnia and Herzegovina,2000,254,
RL_NELC,Non-electrified railway lines,TOTAL,Total,BA,Bosnia and Herzegovina,2001,254,
RL_NELC,Non-electrified railway lines,TOTAL,Total,BA,Bosnia and Herzegovina,2002,254,
RL_NELC,Non-electrified railway lines,TOTAL,Total,BA,Bosnia and Herzegovina,2003,254,
RL_NELC,Non-electrified railway lines,TOTAL,Total,BA,Bosnia and Herzegovina,2004,254,
RL_NELC,Non-electrified railway lines,TOTAL,Total,BA,Bosnia and Herzegovina,2005,254,
RL_NELC,Non-electrified railway lines,TOTAL,Total,BA,Bosnia and Herzegovina,2006,254,
RL_NELC,Non-electrified railway lines,TOTAL,Total,BA,Bosnia and Herzegovina,2007,246,
RL_NELC,Non-electrified railway lines,TOTAL,Total,BA,Bosnia and Herzegovina,2008,246,
RL_NELC,Non-electrified railway lines,TOTAL,Total,BA,Bosnia and Herzegovina,2009,246,
RL_NELC,Non-electrified railway lines,TOTAL,Total,BA,Bosnia and Herzegovina,2010,255,
RL_NELC,Non-electrified railway lines,TOTAL,Total,BA,Bosnia and Herzegovina,2011,255,
RL_NELC,Non-electrified railway lines,TOTAL,Total,BA,Bosnia and Herzegovina,2012,255,
RL_NELC,Non-electrified railway lines,TOTAL,Total,BA,Bosnia and Herzegovina,2013,255,
RL_NELC,Non-electrified railway lines,TOTAL,Total,BA,Bosnia and Herzegovina,2014,255,
RL_NELC,Non-electrified railway lines,TOTAL,Total,BA,Bosnia and Herzegovina,2015,255,
RL_NELC,Non-electrified railway lines,TOTAL,Total,BA,Bosnia and Herzegovina,2016,270,
RL_NELC,Non-electrified railway lines,TOTAL,Total,BA,Bosnia and Herzegovina,2017,270,
RL_NELC,Non-electrified railway lines,TOTAL,Total,BA,Bosnia and Herzegovina,2018,270,
RL_NELC,Non-electrified railway lines,TOTAL,Total,BA,Bosnia and Herzegovina,2019,269,
RL_NELC,Non-electrified railway lines,TOTAL,Total,BA,Bosnia and Herzegovina,2020,269,
RL_NELC,Non-electrified railway lines,TOTAL,Total,BA,Bosnia and Herzegovina,2021,270,
RL_NELC,Non-electrified railway lines,TOTAL,Total,BA,Bosnia and Herzegovina,2022,270,
RL_NELC,Non-electrified railway lines,TOTAL,Total,BA,Bosnia and Herzegovina,2023,270,
RL_NELC,Non-electrified railway lines,TOTAL,Total,BA,Bosnia and Herzegovina,2024,270,
RL_NELC,Non-electrified railway lines,TOTAL,Total,BE,Belgium,1962,3645,
RL_NELC,Non-electrified railway lines,TOTAL,Total,BE,Belgium,1990,1186,
RL_NELC,Non-electrified railway lines,TOTAL,Total,BE,Belgium,1991,1175,
RL_NELC,Non-electrified railway lines,TOTAL,Total,BE,Belgium,1992,1141,
RL_NELC,Non-electrified railway lines,TOTAL,Total,BE,Belgium,1993,1047,
RL_NELC,Non-electrified railway lines,TOTAL,Total,BE,Belgium,1994,1033,
RL_NELC,Non-electrified railway lines,TOTAL,Total,BE,Belgium,1995,997,
RL_NELC,Non-electrified railway lines,TOTAL,Total,BE,Belgium,1996,920,
RL_NELC,Non-electrified railway lines,TOTAL,Total,BE,Belgium,1997,915,
RL_NELC,Non-electrified railway lines,TOTAL,Total,BE,Belgium,1998,827,
RL_NELC,Non-electrified railway lines,TOTAL,Total,BE,Belgium,1999,771,
RL_NELC,Non-electrified railway lines,TOTAL,Total,BE,Belgium,2000,766,
RL_NELC,Non-electrified railway lines,TOTAL,Total,BE,Belgium,2001,753,
RL_NELC,Non-electrified railway lines,TOTAL,Total,BE,Belgium,2002,818,
RL_NELC,Non-electrified railway lines,TOTAL,Total,BE,Belgium,2003,594,
RL_NELC,Non-electrified railway lines,TOTAL,Total,BE,Belgium,2004,586,
RL_NELC,Non-electrified railway lines,TOTAL,Total,BE,Belgium,2005,567,
RL_NELC,Non-electrified railway lines,TOTAL,Total,BE,Belgium,2006,567,
RL_NELC,Non-electrified railway lines,TOTAL,Total,BE,Belgium,2007,572,
RL_NELC,Non-electrified railway lines,TOTAL,Total,BE,Belgium,2008,558,
RL_NELC,Non-electrified railway lines,TOTAL,Total,BE,Belgium,2009,573,
RL_NELC,Non-electrified railway lines,TOTAL,Total,BE,Belgium,2010,575,
RL_NELC,Non-electrified railway lines,TOTAL,Total,BE,Belgium,2011,555,
RL_NELC,Non-electrified railway lines,TOTAL,Total,BE,Belgium,2012,537,
RL_NELC,Non-electrified railway lines,TOTAL,Total,BE,Belgium,2013,540.062,
RL_NELC,Non-electrified railway lines,TOTAL,Total,BE,Belgium,2014,542.535,
RL_NELC,Non-electrified railway lines,TOTAL,Total,BE,Belgium,2015,518.611,
RL_NELC,Non-electrified railway lines,TOTAL,Total,BE,Belgium,2016,515.879,
RL_NELC,Non-electrified railway lines,TOTAL,Total,BE,Belgium,2017,512.981,
RL_NELC,Non-electrified railway lines,TOTAL,Total,BE,Belgium,2018,511.634,
RL_NELC,Non-electrified railway lines,TOTAL,Total,BE,Belgium,2019,513.965,
RL_NELC,Non-electrified railway lines,TOTAL,Total,BE,Belgium,2020,515.668,
RL_NELC,Non-electrified railway lines,TOTAL,Total,BE,Belgium,2021,485.468,
RL_NELC,Non-electrified railway lines,TOTAL,Total,BE,Belgium,2022,434,
RL_NELC,Non-electrified railway lines,TOTAL,Total,BE,Belgium,2023,434,
RL_NELC,Non-electrified railway lines,TOTAL,Total,BE,Belgium,2024,434,
RL_NELC,Non-electrified railway lines,TOTAL,Total,BG,Bulgaria,1990,1659,
RL_NELC,Non-electrified railway lines,TOTAL,Total,BG,Bulgaria,1991,1659,
RL_NELC,Non-electrified railway lines,TOTAL,Total,BG,Bulgaria,1992,1644,
RL_NELC,Non-electrified railway lines,TOTAL,Total,BG,Bulgaria,1993,1644,
RL_NELC,Non-electrified railway lines,TOTAL,Total,BG,Bulgaria,1994,1646,
RL_NELC,Non-electrified railway lines,TOTAL,Total,BG,Bulgaria,1995,1637,
RL_NELC,Non-electrified railway lines,TOTAL,Total,BG,Bulgaria,1996,1583,
RL_NELC,Non-electrified railway lines,TOTAL,Total,BG,Bulgaria,1997,1581,
RL_NELC,Non-electrified railway lines,TOTAL,Total,BG,Bulgaria,1998,1582,
RL_NELC,Non-electrified railway lines,TOTAL,Total,BG,Bulgaria,1999,1582,
RL_NELC,Non-electrified railway lines,TOTAL,Total,BG,Bulgaria,2000,1576,
RL_NELC,Non-electrified railway lines,TOTAL,Total,BG,Bulgaria,2001,1473,
RL_NELC,Non-electrified railway lines,TOTAL,Total,BG,Bulgaria,2002,1471,
RL_NELC,Non-electrified railway lines,TOTAL,Total,BG,Bulgaria,2003,1445,
RL_NELC,Non-electrified railway lines,TOTAL,Total,BG,Bulgaria,2004,1405,
RL_NELC,Non-electrified railway lines,TOTAL,Total,BG,Bulgaria,2005,1274,
RL_NELC,Non-electrified railway lines,TOTAL,Total,BG,Bulgaria,2006,1234,
RL_NELC,Non-electrified railway lines,TOTAL,Total,BG,Bulgaria,2007,1337,
RL_NELC,Non-electrified railway lines,TOTAL,Total,BG,Bulgaria,2008,1317,
RL_NELC,Non-electrified railway lines,TOTAL,Total,BG,Bulgaria,2009,1317,
RL_NELC,Non-electrified railway lines,TOTAL,Total,BG,Bulgaria,2010,1313,
RL_NELC,Non-electrified railway lines,TOTAL,Total,BG,Bulgaria,2011,1210,
RL_NELC,Non-electrified railway lines,TOTAL,Total,BG,Bulgaria,2012,1208,
RL_NELC,Non-electrified railway lines,TOTAL,Total,BG,Bulgaria,2013,1163,
RL_NELC,Non-electrified railway lines,TOTAL,Total,BG,Bulgaria,2014,1162,
RL_NELC,Non-electrified railway lines,TOTAL,Total,BG,Bulgaria,2015,1161,
RL_NELC,Non-electrified railway lines,TOTAL,Total,BG,Bulgaria,2016,1161,
RL_NELC,Non-electrified railway lines,TOTAL,Total,BG,Bulgaria,2017,1161,
RL_NELC,Non-electrified railway lines,TOTAL,Total,BG,Bulgaria,2018,1161,
RL_NELC,Non-electrified railway lines,TOTAL,Total,BG,Bulgaria,2019,1160,
RL_NELC,Non-electrified railway lines,TOTAL,Total,BG,Bulgaria,2020,1158,
RL_NELC,Non-electrified railway lines,TOTAL,Total,BG,Bulgaria,2021,1030,
RL_NELC,Non-electrified railway lines,TOTAL,Total,BG,Bulgaria,2022,1023,
RL_NELC,Non-electrified railway lines,TOTAL,Total,BG,Bulgaria,2023,1024,
RL_NELC,Non-electrified railway lines,TOTAL,Total,BG,Bulgaria,2024,1022,
RL_NELC,Non-electrified railway lines,TOTAL,Total,CH,Switzerland,1990,41,i
RL_NELC,Non-electrified railway lines,TOTAL,Total,CH,Switzerland,1991,41,i
RL_NELC,Non-electrified railway lines,TOTAL,Total,CH,Switzerland,1992,44,i
RL_NELC,Non-electrified railway lines,TOTAL,Total,CH,Switzerland,1993,44,i
RL_NELC,Non-electrified railway lines,TOTAL,Total,CH,Switzerland,1994,44,i
RL_NELC,Non-electrified railway lines,TOTAL,Total,CH,Switzerland,1995,44,i
RL_NELC,Non-electrified railway lines,TOTAL,Total,CH,Switzerland,1996,42,i
RL_NELC,Non-electrified railway lines,TOTAL,Total,CH,Switzerland,1997,36,i
RL_NELC,Non-electrified railway lines,TOTAL,Total,CH,Switzerland,1998,36,i
RL_NELC,Non-electrified railway lines,TOTAL,Total,CH,Switzerland,1999,36,i
RL_NELC,Non-electrified railway lines,TOTAL,Total,CH,Switzerland,2000,47,i
RL_NELC,Non-electrified railway lines,TOTAL,Total,CH,Switzerland,2001,39,i
RL_NELC,Non-electrified railway lines,TOTAL,Total,CH,Switzerland,2002,40,i
RL_NELC,Non-electrified railway lines,TOTAL,Total,CH,Switzerland,2003,28,i
RL_NELC,Non-electrified railway lines,TOTAL,Total,CH,Switzerland,2004,28,i
RL_NELC,Non-electrified railway lines,TOTAL,Total,CH,Switzerland,2005,28,i
RL_NELC,Non-electrified railway lines,TOTAL,Total,CH,Switzerland,2006,28,i
RL_NELC,Non-electrified railway lines,TOTAL,Total,CH,Switzerland,2007,28,i
RL_NELC,Non-electrified railway lines,TOTAL,Total,CH,Switzerland,2008,28,i
RL_NELC,Non-electrified railway lines,TOTAL,Total,CH,Switzerland,2009,28,i
RL_NELC,Non-electrified railway lines,TOTAL,Total,CH,Switzerland,2010,28,i
RL_NELC,Non-electrified railway lines,TOTAL,Total,CH,Switzerland,2011,28,i
RL_NELC,Non-electrified railway lines,TOTAL,Total,CH,Switzerland,2012,28,i
RL_NELC,Non-electrified railway lines,TOTAL,Total,CH,Switzerland,2013,9,i
RL_NELC,Non-electrified railway lines,TOTAL,Total,CH,Switzerland,2014,8.9,i
RL_NELC,Non-electrified railway lines,TOTAL,Total,CH,Switzerland,2015,9,i
RL_NELC,Non-electrified railway lines,TOTAL,Total,CH,Switzerland,2016,9,i
RL_NELC,Non-electrified railway lines,TOTAL,Total,CH,Switzerland,2017,9,i
RL_NELC,Non-electrified railway lines,TOTAL,Total,CH,Switzerland,2018,9,i
RL_NELC,Non-electrified railway lines,TOTAL,Total,CH,Switzerland,2019,9,i
RL_NELC,Non-electrified railway lines,TOTAL,Total,CH,Switzerland,2020,11.78,
RL_NELC,Non-electrified railway lines,TOTAL,Total,CH,Switzerland,2021,9,i
RL_NELC,Non-electrified railway lines,TOTAL,Total,CH,Switzerland,2022,9,i
RL_NELC,Non-electrified railway lines,TOTAL,Total,CH,Switzerland,2023,9,i
RL_NELC,Non-electrified railway lines,TOTAL,Total,CH,Switzerland,2024,9,i
RL_NELC,Non-electrified railway lines,TOTAL,Total,CZ,Czechia,1990,6872,
RL_NELC,Non-electrified railway lines,TOTAL,Total,CZ,Czechia,1991,6857,
RL_NELC,Non-electrified railway lines,TOTAL,Total,CZ,Czechia,1992,6846,
RL_NELC,Non-electrified railway lines,TOTAL,Total,CZ,Czechia,1993,6735,
RL_NELC,Non-electrified railway lines,TOTAL,Total,CZ,Czechia,1994,6669,
RL_NELC,Non-electrified railway lines,TOTAL,Total,CZ,Czechia,1995,6687,
RL_NELC,Non-electrified railway lines,TOTAL,Total,CZ,Czechia,1996,6576,
RL_NELC,Non-electrified railway lines,TOTAL,Total,CZ,Czechia,1997,6571,
RL_NELC,Non-electrified railway lines,TOTAL,Total,CZ,Czechia,1998,6571,
RL_NELC,Non-electrified railway lines,TOTAL,Total,CZ,Czechia,1999,6601,
RL_NELC,Non-electrified railway lines,TOTAL,Total,CZ,Czechia,2000,6601,
RL_NELC,Non-electrified railway lines,TOTAL,Total,CZ,Czechia,2001,6630,
RL_NELC,Non-electrified railway lines,TOTAL,Total,CZ,Czechia,2002,6674,
RL_NELC,Non-electrified railway lines,TOTAL,Total,CZ,Czechia,2003,6659,
RL_NELC,Non-electrified railway lines,TOTAL,Total,CZ,Czechia,2004,6630,
RL_NELC,Non-electrified railway lines,TOTAL,Total,CZ,Czechia,2005,6617,
RL_NELC,Non-electrified railway lines,TOTAL,Total,CZ,Czechia,2006,6556,
RL_NELC,Non-electrified railway lines,TOTAL,Total,CZ,Czechia,2007,6528,
RL_NELC,Non-electrified railway lines,TOTAL,Total,CZ,Czechia,2008,6508,
RL_NELC,Non-electrified railway lines,TOTAL,Total,CZ,Czechia,2009,6425,
RL_NELC,Non-electrified railway lines,TOTAL,Total,CZ,Czechia,2010,6357,
RL_NELC,Non-electrified railway lines,TOTAL,Total,CZ,Czechia,2011,6364,
RL_NELC,Non-electrified railway lines,TOTAL,Total,CZ,Czechia,2012,6353,
RL_NELC,Non-electrified railway lines,TOTAL,Total,CZ,Czechia,2013,6345,
RL_NELC,Non-electrified railway lines,TOTAL,Total,CZ,Czechia,2014,6343,
RL_NELC,Non-electrified railway lines,TOTAL,Total,CZ,Czechia,2015,6329,
RL_NELC,Non-electrified railway lines,TOTAL,Total,CZ,Czechia,2016,6328,
RL_NELC,Non-electrified railway lines,TOTAL,Total,CZ,Czechia,2017,6331,
RL_NELC,Non-electrified railway lines,TOTAL,Total,CZ,Czechia,2018,6337,
RL_NELC,Non-electrified railway lines,TOTAL,Total,CZ,Czechia,2019,6330,
RL_NELC,Non-electrified railway lines,TOTAL,Total,CZ,Czechia,2020,6306,
RL_NELC,Non-electrified railway lines,TOTAL,Total,CZ,Czechia,2021,6289,
RL_NELC,Non-electrified railway lines,TOTAL,Total,CZ,Czechia,2022,6288,
RL_NELC,Non-electrified railway lines,TOTAL,Total,CZ,Czechia,2023,6237,
RL_NELC,Non-electrified railway lines,TOTAL,Total,CZ,Czechia,2024,6237,
RL_NELC,Non-electrified railway lines,TOTAL,Total,DE,Germany,1962,26259,
RL_NELC,Non-electrified railway lines,TOTAL,Total,DE,Germany,1990,27850,i
RL_NELC,Non-electrified railway lines,TOTAL,Total,DE,Germany,1991,24823,i
RL_NELC,Non-electrified railway lines,TOTAL,Total,DE,Germany,1992,24485,i
RL_NELC,Non-electrified railway lines,TOTAL,Total,DE,Germany,1993,23602,i
RL_NELC,Non-electrified railway lines,TOTAL,Total,DE,Germany,1994,23509,i
RL_NELC,Non-electrified railway lines,TOTAL,Total,DE,Germany,1995,23555,i
RL_NELC,Non-electrified railway lines,TOTAL,Total,DE,Germany,1996,22366,i
RL_NELC,Non-electrified railway lines,TOTAL,Total,DE,Germany,1997,19732,i
RL_NELC,Non-electrified railway lines,TOTAL,Total,DE,Germany,1998,19269,i
RL_NELC,Non-electrified railway lines,TOTAL,Total,DE,Germany,1999,18591,i
RL_NELC,Non-electrified railway lines,TOTAL,Total,DE,Germany,2000,17508.98,i
RL_NELC,Non-electrified railway lines,TOTAL,Total,DE,Germany,2001,16867,i
RL_NELC,Non-electrified railway lines,TOTAL,Total,DE,Germany,2002,16.549,i
RL_NELC,Non-electrified railway lines,TOTAL,Total,DE,Germany,2003,21702,i
RL_NELC,Non-electrified railway lines,TOTAL,Total,DE,Germany,2004,20355,i
RL_NELC,Non-electrified railway lines,TOTAL,Total,DE,Germany,2005,18349,i
RL_NELC,Non-electrified railway lines,TOTAL,Total,DE,Germany,2006,18185,i
RL_NELC,Non-electrified railway lines,TOTAL,Total,DE,Germany,2007,17954,i
RL_NELC,Non-electrified railway lines,TOTAL,Total,DE,Germany,2008,17646,
RL_NELC,Non-electrified railway lines,TOTAL,Total,DE,Germany,2009,17726,i
RL_NELC,Non-electrified railway lines,TOTAL,Total,DE,Germany,2010,18602,i
RL_NELC,Non-electrified railway lines,TOTAL,Total,DE,Germany,2011,18473,
RL_NELC,Non-electrified railway lines,TOTAL,Total,DE,Germany,2012,18402,
RL_NELC,Non-electrified railway lines,TOTAL,Total,DE,Germany,2013,18309.801,
RL_NELC,Non-electrified railway lines,TOTAL,Total,DE,Germany,2014,18195.765,
RL_NELC,Non-electrified railway lines,TOTAL,Total,DE,Germany,2015,18171.502,
RL_NELC,Non-electrified railway lines,TOTAL,Total,DE,Germany,2016,18111.954,
RL_NELC,Non-electrified railway lines,TOTAL,Total,DE,Germany,2017,18173.643,
RL_NELC,Non-electrified railway lines,TOTAL,Total,DE,Germany,2018,18370.798,
RL_NELC,Non-electrified railway lines,TOTAL,Total,DE,Germany,2019,18148.117,
RL_NELC,Non-electrified railway lines,TOTAL,Total,DE,Germany,2020,17840.773,
RL_NELC,Non-electrified railway lines,TOTAL,Total,DE,Germany,2021,17616.87,
RL_NELC,Non-electrified railway lines,TOTAL,Total,DK,Denmark,1990,2628,i
RL_NELC,Non-electrified railway lines,TOTAL,Total,DK,Denmark,1991,2518,i
RL_NELC,Non-electrified railway lines,TOTAL,Total,DK,Denmark,1992,2493,i
RL_NELC,Non-electrified railway lines,TOTAL,Total,DK,Denmark,1993,2493,i
RL_NELC,Non-electrified railway lines,TOTAL,Total,DK,Denmark,1994,2493,i
RL_NELC,Non-electrified railway lines,TOTAL,Total,DK,Denmark,1995,2493,i
RL_NELC,Non-electrified railway lines,TOTAL,Total,DK,Denmark,1996,2493,i
RL_NELC,Non-electrified railway lines,TOTAL,Total,DK,Denmark,1997,2161,i
RL_NELC,Non-electrified railway lines,TOTAL,Total,DK,Denmark,1998,2162,i
RL_NELC,Non-electrified railway lines,TOTAL,Total,DK,Denmark,1999,2163,i
RL_NELC,Non-electrified railway lines,TOTAL,Total,DK,Denmark,2000,2163,i
RL_NELC,Non-electrified railway lines,TOTAL,Total,DK,Denmark,2001,2163,i
RL_NELC,Non-electrified railway lines,TOTAL,Total,DK,Denmark,2002,2163,i
RL_NELC,Non-electrified railway lines,TOTAL,Total,DK,Denmark,2003,2163,i
RL_NELC,Non-electrified railway lines,TOTAL,Total,DK,Denmark,2004,2027,i
RL_NELC,Non-electrified railway lines,TOTAL,Total,DK,Denmark,2005,2027,i
RL_NELC,Non-electrified railway lines,TOTAL,Total,DK,Denmark,2006,2027,i
RL_NELC,Non-electrified railway lines,TOTAL,Total,DK,Denmark,2007,1987,i
RL_NELC,Non-electrified railway lines,TOTAL,Total,DK,Denmark,2008,1985,i
RL_NELC,Non-electrified railway lines,TOTAL,Total,DK,Denmark,2009,1985,i
RL_NELC,Non-electrified railway lines,TOTAL,Total,DK,Denmark,2010,1985,i
RL_NELC,Non-electrified railway lines,TOTAL,Total,DK,Denmark,2011,1994,i
RL_NELC,Non-electrified railway lines,TOTAL,Total,DK,Denmark,2012,1994,i
RL_NELC,Non-electrified railway lines,TOTAL,Total,DK,Denmark,2013,1994,
RL_NELC,Non-electrified railway lines,TOTAL,Total,DK,Denmark,2014,1991,
RL_NELC,Non-electrified railway lines,TOTAL,Total,DK,Denmark,2015,1931,
RL_NELC,Non-electrified railway lines,TOTAL,Total,DK,Denmark,2016,1918,
RL_NELC,Non-electrified railway lines,TOTAL,Total,DK,Denmark,2017,1855,
RL_NELC,Non-electrified railway lines,TOTAL,Total,DK,Denmark,2018,1751,
RL_NELC,Non-electrified railway lines,TOTAL,Total,DK,Denmark,2019,1806,
RL_NELC,Non-electrified railway lines,TOTAL,Total,DK,Denmark,2020,1709,
RL_NELC,Non-electrified railway lines,TOTAL,Total,DK,Denmark,2021,1682,
RL_NELC,Non-electrified railway lines,TOTAL,Total,DK,Denmark,2022,1646,
RL_NELC,Non-electrified railway lines,TOTAL,Total,DK,Denmark,2023,1617,
RL_NELC,Non-electrified railway lines,TOTAL,Total,DK,Denmark,2024,1582,
RL_NELC,Non-electrified railway lines,TOTAL,Total,EE,Estonia,1990,894,
RL_NELC,Non-electrified railway lines,TOTAL,Total,EE,Estonia,1991,894,
RL_NELC,Non-electrified railway lines,TOTAL,Total,EE,Estonia,1992,886.6,
RL_NELC,Non-electrified railway lines,TOTAL,Total,EE,Estonia,1993,892.2,
RL_NELC,Non-electrified railway lines,TOTAL,Total,EE,Estonia,1994,892.2,
RL_NELC,Non-electrified railway lines,TOTAL,Total,EE,Estonia,1995,888.9,
RL_NELC,Non-electrified railway lines,TOTAL,Total,EE,Estonia,1996,887.9,
RL_NELC,Non-electrified railway lines,TOTAL,Total,EE,Estonia,1997,834,
RL_NELC,Non-electrified railway lines,TOTAL,Total,EE,Estonia,1998,834,
RL_NELC,Non-electrified railway lines,TOTAL,Total,EE,Estonia,1999,836,
RL_NELC,Non-electrified railway lines,TOTAL,Total,EE,Estonia,2000,836,
RL_NELC,Non-electrified railway lines,TOTAL,Total,EE,Estonia,2001,836,
RL_NELC,Non-electrified railway lines,TOTAL,Total,EE,Estonia,2002,836,
RL_NELC,Non-electrified railway lines,TOTAL,Total,EE,Estonia,2003,828,
RL_NELC,Non-electrified railway lines,TOTAL,Total,EE,Estonia,2004,828,
RL_NELC,Non-electrified railway lines,TOTAL,Total,EE,Estonia,2005,925,
RL_NELC,Non-electrified railway lines,TOTAL,Total,EE,Estonia,2006,1065,
RL_NELC,Non-electrified railway lines,TOTAL,Total,EE,Estonia,2007,1068,
RL_NELC,Non-electrified railway lines,TOTAL,Total,EE,Estonia,2008,1066,
RL_NELC,Non-electrified railway lines,TOTAL,Total,EE,Estonia,2009,1066,
RL_NELC,Non-electrified railway lines,TOTAL,Total,EE,Estonia,2010,1064,
RL_NELC,Non-electrified railway lines,TOTAL,Total,EE,Estonia,2011,1064,
RL_NELC,Non-electrified railway lines,TOTAL,Total,EE,Estonia,2012,1064,
RL_NELC,Non-electrified railway lines,TOTAL,Total,EE,Estonia,2013,1034,
RL_NELC,Non-electrified railway lines,TOTAL,Total,EE,Estonia,2014,1034,
RL_NELC,Non-electrified railway lines,TOTAL,Total,EE,Estonia,2015,1032,
RL_NELC,Non-electrified railway lines,TOTAL,Total,EE,Estonia,2016,1029,
RL_NELC,Non-electrified railway lines,TOTAL,Total,EE,Estonia,2017,1029,
RL_NELC,Non-electrified railway lines,TOTAL,Total,EE,Estonia,2018,1029,
RL_NELC,Non-electrified railway lines,TOTAL,Total,EE,Estonia,2019,1029,
RL_NELC,Non-electrified railway lines,TOTAL,Total,EE,Estonia,2020,1029,
RL_NELC,Non-electrified railway lines,TOTAL,Total,EE,Estonia,2021,942,
RL_NELC,Non-electrified railway lines,TOTAL,Total,EE,Estonia,2022,1035,
RL_NELC,Non-electrified railway lines,TOTAL,Total,EE,Estonia,2023,1031,
RL_NELC,Non-electrified railway lines,TOTAL,Total,EE,Estonia,2024,1031,
RL_NELC,Non-electrified railway lines,TOTAL,Total,EL,Greece,1990,2484,
RL_NELC,Non-electrified railway lines,TOTAL,Total,EL,Greece,1991,2484,
RL_NELC,Non-electrified railway lines,TOTAL,Total,EL,Greece,1992,2484,
RL_NELC,Non-electrified railway lines,TOTAL,Total,EL,Greece,1993,2474,
RL_NELC,Non-electrified railway lines,TOTAL,Total,EL,Greece,1994,2474,
RL_NELC,Non-electrified railway lines,TOTAL,Total,EL,Greece,1995,2474,
RL_NELC,Non-electrified railway lines,TOTAL,Total,EL,Greece,1996,2474,
RL_NELC,Non-electrified railway lines,TOTAL,Total,EL,Greece,1997,2503,
RL_NELC,Non-electrified railway lines,TOTAL,Total,EL,Greece,1998,2299,
RL_NELC,Non-electrified railway lines,TOTAL,Total,EL,Greece,1999,2299,
RL_NELC,Non-electrified railway lines,TOTAL,Total,EL,Greece,2000,2303,
RL_NELC,Non-electrified railway lines,TOTAL,Total,EL,Greece,2001,2295,
RL_NELC,Non-electrified railway lines,TOTAL,Total,EL,Greece,2002,2301,
RL_NELC,Non-electrified railway lines,TOTAL,Total,EL,Greece,2003,2331,
RL_NELC,Non-electrified railway lines,TOTAL,Total,EL,Greece,2004,2366,
RL_NELC,Non-electrified railway lines,TOTAL,Total,EL,Greece,2005,2493,
RL_NELC,Non-electrified railway lines,TOTAL,Total,EL,Greece,2006,2403,
RL_NELC,Non-electrified railway lines,TOTAL,Total,EL,Greece,2007,2352,
RL_NELC,Non-electrified railway lines,TOTAL,Total,EL,Greece,2008,2288,
RL_NELC,Non-electrified railway lines,TOTAL,Total,EL,Greece,2009,2288,
RL_NELC,Non-electrified railway lines,TOTAL,Total,EL,Greece,2010,2184,
RL_NELC,Non-electrified railway lines,TOTAL,Total,EL,Greece,2011,2116,
RL_NELC,Non-electrified railway lines,TOTAL,Total,EL,Greece,2012,2116,
RL_NELC,Non-electrified railway lines,TOTAL,Total,EL,Greece,2013,2149,
RL_NELC,Non-electrified railway lines,TOTAL,Total,EL,Greece,2014,1744,
RL_NELC,Non-electrified railway lines,TOTAL,Total,EL,Greece,2015,1746,
RL_NELC,Non-electrified railway lines,TOTAL,Total,EL,Greece,2016,1720,
RL_NELC,Non-electrified railway lines,TOTAL,Total,EL,Greece,2017,1708,
RL_NELC,Non-electrified railway lines,TOTAL,Total,EL,Greece,2018,1614,
RL_NELC,Non-electrified railway lines,TOTAL,Total,EL,Greece,2019,1549,
RL_NELC,Non-electrified railway lines,TOTAL,Total,EL,Greece,2020,1614,
RL_NELC,Non-electrified railway lines,TOTAL,Total,EL,Greece,2021,1608,
RL_NELC,Non-electrified railway lines,TOTAL,Total,EL,Greece,2022,1252,
RL_NELC,Non-electrified railway lines,TOTAL,Total,EL,Greece,2023,1084,
RL_NELC,Non-electrified railway lines,TOTAL,Total,EL,Greece,2024,1080,
RL_NELC,Non-electrified railway lines,TOTAL,Total,ES,Spain,1990,7894,
RL_NELC,Non-electrified railway lines,TOTAL,Total,ES,Spain,1991,7859,
RL_NELC,Non-electrified railway lines,TOTAL,Total,ES,Spain,1992,7827,
RL_NELC,Non-electrified railway lines,TOTAL,Total,ES,Spain,1993,7352,
RL_NELC,Non-electrified railway lines,TOTAL,Total,ES,Spain,1994,7257,
RL_NELC,Non-electrified railway lines,TOTAL,Total,ES,Spain,1995,7001,
RL_NELC,Non-electrified railway lines,TOTAL,Total,ES,Spain,1996,6967,
RL_NELC,Non-electrified railway lines,TOTAL,Total,ES,Spain,1997,6858,
RL_NELC,Non-electrified railway lines,TOTAL,Total,ES,Spain,1998,6823,
RL_NELC,Non-electrified railway lines,TOTAL,Total,ES,Spain,1999,6795,
RL_NELC,Non-electrified railway lines,TOTAL,Total,ES,Spain,2000,6768,
RL_NELC,Non-electrified railway lines,TOTAL,Total,ES,Spain,2001,6719,
RL_NELC,Non-electrified railway lines,TOTAL,Total,ES,Spain,2002,6658,
RL_NELC,Non-electrified railway lines,TOTAL,Total,ES,Spain,2003,6588,
RL_NELC,Non-electrified railway lines,TOTAL,Total,ES,Spain,2004,6544,
RL_NELC,Non-electrified railway lines,TOTAL,Total,ES,Spain,2005,6503,
RL_NELC,Non-electrified railway lines,TOTAL,Total,ES,Spain,2006,6432,
RL_NELC,Non-electrified railway lines,TOTAL,Total,ES,Spain,2007,6378,
RL_NELC,Non-electrified railway lines,TOTAL,Total,ES,Spain,2008,6326,
RL_NELC,Non-electrified railway lines,TOTAL,Total,ES,Spain,2009,6287,
RL_NELC,Non-electrified railway lines,TOTAL,Total,ES,Spain,2010,6253,
RL_NELC,Non-electrified railway lines,TOTAL,Total,ES,Spain,2011,6148,
RL_NELC,Non-electrified railway lines,TOTAL,Total,ES,Spain,2012,6090,
RL_NELC,Non-electrified railway lines,TOTAL,Total,ES,Spain,2013,6037,
RL_NELC,Non-electrified railway lines,TOTAL,Total,ES,Spain,2014,6052,
RL_NELC,Non-electrified railway lines,TOTAL,Total,ES,Spain,2015,5667,
RL_NELC,Non-electrified railway lines,TOTAL,Total,ES,Spain,2016,5825,
RL_NELC,Non-electrified railway lines,TOTAL,Total,ES,Spain,2017,5827,
RL_NELC,Non-electrified railway lines,TOTAL,Total,ES,Spain,2018,5747,
RL_NELC,Non-electrified railway lines,TOTAL,Total,ES,Spain,2019,5937.501,
RL_NELC,Non-electrified railway lines,TOTAL,Total,ES,Spain,2020,5672,
RL_NELC,Non-electrified railway lines,TOTAL,Total,ES,Spain,2021,5627,
RL_NELC,Non-electrified railway lines,TOTAL,Total,ES,Spain,2022,5720,
RL_NELC,Non-electrified railway lines,TOTAL,Total,ES,Spain,2023,5322,
RL_NELC,Non-electrified railway lines,TOTAL,Total,ES,Spain,2024,5319,
RL_NELC,Non-electrified railway lines,TOTAL,Total,EU27_2020,European Union - 27 countries (from 2020),1990,132789,
RL_NELC,Non-electrified railway lines,TOTAL,Total,EU27_2020,European Union - 27 countries (from 2020),1991,128073,
RL_NELC,Non-electrified railway lines,TOTAL,Total,EU27_2020,European Union - 27 countries (from 2020),1992,125875.4,
RL_NELC,Non-electrified railway lines,TOTAL,Total,EU27_2020,European Union - 27 countries (from 2020),1993,121827,
RL_NELC,Non-electrified railway lines,TOTAL,Total,EU27_2020,European Union - 27 countries (from 2020),1994,119974,
RL_NELC,Non-electrified railway lines,TOTAL,Total,EU27_2020,European Union - 27 countries (from 2020),1995,118500.7,
RL_NELC,Non-electrified railway lines,TOTAL,Total,EU27_2020,European Union - 27 countries (from 2020),1996,115720.7,
RL_NELC,Non-electrified railway lines,TOTAL,Total,EU27_2020,European Union - 27 countries (from 2020),1997,112180.2,
RL_NELC,Non-electrified railway lines,TOTAL,Total,EU27_2020,European Union - 27 countries (from 2020),1998,110080,
RL_NELC,Non-electrified railway lines,TOTAL,Total,EU27_2020,European Union - 27 countries (from 2020),1999,108349,
RL_NELC,Non-electrified railway lines,TOTAL,Total,EU27_2020,European Union - 27 countries (from 2020),2000,106227.68,
RL_NELC,Non-electrified railway lines,TOTAL,Total,EU27_2020,European Union - 27 countries (from 2020),2001,103099.3,
RL_NELC,Non-electrified railway lines,TOTAL,Total,EU27_2020,European Union - 27 countries (from 2020),2002,85279.949,
RL_NELC,Non-electrified railway lines,TOTAL,Total,EU27_2020,European Union - 27 countries (from 2020),2003,105372.2,
RL_NELC,Non-electrified railway lines,TOTAL,Total,EU27_2020,European Union - 27 countries (from 2020),2004,103088,
RL_NELC,Non-electrified railway lines,TOTAL,Total,EU27_2020,European Union - 27 countries (from 2020),2005,100833.6,
RL_NELC,Non-electrified railway lines,TOTAL,Total,EU27_2020,European Union - 27 countries (from 2020),2006,100489.52,
RL_NELC,Non-electrified railway lines,TOTAL,Total,EU27_2020,European Union - 27 countries (from 2020),2007,99547.42,
RL_NELC,Non-electrified railway lines,TOTAL,Total,EU27_2020,European Union - 27 countries (from 2020),2008,98743.12,
RL_NELC,Non-electrified railway lines,TOTAL,Total,EU27_2020,European Union - 27 countries (from 2020),2009,97393.42,
RL_NELC,Non-electrified railway lines,TOTAL,Total,EU27_2020,European Union - 27 countries (from 2020),2010,97362.82,
RL_NELC,Non-electrified railway lines,TOTAL,Total,EU27_2020,European Union - 27 countries (from 2020),2011,96116.51,
RL_NELC,Non-electrified railway lines,TOTAL,Total,EU27_2020,European Union - 27 countries (from 2020),2012,95491.3,
RL_NELC,Non-electrified railway lines,TOTAL,Total,EU27_2020,European Union - 27 countries (from 2020),2013,94391.963,
RL_NELC,Non-electrified railway lines,TOTAL,Total,EU27_2020,European Union - 27 countries (from 2020),2014,92266.66,
RL_NELC,Non-electrified railway lines,TOTAL,Total,EU27_2020,European Union - 27 countries (from 2020),2015,91221.213,
RL_NELC,Non-electrified railway lines,TOTAL,Total,EU27_2020,European Union - 27 countries (from 2020),2016,91174.733,
RL_NELC,Non-electrified railway lines,TOTAL,Total,EU27_2020,European Union - 27 countries (from 2020),2017,90917.114,
RL_NELC,Non-electrified railway lines,TOTAL,Total,EU27_2020,European Union - 27 countries (from 2020),2018,90167.002,
RL_NELC,Non-electrified railway lines,TOTAL,Total,EU27_2020,European Union - 27 countries (from 2020),2019,90020.763,
RL_NELC,Non-electrified railway lines,TOTAL,Total,EU27_2020,European Union - 27 countries (from 2020),2020,89035.541,
RL_NELC,Non-electrified railway lines,TOTAL,Total,EU27_2020,European Union - 27 countries (from 2020),2021,87950.817,
RL_NELC,Non-electrified railway lines,TOTAL,Total,EU27_2020,European Union - 27 countries (from 2020),2022,87212.656,
RL_NELC,Non-electrified railway lines,TOTAL,Total,EU27_2020,European Union - 27 countries (from 2020),2023,85805.779,
RL_NELC,Non-electrified railway lines,TOTAL,Total,EU27_2020,European Union - 27 countries (from 2020),2024,85077.3,
RL_NELC,Non-electrified railway lines,TOTAL,Total,FI,Finland,1990,4183,
RL_NELC,Non-electrified railway lines,TOTAL,Total,FI,Finland,1991,4189,
RL_NELC,Non-electrified railway lines,TOTAL,Total,FI,Finland,1992,4189,
RL_NELC,Non-electrified railway lines,TOTAL,Total,FI,Finland,1993,4151,
RL_NELC,Non-electrified railway lines,TOTAL,Total,FI,Finland,1994,3909,
RL_NELC,Non-electrified railway lines,TOTAL,Total,FI,Finland,1995,3805,
RL_NELC,Non-electrified railway lines,TOTAL,Total,FI,Finland,1996,3799,
RL_NELC,Non-electrified railway lines,TOTAL,Total,FI,Finland,1997,3804,
RL_NELC,Non-electrified railway lines,TOTAL,Total,FI,Finland,1998,3670,
RL_NELC,Non-electrified railway lines,TOTAL,Total,FI,Finland,1999,3602,
RL_NELC,Non-electrified railway lines,TOTAL,Total,FI,Finland,2000,3482,
RL_NELC,Non-electrified railway lines,TOTAL,Total,FI,Finland,2001,3450,
RL_NELC,Non-electrified railway lines,TOTAL,Total,FI,Finland,2002,3450,
RL_NELC,Non-electrified railway lines,TOTAL,Total,FI,Finland,2003,3451,
RL_NELC,Non-electrified railway lines,TOTAL,Total,FI,Finland,2004,3122,
RL_NELC,Non-electrified railway lines,TOTAL,Total,FI,Finland,2005,3115,
RL_NELC,Non-electrified railway lines,TOTAL,Total,FI,Finland,2006,2858,
RL_NELC,Non-electrified railway lines,TOTAL,Total,FI,Finland,2007,2852,
RL_NELC,Non-electrified railway lines,TOTAL,Total,FI,Finland,2008,2852,
RL_NELC,Non-electrified railway lines,TOTAL,Total,FI,Finland,2009,2852,
RL_NELC,Non-electrified railway lines,TOTAL,Total,FI,Finland,2010,2847,
RL_NELC,Non-electrified railway lines,TOTAL,Total,FI,Finland,2011,2772,
RL_NELC,Non-electrified railway lines,TOTAL,Total,FI,Finland,2012,2772,
RL_NELC,Non-electrified railway lines,TOTAL,Total,FI,Finland,2013,2772,
RL_NELC,Non-electrified railway lines,TOTAL,Total,FI,Finland,2014,2688,
RL_NELC,Non-electrified railway lines,TOTAL,Total,FI,Finland,2015,2661,b
RL_NELC,Non-electrified railway lines,TOTAL,Total,FI,Finland,2016,2656,
RL_NELC,Non-electrified railway lines,TOTAL,Total,FI,Finland,2017,2595,
RL_NELC,Non-electrified railway lines,TOTAL,Total,FI,Finland,2018,2595,
RL_NELC,Non-electrified railway lines,TOTAL,Total,FI,Finland,2019,2592,
RL_NELC,Non-electrified railway lines,TOTAL,Total,FI,Finland,2020,2569,
RL_NELC,Non-electrified railway lines,TOTAL,Total,FI,Finland,2021,2559,
RL_NELC,Non-electrified railway lines,TOTAL,Total,FI,Finland,2022,2490,
RL_NELC,Non-electrified railway lines,TOTAL,Total,FI,Finland,2023,2490,
RL_NELC,Non-electrified railway lines,TOTAL,Total,FI,Finland,2024,2280,
RL_NELC,Non-electrified railway lines,TOTAL,Total,FR,France,1962,30359,
RL_NELC,Non-electrified railway lines,TOTAL,Total,FR,France,1990,22236,
RL_NELC,Non-electrified railway lines,TOTAL,Total,FR,France,1991,21553,
RL_NELC,Non-electrified railway lines,TOTAL,Total,FR,France,1992,21045,
RL_NELC,Non-electrified railway lines,TOTAL,Total,FR,France,1993,19158,
RL_NELC,Non-electrified railway lines,TOTAL,Total,FR,France,1994,18685,
RL_NELC,Non-electrified railway lines,TOTAL,Total,FR,France,1995,18292,
RL_NELC,Non-electrified railway lines,TOTAL,Total,FR,France,1996,17827,
RL_NELC,Non-electrified railway lines,TOTAL,Total,FR,France,1997,17792,
RL_NELC,Non-electrified railway lines,TOTAL,Total,FR,France,1998,17768,
RL_NELC,Non-electrified railway lines,TOTAL,Total,FR,France,1999,17680,
RL_NELC,Non-electrified railway lines,TOTAL,Total,FR,France,2000,17328,
RL_NELC,Non-electrified railway lines,TOTAL,Total,FR,France,2001,17072,
RL_NELC,Non-electrified railway lines,TOTAL,Total,FR,France,2002,17009,
RL_NELC,Non-electrified railway lines,TOTAL,Total,FR,France,2003,16678,
RL_NELC,Non-electrified railway lines,TOTAL,Total,FR,France,2004,16441,
RL_NELC,Non-electrified railway lines,TOTAL,Total,FR,France,2005,16269,
RL_NELC,Non-electrified railway lines,TOTAL,Total,FR,France,2006,16228,
RL_NELC,Non-electrified railway lines,TOTAL,Total,FR,France,2007,16182,
RL_NELC,Non-electrified railway lines,TOTAL,Total,FR,France,2008,15849,
RL_NELC,Non-electrified railway lines,TOTAL,Total,FR,France,2009,15660,
RL_NELC,Non-electrified railway lines,TOTAL,Total,FR,France,2010,15033,
RL_NELC,Non-electrified railway lines,TOTAL,Total,FR,France,2011,14740,
RL_NELC,Non-electrified railway lines,TOTAL,Total,FR,France,2012,14848,
RL_NELC,Non-electrified railway lines,TOTAL,Total,FR,France,2013,14843,
RL_NELC,Non-electrified railway lines,TOTAL,Total,FR,France,2014,13687,
RL_NELC,Non-electrified railway lines,TOTAL,Total,FR,France,2015,13204,
RL_NELC,Non-electrified railway lines,TOTAL,Total,FR,France,2016,12650,
RL_NELC,Non-electrified railway lines,TOTAL,Total,FR,France,2017,12451,
RL_NELC,Non-electrified railway lines,TOTAL,Total,FR,France,2018,11924,
RL_NELC,Non-electrified railway lines,TOTAL,Total,FR,France,2019,11799,
RL_NELC,Non-electrified railway lines,TOTAL,Total,FR,France,2020,11583,
RL_NELC,Non-electrified railway lines,TOTAL,Total,FR,France,2021,11386,
RL_NELC,Non-electrified railway lines,TOTAL,Total,FR,France,2022,11205,
RL_NELC,Non-electrified railway lines,TOTAL,Total,FR,France,2023,11198,
RL_NELC,Non-electrified railway lines,TOTAL,Total,FR,France,2024,10755,
RL_NELC,Non-electrified railway lines,TOTAL,Total,GE,Georgia,1995,0,
RL_NELC,Non-electrified railway lines,TOTAL,Total,GE,Georgia,1996,0,
RL_NELC,Non-electrified railway lines,TOTAL,Total,GE,Georgia,1997,0,
RL_NELC,Non-electrified railway lines,TOTAL,Total,GE,Georgia,1998,0,
RL_NELC,Non-electrified railway lines,TOTAL,Total,GE,Georgia,1999,0,
RL_NELC,Non-electrified railway lines,TOTAL,Total,GE,Georgia,2012,0,
RL_NELC,Non-electrified railway lines,TOTAL,Total,GE,Georgia,2013,0,
RL_NELC,Non-electrified railway lines,TOTAL,Total,GE,Georgia,2014,0,
RL_NELC,Non-electrified railway lines,TOTAL,Total,GE,Georgia,2015,18.381,
RL_NELC,Non-electrified railway lines,TOTAL,Total,GE,Georgia,2016,18.381,
RL_NELC,Non-electrified railway lines,TOTAL,Total,GE,Georgia,2017,18.4,
RL_NELC,Non-electrified railway lines,TOTAL,Total,GE,Georgia,2018,18.4,
RL_NELC,Non-electrified railway lines,TOTAL,Total,GE,Georgia,2019,18.4,
RL_NELC,Non-electrified railway lines,TOTAL,Total,GE,Georgia,2020,17.5,
RL_NELC,Non-electrified railway lines,TOTAL,Total,GE,Georgia,2021,17.5,
RL_NELC,Non-electrified railway lines,TOTAL,Total,GE,Georgia,2022,17.5,
RL_NELC,Non-electrified railway lines,TOTAL,Total,GE,Georgia,2023,17.5,
RL_NELC,Non-electrified railway lines,TOTAL,Total,GE,Georgia,2024,17.5,
RL_NELC,Non-electrified railway lines,TOTAL,Total,HR,Croatia,1990,1600,
RL_NELC,Non-electrified railway lines,TOTAL,Total,HR,Croatia,1991,1783,
RL_NELC,Non-electrified railway lines,TOTAL,Total,HR,Croatia,1992,1735,
RL_NELC,Non-electrified railway lines,TOTAL,Total,HR,Croatia,1993,1715,
RL_NELC,Non-electrified railway lines,TOTAL,Total,HR,Croatia,1994,1716,
RL_NELC,Non-electrified railway lines,TOTAL,Total,HR,Croatia,1995,1743,
RL_NELC,Non-electrified railway lines,TOTAL,Total,HR,Croatia,1996,1743,
RL_NELC,Non-electrified railway lines,TOTAL,Total,HR,Croatia,1997,1743,
RL_NELC,Non-electrified railway lines,TOTAL,Total,HR,Croatia,1998,1743,
RL_NELC,Non-electrified railway lines,TOTAL,Total,HR,Croatia,1999,1743,
RL_NELC,Non-electrified railway lines,TOTAL,Total,HR,Croatia,2000,1743,
RL_NELC,Non-electrified railway lines,TOTAL,Total,HR,Croatia,2001,1743,
RL_NELC,Non-electrified railway lines,TOTAL,Total,HR,Croatia,2002,1743,
RL_NELC,Non-electrified railway lines,TOTAL,Total,HR,Croatia,2003,1743,
RL_NELC,Non-electrified railway lines,TOTAL,Total,HR,Croatia,2004,1742,
RL_NELC,Non-electrified railway lines,TOTAL,Total,HR,Croatia,2005,1742,
RL_NELC,Non-electrified railway lines,TOTAL,Total,HR,Croatia,2006,1742,
RL_NELC,Non-electrified railway lines,TOTAL,Total,HR,Croatia,2007,1742,
RL_NELC,Non-electrified railway lines,TOTAL,Total,HR,Croatia,2008,1738,
RL_NELC,Non-electrified railway lines,TOTAL,Total,HR,Croatia,2009,1738,
RL_NELC,Non-electrified railway lines,TOTAL,Total,HR,Croatia,2010,1738,
RL_NELC,Non-electrified railway lines,TOTAL,Total,HR,Croatia,2011,1738,
RL_NELC,Non-electrified railway lines,TOTAL,Total,HR,Croatia,2012,1738,
RL_NELC,Non-electrified railway lines,TOTAL,Total,HR,Croatia,2013,1737,
RL_NELC,Non-electrified railway lines,TOTAL,Total,HR,Croatia,2014,1634,
RL_NELC,Non-electrified railway lines,TOTAL,Total,HR,Croatia,2015,1634,
RL_NELC,Non-electrified railway lines,TOTAL,Total,HR,Croatia,2016,1634,
RL_NELC,Non-electrified railway lines,TOTAL,Total,HR,Croatia,2017,1634,
RL_NELC,Non-electrified railway lines,TOTAL,Total,HR,Croatia,2018,1634,
RL_NELC,Non-electrified railway lines,TOTAL,Total,HR,Croatia,2019,1647,
RL_NELC,Non-electrified railway lines,TOTAL,Total,HR,Croatia,2020,1647,
RL_NELC,Non-electrified railway lines,TOTAL,Total,HR,Croatia,2021,1623,
RL_NELC,Non-electrified railway lines,TOTAL,Total,HR,Croatia,2022,1622,
RL_NELC,Non-electrified railway lines,TOTAL,Total,HR,Croatia,2023,1604,
RL_NELC,Non-electrified railway lines,TOTAL,Total,HR,Croatia,2024,1604,
RL_NELC,Non-electrified railway lines,TOTAL,Total,HU,Hungary,1990,5523,
RL_NELC,Non-electrified railway lines,TOTAL,Total,HU,Hungary,1991,5519,
RL_NELC,Non-electrified railway lines,TOTAL,Total,HU,Hungary,1992,5430,
RL_NELC,Non-electrified railway lines,TOTAL,Total,HU,Hungary,1993,5432,
RL_NELC,Non-electrified railway lines,TOTAL,Total,HU,Hungary,1994,5432,
RL_NELC,Non-electrified railway lines,TOTAL,Total,HU,Hungary,1995,5279,
RL_NELC,Non-electrified railway lines,TOTAL,Total,HU,Hungary,1996,5266,
RL_NELC,Non-electrified railway lines,TOTAL,Total,HU,Hungary,1997,5215,
RL_NELC,Non-electrified railway lines,TOTAL,Total,HU,Hungary,1998,5048,
RL_NELC,Non-electrified railway lines,TOTAL,Total,HU,Hungary,1999,5032,
RL_NELC,Non-electrified railway lines,TOTAL,Total,HU,Hungary,2000,4950,
RL_NELC,Non-electrified railway lines,TOTAL,Total,HU,Hungary,2001,4958,
RL_NELC,Non-electrified railway lines,TOTAL,Total,HU,Hungary,2002,4895,
RL_NELC,Non-electrified railway lines,TOTAL,Total,HU,Hungary,2003,4901,
RL_NELC,Non-electrified railway lines,TOTAL,Total,HU,Hungary,2004,4891,
RL_NELC,Non-electrified railway lines,TOTAL,Total,HU,Hungary,2005,4891,
RL_NELC,Non-electrified railway lines,TOTAL,Total,HU,Hungary,2006,5397,
RL_NELC,Non-electrified railway lines,TOTAL,Total,HU,Hungary,2007,5075,
RL_NELC,Non-electrified railway lines,TOTAL,Total,HU,Hungary,2008,5075,
RL_NELC,Non-electrified railway lines,TOTAL,Total,HU,Hungary,2009,4598,
RL_NELC,Non-electrified railway lines,TOTAL,Total,HU,Hungary,2010,4424,
RL_NELC,Non-electrified railway lines,TOTAL,Total,HU,Hungary,2011,4495,
RL_NELC,Non-electrified railway lines,TOTAL,Total,HU,Hungary,2012,4505.6,
RL_NELC,Non-electrified railway lines,TOTAL,Total,HU,Hungary,2013,4388.2,
RL_NELC,Non-electrified railway lines,TOTAL,Total,HU,Hungary,2014,4241.06,
RL_NELC,Non-electrified railway lines,TOTAL,Total,HU,Hungary,2015,4234,
RL_NELC,Non-electrified railway lines,TOTAL,Total,HU,Hungary,2016,4793,
RL_NELC,Non-electrified railway lines,TOTAL,Total,HU,Hungary,2017,4852,
RL_NELC,Non-electrified railway lines,TOTAL,Total,HU,Hungary,2018,4663,
RL_NELC,Non-electrified railway lines,TOTAL,Total,HU,Hungary,2019,4632,
RL_NELC,Non-electrified railway lines,TOTAL,Total,HU,Hungary,2020,4676,
RL_NELC,Non-electrified railway lines,TOTAL,Total,HU,Hungary,2021,4668,
RL_NELC,Non-electrified railway lines,TOTAL,Total,HU,Hungary,2022,4686,
RL_NELC,Non-electrified railway lines,TOTAL,Total,HU,Hungary,2023,4069,
RL_NELC,Non-electrified railway lines,TOTAL,Total,HU,Hungary,2024,4070,
RL_NELC,Non-electrified railway lines,TOTAL,Total,IE,Ireland,1990,1907,
RL_NELC,Non-electrified railway lines,TOTAL,Total,IE,Ireland,1991,1907,
RL_NELC,Non-electrified railway lines,TOTAL,Total,IE,Ireland,1992,1907,
RL_NELC,Non-electrified railway lines,TOTAL,Total,IE,Ireland,1993,1910,
RL_NELC,Non-electrified railway lines,TOTAL,Total,IE,Ireland,1994,1910,
RL_NELC,Non-electrified railway lines,TOTAL,Total,IE,Ireland,1995,1908,
RL_NELC,Non-electrified railway lines,TOTAL,Total,IE,Ireland,1996,1917,
RL_NELC,Non-electrified railway lines,TOTAL,Total,IE,Ireland,1997,1871,
RL_NELC,Non-electrified railway lines,TOTAL,Total,IE,Ireland,1998,1872,
RL_NELC,Non-electrified railway lines,TOTAL,Total,IE,Ireland,1999,1872,
RL_NELC,Non-electrified railway lines,TOTAL,Total,IE,Ireland,2000,1872,
RL_NELC,Non-electrified railway lines,TOTAL,Total,IE,Ireland,2001,1872,
RL_NELC,Non-electrified railway lines,TOTAL,Total,IE,Ireland,2002,1786,
RL_NELC,Non-electrified railway lines,TOTAL,Total,IE,Ireland,2003,1785,
RL_NELC,Non-electrified railway lines,TOTAL,Total,IE,Ireland,2004,1784,
RL_NELC,Non-electrified railway lines,TOTAL,Total,IE,Ireland,2005,1783,
RL_NELC,Non-electrified railway lines,TOTAL,Total,IE,Ireland,2006,1782,
RL_NELC,Non-electrified railway lines,TOTAL,Total,IE,Ireland,2007,1781,
RL_NELC,Non-electrified railway lines,TOTAL,Total,IE,Ireland,2008,1782,
RL_NELC,Non-electrified railway lines,TOTAL,Total,IE,Ireland,2009,1782,
RL_NELC,Non-electrified railway lines,TOTAL,Total,IE,Ireland,2010,1786,
RL_NELC,Non-electrified railway lines,TOTAL,Total,IE,Ireland,2011,1786,
RL_NELC,Non-electrified railway lines,TOTAL,Total,IE,Ireland,2012,1786,
RL_NELC,Non-electrified railway lines,TOTAL,Total,IE,Ireland,2013,1992,b
RL_NELC,Non-electrified railway lines,TOTAL,Total,IE,Ireland,2014,1992,
RL_NELC,Non-electrified railway lines,TOTAL,Total,IE,Ireland,2015,1992,
RL_NELC,Non-electrified railway lines,TOTAL,Total,IE,Ireland,2016,1992,
RL_NELC,Non-electrified railway lines,TOTAL,Total,IE,Ireland,2017,1992,
RL_NELC,Non-electrified railway lines,TOTAL,Total,IE,Ireland,2018,1992,
RL_NELC,Non-electrified railway lines,TOTAL,Total,IE,Ireland,2019,1992,
RL_NELC,Non-electrified railway lines,TOTAL,Total,IE,Ireland,2020,1992,
RL_NELC,Non-electrified railway lines,TOTAL,Total,IE,Ireland,2021,1992,
RL_NELC,Non-electrified railway lines,TOTAL,Total,IE,Ireland,2022,1992,
RL_NELC,Non-electrified railway lines,TOTAL,Total,IE,Ireland,2023,1992,i
RL_NELC,Non-electrified railway lines,TOTAL,Total,IE,Ireland,2024,1992,
RL_NELC,Non-electrified railway lines,TOTAL,Total,IT,Italy,1962,8348,
RL_NELC,Non-electrified railway lines,TOTAL,Total,IT,Italy,1990,6554,i
RL_NELC,Non-electrified railway lines,TOTAL,Total,IT,Italy,1991,6218,i
RL_NELC,Non-electrified railway lines,TOTAL,Total,IT,Italy,1992,5935,i
RL_NELC,Non-electrified railway lines,TOTAL,Total,IT,Italy,1993,5892,i
RL_NELC,Non-electrified railway lines,TOTAL,Total,IT,Italy,1994,5878,i
RL_NELC,Non-electrified railway lines,TOTAL,Total,IT,Italy,1995,5800,
RL_NELC,Non-electrified railway lines,TOTAL,Total,IT,Italy,1996,5695,
RL_NELC,Non-electrified railway lines,TOTAL,Total,IT,Italy,1997,5672,
RL_NELC,Non-electrified railway lines,TOTAL,Total,IT,Italy,1998,5592,
RL_NELC,Non-electrified railway lines,TOTAL,Total,IT,Italy,1999,5430,
RL_NELC,Non-electrified railway lines,TOTAL,Total,IT,Italy,2000,5413,
RL_NELC,Non-electrified railway lines,TOTAL,Total,IT,Italy,2001,5171,
RL_NELC,Non-electrified railway lines,TOTAL,Total,IT,Italy,2002,5094,
RL_NELC,Non-electrified railway lines,TOTAL,Total,IT,Italy,2003,4999,
RL_NELC,Non-electrified railway lines,TOTAL,Total,IT,Italy,2004,4872,
RL_NELC,Non-electrified railway lines,TOTAL,Total,IT,Italy,2005,4861,
RL_NELC,Non-electrified railway lines,TOTAL,Total,IT,Italy,2006,4840,
RL_NELC,Non-electrified railway lines,TOTAL,Total,IT,Italy,2007,4804,
RL_NELC,Non-electrified railway lines,TOTAL,Total,IT,Italy,2008,4802,
RL_NELC,Non-electrified railway lines,TOTAL,Total,IT,Italy,2009,4798,
RL_NELC,Non-electrified railway lines,TOTAL,Total,IT,Italy,2010,4798,
RL_NELC,Non-electrified railway lines,TOTAL,Total,IT,Italy,2011,4801,
RL_NELC,Non-electrified railway lines,TOTAL,Total,IT,Italy,2012,4811,
RL_NELC,Non-electrified railway lines,TOTAL,Total,IT,Italy,2013,4783,
RL_NELC,Non-electrified railway lines,TOTAL,Total,IT,Italy,2014,4782,
RL_NELC,Non-electrified railway lines,TOTAL,Total,IT,Italy,2015,4783,i
RL_NELC,Non-electrified railway lines,TOTAL,Total,IT,Italy,2016,4765,
RL_NELC,Non-electrified railway lines,TOTAL,Total,IT,Italy,2017,4765,
RL_NELC,Non-electrified railway lines,TOTAL,Total,IT,Italy,2018,4763,
RL_NELC,Non-electrified railway lines,TOTAL,Total,IT,Italy,2019,4763,
RL_NELC,Non-electrified railway lines,TOTAL,Total,IT,Italy,2020,4717,
RL_NELC,Non-electrified railway lines,TOTAL,Total,IT,Italy,2021,4672,
RL_NELC,Non-electrified railway lines,TOTAL,Total,IT,Italy,2022,4645,
RL_NELC,Non-electrified railway lines,TOTAL,Total,IT,Italy,2023,4627,
RL_NELC,Non-electrified railway lines,TOTAL,Total,IT,Italy,2024,4602,
RL_NELC,Non-electrified railway lines,TOTAL,Total,LI,Liechtenstein,2013,0,
RL_NELC,Non-electrified railway lines,TOTAL,Total,LI,Liechtenstein,2014,0,
RL_NELC,Non-electrified railway lines,TOTAL,Total,LI,Liechtenstein,2015,0,
RL_NELC,Non-electrified railway lines,TOTAL,Total,LI,Liechtenstein,2016,0,
RL_NELC,Non-electrified railway lines,TOTAL,Total,LI,Liechtenstein,2017,0,
RL_NELC,Non-electrified railway lines,TOTAL,Total,LI,Liechtenstein,2018,0,
RL_NELC,Non-electrified railway lines,TOTAL,Total,LI,Liechtenstein,2019,0,
RL_NELC,Non-electrified railway lines,TOTAL,Total,LI,Liechtenstein,2020,0,
RL_NELC,Non-electrified railway lines,TOTAL,Total,LI,Liechtenstein,2021,0,
RL_NELC,Non-electrified railway lines,TOTAL,Total,LI,Liechtenstein,2022,0,
RL_NELC,Non-electrified railway lines,TOTAL,Total,LI,Liechtenstein,2023,0,
RL_NELC,Non-electrified railway lines,TOTAL,Total,LI,Liechtenstein,2024,0,
RL_NELC,Non-electrified railway lines,TOTAL,Total,LT,Lithuania,1990,1885,
RL_NELC,Non-electrified railway lines,TOTAL,Total,LT,Lithuania,1991,1885,
RL_NELC,Non-electrified railway lines,TOTAL,Total,LT,Lithuania,1992,1879.8,
RL_NELC,Non-electrified railway lines,TOTAL,Total,LT,Lithuania,1993,1879.8,
RL_NELC,Non-electrified railway lines,TOTAL,Total,LT,Lithuania,1994,1879.8,
RL_NELC,Non-electrified railway lines,TOTAL,Total,LT,Lithuania,1995,1879.8,
RL_NELC,Non-electrified railway lines,TOTAL,Total,LT,Lithuania,1996,1874.8,
RL_NELC,Non-electrified railway lines,TOTAL,Total,LT,Lithuania,1997,1875.2,
RL_NELC,Non-electrified railway lines,TOTAL,Total,LT,Lithuania,1998,1875,
RL_NELC,Non-electrified railway lines,TOTAL,Total,LT,Lithuania,1999,1783,
RL_NELC,Non-electrified railway lines,TOTAL,Total,LT,Lithuania,2000,1782.7,
RL_NELC,Non-electrified railway lines,TOTAL,Total,LT,Lithuania,2001,1573.8,
RL_NELC,Non-electrified railway lines,TOTAL,Total,LT,Lithuania,2002,1653.3,
RL_NELC,Non-electrified railway lines,TOTAL,Total,LT,Lithuania,2003,1652,
RL_NELC,Non-electrified railway lines,TOTAL,Total,LT,Lithuania,2004,1659.8,
RL_NELC,Non-electrified railway lines,TOTAL,Total,LT,Lithuania,2005,1649.2,
RL_NELC,Non-electrified railway lines,TOTAL,Total,LT,Lithuania,2006,1649.2,
RL_NELC,Non-electrified railway lines,TOTAL,Total,LT,Lithuania,2007,1644.3,
RL_NELC,Non-electrified railway lines,TOTAL,Total,LT,Lithuania,2008,1643.4,
RL_NELC,Non-electrified railway lines,TOTAL,Total,LT,Lithuania,2009,1645.6,
RL_NELC,Non-electrified railway lines,TOTAL,Total,LT,Lithuania,2010,1645.6,
RL_NELC,Non-electrified railway lines,TOTAL,Total,LT,Lithuania,2011,1645.6,
RL_NELC,Non-electrified railway lines,TOTAL,Total,LT,Lithuania,2012,1645.6,
RL_NELC,Non-electrified railway lines,TOTAL,Total,LT,Lithuania,2013,1645.6,
RL_NELC,Non-electrified railway lines,TOTAL,Total,LT,Lithuania,2014,1645.6,
RL_NELC,Non-electrified railway lines,TOTAL,Total,LT,Lithuania,2015,1755.2,
RL_NELC,Non-electrified railway lines,TOTAL,Total,LT,Lithuania,2016,1789.3,
RL_NELC,Non-electrified railway lines,TOTAL,Total,LT,Lithuania,2017,1758.9,
RL_NELC,Non-electrified railway lines,TOTAL,Total,LT,Lithuania,2018,1758.3,
RL_NELC,Non-electrified railway lines,TOTAL,Total,LT,Lithuania,2019,1758.3,
RL_NELC,Non-electrified railway lines,TOTAL,Total,LT,Lithuania,2020,1758.4,
RL_NELC,Non-electrified railway lines,TOTAL,Total,LT,Lithuania,2021,1758.4,
RL_NELC,Non-electrified railway lines,TOTAL,Total,LT,Lithuania,2022,1766.8,
RL_NELC,Non-electrified railway lines,TOTAL,Total,LT,Lithuania,2023,1771.9,
RL_NELC,Non-electrified railway lines,TOTAL,Total,LT,Lithuania,2024,1768.3,
RL_NELC,Non-electrified railway lines,TOTAL,Total,LU,Luxembourg,1962,257,
RL_NELC,Non-electrified railway lines,TOTAL,Total,LU,Luxembourg,1990,74,
RL_NELC,Non-electrified railway lines,TOTAL,Total,LU,Luxembourg,1991,51,
RL_NELC,Non-electrified railway lines,TOTAL,Total,LU,Luxembourg,1992,55,
RL_NELC,Non-electrified railway lines,TOTAL,Total,LU,Luxembourg,1993,13,
RL_NELC,Non-electrified railway lines,TOTAL,Total,LU,Luxembourg,1994,13,
RL_NELC,Non-electrified railway lines,TOTAL,Total,LU,Luxembourg,1995,13,
RL_NELC,Non-electrified railway lines,TOTAL,Total,LU,Luxembourg,1996,13,
RL_NELC,Non-electrified railway lines,TOTAL,Total,LU,Luxembourg,1997,13,
RL_NELC,Non-electrified railway lines,TOTAL,Total,LU,Luxembourg,1998,13,
RL_NELC,Non-electrified railway lines,TOTAL,Total,LU,Luxembourg,1999,13,
RL_NELC,Non-electrified railway lines,TOTAL,Total,LU,Luxembourg,2000,13,
RL_NELC,Non-electrified railway lines,TOTAL,Total,LU,Luxembourg,2001,13,
RL_NELC,Non-electrified railway lines,TOTAL,Total,LU,Luxembourg,2002,13,
RL_NELC,Non-electrified railway lines,TOTAL,Total,LU,Luxembourg,2003,13,
RL_NELC,Non-electrified railway lines,TOTAL,Total,LU,Luxembourg,2004,13,
RL_NELC,Non-electrified railway lines,TOTAL,Total,LU,Luxembourg,2005,13,
RL_NELC,Non-electrified railway lines,TOTAL,Total,LU,Luxembourg,2006,13,
RL_NELC,Non-electrified railway lines,TOTAL,Total,LU,Luxembourg,2007,13,
RL_NELC,Non-electrified railway lines,TOTAL,Total,LU,Luxembourg,2008,13,
RL_NELC,Non-electrified railway lines,TOTAL,Total,LU,Luxembourg,2009,13,
RL_NELC,Non-electrified railway lines,TOTAL,Total,LU,Luxembourg,2010,13,
RL_NELC,Non-electrified railway lines,TOTAL,Total,LU,Luxembourg,2011,13,
RL_NELC,Non-electrified railway lines,TOTAL,Total,LU,Luxembourg,2012,13,
RL_NELC,Non-electrified railway lines,TOTAL,Total,LU,Luxembourg,2013,13,
RL_NELC,Non-electrified railway lines,TOTAL,Total,LU,Luxembourg,2014,13,
RL_NELC,Non-electrified railway lines,TOTAL,Total,LU,Luxembourg,2015,13,
RL_NELC,Non-electrified railway lines,TOTAL,Total,LU,Luxembourg,2016,13,
RL_NELC,Non-electrified railway lines,TOTAL,Total,LU,Luxembourg,2017,9,
RL_NELC,Non-electrified railway lines,TOTAL,Total,LU,Luxembourg,2018,8.68,
RL_NELC,Non-electrified railway lines,TOTAL,Total,LU,Luxembourg,2019,8.68,
RL_NELC,Non-electrified railway lines,TOTAL,Total,LU,Luxembourg,2020,9,
RL_NELC,Non-electrified railway lines,TOTAL,Total,LU,Luxembourg,2021,9,
RL_NELC,Non-electrified railway lines,TOTAL,Total,LU,Luxembourg,2022,9,
RL_NELC,Non-electrified railway lines,TOTAL,Total,LU,Luxembourg,2023,9,
RL_NELC,Non-electrified railway lines,TOTAL,Total,LU,Luxembourg,2024,9,
RL_NELC,Non-electrified railway lines,TOTAL,Total,LV,Latvia,1990,2126,
RL_NELC,Non-electrified railway lines,TOTAL,Total,LV,Latvia,1991,2126,
RL_NELC,Non-electrified railway lines,TOTAL,Total,LV,Latvia,1992,2135,
RL_NELC,Non-electrified railway lines,TOTAL,Total,LV,Latvia,1993,2142,
RL_NELC,Non-electrified railway lines,TOTAL,Total,LV,Latvia,1994,2142,
RL_NELC,Non-electrified railway lines,TOTAL,Total,LV,Latvia,1995,2142,
RL_NELC,Non-electrified railway lines,TOTAL,Total,LV,Latvia,1996,2142,
RL_NELC,Non-electrified railway lines,TOTAL,Total,LV,Latvia,1997,2142,
RL_NELC,Non-electrified railway lines,TOTAL,Total,LV,Latvia,1998,2143,
RL_NELC,Non-electrified railway lines,TOTAL,Total,LV,Latvia,1999,2155,
RL_NELC,Non-electrified railway lines,TOTAL,Total,LV,Latvia,2000,2073,
RL_NELC,Non-electrified railway lines,TOTAL,Total,LV,Latvia,2001,2048,
RL_NELC,Non-electrified railway lines,TOTAL,Total,LV,Latvia,2002,2013,
RL_NELC,Non-electrified railway lines,TOTAL,Total,LV,Latvia,2003,2013,
RL_NELC,Non-electrified railway lines,TOTAL,Total,LV,Latvia,2004,2013,
RL_NELC,Non-electrified railway lines,TOTAL,Total,LV,Latvia,2005,2013,
RL_NELC,Non-electrified railway lines,TOTAL,Total,LV,Latvia,2006,2012,
RL_NELC,Non-electrified railway lines,TOTAL,Total,LV,Latvia,2007,2008,
RL_NELC,Non-electrified railway lines,TOTAL,Total,LV,Latvia,2008,2006,
RL_NELC,Non-electrified railway lines,TOTAL,Total,LV,Latvia,2009,1627,
RL_NELC,Non-electrified railway lines,TOTAL,Total,LV,Latvia,2010,1640,
RL_NELC,Non-electrified railway lines,TOTAL,Total,LV,Latvia,2011,1607,
RL_NELC,Non-electrified railway lines,TOTAL,Total,LV,Latvia,2012,1609,
RL_NELC,Non-electrified railway lines,TOTAL,Total,LV,Latvia,2013,1611,
RL_NELC,Non-electrified railway lines,TOTAL,Total,LV,Latvia,2014,1608,
RL_NELC,Non-electrified railway lines,TOTAL,Total,LV,Latvia,2015,1609,
RL_NELC,Non-electrified railway lines,TOTAL,Total,LV,Latvia,2016,1608.7,
RL_NELC,Non-electrified railway lines,TOTAL,Total,LV,Latvia,2017,1608.7,
RL_NELC,Non-electrified railway lines,TOTAL,Total,LV,Latvia,2018,1608.7,
RL_NELC,Non-electrified railway lines,TOTAL,Total,LV,Latvia,2019,1608.7,
RL_NELC,Non-electrified railway lines,TOTAL,Total,LV,Latvia,2020,1608.2,
RL_NELC,Non-electrified railway lines,TOTAL,Total,LV,Latvia,2021,1608.2,
RL_NELC,Non-electrified railway lines,TOTAL,Total,LV,Latvia,2022,1614,
RL_NELC,Non-electrified railway lines,TOTAL,Total,LV,Latvia,2023,1580,
RL_NELC,Non-electrified railway lines,TOTAL,Total,LV,Latvia,2024,1580,
RL_NELC,Non-electrified railway lines,TOTAL,Total,MD,Moldova,1992,1328.3,
RL_NELC,Non-electrified railway lines,TOTAL,Total,MD,Moldova,1993,1318.3,
RL_NELC,Non-electrified railway lines,TOTAL,Total,MD,Moldova,1994,1318.3,
RL_NELC,Non-electrified railway lines,TOTAL,Total,MD,Moldova,1995,1326.3,
RL_NELC,Non-electrified railway lines,TOTAL,Total,MD,Moldova,1996,1326.3,
RL_NELC,Non-electrified railway lines,TOTAL,Total,MD,Moldova,1997,1322.3,
RL_NELC,Non-electrified railway lines,TOTAL,Total,MD,Moldova,1998,1219.6,
RL_NELC,Non-electrified railway lines,TOTAL,Total,MD,Moldova,1999,1140.3,
RL_NELC,Non-electrified railway lines,TOTAL,Total,MD,Moldova,2000,1139.3,
RL_NELC,Non-electrified railway lines,TOTAL,Total,MD,Moldova,2001,1121.2,
RL_NELC,Non-electrified railway lines,TOTAL,Total,MD,Moldova,2002,1120.5,
RL_NELC,Non-electrified railway lines,TOTAL,Total,MD,Moldova,2004,1075,
RL_NELC,Non-electrified railway lines,TOTAL,Total,MD,Moldova,2009,1157.1,
RL_NELC,Non-electrified railway lines,TOTAL,Total,MD,Moldova,2010,1156.9,
RL_NELC,Non-electrified railway lines,TOTAL,Total,MD,Moldova,2011,1156.9,
RL_NELC,Non-electrified railway lines,TOTAL,Total,MD,Moldova,2012,1156.9,
RL_NELC,Non-electrified railway lines,TOTAL,Total,MD,Moldova,2013,1156.9,
RL_NELC,Non-electrified railway lines,TOTAL,Total,MD,Moldova,2014,1155.8,
RL_NELC,Non-electrified railway lines,TOTAL,Total,MD,Moldova,2015,1150.8,
RL_NELC,Non-electrified railway lines,TOTAL,Total,MD,Moldova,2016,1150.8,
RL_NELC,Non-electrified railway lines,TOTAL,Total,MD,Moldova,2017,1150.8,
RL_NELC,Non-electrified railway lines,TOTAL,Total,MD,Moldova,2018,1149.6,
RL_NELC,Non-electrified railway lines,TOTAL,Total,MD,Moldova,2019,1149.6,
RL_NELC,Non-electrified railway lines,TOTAL,Total,MD,Moldova,2020,1149.6,
RL_NELC,Non-electrified railway lines,TOTAL,Total,MD,Moldova,2021,1149.6,
RL_NELC,Non-electrified railway lines,TOTAL,Total,MD,Moldova,2022,1150.8,
RL_NELC,Non-electrified railway lines,TOTAL,Total,MD,Moldova,2023,1150.8,
RL_NELC,Non-electrified railway lines,TOTAL,Total,MD,Moldova,2024,1151,
RL_NELC,Non-electrified railway lines,TOTAL,Total,ME,Montenegro,2011,24.7,i
RL_NELC,Non-electrified railway lines,TOTAL,Total,ME,Montenegro,2012,24.7,i
RL_NELC,Non-electrified railway lines,TOTAL,Total,ME,Montenegro,2013,24.7,i
RL_NELC,Non-electrified railway lines,TOTAL,Total,ME,Montenegro,2014,25,i
RL_NELC,Non-electrified railway lines,TOTAL,Total,ME,Montenegro,2015,25,i
RL_NELC,Non-electrified railway lines,TOTAL,Total,ME,Montenegro,2016,25,
RL_NELC,Non-electrified railway lines,TOTAL,Total,ME,Montenegro,2017,25,
RL_NELC,Non-electrified railway lines,TOTAL,Total,ME,Montenegro,2018,25,
RL_NELC,Non-electrified railway lines,TOTAL,Total,ME,Montenegro,2019,25,
RL_NELC,Non-electrified railway lines,TOTAL,Total,ME,Montenegro,2020,23.9,
RL_NELC,Non-electrified railway lines,TOTAL,Total,ME,Montenegro,2021,23.9,
RL_NELC,Non-electrified railway lines,TOTAL,Total,ME,Montenegro,2022,23.9,
RL_NELC,Non-electrified railway lines,TOTAL,Total,ME,Montenegro,2023,23.9,
RL_NELC,Non-electrified railway lines,TOTAL,Total,ME,Montenegro,2024,23.9,
RL_NELC,Non-electrified railway lines,TOTAL,Total,MK,North Macedonia,1990,463,
RL_NELC,Non-electrified railway lines,TOTAL,Total,MK,North Macedonia,1992,466,
RL_NELC,Non-electrified railway lines,TOTAL,Total,MK,North Macedonia,1993,466,
RL_NELC,Non-electrified railway lines,TOTAL,Total,MK,North Macedonia,1994,464,
RL_NELC,Non-electrified railway lines,TOTAL,Total,MK,North Macedonia,1995,464,
RL_NELC,Non-electrified railway lines,TOTAL,Total,MK,North Macedonia,1996,464,
RL_NELC,Non-electrified railway lines,TOTAL,Total,MK,North Macedonia,1997,466,
RL_NELC,Non-electrified railway lines,TOTAL,Total,MK,North Macedonia,1998,466,
RL_NELC,Non-electrified railway lines,TOTAL,Total,MK,North Macedonia,1999,466,
RL_NELC,Non-electrified railway lines,TOTAL,Total,MK,North Macedonia,2000,466,
RL_NELC,Non-electrified railway lines,TOTAL,Total,MK,North Macedonia,2001,466,
RL_NELC,Non-electrified railway lines,TOTAL,Total,MK,North Macedonia,2002,466,
RL_NELC,Non-electrified railway lines,TOTAL,Total,MK,North Macedonia,2004,466,
RL_NELC,Non-electrified railway lines,TOTAL,Total,MK,North Macedonia,2005,466,
RL_NELC,Non-electrified railway lines,TOTAL,Total,MK,North Macedonia,2006,465,
RL_NELC,Non-electrified railway lines,TOTAL,Total,MK,North Macedonia,2007,465,
RL_NELC,Non-electrified railway lines,TOTAL,Total,MK,North Macedonia,2008,465,
RL_NELC,Non-electrified railway lines,TOTAL,Total,MK,North Macedonia,2009,465,
RL_NELC,Non-electrified railway lines,TOTAL,Total,MK,North Macedonia,2010,465,
RL_NELC,Non-electrified railway lines,TOTAL,Total,MK,North Macedonia,2011,465,
RL_NELC,Non-electrified railway lines,TOTAL,Total,MK,North Macedonia,2012,465,
RL_NELC,Non-electrified railway lines,TOTAL,Total,MK,North Macedonia,2013,465,
RL_NELC,Non-electrified railway lines,TOTAL,Total,MK,North Macedonia,2014,465,
RL_NELC,Non-electrified railway lines,TOTAL,Total,MK,North Macedonia,2015,465,
RL_NELC,Non-electrified railway lines,TOTAL,Total,MK,North Macedonia,2016,449,
RL_NELC,Non-electrified railway lines,TOTAL,Total,MK,North Macedonia,2017,449,
RL_NELC,Non-electrified railway lines,TOTAL,Total,MK,North Macedonia,2018,449,
RL_NELC,Non-electrified railway lines,TOTAL,Total,MK,North Macedonia,2019,449,
RL_NELC,Non-electrified railway lines,TOTAL,Total,MK,North Macedonia,2020,449,
RL_NELC,Non-electrified railway lines,TOTAL,Total,MK,North Macedonia,2021,449,
RL_NELC,Non-electrified railway lines,TOTAL,Total,MK,North Macedonia,2022,449,
RL_NELC,Non-electrified railway lines,TOTAL,Total,MK,North Macedonia,2023,449,
RL_NELC,Non-electrified railway lines,TOTAL,Total,MK,North Macedonia,2024,449,
RL_NELC,Non-electrified railway lines,TOTAL,Total,NL,Netherlands,1962,1626,
RL_NELC,Non-electrified railway lines,TOTAL,Total,NL,Netherlands,1990,841,i
RL_NELC,Non-electrified railway lines,TOTAL,Total,NL,Netherlands,1991,813,i
RL_NELC,Non-electrified railway lines,TOTAL,Total,NL,Netherlands,1992,776,i
RL_NELC,Non-electrified railway lines,TOTAL,Total,NL,Netherlands,1993,824,i
RL_NELC,Non-electrified railway lines,TOTAL,Total,NL,Netherlands,1994,822,i
RL_NELC,Non-electrified railway lines,TOTAL,Total,NL,Netherlands,1995,822,i
RL_NELC,Non-electrified railway lines,TOTAL,Total,NL,Netherlands,1996,822,i
RL_NELC,Non-electrified railway lines,TOTAL,Total,NL,Netherlands,1997,747,i
RL_NELC,Non-electrified railway lines,TOTAL,Total,NL,Netherlands,1998,747,i
RL_NELC,Non-electrified railway lines,TOTAL,Total,NL,Netherlands,1999,747,i
RL_NELC,Non-electrified railway lines,TOTAL,Total,NL,Netherlands,2000,740,i
RL_NELC,Non-electrified railway lines,TOTAL,Total,NL,Netherlands,2001,748,i
RL_NELC,Non-electrified railway lines,TOTAL,Total,NL,Netherlands,2002,747,i
RL_NELC,Non-electrified railway lines,TOTAL,Total,NL,Netherlands,2003,747,i
RL_NELC,Non-electrified railway lines,TOTAL,Total,NL,Netherlands,2004,747,i
RL_NELC,Non-electrified railway lines,TOTAL,Total,NL,Netherlands,2005,734,i
RL_NELC,Non-electrified railway lines,TOTAL,Total,NL,Netherlands,2006,709,i
RL_NELC,Non-electrified railway lines,TOTAL,Total,NL,Netherlands,2007,758,i
RL_NELC,Non-electrified railway lines,TOTAL,Total,NL,Netherlands,2008,734,
RL_NELC,Non-electrified railway lines,TOTAL,Total,NL,Netherlands,2009,741,
RL_NELC,Non-electrified railway lines,TOTAL,Total,NL,Netherlands,2010,747,
RL_NELC,Non-electrified railway lines,TOTAL,Total,NL,Netherlands,2011,747,
RL_NELC,Non-electrified railway lines,TOTAL,Total,NL,Netherlands,2012,747,
RL_NELC,Non-electrified railway lines,TOTAL,Total,NL,Netherlands,2013,747,
RL_NELC,Non-electrified railway lines,TOTAL,Total,NL,Netherlands,2014,725,
RL_NELC,Non-electrified railway lines,TOTAL,Total,NL,Netherlands,2015,729,
RL_NELC,Non-electrified railway lines,TOTAL,Total,NL,Netherlands,2016,744,
RL_NELC,Non-electrified railway lines,TOTAL,Total,NL,Netherlands,2017,745,
RL_NELC,Non-electrified railway lines,TOTAL,Total,NL,Netherlands,2018,815,
RL_NELC,Non-electrified railway lines,TOTAL,Total,NL,Netherlands,2019,815,
RL_NELC,Non-electrified railway lines,TOTAL,Total,NL,Netherlands,2020,815,
RL_NELC,Non-electrified railway lines,TOTAL,Total,NL,Netherlands,2021,777,
RL_NELC,Non-electrified railway lines,TOTAL,Total,NL,Netherlands,2022,776,
RL_NELC,Non-electrified railway lines,TOTAL,Total,NL,Netherlands,2023,774,
RL_NELC,Non-electrified railway lines,TOTAL,Total,NL,Netherlands,2024,778,
RL_NELC,Non-electrified railway lines,TOTAL,Total,NO,Norway,1990,1618,
RL_NELC,Non-electrified railway lines,TOTAL,Total,NO,Norway,1991,1601,
RL_NELC,Non-electrified railway lines,TOTAL,Total,NO,Norway,1992,1601,
RL_NELC,Non-electrified railway lines,TOTAL,Total,NO,Norway,1993,1601,
RL_NELC,Non-electrified railway lines,TOTAL,Total,NO,Norway,1994,1601,
RL_NELC,Non-electrified railway lines,TOTAL,Total,NO,Norway,1995,1601,
RL_NELC,Non-electrified railway lines,TOTAL,Total,NO,Norway,1996,1601,
RL_NELC,Non-electrified railway lines,TOTAL,Total,NO,Norway,1997,1565,
RL_NELC,Non-electrified railway lines,TOTAL,Total,NO,Norway,1998,1544,i
RL_NELC,Non-electrified railway lines,TOTAL,Total,NO,Norway,1999,1523,i
RL_NELC,Non-electrified railway lines,TOTAL,Total,NO,Norway,2000,1660,
RL_NELC,Non-electrified railway lines,TOTAL,Total,NO,Norway,2001,1660,
RL_NELC,Non-electrified railway lines,TOTAL,Total,NO,Norway,2002,1559,
RL_NELC,Non-electrified railway lines,TOTAL,Total,NO,Norway,2003,1559,
RL_NELC,Non-electrified railway lines,TOTAL,Total,NO,Norway,2004,1559,
RL_NELC,Non-electrified railway lines,TOTAL,Total,NO,Norway,2005,1562,
RL_NELC,Non-electrified railway lines,TOTAL,Total,NO,Norway,2006,1562,
RL_NELC,Non-electrified railway lines,TOTAL,Total,NO,Norway,2007,1562,
RL_NELC,Non-electrified railway lines,TOTAL,Total,NO,Norway,2008,1562,
RL_NELC,Non-electrified railway lines,TOTAL,Total,NO,Norway,2009,1405,
RL_NELC,Non-electrified railway lines,TOTAL,Total,NO,Norway,2010,1434,
RL_NELC,Non-electrified railway lines,TOTAL,Total,NO,Norway,2011,1395,
RL_NELC,Non-electrified railway lines,TOTAL,Total,NO,Norway,2012,1393,
RL_NELC,Non-electrified railway lines,TOTAL,Total,NO,Norway,2013,1397,
RL_NELC,Non-electrified railway lines,TOTAL,Total,NO,Norway,2014,1436,
RL_NELC,Non-electrified railway lines,TOTAL,Total,NO,Norway,2015,1436,
RL_NELC,Non-electrified railway lines,TOTAL,Total,NO,Norway,2016,1436,
RL_NELC,Non-electrified railway lines,TOTAL,Total,NO,Norway,2017,1480,
RL_NELC,Non-electrified railway lines,TOTAL,Total,NO,Norway,2018,1407,
RL_NELC,Non-electrified railway lines,TOTAL,Total,NO,Norway,2019,1407,
RL_NELC,Non-electrified railway lines,TOTAL,Total,NO,Norway,2020,1394,
RL_NELC,Non-electrified railway lines,TOTAL,Total,NO,Norway,2021,1394,
RL_NELC,Non-electrified railway lines,TOTAL,Total,NO,Norway,2022,1394,
RL_NELC,Non-electrified railway lines,TOTAL,Total,NO,Norway,2023,1433,
RL_NELC,Non-electrified railway lines,TOTAL,Total,NO,Norway,2024,1433,
RL_NELC,Non-electrified railway lines,TOTAL,Total,PL,Poland,1990,14841,
RL_NELC,Non-electrified railway lines,TOTAL,Total,PL,Poland,1991,14338,
RL_NELC,Non-electrified railway lines,TOTAL,Total,PL,Poland,1992,13758,
RL_NELC,Non-electrified railway lines,TOTAL,Total,PL,Poland,1993,13444,
RL_NELC,Non-electrified railway lines,TOTAL,Total,PL,Poland,1994,12700,
RL_NELC,Non-electrified railway lines,TOTAL,Total,PL,Poland,1995,12359,
RL_NELC,Non-electrified railway lines,TOTAL,Total,PL,Poland,1996,11794,
RL_NELC,Non-electrified railway lines,TOTAL,Total,PL,Poland,1997,11798,
RL_NELC,Non-electrified railway lines,TOTAL,Total,PL,Poland,1998,11596,
RL_NELC,Non-electrified railway lines,TOTAL,Total,PL,Poland,1999,10924,
RL_NELC,Non-electrified railway lines,TOTAL,Total,PL,Poland,2000,10734,
RL_NELC,Non-electrified railway lines,TOTAL,Total,PL,Poland,2001,9154,
RL_NELC,Non-electrified railway lines,TOTAL,Total,PL,Poland,2002,8866,
RL_NELC,Non-electrified railway lines,TOTAL,Total,PL,Poland,2003,7865,i
RL_NELC,Non-electrified railway lines,TOTAL,Total,PL,Poland,2004,8233,
RL_NELC,Non-electrified railway lines,TOTAL,Total,PL,Poland,2005,8369,
RL_NELC,Non-electrified railway lines,TOTAL,Total,PL,Poland,2006,8305,
RL_NELC,Non-electrified railway lines,TOTAL,Total,PL,Poland,2007,8209,
RL_NELC,Non-electrified railway lines,TOTAL,Total,PL,Poland,2008,8272,
RL_NELC,Non-electrified railway lines,TOTAL,Total,PL,Poland,2009,8404,
RL_NELC,Non-electrified railway lines,TOTAL,Total,PL,Poland,2010,8312,
RL_NELC,Non-electrified railway lines,TOTAL,Total,PL,Poland,2011,8348,
RL_NELC,Non-electrified railway lines,TOTAL,Total,PL,Poland,2012,8174,
RL_NELC,Non-electrified railway lines,TOTAL,Total,PL,Poland,2013,7460,
RL_NELC,Non-electrified railway lines,TOTAL,Total,PL,Poland,2014,7410,
RL_NELC,Non-electrified railway lines,TOTAL,Total,PL,Poland,2015,7366,
RL_NELC,Non-electrified railway lines,TOTAL,Total,PL,Poland,2016,7258,
RL_NELC,Non-electrified railway lines,TOTAL,Total,PL,Poland,2017,7355,
RL_NELC,Non-electrified railway lines,TOTAL,Total,PL,Poland,2018,7338,
RL_NELC,Non-electrified railway lines,TOTAL,Total,PL,Poland,2019,7377,
RL_NELC,Non-electrified railway lines,TOTAL,Total,PL,Poland,2020,7270,
RL_NELC,Non-electrified railway lines,TOTAL,Total,PL,Poland,2021,7186,
RL_NELC,Non-electrified railway lines,TOTAL,Total,PL,Poland,2022,7217,
RL_NELC,Non-electrified railway lines,TOTAL,Total,PL,Poland,2023,7334,
RL_NELC,Non-electrified railway lines,TOTAL,Total,PL,Poland,2024,7409,
RL_NELC,Non-electrified railway lines,TOTAL,Total,PT,Portugal,1990,2668,
RL_NELC,Non-electrified railway lines,TOTAL,Total,PT,Portugal,1991,2655,
RL_NELC,Non-electrified railway lines,TOTAL,Total,PT,Portugal,1992,2592,
RL_NELC,Non-electrified railway lines,TOTAL,Total,PT,Portugal,1993,2601,
RL_NELC,Non-electrified railway lines,TOTAL,Total,PT,Portugal,1994,2608,
RL_NELC,Non-electrified railway lines,TOTAL,Total,PT,Portugal,1995,2543,
RL_NELC,Non-electrified railway lines,TOTAL,Total,PT,Portugal,1996,2457,
RL_NELC,Non-electrified railway lines,TOTAL,Total,PT,Portugal,1997,2307,
RL_NELC,Non-electrified railway lines,TOTAL,Total,PT,Portugal,1998,1921,
RL_NELC,Non-electrified railway lines,TOTAL,Total,PT,Portugal,1999,1912,
RL_NELC,Non-electrified railway lines,TOTAL,Total,PT,Portugal,2000,1910,
RL_NELC,Non-electrified railway lines,TOTAL,Total,PT,Portugal,2001,1908.4,
RL_NELC,Non-electrified railway lines,TOTAL,Total,PT,Portugal,2002,1754,
RL_NELC,Non-electrified railway lines,TOTAL,Total,PT,Portugal,2003,1742,i
RL_NELC,Non-electrified railway lines,TOTAL,Total,PT,Portugal,2004,1477,i
RL_NELC,Non-electrified railway lines,TOTAL,Total,PT,Portugal,2005,1403,i
RL_NELC,Non-electrified railway lines,TOTAL,Total,PT,Portugal,2006,1402,i
RL_NELC,Non-electrified railway lines,TOTAL,Total,PT,Portugal,2007,1402.8,
RL_NELC,Non-electrified railway lines,TOTAL,Total,PT,Portugal,2008,1381.4,
RL_NELC,Non-electrified railway lines,TOTAL,Total,PT,Portugal,2009,1381.5,
RL_NELC,Non-electrified railway lines,TOTAL,Total,PT,Portugal,2010,1354.9,
RL_NELC,Non-electrified railway lines,TOTAL,Total,PT,Portugal,2011,1164.2,
RL_NELC,Non-electrified railway lines,TOTAL,Total,PT,Portugal,2012,911.1,
RL_NELC,Non-electrified railway lines,TOTAL,Total,PT,Portugal,2013,915.3,
RL_NELC,Non-electrified railway lines,TOTAL,Total,PT,Portugal,2014,915.7,
RL_NELC,Non-electrified railway lines,TOTAL,Total,PT,Portugal,2015,906.9,
RL_NELC,Non-electrified railway lines,TOTAL,Total,PT,Portugal,2016,906.9,
RL_NELC,Non-electrified railway lines,TOTAL,Total,PT,Portugal,2017,906.89,
RL_NELC,Non-electrified railway lines,TOTAL,Total,PT,Portugal,2018,906.89,
RL_NELC,Non-electrified railway lines,TOTAL,Total,PT,Portugal,2019,830.5,
RL_NELC,Non-electrified railway lines,TOTAL,Total,PT,Portugal,2020,830.5,
RL_NELC,Non-electrified railway lines,TOTAL,Total,PT,Portugal,2021,735.879,
RL_NELC,Non-electrified railway lines,TOTAL,Total,PT,Portugal,2022,735.879,
RL_NELC,Non-electrified railway lines,TOTAL,Total,PT,Portugal,2023,735.879,
RL_NELC,Non-electrified railway lines,TOTAL,Total,PT,Portugal,2024,736,
RL_NELC,Non-electrified railway lines,TOTAL,Total,RO,Romania,1990,7668,
RL_NELC,Non-electrified railway lines,TOTAL,Total,RO,Romania,1991,7685,
RL_NELC,Non-electrified railway lines,TOTAL,Total,RO,Romania,1992,7648,
RL_NELC,Non-electrified railway lines,TOTAL,Total,RO,Romania,1993,7622,
RL_NELC,Non-electrified railway lines,TOTAL,Total,RO,Romania,1994,7508,
RL_NELC,Non-electrified railway lines,TOTAL,Total,RO,Romania,1995,7510,
RL_NELC,Non-electrified railway lines,TOTAL,Total,RO,Romania,1996,7497,
RL_NELC,Non-electrified railway lines,TOTAL,Total,RO,Romania,1997,7437,
RL_NELC,Non-electrified railway lines,TOTAL,Total,RO,Romania,1998,7081,
RL_NELC,Non-electrified railway lines,TOTAL,Total,RO,Romania,1999,7039,
RL_NELC,Non-electrified railway lines,TOTAL,Total,RO,Romania,2000,7065,
RL_NELC,Non-electrified railway lines,TOTAL,Total,RO,Romania,2001,7065,
RL_NELC,Non-electrified railway lines,TOTAL,Total,RO,Romania,2002,7052,
RL_NELC,Non-electrified railway lines,TOTAL,Total,RO,Romania,2003,7112,
RL_NELC,Non-electrified railway lines,TOTAL,Total,RO,Romania,2004,7088,
RL_NELC,Non-electrified railway lines,TOTAL,Total,RO,Romania,2005,6953,
RL_NELC,Non-electrified railway lines,TOTAL,Total,RO,Romania,2006,6824,
RL_NELC,Non-electrified railway lines,TOTAL,Total,RO,Romania,2007,6818,
RL_NELC,Non-electrified railway lines,TOTAL,Total,RO,Romania,2008,6811,
RL_NELC,Non-electrified railway lines,TOTAL,Total,RO,Romania,2009,6782,
RL_NELC,Non-electrified railway lines,TOTAL,Total,RO,Romania,2010,6765,
RL_NELC,Non-electrified railway lines,TOTAL,Total,RO,Romania,2011,6757,
RL_NELC,Non-electrified railway lines,TOTAL,Total,RO,Romania,2012,6757,
RL_NELC,Non-electrified railway lines,TOTAL,Total,RO,Romania,2013,6739,
RL_NELC,Non-electrified railway lines,TOTAL,Total,RO,Romania,2014,6748,
RL_NELC,Non-electrified railway lines,TOTAL,Total,RO,Romania,2015,6740,
RL_NELC,Non-electrified railway lines,TOTAL,Total,RO,Romania,2016,6744,
RL_NELC,Non-electrified railway lines,TOTAL,Total,RO,Romania,2017,6744,
RL_NELC,Non-electrified railway lines,TOTAL,Total,RO,Romania,2018,6736,
RL_NELC,Non-electrified railway lines,TOTAL,Total,RO,Romania,2019,6730,
RL_NELC,Non-electrified railway lines,TOTAL,Total,RO,Romania,2020,6735,
RL_NELC,Non-electrified railway lines,TOTAL,Total,RO,Romania,2021,6729,
RL_NELC,Non-electrified railway lines,TOTAL,Total,RO,Romania,2022,6583,
RL_NELC,Non-electrified railway lines,TOTAL,Total,RO,Romania,2023,6579,
RL_NELC,Non-electrified railway lines,TOTAL,Total,RO,Romania,2024,6579,
RL_NELC,Non-electrified railway lines,TOTAL,Total,RS,Serbia,2006,2555,
RL_NELC,Non-electrified railway lines,TOTAL,Total,RS,Serbia,2007,2555,
RL_NELC,Non-electrified railway lines,TOTAL,Total,RS,Serbia,2008,2555,
RL_NELC,Non-electrified railway lines,TOTAL,Total,RS,Serbia,2009,2555,
RL_NELC,Non-electrified railway lines,TOTAL,Total,RS,Serbia,2010,2530,
RL_NELC,Non-electrified railway lines,TOTAL,Total,RS,Serbia,2011,2540,
RL_NELC,Non-electrified railway lines,TOTAL,Total,RS,Serbia,2012,2544,
RL_NELC,Non-electrified railway lines,TOTAL,Total,RS,Serbia,2013,2544,
RL_NELC,Non-electrified railway lines,TOTAL,Total,RS,Serbia,2014,2544,
RL_NELC,Non-electrified railway lines,TOTAL,Total,RS,Serbia,2015,2487,
RL_NELC,Non-electrified railway lines,TOTAL,Total,RS,Serbia,2016,2487,
RL_NELC,Non-electrified railway lines,TOTAL,Total,RS,Serbia,2017,2486,
RL_NELC,Non-electrified railway lines,TOTAL,Total,RS,Serbia,2018,2452,
RL_NELC,Non-electrified railway lines,TOTAL,Total,RS,Serbia,2019,2490,
RL_NELC,Non-electrified railway lines,TOTAL,Total,RS,Serbia,2020,2064,
RL_NELC,Non-electrified railway lines,TOTAL,Total,RS,Serbia,2021,2079,
RL_NELC,Non-electrified railway lines,TOTAL,Total,RS,Serbia,2022,2078,
RL_NELC,Non-electrified railway lines,TOTAL,Total,RS,Serbia,2023,2078,
RL_NELC,Non-electrified railway lines,TOTAL,Total,RS,Serbia,2024,2044,
RL_NELC,Non-electrified railway lines,TOTAL,Total,SE,Sweden,1990,3811,
RL_NELC,Non-electrified railway lines,TOTAL,Total,SE,Sweden,1991,3714,
RL_NELC,Non-electrified railway lines,TOTAL,Total,SE,Sweden,1992,3636,
RL_NELC,Non-electrified railway lines,TOTAL,Total,SE,Sweden,1993,3529,
RL_NELC,Non-electrified railway lines,TOTAL,Total,SE,Sweden,1994,3537,
RL_NELC,Non-electrified railway lines,TOTAL,Total,SE,Sweden,1995,3523,
RL_NELC,Non-electrified railway lines,TOTAL,Total,SE,Sweden,1996,3494,
RL_NELC,Non-electrified railway lines,TOTAL,Total,SE,Sweden,1997,3496,
RL_NELC,Non-electrified railway lines,TOTAL,Total,SE,Sweden,1998,3553,
RL_NELC,Non-electrified railway lines,TOTAL,Total,SE,Sweden,1999,3570,
RL_NELC,Non-electrified railway lines,TOTAL,Total,SE,Sweden,2000,3550,
RL_NELC,Non-electrified railway lines,TOTAL,Total,SE,Sweden,2001,3340,
RL_NELC,Non-electrified railway lines,TOTAL,Total,SE,Sweden,2002,3337,
RL_NELC,Non-electrified railway lines,TOTAL,Total,SE,Sweden,2003,3298,
RL_NELC,Non-electrified railway lines,TOTAL,Total,SE,Sweden,2004,3305,
RL_NELC,Non-electrified railway lines,TOTAL,Total,SE,Sweden,2005,3280,
RL_NELC,Non-electrified railway lines,TOTAL,Total,SE,Sweden,2006,3271,
RL_NELC,Non-electrified railway lines,TOTAL,Total,SE,Sweden,2007,3124,
RL_NELC,Non-electrified railway lines,TOTAL,Total,SE,Sweden,2008,3165,
RL_NELC,Non-electrified railway lines,TOTAL,Total,SE,Sweden,2009,3186,
RL_NELC,Non-electrified railway lines,TOTAL,Total,SE,Sweden,2010,3195,
RL_NELC,Non-electrified railway lines,TOTAL,Total,SE,Sweden,2011,3087,
RL_NELC,Non-electrified railway lines,TOTAL,Total,SE,Sweden,2012,2942,
RL_NELC,Non-electrified railway lines,TOTAL,Total,SE,Sweden,2013,2743,
RL_NELC,Non-electrified railway lines,TOTAL,Total,SE,Sweden,2014,2649,
RL_NELC,Non-electrified railway lines,TOTAL,Total,SE,Sweden,2015,2673,
RL_NELC,Non-electrified railway lines,TOTAL,Total,SE,Sweden,2016,2698,
RL_NELC,Non-electrified railway lines,TOTAL,Total,SE,Sweden,2017,2685,
RL_NELC,Non-electrified railway lines,TOTAL,Total,SE,Sweden,2018,2689,
RL_NELC,Non-electrified railway lines,TOTAL,Total,SE,Sweden,2019,2714,
RL_NELC,Non-electrified railway lines,TOTAL,Total,SE,Sweden,2020,2725,
RL_NELC,Non-electrified railway lines,TOTAL,Total,SE,Sweden,2021,2726,
RL_NELC,Non-electrified railway lines,TOTAL,Total,SE,Sweden,2022,2729,
RL_NELC,Non-electrified railway lines,TOTAL,Total,SE,Sweden,2023,2717,
RL_NELC,Non-electrified railway lines,TOTAL,Total,SE,Sweden,2024,2711,
RL_NELC,Non-electrified railway lines,TOTAL,Total,SI,Slovenia,1990,697,
RL_NELC,Non-electrified railway lines,TOTAL,Total,SI,Slovenia,1991,702,
RL_NELC,Non-electrified railway lines,TOTAL,Total,SI,Slovenia,1992,702,
RL_NELC,Non-electrified railway lines,TOTAL,Total,SI,Slovenia,1993,702,
RL_NELC,Non-electrified railway lines,TOTAL,Total,SI,Slovenia,1994,702,
RL_NELC,Non-electrified railway lines,TOTAL,Total,SI,Slovenia,1995,702,
RL_NELC,Non-electrified railway lines,TOTAL,Total,SI,Slovenia,1996,702,
RL_NELC,Non-electrified railway lines,TOTAL,Total,SI,Slovenia,1997,702,
RL_NELC,Non-electrified railway lines,TOTAL,Total,SI,Slovenia,1998,702,
RL_NELC,Non-electrified railway lines,TOTAL,Total,SI,Slovenia,1999,697,
RL_NELC,Non-electrified railway lines,TOTAL,Total,SI,Slovenia,2000,698,
RL_NELC,Non-electrified railway lines,TOTAL,Total,SI,Slovenia,2001,725.1,
RL_NELC,Non-electrified railway lines,TOTAL,Total,SI,Slovenia,2002,725.1,
RL_NELC,Non-electrified railway lines,TOTAL,Total,SI,Slovenia,2003,725.2,
RL_NELC,Non-electrified railway lines,TOTAL,Total,SI,Slovenia,2004,725.2,
RL_NELC,Non-electrified railway lines,TOTAL,Total,SI,Slovenia,2005,725.4,
RL_NELC,Non-electrified railway lines,TOTAL,Total,SI,Slovenia,2006,725.32,
RL_NELC,Non-electrified railway lines,TOTAL,Total,SI,Slovenia,2007,725.32,
RL_NELC,Non-electrified railway lines,TOTAL,Total,SI,Slovenia,2008,725.32,
RL_NELC,Non-electrified railway lines,TOTAL,Total,SI,Slovenia,2009,725.32,
RL_NELC,Non-electrified railway lines,TOTAL,Total,SI,Slovenia,2010,725.32,
RL_NELC,Non-electrified railway lines,TOTAL,Total,SI,Slovenia,2011,708.71,
RL_NELC,Non-electrified railway lines,TOTAL,Total,SI,Slovenia,2012,709,
RL_NELC,Non-electrified railway lines,TOTAL,Total,SI,Slovenia,2013,709,
RL_NELC,Non-electrified railway lines,TOTAL,Total,SI,Slovenia,2014,709,
RL_NELC,Non-electrified railway lines,TOTAL,Total,SI,Slovenia,2015,709,
RL_NELC,Non-electrified railway lines,TOTAL,Total,SI,Slovenia,2016,709,
RL_NELC,Non-electrified railway lines,TOTAL,Total,SI,Slovenia,2017,599,
RL_NELC,Non-electrified railway lines,TOTAL,Total,SI,Slovenia,2018,599,
RL_NELC,Non-electrified railway lines,TOTAL,Total,SI,Slovenia,2019,599,
RL_NELC,Non-electrified railway lines,TOTAL,Total,SI,Slovenia,2020,599,
RL_NELC,Non-electrified railway lines,TOTAL,Total,SI,Slovenia,2021,599,
RL_NELC,Non-electrified railway lines,TOTAL,Total,SI,Slovenia,2022,603,
RL_NELC,Non-electrified railway lines,TOTAL,Total,SI,Slovenia,2023,603,
RL_NELC,Non-electrified railway lines,TOTAL,Total,SI,Slovenia,2024,603,
RL_NELC,Non-electrified railway lines,TOTAL,Total,SK,Slovakia,1990,2330,
RL_NELC,Non-electrified railway lines,TOTAL,Total,SK,Slovakia,1991,2288,
RL_NELC,Non-electrified railway lines,TOTAL,Total,SK,Slovakia,1992,2288,
RL_NELC,Non-electrified railway lines,TOTAL,Total,SK,Slovakia,1993,2246,
RL_NELC,Non-electrified railway lines,TOTAL,Total,SK,Slovakia,1994,2231,
RL_NELC,Non-electrified railway lines,TOTAL,Total,SK,Slovakia,1995,2193,
RL_NELC,Non-electrified railway lines,TOTAL,Total,SK,Slovakia,1996,2157,
RL_NELC,Non-electrified railway lines,TOTAL,Total,SK,Slovakia,1997,2157,
RL_NELC,Non-electrified railway lines,TOTAL,Total,SK,Slovakia,1998,2130,
RL_NELC,Non-electrified railway lines,TOTAL,Total,SK,Slovakia,1999,2130,
RL_NELC,Non-electrified railway lines,TOTAL,Total,SK,Slovakia,2000,2126,
RL_NELC,Non-electrified railway lines,TOTAL,Total,SK,Slovakia,2001,2126,
RL_NELC,Non-electrified railway lines,TOTAL,Total,SK,Slovakia,2002,2101,
RL_NELC,Non-electrified railway lines,TOTAL,Total,SK,Slovakia,2003,2099,
RL_NELC,Non-electrified railway lines,TOTAL,Total,SK,Slovakia,2004,2104,
RL_NELC,Non-electrified railway lines,TOTAL,Total,SK,Slovakia,2005,2102,
RL_NELC,Non-electrified railway lines,TOTAL,Total,SK,Slovakia,2006,2081,f
RL_NELC,Non-electrified railway lines,TOTAL,Total,SK,Slovakia,2007,2051,
RL_NELC,Non-electrified railway lines,TOTAL,Total,SK,Slovakia,2008,2046,
RL_NELC,Non-electrified railway lines,TOTAL,Total,SK,Slovakia,2009,2046,
RL_NELC,Non-electrified railway lines,TOTAL,Total,SK,Slovakia,2010,2044,
RL_NELC,Non-electrified railway lines,TOTAL,Total,SK,Slovakia,2011,2046,
RL_NELC,Non-electrified railway lines,TOTAL,Total,SK,Slovakia,2012,2045,
RL_NELC,Non-electrified railway lines,TOTAL,Total,SK,Slovakia,2013,2045,
RL_NELC,Non-electrified railway lines,TOTAL,Total,SK,Slovakia,2014,2041,
RL_NELC,Non-electrified railway lines,TOTAL,Total,SK,Slovakia,2015,2039,
RL_NELC,Non-electrified railway lines,TOTAL,Total,SK,Slovakia,2016,2039,
RL_NELC,Non-electrified railway lines,TOTAL,Total,SK,Slovakia,2017,2038,
RL_NELC,Non-electrified railway lines,TOTAL,Total,SK,Slovakia,2018,2040,
RL_NELC,Non-electrified railway lines,TOTAL,Total,SK,Slovakia,2019,2042,
RL_NELC,Non-electrified railway lines,TOTAL,Total,SK,Slovakia,2020,2042,
RL_NELC,Non-electrified railway lines,TOTAL,Total,SK,Slovakia,2021,2042,
RL_NELC,Non-electrified railway lines,TOTAL,Total,SK,Slovakia,2022,2042,
RL_NELC,Non-electrified railway lines,TOTAL,Total,SK,Slovakia,2023,2046,
RL_NELC,Non-electrified railway lines,TOTAL,Total,SK,Slovakia,2024,2047,
RL_NELC,Non-electrified railway lines,TOTAL,Total,TR,Türkiye,1990,7826,
RL_NELC,Non-electrified railway lines,TOTAL,Total,TR,Türkiye,1991,7762,
RL_NELC,Non-electrified railway lines,TOTAL,Total,TR,Türkiye,1992,7525,
RL_NELC,Non-electrified railway lines,TOTAL,Total,TR,Türkiye,1993,7525,
RL_NELC,Non-electrified railway lines,TOTAL,Total,TR,Türkiye,1994,7359,i
RL_NELC,Non-electrified railway lines,TOTAL,Total,TR,Türkiye,1995,7456,i
RL_NELC,Non-electrified railway lines,TOTAL,Total,TR,Türkiye,1996,7207,i
RL_NELC,Non-electrified railway lines,TOTAL,Total,TR,Türkiye,1997,6901,
RL_NELC,Non-electrified railway lines,TOTAL,Total,TR,Türkiye,1998,6901,
RL_NELC,Non-electrified railway lines,TOTAL,Total,TR,Türkiye,1999,6919,
RL_NELC,Non-electrified railway lines,TOTAL,Total,TR,Türkiye,2000,6919,
RL_NELC,Non-electrified railway lines,TOTAL,Total,TR,Türkiye,2001,6919,
RL_NELC,Non-electrified railway lines,TOTAL,Total,TR,Türkiye,2002,6919,
RL_NELC,Non-electrified railway lines,TOTAL,Total,TR,Türkiye,2003,6945,
RL_NELC,Non-electrified railway lines,TOTAL,Total,TR,Türkiye,2004,6777,
RL_NELC,Non-electrified railway lines,TOTAL,Total,TR,Türkiye,2005,6777,
RL_NELC,Non-electrified railway lines,TOTAL,Total,TR,Türkiye,2006,6777,
RL_NELC,Non-electrified railway lines,TOTAL,Total,TR,Türkiye,2007,6777,
RL_NELC,Non-electrified railway lines,TOTAL,Total,TR,Türkiye,2008,6771,
RL_NELC,Non-electrified railway lines,TOTAL,Total,TR,Türkiye,2009,6767,
RL_NELC,Non-electrified railway lines,TOTAL,Total,TR,Türkiye,2010,6803,
RL_NELC,Non-electrified railway lines,TOTAL,Total,TR,Türkiye,2011,6853,
RL_NELC,Non-electrified railway lines,TOTAL,Total,TR,Türkiye,2012,6802,
RL_NELC,Non-electrified railway lines,TOTAL,Total,TR,Türkiye,2013,6796,
RL_NELC,Non-electrified railway lines,TOTAL,Total,TR,Türkiye,2014,6757,
RL_NELC,Non-electrified railway lines,TOTAL,Total,TR,Türkiye,2015,6708,
RL_NELC,Non-electrified railway lines,TOTAL,Total,TR,Türkiye,2016,6275,
RL_NELC,Non-electrified railway lines,TOTAL,Total,TR,Türkiye,2017,6042,
RL_NELC,Non-electrified railway lines,TOTAL,Total,TR,Türkiye,2018,5531,
RL_NELC,Non-electrified railway lines,TOTAL,Total,TR,Türkiye,2019,5308,
RL_NELC,Non-electrified railway lines,TOTAL,Total,TR,Türkiye,2020,5233,i
RL_NELC,Non-electrified railway lines,TOTAL,Total,TR,Türkiye,2021,5169,i
RL_NELC,Non-electrified railway lines,TOTAL,Total,TR,Türkiye,2022,5054,i
RL_NELC,Non-electrified railway lines,TOTAL,Total,TR,Türkiye,2023,4963,
RL_NELC,Non-electrified railway lines,TOTAL,Total,TR,Türkiye,2024,4847,
RL_NELC,Non-electrified railway lines,TOTAL,Total,UA,Ukraine,1990,14685.9,
RL_NELC,Non-electrified railway lines,TOTAL,Total,UA,Ukraine,1991,14211,
RL_NELC,Non-electrified railway lines,TOTAL,Total,UA,Ukraine,1992,14283,
RL_NELC,Non-electrified railway lines,TOTAL,Total,UA,Ukraine,1993,14277,
RL_NELC,Non-electrified railway lines,TOTAL,Total,UA,Ukraine,1994,14052,
RL_NELC,Non-electrified railway lines,TOTAL,Total,UA,Ukraine,1995,14057,
RL_NELC,Non-electrified railway lines,TOTAL,Total,UA,Ukraine,1996,13986,
RL_NELC,Non-electrified railway lines,TOTAL,Total,UA,Ukraine,1997,13772,
RL_NELC,Non-electrified railway lines,TOTAL,Total,UA,Ukraine,1998,13583,
RL_NELC,Non-electrified railway lines,TOTAL,Total,UA,Ukraine,1999,13369,
RL_NELC,Non-electrified railway lines,TOTAL,Total,UA,Ukraine,2012,11377,
RL_NELC,Non-electrified railway lines,TOTAL,Total,UA,Ukraine,2013,11367,
RL_NELC,Non-electrified railway lines,TOTAL,Total,UA,Ukraine,2014,10973,
RL_NELC,Non-electrified railway lines,TOTAL,Total,UA,Ukraine,2015,10980,
RL_NELC,Non-electrified railway lines,TOTAL,Total,UA,Ukraine,2016,11026,
RL_NELC,Non-electrified railway lines,TOTAL,Total,UA,Ukraine,2017,10435,
RL_NELC,Non-electrified railway lines,TOTAL,Total,UA,Ukraine,2018,10419,
RL_NELC,Non-electrified railway lines,TOTAL,Total,UA,Ukraine,2019,10125,
RL_NELC,Non-electrified railway lines,TOTAL,Total,UA,Ukraine,2020,10118,
RL_NELC,Non-electrified railway lines,TOTAL,Total,UA,Ukraine,2021,10400,
RL_NELC,Non-electrified railway lines,TOTAL,Total,UA,Ukraine,2022,10417,
RL_NELC,Non-electrified railway lines,TOTAL,Total,UA,Ukraine,2023,10368,
RL_NELC,Non-electrified railway lines,TOTAL,Total,UK,United Kingdom,1990,12195,
RL_NELC,Non-electrified railway lines,TOTAL,Total,UK,United Kingdom,1991,12010,
RL_NELC,Non-electrified railway lines,TOTAL,Total,UK,United Kingdom,1992,11934,
RL_NELC,Non-electrified railway lines,TOTAL,Total,UK,United Kingdom,1993,11886,
RL_NELC,Non-electrified railway lines,TOTAL,Total,UK,United Kingdom,1994,11903,
RL_NELC,Non-electrified railway lines,TOTAL,Total,UK,United Kingdom,1995,11836,
RL_NELC,Non-electrified railway lines,TOTAL,Total,UK,United Kingdom,1996,11825,
RL_NELC,Non-electrified railway lines,TOTAL,Total,UK,United Kingdom,1997,11825,
RL_NELC,Non-electrified railway lines,TOTAL,Total,UK,United Kingdom,1998,11828,
RL_NELC,Non-electrified railway lines,TOTAL,Total,UK,United Kingdom,1999,11818,
RL_NELC,Non-electrified railway lines,TOTAL,Total,UK,United Kingdom,2000,11841,
RL_NELC,Non-electrified railway lines,TOTAL,Total,UK,United Kingdom,2001,11839,p
RL_NELC,Non-electrified railway lines,TOTAL,Total,UK,United Kingdom,2002,11852,p
RL_NELC,Non-electrified railway lines,TOTAL,Total,UK,United Kingdom,2003,11783,
RL_NELC,Non-electrified railway lines,TOTAL,Total,UK,United Kingdom,2004,11258,
RL_NELC,Non-electrified railway lines,TOTAL,Total,UK,United Kingdom,2005,10564,
RL_NELC,Non-electrified railway lines,TOTAL,Total,UK,United Kingdom,2006,10564,
RL_NELC,Non-electrified railway lines,TOTAL,Total,UK,United Kingdom,2007,10564,
RL_NELC,Non-electrified railway lines,TOTAL,Total,UK,United Kingdom,2008,10900,i
RL_NELC,Non-electrified railway lines,TOTAL,Total,UK,United Kingdom,2009,10864,i
RL_NELC,Non-electrified railway lines,TOTAL,Total,UK,United Kingdom,2010,10852,i
RL_NELC,Non-electrified railway lines,TOTAL,Total,UK,United Kingdom,2011,10815,i
RL_NELC,Non-electrified railway lines,TOTAL,Total,UK,United Kingdom,2012,10821,
RL_NELC,Non-electrified railway lines,TOTAL,Total,UK,United Kingdom,2013,10818,
RL_NELC,Non-electrified railway lines,TOTAL,Total,UK,United Kingdom,2014,10821,
RL_NELC,Non-electrified railway lines,TOTAL,Total,UK,United Kingdom,2015,10801,
RL_NELC,Non-electrified railway lines,TOTAL,Total,UK,United Kingdom,2016,10770,
RL_NELC,Non-electrified railway lines,TOTAL,Total,UK,United Kingdom,2017,10445,
RL_NELC,Non-electrified railway lines,TOTAL,Total,UK,United Kingdom,2018,10170,
RL_NELC,Non-electrified railway lines,TOTAL,Total,UK,United Kingdom,2019,10322,
RL_NELC,Non-electrified railway lines,TOTAL,Total,UK,United Kingdom,2020,10365,
RL_NELC,Non-electrified railway lines,TOTAL,Total,UK,United Kingdom,2021,10306,
RL_NELC,Non-electrified railway lines,TOTAL,Total,UK,United Kingdom,2022,10256,
RL_NELC,Non-electrified railway lines,TOTAL,Total,UK,United Kingdom,2023,10194,
RL_NELC,Non-electrified railway lines,TOTAL,Total,UK,United Kingdom,2024,9880,
RL_NELC,Non-electrified railway lines,TOTAL,Total,XK,Kosovo*,2017,246.35,
RL_NELC,Non-electrified railway lines,TOTAL,Total,XK,Kosovo*,2018,246.35,
RL_NELC,Non-electrified railway lines,TOTAL,Total,XK,Kosovo*,2019,246.35,
RL_NELC,Non-electrified railway lines,TOTAL,Total,XK,Kosovo*,2020,246.35,
RL_NELC,Non-electrified railway lines,TOTAL,Total,XK,Kosovo*,2021,246.35,
RL_NELC,Non-electrified railway lines,TOTAL,Total,XK,Kosovo*,2022,246.35,
TOTAL,Total,LRG,Large gauge,AL,Albania,1990,0,
TOTAL,Total,LRG,Large gauge,AL,Albania,1991,0,
TOTAL,Total,LRG,Large gauge,AL,Albania,1992,0,
TOTAL,Total,LRG,Large gauge,AL,Albania,1993,0,
TOTAL,Total,LRG,Large gauge,AL,Albania,1994,0,
TOTAL,Total,LRG,Large gauge,AL,Albania,1995,0,
TOTAL,Total,LRG,Large gauge,AL,Albania,1996,0,
TOTAL,Total,LRG,Large gauge,AL,Albania,1997,0,
TOTAL,Total,LRG,Large gauge,AL,Albania,1998,0,
TOTAL,Total,LRG,Large gauge,AL,Albania,1999,0,
TOTAL,Total,LRG,Large gauge,AL,Albania,2000,0,
TOTAL,Total,LRG,Large gauge,AL,Albania,2001,0,
TOTAL,Total,LRG,Large gauge,AL,Albania,2002,0,
TOTAL,Total,LRG,Large gauge,AL,Albania,2013,0,
TOTAL,Total,LRG,Large gauge,AL,Albania,2014,0,
TOTAL,Total,LRG,Large gauge,AL,Albania,2015,0,
TOTAL,Total,LRG,Large gauge,AL,Albania,2016,0,
TOTAL,Total,LRG,Large gauge,AL,Albania,2017,0,
TOTAL,Total,LRG,Large gauge,AL,Albania,2018,0,
TOTAL,Total,LRG,Large gauge,AL,Albania,2019,0,
TOTAL,Total,LRG,Large gauge,AL,Albania,2020,0,
TOTAL,Total,LRG,Large gauge,AL,Albania,2021,0,
TOTAL,Total,LRG,Large gauge,AL,Albania,2022,0,
TOTAL,Total,LRG,Large gauge,AL,Albania,2023,0,
TOTAL,Total,LRG,Large gauge,AL,Albania,2024,0,
TOTAL,Total,LRG,Large gauge,AT,Austria,1990,0,
TOTAL,Total,LRG,Large gauge,AT,Austria,1991,0,
TOTAL,Total,LRG,Large gauge,AT,Austria,1992,0,
TOTAL,Total,LRG,Large gauge,AT,Austria,1993,0,
TOTAL,Total,LRG,Large gauge,AT,Austria,1994,0,
TOTAL,Total,LRG,Large gauge,AT,Austria,1995,0,
TOTAL,Total,LRG,Large gauge,AT,Austria,1996,0,
TOTAL,Total,LRG,Large gauge,AT,Austria,1997,0,
TOTAL,Total,LRG,Large gauge,AT,Austria,1998,0,
TOTAL,Total,LRG,Large gauge,AT,Austria,1999,0,
TOTAL,Total,LRG,Large gauge,AT,Austria,2000,0,
TOTAL,Total,LRG,Large gauge,AT,Austria,2001,0,
TOTAL,Total,LRG,Large gauge,AT,Austria,2002,0,
TOTAL,Total,LRG,Large gauge,AT,Austria,2003,0,
TOTAL,Total,LRG,Large gauge,AT,Austria,2004,0,
TOTAL,Total,LRG,Large gauge,AT,Austria,2005,0,
TOTAL,Total,LRG,Large gauge,AT,Austria,2006,0,
TOTAL,Total,LRG,Large gauge,AT,Austria,2007,0,
TOTAL,Total,LRG,Large gauge,AT,Austria,2008,0,
TOTAL,Total,LRG,Large gauge,AT,Austria,2009,0,
TOTAL,Total,LRG,Large gauge,AT,Austria,2010,0,
TOTAL,Total,LRG,Large gauge,AT,Austria,2011,0,
TOTAL,Total,LRG,Large gauge,AT,Austria,2012,0,
TOTAL,Total,LRG,Large gauge,AT,Austria,2013,0,
TOTAL,Total,LRG,Large gauge,AT,Austria,2014,0,
TOTAL,Total,LRG,Large gauge,AT,Austria,2015,0,
TOTAL,Total,LRG,Large gauge,AT,Austria,2016,0,
TOTAL,Total,LRG,Large gauge,AT,Austria,2017,0,
TOTAL,Total,LRG,Large gauge,AT,Austria,2018,0,
TOTAL,Total,LRG,Large gauge,AT,Austria,2019,0,
TOTAL,Total,LRG,Large gauge,AT,Austria,2020,0,
TOTAL,Total,LRG,Large gauge,AT,Austria,2021,0,
TOTAL,Total,LRG,Large gauge,AT,Austria,2022,0,
TOTAL,Total,LRG,Large gauge,AT,Austria,2023,0,
TOTAL,Total,LRG,Large gauge,AT,Austria,2024,0,
TOTAL,Total,LRG,Large gauge,BA,Bosnia and Herzegovina,1990,0,
TOTAL,Total,LRG,Large gauge,BA,Bosnia and Herzegovina,1991,0,
TOTAL,Total,LRG,Large gauge,BA,Bosnia and Herzegovina,1992,0,
TOTAL,Total,LRG,Large gauge,BA,Bosnia and Herzegovina,1993,0,
TOTAL,Total,LRG,Large gauge,BA,Bosnia and Herzegovina,1994,0,
TOTAL,Total,LRG,Large gauge,BA,Bosnia and Herzegovina,1995,0,
TOTAL,Total,LRG,Large gauge,BA,Bosnia and Herzegovina,1996,0,
TOTAL,Total,LRG,Large gauge,BA,Bosnia and Herzegovina,1997,0,
TOTAL,Total,LRG,Large gauge,BA,Bosnia and Herzegovina,1998,0,
TOTAL,Total,LRG,Large gauge,BA,Bosnia and Herzegovina,1999,0,
TOTAL,Total,LRG,Large gauge,BA,Bosnia and Herzegovina,2000,0,
TOTAL,Total,LRG,Large gauge,BA,Bosnia and Herzegovina,2001,0,
TOTAL,Total,LRG,Large gauge,BA,Bosnia and Herzegovina,2002,0,
TOTAL,Total,LRG,Large gauge,BA,Bosnia and Herzegovina,2003,0,
TOTAL,Total,LRG,Large gauge,BA,Bosnia and Herzegovina,2004,0,
TOTAL,Total,LRG,Large gauge,BA,Bosnia and Herzegovina,2005,0,
TOTAL,Total,LRG,Large gauge,BA,Bosnia and Herzegovina,2006,0,
TOTAL,Total,LRG,Large gauge,BA,Bosnia and Herzegovina,2007,0,
TOTAL,Total,LRG,Large gauge,BA,Bosnia and Herzegovina,2008,0,
TOTAL,Total,LRG,Large gauge,BA,Bosnia and Herzegovina,2009,0,
TOTAL,Total,LRG,Large gauge,BA,Bosnia and Herzegovina,2010,0,
TOTAL,Total,LRG,Large gauge,BA,Bosnia and Herzegovina,2011,0,
TOTAL,Total,LRG,Large gauge,BA,Bosnia and Herzegovina,2012,0,
TOTAL,Total,LRG,Large gauge,BA,Bosnia and Herzegovina,2013,0,
TOTAL,Total,LRG,Large gauge,BA,Bosnia and Herzegovina,2014,0,
TOTAL,Total,LRG,Large gauge,BA,Bosnia and Herzegovina,2015,0,
TOTAL,Total,LRG,Large gauge,BA,Bosnia and Herzegovina,2016,0,
TOTAL,Total,LRG,Large gauge,BA,Bosnia and Herzegovina,2017,0,
TOTAL,Total,LRG,Large gauge,BA,Bosnia and Herzegovina,2018,0,
TOTAL,Total,LRG,Large gauge,BA,Bosnia and Herzegovina,2019,0,
TOTAL,Total,LRG,Large gauge,BA,Bosnia and Herzegovina,2020,0,
TOTAL,Total,LRG,Large gauge,BA,Bosnia and Herzegovina,2021,0,
TOTAL,Total,LRG,Large gauge,BA,Bosnia and Herzegovina,2022,0,
TOTAL,Total,LRG,Large gauge,BA,Bosnia and Herzegovina,2023,0,
TOTAL,Total,LRG,Large gauge,BA,Bosnia and Herzegovina,2024,0,
TOTAL,Total,LRG,Large gauge,BE,Belgium,1962,0,
TOTAL,Total,LRG,Large gauge,BE,Belgium,2003,0,
TOTAL,Total,LRG,Large gauge,BE,Belgium,2004,0,
TOTAL,Total,LRG,Large gauge,BE,Belgium,2005,0,
TOTAL,Total,LRG,Large gauge,BE,Belgium,2006,0,
TOTAL,Total,LRG,Large gauge,BE,Belgium,2007,0,
TOTAL,Total,LRG,Large gauge,BE,Belgium,2008,0,
TOTAL,Total,LRG,Large gauge,BE,Belgium,2009,0,
TOTAL,Total,LRG,Large gauge,BE,Belgium,2010,0,
TOTAL,Total,LRG,Large gauge,BE,Belgium,2011,0,
TOTAL,Total,LRG,Large gauge,BE,Belgium,2012,0,
TOTAL,Total,LRG,Large gauge,BE,Belgium,2013,0,
TOTAL,Total,LRG,Large gauge,BE,Belgium,2014,0,
TOTAL,Total,LRG,Large gauge,BE,Belgium,2015,0,
TOTAL,Total,LRG,Large gauge,BE,Belgium,2016,0,
TOTAL,Total,LRG,Large gauge,BE,Belgium,2017,0,
TOTAL,Total,LRG,Large gauge,BE,Belgium,2018,0,
TOTAL,Total,LRG,Large gauge,BE,Belgium,2019,0,
TOTAL,Total,LRG,Large gauge,BE,Belgium,2020,0,
TOTAL,Total,LRG,Large gauge,BE,Belgium,2021,0,
TOTAL,Total,LRG,Large gauge,BE,Belgium,2022,0,
TOTAL,Total,LRG,Large gauge,BE,Belgium,2023,0,
TOTAL,Total,LRG,Large gauge,BE,Belgium,2024,0,
TOTAL,Total,LRG,Large gauge,BG,Bulgaria,1990,0,
TOTAL,Total,LRG,Large gauge,BG,Bulgaria,1991,0,
TOTAL,Total,LRG,Large gauge,BG,Bulgaria,1992,0,
TOTAL,Total,LRG,Large gauge,BG,Bulgaria,1993,0,
TOTAL,Total,LRG,Large gauge,BG,Bulgaria,1994,0,
TOTAL,Total,LRG,Large gauge,BG,Bulgaria,1995,0,
TOTAL,Total,LRG,Large gauge,BG,Bulgaria,1996,0,
TOTAL,Total,LRG,Large gauge,BG,Bulgaria,1997,0,
TOTAL,Total,LRG,Large gauge,BG,Bulgaria,1998,0,
TOTAL,Total,LRG,Large gauge,BG,Bulgaria,1999,0,
TOTAL,Total,LRG,Large gauge,BG,Bulgaria,2000,0,
TOTAL,Total,LRG,Large gauge,BG,Bulgaria,2001,0,
TOTAL,Total,LRG,Large gauge,BG,Bulgaria,2002,0,
TOTAL,Total,LRG,Large gauge,BG,Bulgaria,2005,0,
TOTAL,Total,LRG,Large gauge,BG,Bulgaria,2006,0,
TOTAL,Total,LRG,Large gauge,BG,Bulgaria,2008,0,
TOTAL,Total,LRG,Large gauge,BG,Bulgaria,2009,0,
TOTAL,Total,LRG,Large gauge,BG,Bulgaria,2010,0,
TOTAL,Total,LRG,Large gauge,BG,Bulgaria,2011,0,
TOTAL,Total,LRG,Large gauge,BG,Bulgaria,2012,0,
TOTAL,Total,LRG,Large gauge,BG,Bulgaria,2013,0,
TOTAL,Total,LRG,Large gauge,BG,Bulgaria,2014,0,
TOTAL,Total,LRG,Large gauge,BG,Bulgaria,2015,0,
TOTAL,Total,LRG,Large gauge,BG,Bulgaria,2016,0,
TOTAL,Total,LRG,Large gauge,BG,Bulgaria,2017,0,
TOTAL,Total,LRG,Large gauge,BG,Bulgaria,2018,0,
TOTAL,Total,LRG,Large gauge,BG,Bulgaria,2019,0,
TOTAL,Total,LRG,Large gauge,BG,Bulgaria,2020,0,
TOTAL,Total,LRG,Large gauge,BG,Bulgaria,2021,0,
TOTAL,Total,LRG,Large gauge,BG,Bulgaria,2022,0,
TOTAL,Total,LRG,Large gauge,BG,Bulgaria,2023,0,
TOTAL,Total,LRG,Large gauge,BG,Bulgaria,2024,0,
TOTAL,Total,LRG,Large gauge,CH,Switzerland,1990,0,i
TOTAL,Total,LRG,Large gauge,CH,Switzerland,1991,0,i
TOTAL,Total,LRG,Large gauge,CH,Switzerland,1992,0,i
TOTAL,Total,LRG,Large gauge,CH,Switzerland,1993,0,i
TOTAL,Total,LRG,Large gauge,CH,Switzerland,1994,0,i
TOTAL,Total,LRG,Large gauge,CH,Switzerland,1995,0,i
TOTAL,Total,LRG,Large gauge,CH,Switzerland,1996,0,i
TOTAL,Total,LRG,Large gauge,CH,Switzerland,1997,0,i
TOTAL,Total,LRG,Large gauge,CH,Switzerland,1998,0,i
TOTAL,Total,LRG,Large gauge,CH,Switzerland,1999,0,
TOTAL,Total,LRG,Large gauge,CH,Switzerland,2000,0,
TOTAL,Total,LRG,Large gauge,CH,Switzerland,2001,0,
TOTAL,Total,LRG,Large gauge,CH,Switzerland,2002,0,
TOTAL,Total,LRG,Large gauge,CH,Switzerland,2003,0,
TOTAL,Total,LRG,Large gauge,CH,Switzerland,2004,0,
TOTAL,Total,LRG,Large gauge,CH,Switzerland,2005,0,
TOTAL,Total,LRG,Large gauge,CH,Switzerland,2006,0,
TOTAL,Total,LRG,Large gauge,CH,Switzerland,2007,0,
TOTAL,Total,LRG,Large gauge,CH,Switzerland,2008,0,i
TOTAL,Total,LRG,Large gauge,CH,Switzerland,2009,0,i
TOTAL,Total,LRG,Large gauge,CH,Switzerland,2010,0,
TOTAL,Total,LRG,Large gauge,CH,Switzerland,2011,0,i
TOTAL,Total,LRG,Large gauge,CH,Switzerland,2012,0,i
TOTAL,Total,LRG,Large gauge,CH,Switzerland,2013,0,i
TOTAL,Total,LRG,Large gauge,CH,Switzerland,2014,0,i
TOTAL,Total,LRG,Large gauge,CH,Switzerland,2015,0,
TOTAL,Total,LRG,Large gauge,CH,Switzerland,2016,0,i
TOTAL,Total,LRG,Large gauge,CH,Switzerland,2017,0,i
TOTAL,Total,LRG,Large gauge,CH,Switzerland,2018,0,i
TOTAL,Total,LRG,Large gauge,CH,Switzerland,2019,0,i
TOTAL,Total,LRG,Large gauge,CH,Switzerland,2020,0,
TOTAL,Total,LRG,Large gauge,CH,Switzerland,2021,0,i
TOTAL,Total,LRG,Large gauge,CH,Switzerland,2022,0,i
TOTAL,Total,LRG,Large gauge,CH,Switzerland,2023,0,i
TOTAL,Total,LRG,Large gauge,CH,Switzerland,2024,0,i
TOTAL,Total,LRG,Large gauge,CZ,Czechia,1993,0,
TOTAL,Total,LRG,Large gauge,CZ,Czechia,1994,0,
TOTAL,Total,LRG,Large gauge,CZ,Czechia,1995,0,
TOTAL,Total,LRG,Large gauge,CZ,Czechia,1996,0,
TOTAL,Total,LRG,Large gauge,CZ,Czechia,1997,0,
TOTAL,Total,LRG,Large gauge,CZ,Czechia,1998,0,
TOTAL,Total,LRG,Large gauge,CZ,Czechia,1999,0,
TOTAL,Total,LRG,Large gauge,CZ,Czechia,2000,0,
TOTAL,Total,LRG,Large gauge,CZ,Czechia,2001,0,
TOTAL,Total,LRG,Large gauge,CZ,Czechia,2002,0,
TOTAL,Total,LRG,Large gauge,CZ,Czechia,2003,0,
TOTAL,Total,LRG,Large gauge,CZ,Czechia,2004,0,
TOTAL,Total,LRG,Large gauge,CZ,Czechia,2005,0,
TOTAL,Total,LRG,Large gauge,CZ,Czechia,2006,0,
TOTAL,Total,LRG,Large gauge,CZ,Czechia,2007,0,
TOTAL,Total,LRG,Large gauge,CZ,Czechia,2008,0,
TOTAL,Total,LRG,Large gauge,CZ,Czechia,2009,0,
TOTAL,Total,LRG,Large gauge,CZ,Czechia,2010,0,
TOTAL,Total,LRG,Large gauge,CZ,Czechia,2011,0,
TOTAL,Total,LRG,Large gauge,CZ,Czechia,2012,0,
TOTAL,Total,LRG,Large gauge,CZ,Czechia,2013,0,
TOTAL,Total,LRG,Large gauge,CZ,Czechia,2014,0,
TOTAL,Total,LRG,Large gauge,CZ,Czechia,2015,0,
TOTAL,Total,LRG,Large gauge,CZ,Czechia,2016,0,
TOTAL,Total,LRG,Large gauge,CZ,Czechia,2017,0,
TOTAL,Total,LRG,Large gauge,CZ,Czechia,2018,0,
TOTAL,Total,LRG,Large gauge,CZ,Czechia,2019,0,
TOTAL,Total,LRG,Large gauge,CZ,Czechia,2020,0,
TOTAL,Total,LRG,Large gauge,CZ,Czechia,2021,0,
TOTAL,Total,LRG,Large gauge,CZ,Czechia,2022,0,
TOTAL,Total,LRG,Large gauge,CZ,Czechia,2023,0,
TOTAL,Total,LRG,Large gauge,CZ,Czechia,2024,0,
TOTAL,Total,LRG,Large gauge,DE,Germany,1962,0,
TOTAL,Total,LRG,Large gauge,DE,Germany,1990,0,
TOTAL,Total,LRG,Large gauge,DE,Germany,2010,1,
TOTAL,Total,LRG,Large gauge,DE,Germany,2011,1,
TOTAL,Total,LRG,Large gauge,DE,Germany,2012,1,
TOTAL,Total,LRG,Large gauge,DE,Germany,2013,1.351,
TOTAL,Total,LRG,Large gauge,DE,Germany,2014,1.351,
TOTAL,Total,LRG,Large gauge,DE,Germany,2015,1.351,
TOTAL,Total,LRG,Large gauge,DE,Germany,2016,1.351,
TOTAL,Total,LRG,Large gauge,DE,Germany,2017,1.351,
TOTAL,Total,LRG,Large gauge,DE,Germany,2018,1.351,
TOTAL,Total,LRG,Large gauge,DE,Germany,2019,1.351,
TOTAL,Total,LRG,Large gauge,DE,Germany,2020,1.351,
TOTAL,Total,LRG,Large gauge,DE,Germany,2021,1.351,
TOTAL,Total,LRG,Large gauge,DK,Denmark,1990,0,i
TOTAL,Total,LRG,Large gauge,DK,Denmark,1991,0,i
TOTAL,Total,LRG,Large gauge,DK,Denmark,1992,0,i
TOTAL,Total,LRG,Large gauge,DK,Denmark,1993,0,i
TOTAL,Total,LRG,Large gauge,DK,Denmark,1994,0,i
TOTAL,Total,LRG,Large gauge,DK,Denmark,1995,0,i
TOTAL,Total,LRG,Large gauge,DK,Denmark,1996,0,i
TOTAL,Total,LRG,Large gauge,DK,Denmark,1997,0,i
TOTAL,Total,LRG,Large gauge,DK,Denmark,1998,0,i
TOTAL,Total,LRG,Large gauge,DK,Denmark,1999,0,i
TOTAL,Total,LRG,Large gauge,DK,Denmark,2000,0,i
TOTAL,Total,LRG,Large gauge,DK,Denmark,2001,0,i
TOTAL,Total,LRG,Large gauge,DK,Denmark,2002,0,i
TOTAL,Total,LRG,Large gauge,DK,Denmark,2003,0,i
TOTAL,Total,LRG,Large gauge,DK,Denmark,2004,0,i
TOTAL,Total,LRG,Large gauge,DK,Denmark,2005,0,i
TOTAL,Total,LRG,Large gauge,DK,Denmark,2006,0,i
TOTAL,Total,LRG,Large gauge,DK,Denmark,2007,0,i
TOTAL,Total,LRG,Large gauge,DK,Denmark,2008,0,i
TOTAL,Total,LRG,Large gauge,DK,Denmark,2009,0,i
TOTAL,Total,LRG,Large gauge,DK,Denmark,2010,0,i
TOTAL,Total,LRG,Large gauge,DK,Denmark,2011,0,i
TOTAL,Total,LRG,Large gauge,DK,Denmark,2012,0,i
TOTAL,Total,LRG,Large gauge,DK,Denmark,2013,0,
TOTAL,Total,LRG,Large gauge,DK,Denmark,2014,0,
TOTAL,Total,LRG,Large gauge,DK,Denmark,2015,0,
TOTAL,Total,LRG,Large gauge,DK,Denmark,2016,0,
TOTAL,Total,LRG,Large gauge,DK,Denmark,2017,0,
TOTAL,Total,LRG,Large gauge,DK,Denmark,2018,0,
TOTAL,Total,LRG,Large gauge,DK,Denmark,2019,0,
TOTAL,Total,LRG,Large gauge,DK,Denmark,2020,0,
TOTAL,Total,LRG,Large gauge,DK,Denmark,2021,0,
TOTAL,Total,LRG,Large gauge,DK,Denmark,2022,0,
TOTAL,Total,LRG,Large gauge,DK,Denmark,2023,0,
TOTAL,Total,LRG,Large gauge,DK,Denmark,2024,0,
TOTAL,Total,LRG,Large gauge,EE,Estonia,1990,1026,
TOTAL,Total,LRG,Large gauge,EE,Estonia,1991,1026,
TOTAL,Total,LRG,Large gauge,EE,Estonia,1992,1018.4,
TOTAL,Total,LRG,Large gauge,EE,Estonia,1993,1024,
TOTAL,Total,LRG,Large gauge,EE,Estonia,1994,1024,
TOTAL,Total,LRG,Large gauge,EE,Estonia,1995,1020.7,
TOTAL,Total,LRG,Large gauge,EE,Estonia,1996,1019.7,
TOTAL,Total,LRG,Large gauge,EE,Estonia,1997,966,
TOTAL,Total,LRG,Large gauge,EE,Estonia,1998,966,
TOTAL,Total,LRG,Large gauge,EE,Estonia,1999,968,
TOTAL,Total,LRG,Large gauge,EE,Estonia,2000,968,
TOTAL,Total,LRG,Large gauge,EE,Estonia,2001,967,
TOTAL,Total,LRG,Large gauge,EE,Estonia,2002,967,
TOTAL,Total,LRG,Large gauge,EE,Estonia,2003,959,
TOTAL,Total,LRG,Large gauge,EE,Estonia,2004,959,
TOTAL,Total,LRG,Large gauge,EE,Estonia,2005,1055,
TOTAL,Total,LRG,Large gauge,EE,Estonia,2006,1196,
TOTAL,Total,LRG,Large gauge,EE,Estonia,2007,1200,
TOTAL,Total,LRG,Large gauge,EE,Estonia,2008,1196,
TOTAL,Total,LRG,Large gauge,EE,Estonia,2009,1196,
TOTAL,Total,LRG,Large gauge,EE,Estonia,2010,1196,
TOTAL,Total,LRG,Large gauge,EE,Estonia,2011,1196,
TOTAL,Total,LRG,Large gauge,EE,Estonia,2012,1196,
TOTAL,Total,LRG,Large gauge,EE,Estonia,2013,1166,
TOTAL,Total,LRG,Large gauge,EE,Estonia,2014,1166,
TOTAL,Total,LRG,Large gauge,EE,Estonia,2015,1164,
TOTAL,Total,LRG,Large gauge,EE,Estonia,2016,1161,
TOTAL,Total,LRG,Large gauge,EE,Estonia,2017,1161,
TOTAL,Total,LRG,Large gauge,EE,Estonia,2018,1161,
TOTAL,Total,LRG,Large gauge,EE,Estonia,2019,1167,
TOTAL,Total,LRG,Large gauge,EE,Estonia,2020,1167,
TOTAL,Total,LRG,Large gauge,EE,Estonia,2021,1167,
TOTAL,Total,LRG,Large gauge,EE,Estonia,2022,1175,
TOTAL,Total,LRG,Large gauge,EE,Estonia,2023,1171,
TOTAL,Total,LRG,Large gauge,EE,Estonia,2024,1171,
TOTAL,Total,LRG,Large gauge,EL,Greece,1990,0,
TOTAL,Total,LRG,Large gauge,EL,Greece,1991,0,
TOTAL,Total,LRG,Large gauge,EL,Greece,1992,0,
TOTAL,Total,LRG,Large gauge,EL,Greece,1993,0,
TOTAL,Total,LRG,Large gauge,EL,Greece,1994,0,
TOTAL,Total,LRG,Large gauge,EL,Greece,1995,0,
TOTAL,Total,LRG,Large gauge,EL,Greece,1996,0,
TOTAL,Total,LRG,Large gauge,EL,Greece,1997,0,
TOTAL,Total,LRG,Large gauge,EL,Greece,1998,0,
TOTAL,Total,LRG,Large gauge,EL,Greece,1999,0,
TOTAL,Total,LRG,Large gauge,EL,Greece,2000,0,
TOTAL,Total,LRG,Large gauge,EL,Greece,2001,0,
TOTAL,Total,LRG,Large gauge,EL,Greece,2002,0,
TOTAL,Total,LRG,Large gauge,EL,Greece,2003,0,
TOTAL,Total,LRG,Large gauge,EL,Greece,2004,0,
TOTAL,Total,LRG,Large gauge,EL,Greece,2005,0,
TOTAL,Total,LRG,Large gauge,EL,Greece,2006,0,
TOTAL,Total,LRG,Large gauge,EL,Greece,2007,0,
TOTAL,Total,LRG,Large gauge,EL,Greece,2008,0,
TOTAL,Total,LRG,Large gauge,EL,Greece,2009,0,
TOTAL,Total,LRG,Large gauge,EL,Greece,2010,0,
TOTAL,Total,LRG,Large gauge,EL,Greece,2011,0,
TOTAL,Total,LRG,Large gauge,EL,Greece,2012,0,
TOTAL,Total,LRG,Large gauge,EL,Greece,2013,0,
TOTAL,Total,LRG,Large gauge,EL,Greece,2014,0,
TOTAL,Total,LRG,Large gauge,EL,Greece,2015,0,
TOTAL,Total,LRG,Large gauge,EL,Greece,2016,0,
TOTAL,Total,LRG,Large gauge,EL,Greece,2017,0,
TOTAL,Total,LRG,Large gauge,EL,Greece,2018,0,
TOTAL,Total,LRG,Large gauge,EL,Greece,2019,0,
TOTAL,Total,LRG,Large gauge,EL,Greece,2020,0,
TOTAL,Total,LRG,Large gauge,EL,Greece,2021,0,
TOTAL,Total,LRG,Large gauge,EL,Greece,2022,0,
TOTAL,Total,LRG,Large gauge,EL,Greece,2023,0,
TOTAL,Total,LRG,Large gauge,EL,Greece,2024,0,
TOTAL,Total,LRG,Large gauge,ES,Spain,1990,12541,
TOTAL,Total,LRG,Large gauge,ES,Spain,1991,12551,
TOTAL,Total,LRG,Large gauge,ES,Spain,1992,12542,
TOTAL,Total,LRG,Large gauge,ES,Spain,1993,12102,
TOTAL,Total,LRG,Large gauge,ES,Spain,1994,12147,
TOTAL,Total,LRG,Large gauge,ES,Spain,1995,11781,
TOTAL,Total,LRG,Large gauge,ES,Spain,1996,11785,
TOTAL,Total,LRG,Large gauge,ES,Spain,1997,11803,
TOTAL,Total,LRG,Large gauge,ES,Spain,1998,11803,
TOTAL,Total,LRG,Large gauge,ES,Spain,1999,11819,
TOTAL,Total,LRG,Large gauge,ES,Spain,2000,11810,
TOTAL,Total,LRG,Large gauge,ES,Spain,2001,11810,
TOTAL,Total,LRG,Large gauge,ES,Spain,2002,11798,
TOTAL,Total,LRG,Large gauge,ES,Spain,2003,11786,
TOTAL,Total,LRG,Large gauge,ES,Spain,2004,11786,
TOTAL,Total,LRG,Large gauge,ES,Spain,2005,11762,
TOTAL,Total,LRG,Large gauge,ES,Spain,2006,11722,
TOTAL,Total,LRG,Large gauge,ES,Spain,2007,11717,
TOTAL,Total,LRG,Large gauge,ES,Spain,2008,11720,
TOTAL,Total,LRG,Large gauge,ES,Spain,2009,11729,
TOTAL,Total,LRG,Large gauge,ES,Spain,2010,11740,
TOTAL,Total,LRG,Large gauge,ES,Spain,2011,11762,
TOTAL,Total,LRG,Large gauge,ES,Spain,2012,11681,
TOTAL,Total,LRG,Large gauge,ES,Spain,2013,11664,
TOTAL,Total,LRG,Large gauge,ES,Spain,2014,11655,
TOTAL,Total,LRG,Large gauge,ES,Spain,2015,11590,
TOTAL,Total,LRG,Large gauge,ES,Spain,2016,11616,
TOTAL,Total,LRG,Large gauge,ES,Spain,2017,11611,
TOTAL,Total,LRG,Large gauge,ES,Spain,2018,11612,
TOTAL,Total,LRG,Large gauge,ES,Spain,2019,11607.917,
TOTAL,Total,LRG,Large gauge,ES,Spain,2020,11560.843,
TOTAL,Total,LRG,Large gauge,ES,Spain,2021,11680.643,
TOTAL,Total,LRG,Large gauge,ES,Spain,2022,11765.121,
TOTAL,Total,LRG,Large gauge,ES,Spain,2023,11597.553,
TOTAL,Total,LRG,Large gauge,ES,Spain,2024,11686.953,
TOTAL,Total,LRG,Large gauge,EU27_2020,European Union - 27 countries (from 2020),2010,27765.7,
TOTAL,Total,LRG,Large gauge,EU27_2020,European Union - 27 countries (from 2020),2011,27735.4,
TOTAL,Total,LRG,Large gauge,EU27_2020,European Union - 27 countries (from 2020),2012,27474.2,
TOTAL,Total,LRG,Large gauge,EU27_2020,European Union - 27 countries (from 2020),2013,27631.351,
TOTAL,Total,LRG,Large gauge,EU27_2020,European Union - 27 countries (from 2020),2014,27624.611,
TOTAL,Total,LRG,Large gauge,EU27_2020,European Union - 27 countries (from 2020),2015,27551.751,
TOTAL,Total,LRG,Large gauge,EU27_2020,European Union - 27 countries (from 2020),2016,27612.051,
TOTAL,Total,LRG,Large gauge,EU27_2020,European Union - 27 countries (from 2020),2017,27608.071,
TOTAL,Total,LRG,Large gauge,EU27_2020,European Union - 27 countries (from 2020),2018,27602.571,
TOTAL,Total,LRG,Large gauge,EU27_2020,European Union - 27 countries (from 2020),2019,27627.348,
TOTAL,Total,LRG,Large gauge,EU27_2020,European Union - 27 countries (from 2020),2020,27577.874,
TOTAL,Total,LRG,Large gauge,EU27_2020,European Union - 27 countries (from 2020),2021,27698.579,
TOTAL,Total,LRG,Large gauge,EU27_2020,European Union - 27 countries (from 2020),2022,27753.606,
TOTAL,Total,LRG,Large gauge,EU27_2020,European Union - 27 countries (from 2020),2023,27554.738,
TOTAL,Total,LRG,Large gauge,EU27_2020,European Union - 27 countries (from 2020),2024,27653.953,
TOTAL,Total,LRG,Large gauge,FI,Finland,1990,5846,
TOTAL,Total,LRG,Large gauge,FI,Finland,1991,5853,
TOTAL,Total,LRG,Large gauge,FI,Finland,1992,5853,
TOTAL,Total,LRG,Large gauge,FI,Finland,1993,5864,
TOTAL,Total,LRG,Large gauge,FI,Finland,1994,5859,
TOTAL,Total,LRG,Large gauge,FI,Finland,1995,5859,
TOTAL,Total,LRG,Large gauge,FI,Finland,1996,5860,
TOTAL,Total,LRG,Large gauge,FI,Finland,1997,5865,
TOTAL,Total,LRG,Large gauge,FI,Finland,1998,5867,
TOTAL,Total,LRG,Large gauge,FI,Finland,1999,5836,
TOTAL,Total,LRG,Large gauge,FI,Finland,2000,5854,
TOTAL,Total,LRG,Large gauge,FI,Finland,2001,5850,
TOTAL,Total,LRG,Large gauge,FI,Finland,2002,5850,
TOTAL,Total,LRG,Large gauge,FI,Finland,2003,5851,
TOTAL,Total,LRG,Large gauge,FI,Finland,2004,5741,
TOTAL,Total,LRG,Large gauge,FI,Finland,2005,5732,
TOTAL,Total,LRG,Large gauge,FI,Finland,2006,5905,
TOTAL,Total,LRG,Large gauge,FI,Finland,2007,5899,
TOTAL,Total,LRG,Large gauge,FI,Finland,2008,5919,
TOTAL,Total,LRG,Large gauge,FI,Finland,2009,5919,
TOTAL,Total,LRG,Large gauge,FI,Finland,2010,5919,
TOTAL,Total,LRG,Large gauge,FI,Finland,2011,5944,
TOTAL,Total,LRG,Large gauge,FI,Finland,2012,5944,
TOTAL,Total,LRG,Large gauge,FI,Finland,2013,5944,
TOTAL,Total,LRG,Large gauge,FI,Finland,2014,5944,
TOTAL,Total,LRG,Large gauge,FI,Finland,2015,5923,b
TOTAL,Total,LRG,Large gauge,FI,Finland,2016,5926,
TOTAL,Total,LRG,Large gauge,FI,Finland,2017,5926,
TOTAL,Total,LRG,Large gauge,FI,Finland,2018,5926,
TOTAL,Total,LRG,Large gauge,FI,Finland,2019,5923,
TOTAL,Total,LRG,Large gauge,FI,Finland,2020,5918,
TOTAL,Total,LRG,Large gauge,FI,Finland,2021,5918,
TOTAL,Total,LRG,Large gauge,FI,Finland,2022,5918,
TOTAL,Total,LRG,Large gauge,FI,Finland,2023,5915,
TOTAL,Total,LRG,Large gauge,FI,Finland,2024,5915,
TOTAL,Total,LRG,Large gauge,FR,France,1962,0,
TOTAL,Total,LRG,Large gauge,FR,France,1990,0,
TOTAL,Total,LRG,Large gauge,FR,France,1991,0,
TOTAL,Total,LRG,Large gauge,FR,France,1992,0,
TOTAL,Total,LRG,Large gauge,FR,France,1993,0,
TOTAL,Total,LRG,Large gauge,FR,France,1994,0,
TOTAL,Total,LRG,Large gauge,FR,France,1995,0,
TOTAL,Total,LRG,Large gauge,FR,France,1996,0,
TOTAL,Total,LRG,Large gauge,FR,France,1997,0,
TOTAL,Total,LRG,Large gauge,FR,France,1998,0,
TOTAL,Total,LRG,Large gauge,FR,France,1999,0,
TOTAL,Total,LRG,Large gauge,FR,France,2000,0,
TOTAL,Total,LRG,Large gauge,FR,France,2001,0,
TOTAL,Total,LRG,Large gauge,FR,France,2002,0,
TOTAL,Total,LRG,Large gauge,FR,France,2003,0,
TOTAL,Total,LRG,Large gauge,FR,France,2004,0,
TOTAL,Total,LRG,Large gauge,FR,France,2005,0,
TOTAL,Total,LRG,Large gauge,FR,France,2006,0,
TOTAL,Total,LRG,Large gauge,FR,France,2007,0,
TOTAL,Total,LRG,Large gauge,FR,France,2008,0,
TOTAL,Total,LRG,Large gauge,FR,France,2009,0,
TOTAL,Total,LRG,Large gauge,FR,France,2010,0,
TOTAL,Total,LRG,Large gauge,FR,France,2011,0,
TOTAL,Total,LRG,Large gauge,FR,France,2012,0,
TOTAL,Total,LRG,Large gauge,FR,France,2013,0,
TOTAL,Total,LRG,Large gauge,FR,France,2014,0,
TOTAL,Total,LRG,Large gauge,FR,France,2015,0,
TOTAL,Total,LRG,Large gauge,FR,France,2016,0,
TOTAL,Total,LRG,Large gauge,FR,France,2017,0,
TOTAL,Total,LRG,Large gauge,FR,France,2018,0,
TOTAL,Total,LRG,Large gauge,FR,France,2019,0,
TOTAL,Total,LRG,Large gauge,FR,France,2020,0,
TOTAL,Total,LRG,Large gauge,FR,France,2021,0,
TOTAL,Total,LRG,Large gauge,FR,France,2022,0,
TOTAL,Total,LRG,Large gauge,FR,France,2023,0,
TOTAL,Total,LRG,Large gauge,FR,France,2024,0,
TOTAL,Total,LRG,Large gauge,GE,Georgia,1995,1538,
TOTAL,Total,LRG,Large gauge,GE,Georgia,1996,1538,
TOTAL,Total,LRG,Large gauge,GE,Georgia,1997,1539,
TOTAL,Total,LRG,Large gauge,GE,Georgia,1998,1539,
TOTAL,Total,LRG,Large gauge,GE,Georgia,1999,1508,
TOTAL,Total,LRG,Large gauge,GE,Georgia,2012,1418,
TOTAL,Total,LRG,Large gauge,GE,Georgia,2013,1578,
TOTAL,Total,LRG,Large gauge,GE,Georgia,2014,1576,
TOTAL,Total,LRG,Large gauge,GE,Georgia,2015,1105.1,
TOTAL,Total,LRG,Large gauge,GE,Georgia,2016,1105.06,
TOTAL,Total,LRG,Large gauge,GE,Georgia,2017,1105.06,
TOTAL,Total,LRG,Large gauge,GE,Georgia,2018,1106.6,
TOTAL,Total,LRG,Large gauge,GE,Georgia,2019,1106.6,
TOTAL,Total,LRG,Large gauge,GE,Georgia,2020,1140,
TOTAL,Total,LRG,Large gauge,GE,Georgia,2021,1114.4,
TOTAL,Total,LRG,Large gauge,GE,Georgia,2022,1114.4,
TOTAL,Total,LRG,Large gauge,GE,Georgia,2023,1114.4,
TOTAL,Total,LRG,Large gauge,GE,Georgia,2024,1114.4,
TOTAL,Total,LRG,Large gauge,HR,Croatia,2008,0,
TOTAL,Total,LRG,Large gauge,HR,Croatia,2009,0,
TOTAL,Total,LRG,Large gauge,HR,Croatia,2010,0,
TOTAL,Total,LRG,Large gauge,HR,Croatia,2011,0,
TOTAL,Total,LRG,Large gauge,HR,Croatia,2012,0,
TOTAL,Total,LRG,Large gauge,HR,Croatia,2013,0,
TOTAL,Total,LRG,Large gauge,HR,Croatia,2014,0,
TOTAL,Total,LRG,Large gauge,HR,Croatia,2015,0,
TOTAL,Total,LRG,Large gauge,HR,Croatia,2016,0,
TOTAL,Total,LRG,Large gauge,HR,Croatia,2017,0,
TOTAL,Total,LRG,Large gauge,HR,Croatia,2018,0,
TOTAL,Total,LRG,Large gauge,HR,Croatia,2019,0,
TOTAL,Total,LRG,Large gauge,HR,Croatia,2020,0,
TOTAL,Total,LRG,Large gauge,HR,Croatia,2021,0,
TOTAL,Total,LRG,Large gauge,HR,Croatia,2022,0,
TOTAL,Total,LRG,Large gauge,HR,Croatia,2023,0,
TOTAL,Total,LRG,Large gauge,HR,Croatia,2024,0,
TOTAL,Total,LRG,Large gauge,HU,Hungary,1990,35,
TOTAL,Total,LRG,Large gauge,HU,Hungary,1991,35,
TOTAL,Total,LRG,Large gauge,HU,Hungary,1992,36,
TOTAL,Total,LRG,Large gauge,HU,Hungary,1993,36,
TOTAL,Total,LRG,Large gauge,HU,Hungary,1994,40,
TOTAL,Total,LRG,Large gauge,HU,Hungary,1995,37,
TOTAL,Total,LRG,Large gauge,HU,Hungary,1996,39,
TOTAL,Total,LRG,Large gauge,HU,Hungary,1997,37,
TOTAL,Total,LRG,Large gauge,HU,Hungary,1998,37,
TOTAL,Total,LRG,Large gauge,HU,Hungary,1999,37,
TOTAL,Total,LRG,Large gauge,HU,Hungary,2000,37,
TOTAL,Total,LRG,Large gauge,HU,Hungary,2001,36,
TOTAL,Total,LRG,Large gauge,HU,Hungary,2002,37,
TOTAL,Total,LRG,Large gauge,HU,Hungary,2003,37,
TOTAL,Total,LRG,Large gauge,HU,Hungary,2004,37,
TOTAL,Total,LRG,Large gauge,HU,Hungary,2005,37,
TOTAL,Total,LRG,Large gauge,HU,Hungary,2006,37,
TOTAL,Total,LRG,Large gauge,HU,Hungary,2007,37,
TOTAL,Total,LRG,Large gauge,HU,Hungary,2008,37,
TOTAL,Total,LRG,Large gauge,HU,Hungary,2009,37,
TOTAL,Total,LRG,Large gauge,HU,Hungary,2010,37,
TOTAL,Total,LRG,Large gauge,HU,Hungary,2011,36.5,
TOTAL,Total,LRG,Large gauge,HU,Hungary,2012,36.5,
TOTAL,Total,LRG,Large gauge,HU,Hungary,2013,36.1,
TOTAL,Total,LRG,Large gauge,HU,Hungary,2014,37.06,
TOTAL,Total,LRG,Large gauge,HU,Hungary,2015,37,
TOTAL,Total,LRG,Large gauge,HU,Hungary,2016,37,
TOTAL,Total,LRG,Large gauge,HU,Hungary,2017,38,
TOTAL,Total,LRG,Large gauge,HU,Hungary,2018,37,
TOTAL,Total,LRG,Large gauge,HU,Hungary,2019,37,
TOTAL,Total,LRG,Large gauge,HU,Hungary,2020,37,
TOTAL,Total,LRG,Large gauge,HU,Hungary,2021,37,
TOTAL,Total,LRG,Large gauge,HU,Hungary,2022,37,
TOTAL,Total,LRG,Large gauge,HU,Hungary,2023,42,
TOTAL,Total,LRG,Large gauge,HU,Hungary,2024,42,
TOTAL,Total,LRG,Large gauge,IE,Ireland,1990,1944,
TOTAL,Total,LRG,Large gauge,IE,Ireland,1991,1944,
TOTAL,Total,LRG,Large gauge,IE,Ireland,1992,1944,
TOTAL,Total,LRG,Large gauge,IE,Ireland,1993,1947,
TOTAL,Total,LRG,Large gauge,IE,Ireland,1994,1947,
TOTAL,Total,LRG,Large gauge,IE,Ireland,1995,1945,
TOTAL,Total,LRG,Large gauge,IE,Ireland,1996,1954,
TOTAL,Total,LRG,Large gauge,IE,Ireland,1997,1908,
TOTAL,Total,LRG,Large gauge,IE,Ireland,1998,1909,
TOTAL,Total,LRG,Large gauge,IE,Ireland,1999,1919,
TOTAL,Total,LRG,Large gauge,IE,Ireland,2000,1919,
TOTAL,Total,LRG,Large gauge,IE,Ireland,2001,1919,
TOTAL,Total,LRG,Large gauge,IE,Ireland,2002,1834,
TOTAL,Total,LRG,Large gauge,IE,Ireland,2003,1834,
TOTAL,Total,LRG,Large gauge,IE,Ireland,2004,1834,
TOTAL,Total,LRG,Large gauge,IE,Ireland,2005,1834,
TOTAL,Total,LRG,Large gauge,IE,Ireland,2006,1834,
TOTAL,Total,LRG,Large gauge,IE,Ireland,2007,1834,
TOTAL,Total,LRG,Large gauge,IE,Ireland,2008,1835,
TOTAL,Total,LRG,Large gauge,IE,Ireland,2009,1835,
TOTAL,Total,LRG,Large gauge,IE,Ireland,2010,1835,
TOTAL,Total,LRG,Large gauge,IE,Ireland,2011,1839,
TOTAL,Total,LRG,Large gauge,IE,Ireland,2012,1839,
TOTAL,Total,LRG,Large gauge,IE,Ireland,2013,2045,b
TOTAL,Total,LRG,Large gauge,IE,Ireland,2014,2045,
TOTAL,Total,LRG,Large gauge,IE,Ireland,2015,2045,
TOTAL,Total,LRG,Large gauge,IE,Ireland,2016,2045,
TOTAL,Total,LRG,Large gauge,IE,Ireland,2017,2045,
TOTAL,Total,LRG,Large gauge,IE,Ireland,2018,2045,
TOTAL,Total,LRG,Large gauge,IE,Ireland,2019,2045,
TOTAL,Total,LRG,Large gauge,IE,Ireland,2020,2045,
TOTAL,Total,LRG,Large gauge,IE,Ireland,2021,2045,
TOTAL,Total,LRG,Large gauge,IE,Ireland,2022,2045,
TOTAL,Total,LRG,Large gauge,IE,Ireland,2023,2045,i
TOTAL,Total,LRG,Large gauge,IE,Ireland,2024,2045,
TOTAL,Total,LRG,Large gauge,IT,Italy,1962,0,
TOTAL,Total,LRG,Large gauge,IT,Italy,1990,0,
TOTAL,Total,LRG,Large gauge,IT,Italy,1991,0,
TOTAL,Total,LRG,Large gauge,IT,Italy,1992,0,
TOTAL,Total,LRG,Large gauge,IT,Italy,1993,0,
TOTAL,Total,LRG,Large gauge,IT,Italy,1994,0,
TOTAL,Total,LRG,Large gauge,IT,Italy,1995,0,
TOTAL,Total,LRG,Large gauge,IT,Italy,1996,0,
TOTAL,Total,LRG,Large gauge,IT,Italy,1997,0,
TOTAL,Total,LRG,Large gauge,IT,Italy,1998,0,
TOTAL,Total,LRG,Large gauge,IT,Italy,1999,0,
TOTAL,Total,LRG,Large gauge,IT,Italy,2000,0,
TOTAL,Total,LRG,Large gauge,IT,Italy,2001,0,
TOTAL,Total,LRG,Large gauge,IT,Italy,2002,0,
TOTAL,Total,LRG,Large gauge,IT,Italy,2003,0,
TOTAL,Total,LRG,Large gauge,IT,Italy,2004,0,
TOTAL,Total,LRG,Large gauge,IT,Italy,2005,0,
TOTAL,Total,LRG,Large gauge,IT,Italy,2006,0,
TOTAL,Total,LRG,Large gauge,IT,Italy,2007,0,
TOTAL,Total,LRG,Large gauge,IT,Italy,2008,0,
TOTAL,Total,LRG,Large gauge,IT,Italy,2009,0,
TOTAL,Total,LRG,Large gauge,IT,Italy,2010,0,
TOTAL,Total,LRG,Large gauge,IT,Italy,2011,0,
TOTAL,Total,LRG,Large gauge,IT,Italy,2012,0,
TOTAL,Total,LRG,Large gauge,IT,Italy,2013,0,
TOTAL,Total,LRG,Large gauge,IT,Italy,2014,0,
TOTAL,Total,LRG,Large gauge,IT,Italy,2015,0,
TOTAL,Total,LRG,Large gauge,IT,Italy,2016,0,
TOTAL,Total,LRG,Large gauge,IT,Italy,2017,0,
TOTAL,Total,LRG,Large gauge,IT,Italy,2018,0,
TOTAL,Total,LRG,Large gauge,IT,Italy,2019,0,
TOTAL,Total,LRG,Large gauge,IT,Italy,2020,0,
TOTAL,Total,LRG,Large gauge,IT,Italy,2021,0,
TOTAL,Total,LRG,Large gauge,IT,Italy,2022,0,
TOTAL,Total,LRG,Large gauge,IT,Italy,2023,0,
TOTAL,Total,LRG,Large gauge,IT,Italy,2024,0,
TOTAL,Total,LRG,Large gauge,LI,Liechtenstein,2013,0,
TOTAL,Total,LRG,Large gauge,LI,Liechtenstein,2014,0,
TOTAL,Total,LRG,Large gauge,LI,Liechtenstein,2015,0,
TOTAL,Total,LRG,Large gauge,LI,Liechtenstein,2016,0,
TOTAL,Total,LRG,Large gauge,LI,Liechtenstein,2017,0,
TOTAL,Total,LRG,Large gauge,LI,Liechtenstein,2018,0,
TOTAL,Total,LRG,Large gauge,LI,Liechtenstein,2019,0,
TOTAL,Total,LRG,Large gauge,LI,Liechtenstein,2020,0,
TOTAL,Total,LRG,Large gauge,LI,Liechtenstein,2021,0,
TOTAL,Total,LRG,Large gauge,LI,Liechtenstein,2022,0,
TOTAL,Total,LRG,Large gauge,LI,Liechtenstein,2023,0,
TOTAL,Total,LRG,Large gauge,LI,Liechtenstein,2024,0,
TOTAL,Total,LRG,Large gauge,LT,Lithuania,1992,1811.2,
TOTAL,Total,LRG,Large gauge,LT,Lithuania,1993,1811.2,
TOTAL,Total,LRG,Large gauge,LT,Lithuania,1994,1811.2,
TOTAL,Total,LRG,Large gauge,LT,Lithuania,1995,1811.2,
TOTAL,Total,LRG,Large gauge,LT,Lithuania,1996,1806.2,
TOTAL,Total,LRG,Large gauge,LT,Lithuania,1997,1806.6,
TOTAL,Total,LRG,Large gauge,LT,Lithuania,1998,1807,
TOTAL,Total,LRG,Large gauge,LT,Lithuania,1999,1807,
TOTAL,Total,LRG,Large gauge,LT,Lithuania,2000,1811.9,
TOTAL,Total,LRG,Large gauge,LT,Lithuania,2001,1674,
TOTAL,Total,LRG,Large gauge,LT,Lithuania,2002,1753.5,
TOTAL,Total,LRG,Large gauge,LT,Lithuania,2003,1752.2,
TOTAL,Total,LRG,Large gauge,LT,Lithuania,2004,1760,
TOTAL,Total,LRG,Large gauge,LT,Lithuania,2005,1749.4,
TOTAL,Total,LRG,Large gauge,LT,Lithuania,2006,1749.4,
TOTAL,Total,LRG,Large gauge,LT,Lithuania,2007,1744.5,
TOTAL,Total,LRG,Large gauge,LT,Lithuania,2008,1743.6,
TOTAL,Total,LRG,Large gauge,LT,Lithuania,2009,1745.8,
TOTAL,Total,LRG,Large gauge,LT,Lithuania,2010,1745.5,
TOTAL,Total,LRG,Large gauge,LT,Lithuania,2011,1745.8,
TOTAL,Total,LRG,Large gauge,LT,Lithuania,2012,1745.8,
TOTAL,Total,LRG,Large gauge,LT,Lithuania,2013,1745.8,
TOTAL,Total,LRG,Large gauge,LT,Lithuania,2014,1745.8,
TOTAL,Total,LRG,Large gauge,LT,Lithuania,2015,1762,
TOTAL,Total,LRG,Large gauge,LT,Lithuania,2016,1796.1,
TOTAL,Total,LRG,Large gauge,LT,Lithuania,2017,1796.1,
TOTAL,Total,LRG,Large gauge,LT,Lithuania,2018,1790.6,
TOTAL,Total,LRG,Large gauge,LT,Lithuania,2019,1790.6,
TOTAL,Total,LRG,Large gauge,LT,Lithuania,2020,1790.7,
TOTAL,Total,LRG,Large gauge,LT,Lithuania,2021,1790.7,
TOTAL,Total,LRG,Large gauge,LT,Lithuania,2022,1790.8,
TOTAL,Total,LRG,Large gauge,LT,Lithuania,2023,1795.9,
TOTAL,Total,LRG,Large gauge,LT,Lithuania,2024,1795.9,
TOTAL,Total,LRG,Large gauge,LU,Luxembourg,1962,0,
TOTAL,Total,LRG,Large gauge,LU,Luxembourg,1990,0,
TOTAL,Total,LRG,Large gauge,LU,Luxembourg,1991,0,
TOTAL,Total,LRG,Large gauge,LU,Luxembourg,1992,0,
TOTAL,Total,LRG,Large gauge,LU,Luxembourg,1993,0,
TOTAL,Total,LRG,Large gauge,LU,Luxembourg,1994,0,
TOTAL,Total,LRG,Large gauge,LU,Luxembourg,1995,0,
TOTAL,Total,LRG,Large gauge,LU,Luxembourg,1996,0,
TOTAL,Total,LRG,Large gauge,LU,Luxembourg,1997,0,
TOTAL,Total,LRG,Large gauge,LU,Luxembourg,1998,0,
TOTAL,Total,LRG,Large gauge,LU,Luxembourg,1999,0,
TOTAL,Total,LRG,Large gauge,LU,Luxembourg,2000,0,
TOTAL,Total,LRG,Large gauge,LU,Luxembourg,2001,0,
TOTAL,Total,LRG,Large gauge,LU,Luxembourg,2002,0,
TOTAL,Total,LRG,Large gauge,LU,Luxembourg,2003,0,
TOTAL,Total,LRG,Large gauge,LU,Luxembourg,2004,0,
TOTAL,Total,LRG,Large gauge,LU,Luxembourg,2005,0,
TOTAL,Total,LRG,Large gauge,LU,Luxembourg,2006,0,
TOTAL,Total,LRG,Large gauge,LU,Luxembourg,2007,0,
TOTAL,Total,LRG,Large gauge,LU,Luxembourg,2008,0,
TOTAL,Total,LRG,Large gauge,LU,Luxembourg,2009,0,
TOTAL,Total,LRG,Large gauge,LU,Luxembourg,2010,0,
TOTAL,Total,LRG,Large gauge,LU,Luxembourg,2011,0,
TOTAL,Total,LRG,Large gauge,LU,Luxembourg,2012,0,
TOTAL,Total,LRG,Large gauge,LU,Luxembourg,2013,0,
TOTAL,Total,LRG,Large gauge,LU,Luxembourg,2014,0,
TOTAL,Total,LRG,Large gauge,LU,Luxembourg,2015,0,
TOTAL,Total,LRG,Large gauge,LU,Luxembourg,2016,0,
TOTAL,Total,LRG,Large gauge,LU,Luxembourg,2017,0,
TOTAL,Total,LRG,Large gauge,LU,Luxembourg,2018,0,
TOTAL,Total,LRG,Large gauge,LU,Luxembourg,2019,0,
TOTAL,Total,LRG,Large gauge,LU,Luxembourg,2020,0,
TOTAL,Total,LRG,Large gauge,LU,Luxembourg,2021,0,
TOTAL,Total,LRG,Large gauge,LU,Luxembourg,2022,0,
TOTAL,Total,LRG,Large gauge,LU,Luxembourg,2023,0,
TOTAL,Total,LRG,Large gauge,LU,Luxembourg,2024,0,
TOTAL,Total,LRG,Large gauge,LV,Latvia,1990,2364,
TOTAL,Total,LRG,Large gauge,LV,Latvia,1991,2364,
TOTAL,Total,LRG,Large gauge,LV,Latvia,1992,2373,
TOTAL,Total,LRG,Large gauge,LV,Latvia,1993,2380,
TOTAL,Total,LRG,Large gauge,LV,Latvia,1994,2380,
TOTAL,Total,LRG,Large gauge,LV,Latvia,1995,2380,
TOTAL,Total,LRG,Large gauge,LV,Latvia,1996,2380,
TOTAL,Total,LRG,Large gauge,LV,Latvia,1997,2380,
TOTAL,Total,LRG,Large gauge,LV,Latvia,1998,2380,
TOTAL,Total,LRG,Large gauge,LV,Latvia,1999,2380,
TOTAL,Total,LRG,Large gauge,LV,Latvia,2000,2298,
TOTAL,Total,LRG,Large gauge,LV,Latvia,2001,2272,
TOTAL,Total,LRG,Large gauge,LV,Latvia,2002,2237,
TOTAL,Total,LRG,Large gauge,LV,Latvia,2003,2237,
TOTAL,Total,LRG,Large gauge,LV,Latvia,2004,2237,
TOTAL,Total,LRG,Large gauge,LV,Latvia,2005,2237,
TOTAL,Total,LRG,Large gauge,LV,Latvia,2006,2236,
TOTAL,Total,LRG,Large gauge,LV,Latvia,2007,2232,
TOTAL,Total,LRG,Large gauge,LV,Latvia,2008,2230,
TOTAL,Total,LRG,Large gauge,LV,Latvia,2009,1851,
TOTAL,Total,LRG,Large gauge,LV,Latvia,2010,1864,
TOTAL,Total,LRG,Large gauge,LV,Latvia,2011,1832,
TOTAL,Total,LRG,Large gauge,LV,Latvia,2012,1826,
TOTAL,Total,LRG,Large gauge,LV,Latvia,2013,1826,
TOTAL,Total,LRG,Large gauge,LV,Latvia,2014,1826,
TOTAL,Total,LRG,Large gauge,LV,Latvia,2015,1826,
TOTAL,Total,LRG,Large gauge,LV,Latvia,2016,1826.2,
TOTAL,Total,LRG,Large gauge,LV,Latvia,2017,1826.2,
TOTAL,Total,LRG,Large gauge,LV,Latvia,2018,1826.2,
TOTAL,Total,LRG,Large gauge,LV,Latvia,2019,1826.2,
TOTAL,Total,LRG,Large gauge,LV,Latvia,2020,1825.7,
TOTAL,Total,LRG,Large gauge,LV,Latvia,2021,1825.7,
TOTAL,Total,LRG,Large gauge,LV,Latvia,2022,1831.5,
TOTAL,Total,LRG,Large gauge,LV,Latvia,2023,1798.1,
TOTAL,Total,LRG,Large gauge,LV,Latvia,2024,1798.1,
TOTAL,Total,LRG,Large gauge,MD,Moldova,1992,1301.9,
TOTAL,Total,LRG,Large gauge,MD,Moldova,1993,1291.9,
TOTAL,Total,LRG,Large gauge,MD,Moldova,1994,1291.9,
TOTAL,Total,LRG,Large gauge,MD,Moldova,1995,1299.9,
TOTAL,Total,LRG,Large gauge,MD,Moldova,1996,1299.9,
TOTAL,Total,LRG,Large gauge,MD,Moldova,1997,1295.9,
TOTAL,Total,LRG,Large gauge,MD,Moldova,1998,1194.3,
TOTAL,Total,LRG,Large gauge,MD,Moldova,1999,1126.4,
TOTAL,Total,LRG,Large gauge,MD,Moldova,2000,1125.4,
TOTAL,Total,LRG,Large gauge,MD,Moldova,2001,1107.3,
TOTAL,Total,LRG,Large gauge,MD,Moldova,2002,1107.4,
TOTAL,Total,LRG,Large gauge,MD,Moldova,2004,1063.4,
TOTAL,Total,LRG,Large gauge,MD,Moldova,2009,1146.1,
TOTAL,Total,LRG,Large gauge,MD,Moldova,2010,1146.1,
TOTAL,Total,LRG,Large gauge,MD,Moldova,2011,1069.6,
TOTAL,Total,LRG,Large gauge,MD,Moldova,2012,1069.6,
TOTAL,Total,LRG,Large gauge,MD,Moldova,2013,1070.9,
TOTAL,Total,LRG,Large gauge,MD,Moldova,2014,1070.9,
TOTAL,Total,LRG,Large gauge,MD,Moldova,2015,1071.4,
TOTAL,Total,LRG,Large gauge,MD,Moldova,2016,1071.4,
TOTAL,Total,LRG,Large gauge,MD,Moldova,2017,1071.4,
TOTAL,Total,LRG,Large gauge,MD,Moldova,2018,1071.4,
TOTAL,Total,LRG,Large gauge,MD,Moldova,2019,1071.4,
TOTAL,Total,LRG,Large gauge,MD,Moldova,2020,1071.4,
TOTAL,Total,LRG,Large gauge,MD,Moldova,2021,1071.4,
TOTAL,Total,LRG,Large gauge,MD,Moldova,2022,1072.6,
TOTAL,Total,LRG,Large gauge,MD,Moldova,2023,1072.6,
TOTAL,Total,LRG,Large gauge,MD,Moldova,2024,1146.6,
TOTAL,Total,LRG,Large gauge,ME,Montenegro,2011,0,
TOTAL,Total,LRG,Large gauge,ME,Montenegro,2012,0,
TOTAL,Total,LRG,Large gauge,ME,Montenegro,2013,0,
TOTAL,Total,LRG,Large gauge,ME,Montenegro,2014,0,
TOTAL,Total,LRG,Large gauge,ME,Montenegro,2015,0,
TOTAL,Total,LRG,Large gauge,ME,Montenegro,2016,0,
TOTAL,Total,LRG,Large gauge,ME,Montenegro,2017,0,
TOTAL,Total,LRG,Large gauge,ME,Montenegro,2018,0,
TOTAL,Total,LRG,Large gauge,ME,Montenegro,2020,0,
TOTAL,Total,LRG,Large gauge,ME,Montenegro,2021,0,
TOTAL,Total,LRG,Large gauge,ME,Montenegro,2022,0,
TOTAL,Total,LRG,Large gauge,ME,Montenegro,2023,0,
TOTAL,Total,LRG,Large gauge,ME,Montenegro,2024,0,
TOTAL,Total,LRG,Large gauge,MK,North Macedonia,1990,0,
TOTAL,Total,LRG,Large gauge,MK,North Macedonia,1992,0,
TOTAL,Total,LRG,Large gauge,MK,North Macedonia,1993,0,
TOTAL,Total,LRG,Large gauge,MK,North Macedonia,1994,0,
TOTAL,Total,LRG,Large gauge,MK,North Macedonia,1995,0,
TOTAL,Total,LRG,Large gauge,MK,North Macedonia,1996,0,
TOTAL,Total,LRG,Large gauge,MK,North Macedonia,1997,0,
TOTAL,Total,LRG,Large gauge,MK,North Macedonia,1998,0,
TOTAL,Total,LRG,Large gauge,MK,North Macedonia,1999,0,
TOTAL,Total,LRG,Large gauge,MK,North Macedonia,2000,0,
TOTAL,Total,LRG,Large gauge,MK,North Macedonia,2001,0,
TOTAL,Total,LRG,Large gauge,MK,North Macedonia,2002,0,
TOTAL,Total,LRG,Large gauge,MK,North Macedonia,2008,0,
TOTAL,Total,LRG,Large gauge,MK,North Macedonia,2009,0,
TOTAL,Total,LRG,Large gauge,MK,North Macedonia,2010,0,
TOTAL,Total,LRG,Large gauge,MK,North Macedonia,2011,0,
TOTAL,Total,LRG,Large gauge,MK,North Macedonia,2012,0,
TOTAL,Total,LRG,Large gauge,MK,North Macedonia,2013,0,
TOTAL,Total,LRG,Large gauge,MK,North Macedonia,2014,0,
TOTAL,Total,LRG,Large gauge,MK,North Macedonia,2015,0,
TOTAL,Total,LRG,Large gauge,MK,North Macedonia,2016,0,
TOTAL,Total,LRG,Large gauge,MK,North Macedonia,2017,0,
TOTAL,Total,LRG,Large gauge,MK,North Macedonia,2018,0,
TOTAL,Total,LRG,Large gauge,MK,North Macedonia,2019,0,
TOTAL,Total,LRG,Large gauge,MK,North Macedonia,2020,0,
TOTAL,Total,LRG,Large gauge,MK,North Macedonia,2021,0,
TOTAL,Total,LRG,Large gauge,MK,North Macedonia,2022,0,
TOTAL,Total,LRG,Large gauge,MK,North Macedonia,2023,0,
TOTAL,Total,LRG,Large gauge,MK,North Macedonia,2024,0,
TOTAL,Total,LRG,Large gauge,NL,Netherlands,1962,0,
TOTAL,Total,LRG,Large gauge,NL,Netherlands,1990,0,i
TOTAL,Total,LRG,Large gauge,NL,Netherlands,1991,0,i
TOTAL,Total,LRG,Large gauge,NL,Netherlands,1992,0,i
TOTAL,Total,LRG,Large gauge,NL,Netherlands,1993,0,i
TOTAL,Total,LRG,Large gauge,NL,Netherlands,1994,0,i
TOTAL,Total,LRG,Large gauge,NL,Netherlands,1995,0,i
TOTAL,Total,LRG,Large gauge,NL,Netherlands,1996,0,i
TOTAL,Total,LRG,Large gauge,NL,Netherlands,1997,0,i
TOTAL,Total,LRG,Large gauge,NL,Netherlands,1998,0,i
TOTAL,Total,LRG,Large gauge,NL,Netherlands,1999,0,i
TOTAL,Total,LRG,Large gauge,NL,Netherlands,2000,0,i
TOTAL,Total,LRG,Large gauge,NL,Netherlands,2001,0,i
TOTAL,Total,LRG,Large gauge,NL,Netherlands,2002,0,i
TOTAL,Total,LRG,Large gauge,NL,Netherlands,2003,0,i
TOTAL,Total,LRG,Large gauge,NL,Netherlands,2004,0,i
TOTAL,Total,LRG,Large gauge,NL,Netherlands,2005,0,i
TOTAL,Total,LRG,Large gauge,NL,Netherlands,2006,0,i
TOTAL,Total,LRG,Large gauge,NL,Netherlands,2007,0,i
TOTAL,Total,LRG,Large gauge,NL,Netherlands,2008,0,
TOTAL,Total,LRG,Large gauge,NL,Netherlands,2009,0,
TOTAL,Total,LRG,Large gauge,NL,Netherlands,2010,0,
TOTAL,Total,LRG,Large gauge,NL,Netherlands,2011,0,
TOTAL,Total,LRG,Large gauge,NL,Netherlands,2012,0,
TOTAL,Total,LRG,Large gauge,NL,Netherlands,2013,0,
TOTAL,Total,LRG,Large gauge,NL,Netherlands,2014,0,
TOTAL,Total,LRG,Large gauge,NL,Netherlands,2015,0,
TOTAL,Total,LRG,Large gauge,NL,Netherlands,2016,0,
TOTAL,Total,LRG,Large gauge,NL,Netherlands,2017,0,
TOTAL,Total,LRG,Large gauge,NL,Netherlands,2018,0,
TOTAL,Total,LRG,Large gauge,NL,Netherlands,2019,0,
TOTAL,Total,LRG,Large gauge,NL,Netherlands,2020,0,
TOTAL,Total,LRG,Large gauge,NL,Netherlands,2021,0,
TOTAL,Total,LRG,Large gauge,NL,Netherlands,2022,0,
TOTAL,Total,LRG,Large gauge,NL,Netherlands,2023,0,
TOTAL,Total,LRG,Large gauge,NL,Netherlands,2024,0,
TOTAL,Total,LRG,Large gauge,NO,Norway,1998,0,
TOTAL,Total,LRG,Large gauge,NO,Norway,1999,0,
TOTAL,Total,LRG,Large gauge,NO,Norway,2004,0,
TOTAL,Total,LRG,Large gauge,NO,Norway,2005,0,
TOTAL,Total,LRG,Large gauge,NO,Norway,2006,0,n
TOTAL,Total,LRG,Large gauge,NO,Norway,2007,0,n
TOTAL,Total,LRG,Large gauge,NO,Norway,2008,0,
TOTAL,Total,LRG,Large gauge,NO,Norway,2009,0,
TOTAL,Total,LRG,Large gauge,NO,Norway,2010,0,
TOTAL,Total,LRG,Large gauge,NO,Norway,2011,0,
TOTAL,Total,LRG,Large gauge,NO,Norway,2012,0,
TOTAL,Total,LRG,Large gauge,NO,Norway,2013,0,
TOTAL,Total,LRG,Large gauge,NO,Norway,2014,0,
TOTAL,Total,LRG,Large gauge,NO,Norway,2015,0,
TOTAL,Total,LRG,Large gauge,NO,Norway,2016,0,
TOTAL,Total,LRG,Large gauge,NO,Norway,2017,0,
TOTAL,Total,LRG,Large gauge,NO,Norway,2018,0,
TOTAL,Total,LRG,Large gauge,NO,Norway,2019,0,
TOTAL,Total,LRG,Large gauge,NO,Norway,2020,0,
TOTAL,Total,LRG,Large gauge,NO,Norway,2021,0,
TOTAL,Total,LRG,Large gauge,NO,Norway,2022,0,
TOTAL,Total,LRG,Large gauge,NO,Norway,2023,0,
TOTAL,Total,LRG,Large gauge,NO,Norway,2024,0,
TOTAL,Total,LRG,Large gauge,PL,Poland,1990,659,
TOTAL,Total,LRG,Large gauge,PL,Poland,1991,659,
TOTAL,Total,LRG,Large gauge,PL,Poland,1992,659,
TOTAL,Total,LRG,Large gauge,PL,Poland,1993,656,
TOTAL,Total,LRG,Large gauge,PL,Poland,1994,656,
TOTAL,Total,LRG,Large gauge,PL,Poland,1995,647,
TOTAL,Total,LRG,Large gauge,PL,Poland,1996,646,
TOTAL,Total,LRG,Large gauge,PL,Poland,1997,646,
TOTAL,Total,LRG,Large gauge,PL,Poland,1998,622,
TOTAL,Total,LRG,Large gauge,PL,Poland,1999,559,
TOTAL,Total,LRG,Large gauge,PL,Poland,2000,543,
TOTAL,Total,LRG,Large gauge,PL,Poland,2001,629,
TOTAL,Total,LRG,Large gauge,PL,Poland,2002,605,
TOTAL,Total,LRG,Large gauge,PL,Poland,2003,575,i
TOTAL,Total,LRG,Large gauge,PL,Poland,2004,544,
TOTAL,Total,LRG,Large gauge,PL,Poland,2005,547,
TOTAL,Total,LRG,Large gauge,PL,Poland,2006,544,
TOTAL,Total,LRG,Large gauge,PL,Poland,2007,545,
TOTAL,Total,LRG,Large gauge,PL,Poland,2008,547,
TOTAL,Total,LRG,Large gauge,PL,Poland,2009,548,
TOTAL,Total,LRG,Large gauge,PL,Poland,2010,543,
TOTAL,Total,LRG,Large gauge,PL,Poland,2011,543,
TOTAL,Total,LRG,Large gauge,PL,Poland,2012,543,
TOTAL,Total,LRG,Large gauge,PL,Poland,2013,538,
TOTAL,Total,LRG,Large gauge,PL,Poland,2014,538,
TOTAL,Total,LRG,Large gauge,PL,Poland,2015,537,
TOTAL,Total,LRG,Large gauge,PL,Poland,2016,537,
TOTAL,Total,LRG,Large gauge,PL,Poland,2017,537,
TOTAL,Total,LRG,Large gauge,PL,Poland,2018,537,
TOTAL,Total,LRG,Large gauge,PL,Poland,2019,566,
TOTAL,Total,LRG,Large gauge,PL,Poland,2020,569,
TOTAL,Total,LRG,Large gauge,PL,Poland,2021,569,
TOTAL,Total,LRG,Large gauge,PL,Poland,2022,569,
TOTAL,Total,LRG,Large gauge,PL,Poland,2023,569,
TOTAL,Total,LRG,Large gauge,PL,Poland,2024,580,
TOTAL,Total,LRG,Large gauge,PT,Portugal,1990,2730,
TOTAL,Total,LRG,Large gauge,PT,Portugal,1991,2724,
TOTAL,Total,LRG,Large gauge,PT,Portugal,1992,2741,
TOTAL,Total,LRG,Large gauge,PT,Portugal,1993,2760,
TOTAL,Total,LRG,Large gauge,PT,Portugal,1994,2766,
TOTAL,Total,LRG,Large gauge,PT,Portugal,1995,2762,
TOTAL,Total,LRG,Large gauge,PT,Portugal,1996,2767,
TOTAL,Total,LRG,Large gauge,PT,Portugal,1997,2764,
TOTAL,Total,LRG,Large gauge,PT,Portugal,1998,2580,
TOTAL,Total,LRG,Large gauge,PT,Portugal,1999,2599,
TOTAL,Total,LRG,Large gauge,PT,Portugal,2000,2599,
TOTAL,Total,LRG,Large gauge,PT,Portugal,2001,2599.1,
TOTAL,Total,LRG,Large gauge,PT,Portugal,2002,2613,
TOTAL,Total,LRG,Large gauge,PT,Portugal,2003,2626.2,i
TOTAL,Total,LRG,Large gauge,PT,Portugal,2004,2657.2,i
TOTAL,Total,LRG,Large gauge,PT,Portugal,2005,2647.2,i
TOTAL,Total,LRG,Large gauge,PT,Portugal,2006,2646.2,i
TOTAL,Total,LRG,Large gauge,PT,Portugal,2007,2646.6,i
TOTAL,Total,LRG,Large gauge,PT,Portugal,2008,2649.8,
TOTAL,Total,LRG,Large gauge,PT,Portugal,2009,2649.8,
TOTAL,Total,LRG,Large gauge,PT,Portugal,2010,2651.2,
TOTAL,Total,LRG,Large gauge,PT,Portugal,2011,2602.1,
TOTAL,Total,LRG,Large gauge,PT,Portugal,2012,2428.9,
TOTAL,Total,LRG,Large gauge,PT,Portugal,2013,2432.1,
TOTAL,Total,LRG,Large gauge,PT,Portugal,2014,2433.4,
TOTAL,Total,LRG,Large gauge,PT,Portugal,2015,2433.4,
TOTAL,Total,LRG,Large gauge,PT,Portugal,2016,2433.4,
TOTAL,Total,LRG,Large gauge,PT,Portugal,2017,2433.42,
TOTAL,Total,LRG,Large gauge,PT,Portugal,2018,2433.42,
TOTAL,Total,LRG,Large gauge,PT,Portugal,2019,2430.28,
TOTAL,Total,LRG,Large gauge,PT,Portugal,2020,2430.28,
TOTAL,Total,LRG,Large gauge,PT,Portugal,2021,2431.185,
TOTAL,Total,LRG,Large gauge,PT,Portugal,2022,2431.185,
TOTAL,Total,LRG,Large gauge,PT,Portugal,2023,2431.185,
TOTAL,Total,LRG,Large gauge,PT,Portugal,2024,2430,
TOTAL,Total,LRG,Large gauge,RO,Romania,1990,45,
TOTAL,Total,LRG,Large gauge,RO,Romania,1991,45,
TOTAL,Total,LRG,Large gauge,RO,Romania,1992,60,
TOTAL,Total,LRG,Large gauge,RO,Romania,1993,60,
TOTAL,Total,LRG,Large gauge,RO,Romania,1994,60,
TOTAL,Total,LRG,Large gauge,RO,Romania,1995,60,
TOTAL,Total,LRG,Large gauge,RO,Romania,1996,60,
TOTAL,Total,LRG,Large gauge,RO,Romania,1997,57,
TOTAL,Total,LRG,Large gauge,RO,Romania,1998,57,
TOTAL,Total,LRG,Large gauge,RO,Romania,1999,57,
TOTAL,Total,LRG,Large gauge,RO,Romania,2000,57,
TOTAL,Total,LRG,Large gauge,RO,Romania,2001,57,
TOTAL,Total,LRG,Large gauge,RO,Romania,2002,57,
TOTAL,Total,LRG,Large gauge,RO,Romania,2003,57,
TOTAL,Total,LRG,Large gauge,RO,Romania,2004,61,
TOTAL,Total,LRG,Large gauge,RO,Romania,2005,57,
TOTAL,Total,LRG,Large gauge,RO,Romania,2006,57,
TOTAL,Total,LRG,Large gauge,RO,Romania,2007,134,
TOTAL,Total,LRG,Large gauge,RO,Romania,2008,134,
TOTAL,Total,LRG,Large gauge,RO,Romania,2009,134,
TOTAL,Total,LRG,Large gauge,RO,Romania,2010,135,
TOTAL,Total,LRG,Large gauge,RO,Romania,2011,135,
TOTAL,Total,LRG,Large gauge,RO,Romania,2012,134,
TOTAL,Total,LRG,Large gauge,RO,Romania,2013,134,
TOTAL,Total,LRG,Large gauge,RO,Romania,2014,134,
TOTAL,Total,LRG,Large gauge,RO,Romania,2015,134,
TOTAL,Total,LRG,Large gauge,RO,Romania,2016,134,
TOTAL,Total,LRG,Large gauge,RO,Romania,2017,134,
TOTAL,Total,LRG,Large gauge,RO,Romania,2018,134,
TOTAL,Total,LRG,Large gauge,RO,Romania,2019,134,
TOTAL,Total,LRG,Large gauge,RO,Romania,2020,134,
TOTAL,Total,LRG,Large gauge,RO,Romania,2021,134,
TOTAL,Total,LRG,Large gauge,RO,Romania,2022,91,
TOTAL,Total,LRG,Large gauge,RO,Romania,2023,91,
TOTAL,Total,LRG,Large gauge,RO,Romania,2024,91,
TOTAL,Total,LRG,Large gauge,RS,Serbia,2006,0,
TOTAL,Total,LRG,Large gauge,RS,Serbia,2007,0,
TOTAL,Total,LRG,Large gauge,RS,Serbia,2008,0,
TOTAL,Total,LRG,Large gauge,RS,Serbia,2009,0,
TOTAL,Total,LRG,Large gauge,RS,Serbia,2010,0,
TOTAL,Total,LRG,Large gauge,RS,Serbia,2011,0,
TOTAL,Total,LRG,Large gauge,RS,Serbia,2012,0,
TOTAL,Total,LRG,Large gauge,RS,Serbia,2013,0,
TOTAL,Total,LRG,Large gauge,RS,Serbia,2014,0,
TOTAL,Total,LRG,Large gauge,RS,Serbia,2015,0,
TOTAL,Total,LRG,Large gauge,RS,Serbia,2016,0,
TOTAL,Total,LRG,Large gauge,RS,Serbia,2017,0,
TOTAL,Total,LRG,Large gauge,RS,Serbia,2018,0,
TOTAL,Total,LRG,Large gauge,RS,Serbia,2019,0,
TOTAL,Total,LRG,Large gauge,RS,Serbia,2020,0,
TOTAL,Total,LRG,Large gauge,RS,Serbia,2021,0,
TOTAL,Total,LRG,Large gauge,RS,Serbia,2022,0,
TOTAL,Total,LRG,Large gauge,RS,Serbia,2023,0,
TOTAL,Total,LRG,Large gauge,RS,Serbia,2024,0,
TOTAL,Total,LRG,Large gauge,SE,Sweden,1990,0,
TOTAL,Total,LRG,Large gauge,SE,Sweden,1991,0,
TOTAL,Total,LRG,Large gauge,SE,Sweden,1992,0,
TOTAL,Total,LRG,Large gauge,SE,Sweden,1993,0,
TOTAL,Total,LRG,Large gauge,SE,Sweden,1994,0,
TOTAL,Total,LRG,Large gauge,SE,Sweden,1995,0,
TOTAL,Total,LRG,Large gauge,SE,Sweden,1996,0,
TOTAL,Total,LRG,Large gauge,SE,Sweden,1997,0,
TOTAL,Total,LRG,Large gauge,SE,Sweden,1998,0,
TOTAL,Total,LRG,Large gauge,SE,Sweden,1999,0,
TOTAL,Total,LRG,Large gauge,SE,Sweden,2000,0,
TOTAL,Total,LRG,Large gauge,SE,Sweden,2001,0,
TOTAL,Total,LRG,Large gauge,SE,Sweden,2002,0,
TOTAL,Total,LRG,Large gauge,SE,Sweden,2003,0,
TOTAL,Total,LRG,Large gauge,SE,Sweden,2004,0,
TOTAL,Total,LRG,Large gauge,SE,Sweden,2005,0,
TOTAL,Total,LRG,Large gauge,SE,Sweden,2006,0,
TOTAL,Total,LRG,Large gauge,SE,Sweden,2007,0,
TOTAL,Total,LRG,Large gauge,SE,Sweden,2008,0,
TOTAL,Total,LRG,Large gauge,SE,Sweden,2009,0,
TOTAL,Total,LRG,Large gauge,SE,Sweden,2010,0,
TOTAL,Total,LRG,Large gauge,SE,Sweden,2011,0,
TOTAL,Total,LRG,Large gauge,SE,Sweden,2012,0,
TOTAL,Total,LRG,Large gauge,SE,Sweden,2013,0,
TOTAL,Total,LRG,Large gauge,SE,Sweden,2014,0,
TOTAL,Total,LRG,Large gauge,SE,Sweden,2015,0,
TOTAL,Total,LRG,Large gauge,SE,Sweden,2016,0,
TOTAL,Total,LRG,Large gauge,SE,Sweden,2017,0,
TOTAL,Total,LRG,Large gauge,SE,Sweden,2018,0,
TOTAL,Total,LRG,Large gauge,SE,Sweden,2019,0,
TOTAL,Total,LRG,Large gauge,SE,Sweden,2020,0,
TOTAL,Total,LRG,Large gauge,SE,Sweden,2021,0,
TOTAL,Total,LRG,Large gauge,SE,Sweden,2022,0,
TOTAL,Total,LRG,Large gauge,SE,Sweden,2023,0,
TOTAL,Total,LRG,Large gauge,SE,Sweden,2024,0,
TOTAL,Total,LRG,Large gauge,SI,Slovenia,1990,0,
TOTAL,Total,LRG,Large gauge,SI,Slovenia,1991,0,
TOTAL,Total,LRG,Large gauge,SI,Slovenia,1992,0,
TOTAL,Total,LRG,Large gauge,SI,Slovenia,1993,0,
TOTAL,Total,LRG,Large gauge,SI,Slovenia,1994,0,
TOTAL,Total,LRG,Large gauge,SI,Slovenia,1995,0,
TOTAL,Total,LRG,Large gauge,SI,Slovenia,1996,0,
TOTAL,Total,LRG,Large gauge,SI,Slovenia,1997,0,
TOTAL,Total,LRG,Large gauge,SI,Slovenia,1998,0,
TOTAL,Total,LRG,Large gauge,SI,Slovenia,1999,0,
TOTAL,Total,LRG,Large gauge,SI,Slovenia,2000,0,
TOTAL,Total,LRG,Large gauge,SI,Slovenia,2001,0,
TOTAL,Total,LRG,Large gauge,SI,Slovenia,2002,0,
TOTAL,Total,LRG,Large gauge,SI,Slovenia,2003,0,
TOTAL,Total,LRG,Large gauge,SI,Slovenia,2008,0,
TOTAL,Total,LRG,Large gauge,SI,Slovenia,2009,0,
TOTAL,Total,LRG,Large gauge,SI,Slovenia,2010,0,
TOTAL,Total,LRG,Large gauge,SI,Slovenia,2011,0,
TOTAL,Total,LRG,Large gauge,SI,Slovenia,2012,0,
TOTAL,Total,LRG,Large gauge,SI,Slovenia,2013,0,
TOTAL,Total,LRG,Large gauge,SI,Slovenia,2014,0,
TOTAL,Total,LRG,Large gauge,SI,Slovenia,2015,0,
TOTAL,Total,LRG,Large gauge,SI,Slovenia,2016,0,
TOTAL,Total,LRG,Large gauge,SI,Slovenia,2017,0,
TOTAL,Total,LRG,Large gauge,SI,Slovenia,2018,0,
TOTAL,Total,LRG,Large gauge,SI,Slovenia,2019,0,
TOTAL,Total,LRG,Large gauge,SI,Slovenia,2020,0,
TOTAL,Total,LRG,Large gauge,SI,Slovenia,2021,0,
TOTAL,Total,LRG,Large gauge,SI,Slovenia,2022,0,
TOTAL,Total,LRG,Large gauge,SI,Slovenia,2023,0,
TOTAL,Total,LRG,Large gauge,SI,Slovenia,2024,0,
TOTAL,Total,LRG,Large gauge,SK,Slovakia,1990,102,
TOTAL,Total,LRG,Large gauge,SK,Slovakia,1991,102,
TOTAL,Total,LRG,Large gauge,SK,Slovakia,1992,102,
TOTAL,Total,LRG,Large gauge,SK,Slovakia,1993,102,
TOTAL,Total,LRG,Large gauge,SK,Slovakia,1994,102,
TOTAL,Total,LRG,Large gauge,SK,Slovakia,1995,106,
TOTAL,Total,LRG,Large gauge,SK,Slovakia,1996,106,
TOTAL,Total,LRG,Large gauge,SK,Slovakia,1997,106,
TOTAL,Total,LRG,Large gauge,SK,Slovakia,1998,106,
TOTAL,Total,LRG,Large gauge,SK,Slovakia,1999,106,
TOTAL,Total,LRG,Large gauge,SK,Slovakia,2000,100,
TOTAL,Total,LRG,Large gauge,SK,Slovakia,2001,100,
TOTAL,Total,LRG,Large gauge,SK,Slovakia,2002,100,
TOTAL,Total,LRG,Large gauge,SK,Slovakia,2003,100,
TOTAL,Total,LRG,Large gauge,SK,Slovakia,2004,100,
TOTAL,Total,LRG,Large gauge,SK,Slovakia,2005,99,
TOTAL,Total,LRG,Large gauge,SK,Slovakia,2006,99,
TOTAL,Total,LRG,Large gauge,SK,Slovakia,2007,99,
TOTAL,Total,LRG,Large gauge,SK,Slovakia,2008,99,
TOTAL,Total,LRG,Large gauge,SK,Slovakia,2009,99,
TOTAL,Total,LRG,Large gauge,SK,Slovakia,2010,99,
TOTAL,Total,LRG,Large gauge,SK,Slovakia,2011,99,
TOTAL,Total,LRG,Large gauge,SK,Slovakia,2012,99,
TOTAL,Total,LRG,Large gauge,SK,Slovakia,2013,99,
TOTAL,Total,LRG,Large gauge,SK,Slovakia,2014,99,
TOTAL,Total,LRG,Large gauge,SK,Slovakia,2015,99,
TOTAL,Total,LRG,Large gauge,SK,Slovakia,2016,99,
TOTAL,Total,LRG,Large gauge,SK,Slovakia,2017,99,
TOTAL,Total,LRG,Large gauge,SK,Slovakia,2018,99,
TOTAL,Total,LRG,Large gauge,SK,Slovakia,2019,99,
TOTAL,Total,LRG,Large gauge,SK,Slovakia,2020,99,
TOTAL,Total,LRG,Large gauge,SK,Slovakia,2021,99,
TOTAL,Total,LRG,Large gauge,SK,Slovakia,2022,99,
TOTAL,Total,LRG,Large gauge,SK,Slovakia,2023,99,
TOTAL,Total,LRG,Large gauge,SK,Slovakia,2024,99,
TOTAL,Total,LRG,Large gauge,TR,Türkiye,1990,0,
TOTAL,Total,LRG,Large gauge,TR,Türkiye,1991,0,
TOTAL,Total,LRG,Large gauge,TR,Türkiye,1992,0,
TOTAL,Total,LRG,Large gauge,TR,Türkiye,1993,0,
TOTAL,Total,LRG,Large gauge,TR,Türkiye,1994,0,
TOTAL,Total,LRG,Large gauge,TR,Türkiye,1995,0,
TOTAL,Total,LRG,Large gauge,TR,Türkiye,1996,0,
TOTAL,Total,LRG,Large gauge,TR,Türkiye,1997,0,
TOTAL,Total,LRG,Large gauge,TR,Türkiye,1998,0,
TOTAL,Total,LRG,Large gauge,TR,Türkiye,1999,0,
TOTAL,Total,LRG,Large gauge,TR,Türkiye,2005,0,
TOTAL,Total,LRG,Large gauge,TR,Türkiye,2006,0,
TOTAL,Total,LRG,Large gauge,TR,Türkiye,2007,0,
TOTAL,Total,LRG,Large gauge,TR,Türkiye,2008,0,
TOTAL,Total,LRG,Large gauge,TR,Türkiye,2009,0,
TOTAL,Total,LRG,Large gauge,TR,Türkiye,2010,0,
TOTAL,Total,LRG,Large gauge,TR,Türkiye,2011,0,
TOTAL,Total,LRG,Large gauge,TR,Türkiye,2012,0,
TOTAL,Total,LRG,Large gauge,TR,Türkiye,2013,0,
TOTAL,Total,LRG,Large gauge,TR,Türkiye,2014,0,
TOTAL,Total,LRG,Large gauge,TR,Türkiye,2015,0,
TOTAL,Total,LRG,Large gauge,TR,Türkiye,2016,0,
TOTAL,Total,LRG,Large gauge,TR,Türkiye,2017,0,
TOTAL,Total,LRG,Large gauge,TR,Türkiye,2018,0,
TOTAL,Total,LRG,Large gauge,TR,Türkiye,2019,0,
TOTAL,Total,LRG,Large gauge,TR,Türkiye,2020,0,
TOTAL,Total,LRG,Large gauge,TR,Türkiye,2021,0,
TOTAL,Total,LRG,Large gauge,TR,Türkiye,2022,0,
TOTAL,Total,LRG,Large gauge,TR,Türkiye,2023,0,
TOTAL,Total,LRG,Large gauge,TR,Türkiye,2024,0,
TOTAL,Total,LRG,Large gauge,UA,Ukraine,1992,22026,
TOTAL,Total,LRG,Large gauge,UA,Ukraine,1993,22020,
TOTAL,Total,LRG,Large gauge,UA,Ukraine,1994,21958.8,
TOTAL,Total,LRG,Large gauge,UA,Ukraine,1995,22002,
TOTAL,Total,LRG,Large gauge,UA,Ukraine,1996,21997,
TOTAL,Total,LRG,Large gauge,UA,Ukraine,1997,21941,
TOTAL,Total,LRG,Large gauge,UA,Ukraine,1998,21951,
TOTAL,Total,LRG,Large gauge,UA,Ukraine,1999,21972,
TOTAL,Total,LRG,Large gauge,UA,Ukraine,2012,21271,
TOTAL,Total,LRG,Large gauge,UA,Ukraine,2013,21257,
TOTAL,Total,LRG,Large gauge,UA,Ukraine,2014,20607,
TOTAL,Total,LRG,Large gauge,UA,Ukraine,2015,20613,
TOTAL,Total,LRG,Large gauge,UA,Ukraine,2016,20611,
TOTAL,Total,LRG,Large gauge,UA,Ukraine,2017,19429,
TOTAL,Total,LRG,Large gauge,UA,Ukraine,2018,19424,
TOTAL,Total,LRG,Large gauge,UA,Ukraine,2019,19458,
TOTAL,Total,LRG,Large gauge,UA,Ukraine,2020,19450,
TOTAL,Total,LRG,Large gauge,UA,Ukraine,2021,19390,
TOTAL,Total,LRG,Large gauge,UA,Ukraine,2022,19431,
TOTAL,Total,LRG,Large gauge,UA,Ukraine,2023,19419,
TOTAL,Total,LRG,Large gauge,UK,United Kingdom,1993,330,
TOTAL,Total,LRG,Large gauge,UK,United Kingdom,1994,331,
TOTAL,Total,LRG,Large gauge,UK,United Kingdom,1995,333,
TOTAL,Total,LRG,Large gauge,UK,United Kingdom,1996,335,
TOTAL,Total,LRG,Large gauge,UK,United Kingdom,1997,335,
TOTAL,Total,LRG,Large gauge,UK,United Kingdom,1998,335,
TOTAL,Total,LRG,Large gauge,UK,United Kingdom,2004,342,
TOTAL,Total,LRG,Large gauge,UK,United Kingdom,2005,0,
TOTAL,Total,LRG,Large gauge,UK,United Kingdom,2007,0,
TOTAL,Total,LRG,Large gauge,UK,United Kingdom,2008,0,
TOTAL,Total,LRG,Large gauge,UK,United Kingdom,2009,0,
TOTAL,Total,LRG,Large gauge,UK,United Kingdom,2010,0,
TOTAL,Total,LRG,Large gauge,UK,United Kingdom,2011,0,
TOTAL,Total,LRG,Large gauge,UK,United Kingdom,2012,0,
TOTAL,Total,LRG,Large gauge,UK,United Kingdom,2013,0,
TOTAL,Total,LRG,Large gauge,UK,United Kingdom,2014,0,
TOTAL,Total,LRG,Large gauge,UK,United Kingdom,2015,0,
TOTAL,Total,LRG,Large gauge,UK,United Kingdom,2016,0,
TOTAL,Total,LRG,Large gauge,UK,United Kingdom,2017,0,
TOTAL,Total,LRG,Large gauge,UK,United Kingdom,2018,0,
TOTAL,Total,LRG,Large gauge,UK,United Kingdom,2019,333,
TOTAL,Total,LRG,Large gauge,UK,United Kingdom,2020,333,
TOTAL,Total,LRG,Large gauge,UK,United Kingdom,2021,333,
TOTAL,Total,LRG,Large gauge,UK,United Kingdom,2022,333,
TOTAL,Total,LRG,Large gauge,UK,United Kingdom,2023,333,
TOTAL,Total,LRG,Large gauge,UK,United Kingdom,2024,333,
TOTAL,Total,LRG,Large gauge,XK,Kosovo*,2017,0,
TOTAL,Total,LRG,Large gauge,XK,Kosovo*,2018,0,
TOTAL,Total,LRG,Large gauge,XK,Kosovo*,2019,0,
TOTAL,Total,LRG,Large gauge,XK,Kosovo*,2020,0,
TOTAL,Total,LRG,Large gauge,XK,Kosovo*,2021,0,
TOTAL,Total,LRG,Large gauge,XK,Kosovo*,2022,0,
TOTAL,Total,LRG,Large gauge,XK,Kosovo*,2023,0,i
TOTAL,Total,LRG,Large gauge,XK,Kosovo*,2024,0,i
TOTAL,Total,NAR,Narrow gauge,AL,Albania,1990,0,
TOTAL,Total,NAR,Narrow gauge,AL,Albania,1991,0,
TOTAL,Total,NAR,Narrow gauge,AL,Albania,1992,0,
TOTAL,Total,NAR,Narrow gauge,AL,Albania,1993,0,
TOTAL,Total,NAR,Narrow gauge,AL,Albania,1994,0,
TOTAL,Total,NAR,Narrow gauge,AL,Albania,1995,0,
TOTAL,Total,NAR,Narrow gauge,AL,Albania,1996,0,
TOTAL,Total,NAR,Narrow gauge,AL,Albania,1997,0,
TOTAL,Total,NAR,Narrow gauge,AL,Albania,1998,0,
TOTAL,Total,NAR,Narrow gauge,AL,Albania,1999,0,
TOTAL,Total,NAR,Narrow gauge,AL,Albania,2000,0,
TOTAL,Total,NAR,Narrow gauge,AL,Albania,2001,0,
TOTAL,Total,NAR,Narrow gauge,AL,Albania,2002,0,
TOTAL,Total,NAR,Narrow gauge,AL,Albania,2013,0,
TOTAL,Total,NAR,Narrow gauge,AL,Albania,2014,0,
TOTAL,Total,NAR,Narrow gauge,AL,Albania,2015,0,
TOTAL,Total,NAR,Narrow gauge,AL,Albania,2016,0,
TOTAL,Total,NAR,Narrow gauge,AL,Albania,2017,0,
TOTAL,Total,NAR,Narrow gauge,AL,Albania,2018,0,
TOTAL,Total,NAR,Narrow gauge,AL,Albania,2019,0,
TOTAL,Total,NAR,Narrow gauge,AL,Albania,2020,0,
TOTAL,Total,NAR,Narrow gauge,AL,Albania,2021,0,
TOTAL,Total,NAR,Narrow gauge,AL,Albania,2022,0,
TOTAL,Total,NAR,Narrow gauge,AL,Albania,2023,0,
TOTAL,Total,NAR,Narrow gauge,AL,Albania,2024,0,
TOTAL,Total,NAR,Narrow gauge,AT,Austria,1990,355,
TOTAL,Total,NAR,Narrow gauge,AT,Austria,1991,355,
TOTAL,Total,NAR,Narrow gauge,AT,Austria,1992,342,
TOTAL,Total,NAR,Narrow gauge,AT,Austria,1993,342,
TOTAL,Total,NAR,Narrow gauge,AT,Austria,1994,342,
TOTAL,Total,NAR,Narrow gauge,AT,Austria,1995,342,i
TOTAL,Total,NAR,Narrow gauge,AT,Austria,1996,342,i
TOTAL,Total,NAR,Narrow gauge,AT,Austria,1997,335,i
TOTAL,Total,NAR,Narrow gauge,AT,Austria,1998,330,i
TOTAL,Total,NAR,Narrow gauge,AT,Austria,1999,325,i
TOTAL,Total,NAR,Narrow gauge,AT,Austria,2000,320,i
TOTAL,Total,NAR,Narrow gauge,AT,Austria,2001,315,i
TOTAL,Total,NAR,Narrow gauge,AT,Austria,2002,310,i
TOTAL,Total,NAR,Narrow gauge,AT,Austria,2003,310,i
TOTAL,Total,NAR,Narrow gauge,AT,Austria,2004,310,i
TOTAL,Total,NAR,Narrow gauge,AT,Austria,2005,310,i
TOTAL,Total,NAR,Narrow gauge,AT,Austria,2006,310,i
TOTAL,Total,NAR,Narrow gauge,AT,Austria,2007,310,i
TOTAL,Total,NAR,Narrow gauge,AT,Austria,2008,310,i
TOTAL,Total,NAR,Narrow gauge,AT,Austria,2009,310,i
TOTAL,Total,NAR,Narrow gauge,AT,Austria,2010,319,
TOTAL,Total,NAR,Narrow gauge,AT,Austria,2011,310,
TOTAL,Total,NAR,Narrow gauge,AT,Austria,2012,309,
TOTAL,Total,NAR,Narrow gauge,AT,Austria,2013,309,
TOTAL,Total,NAR,Narrow gauge,AT,Austria,2014,309,
TOTAL,Total,NAR,Narrow gauge,AT,Austria,2015,310,
TOTAL,Total,NAR,Narrow gauge,AT,Austria,2016,298,
TOTAL,Total,NAR,Narrow gauge,AT,Austria,2017,298,
TOTAL,Total,NAR,Narrow gauge,AT,Austria,2018,301,
TOTAL,Total,NAR,Narrow gauge,AT,Austria,2019,371,
TOTAL,Total,NAR,Narrow gauge,AT,Austria,2020,371,
TOTAL,Total,NAR,Narrow gauge,AT,Austria,2021,372,
TOTAL,Total,NAR,Narrow gauge,AT,Austria,2022,372,
TOTAL,Total,NAR,Narrow gauge,AT,Austria,2023,372,
TOTAL,Total,NAR,Narrow gauge,AT,Austria,2024,372,
TOTAL,Total,NAR,Narrow gauge,BA,Bosnia and Herzegovina,1990,0,
TOTAL,Total,NAR,Narrow gauge,BA,Bosnia and Herzegovina,1991,0,
TOTAL,Total,NAR,Narrow gauge,BA,Bosnia and Herzegovina,1992,0,
TOTAL,Total,NAR,Narrow gauge,BA,Bosnia and Herzegovina,1993,0,
TOTAL,Total,NAR,Narrow gauge,BA,Bosnia and Herzegovina,1994,0,
TOTAL,Total,NAR,Narrow gauge,BA,Bosnia and Herzegovina,1995,0,
TOTAL,Total,NAR,Narrow gauge,BA,Bosnia and Herzegovina,1996,0,
TOTAL,Total,NAR,Narrow gauge,BA,Bosnia and Herzegovina,1997,0,
TOTAL,Total,NAR,Narrow gauge,BA,Bosnia and Herzegovina,1998,0,
TOTAL,Total,NAR,Narrow gauge,BA,Bosnia and Herzegovina,1999,0,
TOTAL,Total,NAR,Narrow gauge,BA,Bosnia and Herzegovina,2000,0,
TOTAL,Total,NAR,Narrow gauge,BA,Bosnia and Herzegovina,2001,0,
TOTAL,Total,NAR,Narrow gauge,BA,Bosnia and Herzegovina,2002,0,
TOTAL,Total,NAR,Narrow gauge,BA,Bosnia and Herzegovina,2003,0,
TOTAL,Total,NAR,Narrow gauge,BA,Bosnia and Herzegovina,2004,0,
TOTAL,Total,NAR,Narrow gauge,BA,Bosnia and Herzegovina,2005,0,
TOTAL,Total,NAR,Narrow gauge,BA,Bosnia and Herzegovina,2006,0,
TOTAL,Total,NAR,Narrow gauge,BA,Bosnia and Herzegovina,2007,0,
TOTAL,Total,NAR,Narrow gauge,BA,Bosnia and Herzegovina,2008,0,
TOTAL,Total,NAR,Narrow gauge,BA,Bosnia and Herzegovina,2009,0,
TOTAL,Total,NAR,Narrow gauge,BA,Bosnia and Herzegovina,2010,0,
TOTAL,Total,NAR,Narrow gauge,BA,Bosnia and Herzegovina,2011,0,
TOTAL,Total,NAR,Narrow gauge,BA,Bosnia and Herzegovina,2012,0,
TOTAL,Total,NAR,Narrow gauge,BA,Bosnia and Herzegovina,2013,0,
TOTAL,Total,NAR,Narrow gauge,BA,Bosnia and Herzegovina,2014,0,
TOTAL,Total,NAR,Narrow gauge,BA,Bosnia and Herzegovina,2015,0,
TOTAL,Total,NAR,Narrow gauge,BA,Bosnia and Herzegovina,2016,0,
TOTAL,Total,NAR,Narrow gauge,BA,Bosnia and Herzegovina,2017,0,
TOTAL,Total,NAR,Narrow gauge,BA,Bosnia and Herzegovina,2018,0,
TOTAL,Total,NAR,Narrow gauge,BA,Bosnia and Herzegovina,2019,0,
TOTAL,Total,NAR,Narrow gauge,BA,Bosnia and Herzegovina,2020,0,
TOTAL,Total,NAR,Narrow gauge,BA,Bosnia and Herzegovina,2021,0,
TOTAL,Total,NAR,Narrow gauge,BA,Bosnia and Herzegovina,2022,0,
TOTAL,Total,NAR,Narrow gauge,BA,Bosnia and Herzegovina,2023,0,
TOTAL,Total,NAR,Narrow gauge,BA,Bosnia and Herzegovina,2024,0,
TOTAL,Total,NAR,Narrow gauge,BE,Belgium,1962,0,
TOTAL,Total,NAR,Narrow gauge,BE,Belgium,2003,0,
TOTAL,Total,NAR,Narrow gauge,BE,Belgium,2004,0,
TOTAL,Total,NAR,Narrow gauge,BE,Belgium,2005,0,
TOTAL,Total,NAR,Narrow gauge,BE,Belgium,2006,0,
TOTAL,Total,NAR,Narrow gauge,BE,Belgium,2007,0,
TOTAL,Total,NAR,Narrow gauge,BE,Belgium,2008,0,
TOTAL,Total,NAR,Narrow gauge,BE,Belgium,2009,0,
TOTAL,Total,NAR,Narrow gauge,BE,Belgium,2010,0,
TOTAL,Total,NAR,Narrow gauge,BE,Belgium,2011,0,
TOTAL,Total,NAR,Narrow gauge,BE,Belgium,2012,0,
TOTAL,Total,NAR,Narrow gauge,BE,Belgium,2013,0,
TOTAL,Total,NAR,Narrow gauge,BE,Belgium,2014,0,
TOTAL,Total,NAR,Narrow gauge,BE,Belgium,2015,0,
TOTAL,Total,NAR,Narrow gauge,BE,Belgium,2016,0,
TOTAL,Total,NAR,Narrow gauge,BE,Belgium,2017,0,
TOTAL,Total,NAR,Narrow gauge,BE,Belgium,2018,0,
TOTAL,Total,NAR,Narrow gauge,BE,Belgium,2019,0,
TOTAL,Total,NAR,Narrow gauge,BE,Belgium,2020,0,
TOTAL,Total,NAR,Narrow gauge,BE,Belgium,2021,0,
TOTAL,Total,NAR,Narrow gauge,BE,Belgium,2022,0,
TOTAL,Total,NAR,Narrow gauge,BE,Belgium,2023,0,
TOTAL,Total,NAR,Narrow gauge,BE,Belgium,2024,0,
TOTAL,Total,NAR,Narrow gauge,BG,Bulgaria,1990,245,
TOTAL,Total,NAR,Narrow gauge,BG,Bulgaria,1991,245,
TOTAL,Total,NAR,Narrow gauge,BG,Bulgaria,1992,245,
TOTAL,Total,NAR,Narrow gauge,BG,Bulgaria,1993,245,
TOTAL,Total,NAR,Narrow gauge,BG,Bulgaria,1994,245,
TOTAL,Total,NAR,Narrow gauge,BG,Bulgaria,1995,245,
TOTAL,Total,NAR,Narrow gauge,BG,Bulgaria,1996,245,
TOTAL,Total,NAR,Narrow gauge,BG,Bulgaria,1997,244,
TOTAL,Total,NAR,Narrow gauge,BG,Bulgaria,1998,245,
TOTAL,Total,NAR,Narrow gauge,BG,Bulgaria,1999,245,
TOTAL,Total,NAR,Narrow gauge,BG,Bulgaria,2000,245,
TOTAL,Total,NAR,Narrow gauge,BG,Bulgaria,2001,244.9,
TOTAL,Total,NAR,Narrow gauge,BG,Bulgaria,2002,244.9,
TOTAL,Total,NAR,Narrow gauge,BG,Bulgaria,2003,244.9,
TOTAL,Total,NAR,Narrow gauge,BG,Bulgaria,2004,227.9,
TOTAL,Total,NAR,Narrow gauge,BG,Bulgaria,2005,125,
TOTAL,Total,NAR,Narrow gauge,BG,Bulgaria,2006,125,
TOTAL,Total,NAR,Narrow gauge,BG,Bulgaria,2007,125,
TOTAL,Total,NAR,Narrow gauge,BG,Bulgaria,2008,125,
TOTAL,Total,NAR,Narrow gauge,BG,Bulgaria,2009,125,
TOTAL,Total,NAR,Narrow gauge,BG,Bulgaria,2010,125,
TOTAL,Total,NAR,Narrow gauge,BG,Bulgaria,2011,125,
TOTAL,Total,NAR,Narrow gauge,BG,Bulgaria,2012,125,
TOTAL,Total,NAR,Narrow gauge,BG,Bulgaria,2013,125,
TOTAL,Total,NAR,Narrow gauge,BG,Bulgaria,2014,125,
TOTAL,Total,NAR,Narrow gauge,BG,Bulgaria,2015,125,
TOTAL,Total,NAR,Narrow gauge,BG,Bulgaria,2016,125,
TOTAL,Total,NAR,Narrow gauge,BG,Bulgaria,2017,125,
TOTAL,Total,NAR,Narrow gauge,BG,Bulgaria,2018,125,
TOTAL,Total,NAR,Narrow gauge,BG,Bulgaria,2019,125,
TOTAL,Total,NAR,Narrow gauge,BG,Bulgaria,2020,125,
TOTAL,Total,NAR,Narrow gauge,BG,Bulgaria,2021,125,
TOTAL,Total,NAR,Narrow gauge,BG,Bulgaria,2022,125,
TOTAL,Total,NAR,Narrow gauge,BG,Bulgaria,2023,125,
TOTAL,Total,NAR,Narrow gauge,BG,Bulgaria,2024,125,
TOTAL,Total,NAR,Narrow gauge,CH,Switzerland,1990,1321,i
TOTAL,Total,NAR,Narrow gauge,CH,Switzerland,1991,1321,i
TOTAL,Total,NAR,Narrow gauge,CH,Switzerland,1992,1321,i
TOTAL,Total,NAR,Narrow gauge,CH,Switzerland,1993,1321,i
TOTAL,Total,NAR,Narrow gauge,CH,Switzerland,1994,1321,i
TOTAL,Total,NAR,Narrow gauge,CH,Switzerland,1995,1321,i
TOTAL,Total,NAR,Narrow gauge,CH,Switzerland,1996,1321,i
TOTAL,Total,NAR,Narrow gauge,CH,Switzerland,1997,1321,i
TOTAL,Total,NAR,Narrow gauge,CH,Switzerland,1998,1321,i
TOTAL,Total,NAR,Narrow gauge,CH,Switzerland,1999,1399,
TOTAL,Total,NAR,Narrow gauge,CH,Switzerland,2000,1404,
TOTAL,Total,NAR,Narrow gauge,CH,Switzerland,2001,1389,
TOTAL,Total,NAR,Narrow gauge,CH,Switzerland,2002,1390,
TOTAL,Total,NAR,Narrow gauge,CH,Switzerland,2003,1390,
TOTAL,Total,NAR,Narrow gauge,CH,Switzerland,2004,1379,
TOTAL,Total,NAR,Narrow gauge,CH,Switzerland,2005,1379,
TOTAL,Total,NAR,Narrow gauge,CH,Switzerland,2006,1382,
TOTAL,Total,NAR,Narrow gauge,CH,Switzerland,2007,1384,
TOTAL,Total,NAR,Narrow gauge,CH,Switzerland,2008,1358,i
TOTAL,Total,NAR,Narrow gauge,CH,Switzerland,2009,1358,i
TOTAL,Total,NAR,Narrow gauge,CH,Switzerland,2010,1370,
TOTAL,Total,NAR,Narrow gauge,CH,Switzerland,2011,1358,i
TOTAL,Total,NAR,Narrow gauge,CH,Switzerland,2012,1357,i
TOTAL,Total,NAR,Narrow gauge,CH,Switzerland,2013,1357,i
TOTAL,Total,NAR,Narrow gauge,CH,Switzerland,2014,1357,i
TOTAL,Total,NAR,Narrow gauge,CH,Switzerland,2015,1369,
TOTAL,Total,NAR,Narrow gauge,CH,Switzerland,2016,1367,i
TOTAL,Total,NAR,Narrow gauge,CH,Switzerland,2017,1353,i
TOTAL,Total,NAR,Narrow gauge,CH,Switzerland,2018,1353,i
TOTAL,Total,NAR,Narrow gauge,CH,Switzerland,2019,1380,i
TOTAL,Total,NAR,Narrow gauge,CH,Switzerland,2020,1372.3,
TOTAL,Total,NAR,Narrow gauge,CH,Switzerland,2021,1368,i
TOTAL,Total,NAR,Narrow gauge,CH,Switzerland,2022,1363,i
TOTAL,Total,NAR,Narrow gauge,CH,Switzerland,2023,1376,i
TOTAL,Total,NAR,Narrow gauge,CH,Switzerland,2024,1376,i
TOTAL,Total,NAR,Narrow gauge,CZ,Czechia,1993,96,
TOTAL,Total,NAR,Narrow gauge,CZ,Czechia,1994,94,
TOTAL,Total,NAR,Narrow gauge,CZ,Czechia,1995,94,
TOTAL,Total,NAR,Narrow gauge,CZ,Czechia,1996,94,
TOTAL,Total,NAR,Narrow gauge,CZ,Czechia,1997,94,
TOTAL,Total,NAR,Narrow gauge,CZ,Czechia,1998,94,
TOTAL,Total,NAR,Narrow gauge,CZ,Czechia,1999,102,
TOTAL,Total,NAR,Narrow gauge,CZ,Czechia,2000,102,
TOTAL,Total,NAR,Narrow gauge,CZ,Czechia,2001,102,
TOTAL,Total,NAR,Narrow gauge,CZ,Czechia,2002,102,
TOTAL,Total,NAR,Narrow gauge,CZ,Czechia,2003,102,
TOTAL,Total,NAR,Narrow gauge,CZ,Czechia,2004,101,
TOTAL,Total,NAR,Narrow gauge,CZ,Czechia,2005,102,
TOTAL,Total,NAR,Narrow gauge,CZ,Czechia,2006,102,
TOTAL,Total,NAR,Narrow gauge,CZ,Czechia,2007,102,
TOTAL,Total,NAR,Narrow gauge,CZ,Czechia,2008,102,
TOTAL,Total,NAR,Narrow gauge,CZ,Czechia,2009,102,
TOTAL,Total,NAR,Narrow gauge,CZ,Czechia,2010,102,
TOTAL,Total,NAR,Narrow gauge,CZ,Czechia,2011,102,
TOTAL,Total,NAR,Narrow gauge,CZ,Czechia,2012,102,
TOTAL,Total,NAR,Narrow gauge,CZ,Czechia,2013,102,
TOTAL,Total,NAR,Narrow gauge,CZ,Czechia,2014,102,
TOTAL,Total,NAR,Narrow gauge,CZ,Czechia,2015,99,
TOTAL,Total,NAR,Narrow gauge,CZ,Czechia,2016,99,
TOTAL,Total,NAR,Narrow gauge,CZ,Czechia,2017,100,
TOTAL,Total,NAR,Narrow gauge,CZ,Czechia,2018,102,
TOTAL,Total,NAR,Narrow gauge,CZ,Czechia,2019,102,
TOTAL,Total,NAR,Narrow gauge,CZ,Czechia,2020,102,
TOTAL,Total,NAR,Narrow gauge,CZ,Czechia,2021,102,
TOTAL,Total,NAR,Narrow gauge,CZ,Czechia,2022,102,
TOTAL,Total,NAR,Narrow gauge,CZ,Czechia,2023,102,
TOTAL,Total,NAR,Narrow gauge,CZ,Czechia,2024,102,
TOTAL,Total,NAR,Narrow gauge,DE,Germany,1962,156,
TOTAL,Total,NAR,Narrow gauge,DE,Germany,1992,279,
TOTAL,Total,NAR,Narrow gauge,DE,Germany,1993,147,
TOTAL,Total,NAR,Narrow gauge,DE,Germany,1994,145,
TOTAL,Total,NAR,Narrow gauge,DE,Germany,1998,48,
TOTAL,Total,NAR,Narrow gauge,DE,Germany,1999,49,
TOTAL,Total,NAR,Narrow gauge,DE,Germany,2000,49.94,
TOTAL,Total,NAR,Narrow gauge,DE,Germany,2001,48.6,
TOTAL,Total,NAR,Narrow gauge,DE,Germany,2002,48.6,
TOTAL,Total,NAR,Narrow gauge,DE,Germany,2010,373,i
TOTAL,Total,NAR,Narrow gauge,DE,Germany,2011,373,i
TOTAL,Total,NAR,Narrow gauge,DE,Germany,2012,373,i
TOTAL,Total,NAR,Narrow gauge,DE,Germany,2013,375.109,i
TOTAL,Total,NAR,Narrow gauge,DE,Germany,2014,376.436,i
TOTAL,Total,NAR,Narrow gauge,DE,Germany,2015,380.615,b
TOTAL,Total,NAR,Narrow gauge,DE,Germany,2016,381.807,i
TOTAL,Total,NAR,Narrow gauge,DE,Germany,2017,395.808,i
TOTAL,Total,NAR,Narrow gauge,DE,Germany,2018,395.609,i
TOTAL,Total,NAR,Narrow gauge,DE,Germany,2019,404.168,i
TOTAL,Total,NAR,Narrow gauge,DE,Germany,2020,385.392,i
TOTAL,Total,NAR,Narrow gauge,DE,Germany,2021,384.1,i
TOTAL,Total,NAR,Narrow gauge,DK,Denmark,1990,0,i
TOTAL,Total,NAR,Narrow gauge,DK,Denmark,1991,0,i
TOTAL,Total,NAR,Narrow gauge,DK,Denmark,1992,0,i
TOTAL,Total,NAR,Narrow gauge,DK,Denmark,1993,0,i
TOTAL,Total,NAR,Narrow gauge,DK,Denmark,1994,0,i
TOTAL,Total,NAR,Narrow gauge,DK,Denmark,1995,0,i
TOTAL,Total,NAR,Narrow gauge,DK,Denmark,1996,0,i
TOTAL,Total,NAR,Narrow gauge,DK,Denmark,1997,0,i
TOTAL,Total,NAR,Narrow gauge,DK,Denmark,1998,0,i
TOTAL,Total,NAR,Narrow gauge,DK,Denmark,1999,0,i
TOTAL,Total,NAR,Narrow gauge,DK,Denmark,2000,0,i
TOTAL,Total,NAR,Narrow gauge,DK,Denmark,2001,0,i
TOTAL,Total,NAR,Narrow gauge,DK,Denmark,2002,0,i
TOTAL,Total,NAR,Narrow gauge,DK,Denmark,2003,0,i
TOTAL,Total,NAR,Narrow gauge,DK,Denmark,2004,0,i
TOTAL,Total,NAR,Narrow gauge,DK,Denmark,2005,0,i
TOTAL,Total,NAR,Narrow gauge,DK,Denmark,2006,0,i
TOTAL,Total,NAR,Narrow gauge,DK,Denmark,2007,0,i
TOTAL,Total,NAR,Narrow gauge,DK,Denmark,2008,0,i
TOTAL,Total,NAR,Narrow gauge,DK,Denmark,2009,0,i
TOTAL,Total,NAR,Narrow gauge,DK,Denmark,2010,0,i
TOTAL,Total,NAR,Narrow gauge,DK,Denmark,2011,0,i
TOTAL,Total,NAR,Narrow gauge,DK,Denmark,2012,0,i
TOTAL,Total,NAR,Narrow gauge,DK,Denmark,2013,0,
TOTAL,Total,NAR,Narrow gauge,DK,Denmark,2014,0,
TOTAL,Total,NAR,Narrow gauge,DK,Denmark,2015,0,
TOTAL,Total,NAR,Narrow gauge,DK,Denmark,2016,0,
TOTAL,Total,NAR,Narrow gauge,DK,Denmark,2017,0,
TOTAL,Total,NAR,Narrow gauge,DK,Denmark,2018,0,
TOTAL,Total,NAR,Narrow gauge,DK,Denmark,2019,0,
TOTAL,Total,NAR,Narrow gauge,DK,Denmark,2020,0,
TOTAL,Total,NAR,Narrow gauge,DK,Denmark,2021,0,
TOTAL,Total,NAR,Narrow gauge,DK,Denmark,2022,0,
TOTAL,Total,NAR,Narrow gauge,DK,Denmark,2023,0,
TOTAL,Total,NAR,Narrow gauge,DK,Denmark,2024,0,
TOTAL,Total,NAR,Narrow gauge,EE,Estonia,1990,0,
TOTAL,Total,NAR,Narrow gauge,EE,Estonia,1991,0,
TOTAL,Total,NAR,Narrow gauge,EE,Estonia,1992,0,
TOTAL,Total,NAR,Narrow gauge,EE,Estonia,1993,0,
TOTAL,Total,NAR,Narrow gauge,EE,Estonia,1994,0,
TOTAL,Total,NAR,Narrow gauge,EE,Estonia,1995,0,
TOTAL,Total,NAR,Narrow gauge,EE,Estonia,1996,0,
TOTAL,Total,NAR,Narrow gauge,EE,Estonia,1997,0,
TOTAL,Total,NAR,Narrow gauge,EE,Estonia,1998,0,
TOTAL,Total,NAR,Narrow gauge,EE,Estonia,1999,0,
TOTAL,Total,NAR,Narrow gauge,EE,Estonia,2000,0,
TOTAL,Total,NAR,Narrow gauge,EE,Estonia,2001,0,
TOTAL,Total,NAR,Narrow gauge,EE,Estonia,2002,0,
TOTAL,Total,NAR,Narrow gauge,EE,Estonia,2003,0,
TOTAL,Total,NAR,Narrow gauge,EE,Estonia,2004,0,
TOTAL,Total,NAR,Narrow gauge,EE,Estonia,2005,0,
TOTAL,Total,NAR,Narrow gauge,EE,Estonia,2006,0,
TOTAL,Total,NAR,Narrow gauge,EE,Estonia,2007,0,
TOTAL,Total,NAR,Narrow gauge,EE,Estonia,2008,0,
TOTAL,Total,NAR,Narrow gauge,EE,Estonia,2009,0,
TOTAL,Total,NAR,Narrow gauge,EE,Estonia,2010,0,
TOTAL,Total,NAR,Narrow gauge,EE,Estonia,2011,0,
TOTAL,Total,NAR,Narrow gauge,EE,Estonia,2012,0,
TOTAL,Total,NAR,Narrow gauge,EE,Estonia,2013,0,
TOTAL,Total,NAR,Narrow gauge,EE,Estonia,2014,0,
TOTAL,Total,NAR,Narrow gauge,EE,Estonia,2015,0,
TOTAL,Total,NAR,Narrow gauge,EE,Estonia,2016,0,
TOTAL,Total,NAR,Narrow gauge,EE,Estonia,2017,0,
TOTAL,Total,NAR,Narrow gauge,EE,Estonia,2018,0,
TOTAL,Total,NAR,Narrow gauge,EE,Estonia,2019,0,
TOTAL,Total,NAR,Narrow gauge,EE,Estonia,2020,0,
TOTAL,Total,NAR,Narrow gauge,EE,Estonia,2021,0,
TOTAL,Total,NAR,Narrow gauge,EE,Estonia,2022,0,
TOTAL,Total,NAR,Narrow gauge,EE,Estonia,2023,0,
TOTAL,Total,NAR,Narrow gauge,EE,Estonia,2024,0,
TOTAL,Total,NAR,Narrow gauge,EL,Greece,1990,892,
TOTAL,Total,NAR,Narrow gauge,EL,Greece,1991,892,
TOTAL,Total,NAR,Narrow gauge,EL,Greece,1992,919,
TOTAL,Total,NAR,Narrow gauge,EL,Greece,1993,909,
TOTAL,Total,NAR,Narrow gauge,EL,Greece,1994,909,
TOTAL,Total,NAR,Narrow gauge,EL,Greece,1995,909,
TOTAL,Total,NAR,Narrow gauge,EL,Greece,1996,909,
TOTAL,Total,NAR,Narrow gauge,EL,Greece,1997,938,
TOTAL,Total,NAR,Narrow gauge,EL,Greece,1998,734,
TOTAL,Total,NAR,Narrow gauge,EL,Greece,1999,734,
TOTAL,Total,NAR,Narrow gauge,EL,Greece,2000,734,
TOTAL,Total,NAR,Narrow gauge,EL,Greece,2001,734,
TOTAL,Total,NAR,Narrow gauge,EL,Greece,2002,740,
TOTAL,Total,NAR,Narrow gauge,EL,Greece,2003,758,
TOTAL,Total,NAR,Narrow gauge,EL,Greece,2004,763,
TOTAL,Total,NAR,Narrow gauge,EL,Greece,2005,750,
TOTAL,Total,NAR,Narrow gauge,EL,Greece,2006,751,
TOTAL,Total,NAR,Narrow gauge,EL,Greece,2007,773,
TOTAL,Total,NAR,Narrow gauge,EL,Greece,2008,773,
TOTAL,Total,NAR,Narrow gauge,EL,Greece,2009,772,
TOTAL,Total,NAR,Narrow gauge,EL,Greece,2010,772,
TOTAL,Total,NAR,Narrow gauge,EL,Greece,2011,772,
TOTAL,Total,NAR,Narrow gauge,EL,Greece,2012,772,
TOTAL,Total,NAR,Narrow gauge,EL,Greece,2013,747,
TOTAL,Total,NAR,Narrow gauge,EL,Greece,2014,431,
TOTAL,Total,NAR,Narrow gauge,EL,Greece,2015,431,
TOTAL,Total,NAR,Narrow gauge,EL,Greece,2016,431,
TOTAL,Total,NAR,Narrow gauge,EL,Greece,2017,431,
TOTAL,Total,NAR,Narrow gauge,EL,Greece,2018,431,
TOTAL,Total,NAR,Narrow gauge,EL,Greece,2019,431,
TOTAL,Total,NAR,Narrow gauge,EL,Greece,2020,431,
TOTAL,Total,NAR,Narrow gauge,EL,Greece,2021,419,
TOTAL,Total,NAR,Narrow gauge,EL,Greece,2022,100,
TOTAL,Total,NAR,Narrow gauge,EL,Greece,2023,84,
TOTAL,Total,NAR,Narrow gauge,EL,Greece,2024,100,
TOTAL,Total,NAR,Narrow gauge,ES,Spain,1990,1919,
TOTAL,Total,NAR,Narrow gauge,ES,Spain,1991,1889,
TOTAL,Total,NAR,Narrow gauge,ES,Spain,1992,1859,
TOTAL,Total,NAR,Narrow gauge,ES,Spain,1993,1829,
TOTAL,Total,NAR,Narrow gauge,ES,Spain,1994,1799,
TOTAL,Total,NAR,Narrow gauge,ES,Spain,1995,1769,
TOTAL,Total,NAR,Narrow gauge,ES,Spain,1996,1739,
TOTAL,Total,NAR,Narrow gauge,ES,Spain,1997,1709,
TOTAL,Total,NAR,Narrow gauge,ES,Spain,1998,1679,
TOTAL,Total,NAR,Narrow gauge,ES,Spain,1999,1649,
TOTAL,Total,NAR,Narrow gauge,ES,Spain,2000,1619,
TOTAL,Total,NAR,Narrow gauge,ES,Spain,2001,1582,
TOTAL,Total,NAR,Narrow gauge,ES,Spain,2002,1549,
TOTAL,Total,NAR,Narrow gauge,ES,Spain,2003,1516,
TOTAL,Total,NAR,Narrow gauge,ES,Spain,2004,1483,
TOTAL,Total,NAR,Narrow gauge,ES,Spain,2005,1450,
TOTAL,Total,NAR,Narrow gauge,ES,Spain,2006,1417,
TOTAL,Total,NAR,Narrow gauge,ES,Spain,2007,1384,
TOTAL,Total,NAR,Narrow gauge,ES,Spain,2008,1351,
TOTAL,Total,NAR,Narrow gauge,ES,Spain,2009,1318,
TOTAL,Total,NAR,Narrow gauge,ES,Spain,2010,1285,
TOTAL,Total,NAR,Narrow gauge,ES,Spain,2011,1252,
TOTAL,Total,NAR,Narrow gauge,ES,Spain,2012,1218,
TOTAL,Total,NAR,Narrow gauge,ES,Spain,2013,1207,
TOTAL,Total,NAR,Narrow gauge,ES,Spain,2014,1207,
TOTAL,Total,NAR,Narrow gauge,ES,Spain,2015,1207,
TOTAL,Total,NAR,Narrow gauge,ES,Spain,2016,1912,
TOTAL,Total,NAR,Narrow gauge,ES,Spain,2017,1716,
TOTAL,Total,NAR,Narrow gauge,ES,Spain,2018,1745,
TOTAL,Total,NAR,Narrow gauge,ES,Spain,2019,1671.408,
TOTAL,Total,NAR,Narrow gauge,ES,Spain,2020,1671.408,
TOTAL,Total,NAR,Narrow gauge,ES,Spain,2021,1520.408,
TOTAL,Total,NAR,Narrow gauge,ES,Spain,2022,1520.408,
TOTAL,Total,NAR,Narrow gauge,ES,Spain,2023,1520.408,
TOTAL,Total,NAR,Narrow gauge,ES,Spain,2024,1435.408,
TOTAL,Total,NAR,Narrow gauge,EU27_2020,European Union - 27 countries (from 2020),2010,4048.8,
TOTAL,Total,NAR,Narrow gauge,EU27_2020,European Union - 27 countries (from 2020),2012,3915.5,
TOTAL,Total,NAR,Narrow gauge,EU27_2020,European Union - 27 countries (from 2020),2013,3952.909,
TOTAL,Total,NAR,Narrow gauge,EU27_2020,European Union - 27 countries (from 2020),2014,3472.126,
TOTAL,Total,NAR,Narrow gauge,EU27_2020,European Union - 27 countries (from 2020),2015,3473.115,
TOTAL,Total,NAR,Narrow gauge,EU27_2020,European Union - 27 countries (from 2020),2016,4393.707,
TOTAL,Total,NAR,Narrow gauge,EU27_2020,European Union - 27 countries (from 2020),2017,4140.748,
TOTAL,Total,NAR,Narrow gauge,EU27_2020,European Union - 27 countries (from 2020),2018,4163.549,
TOTAL,Total,NAR,Narrow gauge,EU27_2020,European Union - 27 countries (from 2020),2019,4160.846,
TOTAL,Total,NAR,Narrow gauge,EU27_2020,European Union - 27 countries (from 2020),2020,4188.07,
TOTAL,Total,NAR,Narrow gauge,EU27_2020,European Union - 27 countries (from 2020),2021,4010.776,
TOTAL,Total,NAR,Narrow gauge,EU27_2020,European Union - 27 countries (from 2020),2022,3710.876,
TOTAL,Total,NAR,Narrow gauge,EU27_2020,European Union - 27 countries (from 2020),2023,3384.076,
TOTAL,Total,NAR,Narrow gauge,EU27_2020,European Union - 27 countries (from 2020),2024,3315.208,
TOTAL,Total,NAR,Narrow gauge,FI,Finland,2008,0,
TOTAL,Total,NAR,Narrow gauge,FI,Finland,2009,0,
TOTAL,Total,NAR,Narrow gauge,FI,Finland,2010,0,
TOTAL,Total,NAR,Narrow gauge,FI,Finland,2012,0,
TOTAL,Total,NAR,Narrow gauge,FI,Finland,2013,0,
TOTAL,Total,NAR,Narrow gauge,FI,Finland,2014,0,
TOTAL,Total,NAR,Narrow gauge,FI,Finland,2015,0,b
TOTAL,Total,NAR,Narrow gauge,FI,Finland,2016,0,
TOTAL,Total,NAR,Narrow gauge,FI,Finland,2017,0,
TOTAL,Total,NAR,Narrow gauge,FI,Finland,2018,0,
TOTAL,Total,NAR,Narrow gauge,FI,Finland,2019,0,
TOTAL,Total,NAR,Narrow gauge,FI,Finland,2020,0,
TOTAL,Total,NAR,Narrow gauge,FI,Finland,2021,0,
TOTAL,Total,NAR,Narrow gauge,FI,Finland,2022,0,
TOTAL,Total,NAR,Narrow gauge,FI,Finland,2023,0,
TOTAL,Total,NAR,Narrow gauge,FI,Finland,2024,0,
TOTAL,Total,NAR,Narrow gauge,FR,France,1962,716,
TOTAL,Total,NAR,Narrow gauge,FR,France,1990,581,
TOTAL,Total,NAR,Narrow gauge,FR,France,1991,547,
TOTAL,Total,NAR,Narrow gauge,FR,France,1992,547,
TOTAL,Total,NAR,Narrow gauge,FR,France,1993,547,
TOTAL,Total,NAR,Narrow gauge,FR,France,1994,547,
TOTAL,Total,NAR,Narrow gauge,FR,France,1995,547,
TOTAL,Total,NAR,Narrow gauge,FR,France,1996,547,
TOTAL,Total,NAR,Narrow gauge,FR,France,1997,550,
TOTAL,Total,NAR,Narrow gauge,FR,France,1998,550,
TOTAL,Total,NAR,Narrow gauge,FR,France,1999,552,
TOTAL,Total,NAR,Narrow gauge,FR,France,2000,550,
TOTAL,Total,NAR,Narrow gauge,FR,France,2001,550,
TOTAL,Total,NAR,Narrow gauge,FR,France,2002,550,
TOTAL,Total,NAR,Narrow gauge,FR,France,2003,550,
TOTAL,Total,NAR,Narrow gauge,FR,France,2004,547,
TOTAL,Total,NAR,Narrow gauge,FR,France,2005,547,
TOTAL,Total,NAR,Narrow gauge,FR,France,2006,547,
TOTAL,Total,NAR,Narrow gauge,FR,France,2007,547,
TOTAL,Total,NAR,Narrow gauge,FR,France,2008,548,
TOTAL,Total,NAR,Narrow gauge,FR,France,2009,549,
TOTAL,Total,NAR,Narrow gauge,FR,France,2010,549,
TOTAL,Total,NAR,Narrow gauge,FR,France,2011,549,
TOTAL,Total,NAR,Narrow gauge,FR,France,2012,549,
TOTAL,Total,NAR,Narrow gauge,FR,France,2013,549,
TOTAL,Total,NAR,Narrow gauge,FR,France,2014,549,
TOTAL,Total,NAR,Narrow gauge,FR,France,2015,549,
TOTAL,Total,NAR,Narrow gauge,FR,France,2016,549,
TOTAL,Total,NAR,Narrow gauge,FR,France,2017,549,
TOTAL,Total,NAR,Narrow gauge,FR,France,2018,549,
TOTAL,Total,NAR,Narrow gauge,FR,France,2019,549,
TOTAL,Total,NAR,Narrow gauge,FR,France,2020,549,
TOTAL,Total,NAR,Narrow gauge,FR,France,2021,549,
TOTAL,Total,NAR,Narrow gauge,FR,France,2022,549,
TOTAL,Total,NAR,Narrow gauge,FR,France,2023,549,
TOTAL,Total,NAR,Narrow gauge,FR,France,2024,549,
TOTAL,Total,NAR,Narrow gauge,GE,Georgia,1995,37,
TOTAL,Total,NAR,Narrow gauge,GE,Georgia,1996,37,
TOTAL,Total,NAR,Narrow gauge,GE,Georgia,1997,37,
TOTAL,Total,NAR,Narrow gauge,GE,Georgia,1998,37,
TOTAL,Total,NAR,Narrow gauge,GE,Georgia,1999,37,
TOTAL,Total,NAR,Narrow gauge,GE,Georgia,2012,37.4,
TOTAL,Total,NAR,Narrow gauge,GE,Georgia,2013,37.4,
TOTAL,Total,NAR,Narrow gauge,GE,Georgia,2014,37.4,
TOTAL,Total,NAR,Narrow gauge,GE,Georgia,2015,37.4,
TOTAL,Total,NAR,Narrow gauge,GE,Georgia,2016,37.4,
TOTAL,Total,NAR,Narrow gauge,GE,Georgia,2017,37.4,
TOTAL,Total,NAR,Narrow gauge,GE,Georgia,2018,37.4,
TOTAL,Total,NAR,Narrow gauge,GE,Georgia,2019,37.4,
TOTAL,Total,NAR,Narrow gauge,GE,Georgia,2020,0,
TOTAL,Total,NAR,Narrow gauge,GE,Georgia,2021,0,
TOTAL,Total,NAR,Narrow gauge,GE,Georgia,2022,0,
TOTAL,Total,NAR,Narrow gauge,GE,Georgia,2023,0,
TOTAL,Total,NAR,Narrow gauge,GE,Georgia,2024,0,
TOTAL,Total,NAR,Narrow gauge,HR,Croatia,2008,0,
TOTAL,Total,NAR,Narrow gauge,HR,Croatia,2009,0,
TOTAL,Total,NAR,Narrow gauge,HR,Croatia,2010,0,
TOTAL,Total,NAR,Narrow gauge,HR,Croatia,2011,0,
TOTAL,Total,NAR,Narrow gauge,HR,Croatia,2012,0,
TOTAL,Total,NAR,Narrow gauge,HR,Croatia,2013,0,
TOTAL,Total,NAR,Narrow gauge,HR,Croatia,2014,0,
TOTAL,Total,NAR,Narrow gauge,HR,Croatia,2015,0,
TOTAL,Total,NAR,Narrow gauge,HR,Croatia,2016,0,
TOTAL,Total,NAR,Narrow gauge,HR,Croatia,2017,0,
TOTAL,Total,NAR,Narrow gauge,HR,Croatia,2018,0,
TOTAL,Total,NAR,Narrow gauge,HR,Croatia,2019,0,
TOTAL,Total,NAR,Narrow gauge,HR,Croatia,2020,0,
TOTAL,Total,NAR,Narrow gauge,HR,Croatia,2021,0,
TOTAL,Total,NAR,Narrow gauge,HR,Croatia,2022,0,
TOTAL,Total,NAR,Narrow gauge,HR,Croatia,2023,0,
TOTAL,Total,NAR,Narrow gauge,HR,Croatia,2024,0,
TOTAL,Total,NAR,Narrow gauge,HU,Hungary,1990,226,
TOTAL,Total,NAR,Narrow gauge,HU,Hungary,1991,222,
TOTAL,Total,NAR,Narrow gauge,HU,Hungary,1992,176,
TOTAL,Total,NAR,Narrow gauge,HU,Hungary,1993,176,
TOTAL,Total,NAR,Narrow gauge,HU,Hungary,1994,176,
TOTAL,Total,NAR,Narrow gauge,HU,Hungary,1995,176,
TOTAL,Total,NAR,Narrow gauge,HU,Hungary,1996,176,
TOTAL,Total,NAR,Narrow gauge,HU,Hungary,1997,176,
TOTAL,Total,NAR,Narrow gauge,HU,Hungary,1998,212,
TOTAL,Total,NAR,Narrow gauge,HU,Hungary,1999,212,
TOTAL,Total,NAR,Narrow gauge,HU,Hungary,2000,212,
TOTAL,Total,NAR,Narrow gauge,HU,Hungary,2001,212,
TOTAL,Total,NAR,Narrow gauge,HU,Hungary,2002,212,
TOTAL,Total,NAR,Narrow gauge,HU,Hungary,2003,212,
TOTAL,Total,NAR,Narrow gauge,HU,Hungary,2004,212,
TOTAL,Total,NAR,Narrow gauge,HU,Hungary,2005,212,
TOTAL,Total,NAR,Narrow gauge,HU,Hungary,2006,213,
TOTAL,Total,NAR,Narrow gauge,HU,Hungary,2007,194,
TOTAL,Total,NAR,Narrow gauge,HU,Hungary,2008,194,
TOTAL,Total,NAR,Narrow gauge,HU,Hungary,2009,277,
TOTAL,Total,NAR,Narrow gauge,HU,Hungary,2010,40,
TOTAL,Total,NAR,Narrow gauge,HU,Hungary,2011,88.1,
TOTAL,Total,NAR,Narrow gauge,HU,Hungary,2012,88.1,
TOTAL,Total,NAR,Narrow gauge,HU,Hungary,2013,205.5,
TOTAL,Total,NAR,Narrow gauge,HU,Hungary,2014,111.19,
TOTAL,Total,NAR,Narrow gauge,HU,Hungary,2015,111,
TOTAL,Total,NAR,Narrow gauge,HU,Hungary,2016,336,
TOTAL,Total,NAR,Narrow gauge,HU,Hungary,2017,264,
TOTAL,Total,NAR,Narrow gauge,HU,Hungary,2018,254,
TOTAL,Total,NAR,Narrow gauge,HU,Hungary,2019,263,
TOTAL,Total,NAR,Narrow gauge,HU,Hungary,2020,309,
TOTAL,Total,NAR,Narrow gauge,HU,Hungary,2021,294,
TOTAL,Total,NAR,Narrow gauge,HU,Hungary,2022,312,
TOTAL,Total,NAR,Narrow gauge,HU,Hungary,2023,0,
TOTAL,Total,NAR,Narrow gauge,HU,Hungary,2024,0,
TOTAL,Total,NAR,Narrow gauge,IE,Ireland,1990,0,
TOTAL,Total,NAR,Narrow gauge,IE,Ireland,1991,0,
TOTAL,Total,NAR,Narrow gauge,IE,Ireland,1992,0,
TOTAL,Total,NAR,Narrow gauge,IE,Ireland,1993,0,
TOTAL,Total,NAR,Narrow gauge,IE,Ireland,1994,0,
TOTAL,Total,NAR,Narrow gauge,IE,Ireland,1995,0,
TOTAL,Total,NAR,Narrow gauge,IE,Ireland,1996,0,
TOTAL,Total,NAR,Narrow gauge,IE,Ireland,1997,0,
TOTAL,Total,NAR,Narrow gauge,IE,Ireland,1998,0,
TOTAL,Total,NAR,Narrow gauge,IE,Ireland,1999,0,
TOTAL,Total,NAR,Narrow gauge,IE,Ireland,2000,0,
TOTAL,Total,NAR,Narrow gauge,IE,Ireland,2001,0,
TOTAL,Total,NAR,Narrow gauge,IE,Ireland,2002,0,
TOTAL,Total,NAR,Narrow gauge,IE,Ireland,2003,0,
TOTAL,Total,NAR,Narrow gauge,IE,Ireland,2004,0,
TOTAL,Total,NAR,Narrow gauge,IE,Ireland,2005,0,
TOTAL,Total,NAR,Narrow gauge,IE,Ireland,2006,0,
TOTAL,Total,NAR,Narrow gauge,IE,Ireland,2007,0,
TOTAL,Total,NAR,Narrow gauge,IE,Ireland,2008,0,
TOTAL,Total,NAR,Narrow gauge,IE,Ireland,2009,0,
TOTAL,Total,NAR,Narrow gauge,IE,Ireland,2010,0,
TOTAL,Total,NAR,Narrow gauge,IE,Ireland,2011,0,
TOTAL,Total,NAR,Narrow gauge,IE,Ireland,2012,0,
TOTAL,Total,NAR,Narrow gauge,IE,Ireland,2013,0,
TOTAL,Total,NAR,Narrow gauge,IE,Ireland,2014,0,
TOTAL,Total,NAR,Narrow gauge,IE,Ireland,2015,0,
TOTAL,Total,NAR,Narrow gauge,IE,Ireland,2016,0,
TOTAL,Total,NAR,Narrow gauge,IE,Ireland,2017,0,
TOTAL,Total,NAR,Narrow gauge,IE,Ireland,2018,0,
TOTAL,Total,NAR,Narrow gauge,IE,Ireland,2019,0,
TOTAL,Total,NAR,Narrow gauge,IE,Ireland,2020,0,
TOTAL,Total,NAR,Narrow gauge,IE,Ireland,2021,0,
TOTAL,Total,NAR,Narrow gauge,IE,Ireland,2022,0,
TOTAL,Total,NAR,Narrow gauge,IE,Ireland,2023,0,i
TOTAL,Total,NAR,Narrow gauge,IE,Ireland,2024,0,
TOTAL,Total,NAR,Narrow gauge,IT,Italy,1962,235,
TOTAL,Total,NAR,Narrow gauge,IT,Italy,1990,0,
TOTAL,Total,NAR,Narrow gauge,IT,Italy,1991,0,
TOTAL,Total,NAR,Narrow gauge,IT,Italy,1992,0,
TOTAL,Total,NAR,Narrow gauge,IT,Italy,1993,0,
TOTAL,Total,NAR,Narrow gauge,IT,Italy,1994,0,
TOTAL,Total,NAR,Narrow gauge,IT,Italy,1995,0,
TOTAL,Total,NAR,Narrow gauge,IT,Italy,1996,0,
TOTAL,Total,NAR,Narrow gauge,IT,Italy,1997,0,
TOTAL,Total,NAR,Narrow gauge,IT,Italy,1998,0,
TOTAL,Total,NAR,Narrow gauge,IT,Italy,1999,0,
TOTAL,Total,NAR,Narrow gauge,IT,Italy,2000,0,
TOTAL,Total,NAR,Narrow gauge,IT,Italy,2001,0,
TOTAL,Total,NAR,Narrow gauge,IT,Italy,2002,0,
TOTAL,Total,NAR,Narrow gauge,IT,Italy,2003,0,
TOTAL,Total,NAR,Narrow gauge,IT,Italy,2004,0,
TOTAL,Total,NAR,Narrow gauge,IT,Italy,2005,0,
TOTAL,Total,NAR,Narrow gauge,IT,Italy,2006,0,
TOTAL,Total,NAR,Narrow gauge,IT,Italy,2007,0,
TOTAL,Total,NAR,Narrow gauge,IT,Italy,2008,0,
TOTAL,Total,NAR,Narrow gauge,IT,Italy,2009,0,
TOTAL,Total,NAR,Narrow gauge,IT,Italy,2010,0,
TOTAL,Total,NAR,Narrow gauge,IT,Italy,2011,0,
TOTAL,Total,NAR,Narrow gauge,IT,Italy,2012,0,
TOTAL,Total,NAR,Narrow gauge,IT,Italy,2013,0,
TOTAL,Total,NAR,Narrow gauge,IT,Italy,2014,0,
TOTAL,Total,NAR,Narrow gauge,IT,Italy,2015,0,
TOTAL,Total,NAR,Narrow gauge,IT,Italy,2016,0,
TOTAL,Total,NAR,Narrow gauge,IT,Italy,2017,0,
TOTAL,Total,NAR,Narrow gauge,IT,Italy,2018,0,
TOTAL,Total,NAR,Narrow gauge,IT,Italy,2019,0,
TOTAL,Total,NAR,Narrow gauge,IT,Italy,2020,0,
TOTAL,Total,NAR,Narrow gauge,IT,Italy,2021,0,
TOTAL,Total,NAR,Narrow gauge,IT,Italy,2022,0,
TOTAL,Total,NAR,Narrow gauge,IT,Italy,2023,0,
TOTAL,Total,NAR,Narrow gauge,IT,Italy,2024,0,
TOTAL,Total,NAR,Narrow gauge,LI,Liechtenstein,2013,0,
TOTAL,Total,NAR,Narrow gauge,LI,Liechtenstein,2014,0,
TOTAL,Total,NAR,Narrow gauge,LI,Liechtenstein,2015,0,
TOTAL,Total,NAR,Narrow gauge,LI,Liechtenstein,2016,0,
TOTAL,Total,NAR,Narrow gauge,LI,Liechtenstein,2017,0,
TOTAL,Total,NAR,Narrow gauge,LI,Liechtenstein,2018,0,
TOTAL,Total,NAR,Narrow gauge,LI,Liechtenstein,2019,0,
TOTAL,Total,NAR,Narrow gauge,LI,Liechtenstein,2020,0,
TOTAL,Total,NAR,Narrow gauge,LI,Liechtenstein,2021,0,
TOTAL,Total,NAR,Narrow gauge,LI,Liechtenstein,2022,0,
TOTAL,Total,NAR,Narrow gauge,LI,Liechtenstein,2023,0,
TOTAL,Total,NAR,Narrow gauge,LI,Liechtenstein,2024,0,
TOTAL,Total,NAR,Narrow gauge,LT,Lithuania,1992,168.8,
TOTAL,Total,NAR,Narrow gauge,LT,Lithuania,1993,168.8,
TOTAL,Total,NAR,Narrow gauge,LT,Lithuania,1994,168.8,
TOTAL,Total,NAR,Narrow gauge,LT,Lithuania,1995,168.8,
TOTAL,Total,NAR,Narrow gauge,LT,Lithuania,1996,168.8,
TOTAL,Total,NAR,Narrow gauge,LT,Lithuania,1997,168.8,
TOTAL,Total,NAR,Narrow gauge,LT,Lithuania,1998,169,
TOTAL,Total,NAR,Narrow gauge,LT,Lithuania,1999,76,
TOTAL,Total,NAR,Narrow gauge,LT,Lithuania,2000,71,
TOTAL,Total,NAR,Narrow gauge,LT,Lithuania,2001,0,
TOTAL,Total,NAR,Narrow gauge,LT,Lithuania,2002,0,
TOTAL,Total,NAR,Narrow gauge,LT,Lithuania,2004,0,
TOTAL,Total,NAR,Narrow gauge,LT,Lithuania,2005,0,
TOTAL,Total,NAR,Narrow gauge,LT,Lithuania,2006,0,
TOTAL,Total,NAR,Narrow gauge,LT,Lithuania,2007,0,
TOTAL,Total,NAR,Narrow gauge,LT,Lithuania,2008,0,
TOTAL,Total,NAR,Narrow gauge,LT,Lithuania,2009,0,
TOTAL,Total,NAR,Narrow gauge,LT,Lithuania,2010,0,
TOTAL,Total,NAR,Narrow gauge,LT,Lithuania,2011,0,
TOTAL,Total,NAR,Narrow gauge,LT,Lithuania,2012,0,
TOTAL,Total,NAR,Narrow gauge,LT,Lithuania,2013,0,
TOTAL,Total,NAR,Narrow gauge,LT,Lithuania,2014,0,
TOTAL,Total,NAR,Narrow gauge,LT,Lithuania,2015,0,
TOTAL,Total,NAR,Narrow gauge,LT,Lithuania,2016,0,
TOTAL,Total,NAR,Narrow gauge,LT,Lithuania,2017,0,
TOTAL,Total,NAR,Narrow gauge,LT,Lithuania,2018,0,
TOTAL,Total,NAR,Narrow gauge,LT,Lithuania,2019,0,
TOTAL,Total,NAR,Narrow gauge,LT,Lithuania,2020,0,
TOTAL,Total,NAR,Narrow gauge,LT,Lithuania,2021,0,
TOTAL,Total,NAR,Narrow gauge,LT,Lithuania,2022,0,
TOTAL,Total,NAR,Narrow gauge,LT,Lithuania,2023,0,
TOTAL,Total,NAR,Narrow gauge,LT,Lithuania,2024,0,
TOTAL,Total,NAR,Narrow gauge,LU,Luxembourg,1962,0,
TOTAL,Total,NAR,Narrow gauge,LU,Luxembourg,1990,0,
TOTAL,Total,NAR,Narrow gauge,LU,Luxembourg,1991,0,
TOTAL,Total,NAR,Narrow gauge,LU,Luxembourg,1992,0,
TOTAL,Total,NAR,Narrow gauge,LU,Luxembourg,1993,0,
TOTAL,Total,NAR,Narrow gauge,LU,Luxembourg,1994,0,
TOTAL,Total,NAR,Narrow gauge,LU,Luxembourg,1995,0,
TOTAL,Total,NAR,Narrow gauge,LU,Luxembourg,1996,0,
TOTAL,Total,NAR,Narrow gauge,LU,Luxembourg,1997,0,
TOTAL,Total,NAR,Narrow gauge,LU,Luxembourg,1998,0,
TOTAL,Total,NAR,Narrow gauge,LU,Luxembourg,1999,0,
TOTAL,Total,NAR,Narrow gauge,LU,Luxembourg,2000,0,
TOTAL,Total,NAR,Narrow gauge,LU,Luxembourg,2001,0,
TOTAL,Total,NAR,Narrow gauge,LU,Luxembourg,2002,0,
TOTAL,Total,NAR,Narrow gauge,LU,Luxembourg,2003,0,
TOTAL,Total,NAR,Narrow gauge,LU,Luxembourg,2004,0,
TOTAL,Total,NAR,Narrow gauge,LU,Luxembourg,2005,0,
TOTAL,Total,NAR,Narrow gauge,LU,Luxembourg,2006,0,
TOTAL,Total,NAR,Narrow gauge,LU,Luxembourg,2007,0,
TOTAL,Total,NAR,Narrow gauge,LU,Luxembourg,2008,0,
TOTAL,Total,NAR,Narrow gauge,LU,Luxembourg,2009,0,
TOTAL,Total,NAR,Narrow gauge,LU,Luxembourg,2010,0,
TOTAL,Total,NAR,Narrow gauge,LU,Luxembourg,2011,0,
TOTAL,Total,NAR,Narrow gauge,LU,Luxembourg,2012,0,
TOTAL,Total,NAR,Narrow gauge,LU,Luxembourg,2013,0,
TOTAL,Total,NAR,Narrow gauge,LU,Luxembourg,2014,0,
TOTAL,Total,NAR,Narrow gauge,LU,Luxembourg,2015,0,
TOTAL,Total,NAR,Narrow gauge,LU,Luxembourg,2016,0,
TOTAL,Total,NAR,Narrow gauge,LU,Luxembourg,2017,0,
TOTAL,Total,NAR,Narrow gauge,LU,Luxembourg,2018,0,
TOTAL,Total,NAR,Narrow gauge,LU,Luxembourg,2019,0,
TOTAL,Total,NAR,Narrow gauge,LU,Luxembourg,2020,0,
TOTAL,Total,NAR,Narrow gauge,LU,Luxembourg,2021,0,
TOTAL,Total,NAR,Narrow gauge,LU,Luxembourg,2022,0,
TOTAL,Total,NAR,Narrow gauge,LU,Luxembourg,2023,0,
TOTAL,Total,NAR,Narrow gauge,LU,Luxembourg,2024,0,
TOTAL,Total,NAR,Narrow gauge,LV,Latvia,1990,33,
TOTAL,Total,NAR,Narrow gauge,LV,Latvia,1991,33,
TOTAL,Total,NAR,Narrow gauge,LV,Latvia,1992,33,
TOTAL,Total,NAR,Narrow gauge,LV,Latvia,1993,33,
TOTAL,Total,NAR,Narrow gauge,LV,Latvia,1994,33,
TOTAL,Total,NAR,Narrow gauge,LV,Latvia,1995,33,
TOTAL,Total,NAR,Narrow gauge,LV,Latvia,1996,33,
TOTAL,Total,NAR,Narrow gauge,LV,Latvia,1997,33,
TOTAL,Total,NAR,Narrow gauge,LV,Latvia,1998,33,
TOTAL,Total,NAR,Narrow gauge,LV,Latvia,1999,33,
TOTAL,Total,NAR,Narrow gauge,LV,Latvia,2000,33,
TOTAL,Total,NAR,Narrow gauge,LV,Latvia,2001,33,
TOTAL,Total,NAR,Narrow gauge,LV,Latvia,2002,33,
TOTAL,Total,NAR,Narrow gauge,LV,Latvia,2003,33,
TOTAL,Total,NAR,Narrow gauge,LV,Latvia,2004,33,
TOTAL,Total,NAR,Narrow gauge,LV,Latvia,2005,33,
TOTAL,Total,NAR,Narrow gauge,LV,Latvia,2006,33,
TOTAL,Total,NAR,Narrow gauge,LV,Latvia,2007,33,
TOTAL,Total,NAR,Narrow gauge,LV,Latvia,2008,33,
TOTAL,Total,NAR,Narrow gauge,LV,Latvia,2009,33,
TOTAL,Total,NAR,Narrow gauge,LV,Latvia,2010,33,
TOTAL,Total,NAR,Narrow gauge,LV,Latvia,2011,33,
TOTAL,Total,NAR,Narrow gauge,LV,Latvia,2012,33,
TOTAL,Total,NAR,Narrow gauge,LV,Latvia,2013,33,
TOTAL,Total,NAR,Narrow gauge,LV,Latvia,2014,33,
TOTAL,Total,NAR,Narrow gauge,LV,Latvia,2015,33,
TOTAL,Total,NAR,Narrow gauge,LV,Latvia,2016,33.4,
TOTAL,Total,NAR,Narrow gauge,LV,Latvia,2017,33.4,
TOTAL,Total,NAR,Narrow gauge,LV,Latvia,2018,33.4,
TOTAL,Total,NAR,Narrow gauge,LV,Latvia,2019,33.4,
TOTAL,Total,NAR,Narrow gauge,LV,Latvia,2020,33.4,
TOTAL,Total,NAR,Narrow gauge,LV,Latvia,2021,33.4,
TOTAL,Total,NAR,Narrow gauge,LV,Latvia,2022,33.4,
TOTAL,Total,NAR,Narrow gauge,LV,Latvia,2023,32.8,
TOTAL,Total,NAR,Narrow gauge,LV,Latvia,2024,32.8,
TOTAL,Total,NAR,Narrow gauge,MD,Moldova,1992,0,
TOTAL,Total,NAR,Narrow gauge,MD,Moldova,1993,0,
TOTAL,Total,NAR,Narrow gauge,MD,Moldova,1994,0,
TOTAL,Total,NAR,Narrow gauge,MD,Moldova,1995,0,
TOTAL,Total,NAR,Narrow gauge,MD,Moldova,1996,0,
TOTAL,Total,NAR,Narrow gauge,MD,Moldova,1997,0,
TOTAL,Total,NAR,Narrow gauge,MD,Moldova,1998,0,
TOTAL,Total,NAR,Narrow gauge,MD,Moldova,1999,0,
TOTAL,Total,NAR,Narrow gauge,MD,Moldova,2000,0,
TOTAL,Total,NAR,Narrow gauge,MD,Moldova,2001,0,
TOTAL,Total,NAR,Narrow gauge,MD,Moldova,2002,0,
TOTAL,Total,NAR,Narrow gauge,MD,Moldova,2004,0,
TOTAL,Total,NAR,Narrow gauge,ME,Montenegro,2011,0,
TOTAL,Total,NAR,Narrow gauge,ME,Montenegro,2012,0,
TOTAL,Total,NAR,Narrow gauge,ME,Montenegro,2013,0,
TOTAL,Total,NAR,Narrow gauge,ME,Montenegro,2014,0,
TOTAL,Total,NAR,Narrow gauge,ME,Montenegro,2015,0,
TOTAL,Total,NAR,Narrow gauge,ME,Montenegro,2016,0,
TOTAL,Total,NAR,Narrow gauge,ME,Montenegro,2017,0,
TOTAL,Total,NAR,Narrow gauge,ME,Montenegro,2018,0,
TOTAL,Total,NAR,Narrow gauge,ME,Montenegro,2020,0,
TOTAL,Total,NAR,Narrow gauge,ME,Montenegro,2021,0,
TOTAL,Total,NAR,Narrow gauge,ME,Montenegro,2022,0,
TOTAL,Total,NAR,Narrow gauge,ME,Montenegro,2023,0,
TOTAL,Total,NAR,Narrow gauge,ME,Montenegro,2024,0,
TOTAL,Total,NAR,Narrow gauge,MK,North Macedonia,1990,0,
TOTAL,Total,NAR,Narrow gauge,MK,North Macedonia,1992,0,
TOTAL,Total,NAR,Narrow gauge,MK,North Macedonia,1993,0,
TOTAL,Total,NAR,Narrow gauge,MK,North Macedonia,1994,0,
TOTAL,Total,NAR,Narrow gauge,MK,North Macedonia,1995,0,
TOTAL,Total,NAR,Narrow gauge,MK,North Macedonia,1996,0,
TOTAL,Total,NAR,Narrow gauge,MK,North Macedonia,1997,0,
TOTAL,Total,NAR,Narrow gauge,MK,North Macedonia,1998,0,
TOTAL,Total,NAR,Narrow gauge,MK,North Macedonia,1999,0,
TOTAL,Total,NAR,Narrow gauge,MK,North Macedonia,2000,0,
TOTAL,Total,NAR,Narrow gauge,MK,North Macedonia,2001,0,
TOTAL,Total,NAR,Narrow gauge,MK,North Macedonia,2002,0,
TOTAL,Total,NAR,Narrow gauge,MK,North Macedonia,2004,0,
TOTAL,Total,NAR,Narrow gauge,MK,North Macedonia,2008,0,
TOTAL,Total,NAR,Narrow gauge,MK,North Macedonia,2009,0,
TOTAL,Total,NAR,Narrow gauge,MK,North Macedonia,2010,0,
TOTAL,Total,NAR,Narrow gauge,MK,North Macedonia,2011,0,
TOTAL,Total,NAR,Narrow gauge,MK,North Macedonia,2012,0,
TOTAL,Total,NAR,Narrow gauge,MK,North Macedonia,2013,0,
TOTAL,Total,NAR,Narrow gauge,MK,North Macedonia,2014,0,
TOTAL,Total,NAR,Narrow gauge,MK,North Macedonia,2015,0,
TOTAL,Total,NAR,Narrow gauge,MK,North Macedonia,2016,0,
TOTAL,Total,NAR,Narrow gauge,MK,North Macedonia,2017,0,
TOTAL,Total,NAR,Narrow gauge,MK,North Macedonia,2018,0,
TOTAL,Total,NAR,Narrow gauge,MK,North Macedonia,2019,0,
TOTAL,Total,NAR,Narrow gauge,MK,North Macedonia,2020,0,
TOTAL,Total,NAR,Narrow gauge,MK,North Macedonia,2021,0,
TOTAL,Total,NAR,Narrow gauge,MK,North Macedonia,2022,0,
TOTAL,Total,NAR,Narrow gauge,MK,North Macedonia,2023,0,
TOTAL,Total,NAR,Narrow gauge,MK,North Macedonia,2024,0,
TOTAL,Total,NAR,Narrow gauge,NL,Netherlands,1962,0,
TOTAL,Total,NAR,Narrow gauge,NL,Netherlands,1990,0,i
TOTAL,Total,NAR,Narrow gauge,NL,Netherlands,1991,0,i
TOTAL,Total,NAR,Narrow gauge,NL,Netherlands,1992,0,i
TOTAL,Total,NAR,Narrow gauge,NL,Netherlands,1993,0,i
TOTAL,Total,NAR,Narrow gauge,NL,Netherlands,1994,0,i
TOTAL,Total,NAR,Narrow gauge,NL,Netherlands,1995,0,i
TOTAL,Total,NAR,Narrow gauge,NL,Netherlands,1996,0,i
TOTAL,Total,NAR,Narrow gauge,NL,Netherlands,1997,0,i
TOTAL,Total,NAR,Narrow gauge,NL,Netherlands,1998,0,i
TOTAL,Total,NAR,Narrow gauge,NL,Netherlands,1999,0,i
TOTAL,Total,NAR,Narrow gauge,NL,Netherlands,2000,0,i
TOTAL,Total,NAR,Narrow gauge,NL,Netherlands,2001,0,i
TOTAL,Total,NAR,Narrow gauge,NL,Netherlands,2002,0,i
TOTAL,Total,NAR,Narrow gauge,NL,Netherlands,2003,0,i
TOTAL,Total,NAR,Narrow gauge,NL,Netherlands,2004,0,i
TOTAL,Total,NAR,Narrow gauge,NL,Netherlands,2005,0,i
TOTAL,Total,NAR,Narrow gauge,NL,Netherlands,2006,0,i
TOTAL,Total,NAR,Narrow gauge,NL,Netherlands,2007,0,i
TOTAL,Total,NAR,Narrow gauge,NL,Netherlands,2008,0,
TOTAL,Total,NAR,Narrow gauge,NL,Netherlands,2009,0,
TOTAL,Total,NAR,Narrow gauge,NL,Netherlands,2010,0,
TOTAL,Total,NAR,Narrow gauge,NL,Netherlands,2011,0,
TOTAL,Total,NAR,Narrow gauge,NL,Netherlands,2012,0,
TOTAL,Total,NAR,Narrow gauge,NL,Netherlands,2013,0,
TOTAL,Total,NAR,Narrow gauge,NL,Netherlands,2014,0,
TOTAL,Total,NAR,Narrow gauge,NL,Netherlands,2015,0,
TOTAL,Total,NAR,Narrow gauge,NL,Netherlands,2016,0,
TOTAL,Total,NAR,Narrow gauge,NL,Netherlands,2017,0,
TOTAL,Total,NAR,Narrow gauge,NL,Netherlands,2018,0,
TOTAL,Total,NAR,Narrow gauge,NL,Netherlands,2019,0,
TOTAL,Total,NAR,Narrow gauge,NL,Netherlands,2020,0,
TOTAL,Total,NAR,Narrow gauge,NL,Netherlands,2021,0,
TOTAL,Total,NAR,Narrow gauge,NL,Netherlands,2022,0,
TOTAL,Total,NAR,Narrow gauge,NL,Netherlands,2023,0,
TOTAL,Total,NAR,Narrow gauge,NL,Netherlands,2024,0,
TOTAL,Total,NAR,Narrow gauge,NO,Norway,1995,0,
TOTAL,Total,NAR,Narrow gauge,NO,Norway,1996,0,
TOTAL,Total,NAR,Narrow gauge,NO,Norway,1998,0,
TOTAL,Total,NAR,Narrow gauge,NO,Norway,1999,0,
TOTAL,Total,NAR,Narrow gauge,NO,Norway,2004,0,
TOTAL,Total,NAR,Narrow gauge,NO,Norway,2005,0,
TOTAL,Total,NAR,Narrow gauge,NO,Norway,2006,0,n
TOTAL,Total,NAR,Narrow gauge,NO,Norway,2007,0,n
TOTAL,Total,NAR,Narrow gauge,NO,Norway,2008,0,
TOTAL,Total,NAR,Narrow gauge,NO,Norway,2009,0,
TOTAL,Total,NAR,Narrow gauge,NO,Norway,2010,0,
TOTAL,Total,NAR,Narrow gauge,NO,Norway,2011,0,
TOTAL,Total,NAR,Narrow gauge,NO,Norway,2012,0,
TOTAL,Total,NAR,Narrow gauge,NO,Norway,2013,0,
TOTAL,Total,NAR,Narrow gauge,NO,Norway,2014,0,
TOTAL,Total,NAR,Narrow gauge,NO,Norway,2015,0,
TOTAL,Total,NAR,Narrow gauge,NO,Norway,2016,0,
TOTAL,Total,NAR,Narrow gauge,NO,Norway,2017,0,
TOTAL,Total,NAR,Narrow gauge,NO,Norway,2018,0,
TOTAL,Total,NAR,Narrow gauge,NO,Norway,2019,0,
TOTAL,Total,NAR,Narrow gauge,NO,Norway,2020,0,
TOTAL,Total,NAR,Narrow gauge,NO,Norway,2021,0,
TOTAL,Total,NAR,Narrow gauge,NO,Norway,2022,0,
TOTAL,Total,NAR,Narrow gauge,NO,Norway,2023,0,
TOTAL,Total,NAR,Narrow gauge,NO,Norway,2024,0,
TOTAL,Total,NAR,Narrow gauge,PL,Poland,1990,2235,
TOTAL,Total,NAR,Narrow gauge,PL,Poland,1991,1996,
TOTAL,Total,NAR,Narrow gauge,PL,Poland,1992,1855,
TOTAL,Total,NAR,Narrow gauge,PL,Poland,1993,1614,
TOTAL,Total,NAR,Narrow gauge,PL,Poland,1994,1418,
TOTAL,Total,NAR,Narrow gauge,PL,Poland,1995,1388,
TOTAL,Total,NAR,Narrow gauge,PL,Poland,1996,1135,
TOTAL,Total,NAR,Narrow gauge,PL,Poland,1997,1135,
TOTAL,Total,NAR,Narrow gauge,PL,Poland,1998,1097,
TOTAL,Total,NAR,Narrow gauge,PL,Poland,1999,985,
TOTAL,Total,NAR,Narrow gauge,PL,Poland,2000,985,
TOTAL,Total,NAR,Narrow gauge,PL,Poland,2001,985,
TOTAL,Total,NAR,Narrow gauge,PL,Poland,2002,344,
TOTAL,Total,NAR,Narrow gauge,PL,Poland,2003,344,i
TOTAL,Total,NAR,Narrow gauge,PL,Poland,2004,344,
TOTAL,Total,NAR,Narrow gauge,PL,Poland,2005,410,
TOTAL,Total,NAR,Narrow gauge,PL,Poland,2006,413,
TOTAL,Total,NAR,Narrow gauge,PL,Poland,2007,310,
TOTAL,Total,NAR,Narrow gauge,PL,Poland,2008,189,
TOTAL,Total,NAR,Narrow gauge,PL,Poland,2009,189,
TOTAL,Total,NAR,Narrow gauge,PL,Poland,2010,139,
TOTAL,Total,NAR,Narrow gauge,PL,Poland,2011,115,
TOTAL,Total,NAR,Narrow gauge,PL,Poland,2012,115,
TOTAL,Total,NAR,Narrow gauge,PL,Poland,2013,69,
TOTAL,Total,NAR,Narrow gauge,PL,Poland,2014,0,
TOTAL,Total,NAR,Narrow gauge,PL,Poland,2015,0,
TOTAL,Total,NAR,Narrow gauge,PL,Poland,2016,0,
TOTAL,Total,NAR,Narrow gauge,PL,Poland,2017,0,
TOTAL,Total,NAR,Narrow gauge,PL,Poland,2018,0,
TOTAL,Total,NAR,Narrow gauge,PL,Poland,2019,0,
TOTAL,Total,NAR,Narrow gauge,PL,Poland,2020,0,
TOTAL,Total,NAR,Narrow gauge,PL,Poland,2021,0,
TOTAL,Total,NAR,Narrow gauge,PL,Poland,2022,0,
TOTAL,Total,NAR,Narrow gauge,PL,Poland,2023,0,
TOTAL,Total,NAR,Narrow gauge,PL,Poland,2024,0,
TOTAL,Total,NAR,Narrow gauge,PT,Portugal,1990,396,
TOTAL,Total,NAR,Narrow gauge,PT,Portugal,1991,393,
TOTAL,Total,NAR,Narrow gauge,PT,Portugal,1992,313,
TOTAL,Total,NAR,Narrow gauge,PT,Portugal,1993,303,
TOTAL,Total,NAR,Narrow gauge,PT,Portugal,1994,303,
TOTAL,Total,NAR,Narrow gauge,PT,Portugal,1995,303,
TOTAL,Total,NAR,Narrow gauge,PT,Portugal,1996,303,
TOTAL,Total,NAR,Narrow gauge,PT,Portugal,1997,274,
TOTAL,Total,NAR,Narrow gauge,PT,Portugal,1998,214,
TOTAL,Total,NAR,Narrow gauge,PT,Portugal,1999,215,
TOTAL,Total,NAR,Narrow gauge,PT,Portugal,2000,215,
TOTAL,Total,NAR,Narrow gauge,PT,Portugal,2001,214.6,
TOTAL,Total,NAR,Narrow gauge,PT,Portugal,2002,188,
TOTAL,Total,NAR,Narrow gauge,PT,Portugal,2003,191.8,i
TOTAL,Total,NAR,Narrow gauge,PT,Portugal,2004,191.8,i
TOTAL,Total,NAR,Narrow gauge,PT,Portugal,2005,191.8,i
TOTAL,Total,NAR,Narrow gauge,PT,Portugal,2006,191.8,i
TOTAL,Total,NAR,Narrow gauge,PT,Portugal,2007,191.8,i
TOTAL,Total,NAR,Narrow gauge,PT,Portugal,2008,191.8,
TOTAL,Total,NAR,Narrow gauge,PT,Portugal,2009,191.8,
TOTAL,Total,NAR,Narrow gauge,PT,Portugal,2010,191.8,
TOTAL,Total,NAR,Narrow gauge,PT,Portugal,2011,191.8,
TOTAL,Total,NAR,Narrow gauge,PT,Portugal,2012,112.4,
TOTAL,Total,NAR,Narrow gauge,PT,Portugal,2013,112.3,
TOTAL,Total,NAR,Narrow gauge,PT,Portugal,2014,112.5,
TOTAL,Total,NAR,Narrow gauge,PT,Portugal,2015,112.5,
TOTAL,Total,NAR,Narrow gauge,PT,Portugal,2016,112.5,
TOTAL,Total,NAR,Narrow gauge,PT,Portugal,2017,112.54,
TOTAL,Total,NAR,Narrow gauge,PT,Portugal,2018,112.54,
TOTAL,Total,NAR,Narrow gauge,PT,Portugal,2019,95.87,
TOTAL,Total,NAR,Narrow gauge,PT,Portugal,2020,95.87,
TOTAL,Total,NAR,Narrow gauge,PT,Portugal,2021,95.868,
TOTAL,Total,NAR,Narrow gauge,PT,Portugal,2022,95.868,
TOTAL,Total,NAR,Narrow gauge,PT,Portugal,2023,95.868,
TOTAL,Total,NAR,Narrow gauge,PT,Portugal,2024,96,
TOTAL,Total,NAR,Narrow gauge,RO,Romania,1990,427,
TOTAL,Total,NAR,Narrow gauge,RO,Romania,1991,427,
TOTAL,Total,NAR,Narrow gauge,RO,Romania,1992,427,
TOTAL,Total,NAR,Narrow gauge,RO,Romania,1993,427,
TOTAL,Total,NAR,Narrow gauge,RO,Romania,1994,427,
TOTAL,Total,NAR,Narrow gauge,RO,Romania,1995,427,
TOTAL,Total,NAR,Narrow gauge,RO,Romania,1996,427,
TOTAL,Total,NAR,Narrow gauge,RO,Romania,1997,425,
TOTAL,Total,NAR,Narrow gauge,RO,Romania,1998,58,
TOTAL,Total,NAR,Narrow gauge,RO,Romania,1999,0,
TOTAL,Total,NAR,Narrow gauge,RO,Romania,2000,0,
TOTAL,Total,NAR,Narrow gauge,RO,Romania,2001,0,
TOTAL,Total,NAR,Narrow gauge,RO,Romania,2002,0,
TOTAL,Total,NAR,Narrow gauge,RO,Romania,2003,74,
TOTAL,Total,NAR,Narrow gauge,RO,Romania,2004,78,
TOTAL,Total,NAR,Narrow gauge,RO,Romania,2005,75,
TOTAL,Total,NAR,Narrow gauge,RO,Romania,2006,1,
TOTAL,Total,NAR,Narrow gauge,RO,Romania,2007,4,
TOTAL,Total,NAR,Narrow gauge,RO,Romania,2008,5,
TOTAL,Total,NAR,Narrow gauge,RO,Romania,2009,5,
TOTAL,Total,NAR,Narrow gauge,RO,Romania,2010,5,
TOTAL,Total,NAR,Narrow gauge,RO,Romania,2011,4,
TOTAL,Total,NAR,Narrow gauge,RO,Romania,2012,4,
TOTAL,Total,NAR,Narrow gauge,RO,Romania,2013,4,
TOTAL,Total,NAR,Narrow gauge,RO,Romania,2014,5,
TOTAL,Total,NAR,Narrow gauge,RO,Romania,2015,4,
TOTAL,Total,NAR,Narrow gauge,RO,Romania,2016,5,
TOTAL,Total,NAR,Narrow gauge,RO,Romania,2017,5,
TOTAL,Total,NAR,Narrow gauge,RO,Romania,2018,4,
TOTAL,Total,NAR,Narrow gauge,RO,Romania,2019,4,
TOTAL,Total,NAR,Narrow gauge,RO,Romania,2020,4,
TOTAL,Total,NAR,Narrow gauge,RO,Romania,2021,4,
TOTAL,Total,NAR,Narrow gauge,RO,Romania,2022,5,
TOTAL,Total,NAR,Narrow gauge,RO,Romania,2023,5,
TOTAL,Total,NAR,Narrow gauge,RO,Romania,2024,5,
TOTAL,Total,NAR,Narrow gauge,RS,Serbia,2006,0,
TOTAL,Total,NAR,Narrow gauge,RS,Serbia,2007,0,
TOTAL,Total,NAR,Narrow gauge,RS,Serbia,2008,0,
TOTAL,Total,NAR,Narrow gauge,RS,Serbia,2009,0,
TOTAL,Total,NAR,Narrow gauge,RS,Serbia,2010,0,
TOTAL,Total,NAR,Narrow gauge,RS,Serbia,2011,0,
TOTAL,Total,NAR,Narrow gauge,RS,Serbia,2012,0,
TOTAL,Total,NAR,Narrow gauge,RS,Serbia,2013,0,
TOTAL,Total,NAR,Narrow gauge,RS,Serbia,2014,0,
TOTAL,Total,NAR,Narrow gauge,RS,Serbia,2015,0,
TOTAL,Total,NAR,Narrow gauge,RS,Serbia,2016,0,
TOTAL,Total,NAR,Narrow gauge,RS,Serbia,2017,0,
TOTAL,Total,NAR,Narrow gauge,RS,Serbia,2018,0,
TOTAL,Total,NAR,Narrow gauge,RS,Serbia,2019,0,
TOTAL,Total,NAR,Narrow gauge,RS,Serbia,2020,0,
TOTAL,Total,NAR,Narrow gauge,RS,Serbia,2021,0,
TOTAL,Total,NAR,Narrow gauge,RS,Serbia,2022,0,
TOTAL,Total,NAR,Narrow gauge,RS,Serbia,2023,0,
TOTAL,Total,NAR,Narrow gauge,RS,Serbia,2024,0,
TOTAL,Total,NAR,Narrow gauge,SE,Sweden,1990,75,
TOTAL,Total,NAR,Narrow gauge,SE,Sweden,1991,65,
TOTAL,Total,NAR,Narrow gauge,SE,Sweden,1992,65,
TOTAL,Total,NAR,Narrow gauge,SE,Sweden,1993,65,
TOTAL,Total,NAR,Narrow gauge,SE,Sweden,1994,65,
TOTAL,Total,NAR,Narrow gauge,SE,Sweden,1995,66,
TOTAL,Total,NAR,Narrow gauge,SE,Sweden,1996,66,
TOTAL,Total,NAR,Narrow gauge,SE,Sweden,1997,66,
TOTAL,Total,NAR,Narrow gauge,SE,Sweden,1998,65,
TOTAL,Total,NAR,Narrow gauge,SE,Sweden,1999,65,
TOTAL,Total,NAR,Narrow gauge,SE,Sweden,2000,65,
TOTAL,Total,NAR,Narrow gauge,SE,Sweden,2001,65,
TOTAL,Total,NAR,Narrow gauge,SE,Sweden,2002,65,
TOTAL,Total,NAR,Narrow gauge,SE,Sweden,2003,65,
TOTAL,Total,NAR,Narrow gauge,SE,Sweden,2004,65,
TOTAL,Total,NAR,Narrow gauge,SE,Sweden,2005,65,
TOTAL,Total,NAR,Narrow gauge,SE,Sweden,2006,65,
TOTAL,Total,NAR,Narrow gauge,SE,Sweden,2007,65,
TOTAL,Total,NAR,Narrow gauge,SE,Sweden,2008,65,
TOTAL,Total,NAR,Narrow gauge,SE,Sweden,2009,65,
TOTAL,Total,NAR,Narrow gauge,SE,Sweden,2010,65,
TOTAL,Total,NAR,Narrow gauge,SE,Sweden,2011,65,
TOTAL,Total,NAR,Narrow gauge,SE,Sweden,2012,65,
TOTAL,Total,NAR,Narrow gauge,SE,Sweden,2013,65,
TOTAL,Total,NAR,Narrow gauge,SE,Sweden,2014,65,
TOTAL,Total,NAR,Narrow gauge,SE,Sweden,2015,65,
TOTAL,Total,NAR,Narrow gauge,SE,Sweden,2016,65,
TOTAL,Total,NAR,Narrow gauge,SE,Sweden,2017,65,
TOTAL,Total,NAR,Narrow gauge,SE,Sweden,2018,65,
TOTAL,Total,NAR,Narrow gauge,SE,Sweden,2019,65,
TOTAL,Total,NAR,Narrow gauge,SE,Sweden,2020,65,
TOTAL,Total,NAR,Narrow gauge,SE,Sweden,2021,66,
TOTAL,Total,NAR,Narrow gauge,SE,Sweden,2022,66,
TOTAL,Total,NAR,Narrow gauge,SE,Sweden,2023,66,
TOTAL,Total,NAR,Narrow gauge,SE,Sweden,2024,66,
TOTAL,Total,NAR,Narrow gauge,SI,Slovenia,1990,0,
TOTAL,Total,NAR,Narrow gauge,SI,Slovenia,1991,0,
TOTAL,Total,NAR,Narrow gauge,SI,Slovenia,1992,0,
TOTAL,Total,NAR,Narrow gauge,SI,Slovenia,1993,0,
TOTAL,Total,NAR,Narrow gauge,SI,Slovenia,1994,0,
TOTAL,Total,NAR,Narrow gauge,SI,Slovenia,1995,0,
TOTAL,Total,NAR,Narrow gauge,SI,Slovenia,1996,0,
TOTAL,Total,NAR,Narrow gauge,SI,Slovenia,1997,0,
TOTAL,Total,NAR,Narrow gauge,SI,Slovenia,1998,0,
TOTAL,Total,NAR,Narrow gauge,SI,Slovenia,1999,0,
TOTAL,Total,NAR,Narrow gauge,SI,Slovenia,2000,0,
TOTAL,Total,NAR,Narrow gauge,SI,Slovenia,2001,0,
TOTAL,Total,NAR,Narrow gauge,SI,Slovenia,2002,0,
TOTAL,Total,NAR,Narrow gauge,SI,Slovenia,2003,0,
TOTAL,Total,NAR,Narrow gauge,SI,Slovenia,2008,0,
TOTAL,Total,NAR,Narrow gauge,SI,Slovenia,2009,0,
TOTAL,Total,NAR,Narrow gauge,SI,Slovenia,2010,0,
TOTAL,Total,NAR,Narrow gauge,SI,Slovenia,2011,0,
TOTAL,Total,NAR,Narrow gauge,SI,Slovenia,2012,0,
TOTAL,Total,NAR,Narrow gauge,SI,Slovenia,2013,0,
TOTAL,Total,NAR,Narrow gauge,SI,Slovenia,2014,0,
TOTAL,Total,NAR,Narrow gauge,SI,Slovenia,2015,0,
TOTAL,Total,NAR,Narrow gauge,SI,Slovenia,2016,0,
TOTAL,Total,NAR,Narrow gauge,SI,Slovenia,2017,0,
TOTAL,Total,NAR,Narrow gauge,SI,Slovenia,2018,0,
TOTAL,Total,NAR,Narrow gauge,SI,Slovenia,2019,0,
TOTAL,Total,NAR,Narrow gauge,SI,Slovenia,2020,0,
TOTAL,Total,NAR,Narrow gauge,SI,Slovenia,2021,0,
TOTAL,Total,NAR,Narrow gauge,SI,Slovenia,2022,0,
TOTAL,Total,NAR,Narrow gauge,SI,Slovenia,2023,0,
TOTAL,Total,NAR,Narrow gauge,SI,Slovenia,2024,0,
TOTAL,Total,NAR,Narrow gauge,SK,Slovakia,1990,51,
TOTAL,Total,NAR,Narrow gauge,SK,Slovakia,1991,52,
TOTAL,Total,NAR,Narrow gauge,SK,Slovakia,1992,52,
TOTAL,Total,NAR,Narrow gauge,SK,Slovakia,1993,52,
TOTAL,Total,NAR,Narrow gauge,SK,Slovakia,1994,52,
TOTAL,Total,NAR,Narrow gauge,SK,Slovakia,1995,52,
TOTAL,Total,NAR,Narrow gauge,SK,Slovakia,1996,52,
TOTAL,Total,NAR,Narrow gauge,SK,Slovakia,1997,52,
TOTAL,Total,NAR,Narrow gauge,SK,Slovakia,1998,50,
TOTAL,Total,NAR,Narrow gauge,SK,Slovakia,1999,50,
TOTAL,Total,NAR,Narrow gauge,SK,Slovakia,2000,50,
TOTAL,Total,NAR,Narrow gauge,SK,Slovakia,2001,50,
TOTAL,Total,NAR,Narrow gauge,SK,Slovakia,2002,50,
TOTAL,Total,NAR,Narrow gauge,SK,Slovakia,2003,50,
TOTAL,Total,NAR,Narrow gauge,SK,Slovakia,2004,50,
TOTAL,Total,NAR,Narrow gauge,SK,Slovakia,2005,50,
TOTAL,Total,NAR,Narrow gauge,SK,Slovakia,2006,50,
TOTAL,Total,NAR,Narrow gauge,SK,Slovakia,2007,50,
TOTAL,Total,NAR,Narrow gauge,SK,Slovakia,2008,50,
TOTAL,Total,NAR,Narrow gauge,SK,Slovakia,2009,50,
TOTAL,Total,NAR,Narrow gauge,SK,Slovakia,2010,50,
TOTAL,Total,NAR,Narrow gauge,SK,Slovakia,2011,50,
TOTAL,Total,NAR,Narrow gauge,SK,Slovakia,2012,50,
TOTAL,Total,NAR,Narrow gauge,SK,Slovakia,2013,50,
TOTAL,Total,NAR,Narrow gauge,SK,Slovakia,2014,46,
TOTAL,Total,NAR,Narrow gauge,SK,Slovakia,2015,46,
TOTAL,Total,NAR,Narrow gauge,SK,Slovakia,2016,46,
TOTAL,Total,NAR,Narrow gauge,SK,Slovakia,2017,46,
TOTAL,Total,NAR,Narrow gauge,SK,Slovakia,2018,46,
TOTAL,Total,NAR,Narrow gauge,SK,Slovakia,2019,46,
TOTAL,Total,NAR,Narrow gauge,SK,Slovakia,2020,46,
TOTAL,Total,NAR,Narrow gauge,SK,Slovakia,2021,46,
TOTAL,Total,NAR,Narrow gauge,SK,Slovakia,2022,46,
TOTAL,Total,NAR,Narrow gauge,SK,Slovakia,2023,46,
TOTAL,Total,NAR,Narrow gauge,SK,Slovakia,2024,46,
TOTAL,Total,NAR,Narrow gauge,TR,Türkiye,1990,0,
TOTAL,Total,NAR,Narrow gauge,TR,Türkiye,1991,0,
TOTAL,Total,NAR,Narrow gauge,TR,Türkiye,1992,0,
TOTAL,Total,NAR,Narrow gauge,TR,Türkiye,1993,0,
TOTAL,Total,NAR,Narrow gauge,TR,Türkiye,1994,0,
TOTAL,Total,NAR,Narrow gauge,TR,Türkiye,1995,0,
TOTAL,Total,NAR,Narrow gauge,TR,Türkiye,1996,0,
TOTAL,Total,NAR,Narrow gauge,TR,Türkiye,1997,0,
TOTAL,Total,NAR,Narrow gauge,TR,Türkiye,1998,0,
TOTAL,Total,NAR,Narrow gauge,TR,Türkiye,1999,0,
TOTAL,Total,NAR,Narrow gauge,TR,Türkiye,2005,0,
TOTAL,Total,NAR,Narrow gauge,TR,Türkiye,2006,0,
TOTAL,Total,NAR,Narrow gauge,TR,Türkiye,2007,0,
TOTAL,Total,NAR,Narrow gauge,TR,Türkiye,2008,0,
TOTAL,Total,NAR,Narrow gauge,TR,Türkiye,2009,0,
TOTAL,Total,NAR,Narrow gauge,TR,Türkiye,2010,0,
TOTAL,Total,NAR,Narrow gauge,TR,Türkiye,2011,0,
TOTAL,Total,NAR,Narrow gauge,TR,Türkiye,2012,0,
TOTAL,Total,NAR,Narrow gauge,TR,Türkiye,2013,0,
TOTAL,Total,NAR,Narrow gauge,TR,Türkiye,2014,0,
TOTAL,Total,NAR,Narrow gauge,TR,Türkiye,2015,0,
TOTAL,Total,NAR,Narrow gauge,TR,Türkiye,2016,0,
TOTAL,Total,NAR,Narrow gauge,TR,Türkiye,2017,0,
TOTAL,Total,NAR,Narrow gauge,TR,Türkiye,2018,0,
TOTAL,Total,NAR,Narrow gauge,TR,Türkiye,2019,0,
TOTAL,Total,NAR,Narrow gauge,TR,Türkiye,2020,0,
TOTAL,Total,NAR,Narrow gauge,TR,Türkiye,2021,0,
TOTAL,Total,NAR,Narrow gauge,TR,Türkiye,2022,0,
TOTAL,Total,NAR,Narrow gauge,TR,Türkiye,2023,0,
TOTAL,Total,NAR,Narrow gauge,TR,Türkiye,2024,0,
TOTAL,Total,NAR,Narrow gauge,UA,Ukraine,1992,556,
TOTAL,Total,NAR,Narrow gauge,UA,Ukraine,1993,556,
TOTAL,Total,NAR,Narrow gauge,UA,Ukraine,1994,556,
TOTAL,Total,NAR,Narrow gauge,UA,Ukraine,1995,556,
TOTAL,Total,NAR,Narrow gauge,UA,Ukraine,1996,556,
TOTAL,Total,NAR,Narrow gauge,UA,Ukraine,1997,556,
TOTAL,Total,NAR,Narrow gauge,UA,Ukraine,1998,510,
TOTAL,Total,NAR,Narrow gauge,UA,Ukraine,1999,453,
TOTAL,Total,NAR,Narrow gauge,UA,Ukraine,2012,323,
TOTAL,Total,NAR,Narrow gauge,UA,Ukraine,2013,323,
TOTAL,Total,NAR,Narrow gauge,UA,Ukraine,2014,323,
TOTAL,Total,NAR,Narrow gauge,UA,Ukraine,2015,323,
TOTAL,Total,NAR,Narrow gauge,UA,Ukraine,2016,323,
TOTAL,Total,NAR,Narrow gauge,UA,Ukraine,2017,323,
TOTAL,Total,NAR,Narrow gauge,UA,Ukraine,2018,323,
TOTAL,Total,NAR,Narrow gauge,UA,Ukraine,2019,323,
TOTAL,Total,NAR,Narrow gauge,UA,Ukraine,2020,323,
TOTAL,Total,NAR,Narrow gauge,UA,Ukraine,2021,323,
TOTAL,Total,NAR,Narrow gauge,UA,Ukraine,2022,323,
TOTAL,Total,NAR,Narrow gauge,UA,Ukraine,2023,323,
TOTAL,Total,NAR,Narrow gauge,UK,United Kingdom,2005,0,
TOTAL,Total,NAR,Narrow gauge,UK,United Kingdom,2007,0,
TOTAL,Total,NAR,Narrow gauge,UK,United Kingdom,2008,0,
TOTAL,Total,NAR,Narrow gauge,UK,United Kingdom,2009,0,
TOTAL,Total,NAR,Narrow gauge,UK,United Kingdom,2010,0,
TOTAL,Total,NAR,Narrow gauge,UK,United Kingdom,2011,0,
TOTAL,Total,NAR,Narrow gauge,UK,United Kingdom,2012,0,
TOTAL,Total,NAR,Narrow gauge,UK,United Kingdom,2013,0,
TOTAL,Total,NAR,Narrow gauge,UK,United Kingdom,2014,0,
TOTAL,Total,NAR,Narrow gauge,UK,United Kingdom,2015,0,
TOTAL,Total,NAR,Narrow gauge,UK,United Kingdom,2016,0,
TOTAL,Total,NAR,Narrow gauge,UK,United Kingdom,2017,0,
TOTAL,Total,NAR,Narrow gauge,UK,United Kingdom,2018,0,
TOTAL,Total,NAR,Narrow gauge,UK,United Kingdom,2019,0,
TOTAL,Total,NAR,Narrow gauge,UK,United Kingdom,2020,0,
TOTAL,Total,NAR,Narrow gauge,UK,United Kingdom,2021,0,
TOTAL,Total,NAR,Narrow gauge,UK,United Kingdom,2022,0,
TOTAL,Total,NAR,Narrow gauge,UK,United Kingdom,2023,0,
TOTAL,Total,NAR,Narrow gauge,UK,United Kingdom,2024,0,
TOTAL,Total,NAR,Narrow gauge,XK,Kosovo*,2017,0,
TOTAL,Total,NAR,Narrow gauge,XK,Kosovo*,2018,0,
TOTAL,Total,NAR,Narrow gauge,XK,Kosovo*,2019,0,
TOTAL,Total,NAR,Narrow gauge,XK,Kosovo*,2020,0,
TOTAL,Total,NAR,Narrow gauge,XK,Kosovo*,2021,0,
TOTAL,Total,NAR,Narrow gauge,XK,Kosovo*,2022,0,
TOTAL,Total,NAR,Narrow gauge,XK,Kosovo*,2023,0,i
TOTAL,Total,NAR,Narrow gauge,XK,Kosovo*,2024,0,i
TOTAL,Total,STD,Standard gauge,AL,Albania,1990,674,
TOTAL,Total,STD,Standard gauge,AL,Albania,1991,674,
TOTAL,Total,STD,Standard gauge,AL,Albania,1992,674,
TOTAL,Total,STD,Standard gauge,AL,Albania,1993,630,
TOTAL,Total,STD,Standard gauge,AL,Albania,1994,520,
TOTAL,Total,STD,Standard gauge,AL,Albania,1995,520,
TOTAL,Total,STD,Standard gauge,AL,Albania,1996,447,
TOTAL,Total,STD,Standard gauge,AL,Albania,1997,447,
TOTAL,Total,STD,Standard gauge,AL,Albania,1998,394,
TOTAL,Total,STD,Standard gauge,AL,Albania,1999,394,
TOTAL,Total,STD,Standard gauge,AL,Albania,2000,400,
TOTAL,Total,STD,Standard gauge,AL,Albania,2001,409,
TOTAL,Total,STD,Standard gauge,AL,Albania,2002,428,
TOTAL,Total,STD,Standard gauge,AL,Albania,2013,346,
TOTAL,Total,STD,Standard gauge,AL,Albania,2014,346,
TOTAL,Total,STD,Standard gauge,AL,Albania,2015,379,
TOTAL,Total,STD,Standard gauge,AL,Albania,2016,334,
TOTAL,Total,STD,Standard gauge,AL,Albania,2017,334,
TOTAL,Total,STD,Standard gauge,AL,Albania,2018,334,
TOTAL,Total,STD,Standard gauge,AL,Albania,2019,234.85,
TOTAL,Total,STD,Standard gauge,AL,Albania,2020,204.15,
TOTAL,Total,STD,Standard gauge,AL,Albania,2021,224,
TOTAL,Total,STD,Standard gauge,AL,Albania,2022,204.15,
TOTAL,Total,STD,Standard gauge,AL,Albania,2023,252.95,
TOTAL,Total,STD,Standard gauge,AL,Albania,2024,252.95,
TOTAL,Total,STD,Standard gauge,AT,Austria,1990,5269,
TOTAL,Total,STD,Standard gauge,AT,Austria,1991,5269,
TOTAL,Total,STD,Standard gauge,AT,Austria,1992,5263,
TOTAL,Total,STD,Standard gauge,AT,Austria,1993,5308,
TOTAL,Total,STD,Standard gauge,AT,Austria,1994,5294,
TOTAL,Total,STD,Standard gauge,AT,Austria,1995,5330,i
TOTAL,Total,STD,Standard gauge,AT,Austria,1996,5330,i
TOTAL,Total,STD,Standard gauge,AT,Austria,1997,5337,i
TOTAL,Total,STD,Standard gauge,AT,Austria,1998,5313,i
TOTAL,Total,STD,Standard gauge,AT,Austria,1999,5293,i
TOTAL,Total,STD,Standard gauge,AT,Austria,2000,5243,i
TOTAL,Total,STD,Standard gauge,AT,Austria,2001,5665,i
TOTAL,Total,STD,Standard gauge,AT,Austria,2002,5332,i
TOTAL,Total,STD,Standard gauge,AT,Austria,2003,5345,i
TOTAL,Total,STD,Standard gauge,AT,Austria,2004,5365,i
TOTAL,Total,STD,Standard gauge,AT,Austria,2005,5381,i
TOTAL,Total,STD,Standard gauge,AT,Austria,2006,5392,i
TOTAL,Total,STD,Standard gauge,AT,Austria,2007,5392,i
TOTAL,Total,STD,Standard gauge,AT,Austria,2008,5383,i
TOTAL,Total,STD,Standard gauge,AT,Austria,2009,5383,i
TOTAL,Total,STD,Standard gauge,AT,Austria,2010,5509,
TOTAL,Total,STD,Standard gauge,AT,Austria,2011,5190,
TOTAL,Total,STD,Standard gauge,AT,Austria,2012,5257,
TOTAL,Total,STD,Standard gauge,AT,Austria,2013,5222,
TOTAL,Total,STD,Standard gauge,AT,Austria,2014,5222,
TOTAL,Total,STD,Standard gauge,AT,Austria,2015,5212,
TOTAL,Total,STD,Standard gauge,AT,Austria,2016,5193,
TOTAL,Total,STD,Standard gauge,AT,Austria,2017,5229,
TOTAL,Total,STD,Standard gauge,AT,Austria,2018,5225,
TOTAL,Total,STD,Standard gauge,AT,Austria,2019,5244,
TOTAL,Total,STD,Standard gauge,AT,Austria,2020,5236,
TOTAL,Total,STD,Standard gauge,AT,Austria,2021,5231,
TOTAL,Total,STD,Standard gauge,AT,Austria,2022,5203,
TOTAL,Total,STD,Standard gauge,AT,Austria,2023,5205,
TOTAL,Total,STD,Standard gauge,AT,Austria,2024,5252,
TOTAL,Total,STD,Standard gauge,BA,Bosnia and Herzegovina,1990,944,
TOTAL,Total,STD,Standard gauge,BA,Bosnia and Herzegovina,1991,1021,
TOTAL,Total,STD,Standard gauge,BA,Bosnia and Herzegovina,1992,1032,
TOTAL,Total,STD,Standard gauge,BA,Bosnia and Herzegovina,1993,1032,
TOTAL,Total,STD,Standard gauge,BA,Bosnia and Herzegovina,1994,1032,
TOTAL,Total,STD,Standard gauge,BA,Bosnia and Herzegovina,1995,1032,
TOTAL,Total,STD,Standard gauge,BA,Bosnia and Herzegovina,1996,1032,
TOTAL,Total,STD,Standard gauge,BA,Bosnia and Herzegovina,1997,1031,
TOTAL,Total,STD,Standard gauge,BA,Bosnia and Herzegovina,1998,1031,
TOTAL,Total,STD,Standard gauge,BA,Bosnia and Herzegovina,1999,1031,
TOTAL,Total,STD,Standard gauge,BA,Bosnia and Herzegovina,2000,1031,
TOTAL,Total,STD,Standard gauge,BA,Bosnia and Herzegovina,2001,1032,
TOTAL,Total,STD,Standard gauge,BA,Bosnia and Herzegovina,2002,1033,
TOTAL,Total,STD,Standard gauge,BA,Bosnia and Herzegovina,2003,1033,
TOTAL,Total,STD,Standard gauge,BA,Bosnia and Herzegovina,2004,1000,
TOTAL,Total,STD,Standard gauge,BA,Bosnia and Herzegovina,2005,1000,
TOTAL,Total,STD,Standard gauge,BA,Bosnia and Herzegovina,2006,1001,
TOTAL,Total,STD,Standard gauge,BA,Bosnia and Herzegovina,2007,1017,
TOTAL,Total,STD,Standard gauge,BA,Bosnia and Herzegovina,2008,1017,
TOTAL,Total,STD,Standard gauge,BA,Bosnia and Herzegovina,2009,1017,
TOTAL,Total,STD,Standard gauge,BA,Bosnia and Herzegovina,2010,1027,
TOTAL,Total,STD,Standard gauge,BA,Bosnia and Herzegovina,2011,1027,
TOTAL,Total,STD,Standard gauge,BA,Bosnia and Herzegovina,2012,1027,
TOTAL,Total,STD,Standard gauge,BA,Bosnia and Herzegovina,2013,1027,
TOTAL,Total,STD,Standard gauge,BA,Bosnia and Herzegovina,2014,1027,
TOTAL,Total,STD,Standard gauge,BA,Bosnia and Herzegovina,2015,1027,
TOTAL,Total,STD,Standard gauge,BA,Bosnia and Herzegovina,2016,1018,
TOTAL,Total,STD,Standard gauge,BA,Bosnia and Herzegovina,2017,1018,
TOTAL,Total,STD,Standard gauge,BA,Bosnia and Herzegovina,2018,1018,
TOTAL,Total,STD,Standard gauge,BA,Bosnia and Herzegovina,2019,1018,
TOTAL,Total,STD,Standard gauge,BA,Bosnia and Herzegovina,2020,1018,
TOTAL,Total,STD,Standard gauge,BA,Bosnia and Herzegovina,2021,1018,
TOTAL,Total,STD,Standard gauge,BA,Bosnia and Herzegovina,2022,1018,
TOTAL,Total,STD,Standard gauge,BA,Bosnia and Herzegovina,2023,1025,
TOTAL,Total,STD,Standard gauge,BA,Bosnia and Herzegovina,2024,1025,
TOTAL,Total,STD,Standard gauge,BE,Belgium,1962,4601,
TOTAL,Total,STD,Standard gauge,BE,Belgium,1990,3479,
TOTAL,Total,STD,Standard gauge,BE,Belgium,1991,3466,
TOTAL,Total,STD,Standard gauge,BE,Belgium,1992,3432,
TOTAL,Total,STD,Standard gauge,BE,Belgium,1993,3410,
TOTAL,Total,STD,Standard gauge,BE,Belgium,1994,3396,
TOTAL,Total,STD,Standard gauge,BE,Belgium,1995,3368,
TOTAL,Total,STD,Standard gauge,BE,Belgium,1996,3380,
TOTAL,Total,STD,Standard gauge,BE,Belgium,1997,3422,
TOTAL,Total,STD,Standard gauge,BE,Belgium,1998,3470,
TOTAL,Total,STD,Standard gauge,BE,Belgium,1999,3472,
TOTAL,Total,STD,Standard gauge,BE,Belgium,2000,3471,
TOTAL,Total,STD,Standard gauge,BE,Belgium,2001,3454,
TOTAL,Total,STD,Standard gauge,BE,Belgium,2002,3518,
TOTAL,Total,STD,Standard gauge,BE,Belgium,2003,3521,
TOTAL,Total,STD,Standard gauge,BE,Belgium,2004,3536,
TOTAL,Total,STD,Standard gauge,BE,Belgium,2005,3544,
TOTAL,Total,STD,Standard gauge,BE,Belgium,2006,3560,
TOTAL,Total,STD,Standard gauge,BE,Belgium,2007,3568,
TOTAL,Total,STD,Standard gauge,BE,Belgium,2008,3513,
TOTAL,Total,STD,Standard gauge,BE,Belgium,2009,3578,
TOTAL,Total,STD,Standard gauge,BE,Belgium,2010,3582,
TOTAL,Total,STD,Standard gauge,BE,Belgium,2011,3587,
TOTAL,Total,STD,Standard gauge,BE,Belgium,2012,3592,
TOTAL,Total,STD,Standard gauge,BE,Belgium,2013,3595,
TOTAL,Total,STD,Standard gauge,BE,Belgium,2014,3631,
TOTAL,Total,STD,Standard gauge,BE,Belgium,2015,3607,
TOTAL,Total,STD,Standard gauge,BE,Belgium,2016,3602,
TOTAL,Total,STD,Standard gauge,BE,Belgium,2017,3605,
TOTAL,Total,STD,Standard gauge,BE,Belgium,2018,3607,
TOTAL,Total,STD,Standard gauge,BE,Belgium,2019,3614,
TOTAL,Total,STD,Standard gauge,BE,Belgium,2020,3615,
TOTAL,Total,STD,Standard gauge,BE,Belgium,2021,3612,
TOTAL,Total,STD,Standard gauge,BE,Belgium,2022,3619,
TOTAL,Total,STD,Standard gauge,BE,Belgium,2023,3629,
TOTAL,Total,STD,Standard gauge,BE,Belgium,2024,3615,
TOTAL,Total,STD,Standard gauge,BG,Bulgaria,1990,4054,
TOTAL,Total,STD,Standard gauge,BG,Bulgaria,1991,4054,
TOTAL,Total,STD,Standard gauge,BG,Bulgaria,1992,4049,
TOTAL,Total,STD,Standard gauge,BG,Bulgaria,1993,4049,
TOTAL,Total,STD,Standard gauge,BG,Bulgaria,1994,4046,
TOTAL,Total,STD,Standard gauge,BG,Bulgaria,1995,4048,
TOTAL,Total,STD,Standard gauge,BG,Bulgaria,1996,4048,
TOTAL,Total,STD,Standard gauge,BG,Bulgaria,1997,4047,
TOTAL,Total,STD,Standard gauge,BG,Bulgaria,1998,4045,
TOTAL,Total,STD,Standard gauge,BG,Bulgaria,1999,4045,
TOTAL,Total,STD,Standard gauge,BG,Bulgaria,2000,4075,
TOTAL,Total,STD,Standard gauge,BG,Bulgaria,2001,4075.1,
TOTAL,Total,STD,Standard gauge,BG,Bulgaria,2002,4072.8,
TOTAL,Total,STD,Standard gauge,BG,Bulgaria,2003,4071.3,
TOTAL,Total,STD,Standard gauge,BG,Bulgaria,2004,4031.3,
TOTAL,Total,STD,Standard gauge,BG,Bulgaria,2005,4029,
TOTAL,Total,STD,Standard gauge,BG,Bulgaria,2006,4021,
TOTAL,Total,STD,Standard gauge,BG,Bulgaria,2007,4018,
TOTAL,Total,STD,Standard gauge,BG,Bulgaria,2008,4019,
TOTAL,Total,STD,Standard gauge,BG,Bulgaria,2009,4025,
TOTAL,Total,STD,Standard gauge,BG,Bulgaria,2010,3973,
TOTAL,Total,STD,Standard gauge,BG,Bulgaria,2011,3947,
TOTAL,Total,STD,Standard gauge,BG,Bulgaria,2012,3945,
TOTAL,Total,STD,Standard gauge,BG,Bulgaria,2013,3907,
TOTAL,Total,STD,Standard gauge,BG,Bulgaria,2014,3898,
TOTAL,Total,STD,Standard gauge,BG,Bulgaria,2015,3894,
TOTAL,Total,STD,Standard gauge,BG,Bulgaria,2016,3904,
TOTAL,Total,STD,Standard gauge,BG,Bulgaria,2017,3905,
TOTAL,Total,STD,Standard gauge,BG,Bulgaria,2018,3905,
TOTAL,Total,STD,Standard gauge,BG,Bulgaria,2019,3904,
TOTAL,Total,STD,Standard gauge,BG,Bulgaria,2020,3904,
TOTAL,Total,STD,Standard gauge,BG,Bulgaria,2021,3906,
TOTAL,Total,STD,Standard gauge,BG,Bulgaria,2022,3904,
TOTAL,Total,STD,Standard gauge,BG,Bulgaria,2023,3904,
TOTAL,Total,STD,Standard gauge,BG,Bulgaria,2024,3900,
TOTAL,Total,STD,Standard gauge,CH,Switzerland,1990,3587,i
TOTAL,Total,STD,Standard gauge,CH,Switzerland,1991,3591,i
TOTAL,Total,STD,Standard gauge,CH,Switzerland,1992,3582,i
TOTAL,Total,STD,Standard gauge,CH,Switzerland,1993,3592,i
TOTAL,Total,STD,Standard gauge,CH,Switzerland,1994,3592,i
TOTAL,Total,STD,Standard gauge,CH,Switzerland,1995,3596,i
TOTAL,Total,STD,Standard gauge,CH,Switzerland,1996,3598,i
TOTAL,Total,STD,Standard gauge,CH,Switzerland,1997,3548,i
TOTAL,Total,STD,Standard gauge,CH,Switzerland,1998,3515,i
TOTAL,Total,STD,Standard gauge,CH,Switzerland,1999,3709,b
TOTAL,Total,STD,Standard gauge,CH,Switzerland,2000,3628,
TOTAL,Total,STD,Standard gauge,CH,Switzerland,2001,3636,
TOTAL,Total,STD,Standard gauge,CH,Switzerland,2002,3631,
TOTAL,Total,STD,Standard gauge,CH,Switzerland,2003,3617,
TOTAL,Total,STD,Standard gauge,CH,Switzerland,2004,3661,
TOTAL,Total,STD,Standard gauge,CH,Switzerland,2005,3661,
TOTAL,Total,STD,Standard gauge,CH,Switzerland,2006,3661,
TOTAL,Total,STD,Standard gauge,CH,Switzerland,2007,3701,
TOTAL,Total,STD,Standard gauge,CH,Switzerland,2008,3788,i
TOTAL,Total,STD,Standard gauge,CH,Switzerland,2009,3830,i
TOTAL,Total,STD,Standard gauge,CH,Switzerland,2010,3754,
TOTAL,Total,STD,Standard gauge,CH,Switzerland,2011,3782,i
TOTAL,Total,STD,Standard gauge,CH,Switzerland,2012,3789,i
TOTAL,Total,STD,Standard gauge,CH,Switzerland,2013,3823,i
TOTAL,Total,STD,Standard gauge,CH,Switzerland,2014,3829,i
TOTAL,Total,STD,Standard gauge,CH,Switzerland,2015,3836,
TOTAL,Total,STD,Standard gauge,CH,Switzerland,2016,3882,i
TOTAL,Total,STD,Standard gauge,CH,Switzerland,2017,3898,i
TOTAL,Total,STD,Standard gauge,CH,Switzerland,2018,3894,i
TOTAL,Total,STD,Standard gauge,CH,Switzerland,2019,3908,i
TOTAL,Total,STD,Standard gauge,CH,Switzerland,2020,3930.3,
TOTAL,Total,STD,Standard gauge,CH,Switzerland,2021,3937,i
TOTAL,Total,STD,Standard gauge,CH,Switzerland,2022,3942,i
TOTAL,Total,STD,Standard gauge,CH,Switzerland,2023,3942,i
TOTAL,Total,STD,Standard gauge,CH,Switzerland,2024,3931,i
TOTAL,Total,STD,Standard gauge,CZ,Czechia,1993,9345,
TOTAL,Total,STD,Standard gauge,CZ,Czechia,1994,9281,
TOTAL,Total,STD,Standard gauge,CZ,Czechia,1995,9233,
TOTAL,Total,STD,Standard gauge,CZ,Czechia,1996,9341,
TOTAL,Total,STD,Standard gauge,CZ,Czechia,1997,9336,
TOTAL,Total,STD,Standard gauge,CZ,Czechia,1998,9336,
TOTAL,Total,STD,Standard gauge,CZ,Czechia,1999,9342,
TOTAL,Total,STD,Standard gauge,CZ,Czechia,2000,9342,
TOTAL,Total,STD,Standard gauge,CZ,Czechia,2001,9421,
TOTAL,Total,STD,Standard gauge,CZ,Czechia,2002,9498,
TOTAL,Total,STD,Standard gauge,CZ,Czechia,2003,9500,
TOTAL,Total,STD,Standard gauge,CZ,Czechia,2004,9511,
TOTAL,Total,STD,Standard gauge,CZ,Czechia,2005,9512,
TOTAL,Total,STD,Standard gauge,CZ,Czechia,2006,9495,
TOTAL,Total,STD,Standard gauge,CZ,Czechia,2007,9486,
TOTAL,Total,STD,Standard gauge,CZ,Czechia,2008,9484,
TOTAL,Total,STD,Standard gauge,CZ,Czechia,2009,9477,
TOTAL,Total,STD,Standard gauge,CZ,Czechia,2010,9466,
TOTAL,Total,STD,Standard gauge,CZ,Czechia,2011,9470,
TOTAL,Total,STD,Standard gauge,CZ,Czechia,2012,9468,
TOTAL,Total,STD,Standard gauge,CZ,Czechia,2013,9459,
TOTAL,Total,STD,Standard gauge,CZ,Czechia,2014,9457,
TOTAL,Total,STD,Standard gauge,CZ,Czechia,2015,9467,
TOTAL,Total,STD,Standard gauge,CZ,Czechia,2016,9464,
TOTAL,Total,STD,Standard gauge,CZ,Czechia,2017,9468,
TOTAL,Total,STD,Standard gauge,CZ,Czechia,2018,9471,
TOTAL,Total,STD,Standard gauge,CZ,Czechia,2019,9460,
TOTAL,Total,STD,Standard gauge,CZ,Czechia,2020,9441,
TOTAL,Total,STD,Standard gauge,CZ,Czechia,2021,9422,
TOTAL,Total,STD,Standard gauge,CZ,Czechia,2022,9420,
TOTAL,Total,STD,Standard gauge,CZ,Czechia,2023,9412,
TOTAL,Total,STD,Standard gauge,CZ,Czechia,2024,9412,
TOTAL,Total,STD,Standard gauge,DE,Germany,1962,30449,
TOTAL,Total,STD,Standard gauge,DE,Germany,1992,40554,
TOTAL,Total,STD,Standard gauge,DE,Germany,1993,40387,
TOTAL,Total,STD,Standard gauge,DE,Germany,1994,41256,
TOTAL,Total,STD,Standard gauge,DE,Germany,1998,38078,
TOTAL,Total,STD,Standard gauge,DE,Germany,1999,37476,
TOTAL,Total,STD,Standard gauge,DE,Germany,2000,36537.7,
TOTAL,Total,STD,Standard gauge,DE,Germany,2001,35937.5,
TOTAL,Total,STD,Standard gauge,DE,Germany,2002,35755,
TOTAL,Total,STD,Standard gauge,DE,Germany,2010,38376,i
TOTAL,Total,STD,Standard gauge,DE,Germany,2011,38338,i
TOTAL,Total,STD,Standard gauge,DE,Germany,2012,38274,i
TOTAL,Total,STD,Standard gauge,DE,Germany,2013,38277.341,i
TOTAL,Total,STD,Standard gauge,DE,Germany,2014,38280.978,i
TOTAL,Total,STD,Standard gauge,DE,Germany,2015,38248.536,i
TOTAL,Total,STD,Standard gauge,DE,Germany,2016,38313.383,i
TOTAL,Total,STD,Standard gauge,DE,Germany,2017,38405.484,i
TOTAL,Total,STD,Standard gauge,DE,Germany,2018,38597.838,i
TOTAL,Total,STD,Standard gauge,DE,Germany,2019,38662.599,i
TOTAL,Total,STD,Standard gauge,DE,Germany,2020,38413.03,i
TOTAL,Total,STD,Standard gauge,DE,Germany,2021,38397.692,i
TOTAL,Total,STD,Standard gauge,DK,Denmark,1990,2858,i
TOTAL,Total,STD,Standard gauge,DK,Denmark,1991,2858,i
TOTAL,Total,STD,Standard gauge,DK,Denmark,1992,2858,i
TOTAL,Total,STD,Standard gauge,DK,Denmark,1993,2863,i
TOTAL,Total,STD,Standard gauge,DK,Denmark,1994,2863,i
TOTAL,Total,STD,Standard gauge,DK,Denmark,1995,2863,i
TOTAL,Total,STD,Standard gauge,DK,Denmark,1996,2863,i
TOTAL,Total,STD,Standard gauge,DK,Denmark,1997,2762,i
TOTAL,Total,STD,Standard gauge,DK,Denmark,1998,2779,i
TOTAL,Total,STD,Standard gauge,DK,Denmark,1999,2775,i
TOTAL,Total,STD,Standard gauge,DK,Denmark,2000,2787,i
TOTAL,Total,STD,Standard gauge,DK,Denmark,2001,2787,i
TOTAL,Total,STD,Standard gauge,DK,Denmark,2002,2787,i
TOTAL,Total,STD,Standard gauge,DK,Denmark,2003,2787,i
TOTAL,Total,STD,Standard gauge,DK,Denmark,2004,2646,i
TOTAL,Total,STD,Standard gauge,DK,Denmark,2005,2646,i
TOTAL,Total,STD,Standard gauge,DK,Denmark,2006,2646,i
TOTAL,Total,STD,Standard gauge,DK,Denmark,2007,2606,i
TOTAL,Total,STD,Standard gauge,DK,Denmark,2008,2606,i
TOTAL,Total,STD,Standard gauge,DK,Denmark,2009,2606,i
TOTAL,Total,STD,Standard gauge,DK,Denmark,2010,2606,i
TOTAL,Total,STD,Standard gauge,DK,Denmark,2011,2615,i
TOTAL,Total,STD,Standard gauge,DK,Denmark,2012,2615,i
TOTAL,Total,STD,Standard gauge,DK,Denmark,2013,2615,
TOTAL,Total,STD,Standard gauge,DK,Denmark,2014,2612,
TOTAL,Total,STD,Standard gauge,DK,Denmark,2015,2552,
TOTAL,Total,STD,Standard gauge,DK,Denmark,2016,2539,
TOTAL,Total,STD,Standard gauge,DK,Denmark,2017,2481,
TOTAL,Total,STD,Standard gauge,DK,Denmark,2018,2481,
TOTAL,Total,STD,Standard gauge,DK,Denmark,2019,2536,
TOTAL,Total,STD,Standard gauge,DK,Denmark,2020,2485,
TOTAL,Total,STD,Standard gauge,DK,Denmark,2021,2485,
TOTAL,Total,STD,Standard gauge,DK,Denmark,2022,2448,
TOTAL,Total,STD,Standard gauge,DK,Denmark,2023,2448,
TOTAL,Total,STD,Standard gauge,DK,Denmark,2024,2448,
TOTAL,Total,STD,Standard gauge,EE,Estonia,1990,0,
TOTAL,Total,STD,Standard gauge,EE,Estonia,1991,0,
TOTAL,Total,STD,Standard gauge,EE,Estonia,1992,0,
TOTAL,Total,STD,Standard gauge,EE,Estonia,1993,0,
TOTAL,Total,STD,Standard gauge,EE,Estonia,1994,0,
TOTAL,Total,STD,Standard gauge,EE,Estonia,1995,0,
TOTAL,Total,STD,Standard gauge,EE,Estonia,1996,0,
TOTAL,Total,STD,Standard gauge,EE,Estonia,1997,0,
TOTAL,Total,STD,Standard gauge,EE,Estonia,1998,0,
TOTAL,Total,STD,Standard gauge,EE,Estonia,1999,0,
TOTAL,Total,STD,Standard gauge,EE,Estonia,2000,0,
TOTAL,Total,STD,Standard gauge,EE,Estonia,2001,0,
TOTAL,Total,STD,Standard gauge,EE,Estonia,2002,0,
TOTAL,Total,STD,Standard gauge,EE,Estonia,2003,0,
TOTAL,Total,STD,Standard gauge,EE,Estonia,2004,0,
TOTAL,Total,STD,Standard gauge,EE,Estonia,2005,0,
TOTAL,Total,STD,Standard gauge,EE,Estonia,2006,0,
TOTAL,Total,STD,Standard gauge,EE,Estonia,2007,0,
TOTAL,Total,STD,Standard gauge,EE,Estonia,2008,0,
TOTAL,Total,STD,Standard gauge,EE,Estonia,2009,0,
TOTAL,Total,STD,Standard gauge,EE,Estonia,2010,0,
TOTAL,Total,STD,Standard gauge,EE,Estonia,2011,0,
TOTAL,Total,STD,Standard gauge,EE,Estonia,2012,0,
TOTAL,Total,STD,Standard gauge,EE,Estonia,2013,0,
TOTAL,Total,STD,Standard gauge,EE,Estonia,2014,0,
TOTAL,Total,STD,Standard gauge,EE,Estonia,2015,0,
TOTAL,Total,STD,Standard gauge,EE,Estonia,2016,0,
TOTAL,Total,STD,Standard gauge,EE,Estonia,2017,0,
TOTAL,Total,STD,Standard gauge,EE,Estonia,2018,0,
TOTAL,Total,STD,Standard gauge,EE,Estonia,2019,0,
TOTAL,Total,STD,Standard gauge,EE,Estonia,2020,0,
TOTAL,Total,STD,Standard gauge,EE,Estonia,2021,0,
TOTAL,Total,STD,Standard gauge,EE,Estonia,2022,0,
TOTAL,Total,STD,Standard gauge,EE,Estonia,2023,0,
TOTAL,Total,STD,Standard gauge,EE,Estonia,2024,0,
TOTAL,Total,STD,Standard gauge,EL,Greece,1990,1592,
TOTAL,Total,STD,Standard gauge,EL,Greece,1991,1592,
TOTAL,Total,STD,Standard gauge,EL,Greece,1992,1565,
TOTAL,Total,STD,Standard gauge,EL,Greece,1993,1565,
TOTAL,Total,STD,Standard gauge,EL,Greece,1994,1565,
TOTAL,Total,STD,Standard gauge,EL,Greece,1995,1565,
TOTAL,Total,STD,Standard gauge,EL,Greece,1996,1565,
TOTAL,Total,STD,Standard gauge,EL,Greece,1997,1565,
TOTAL,Total,STD,Standard gauge,EL,Greece,1998,1565,
TOTAL,Total,STD,Standard gauge,EL,Greece,1999,1565,
TOTAL,Total,STD,Standard gauge,EL,Greece,2000,1651,
TOTAL,Total,STD,Standard gauge,EL,Greece,2001,1643,
TOTAL,Total,STD,Standard gauge,EL,Greece,2002,1643,
TOTAL,Total,STD,Standard gauge,EL,Greece,2003,1656,
TOTAL,Total,STD,Standard gauge,EL,Greece,2004,1686,
TOTAL,Total,STD,Standard gauge,EL,Greece,2005,1826,
TOTAL,Total,STD,Standard gauge,EL,Greece,2006,1758,
TOTAL,Total,STD,Standard gauge,EL,Greece,2007,1778,
TOTAL,Total,STD,Standard gauge,EL,Greece,2008,1779,
TOTAL,Total,STD,Standard gauge,EL,Greece,2009,1780,
TOTAL,Total,STD,Standard gauge,EL,Greece,2010,1780,
TOTAL,Total,STD,Standard gauge,EL,Greece,2011,1782,
TOTAL,Total,STD,Standard gauge,EL,Greece,2012,1782,
TOTAL,Total,STD,Standard gauge,EL,Greece,2013,1839,
TOTAL,Total,STD,Standard gauge,EL,Greece,2014,1807,
TOTAL,Total,STD,Standard gauge,EL,Greece,2015,1809,
TOTAL,Total,STD,Standard gauge,EL,Greece,2016,1809,
TOTAL,Total,STD,Standard gauge,EL,Greece,2017,1809,
TOTAL,Total,STD,Standard gauge,EL,Greece,2018,1862,
TOTAL,Total,STD,Standard gauge,EL,Greece,2019,1849,
TOTAL,Total,STD,Standard gauge,EL,Greece,2020,1914,
TOTAL,Total,STD,Standard gauge,EL,Greece,2021,1920,
TOTAL,Total,STD,Standard gauge,EL,Greece,2022,1890,
TOTAL,Total,STD,Standard gauge,EL,Greece,2023,1738,
TOTAL,Total,STD,Standard gauge,EL,Greece,2024,1718,
TOTAL,Total,STD,Standard gauge,ES,Spain,1990,0,
TOTAL,Total,STD,Standard gauge,ES,Spain,1991,0,
TOTAL,Total,STD,Standard gauge,ES,Spain,1992,480,
TOTAL,Total,STD,Standard gauge,ES,Spain,1993,480,
TOTAL,Total,STD,Standard gauge,ES,Spain,1994,480,
TOTAL,Total,STD,Standard gauge,ES,Spain,1995,480,
TOTAL,Total,STD,Standard gauge,ES,Spain,1996,480,
TOTAL,Total,STD,Standard gauge,ES,Spain,1997,481,
TOTAL,Total,STD,Standard gauge,ES,Spain,1998,481,
TOTAL,Total,STD,Standard gauge,ES,Spain,1999,481,
TOTAL,Total,STD,Standard gauge,ES,Spain,2000,481,
TOTAL,Total,STD,Standard gauge,ES,Spain,2001,481,
TOTAL,Total,STD,Standard gauge,ES,Spain,2002,481,
TOTAL,Total,STD,Standard gauge,ES,Spain,2003,1024,
TOTAL,Total,STD,Standard gauge,ES,Spain,2004,1033,
TOTAL,Total,STD,Standard gauge,ES,Spain,2005,1058,
TOTAL,Total,STD,Standard gauge,ES,Spain,2006,1267,
TOTAL,Total,STD,Standard gauge,ES,Spain,2007,1632,
TOTAL,Total,STD,Standard gauge,ES,Spain,2008,1614,
TOTAL,Total,STD,Standard gauge,ES,Spain,2009,1606,
TOTAL,Total,STD,Standard gauge,ES,Spain,2010,2094,
TOTAL,Total,STD,Standard gauge,ES,Spain,2011,2183,
TOTAL,Total,STD,Standard gauge,ES,Spain,2012,2157,
TOTAL,Total,STD,Standard gauge,ES,Spain,2013,2322,
TOTAL,Total,STD,Standard gauge,ES,Spain,2014,2320,
TOTAL,Total,STD,Standard gauge,ES,Spain,2015,2588,
TOTAL,Total,STD,Standard gauge,ES,Spain,2016,2639,
TOTAL,Total,STD,Standard gauge,ES,Spain,2017,2622,
TOTAL,Total,STD,Standard gauge,ES,Spain,2018,2622,
TOTAL,Total,STD,Standard gauge,ES,Spain,2019,2726.695,
TOTAL,Total,STD,Standard gauge,ES,Spain,2020,2889.749,
TOTAL,Total,STD,Standard gauge,ES,Spain,2021,3033.949,
TOTAL,Total,STD,Standard gauge,ES,Spain,2022,3135.471,
TOTAL,Total,STD,Standard gauge,ES,Spain,2023,3134.039,
TOTAL,Total,STD,Standard gauge,ES,Spain,2024,3134.639,
TOTAL,Total,STD,Standard gauge,EU27_2020,European Union - 27 countries (from 2020),2010,173323.87,
TOTAL,Total,STD,Standard gauge,EU27_2020,European Union - 27 countries (from 2020),2012,173479.4,
TOTAL,Total,STD,Standard gauge,EU27_2020,European Union - 27 countries (from 2020),2013,172223.241,
TOTAL,Total,STD,Standard gauge,EU27_2020,European Union - 27 countries (from 2020),2014,170961.528,
TOTAL,Total,STD,Standard gauge,EU27_2020,European Union - 27 countries (from 2020),2015,170678.736,
TOTAL,Total,STD,Standard gauge,EU27_2020,European Union - 27 countries (from 2020),2016,170677.583,
TOTAL,Total,STD,Standard gauge,EU27_2020,European Union - 27 countries (from 2020),2017,171429.051,
TOTAL,Total,STD,Standard gauge,EU27_2020,European Union - 27 countries (from 2020),2018,170933.938,
TOTAL,Total,STD,Standard gauge,EU27_2020,European Union - 27 countries (from 2020),2019,171185.394,
TOTAL,Total,STD,Standard gauge,EU27_2020,European Union - 27 countries (from 2020),2020,170877.879,
TOTAL,Total,STD,Standard gauge,EU27_2020,European Union - 27 countries (from 2020),2021,170899.741,
TOTAL,Total,STD,Standard gauge,EU27_2020,European Union - 27 countries (from 2020),2022,170820.367,
TOTAL,Total,STD,Standard gauge,EU27_2020,European Union - 27 countries (from 2020),2023,170529.439,
TOTAL,Total,STD,Standard gauge,EU27_2020,European Union - 27 countries (from 2020),2024,170385.039,
TOTAL,Total,STD,Standard gauge,FI,Finland,2008,0,
TOTAL,Total,STD,Standard gauge,FI,Finland,2009,0,
TOTAL,Total,STD,Standard gauge,FI,Finland,2010,0,
TOTAL,Total,STD,Standard gauge,FI,Finland,2012,0,
TOTAL,Total,STD,Standard gauge,FI,Finland,2013,0,
TOTAL,Total,STD,Standard gauge,FI,Finland,2014,0,
TOTAL,Total,STD,Standard gauge,FI,Finland,2015,0,b
TOTAL,Total,STD,Standard gauge,FI,Finland,2016,0,
TOTAL,Total,STD,Standard gauge,FI,Finland,2017,0,
TOTAL,Total,STD,Standard gauge,FI,Finland,2018,0,
TOTAL,Total,STD,Standard gauge,FI,Finland,2019,0,
TOTAL,Total,STD,Standard gauge,FI,Finland,2020,0,
TOTAL,Total,STD,Standard gauge,FI,Finland,2021,0,
TOTAL,Total,STD,Standard gauge,FI,Finland,2022,0,
TOTAL,Total,STD,Standard gauge,FI,Finland,2023,0,
TOTAL,Total,STD,Standard gauge,FI,Finland,2024,0,
TOTAL,Total,STD,Standard gauge,FR,France,1962,37168,
TOTAL,Total,STD,Standard gauge,FR,France,1990,33830,
TOTAL,Total,STD,Standard gauge,FR,France,1991,33594,
TOTAL,Total,STD,Standard gauge,FR,France,1992,33160,
TOTAL,Total,STD,Standard gauge,FR,France,1993,32184,
TOTAL,Total,STD,Standard gauge,FR,France,1994,31880,
TOTAL,Total,STD,Standard gauge,FR,France,1995,31545,
TOTAL,Total,STD,Standard gauge,FR,France,1996,31457,
TOTAL,Total,STD,Standard gauge,FR,France,1997,31423,
TOTAL,Total,STD,Standard gauge,FR,France,1998,31372,
TOTAL,Total,STD,Standard gauge,FR,France,1999,31335,
TOTAL,Total,STD,Standard gauge,FR,France,2000,30999,
TOTAL,Total,STD,Standard gauge,FR,France,2001,30987,
TOTAL,Total,STD,Standard gauge,FR,France,2002,30922,
TOTAL,Total,STD,Standard gauge,FR,France,2003,30593,
TOTAL,Total,STD,Standard gauge,FR,France,2004,30486,
TOTAL,Total,STD,Standard gauge,FR,France,2005,30477,
TOTAL,Total,STD,Standard gauge,FR,France,2006,30489,
TOTAL,Total,STD,Standard gauge,FR,France,2007,30760,
TOTAL,Total,STD,Standard gauge,FR,France,2008,30646,
TOTAL,Total,STD,Standard gauge,FR,France,2009,30543,
TOTAL,Total,STD,Standard gauge,FR,France,2010,29939,
TOTAL,Total,STD,Standard gauge,FR,France,2011,30008,
TOTAL,Total,STD,Standard gauge,FR,France,2012,30417,
TOTAL,Total,STD,Standard gauge,FR,France,2013,30154,
TOTAL,Total,STD,Standard gauge,FR,France,2014,29171,
TOTAL,Total,STD,Standard gauge,FR,France,2015,28644,
TOTAL,Total,STD,Standard gauge,FR,France,2016,28200,
TOTAL,Total,STD,Standard gauge,FR,France,2017,28615.367,
TOTAL,Total,STD,Standard gauge,FR,France,2018,28089,
TOTAL,Total,STD,Standard gauge,FR,France,2019,27978,
TOTAL,Total,STD,Standard gauge,FR,France,2020,27728,
TOTAL,Total,STD,Standard gauge,FR,France,2021,27572,
TOTAL,Total,STD,Standard gauge,FR,France,2022,27460,
TOTAL,Total,STD,Standard gauge,FR,France,2023,27451,
TOTAL,Total,STD,Standard gauge,FR,France,2024,27015,
TOTAL,Total,STD,Standard gauge,GE,Georgia,1995,0,
TOTAL,Total,STD,Standard gauge,GE,Georgia,1996,0,
TOTAL,Total,STD,Standard gauge,GE,Georgia,1997,0,
TOTAL,Total,STD,Standard gauge,GE,Georgia,1998,0,
TOTAL,Total,STD,Standard gauge,GE,Georgia,1999,0,
TOTAL,Total,STD,Standard gauge,GE,Georgia,2012,0,
TOTAL,Total,STD,Standard gauge,GE,Georgia,2013,0,
TOTAL,Total,STD,Standard gauge,GE,Georgia,2014,0,
TOTAL,Total,STD,Standard gauge,GE,Georgia,2015,0,
TOTAL,Total,STD,Standard gauge,GE,Georgia,2016,0,
TOTAL,Total,STD,Standard gauge,GE,Georgia,2017,0,
TOTAL,Total,STD,Standard gauge,GE,Georgia,2018,0,
TOTAL,Total,STD,Standard gauge,GE,Georgia,2019,0,
TOTAL,Total,STD,Standard gauge,GE,Georgia,2020,0,
TOTAL,Total,STD,Standard gauge,GE,Georgia,2021,0,
TOTAL,Total,STD,Standard gauge,GE,Georgia,2022,0,
TOTAL,Total,STD,Standard gauge,GE,Georgia,2023,0,
TOTAL,Total,STD,Standard gauge,GE,Georgia,2024,0,
TOTAL,Total,STD,Standard gauge,HR,Croatia,1990,2444,
TOTAL,Total,STD,Standard gauge,HR,Croatia,1991,2698,
TOTAL,Total,STD,Standard gauge,HR,Croatia,1992,2699,
TOTAL,Total,STD,Standard gauge,HR,Croatia,1993,2699,
TOTAL,Total,STD,Standard gauge,HR,Croatia,1994,2699,
TOTAL,Total,STD,Standard gauge,HR,Croatia,1995,2726,
TOTAL,Total,STD,Standard gauge,HR,Croatia,1996,2726,
TOTAL,Total,STD,Standard gauge,HR,Croatia,1997,2726,
TOTAL,Total,STD,Standard gauge,HR,Croatia,1998,2726,
TOTAL,Total,STD,Standard gauge,HR,Croatia,1999,2726,
TOTAL,Total,STD,Standard gauge,HR,Croatia,2000,2726,
TOTAL,Total,STD,Standard gauge,HR,Croatia,2001,2726,
TOTAL,Total,STD,Standard gauge,HR,Croatia,2002,2726,
TOTAL,Total,STD,Standard gauge,HR,Croatia,2003,2726,
TOTAL,Total,STD,Standard gauge,HR,Croatia,2004,2726,
TOTAL,Total,STD,Standard gauge,HR,Croatia,2005,2726,
TOTAL,Total,STD,Standard gauge,HR,Croatia,2006,2722,
TOTAL,Total,STD,Standard gauge,HR,Croatia,2007,2722,
TOTAL,Total,STD,Standard gauge,HR,Croatia,2008,2722,
TOTAL,Total,STD,Standard gauge,HR,Croatia,2009,2722,
TOTAL,Total,STD,Standard gauge,HR,Croatia,2010,2722,
TOTAL,Total,STD,Standard gauge,HR,Croatia,2011,2722,
TOTAL,Total,STD,Standard gauge,HR,Croatia,2012,2722,
TOTAL,Total,STD,Standard gauge,HR,Croatia,2013,2722,
TOTAL,Total,STD,Standard gauge,HR,Croatia,2014,2604,
TOTAL,Total,STD,Standard gauge,HR,Croatia,2015,2604,
TOTAL,Total,STD,Standard gauge,HR,Croatia,2016,2604,
TOTAL,Total,STD,Standard gauge,HR,Croatia,2017,2604,
TOTAL,Total,STD,Standard gauge,HR,Croatia,2018,2604,
TOTAL,Total,STD,Standard gauge,HR,Croatia,2019,2617,
TOTAL,Total,STD,Standard gauge,HR,Croatia,2020,2617,
TOTAL,Total,STD,Standard gauge,HR,Croatia,2021,2617,
TOTAL,Total,STD,Standard gauge,HR,Croatia,2022,2617,
TOTAL,Total,STD,Standard gauge,HR,Croatia,2023,2617,
TOTAL,Total,STD,Standard gauge,HR,Croatia,2024,2617,
TOTAL,Total,STD,Standard gauge,HU,Hungary,1990,7511,
TOTAL,Total,STD,Standard gauge,HU,Hungary,1991,7509,
TOTAL,Total,STD,Standard gauge,HU,Hungary,1992,7495,
TOTAL,Total,STD,Standard gauge,HU,Hungary,1993,7497,
TOTAL,Total,STD,Standard gauge,HU,Hungary,1994,7499,
TOTAL,Total,STD,Standard gauge,HU,Hungary,1995,7419,
TOTAL,Total,STD,Standard gauge,HU,Hungary,1996,7404,
TOTAL,Total,STD,Standard gauge,HU,Hungary,1997,7377,
TOTAL,Total,STD,Standard gauge,HU,Hungary,1998,7393,
TOTAL,Total,STD,Standard gauge,HU,Hungary,1999,7402,
TOTAL,Total,STD,Standard gauge,HU,Hungary,2000,7419,
TOTAL,Total,STD,Standard gauge,HU,Hungary,2001,7431,
TOTAL,Total,STD,Standard gauge,HU,Hungary,2002,7427,
TOTAL,Total,STD,Standard gauge,HU,Hungary,2003,7432,
TOTAL,Total,STD,Standard gauge,HU,Hungary,2004,7436,
TOTAL,Total,STD,Standard gauge,HU,Hungary,2005,7436,
TOTAL,Total,STD,Standard gauge,HU,Hungary,2006,7886,
TOTAL,Total,STD,Standard gauge,HU,Hungary,2007,7577,
TOTAL,Total,STD,Standard gauge,HU,Hungary,2008,7581,
TOTAL,Total,STD,Standard gauge,HU,Hungary,2009,7076,
TOTAL,Total,STD,Standard gauge,HU,Hungary,2010,7276,
TOTAL,Total,STD,Standard gauge,HU,Hungary,2011,7361.9,
TOTAL,Total,STD,Standard gauge,HU,Hungary,2012,7361.6,
TOTAL,Total,STD,Standard gauge,HU,Hungary,2013,7115.1,
TOTAL,Total,STD,Standard gauge,HU,Hungary,2014,7060.75,
TOTAL,Total,STD,Standard gauge,HU,Hungary,2015,7049,
TOTAL,Total,STD,Standard gauge,HU,Hungary,2016,7438,
TOTAL,Total,STD,Standard gauge,HU,Hungary,2017,7652,
TOTAL,Total,STD,Standard gauge,HU,Hungary,2018,7441,
TOTAL,Total,STD,Standard gauge,HU,Hungary,2019,7443,
TOTAL,Total,STD,Standard gauge,HU,Hungary,2020,7441,
TOTAL,Total,STD,Standard gauge,HU,Hungary,2021,7558,
TOTAL,Total,STD,Standard gauge,HU,Hungary,2022,7558,
TOTAL,Total,STD,Standard gauge,HU,Hungary,2023,7395,
TOTAL,Total,STD,Standard gauge,HU,Hungary,2024,7395,
TOTAL,Total,STD,Standard gauge,IE,Ireland,1990,0,
TOTAL,Total,STD,Standard gauge,IE,Ireland,1991,0,
TOTAL,Total,STD,Standard gauge,IE,Ireland,1992,0,
TOTAL,Total,STD,Standard gauge,IE,Ireland,1993,0,
TOTAL,Total,STD,Standard gauge,IE,Ireland,1994,0,
TOTAL,Total,STD,Standard gauge,IE,Ireland,1995,0,
TOTAL,Total,STD,Standard gauge,IE,Ireland,1996,0,
TOTAL,Total,STD,Standard gauge,IE,Ireland,1997,0,
TOTAL,Total,STD,Standard gauge,IE,Ireland,1998,0,
TOTAL,Total,STD,Standard gauge,IE,Ireland,1999,0,
TOTAL,Total,STD,Standard gauge,IE,Ireland,2000,0,
TOTAL,Total,STD,Standard gauge,IE,Ireland,2001,0,
TOTAL,Total,STD,Standard gauge,IE,Ireland,2002,0,
TOTAL,Total,STD,Standard gauge,IE,Ireland,2003,0,
TOTAL,Total,STD,Standard gauge,IE,Ireland,2004,0,
TOTAL,Total,STD,Standard gauge,IE,Ireland,2005,0,
TOTAL,Total,STD,Standard gauge,IE,Ireland,2006,0,
TOTAL,Total,STD,Standard gauge,IE,Ireland,2007,0,
TOTAL,Total,STD,Standard gauge,IE,Ireland,2008,0,
TOTAL,Total,STD,Standard gauge,IE,Ireland,2009,0,
TOTAL,Total,STD,Standard gauge,IE,Ireland,2010,0,
TOTAL,Total,STD,Standard gauge,IE,Ireland,2011,0,
TOTAL,Total,STD,Standard gauge,IE,Ireland,2012,0,
TOTAL,Total,STD,Standard gauge,IE,Ireland,2013,0,
TOTAL,Total,STD,Standard gauge,IE,Ireland,2014,0,
TOTAL,Total,STD,Standard gauge,IE,Ireland,2015,0,
TOTAL,Total,STD,Standard gauge,IE,Ireland,2016,0,
TOTAL,Total,STD,Standard gauge,IE,Ireland,2017,0,
TOTAL,Total,STD,Standard gauge,IE,Ireland,2018,0,
TOTAL,Total,STD,Standard gauge,IE,Ireland,2019,0,
TOTAL,Total,STD,Standard gauge,IE,Ireland,2020,0,
TOTAL,Total,STD,Standard gauge,IE,Ireland,2021,0,
TOTAL,Total,STD,Standard gauge,IE,Ireland,2022,0,
TOTAL,Total,STD,Standard gauge,IE,Ireland,2023,0,i
TOTAL,Total,STD,Standard gauge,IE,Ireland,2024,0,
TOTAL,Total,STD,Standard gauge,IT,Italy,1962,15973,
TOTAL,Total,STD,Standard gauge,IT,Italy,1990,16066,
TOTAL,Total,STD,Standard gauge,IT,Italy,1991,16066,
TOTAL,Total,STD,Standard gauge,IT,Italy,1992,15950,
TOTAL,Total,STD,Standard gauge,IT,Italy,1993,15939,
TOTAL,Total,STD,Standard gauge,IT,Italy,1994,16002,
TOTAL,Total,STD,Standard gauge,IT,Italy,1995,16005,
TOTAL,Total,STD,Standard gauge,IT,Italy,1996,16014,
TOTAL,Total,STD,Standard gauge,IT,Italy,1997,16030,
TOTAL,Total,STD,Standard gauge,IT,Italy,1998,16080,
TOTAL,Total,STD,Standard gauge,IT,Italy,1999,16092,
TOTAL,Total,STD,Standard gauge,IT,Italy,2000,15974,
TOTAL,Total,STD,Standard gauge,IT,Italy,2001,16035,
TOTAL,Total,STD,Standard gauge,IT,Italy,2002,15985,
TOTAL,Total,STD,Standard gauge,IT,Italy,2003,15965,
TOTAL,Total,STD,Standard gauge,IT,Italy,2004,15916,
TOTAL,Total,STD,Standard gauge,IT,Italy,2005,16225,
TOTAL,Total,STD,Standard gauge,IT,Italy,2006,16295,
TOTAL,Total,STD,Standard gauge,IT,Italy,2007,16335,
TOTAL,Total,STD,Standard gauge,IT,Italy,2008,16529,
TOTAL,Total,STD,Standard gauge,IT,Italy,2009,16686,
TOTAL,Total,STD,Standard gauge,IT,Italy,2010,16704,
TOTAL,Total,STD,Standard gauge,IT,Italy,2011,16726,
TOTAL,Total,STD,Standard gauge,IT,Italy,2012,16742,
TOTAL,Total,STD,Standard gauge,IT,Italy,2013,16752,
TOTAL,Total,STD,Standard gauge,IT,Italy,2014,16722,i
TOTAL,Total,STD,Standard gauge,IT,Italy,2015,16724,i
TOTAL,Total,STD,Standard gauge,IT,Italy,2016,16788,i
TOTAL,Total,STD,Standard gauge,IT,Italy,2017,16787,i
TOTAL,Total,STD,Standard gauge,IT,Italy,2018,16781,
TOTAL,Total,STD,Standard gauge,IT,Italy,2019,16779,
TOTAL,Total,STD,Standard gauge,IT,Italy,2020,16782,
TOTAL,Total,STD,Standard gauge,IT,Italy,2021,16832,
TOTAL,Total,STD,Standard gauge,IT,Italy,2022,16829,
TOTAL,Total,STD,Standard gauge,IT,Italy,2023,16832,
TOTAL,Total,STD,Standard gauge,IT,Italy,2024,16879,
TOTAL,Total,STD,Standard gauge,LI,Liechtenstein,2013,9,
TOTAL,Total,STD,Standard gauge,LI,Liechtenstein,2014,9,
TOTAL,Total,STD,Standard gauge,LI,Liechtenstein,2015,9,
TOTAL,Total,STD,Standard gauge,LI,Liechtenstein,2016,9,
TOTAL,Total,STD,Standard gauge,LI,Liechtenstein,2017,9,
TOTAL,Total,STD,Standard gauge,LI,Liechtenstein,2018,9,
TOTAL,Total,STD,Standard gauge,LI,Liechtenstein,2019,9,
TOTAL,Total,STD,Standard gauge,LI,Liechtenstein,2020,9,
TOTAL,Total,STD,Standard gauge,LI,Liechtenstein,2021,9,
TOTAL,Total,STD,Standard gauge,LI,Liechtenstein,2022,9,
TOTAL,Total,STD,Standard gauge,LI,Liechtenstein,2023,9,
TOTAL,Total,STD,Standard gauge,LI,Liechtenstein,2024,9,
TOTAL,Total,STD,Standard gauge,LT,Lithuania,1992,21.8,
TOTAL,Total,STD,Standard gauge,LT,Lithuania,1993,21.8,
TOTAL,Total,STD,Standard gauge,LT,Lithuania,1994,21.8,
TOTAL,Total,STD,Standard gauge,LT,Lithuania,1995,21.8,
TOTAL,Total,STD,Standard gauge,LT,Lithuania,1996,21.8,
TOTAL,Total,STD,Standard gauge,LT,Lithuania,1997,21.8,
TOTAL,Total,STD,Standard gauge,LT,Lithuania,1998,22,
TOTAL,Total,STD,Standard gauge,LT,Lithuania,1999,22,
TOTAL,Total,STD,Standard gauge,LT,Lithuania,2000,21.8,
TOTAL,Total,STD,Standard gauge,LT,Lithuania,2001,21.8,
TOTAL,Total,STD,Standard gauge,LT,Lithuania,2002,21.8,
TOTAL,Total,STD,Standard gauge,LT,Lithuania,2003,21.8,
TOTAL,Total,STD,Standard gauge,LT,Lithuania,2004,21.8,
TOTAL,Total,STD,Standard gauge,LT,Lithuania,2005,21.8,
TOTAL,Total,STD,Standard gauge,LT,Lithuania,2006,21.8,
TOTAL,Total,STD,Standard gauge,LT,Lithuania,2007,21.8,
TOTAL,Total,STD,Standard gauge,LT,Lithuania,2008,21.8,
TOTAL,Total,STD,Standard gauge,LT,Lithuania,2009,21.8,
TOTAL,Total,STD,Standard gauge,LT,Lithuania,2010,21.8,
TOTAL,Total,STD,Standard gauge,LT,Lithuania,2011,21.8,
TOTAL,Total,STD,Standard gauge,LT,Lithuania,2012,21.8,
TOTAL,Total,STD,Standard gauge,LT,Lithuania,2013,21.8,
TOTAL,Total,STD,Standard gauge,LT,Lithuania,2014,21.8,
TOTAL,Total,STD,Standard gauge,LT,Lithuania,2015,115.2,
TOTAL,Total,STD,Standard gauge,LT,Lithuania,2016,115.2,
TOTAL,Total,STD,Standard gauge,LT,Lithuania,2017,115.2,
TOTAL,Total,STD,Standard gauge,LT,Lithuania,2018,120.1,
TOTAL,Total,STD,Standard gauge,LT,Lithuania,2019,120.1,
TOTAL,Total,STD,Standard gauge,LT,Lithuania,2020,120.1,
TOTAL,Total,STD,Standard gauge,LT,Lithuania,2021,120.1,
TOTAL,Total,STD,Standard gauge,LT,Lithuania,2022,128.4,
TOTAL,Total,STD,Standard gauge,LT,Lithuania,2023,128.4,
TOTAL,Total,STD,Standard gauge,LT,Lithuania,2024,128.4,
TOTAL,Total,STD,Standard gauge,LU,Luxembourg,1962,393,
TOTAL,Total,STD,Standard gauge,LU,Luxembourg,1990,271,
TOTAL,Total,STD,Standard gauge,LU,Luxembourg,1991,271,
TOTAL,Total,STD,Standard gauge,LU,Luxembourg,1992,275,
TOTAL,Total,STD,Standard gauge,LU,Luxembourg,1993,275,
TOTAL,Total,STD,Standard gauge,LU,Luxembourg,1994,275,
TOTAL,Total,STD,Standard gauge,LU,Luxembourg,1995,275,
TOTAL,Total,STD,Standard gauge,LU,Luxembourg,1996,274,
TOTAL,Total,STD,Standard gauge,LU,Luxembourg,1997,274,
TOTAL,Total,STD,Standard gauge,LU,Luxembourg,1998,274,
TOTAL,Total,STD,Standard gauge,LU,Luxembourg,1999,274,
TOTAL,Total,STD,Standard gauge,LU,Luxembourg,2000,274,
TOTAL,Total,STD,Standard gauge,LU,Luxembourg,2001,274,
TOTAL,Total,STD,Standard gauge,LU,Luxembourg,2002,274,
TOTAL,Total,STD,Standard gauge,LU,Luxembourg,2003,275,
TOTAL,Total,STD,Standard gauge,LU,Luxembourg,2004,275,
TOTAL,Total,STD,Standard gauge,LU,Luxembourg,2005,275,
TOTAL,Total,STD,Standard gauge,LU,Luxembourg,2006,275,
TOTAL,Total,STD,Standard gauge,LU,Luxembourg,2007,275,
TOTAL,Total,STD,Standard gauge,LU,Luxembourg,2008,275,
TOTAL,Total,STD,Standard gauge,LU,Luxembourg,2009,275,
TOTAL,Total,STD,Standard gauge,LU,Luxembourg,2010,275,
TOTAL,Total,STD,Standard gauge,LU,Luxembourg,2011,275,
TOTAL,Total,STD,Standard gauge,LU,Luxembourg,2012,275,
TOTAL,Total,STD,Standard gauge,LU,Luxembourg,2013,275,
TOTAL,Total,STD,Standard gauge,LU,Luxembourg,2014,275,
TOTAL,Total,STD,Standard gauge,LU,Luxembourg,2015,275,
TOTAL,Total,STD,Standard gauge,LU,Luxembourg,2016,275,
TOTAL,Total,STD,Standard gauge,LU,Luxembourg,2017,271,
TOTAL,Total,STD,Standard gauge,LU,Luxembourg,2018,271,
TOTAL,Total,STD,Standard gauge,LU,Luxembourg,2019,271,
TOTAL,Total,STD,Standard gauge,LU,Luxembourg,2020,271,
TOTAL,Total,STD,Standard gauge,LU,Luxembourg,2021,271,
TOTAL,Total,STD,Standard gauge,LU,Luxembourg,2022,271,
TOTAL,Total,STD,Standard gauge,LU,Luxembourg,2023,271,
TOTAL,Total,STD,Standard gauge,LU,Luxembourg,2024,271,
TOTAL,Total,STD,Standard gauge,LV,Latvia,1990,0,
TOTAL,Total,STD,Standard gauge,LV,Latvia,1991,0,
TOTAL,Total,STD,Standard gauge,LV,Latvia,1992,0,
TOTAL,Total,STD,Standard gauge,LV,Latvia,1993,0,
TOTAL,Total,STD,Standard gauge,LV,Latvia,1994,0,
TOTAL,Total,STD,Standard gauge,LV,Latvia,1995,0,
TOTAL,Total,STD,Standard gauge,LV,Latvia,1996,0,
TOTAL,Total,STD,Standard gauge,LV,Latvia,1997,0,
TOTAL,Total,STD,Standard gauge,LV,Latvia,1998,0,
TOTAL,Total,STD,Standard gauge,LV,Latvia,1999,0,
TOTAL,Total,STD,Standard gauge,LV,Latvia,2000,0,
TOTAL,Total,STD,Standard gauge,LV,Latvia,2001,0,
TOTAL,Total,STD,Standard gauge,LV,Latvia,2002,0,
TOTAL,Total,STD,Standard gauge,LV,Latvia,2003,0,
TOTAL,Total,STD,Standard gauge,LV,Latvia,2004,0,
TOTAL,Total,STD,Standard gauge,LV,Latvia,2005,0,
TOTAL,Total,STD,Standard gauge,LV,Latvia,2006,0,
TOTAL,Total,STD,Standard gauge,LV,Latvia,2007,0,
TOTAL,Total,STD,Standard gauge,LV,Latvia,2008,0,
TOTAL,Total,STD,Standard gauge,LV,Latvia,2009,0,
TOTAL,Total,STD,Standard gauge,LV,Latvia,2010,0,
TOTAL,Total,STD,Standard gauge,LV,Latvia,2011,0,
TOTAL,Total,STD,Standard gauge,LV,Latvia,2012,0,
TOTAL,Total,STD,Standard gauge,LV,Latvia,2013,0,
TOTAL,Total,STD,Standard gauge,LV,Latvia,2014,0,
TOTAL,Total,STD,Standard gauge,LV,Latvia,2015,0,
TOTAL,Total,STD,Standard gauge,LV,Latvia,2016,0,
TOTAL,Total,STD,Standard gauge,LV,Latvia,2017,0,
TOTAL,Total,STD,Standard gauge,LV,Latvia,2018,0,
TOTAL,Total,STD,Standard gauge,LV,Latvia,2019,0,
TOTAL,Total,STD,Standard gauge,LV,Latvia,2020,0,
TOTAL,Total,STD,Standard gauge,LV,Latvia,2021,0,
TOTAL,Total,STD,Standard gauge,LV,Latvia,2022,3.6,
TOTAL,Total,STD,Standard gauge,LV,Latvia,2023,0,
TOTAL,Total,STD,Standard gauge,LV,Latvia,2024,0,
TOTAL,Total,STD,Standard gauge,MD,Moldova,1992,26.4,
TOTAL,Total,STD,Standard gauge,MD,Moldova,1993,26.4,
TOTAL,Total,STD,Standard gauge,MD,Moldova,1994,26.4,
TOTAL,Total,STD,Standard gauge,MD,Moldova,1995,26.4,
TOTAL,Total,STD,Standard gauge,MD,Moldova,1996,26.4,
TOTAL,Total,STD,Standard gauge,MD,Moldova,1997,26.4,
TOTAL,Total,STD,Standard gauge,MD,Moldova,1998,25.3,
TOTAL,Total,STD,Standard gauge,MD,Moldova,1999,13.9,
TOTAL,Total,STD,Standard gauge,MD,Moldova,2000,13.9,
TOTAL,Total,STD,Standard gauge,MD,Moldova,2001,13.9,
TOTAL,Total,STD,Standard gauge,MD,Moldova,2002,13.1,
TOTAL,Total,STD,Standard gauge,MD,Moldova,2004,11.6,
TOTAL,Total,STD,Standard gauge,MD,Moldova,2009,11,
TOTAL,Total,STD,Standard gauge,MD,Moldova,2010,10.8,
TOTAL,Total,STD,Standard gauge,MD,Moldova,2011,10.8,
TOTAL,Total,STD,Standard gauge,MD,Moldova,2012,10.8,
TOTAL,Total,STD,Standard gauge,MD,Moldova,2013,10.8,
TOTAL,Total,STD,Standard gauge,MD,Moldova,2014,9.7,
TOTAL,Total,STD,Standard gauge,MD,Moldova,2015,4.2,
TOTAL,Total,STD,Standard gauge,MD,Moldova,2016,4.2,
TOTAL,Total,STD,Standard gauge,MD,Moldova,2017,4.2,
TOTAL,Total,STD,Standard gauge,MD,Moldova,2018,4.2,
TOTAL,Total,STD,Standard gauge,MD,Moldova,2019,4.2,
TOTAL,Total,STD,Standard gauge,MD,Moldova,2020,4.2,
TOTAL,Total,STD,Standard gauge,MD,Moldova,2021,4.2,
TOTAL,Total,STD,Standard gauge,MD,Moldova,2022,4.2,
TOTAL,Total,STD,Standard gauge,MD,Moldova,2023,4.2,
TOTAL,Total,STD,Standard gauge,MD,Moldova,2024,4,
TOTAL,Total,STD,Standard gauge,ME,Montenegro,2011,248.76,i
TOTAL,Total,STD,Standard gauge,ME,Montenegro,2012,248.76,i
TOTAL,Total,STD,Standard gauge,ME,Montenegro,2013,248.76,i
TOTAL,Total,STD,Standard gauge,ME,Montenegro,2014,249,i
TOTAL,Total,STD,Standard gauge,ME,Montenegro,2015,249,i
TOTAL,Total,STD,Standard gauge,ME,Montenegro,2016,250,
TOTAL,Total,STD,Standard gauge,ME,Montenegro,2017,250,
TOTAL,Total,STD,Standard gauge,ME,Montenegro,2018,250,
TOTAL,Total,STD,Standard gauge,ME,Montenegro,2019,250,
TOTAL,Total,STD,Standard gauge,ME,Montenegro,2020,250.5,
TOTAL,Total,STD,Standard gauge,ME,Montenegro,2021,250.5,
TOTAL,Total,STD,Standard gauge,ME,Montenegro,2022,250.5,
TOTAL,Total,STD,Standard gauge,ME,Montenegro,2023,250.5,
TOTAL,Total,STD,Standard gauge,ME,Montenegro,2024,250.5,
TOTAL,Total,STD,Standard gauge,MK,North Macedonia,1990,696,
TOTAL,Total,STD,Standard gauge,MK,North Macedonia,1992,697,
TOTAL,Total,STD,Standard gauge,MK,North Macedonia,1993,697,
TOTAL,Total,STD,Standard gauge,MK,North Macedonia,1994,697,
TOTAL,Total,STD,Standard gauge,MK,North Macedonia,1995,697,
TOTAL,Total,STD,Standard gauge,MK,North Macedonia,1996,697,
TOTAL,Total,STD,Standard gauge,MK,North Macedonia,1997,699,
TOTAL,Total,STD,Standard gauge,MK,North Macedonia,1998,699,
TOTAL,Total,STD,Standard gauge,MK,North Macedonia,1999,699,
TOTAL,Total,STD,Standard gauge,MK,North Macedonia,2000,699,
TOTAL,Total,STD,Standard gauge,MK,North Macedonia,2001,699,
TOTAL,Total,STD,Standard gauge,MK,North Macedonia,2002,699,
TOTAL,Total,STD,Standard gauge,MK,North Macedonia,2004,699,
TOTAL,Total,STD,Standard gauge,MK,North Macedonia,2005,699,
TOTAL,Total,STD,Standard gauge,MK,North Macedonia,2006,699,
TOTAL,Total,STD,Standard gauge,MK,North Macedonia,2007,699,
TOTAL,Total,STD,Standard gauge,MK,North Macedonia,2008,699,
TOTAL,Total,STD,Standard gauge,MK,North Macedonia,2009,699,
TOTAL,Total,STD,Standard gauge,MK,North Macedonia,2010,699,
TOTAL,Total,STD,Standard gauge,MK,North Macedonia,2011,699,
TOTAL,Total,STD,Standard gauge,MK,North Macedonia,2012,699,
TOTAL,Total,STD,Standard gauge,MK,North Macedonia,2013,699,
TOTAL,Total,STD,Standard gauge,MK,North Macedonia,2014,699,
TOTAL,Total,STD,Standard gauge,MK,North Macedonia,2015,699,
TOTAL,Total,STD,Standard gauge,MK,North Macedonia,2016,683,
TOTAL,Total,STD,Standard gauge,MK,North Macedonia,2017,683,
TOTAL,Total,STD,Standard gauge,MK,North Macedonia,2018,683,
TOTAL,Total,STD,Standard gauge,MK,North Macedonia,2019,683,
TOTAL,Total,STD,Standard gauge,MK,North Macedonia,2020,683,
TOTAL,Total,STD,Standard gauge,MK,North Macedonia,2021,683,
TOTAL,Total,STD,Standard gauge,MK,North Macedonia,2022,683,
TOTAL,Total,STD,Standard gauge,MK,North Macedonia,2023,683,
TOTAL,Total,STD,Standard gauge,MK,North Macedonia,2024,683,
TOTAL,Total,STD,Standard gauge,NL,Netherlands,1962,3250,
TOTAL,Total,STD,Standard gauge,NL,Netherlands,1990,2780,i
TOTAL,Total,STD,Standard gauge,NL,Netherlands,1991,2780,i
TOTAL,Total,STD,Standard gauge,NL,Netherlands,1992,2753,i
TOTAL,Total,STD,Standard gauge,NL,Netherlands,1993,2811,i
TOTAL,Total,STD,Standard gauge,NL,Netherlands,1994,2813,i
TOTAL,Total,STD,Standard gauge,NL,Netherlands,1995,2813,i
TOTAL,Total,STD,Standard gauge,NL,Netherlands,1996,2813,i
TOTAL,Total,STD,Standard gauge,NL,Netherlands,1997,2805,i
TOTAL,Total,STD,Standard gauge,NL,Netherlands,1998,2808,i
TOTAL,Total,STD,Standard gauge,NL,Netherlands,1999,2808,i
TOTAL,Total,STD,Standard gauge,NL,Netherlands,2000,2802,i
TOTAL,Total,STD,Standard gauge,NL,Netherlands,2001,2809,i
TOTAL,Total,STD,Standard gauge,NL,Netherlands,2002,2806,i
TOTAL,Total,STD,Standard gauge,NL,Netherlands,2003,2811,i
TOTAL,Total,STD,Standard gauge,NL,Netherlands,2004,2811,i
TOTAL,Total,STD,Standard gauge,NL,Netherlands,2005,2810,i
TOTAL,Total,STD,Standard gauge,NL,Netherlands,2006,2797,i
TOTAL,Total,STD,Standard gauge,NL,Netherlands,2007,2801,i
TOTAL,Total,STD,Standard gauge,NL,Netherlands,2008,2888,
TOTAL,Total,STD,Standard gauge,NL,Netherlands,2009,2896,
TOTAL,Total,STD,Standard gauge,NL,Netherlands,2010,3013,
TOTAL,Total,STD,Standard gauge,NL,Netherlands,2011,3013,
TOTAL,Total,STD,Standard gauge,NL,Netherlands,2012,3013,
TOTAL,Total,STD,Standard gauge,NL,Netherlands,2013,3013,
TOTAL,Total,STD,Standard gauge,NL,Netherlands,2014,3032,
TOTAL,Total,STD,Standard gauge,NL,Netherlands,2015,3031,
TOTAL,Total,STD,Standard gauge,NL,Netherlands,2016,3058,
TOTAL,Total,STD,Standard gauge,NL,Netherlands,2017,3055,
TOTAL,Total,STD,Standard gauge,NL,Netherlands,2018,3040,
TOTAL,Total,STD,Standard gauge,NL,Netherlands,2019,3040,
TOTAL,Total,STD,Standard gauge,NL,Netherlands,2020,3041,
TOTAL,Total,STD,Standard gauge,NL,Netherlands,2021,3041,
TOTAL,Total,STD,Standard gauge,NL,Netherlands,2022,3041,
TOTAL,Total,STD,Standard gauge,NL,Netherlands,2023,3041,
TOTAL,Total,STD,Standard gauge,NL,Netherlands,2024,3043,
TOTAL,Total,STD,Standard gauge,NO,Norway,1990,4044,
TOTAL,Total,STD,Standard gauge,NO,Norway,1991,4027,
TOTAL,Total,STD,Standard gauge,NO,Norway,1992,4027,
TOTAL,Total,STD,Standard gauge,NO,Norway,1993,4023,
TOTAL,Total,STD,Standard gauge,NO,Norway,1994,4023,
TOTAL,Total,STD,Standard gauge,NO,Norway,1995,4023,
TOTAL,Total,STD,Standard gauge,NO,Norway,1996,4021,
TOTAL,Total,STD,Standard gauge,NO,Norway,1997,4021,
TOTAL,Total,STD,Standard gauge,NO,Norway,1998,4021,i
TOTAL,Total,STD,Standard gauge,NO,Norway,2000,4179,
TOTAL,Total,STD,Standard gauge,NO,Norway,2001,4178,
TOTAL,Total,STD,Standard gauge,NO,Norway,2002,4077,
TOTAL,Total,STD,Standard gauge,NO,Norway,2003,4077,
TOTAL,Total,STD,Standard gauge,NO,Norway,2004,4077,
TOTAL,Total,STD,Standard gauge,NO,Norway,2005,4114,
TOTAL,Total,STD,Standard gauge,NO,Norway,2006,4114,
TOTAL,Total,STD,Standard gauge,NO,Norway,2007,4114,
TOTAL,Total,STD,Standard gauge,NO,Norway,2008,4114,
TOTAL,Total,STD,Standard gauge,NO,Norway,2009,3910,
TOTAL,Total,STD,Standard gauge,NO,Norway,2010,3958,
TOTAL,Total,STD,Standard gauge,NO,Norway,2011,3910,
TOTAL,Total,STD,Standard gauge,NO,Norway,2012,3891,
TOTAL,Total,STD,Standard gauge,NO,Norway,2013,3897,
TOTAL,Total,STD,Standard gauge,NO,Norway,2014,3906,
TOTAL,Total,STD,Standard gauge,NO,Norway,2015,3896,
TOTAL,Total,STD,Standard gauge,NO,Norway,2016,3895,
TOTAL,Total,STD,Standard gauge,NO,Norway,2017,3895,
TOTAL,Total,STD,Standard gauge,NO,Norway,2018,3887,
TOTAL,Total,STD,Standard gauge,NO,Norway,2019,3890,
TOTAL,Total,STD,Standard gauge,NO,Norway,2020,3885,
TOTAL,Total,STD,Standard gauge,NO,Norway,2021,3885,
TOTAL,Total,STD,Standard gauge,NO,Norway,2022,3907,
TOTAL,Total,STD,Standard gauge,NO,Norway,2023,3962,
TOTAL,Total,STD,Standard gauge,NO,Norway,2024,3962,
TOTAL,Total,STD,Standard gauge,PL,Poland,1990,23334,
TOTAL,Total,STD,Standard gauge,PL,Poland,1991,23193,
TOTAL,Total,STD,Standard gauge,PL,Poland,1992,22740,
TOTAL,Total,STD,Standard gauge,PL,Poland,1993,22656,
TOTAL,Total,STD,Standard gauge,PL,Poland,1994,22239,
TOTAL,Total,STD,Standard gauge,PL,Poland,1995,21951,
TOTAL,Total,STD,Standard gauge,PL,Poland,1996,21639,
TOTAL,Total,STD,Standard gauge,PL,Poland,1997,21643,
TOTAL,Total,STD,Standard gauge,PL,Poland,1998,21491,
TOTAL,Total,STD,Standard gauge,PL,Poland,1999,21347,
TOTAL,Total,STD,Standard gauge,PL,Poland,2000,21032,
TOTAL,Total,STD,Standard gauge,PL,Poland,2001,19505,
TOTAL,Total,STD,Standard gauge,PL,Poland,2002,20124,
TOTAL,Total,STD,Standard gauge,PL,Poland,2003,18981,i
TOTAL,Total,STD,Standard gauge,PL,Poland,2004,19362,
TOTAL,Total,STD,Standard gauge,PL,Poland,2005,19296,
TOTAL,Total,STD,Standard gauge,PL,Poland,2006,19219,
TOTAL,Total,STD,Standard gauge,PL,Poland,2007,19252,
TOTAL,Total,STD,Standard gauge,PL,Poland,2008,19460,
TOTAL,Total,STD,Standard gauge,PL,Poland,2009,19623,
TOTAL,Total,STD,Standard gauge,PL,Poland,2010,19546,
TOTAL,Total,STD,Standard gauge,PL,Poland,2011,19570,
TOTAL,Total,STD,Standard gauge,PL,Poland,2012,19436,
TOTAL,Total,STD,Standard gauge,PL,Poland,2013,18721,
TOTAL,Total,STD,Standard gauge,PL,Poland,2014,18702,
TOTAL,Total,STD,Standard gauge,PL,Poland,2015,18694,
TOTAL,Total,STD,Standard gauge,PL,Poland,2016,18595,
TOTAL,Total,STD,Standard gauge,PL,Poland,2017,18672,
TOTAL,Total,STD,Standard gauge,PL,Poland,2018,18659,
TOTAL,Total,STD,Standard gauge,PL,Poland,2019,18793,
TOTAL,Total,STD,Standard gauge,PL,Poland,2020,18814,
TOTAL,Total,STD,Standard gauge,PL,Poland,2021,18718,
TOTAL,Total,STD,Standard gauge,PL,Poland,2022,18786,
TOTAL,Total,STD,Standard gauge,PL,Poland,2023,18970,
TOTAL,Total,STD,Standard gauge,PL,Poland,2024,19045,
TOTAL,Total,STD,Standard gauge,PT,Portugal,1990,0,
TOTAL,Total,STD,Standard gauge,PT,Portugal,1991,0,
TOTAL,Total,STD,Standard gauge,PT,Portugal,1992,0,
TOTAL,Total,STD,Standard gauge,PT,Portugal,1993,0,
TOTAL,Total,STD,Standard gauge,PT,Portugal,1994,0,
TOTAL,Total,STD,Standard gauge,PT,Portugal,1995,0,
TOTAL,Total,STD,Standard gauge,PT,Portugal,1996,0,
TOTAL,Total,STD,Standard gauge,PT,Portugal,1997,0,
TOTAL,Total,STD,Standard gauge,PT,Portugal,1998,0,
TOTAL,Total,STD,Standard gauge,PT,Portugal,1999,0,
TOTAL,Total,STD,Standard gauge,PT,Portugal,2000,0,
TOTAL,Total,STD,Standard gauge,PT,Portugal,2001,0,
TOTAL,Total,STD,Standard gauge,PT,Portugal,2002,0,
TOTAL,Total,STD,Standard gauge,PT,Portugal,2003,0,
TOTAL,Total,STD,Standard gauge,PT,Portugal,2004,0,
TOTAL,Total,STD,Standard gauge,PT,Portugal,2005,0,
TOTAL,Total,STD,Standard gauge,PT,Portugal,2006,0,
TOTAL,Total,STD,Standard gauge,PT,Portugal,2007,0,
TOTAL,Total,STD,Standard gauge,PT,Portugal,2008,0,
TOTAL,Total,STD,Standard gauge,PT,Portugal,2009,0,
TOTAL,Total,STD,Standard gauge,PT,Portugal,2010,0,
TOTAL,Total,STD,Standard gauge,PT,Portugal,2011,0,
TOTAL,Total,STD,Standard gauge,PT,Portugal,2012,0,
TOTAL,Total,STD,Standard gauge,PT,Portugal,2013,0,
TOTAL,Total,STD,Standard gauge,PT,Portugal,2014,0,
TOTAL,Total,STD,Standard gauge,PT,Portugal,2015,0,
TOTAL,Total,STD,Standard gauge,PT,Portugal,2016,0,
TOTAL,Total,STD,Standard gauge,PT,Portugal,2017,0,
TOTAL,Total,STD,Standard gauge,PT,Portugal,2018,0,
TOTAL,Total,STD,Standard gauge,PT,Portugal,2019,0,
TOTAL,Total,STD,Standard gauge,PT,Portugal,2020,0,
TOTAL,Total,STD,Standard gauge,PT,Portugal,2021,0,
TOTAL,Total,STD,Standard gauge,PT,Portugal,2022,0,
TOTAL,Total,STD,Standard gauge,PT,Portugal,2023,0,
TOTAL,Total,STD,Standard gauge,PT,Portugal,2024,0,
TOTAL,Total,STD,Standard gauge,RO,Romania,1990,10876,
TOTAL,Total,STD,Standard gauge,RO,Romania,1991,10893,
TOTAL,Total,STD,Standard gauge,RO,Romania,1992,10943,
TOTAL,Total,STD,Standard gauge,RO,Romania,1993,10893,
TOTAL,Total,STD,Standard gauge,RO,Romania,1994,10887,
TOTAL,Total,STD,Standard gauge,RO,Romania,1995,10889,
TOTAL,Total,STD,Standard gauge,RO,Romania,1996,10898,
TOTAL,Total,STD,Standard gauge,RO,Romania,1997,10898,
TOTAL,Total,STD,Standard gauge,RO,Romania,1998,10895,
TOTAL,Total,STD,Standard gauge,RO,Romania,1999,10924,
TOTAL,Total,STD,Standard gauge,RO,Romania,2000,10958,
TOTAL,Total,STD,Standard gauge,RO,Romania,2001,10958,
TOTAL,Total,STD,Standard gauge,RO,Romania,2002,10945,
TOTAL,Total,STD,Standard gauge,RO,Romania,2003,10946,
TOTAL,Total,STD,Standard gauge,RO,Romania,2004,10914,
TOTAL,Total,STD,Standard gauge,RO,Romania,2005,10816,
TOTAL,Total,STD,Standard gauge,RO,Romania,2006,10731,
TOTAL,Total,STD,Standard gauge,RO,Romania,2007,10639,
TOTAL,Total,STD,Standard gauge,RO,Romania,2008,10646,
TOTAL,Total,STD,Standard gauge,RO,Romania,2009,10645,
TOTAL,Total,STD,Standard gauge,RO,Romania,2010,10645,
TOTAL,Total,STD,Standard gauge,RO,Romania,2011,10638,
TOTAL,Total,STD,Standard gauge,RO,Romania,2012,10639,
TOTAL,Total,STD,Standard gauge,RO,Romania,2013,10630,
TOTAL,Total,STD,Standard gauge,RO,Romania,2014,10638,
TOTAL,Total,STD,Standard gauge,RO,Romania,2015,10632,
TOTAL,Total,STD,Standard gauge,RO,Romania,2016,10635,
TOTAL,Total,STD,Standard gauge,RO,Romania,2017,10635,
TOTAL,Total,STD,Standard gauge,RO,Romania,2018,10627,
TOTAL,Total,STD,Standard gauge,RO,Romania,2019,10621,
TOTAL,Total,STD,Standard gauge,RO,Romania,2020,10631,
TOTAL,Total,STD,Standard gauge,RO,Romania,2021,10626,
TOTAL,Total,STD,Standard gauge,RO,Romania,2022,10519,
TOTAL,Total,STD,Standard gauge,RO,Romania,2023,10515,
TOTAL,Total,STD,Standard gauge,RO,Romania,2024,10515,
TOTAL,Total,STD,Standard gauge,RS,Serbia,2006,3809,
TOTAL,Total,STD,Standard gauge,RS,Serbia,2007,3809,
TOTAL,Total,STD,Standard gauge,RS,Serbia,2008,3809,
TOTAL,Total,STD,Standard gauge,RS,Serbia,2009,3809,
TOTAL,Total,STD,Standard gauge,RS,Serbia,2010,3809,
TOTAL,Total,STD,Standard gauge,RS,Serbia,2011,3819,
TOTAL,Total,STD,Standard gauge,RS,Serbia,2012,3819,
TOTAL,Total,STD,Standard gauge,RS,Serbia,2013,3819,
TOTAL,Total,STD,Standard gauge,RS,Serbia,2014,3819,
TOTAL,Total,STD,Standard gauge,RS,Serbia,2015,3766,
TOTAL,Total,STD,Standard gauge,RS,Serbia,2016,3766,
TOTAL,Total,STD,Standard gauge,RS,Serbia,2017,3764,
TOTAL,Total,STD,Standard gauge,RS,Serbia,2018,3724,
TOTAL,Total,STD,Standard gauge,RS,Serbia,2019,3763,
TOTAL,Total,STD,Standard gauge,RS,Serbia,2020,3354,
TOTAL,Total,STD,Standard gauge,RS,Serbia,2021,3369,
TOTAL,Total,STD,Standard gauge,RS,Serbia,2022,3382,
TOTAL,Total,STD,Standard gauge,RS,Serbia,2023,3382,
TOTAL,Total,STD,Standard gauge,RS,Serbia,2024,3357,
TOTAL,Total,STD,Standard gauge,SE,Sweden,1990,11118,
TOTAL,Total,STD,Standard gauge,SE,Sweden,1991,10985,
TOTAL,Total,STD,Standard gauge,SE,Sweden,1992,10923,
TOTAL,Total,STD,Standard gauge,SE,Sweden,1993,10823,
TOTAL,Total,STD,Standard gauge,SE,Sweden,1994,10738,
TOTAL,Total,STD,Standard gauge,SE,Sweden,1995,10859,
TOTAL,Total,STD,Standard gauge,SE,Sweden,1996,10898,
TOTAL,Total,STD,Standard gauge,SE,Sweden,1997,10875,
TOTAL,Total,STD,Standard gauge,SE,Sweden,1998,10932,
TOTAL,Total,STD,Standard gauge,SE,Sweden,1999,10979,
TOTAL,Total,STD,Standard gauge,SE,Sweden,2000,10972,
TOTAL,Total,STD,Standard gauge,SE,Sweden,2001,10956,
TOTAL,Total,STD,Standard gauge,SE,Sweden,2002,11030,
TOTAL,Total,STD,Standard gauge,SE,Sweden,2003,10972,
TOTAL,Total,STD,Standard gauge,SE,Sweden,2004,10985,
TOTAL,Total,STD,Standard gauge,SE,Sweden,2005,10952,
TOTAL,Total,STD,Standard gauge,SE,Sweden,2006,10955,
TOTAL,Total,STD,Standard gauge,SE,Sweden,2007,10907,
TOTAL,Total,STD,Standard gauge,SE,Sweden,2008,10967,
TOTAL,Total,STD,Standard gauge,SE,Sweden,2009,11084,
TOTAL,Total,STD,Standard gauge,SE,Sweden,2010,11095,
TOTAL,Total,STD,Standard gauge,SE,Sweden,2011,11141,
TOTAL,Total,STD,Standard gauge,SE,Sweden,2012,11071,
TOTAL,Total,STD,Standard gauge,SE,Sweden,2013,10892,
TOTAL,Total,STD,Standard gauge,SE,Sweden,2014,10816,
TOTAL,Total,STD,Standard gauge,SE,Sweden,2015,10843,
TOTAL,Total,STD,Standard gauge,SE,Sweden,2016,10816,
TOTAL,Total,STD,Standard gauge,SE,Sweden,2017,10808,
TOTAL,Total,STD,Standard gauge,SE,Sweden,2018,10840,
TOTAL,Total,STD,Standard gauge,SE,Sweden,2019,10834,
TOTAL,Total,STD,Standard gauge,SE,Sweden,2020,10844,
TOTAL,Total,STD,Standard gauge,SE,Sweden,2021,10847,
TOTAL,Total,STD,Standard gauge,SE,Sweden,2022,10848,
TOTAL,Total,STD,Standard gauge,SE,Sweden,2023,10840,
TOTAL,Total,STD,Standard gauge,SE,Sweden,2024,10836,
TOTAL,Total,STD,Standard gauge,SI,Slovenia,1990,1196,
TOTAL,Total,STD,Standard gauge,SI,Slovenia,1991,1201,
TOTAL,Total,STD,Standard gauge,SI,Slovenia,1992,1201,
TOTAL,Total,STD,Standard gauge,SI,Slovenia,1993,1201,
TOTAL,Total,STD,Standard gauge,SI,Slovenia,1994,1201,
TOTAL,Total,STD,Standard gauge,SI,Slovenia,1995,1201,
TOTAL,Total,STD,Standard gauge,SI,Slovenia,1996,1201,
TOTAL,Total,STD,Standard gauge,SI,Slovenia,1997,1201,
TOTAL,Total,STD,Standard gauge,SI,Slovenia,1998,1201,
TOTAL,Total,STD,Standard gauge,SI,Slovenia,1999,1201,
TOTAL,Total,STD,Standard gauge,SI,Slovenia,2000,1201,
TOTAL,Total,STD,Standard gauge,SI,Slovenia,2001,1228.6,
TOTAL,Total,STD,Standard gauge,SI,Slovenia,2002,1228.6,
TOTAL,Total,STD,Standard gauge,SI,Slovenia,2003,1228.7,
TOTAL,Total,STD,Standard gauge,SI,Slovenia,2004,1228.7,
TOTAL,Total,STD,Standard gauge,SI,Slovenia,2005,1228.1,
TOTAL,Total,STD,Standard gauge,SI,Slovenia,2006,1228.07,
TOTAL,Total,STD,Standard gauge,SI,Slovenia,2007,1228.07,
TOTAL,Total,STD,Standard gauge,SI,Slovenia,2008,1228.07,
TOTAL,Total,STD,Standard gauge,SI,Slovenia,2009,1228.07,
TOTAL,Total,STD,Standard gauge,SI,Slovenia,2010,1228.07,
TOTAL,Total,STD,Standard gauge,SI,Slovenia,2011,1209.13,
TOTAL,Total,STD,Standard gauge,SI,Slovenia,2012,1209,
TOTAL,Total,STD,Standard gauge,SI,Slovenia,2013,1209,
TOTAL,Total,STD,Standard gauge,SI,Slovenia,2014,1209,
TOTAL,Total,STD,Standard gauge,SI,Slovenia,2015,1209,
TOTAL,Total,STD,Standard gauge,SI,Slovenia,2016,1209,
TOTAL,Total,STD,Standard gauge,SI,Slovenia,2017,1209,
TOTAL,Total,STD,Standard gauge,SI,Slovenia,2018,1209,
TOTAL,Total,STD,Standard gauge,SI,Slovenia,2019,1209,
TOTAL,Total,STD,Standard gauge,SI,Slovenia,2020,1209,
TOTAL,Total,STD,Standard gauge,SI,Slovenia,2021,1209,
TOTAL,Total,STD,Standard gauge,SI,Slovenia,2022,1208,
TOTAL,Total,STD,Standard gauge,SI,Slovenia,2023,1208,
TOTAL,Total,STD,Standard gauge,SI,Slovenia,2024,1208,
TOTAL,Total,STD,Standard gauge,SK,Slovakia,1990,3507,
TOTAL,Total,STD,Standard gauge,SK,Slovakia,1991,3507,
TOTAL,Total,STD,Standard gauge,SK,Slovakia,1992,3507,
TOTAL,Total,STD,Standard gauge,SK,Slovakia,1993,3507,
TOTAL,Total,STD,Standard gauge,SK,Slovakia,1994,3507,
TOTAL,Total,STD,Standard gauge,SK,Slovakia,1995,3507,
TOTAL,Total,STD,Standard gauge,SK,Slovakia,1996,3515,
TOTAL,Total,STD,Standard gauge,SK,Slovakia,1997,3515,
TOTAL,Total,STD,Standard gauge,SK,Slovakia,1998,3509,
TOTAL,Total,STD,Standard gauge,SK,Slovakia,1999,3509,
TOTAL,Total,STD,Standard gauge,SK,Slovakia,2000,3512,
TOTAL,Total,STD,Standard gauge,SK,Slovakia,2001,3512,
TOTAL,Total,STD,Standard gauge,SK,Slovakia,2002,3507,
TOTAL,Total,STD,Standard gauge,SK,Slovakia,2003,3507,
TOTAL,Total,STD,Standard gauge,SK,Slovakia,2004,3510,
TOTAL,Total,STD,Standard gauge,SK,Slovakia,2005,3509,
TOTAL,Total,STD,Standard gauge,SK,Slovakia,2006,3509,
TOTAL,Total,STD,Standard gauge,SK,Slovakia,2007,3480,
TOTAL,Total,STD,Standard gauge,SK,Slovakia,2008,3474,
TOTAL,Total,STD,Standard gauge,SK,Slovakia,2009,3474,
TOTAL,Total,STD,Standard gauge,SK,Slovakia,2010,3473,
TOTAL,Total,STD,Standard gauge,SK,Slovakia,2011,3475,
TOTAL,Total,STD,Standard gauge,SK,Slovakia,2012,3482,
TOTAL,Total,STD,Standard gauge,SK,Slovakia,2013,3482,
TOTAL,Total,STD,Standard gauge,SK,Slovakia,2014,3482,
TOTAL,Total,STD,Standard gauge,SK,Slovakia,2015,3481,
TOTAL,Total,STD,Standard gauge,SK,Slovakia,2016,3481,
TOTAL,Total,STD,Standard gauge,SK,Slovakia,2017,3481,
TOTAL,Total,STD,Standard gauge,SK,Slovakia,2018,3482,
TOTAL,Total,STD,Standard gauge,SK,Slovakia,2019,3484,
TOTAL,Total,STD,Standard gauge,SK,Slovakia,2020,3482,
TOTAL,Total,STD,Standard gauge,SK,Slovakia,2021,3481,
TOTAL,Total,STD,Standard gauge,SK,Slovakia,2022,3481,
TOTAL,Total,STD,Standard gauge,SK,Slovakia,2023,3486,
TOTAL,Total,STD,Standard gauge,SK,Slovakia,2024,3484,
TOTAL,Total,STD,Standard gauge,TR,Türkiye,1990,8429,
TOTAL,Total,STD,Standard gauge,TR,Türkiye,1991,8429,
TOTAL,Total,STD,Standard gauge,TR,Türkiye,1992,8430,
TOTAL,Total,STD,Standard gauge,TR,Türkiye,1993,8430,
TOTAL,Total,STD,Standard gauge,TR,Türkiye,1994,8452,i
TOTAL,Total,STD,Standard gauge,TR,Türkiye,1995,8549,i
TOTAL,Total,STD,Standard gauge,TR,Türkiye,1996,8607,i
TOTAL,Total,STD,Standard gauge,TR,Türkiye,1997,8607,
TOTAL,Total,STD,Standard gauge,TR,Türkiye,1998,8607,
TOTAL,Total,STD,Standard gauge,TR,Türkiye,1999,8682,
TOTAL,Total,STD,Standard gauge,TR,Türkiye,2000,8671,
TOTAL,Total,STD,Standard gauge,TR,Türkiye,2001,8671,
TOTAL,Total,STD,Standard gauge,TR,Türkiye,2002,8671,
TOTAL,Total,STD,Standard gauge,TR,Türkiye,2003,8697,
TOTAL,Total,STD,Standard gauge,TR,Türkiye,2004,8697,
TOTAL,Total,STD,Standard gauge,TR,Türkiye,2005,8697,
TOTAL,Total,STD,Standard gauge,TR,Türkiye,2006,8697,
TOTAL,Total,STD,Standard gauge,TR,Türkiye,2007,8697,
TOTAL,Total,STD,Standard gauge,TR,Türkiye,2008,8699,
TOTAL,Total,STD,Standard gauge,TR,Türkiye,2009,9080,
TOTAL,Total,STD,Standard gauge,TR,Türkiye,2010,9594,
TOTAL,Total,STD,Standard gauge,TR,Türkiye,2011,9642,
TOTAL,Total,STD,Standard gauge,TR,Türkiye,2012,9642,
TOTAL,Total,STD,Standard gauge,TR,Türkiye,2013,9718,
TOTAL,Total,STD,Standard gauge,TR,Türkiye,2014,10087,
TOTAL,Total,STD,Standard gauge,TR,Türkiye,2015,10131,
TOTAL,Total,STD,Standard gauge,TR,Türkiye,2016,10131,
TOTAL,Total,STD,Standard gauge,TR,Türkiye,2017,10207,
TOTAL,Total,STD,Standard gauge,TR,Türkiye,2018,10315,
TOTAL,Total,STD,Standard gauge,TR,Türkiye,2019,10378,
TOTAL,Total,STD,Standard gauge,TR,Türkiye,2020,10378,
TOTAL,Total,STD,Standard gauge,TR,Türkiye,2021,10546,i
TOTAL,Total,STD,Standard gauge,TR,Türkiye,2022,10651,i
TOTAL,Total,STD,Standard gauge,TR,Türkiye,2023,11417,
TOTAL,Total,STD,Standard gauge,TR,Türkiye,2024,11417,
TOTAL,Total,STD,Standard gauge,UA,Ukraine,1992,49,
TOTAL,Total,STD,Standard gauge,UA,Ukraine,1993,49,
TOTAL,Total,STD,Standard gauge,UA,Ukraine,1994,49,
TOTAL,Total,STD,Standard gauge,UA,Ukraine,1995,49,
TOTAL,Total,STD,Standard gauge,UA,Ukraine,1996,49,
TOTAL,Total,STD,Standard gauge,UA,Ukraine,1997,49,
TOTAL,Total,STD,Standard gauge,UA,Ukraine,1998,49,
TOTAL,Total,STD,Standard gauge,UA,Ukraine,1999,48,
TOTAL,Total,STD,Standard gauge,UA,Ukraine,2012,25,
TOTAL,Total,STD,Standard gauge,UA,Ukraine,2013,25,
TOTAL,Total,STD,Standard gauge,UA,Ukraine,2014,18,
TOTAL,Total,STD,Standard gauge,UA,Ukraine,2015,18,
TOTAL,Total,STD,Standard gauge,UA,Ukraine,2016,18,
TOTAL,Total,STD,Standard gauge,UA,Ukraine,2017,18,
TOTAL,Total,STD,Standard gauge,UA,Ukraine,2018,18,
TOTAL,Total,STD,Standard gauge,UA,Ukraine,2019,18,
TOTAL,Total,STD,Standard gauge,UA,Ukraine,2020,18,
TOTAL,Total,STD,Standard gauge,UA,Ukraine,2021,18,
TOTAL,Total,STD,Standard gauge,UA,Ukraine,2022,18,
TOTAL,Total,STD,Standard gauge,UA,Ukraine,2023,18,
TOTAL,Total,STD,Standard gauge,UK,United Kingdom,1991,16909,
TOTAL,Total,STD,Standard gauge,UK,United Kingdom,1992,16843,
TOTAL,Total,STD,Standard gauge,UK,United Kingdom,1993,16854,
TOTAL,Total,STD,Standard gauge,UK,United Kingdom,1994,16542,
TOTAL,Total,STD,Standard gauge,UK,United Kingdom,1995,16666,
TOTAL,Total,STD,Standard gauge,UK,United Kingdom,1996,16666,
TOTAL,Total,STD,Standard gauge,UK,United Kingdom,1997,16656,
TOTAL,Total,STD,Standard gauge,UK,United Kingdom,1998,16659,
TOTAL,Total,STD,Standard gauge,UK,United Kingdom,1999,16649,
TOTAL,Total,STD,Standard gauge,UK,United Kingdom,2000,16652,
TOTAL,Total,STD,Standard gauge,UK,United Kingdom,2001,16652,p
TOTAL,Total,STD,Standard gauge,UK,United Kingdom,2002,16652,p
TOTAL,Total,STD,Standard gauge,UK,United Kingdom,2004,16116,
TOTAL,Total,STD,Standard gauge,UK,United Kingdom,2005,15810,
TOTAL,Total,STD,Standard gauge,UK,United Kingdom,2006,15795,
TOTAL,Total,STD,Standard gauge,UK,United Kingdom,2007,15814,
TOTAL,Total,STD,Standard gauge,UK,United Kingdom,2008,16160,i
TOTAL,Total,STD,Standard gauge,UK,United Kingdom,2009,16126,i
TOTAL,Total,STD,Standard gauge,UK,United Kingdom,2010,16223,i
TOTAL,Total,STD,Standard gauge,UK,United Kingdom,2011,16210,i
TOTAL,Total,STD,Standard gauge,UK,United Kingdom,2012,16195,
TOTAL,Total,STD,Standard gauge,UK,United Kingdom,2013,16195,
TOTAL,Total,STD,Standard gauge,UK,United Kingdom,2014,16209,
TOTAL,Total,STD,Standard gauge,UK,United Kingdom,2015,16241,
TOTAL,Total,STD,Standard gauge,UK,United Kingdom,2016,16253,
TOTAL,Total,STD,Standard gauge,UK,United Kingdom,2017,16320,
TOTAL,Total,STD,Standard gauge,UK,United Kingdom,2018,16289,
TOTAL,Total,STD,Standard gauge,UK,United Kingdom,2019,16147,
TOTAL,Total,STD,Standard gauge,UK,United Kingdom,2020,16186,
TOTAL,Total,STD,Standard gauge,UK,United Kingdom,2021,16124,
TOTAL,Total,STD,Standard gauge,UK,United Kingdom,2022,16097,
TOTAL,Total,STD,Standard gauge,UK,United Kingdom,2023,16100,
TOTAL,Total,STD,Standard gauge,UK,United Kingdom,2024,15856,
TOTAL,Total,STD,Standard gauge,XK,Kosovo*,2017,246.35,
TOTAL,Total,STD,Standard gauge,XK,Kosovo*,2018,246.35,
TOTAL,Total,STD,Standard gauge,XK,Kosovo*,2019,246.35,
TOTAL,Total,STD,Standard gauge,XK,Kosovo*,2020,246.35,
TOTAL,Total,STD,Standard gauge,XK,Kosovo*,2021,246.35,
TOTAL,Total,STD,Standard gauge,XK,Kosovo*,2022,246.35,
TOTAL,Total,TOTAL,Total,AL,Albania,1990,674,
TOTAL,Total,TOTAL,Total,AL,Albania,1991,674,
TOTAL,Total,TOTAL,Total,AL,Albania,1992,674,
TOTAL,Total,TOTAL,Total,AL,Albania,1993,630,
TOTAL,Total,TOTAL,Total,AL,Albania,1994,520,
TOTAL,Total,TOTAL,Total,AL,Albania,1995,520,
TOTAL,Total,TOTAL,Total,AL,Albania,1996,447,
TOTAL,Total,TOTAL,Total,AL,Albania,1997,447,
TOTAL,Total,TOTAL,Total,AL,Albania,1998,394,
TOTAL,Total,TOTAL,Total,AL,Albania,1999,394,
TOTAL,Total,TOTAL,Total,AL,Albania,2000,400,
TOTAL,Total,TOTAL,Total,AL,Albania,2001,409,
TOTAL,Total,TOTAL,Total,AL,Albania,2002,428,
TOTAL,Total,TOTAL,Total,AL,Albania,2003,421,i
TOTAL,Total,TOTAL,Total,AL,Albania,2004,413,i
TOTAL,Total,TOTAL,Total,AL,Albania,2005,406,i
TOTAL,Total,TOTAL,Total,AL,Albania,2006,398,i
TOTAL,Total,TOTAL,Total,AL,Albania,2007,391,i
TOTAL,Total,TOTAL,Total,AL,Albania,2008,383,i
TOTAL,Total,TOTAL,Total,AL,Albania,2009,376,i
TOTAL,Total,TOTAL,Total,AL,Albania,2010,368,i
TOTAL,Total,TOTAL,Total,AL,Albania,2011,361,i
TOTAL,Total,TOTAL,Total,AL,Albania,2012,353,i
TOTAL,Total,TOTAL,Total,AL,Albania,2013,346,
TOTAL,Total,TOTAL,Total,AL,Albania,2014,346,
TOTAL,Total,TOTAL,Total,AL,Albania,2015,379,
TOTAL,Total,TOTAL,Total,AL,Albania,2016,334,
TOTAL,Total,TOTAL,Total,AL,Albania,2017,334,
TOTAL,Total,TOTAL,Total,AL,Albania,2018,334,
TOTAL,Total,TOTAL,Total,AL,Albania,2019,234.85,
TOTAL,Total,TOTAL,Total,AL,Albania,2020,204.15,
TOTAL,Total,TOTAL,Total,AL,Albania,2021,224,
TOTAL,Total,TOTAL,Total,AL,Albania,2022,204.15,
TOTAL,Total,TOTAL,Total,AL,Albania,2023,252.95,
TOTAL,Total,TOTAL,Total,AL,Albania,2024,252.95,
TOTAL,Total,TOTAL,Total,AT,Austria,1990,5624,
TOTAL,Total,TOTAL,Total,AT,Austria,1991,5623,
TOTAL,Total,TOTAL,Total,AT,Austria,1992,5605,
TOTAL,Total,TOTAL,Total,AT,Austria,1993,5600,
TOTAL,Total,TOTAL,Total,AT,Austria,1994,5636,
TOTAL,Total,TOTAL,Total,AT,Austria,1995,5672,
TOTAL,Total,TOTAL,Total,AT,Austria,1996,5672,
TOTAL,Total,TOTAL,Total,AT,Austria,1997,5672,
TOTAL,Total,TOTAL,Total,AT,Austria,1998,5643,
TOTAL,Total,TOTAL,Total,AT,Austria,1999,5618,
TOTAL,Total,TOTAL,Total,AT,Austria,2000,5563,
TOTAL,Total,TOTAL,Total,AT,Austria,2001,5980,
TOTAL,Total,TOTAL,Total,AT,Austria,2002,5642,
TOTAL,Total,TOTAL,Total,AT,Austria,2003,5655,i
TOTAL,Total,TOTAL,Total,AT,Austria,2004,5675,i
TOTAL,Total,TOTAL,Total,AT,Austria,2005,5691,i
TOTAL,Total,TOTAL,Total,AT,Austria,2006,5702,i
TOTAL,Total,TOTAL,Total,AT,Austria,2007,5702,i
TOTAL,Total,TOTAL,Total,AT,Austria,2008,5693,i
TOTAL,Total,TOTAL,Total,AT,Austria,2009,5693,i
TOTAL,Total,TOTAL,Total,AT,Austria,2010,5828,
TOTAL,Total,TOTAL,Total,AT,Austria,2011,5500,
TOTAL,Total,TOTAL,Total,AT,Austria,2012,5566,
TOTAL,Total,TOTAL,Total,AT,Austria,2013,5531,
TOTAL,Total,TOTAL,Total,AT,Austria,2014,5531,
TOTAL,Total,TOTAL,Total,AT,Austria,2015,5522,
TOTAL,Total,TOTAL,Total,AT,Austria,2016,5491,
TOTAL,Total,TOTAL,Total,AT,Austria,2017,5527,
TOTAL,Total,TOTAL,Total,AT,Austria,2018,5526,
TOTAL,Total,TOTAL,Total,AT,Austria,2019,5615,
TOTAL,Total,TOTAL,Total,AT,Austria,2020,5607,
TOTAL,Total,TOTAL,Total,AT,Austria,2021,5603,
TOTAL,Total,TOTAL,Total,AT,Austria,2022,5575,
TOTAL,Total,TOTAL,Total,AT,Austria,2023,5577,
TOTAL,Total,TOTAL,Total,AT,Austria,2024,5624,
TOTAL,Total,TOTAL,Total,BA,Bosnia and Herzegovina,1990,944,
TOTAL,Total,TOTAL,Total,BA,Bosnia and Herzegovina,1991,1021,
TOTAL,Total,TOTAL,Total,BA,Bosnia and Herzegovina,1992,1032,
TOTAL,Total,TOTAL,Total,BA,Bosnia and Herzegovina,1993,1032,
TOTAL,Total,TOTAL,Total,BA,Bosnia and Herzegovina,1994,1032,
TOTAL,Total,TOTAL,Total,BA,Bosnia and Herzegovina,1995,1032,
TOTAL,Total,TOTAL,Total,BA,Bosnia and Herzegovina,1996,1031,
TOTAL,Total,TOTAL,Total,BA,Bosnia and Herzegovina,1997,1031,
TOTAL,Total,TOTAL,Total,BA,Bosnia and Herzegovina,1998,1031,
TOTAL,Total,TOTAL,Total,BA,Bosnia and Herzegovina,1999,1031,
TOTAL,Total,TOTAL,Total,BA,Bosnia and Herzegovina,2000,1031,
TOTAL,Total,TOTAL,Total,BA,Bosnia and Herzegovina,2001,1032,
TOTAL,Total,TOTAL,Total,BA,Bosnia and Herzegovina,2002,1033,
TOTAL,Total,TOTAL,Total,BA,Bosnia and Herzegovina,2003,1033,
TOTAL,Total,TOTAL,Total,BA,Bosnia and Herzegovina,2004,1000,
TOTAL,Total,TOTAL,Total,BA,Bosnia and Herzegovina,2005,1000,
TOTAL,Total,TOTAL,Total,BA,Bosnia and Herzegovina,2006,1001,
TOTAL,Total,TOTAL,Total,BA,Bosnia and Herzegovina,2007,1017,
TOTAL,Total,TOTAL,Total,BA,Bosnia and Herzegovina,2008,1017,
TOTAL,Total,TOTAL,Total,BA,Bosnia and Herzegovina,2009,1017,
TOTAL,Total,TOTAL,Total,BA,Bosnia and Herzegovina,2010,1027,
TOTAL,Total,TOTAL,Total,BA,Bosnia and Herzegovina,2011,1027,
TOTAL,Total,TOTAL,Total,BA,Bosnia and Herzegovina,2012,1027,
TOTAL,Total,TOTAL,Total,BA,Bosnia and Herzegovina,2013,1027,
TOTAL,Total,TOTAL,Total,BA,Bosnia and Herzegovina,2014,1027,
TOTAL,Total,TOTAL,Total,BA,Bosnia and Herzegovina,2015,1027,
TOTAL,Total,TOTAL,Total,BA,Bosnia and Herzegovina,2016,1018,
TOTAL,Total,TOTAL,Total,BA,Bosnia and Herzegovina,2017,1018,
TOTAL,Total,TOTAL,Total,BA,Bosnia and Herzegovina,2018,1018,
TOTAL,Total,TOTAL,Total,BA,Bosnia and Herzegovina,2019,1018,
TOTAL,Total,TOTAL,Total,BA,Bosnia and Herzegovina,2020,1018,
TOTAL,Total,TOTAL,Total,BA,Bosnia and Herzegovina,2021,1018,
TOTAL,Total,TOTAL,Total,BA,Bosnia and Herzegovina,2022,1018,
TOTAL,Total,TOTAL,Total,BA,Bosnia and Herzegovina,2023,1025,
TOTAL,Total,TOTAL,Total,BA,Bosnia and Herzegovina,2024,1025,
TOTAL,Total,TOTAL,Total,BE,Belgium,1962,4601,
TOTAL,Total,TOTAL,Total,BE,Belgium,1990,3479,
TOTAL,Total,TOTAL,Total,BE,Belgium,1991,3466,
TOTAL,Total,TOTAL,Total,BE,Belgium,1992,3432,
TOTAL,Total,TOTAL,Total,BE,Belgium,1993,3410,
TOTAL,Total,TOTAL,Total,BE,Belgium,1994,3396,
TOTAL,Total,TOTAL,Total,BE,Belgium,1995,3368,
TOTAL,Total,TOTAL,Total,BE,Belgium,1996,3380,
TOTAL,Total,TOTAL,Total,BE,Belgium,1997,3422,
TOTAL,Total,TOTAL,Total,BE,Belgium,1998,3470,
TOTAL,Total,TOTAL,Total,BE,Belgium,1999,3472,
TOTAL,Total,TOTAL,Total,BE,Belgium,2000,3471,
TOTAL,Total,TOTAL,Total,BE,Belgium,2001,3454,
TOTAL,Total,TOTAL,Total,BE,Belgium,2002,3518,
TOTAL,Total,TOTAL,Total,BE,Belgium,2003,3521,
TOTAL,Total,TOTAL,Total,BE,Belgium,2004,3536,
TOTAL,Total,TOTAL,Total,BE,Belgium,2005,3544,
TOTAL,Total,TOTAL,Total,BE,Belgium,2006,3560,
TOTAL,Total,TOTAL,Total,BE,Belgium,2007,3568,
TOTAL,Total,TOTAL,Total,BE,Belgium,2008,3513,
TOTAL,Total,TOTAL,Total,BE,Belgium,2009,3578,
TOTAL,Total,TOTAL,Total,BE,Belgium,2010,3582,
TOTAL,Total,TOTAL,Total,BE,Belgium,2011,3587,
TOTAL,Total,TOTAL,Total,BE,Belgium,2012,3592,
TOTAL,Total,TOTAL,Total,BE,Belgium,2013,3595,
TOTAL,Total,TOTAL,Total,BE,Belgium,2014,3631,
TOTAL,Total,TOTAL,Total,BE,Belgium,2015,3607,
TOTAL,Total,TOTAL,Total,BE,Belgium,2016,3602,
TOTAL,Total,TOTAL,Total,BE,Belgium,2017,3605,
TOTAL,Total,TOTAL,Total,BE,Belgium,2018,3607,
TOTAL,Total,TOTAL,Total,BE,Belgium,2019,3614,
TOTAL,Total,TOTAL,Total,BE,Belgium,2020,3615,
TOTAL,Total,TOTAL,Total,BE,Belgium,2021,3612,
TOTAL,Total,TOTAL,Total,BE,Belgium,2022,3619,
TOTAL,Total,TOTAL,Total,BE,Belgium,2023,3629,
TOTAL,Total,TOTAL,Total,BE,Belgium,2024,3615,
TOTAL,Total,TOTAL,Total,BG,Bulgaria,1990,4299,
TOTAL,Total,TOTAL,Total,BG,Bulgaria,1991,4299,
TOTAL,Total,TOTAL,Total,BG,Bulgaria,1992,4294,
TOTAL,Total,TOTAL,Total,BG,Bulgaria,1993,4294,
TOTAL,Total,TOTAL,Total,BG,Bulgaria,1994,4291,
TOTAL,Total,TOTAL,Total,BG,Bulgaria,1995,4293,
TOTAL,Total,TOTAL,Total,BG,Bulgaria,1996,4293,
TOTAL,Total,TOTAL,Total,BG,Bulgaria,1997,4291,
TOTAL,Total,TOTAL,Total,BG,Bulgaria,1998,4290,
TOTAL,Total,TOTAL,Total,BG,Bulgaria,1999,4290,
TOTAL,Total,TOTAL,Total,BG,Bulgaria,2000,4320,
TOTAL,Total,TOTAL,Total,BG,Bulgaria,2001,4320,
TOTAL,Total,TOTAL,Total,BG,Bulgaria,2002,4318,
TOTAL,Total,TOTAL,Total,BG,Bulgaria,2003,4316,
TOTAL,Total,TOTAL,Total,BG,Bulgaria,2004,4259,
TOTAL,Total,TOTAL,Total,BG,Bulgaria,2005,4154,
TOTAL,Total,TOTAL,Total,BG,Bulgaria,2006,4146,
TOTAL,Total,TOTAL,Total,BG,Bulgaria,2007,4143,
TOTAL,Total,TOTAL,Total,BG,Bulgaria,2008,4144,
TOTAL,Total,TOTAL,Total,BG,Bulgaria,2009,4150,
TOTAL,Total,TOTAL,Total,BG,Bulgaria,2010,4098,
TOTAL,Total,TOTAL,Total,BG,Bulgaria,2011,4072,
TOTAL,Total,TOTAL,Total,BG,Bulgaria,2012,4070,
TOTAL,Total,TOTAL,Total,BG,Bulgaria,2013,4032,
TOTAL,Total,TOTAL,Total,BG,Bulgaria,2014,4023,
TOTAL,Total,TOTAL,Total,BG,Bulgaria,2015,4019,
TOTAL,Total,TOTAL,Total,BG,Bulgaria,2016,4029,
TOTAL,Total,TOTAL,Total,BG,Bulgaria,2017,4030,
TOTAL,Total,TOTAL,Total,BG,Bulgaria,2018,4030,
TOTAL,Total,TOTAL,Total,BG,Bulgaria,2019,4030,
TOTAL,Total,TOTAL,Total,BG,Bulgaria,2020,4029,
TOTAL,Total,TOTAL,Total,BG,Bulgaria,2021,4031,
TOTAL,Total,TOTAL,Total,BG,Bulgaria,2022,4029,
TOTAL,Total,TOTAL,Total,BG,Bulgaria,2023,4029,
TOTAL,Total,TOTAL,Total,BG,Bulgaria,2024,4025,
TOTAL,Total,TOTAL,Total,CH,Switzerland,1990,4908,i
TOTAL,Total,TOTAL,Total,CH,Switzerland,1991,4912,i
TOTAL,Total,TOTAL,Total,CH,Switzerland,1992,4903,i
TOTAL,Total,TOTAL,Total,CH,Switzerland,1993,4913,i
TOTAL,Total,TOTAL,Total,CH,Switzerland,1994,4913,i
TOTAL,Total,TOTAL,Total,CH,Switzerland,1995,4917,i
TOTAL,Total,TOTAL,Total,CH,Switzerland,1996,4919,i
TOTAL,Total,TOTAL,Total,CH,Switzerland,1997,4869,i
TOTAL,Total,TOTAL,Total,CH,Switzerland,1998,4836,i
TOTAL,Total,TOTAL,Total,CH,Switzerland,1999,5108,b
TOTAL,Total,TOTAL,Total,CH,Switzerland,2000,5032,
TOTAL,Total,TOTAL,Total,CH,Switzerland,2001,5025,
TOTAL,Total,TOTAL,Total,CH,Switzerland,2002,5021,
TOTAL,Total,TOTAL,Total,CH,Switzerland,2003,5007,
TOTAL,Total,TOTAL,Total,CH,Switzerland,2004,5041,
TOTAL,Total,TOTAL,Total,CH,Switzerland,2005,5040,
TOTAL,Total,TOTAL,Total,CH,Switzerland,2006,5043,
TOTAL,Total,TOTAL,Total,CH,Switzerland,2007,5085,
TOTAL,Total,TOTAL,Total,CH,Switzerland,2008,5146,i
TOTAL,Total,TOTAL,Total,CH,Switzerland,2009,5188,i
TOTAL,Total,TOTAL,Total,CH,Switzerland,2010,5124,
TOTAL,Total,TOTAL,Total,CH,Switzerland,2011,5140,i
TOTAL,Total,TOTAL,Total,CH,Switzerland,2012,5147,i
TOTAL,Total,TOTAL,Total,CH,Switzerland,2013,5181,i
TOTAL,Total,TOTAL,Total,CH,Switzerland,2014,5187,i
TOTAL,Total,TOTAL,Total,CH,Switzerland,2015,5205,
TOTAL,Total,TOTAL,Total,CH,Switzerland,2016,5249,i
TOTAL,Total,TOTAL,Total,CH,Switzerland,2017,5251,i
TOTAL,Total,TOTAL,Total,CH,Switzerland,2018,5248,i
TOTAL,Total,TOTAL,Total,CH,Switzerland,2019,5288,i
TOTAL,Total,TOTAL,Total,CH,Switzerland,2020,5303,
TOTAL,Total,TOTAL,Total,CH,Switzerland,2021,5305,i
TOTAL,Total,TOTAL,Total,CH,Switzerland,2022,5305,i
TOTAL,Total,TOTAL,Total,CH,Switzerland,2023,5318,i
TOTAL,Total,TOTAL,Total,CH,Switzerland,2024,5307,i
TOTAL,Total,TOTAL,Total,CZ,Czechia,1990,9451,
TOTAL,Total,TOTAL,Total,CZ,Czechia,1991,9454,
TOTAL,Total,TOTAL,Total,CZ,Czechia,1992,9439,
TOTAL,Total,TOTAL,Total,CZ,Czechia,1993,9441,
TOTAL,Total,TOTAL,Total,CZ,Czechia,1994,9375,
TOTAL,Total,TOTAL,Total,CZ,Czechia,1995,9327,
TOTAL,Total,TOTAL,Total,CZ,Czechia,1996,9435,
TOTAL,Total,TOTAL,Total,CZ,Czechia,1997,9430,
TOTAL,Total,TOTAL,Total,CZ,Czechia,1998,9430,
TOTAL,Total,TOTAL,Total,CZ,Czechia,1999,9444,
TOTAL,Total,TOTAL,Total,CZ,Czechia,2000,9444,
TOTAL,Total,TOTAL,Total,CZ,Czechia,2001,9523,
TOTAL,Total,TOTAL,Total,CZ,Czechia,2002,9600,
TOTAL,Total,TOTAL,Total,CZ,Czechia,2003,9602,
TOTAL,Total,TOTAL,Total,CZ,Czechia,2004,9612,
TOTAL,Total,TOTAL,Total,CZ,Czechia,2005,9614,
TOTAL,Total,TOTAL,Total,CZ,Czechia,2006,9597,
TOTAL,Total,TOTAL,Total,CZ,Czechia,2007,9588,
TOTAL,Total,TOTAL,Total,CZ,Czechia,2008,9586,
TOTAL,Total,TOTAL,Total,CZ,Czechia,2009,9578,
TOTAL,Total,TOTAL,Total,CZ,Czechia,2010,9568,
TOTAL,Total,TOTAL,Total,CZ,Czechia,2011,9572,
TOTAL,Total,TOTAL,Total,CZ,Czechia,2012,9570,
TOTAL,Total,TOTAL,Total,CZ,Czechia,2013,9560,
TOTAL,Total,TOTAL,Total,CZ,Czechia,2014,9559,
TOTAL,Total,TOTAL,Total,CZ,Czechia,2015,9566,
TOTAL,Total,TOTAL,Total,CZ,Czechia,2016,9564,
TOTAL,Total,TOTAL,Total,CZ,Czechia,2017,9567,
TOTAL,Total,TOTAL,Total,CZ,Czechia,2018,9572,
TOTAL,Total,TOTAL,Total,CZ,Czechia,2019,9562,
TOTAL,Total,TOTAL,Total,CZ,Czechia,2020,9542,
TOTAL,Total,TOTAL,Total,CZ,Czechia,2021,9523,
TOTAL,Total,TOTAL,Total,CZ,Czechia,2022,9521,
TOTAL,Total,TOTAL,Total,CZ,Czechia,2023,9514,
TOTAL,Total,TOTAL,Total,CZ,Czechia,2024,9514,
TOTAL,Total,TOTAL,Total,DE,Germany,1962,30605,
TOTAL,Total,TOTAL,Total,DE,Germany,1990,44050,
TOTAL,Total,TOTAL,Total,DE,Germany,1991,41113,
TOTAL,Total,TOTAL,Total,DE,Germany,1992,40815,
TOTAL,Total,TOTAL,Total,DE,Germany,1993,40397,
TOTAL,Total,TOTAL,Total,DE,Germany,1994,41257,
TOTAL,Total,TOTAL,Total,DE,Germany,1995,41718,
TOTAL,Total,TOTAL,Total,DE,Germany,1996,40826,
TOTAL,Total,TOTAL,Total,DE,Germany,1997,38385,
TOTAL,Total,TOTAL,Total,DE,Germany,1998,38126,
TOTAL,Total,TOTAL,Total,DE,Germany,1999,37525,
TOTAL,Total,TOTAL,Total,DE,Germany,2000,36587.64,
TOTAL,Total,TOTAL,Total,DE,Germany,2001,35986.1,
TOTAL,Total,TOTAL,Total,DE,Germany,2002,35804,
TOTAL,Total,TOTAL,Total,DE,Germany,2003,41531,b
TOTAL,Total,TOTAL,Total,DE,Germany,2004,40202,
TOTAL,Total,TOTAL,Total,DE,Germany,2005,38206,
TOTAL,Total,TOTAL,Total,DE,Germany,2006,38206,
TOTAL,Total,TOTAL,Total,DE,Germany,2007,38005,
TOTAL,Total,TOTAL,Total,DE,Germany,2008,37798,
TOTAL,Total,TOTAL,Total,DE,Germany,2009,37934,
TOTAL,Total,TOTAL,Total,DE,Germany,2010,38750,
TOTAL,Total,TOTAL,Total,DE,Germany,2011,38712,
TOTAL,Total,TOTAL,Total,DE,Germany,2012,38648,
TOTAL,Total,TOTAL,Total,DE,Germany,2013,38653.801,
TOTAL,Total,TOTAL,Total,DE,Germany,2014,38658.765,
TOTAL,Total,TOTAL,Total,DE,Germany,2015,38630.502,
TOTAL,Total,TOTAL,Total,DE,Germany,2016,38696.542,
TOTAL,Total,TOTAL,Total,DE,Germany,2017,38802.643,
TOTAL,Total,TOTAL,Total,DE,Germany,2018,38994.798,
TOTAL,Total,TOTAL,Total,DE,Germany,2019,39068.117,
TOTAL,Total,TOTAL,Total,DE,Germany,2020,38799.773,
TOTAL,Total,TOTAL,Total,DE,Germany,2021,38783.143,
TOTAL,Total,TOTAL,Total,DK,Denmark,1990,2858,i
TOTAL,Total,TOTAL,Total,DK,Denmark,1991,2858,i
TOTAL,Total,TOTAL,Total,DK,Denmark,1992,2858,i
TOTAL,Total,TOTAL,Total,DK,Denmark,1993,2863,i
TOTAL,Total,TOTAL,Total,DK,Denmark,1994,2863,i
TOTAL,Total,TOTAL,Total,DK,Denmark,1995,2863,i
TOTAL,Total,TOTAL,Total,DK,Denmark,1996,2863,i
TOTAL,Total,TOTAL,Total,DK,Denmark,1997,2762,i
TOTAL,Total,TOTAL,Total,DK,Denmark,1998,2779,i
TOTAL,Total,TOTAL,Total,DK,Denmark,1999,2775,i
TOTAL,Total,TOTAL,Total,DK,Denmark,2000,2787,i
TOTAL,Total,TOTAL,Total,DK,Denmark,2001,2787,i
TOTAL,Total,TOTAL,Total,DK,Denmark,2002,2787,i
TOTAL,Total,TOTAL,Total,DK,Denmark,2003,2787,i
TOTAL,Total,TOTAL,Total,DK,Denmark,2004,2646,i
TOTAL,Total,TOTAL,Total,DK,Denmark,2005,2646,i
TOTAL,Total,TOTAL,Total,DK,Denmark,2006,2646,i
TOTAL,Total,TOTAL,Total,DK,Denmark,2007,2606,i
TOTAL,Total,TOTAL,Total,DK,Denmark,2008,2606,i
TOTAL,Total,TOTAL,Total,DK,Denmark,2009,2606,i
TOTAL,Total,TOTAL,Total,DK,Denmark,2010,2606,i
TOTAL,Total,TOTAL,Total,DK,Denmark,2011,2615,i
TOTAL,Total,TOTAL,Total,DK,Denmark,2012,2615,i
TOTAL,Total,TOTAL,Total,DK,Denmark,2013,2615,
TOTAL,Total,TOTAL,Total,DK,Denmark,2014,2612,
TOTAL,Total,TOTAL,Total,DK,Denmark,2015,2552,
TOTAL,Total,TOTAL,Total,DK,Denmark,2016,2539,
TOTAL,Total,TOTAL,Total,DK,Denmark,2017,2481,
TOTAL,Total,TOTAL,Total,DK,Denmark,2018,2481,
TOTAL,Total,TOTAL,Total,DK,Denmark,2019,2536,
TOTAL,Total,TOTAL,Total,DK,Denmark,2020,2485,
TOTAL,Total,TOTAL,Total,DK,Denmark,2021,2485,
TOTAL,Total,TOTAL,Total,DK,Denmark,2022,2448,
TOTAL,Total,TOTAL,Total,DK,Denmark,2023,2448,
TOTAL,Total,TOTAL,Total,DK,Denmark,2024,2448,
TOTAL,Total,TOTAL,Total,EE,Estonia,1990,1026,
TOTAL,Total,TOTAL,Total,EE,Estonia,1991,1026,
TOTAL,Total,TOTAL,Total,EE,Estonia,1992,1018.4,
TOTAL,Total,TOTAL,Total,EE,Estonia,1993,1024,
TOTAL,Total,TOTAL,Total,EE,Estonia,1994,1024,
TOTAL,Total,TOTAL,Total,EE,Estonia,1995,1020.7,
TOTAL,Total,TOTAL,Total,EE,Estonia,1996,1019.7,
TOTAL,Total,TOTAL,Total,EE,Estonia,1997,966,
TOTAL,Total,TOTAL,Total,EE,Estonia,1998,966,
TOTAL,Total,TOTAL,Total,EE,Estonia,1999,968,
TOTAL,Total,TOTAL,Total,EE,Estonia,2000,968,
TOTAL,Total,TOTAL,Total,EE,Estonia,2001,967,
TOTAL,Total,TOTAL,Total,EE,Estonia,2002,967,
TOTAL,Total,TOTAL,Total,EE,Estonia,2003,959,
TOTAL,Total,TOTAL,Total,EE,Estonia,2004,959,
TOTAL,Total,TOTAL,Total,EE,Estonia,2005,1055,
TOTAL,Total,TOTAL,Total,EE,Estonia,2006,1196,
TOTAL,Total,TOTAL,Total,EE,Estonia,2007,1200,
TOTAL,Total,TOTAL,Total,EE,Estonia,2008,1196,
TOTAL,Total,TOTAL,Total,EE,Estonia,2009,1196,
TOTAL,Total,TOTAL,Total,EE,Estonia,2010,1196,
TOTAL,Total,TOTAL,Total,EE,Estonia,2011,1196,
TOTAL,Total,TOTAL,Total,EE,Estonia,2012,1196,
TOTAL,Total,TOTAL,Total,EE,Estonia,2013,1166,
TOTAL,Total,TOTAL,Total,EE,Estonia,2014,1166,
TOTAL,Total,TOTAL,Total,EE,Estonia,2015,1164,
TOTAL,Total,TOTAL,Total,EE,Estonia,2016,1161,
TOTAL,Total,TOTAL,Total,EE,Estonia,2017,1161,
TOTAL,Total,TOTAL,Total,EE,Estonia,2018,1161,
TOTAL,Total,TOTAL,Total,EE,Estonia,2019,1167,
TOTAL,Total,TOTAL,Total,EE,Estonia,2020,1167,
TOTAL,Total,TOTAL,Total,EE,Estonia,2021,1167,
TOTAL,Total,TOTAL,Total,EE,Estonia,2022,1175,
TOTAL,Total,TOTAL,Total,EE,Estonia,2023,1171,
TOTAL,Total,TOTAL,Total,EE,Estonia,2024,1171,
TOTAL,Total,TOTAL,Total,EL,Greece,1990,2484,
TOTAL,Total,TOTAL,Total,EL,Greece,1991,2484,
TOTAL,Total,TOTAL,Total,EL,Greece,1992,2484,
TOTAL,Total,TOTAL,Total,EL,Greece,1993,2474,
TOTAL,Total,TOTAL,Total,EL,Greece,1994,2474,
TOTAL,Total,TOTAL,Total,EL,Greece,1995,2474,
TOTAL,Total,TOTAL,Total,EL,Greece,1996,2474,
TOTAL,Total,TOTAL,Total,EL,Greece,1997,2503,
TOTAL,Total,TOTAL,Total,EL,Greece,1998,2299,
TOTAL,Total,TOTAL,Total,EL,Greece,1999,2299,
TOTAL,Total,TOTAL,Total,EL,Greece,2000,2385,
TOTAL,Total,TOTAL,Total,EL,Greece,2001,2377,
TOTAL,Total,TOTAL,Total,EL,Greece,2002,2383,
TOTAL,Total,TOTAL,Total,EL,Greece,2003,2414,
TOTAL,Total,TOTAL,Total,EL,Greece,2004,2449,
TOTAL,Total,TOTAL,Total,EL,Greece,2005,2576,
TOTAL,Total,TOTAL,Total,EL,Greece,2006,2509,
TOTAL,Total,TOTAL,Total,EL,Greece,2007,2551,
TOTAL,Total,TOTAL,Total,EL,Greece,2008,2552,
TOTAL,Total,TOTAL,Total,EL,Greece,2009,2552,
TOTAL,Total,TOTAL,Total,EL,Greece,2010,2552,
TOTAL,Total,TOTAL,Total,EL,Greece,2011,2554,
TOTAL,Total,TOTAL,Total,EL,Greece,2012,2554,
TOTAL,Total,TOTAL,Total,EL,Greece,2013,2586,
TOTAL,Total,TOTAL,Total,EL,Greece,2014,2238,
TOTAL,Total,TOTAL,Total,EL,Greece,2015,2240,
TOTAL,Total,TOTAL,Total,EL,Greece,2016,2240,
TOTAL,Total,TOTAL,Total,EL,Greece,2017,2240,
TOTAL,Total,TOTAL,Total,EL,Greece,2018,2293,
TOTAL,Total,TOTAL,Total,EL,Greece,2019,2280,
TOTAL,Total,TOTAL,Total,EL,Greece,2020,2345,
TOTAL,Total,TOTAL,Total,EL,Greece,2021,2339,
TOTAL,Total,TOTAL,Total,EL,Greece,2022,1990,
TOTAL,Total,TOTAL,Total,EL,Greece,2023,1822,
TOTAL,Total,TOTAL,Total,EL,Greece,2024,1818,
TOTAL,Total,TOTAL,Total,ES,Spain,1990,14460,
TOTAL,Total,TOTAL,Total,ES,Spain,1991,14440,
TOTAL,Total,TOTAL,Total,ES,Spain,1992,14881,
TOTAL,Total,TOTAL,Total,ES,Spain,1993,14411,
TOTAL,Total,TOTAL,Total,ES,Spain,1994,14426,
TOTAL,Total,TOTAL,Total,ES,Spain,1995,14030,
TOTAL,Total,TOTAL,Total,ES,Spain,1996,14004,
TOTAL,Total,TOTAL,Total,ES,Spain,1997,13993,
TOTAL,Total,TOTAL,Total,ES,Spain,1998,13963,
TOTAL,Total,TOTAL,Total,ES,Spain,1999,13949,
TOTAL,Total,TOTAL,Total,ES,Spain,2000,13910,
TOTAL,Total,TOTAL,Total,ES,Spain,2001,13873,
TOTAL,Total,TOTAL,Total,ES,Spain,2002,13828,
TOTAL,Total,TOTAL,Total,ES,Spain,2003,14326,
TOTAL,Total,TOTAL,Total,ES,Spain,2004,14301,
TOTAL,Total,TOTAL,Total,ES,Spain,2005,14270,
TOTAL,Total,TOTAL,Total,ES,Spain,2006,14406,
TOTAL,Total,TOTAL,Total,ES,Spain,2007,14733,
TOTAL,Total,TOTAL,Total,ES,Spain,2008,14685,
TOTAL,Total,TOTAL,Total,ES,Spain,2009,14653,
TOTAL,Total,TOTAL,Total,ES,Spain,2010,15119,
TOTAL,Total,TOTAL,Total,ES,Spain,2011,15178,
TOTAL,Total,TOTAL,Total,ES,Spain,2012,15176,
TOTAL,Total,TOTAL,Total,ES,Spain,2013,15312,
TOTAL,Total,TOTAL,Total,ES,Spain,2014,15182,
TOTAL,Total,TOTAL,Total,ES,Spain,2015,15384,
TOTAL,Total,TOTAL,Total,ES,Spain,2016,16167,
TOTAL,Total,TOTAL,Total,ES,Spain,2017,15949,
TOTAL,Total,TOTAL,Total,ES,Spain,2018,15449,
TOTAL,Total,TOTAL,Total,ES,Spain,2019,16006.02,
TOTAL,Total,TOTAL,Total,ES,Spain,2020,16122,
TOTAL,Total,TOTAL,Total,ES,Spain,2021,16235,
TOTAL,Total,TOTAL,Total,ES,Spain,2022,16421,
TOTAL,Total,TOTAL,Total,ES,Spain,2023,16252,
TOTAL,Total,TOTAL,Total,ES,Spain,2024,16257,
TOTAL,Total,TOTAL,Total,EU27_2020,European Union - 27 countries (from 2020),1990,220420,
TOTAL,Total,TOTAL,Total,EU27_2020,European Union - 27 countries (from 2020),1991,216928,
TOTAL,Total,TOTAL,Total,EU27_2020,European Union - 27 countries (from 2020),1992,215710.2,
TOTAL,Total,TOTAL,Total,EU27_2020,European Union - 27 countries (from 2020),1993,213421.8,
TOTAL,Total,TOTAL,Total,EU27_2020,European Union - 27 countries (from 2020),1994,213315.8,
TOTAL,Total,TOTAL,Total,EU27_2020,European Union - 27 countries (from 2020),1995,212745.5,
TOTAL,Total,TOTAL,Total,EU27_2020,European Union - 27 countries (from 2020),1996,211354.5,
TOTAL,Total,TOTAL,Total,EU27_2020,European Union - 27 countries (from 2020),1997,208665.2,
TOTAL,Total,TOTAL,Total,EU27_2020,European Union - 27 countries (from 2020),1998,207481,
TOTAL,Total,TOTAL,Total,EU27_2020,European Union - 27 countries (from 2020),1999,206447,
TOTAL,Total,TOTAL,Total,EU27_2020,European Union - 27 countries (from 2020),2000,204726.34,
TOTAL,Total,TOTAL,Total,EU27_2020,European Union - 27 countries (from 2020),2001,202956.2,
TOTAL,Total,TOTAL,Total,EU27_2020,European Union - 27 countries (from 2020),2002,202371.9,
TOTAL,Total,TOTAL,Total,EU27_2020,European Union - 27 countries (from 2020),2003,207158.7,
TOTAL,Total,TOTAL,Total,EU27_2020,European Union - 27 countries (from 2020),2004,205802.5,
TOTAL,Total,TOTAL,Total,EU27_2020,European Union - 27 countries (from 2020),2005,204051.3,
TOTAL,Total,TOTAL,Total,EU27_2020,European Union - 27 countries (from 2020),2006,204716.27,
TOTAL,Total,TOTAL,Total,EU27_2020,European Union - 27 countries (from 2020),2007,204659.77,
TOTAL,Total,TOTAL,Total,EU27_2020,European Union - 27 countries (from 2020),2008,204682.07,
TOTAL,Total,TOTAL,Total,EU27_2020,European Union - 27 countries (from 2020),2009,204392.27,
TOTAL,Total,TOTAL,Total,EU27_2020,European Union - 27 countries (from 2020),2010,205137.67,
TOTAL,Total,TOTAL,Total,EU27_2020,European Union - 27 countries (from 2020),2011,205019.13,
TOTAL,Total,TOTAL,Total,EU27_2020,European Union - 27 countries (from 2020),2012,204989,
TOTAL,Total,TOTAL,Total,EU27_2020,European Union - 27 countries (from 2020),2013,203925.501,
TOTAL,Total,TOTAL,Total,EU27_2020,European Union - 27 countries (from 2020),2014,202059.365,
TOTAL,Total,TOTAL,Total,EU27_2020,European Union - 27 countries (from 2020),2015,201703.702,
TOTAL,Total,TOTAL,Total,EU27_2020,European Union - 27 countries (from 2020),2016,202685.442,
TOTAL,Total,TOTAL,Total,EU27_2020,European Union - 27 countries (from 2020),2017,203178.503,
TOTAL,Total,TOTAL,Total,EU27_2020,European Union - 27 countries (from 2020),2018,202170.058,
TOTAL,Total,TOTAL,Total,EU27_2020,European Union - 27 countries (from 2020),2019,202974.587,
TOTAL,Total,TOTAL,Total,EU27_2020,European Union - 27 countries (from 2020),2020,202642.823,
TOTAL,Total,TOTAL,Total,EU27_2020,European Union - 27 countries (from 2020),2021,202607.096,
TOTAL,Total,TOTAL,Total,EU27_2020,European Union - 27 countries (from 2020),2022,202280.249,
TOTAL,Total,TOTAL,Total,EU27_2020,European Union - 27 countries (from 2020),2023,201468.253,
TOTAL,Total,TOTAL,Total,EU27_2020,European Union - 27 countries (from 2020),2024,201354.2,
TOTAL,Total,TOTAL,Total,FI,Finland,1990,5846,
TOTAL,Total,TOTAL,Total,FI,Finland,1991,5853,
TOTAL,Total,TOTAL,Total,FI,Finland,1992,5853,
TOTAL,Total,TOTAL,Total,FI,Finland,1993,5864,
TOTAL,Total,TOTAL,Total,FI,Finland,1994,5859,
TOTAL,Total,TOTAL,Total,FI,Finland,1995,5859,
TOTAL,Total,TOTAL,Total,FI,Finland,1996,5860,
TOTAL,Total,TOTAL,Total,FI,Finland,1997,5865,
TOTAL,Total,TOTAL,Total,FI,Finland,1998,5867,
TOTAL,Total,TOTAL,Total,FI,Finland,1999,5836,
TOTAL,Total,TOTAL,Total,FI,Finland,2000,5854,
TOTAL,Total,TOTAL,Total,FI,Finland,2001,5850,
TOTAL,Total,TOTAL,Total,FI,Finland,2002,5850,
TOTAL,Total,TOTAL,Total,FI,Finland,2003,5851,
TOTAL,Total,TOTAL,Total,FI,Finland,2004,5741,
TOTAL,Total,TOTAL,Total,FI,Finland,2005,5732,
TOTAL,Total,TOTAL,Total,FI,Finland,2006,5905,
TOTAL,Total,TOTAL,Total,FI,Finland,2007,5899,
TOTAL,Total,TOTAL,Total,FI,Finland,2008,5919,
TOTAL,Total,TOTAL,Total,FI,Finland,2009,5919,
TOTAL,Total,TOTAL,Total,FI,Finland,2010,5919,
TOTAL,Total,TOTAL,Total,FI,Finland,2011,5944,
TOTAL,Total,TOTAL,Total,FI,Finland,2012,5944,
TOTAL,Total,TOTAL,Total,FI,Finland,2013,5944,
TOTAL,Total,TOTAL,Total,FI,Finland,2014,5944,
TOTAL,Total,TOTAL,Total,FI,Finland,2015,5923,b
TOTAL,Total,TOTAL,Total,FI,Finland,2016,5926,
TOTAL,Total,TOTAL,Total,FI,Finland,2017,5926,
TOTAL,Total,TOTAL,Total,FI,Finland,2018,5926,
TOTAL,Total,TOTAL,Total,FI,Finland,2019,5923,
TOTAL,Total,TOTAL,Total,FI,Finland,2020,5918,
TOTAL,Total,TOTAL,Total,FI,Finland,2021,5918,
TOTAL,Total,TOTAL,Total,FI,Finland,2022,5918,
TOTAL,Total,TOTAL,Total,FI,Finland,2023,5915,
TOTAL,Total,TOTAL,Total,FI,Finland,2024,5915,
TOTAL,Total,TOTAL,Total,FR,France,1962,37884,
TOTAL,Total,TOTAL,Total,FR,France,1990,34411,
TOTAL,Total,TOTAL,Total,FR,France,1991,34141,
TOTAL,Total,TOTAL,Total,FR,France,1992,33707,
TOTAL,Total,TOTAL,Total,FR,France,1993,32731,
TOTAL,Total,TOTAL,Total,FR,France,1994,32427,
TOTAL,Total,TOTAL,Total,FR,France,1995,32092,
TOTAL,Total,TOTAL,Total,FR,France,1996,32004,
TOTAL,Total,TOTAL,Total,FR,France,1997,31973,
TOTAL,Total,TOTAL,Total,FR,France,1998,31922,
TOTAL,Total,TOTAL,Total,FR,France,1999,31887,
TOTAL,Total,TOTAL,Total,FR,France,2000,31549,
TOTAL,Total,TOTAL,Total,FR,France,2001,31537,
TOTAL,Total,TOTAL,Total,FR,France,2002,31472,
TOTAL,Total,TOTAL,Total,FR,France,2003,31143,
TOTAL,Total,TOTAL,Total,FR,France,2004,31033,
TOTAL,Total,TOTAL,Total,FR,France,2005,31024,
TOTAL,Total,TOTAL,Total,FR,France,2006,31036,
TOTAL,Total,TOTAL,Total,FR,France,2007,31307,
TOTAL,Total,TOTAL,Total,FR,France,2008,31194,
TOTAL,Total,TOTAL,Total,FR,France,2009,31092,
TOTAL,Total,TOTAL,Total,FR,France,2010,30488,
TOTAL,Total,TOTAL,Total,FR,France,2011,30557,
TOTAL,Total,TOTAL,Total,FR,France,2012,30966,
TOTAL,Total,TOTAL,Total,FR,France,2013,30703,
TOTAL,Total,TOTAL,Total,FR,France,2014,29720,
TOTAL,Total,TOTAL,Total,FR,France,2015,29193,
TOTAL,Total,TOTAL,Total,FR,France,2016,28749,
TOTAL,Total,TOTAL,Total,FR,France,2017,29164,
TOTAL,Total,TOTAL,Total,FR,France,2018,28638,
TOTAL,Total,TOTAL,Total,FR,France,2019,28527,
TOTAL,Total,TOTAL,Total,FR,France,2020,28277,
TOTAL,Total,TOTAL,Total,FR,France,2021,28121,
TOTAL,Total,TOTAL,Total,FR,France,2022,28009,
TOTAL,Total,TOTAL,Total,FR,France,2023,28000,
TOTAL,Total,TOTAL,Total,FR,France,2024,27564,
TOTAL,Total,TOTAL,Total,GE,Georgia,1990,1586,
TOTAL,Total,TOTAL,Total,GE,Georgia,1991,1600,
TOTAL,Total,TOTAL,Total,GE,Georgia,1992,1583,
TOTAL,Total,TOTAL,Total,GE,Georgia,1993,1583,
TOTAL,Total,TOTAL,Total,GE,Georgia,1994,1583,
TOTAL,Total,TOTAL,Total,GE,Georgia,1995,1575,
TOTAL,Total,TOTAL,Total,GE,Georgia,1996,1575,
TOTAL,Total,TOTAL,Total,GE,Georgia,1997,1576,
TOTAL,Total,TOTAL,Total,GE,Georgia,1998,1576,
TOTAL,Total,TOTAL,Total,GE,Georgia,1999,1545,
TOTAL,Total,TOTAL,Total,GE,Georgia,2000,1562,
TOTAL,Total,TOTAL,Total,GE,Georgia,2001,1565,
TOTAL,Total,TOTAL,Total,GE,Georgia,2002,1565,
TOTAL,Total,TOTAL,Total,GE,Georgia,2012,1455.4,
TOTAL,Total,TOTAL,Total,GE,Georgia,2013,1615.4,
TOTAL,Total,TOTAL,Total,GE,Georgia,2014,1613.4,
TOTAL,Total,TOTAL,Total,GE,Georgia,2015,1142.46,
TOTAL,Total,TOTAL,Total,GE,Georgia,2016,1142.46,
TOTAL,Total,TOTAL,Total,GE,Georgia,2017,1142.46,
TOTAL,Total,TOTAL,Total,GE,Georgia,2018,1144,
TOTAL,Total,TOTAL,Total,GE,Georgia,2019,1144,
TOTAL,Total,TOTAL,Total,GE,Georgia,2020,1140,
TOTAL,Total,TOTAL,Total,GE,Georgia,2021,1114.4,
TOTAL,Total,TOTAL,Total,GE,Georgia,2022,1114.4,
TOTAL,Total,TOTAL,Total,GE,Georgia,2023,1114.4,
TOTAL,Total,TOTAL,Total,GE,Georgia,2024,1114.4,
TOTAL,Total,TOTAL,Total,HR,Croatia,1990,2444,
TOTAL,Total,TOTAL,Total,HR,Croatia,1991,2698,
TOTAL,Total,TOTAL,Total,HR,Croatia,1992,2699,
TOTAL,Total,TOTAL,Total,HR,Croatia,1993,2699,
TOTAL,Total,TOTAL,Total,HR,Croatia,1994,2699,
TOTAL,Total,TOTAL,Total,HR,Croatia,1995,2726,
TOTAL,Total,TOTAL,Total,HR,Croatia,1996,2726,
TOTAL,Total,TOTAL,Total,HR,Croatia,1997,2726,
TOTAL,Total,TOTAL,Total,HR,Croatia,1998,2726,
TOTAL,Total,TOTAL,Total,HR,Croatia,1999,2726,
TOTAL,Total,TOTAL,Total,HR,Croatia,2000,2726,
TOTAL,Total,TOTAL,Total,HR,Croatia,2001,2726,
TOTAL,Total,TOTAL,Total,HR,Croatia,2002,2726,
TOTAL,Total,TOTAL,Total,HR,Croatia,2003,2726,
TOTAL,Total,TOTAL,Total,HR,Croatia,2004,2726,
TOTAL,Total,TOTAL,Total,HR,Croatia,2005,2726,
TOTAL,Total,TOTAL,Total,HR,Croatia,2006,2722,
TOTAL,Total,TOTAL,Total,HR,Croatia,2007,2722,
TOTAL,Total,TOTAL,Total,HR,Croatia,2008,2722,
TOTAL,Total,TOTAL,Total,HR,Croatia,2009,2722,
TOTAL,Total,TOTAL,Total,HR,Croatia,2010,2722,
TOTAL,Total,TOTAL,Total,HR,Croatia,2011,2722,
TOTAL,Total,TOTAL,Total,HR,Croatia,2012,2722,
TOTAL,Total,TOTAL,Total,HR,Croatia,2013,2722,
TOTAL,Total,TOTAL,Total,HR,Croatia,2014,2604,
TOTAL,Total,TOTAL,Total,HR,Croatia,2015,2604,
TOTAL,Total,TOTAL,Total,HR,Croatia,2016,2604,
TOTAL,Total,TOTAL,Total,HR,Croatia,2017,2604,
TOTAL,Total,TOTAL,Total,HR,Croatia,2018,2604,
TOTAL,Total,TOTAL,Total,HR,Croatia,2019,2617,
TOTAL,Total,TOTAL,Total,HR,Croatia,2020,2617,
TOTAL,Total,TOTAL,Total,HR,Croatia,2021,2617,
TOTAL,Total,TOTAL,Total,HR,Croatia,2022,2617,
TOTAL,Total,TOTAL,Total,HR,Croatia,2023,2617,
TOTAL,Total,TOTAL,Total,HR,Croatia,2024,2617,
TOTAL,Total,TOTAL,Total,HU,Hungary,1990,7772,
TOTAL,Total,TOTAL,Total,HU,Hungary,1991,7766,
TOTAL,Total,TOTAL,Total,HU,Hungary,1992,7707,
TOTAL,Total,TOTAL,Total,HU,Hungary,1993,7709,
TOTAL,Total,TOTAL,Total,HU,Hungary,1994,7715,
TOTAL,Total,TOTAL,Total,HU,Hungary,1995,7632,
TOTAL,Total,TOTAL,Total,HU,Hungary,1996,7619,
TOTAL,Total,TOTAL,Total,HU,Hungary,1997,7593,
TOTAL,Total,TOTAL,Total,HU,Hungary,1998,7642,
TOTAL,Total,TOTAL,Total,HU,Hungary,1999,7651,
TOTAL,Total,TOTAL,Total,HU,Hungary,2000,7668,
TOTAL,Total,TOTAL,Total,HU,Hungary,2001,7679,
TOTAL,Total,TOTAL,Total,HU,Hungary,2002,7676,
TOTAL,Total,TOTAL,Total,HU,Hungary,2003,7681,
TOTAL,Total,TOTAL,Total,HU,Hungary,2004,7685,
TOTAL,Total,TOTAL,Total,HU,Hungary,2005,7685,
TOTAL,Total,TOTAL,Total,HU,Hungary,2006,8135,
TOTAL,Total,TOTAL,Total,HU,Hungary,2007,7808,
TOTAL,Total,TOTAL,Total,HU,Hungary,2008,7813,
TOTAL,Total,TOTAL,Total,HU,Hungary,2009,7390,
TOTAL,Total,TOTAL,Total,HU,Hungary,2010,7352,
TOTAL,Total,TOTAL,Total,HU,Hungary,2011,7486.5,
TOTAL,Total,TOTAL,Total,HU,Hungary,2012,7486.2,
TOTAL,Total,TOTAL,Total,HU,Hungary,2013,7356.7,
TOTAL,Total,TOTAL,Total,HU,Hungary,2014,7209,
TOTAL,Total,TOTAL,Total,HU,Hungary,2015,7197,
TOTAL,Total,TOTAL,Total,HU,Hungary,2016,7811,
TOTAL,Total,TOTAL,Total,HU,Hungary,2017,7955,
TOTAL,Total,TOTAL,Total,HU,Hungary,2018,7732,
TOTAL,Total,TOTAL,Total,HU,Hungary,2019,7743,
TOTAL,Total,TOTAL,Total,HU,Hungary,2020,7787,
TOTAL,Total,TOTAL,Total,HU,Hungary,2021,7889,
TOTAL,Total,TOTAL,Total,HU,Hungary,2022,7907,
TOTAL,Total,TOTAL,Total,HU,Hungary,2023,7437,
TOTAL,Total,TOTAL,Total,HU,Hungary,2024,7437,
TOTAL,Total,TOTAL,Total,IE,Ireland,1990,1944,
TOTAL,Total,TOTAL,Total,IE,Ireland,1991,1944,
TOTAL,Total,TOTAL,Total,IE,Ireland,1992,1944,
TOTAL,Total,TOTAL,Total,IE,Ireland,1993,1947,
TOTAL,Total,TOTAL,Total,IE,Ireland,1994,1947,
TOTAL,Total,TOTAL,Total,IE,Ireland,1995,1945,
TOTAL,Total,TOTAL,Total,IE,Ireland,1996,1954,
TOTAL,Total,TOTAL,Total,IE,Ireland,1997,1908,
TOTAL,Total,TOTAL,Total,IE,Ireland,1998,1909,
TOTAL,Total,TOTAL,Total,IE,Ireland,1999,1919,
TOTAL,Total,TOTAL,Total,IE,Ireland,2000,1919,
TOTAL,Total,TOTAL,Total,IE,Ireland,2001,1919,
TOTAL,Total,TOTAL,Total,IE,Ireland,2002,1834,
TOTAL,Total,TOTAL,Total,IE,Ireland,2003,1834,
TOTAL,Total,TOTAL,Total,IE,Ireland,2004,1834,
TOTAL,Total,TOTAL,Total,IE,Ireland,2005,1834,
TOTAL,Total,TOTAL,Total,IE,Ireland,2006,1834,
TOTAL,Total,TOTAL,Total,IE,Ireland,2007,1834,
TOTAL,Total,TOTAL,Total,IE,Ireland,2008,1835,
TOTAL,Total,TOTAL,Total,IE,Ireland,2009,1835,
TOTAL,Total,TOTAL,Total,IE,Ireland,2010,1835,
TOTAL,Total,TOTAL,Total,IE,Ireland,2011,1839,
TOTAL,Total,TOTAL,Total,IE,Ireland,2012,1839,
TOTAL,Total,TOTAL,Total,IE,Ireland,2013,2045,b
TOTAL,Total,TOTAL,Total,IE,Ireland,2014,2045,
TOTAL,Total,TOTAL,Total,IE,Ireland,2015,2045,
TOTAL,Total,TOTAL,Total,IE,Ireland,2016,2045,
TOTAL,Total,TOTAL,Total,IE,Ireland,2017,2045,
TOTAL,Total,TOTAL,Total,IE,Ireland,2018,2045,
TOTAL,Total,TOTAL,Total,IE,Ireland,2019,2045,
TOTAL,Total,TOTAL,Total,IE,Ireland,2020,2045,
TOTAL,Total,TOTAL,Total,IE,Ireland,2021,2045,
TOTAL,Total,TOTAL,Total,IE,Ireland,2022,2045,
TOTAL,Total,TOTAL,Total,IE,Ireland,2023,2045,i
TOTAL,Total,TOTAL,Total,IE,Ireland,2024,2045,
TOTAL,Total,TOTAL,Total,IT,Italy,1962,16208,
TOTAL,Total,TOTAL,Total,IT,Italy,1990,16066,
TOTAL,Total,TOTAL,Total,IT,Italy,1991,16066,
TOTAL,Total,TOTAL,Total,IT,Italy,1992,15950,
TOTAL,Total,TOTAL,Total,IT,Italy,1993,15939,
TOTAL,Total,TOTAL,Total,IT,Italy,1994,16002,
TOTAL,Total,TOTAL,Total,IT,Italy,1995,16005,
TOTAL,Total,TOTAL,Total,IT,Italy,1996,16014,
TOTAL,Total,TOTAL,Total,IT,Italy,1997,16030,
TOTAL,Total,TOTAL,Total,IT,Italy,1998,16080,
TOTAL,Total,TOTAL,Total,IT,Italy,1999,16092,
TOTAL,Total,TOTAL,Total,IT,Italy,2000,15974,
TOTAL,Total,TOTAL,Total,IT,Italy,2001,16035,
TOTAL,Total,TOTAL,Total,IT,Italy,2002,15985,
TOTAL,Total,TOTAL,Total,IT,Italy,2003,15965,
TOTAL,Total,TOTAL,Total,IT,Italy,2004,15916,
TOTAL,Total,TOTAL,Total,IT,Italy,2005,16225,
TOTAL,Total,TOTAL,Total,IT,Italy,2006,16295,
TOTAL,Total,TOTAL,Total,IT,Italy,2007,16335,
TOTAL,Total,TOTAL,Total,IT,Italy,2008,16529,
TOTAL,Total,TOTAL,Total,IT,Italy,2009,16686,
TOTAL,Total,TOTAL,Total,IT,Italy,2010,16704,
TOTAL,Total,TOTAL,Total,IT,Italy,2011,16726,
TOTAL,Total,TOTAL,Total,IT,Italy,2012,16742,
TOTAL,Total,TOTAL,Total,IT,Italy,2013,16752,
TOTAL,Total,TOTAL,Total,IT,Italy,2014,16722,i
TOTAL,Total,TOTAL,Total,IT,Italy,2015,16724,i
TOTAL,Total,TOTAL,Total,IT,Italy,2016,16788,
TOTAL,Total,TOTAL,Total,IT,Italy,2017,16787,
TOTAL,Total,TOTAL,Total,IT,Italy,2018,16781,
TOTAL,Total,TOTAL,Total,IT,Italy,2019,16779,
TOTAL,Total,TOTAL,Total,IT,Italy,2020,16782,
TOTAL,Total,TOTAL,Total,IT,Italy,2021,16832,
TOTAL,Total,TOTAL,Total,IT,Italy,2022,16829,
TOTAL,Total,TOTAL,Total,IT,Italy,2023,16832,
TOTAL,Total,TOTAL,Total,IT,Italy,2024,16879,
TOTAL,Total,TOTAL,Total,LI,Liechtenstein,2013,9,
TOTAL,Total,TOTAL,Total,LI,Liechtenstein,2014,9,
TOTAL,Total,TOTAL,Total,LI,Liechtenstein,2015,9,
TOTAL,Total,TOTAL,Total,LI,Liechtenstein,2016,9,
TOTAL,Total,TOTAL,Total,LI,Liechtenstein,2017,9,
TOTAL,Total,TOTAL,Total,LI,Liechtenstein,2018,9,
TOTAL,Total,TOTAL,Total,LI,Liechtenstein,2019,9,
TOTAL,Total,TOTAL,Total,LI,Liechtenstein,2020,9,
TOTAL,Total,TOTAL,Total,LI,Liechtenstein,2021,9,
TOTAL,Total,TOTAL,Total,LI,Liechtenstein,2022,9,
TOTAL,Total,TOTAL,Total,LI,Liechtenstein,2023,9,
TOTAL,Total,TOTAL,Total,LI,Liechtenstein,2024,9,
TOTAL,Total,TOTAL,Total,LT,Lithuania,1990,2007,
TOTAL,Total,TOTAL,Total,LT,Lithuania,1991,2007,
TOTAL,Total,TOTAL,Total,LT,Lithuania,1992,2001.8,
TOTAL,Total,TOTAL,Total,LT,Lithuania,1993,2001.8,
TOTAL,Total,TOTAL,Total,LT,Lithuania,1994,2001.8,
TOTAL,Total,TOTAL,Total,LT,Lithuania,1995,2001.8,
TOTAL,Total,TOTAL,Total,LT,Lithuania,1996,1996.8,
TOTAL,Total,TOTAL,Total,LT,Lithuania,1997,1997.2,
TOTAL,Total,TOTAL,Total,LT,Lithuania,1998,1997,
TOTAL,Total,TOTAL,Total,LT,Lithuania,1999,1905,
TOTAL,Total,TOTAL,Total,LT,Lithuania,2000,1904.7,
TOTAL,Total,TOTAL,Total,LT,Lithuania,2001,1695.8,
TOTAL,Total,TOTAL,Total,LT,Lithuania,2002,1775.3,
TOTAL,Total,TOTAL,Total,LT,Lithuania,2003,1774,
TOTAL,Total,TOTAL,Total,LT,Lithuania,2004,1781.8,
TOTAL,Total,TOTAL,Total,LT,Lithuania,2005,1771.2,
TOTAL,Total,TOTAL,Total,LT,Lithuania,2006,1771.2,
TOTAL,Total,TOTAL,Total,LT,Lithuania,2007,1766.3,
TOTAL,Total,TOTAL,Total,LT,Lithuania,2008,1765.4,
TOTAL,Total,TOTAL,Total,LT,Lithuania,2009,1767.6,
TOTAL,Total,TOTAL,Total,LT,Lithuania,2010,1767.6,
TOTAL,Total,TOTAL,Total,LT,Lithuania,2011,1767.6,
TOTAL,Total,TOTAL,Total,LT,Lithuania,2012,1767.6,
TOTAL,Total,TOTAL,Total,LT,Lithuania,2013,1767.6,
TOTAL,Total,TOTAL,Total,LT,Lithuania,2014,1767.6,
TOTAL,Total,TOTAL,Total,LT,Lithuania,2015,1877.2,
TOTAL,Total,TOTAL,Total,LT,Lithuania,2016,1911.3,
TOTAL,Total,TOTAL,Total,LT,Lithuania,2017,1911.3,
TOTAL,Total,TOTAL,Total,LT,Lithuania,2018,1910.7,
TOTAL,Total,TOTAL,Total,LT,Lithuania,2019,1910.7,
TOTAL,Total,TOTAL,Total,LT,Lithuania,2020,1910.8,
TOTAL,Total,TOTAL,Total,LT,Lithuania,2021,1910.8,
TOTAL,Total,TOTAL,Total,LT,Lithuania,2022,1919.2,
TOTAL,Total,TOTAL,Total,LT,Lithuania,2023,1924.3,
TOTAL,Total,TOTAL,Total,LT,Lithuania,2024,1924.3,
TOTAL,Total,TOTAL,Total,LU,Luxembourg,1962,393,
TOTAL,Total,TOTAL,Total,LU,Luxembourg,1990,271,
TOTAL,Total,TOTAL,Total,LU,Luxembourg,1991,271,
TOTAL,Total,TOTAL,Total,LU,Luxembourg,1992,275,
TOTAL,Total,TOTAL,Total,LU,Luxembourg,1993,275,
TOTAL,Total,TOTAL,Total,LU,Luxembourg,1994,275,
TOTAL,Total,TOTAL,Total,LU,Luxembourg,1995,275,
TOTAL,Total,TOTAL,Total,LU,Luxembourg,1996,274,
TOTAL,Total,TOTAL,Total,LU,Luxembourg,1997,274,
TOTAL,Total,TOTAL,Total,LU,Luxembourg,1998,274,
TOTAL,Total,TOTAL,Total,LU,Luxembourg,1999,274,
TOTAL,Total,TOTAL,Total,LU,Luxembourg,2000,274,
TOTAL,Total,TOTAL,Total,LU,Luxembourg,2001,274,
TOTAL,Total,TOTAL,Total,LU,Luxembourg,2002,274,
TOTAL,Total,TOTAL,Total,LU,Luxembourg,2003,275,
TOTAL,Total,TOTAL,Total,LU,Luxembourg,2004,275,
TOTAL,Total,TOTAL,Total,LU,Luxembourg,2005,275,
TOTAL,Total,TOTAL,Total,LU,Luxembourg,2006,275,
TOTAL,Total,TOTAL,Total,LU,Luxembourg,2007,275,
TOTAL,Total,TOTAL,Total,LU,Luxembourg,2008,275,
TOTAL,Total,TOTAL,Total,LU,Luxembourg,2009,275,
TOTAL,Total,TOTAL,Total,LU,Luxembourg,2010,275,
TOTAL,Total,TOTAL,Total,LU,Luxembourg,2011,275,
TOTAL,Total,TOTAL,Total,LU,Luxembourg,2012,275,
TOTAL,Total,TOTAL,Total,LU,Luxembourg,2013,275,
TOTAL,Total,TOTAL,Total,LU,Luxembourg,2014,275,
TOTAL,Total,TOTAL,Total,LU,Luxembourg,2015,275,
TOTAL,Total,TOTAL,Total,LU,Luxembourg,2016,275,
TOTAL,Total,TOTAL,Total,LU,Luxembourg,2017,271,
TOTAL,Total,TOTAL,Total,LU,Luxembourg,2018,271,
TOTAL,Total,TOTAL,Total,LU,Luxembourg,2019,271,
TOTAL,Total,TOTAL,Total,LU,Luxembourg,2020,271,
TOTAL,Total,TOTAL,Total,LU,Luxembourg,2021,271,
TOTAL,Total,TOTAL,Total,LU,Luxembourg,2022,271,
TOTAL,Total,TOTAL,Total,LU,Luxembourg,2023,271,
TOTAL,Total,TOTAL,Total,LU,Luxembourg,2024,271,
TOTAL,Total,TOTAL,Total,LV,Latvia,1990,2397,
TOTAL,Total,TOTAL,Total,LV,Latvia,1991,2397,
TOTAL,Total,TOTAL,Total,LV,Latvia,1992,2406,
TOTAL,Total,TOTAL,Total,LV,Latvia,1993,2413,
TOTAL,Total,TOTAL,Total,LV,Latvia,1994,2413,
TOTAL,Total,TOTAL,Total,LV,Latvia,1995,2413,
TOTAL,Total,TOTAL,Total,LV,Latvia,1996,2413,
TOTAL,Total,TOTAL,Total,LV,Latvia,1997,2413,
TOTAL,Total,TOTAL,Total,LV,Latvia,1998,2413,
TOTAL,Total,TOTAL,Total,LV,Latvia,1999,2413,
TOTAL,Total,TOTAL,Total,LV,Latvia,2000,2331,
TOTAL,Total,TOTAL,Total,LV,Latvia,2001,2305,
TOTAL,Total,TOTAL,Total,LV,Latvia,2002,2270,
TOTAL,Total,TOTAL,Total,LV,Latvia,2003,2270,
TOTAL,Total,TOTAL,Total,LV,Latvia,2004,2270,
TOTAL,Total,TOTAL,Total,LV,Latvia,2005,2270,
TOTAL,Total,TOTAL,Total,LV,Latvia,2006,2269,
TOTAL,Total,TOTAL,Total,LV,Latvia,2007,2265,
TOTAL,Total,TOTAL,Total,LV,Latvia,2008,2263,
TOTAL,Total,TOTAL,Total,LV,Latvia,2009,1884,
TOTAL,Total,TOTAL,Total,LV,Latvia,2010,1897,
TOTAL,Total,TOTAL,Total,LV,Latvia,2011,1865,
TOTAL,Total,TOTAL,Total,LV,Latvia,2012,1859,
TOTAL,Total,TOTAL,Total,LV,Latvia,2013,1859,
TOTAL,Total,TOTAL,Total,LV,Latvia,2014,1860,
TOTAL,Total,TOTAL,Total,LV,Latvia,2015,1860,
TOTAL,Total,TOTAL,Total,LV,Latvia,2016,1859.6,
TOTAL,Total,TOTAL,Total,LV,Latvia,2017,1859.6,
TOTAL,Total,TOTAL,Total,LV,Latvia,2018,1859.6,
TOTAL,Total,TOTAL,Total,LV,Latvia,2019,1859.6,
TOTAL,Total,TOTAL,Total,LV,Latvia,2020,1859.1,
TOTAL,Total,TOTAL,Total,LV,Latvia,2021,1859.1,
TOTAL,Total,TOTAL,Total,LV,Latvia,2022,1864.9,
TOTAL,Total,TOTAL,Total,LV,Latvia,2023,1830.9,
TOTAL,Total,TOTAL,Total,LV,Latvia,2024,1830.9,
TOTAL,Total,TOTAL,Total,MD,Moldova,1990,1150,
TOTAL,Total,TOTAL,Total,MD,Moldova,1991,1150,
TOTAL,Total,TOTAL,Total,MD,Moldova,1992,1328.3,
TOTAL,Total,TOTAL,Total,MD,Moldova,1993,1318.3,
TOTAL,Total,TOTAL,Total,MD,Moldova,1994,1318.3,
TOTAL,Total,TOTAL,Total,MD,Moldova,1995,1326.3,
TOTAL,Total,TOTAL,Total,MD,Moldova,1996,1326.3,
TOTAL,Total,TOTAL,Total,MD,Moldova,1997,1322.3,
TOTAL,Total,TOTAL,Total,MD,Moldova,1998,1219.6,
TOTAL,Total,TOTAL,Total,MD,Moldova,1999,1140.3,
TOTAL,Total,TOTAL,Total,MD,Moldova,2000,1139.3,
TOTAL,Total,TOTAL,Total,MD,Moldova,2001,1121.2,
TOTAL,Total,TOTAL,Total,MD,Moldova,2002,1120.5,
TOTAL,Total,TOTAL,Total,MD,Moldova,2004,1075,
TOTAL,Total,TOTAL,Total,MD,Moldova,2009,1157.1,
TOTAL,Total,TOTAL,Total,MD,Moldova,2010,1156.9,
TOTAL,Total,TOTAL,Total,MD,Moldova,2011,1156.9,
TOTAL,Total,TOTAL,Total,MD,Moldova,2012,1156.9,
TOTAL,Total,TOTAL,Total,MD,Moldova,2013,1156.9,
TOTAL,Total,TOTAL,Total,MD,Moldova,2014,1155.8,
TOTAL,Total,TOTAL,Total,MD,Moldova,2015,1150.8,
TOTAL,Total,TOTAL,Total,MD,Moldova,2016,1150.8,
TOTAL,Total,TOTAL,Total,MD,Moldova,2017,1150.8,
TOTAL,Total,TOTAL,Total,MD,Moldova,2018,1149.6,
TOTAL,Total,TOTAL,Total,MD,Moldova,2019,1149.6,
TOTAL,Total,TOTAL,Total,MD,Moldova,2020,1149.6,
TOTAL,Total,TOTAL,Total,MD,Moldova,2021,1149.6,
TOTAL,Total,TOTAL,Total,MD,Moldova,2022,1150.8,
TOTAL,Total,TOTAL,Total,MD,Moldova,2023,1150.8,
TOTAL,Total,TOTAL,Total,MD,Moldova,2024,1151,
TOTAL,Total,TOTAL,Total,ME,Montenegro,2011,248.76,i
TOTAL,Total,TOTAL,Total,ME,Montenegro,2012,248.76,i
TOTAL,Total,TOTAL,Total,ME,Montenegro,2013,248.76,i
TOTAL,Total,TOTAL,Total,ME,Montenegro,2014,249,i
TOTAL,Total,TOTAL,Total,ME,Montenegro,2015,249,i
TOTAL,Total,TOTAL,Total,ME,Montenegro,2016,250,
TOTAL,Total,TOTAL,Total,ME,Montenegro,2017,250,
TOTAL,Total,TOTAL,Total,ME,Montenegro,2018,250,
TOTAL,Total,TOTAL,Total,ME,Montenegro,2019,250,
TOTAL,Total,TOTAL,Total,ME,Montenegro,2020,250.5,
TOTAL,Total,TOTAL,Total,ME,Montenegro,2021,250.5,
TOTAL,Total,TOTAL,Total,ME,Montenegro,2022,250.5,
TOTAL,Total,TOTAL,Total,ME,Montenegro,2023,250.5,
TOTAL,Total,TOTAL,Total,ME,Montenegro,2024,250.5,
TOTAL,Total,TOTAL,Total,MK,North Macedonia,1990,696,
TOTAL,Total,TOTAL,Total,MK,North Macedonia,1992,697,
TOTAL,Total,TOTAL,Total,MK,North Macedonia,1993,697,
TOTAL,Total,TOTAL,Total,MK,North Macedonia,1994,697,
TOTAL,Total,TOTAL,Total,MK,North Macedonia,1995,697,
TOTAL,Total,TOTAL,Total,MK,North Macedonia,1996,697,
TOTAL,Total,TOTAL,Total,MK,North Macedonia,1997,699,
TOTAL,Total,TOTAL,Total,MK,North Macedonia,1998,699,
TOTAL,Total,TOTAL,Total,MK,North Macedonia,1999,699,
TOTAL,Total,TOTAL,Total,MK,North Macedonia,2000,699,
TOTAL,Total,TOTAL,Total,MK,North Macedonia,2001,699,
TOTAL,Total,TOTAL,Total,MK,North Macedonia,2002,699,
TOTAL,Total,TOTAL,Total,MK,North Macedonia,2004,699,
TOTAL,Total,TOTAL,Total,MK,North Macedonia,2005,699,
TOTAL,Total,TOTAL,Total,MK,North Macedonia,2006,699,
TOTAL,Total,TOTAL,Total,MK,North Macedonia,2007,699,
TOTAL,Total,TOTAL,Total,MK,North Macedonia,2008,699,
TOTAL,Total,TOTAL,Total,MK,North Macedonia,2009,699,
TOTAL,Total,TOTAL,Total,MK,North Macedonia,2010,699,
TOTAL,Total,TOTAL,Total,MK,North Macedonia,2011,699,
TOTAL,Total,TOTAL,Total,MK,North Macedonia,2012,699,
TOTAL,Total,TOTAL,Total,MK,North Macedonia,2013,699,
TOTAL,Total,TOTAL,Total,MK,North Macedonia,2014,699,
TOTAL,Total,TOTAL,Total,MK,North Macedonia,2015,699,
TOTAL,Total,TOTAL,Total,MK,North Macedonia,2016,683,
TOTAL,Total,TOTAL,Total,MK,North Macedonia,2017,683,
TOTAL,Total,TOTAL,Total,MK,North Macedonia,2018,683,
TOTAL,Total,TOTAL,Total,MK,North Macedonia,2019,683,
TOTAL,Total,TOTAL,Total,MK,North Macedonia,2020,683,
TOTAL,Total,TOTAL,Total,MK,North Macedonia,2021,683,
TOTAL,Total,TOTAL,Total,MK,North Macedonia,2022,683,
TOTAL,Total,TOTAL,Total,MK,North Macedonia,2023,683,
TOTAL,Total,TOTAL,Total,MK,North Macedonia,2024,683,
TOTAL,Total,TOTAL,Total,NL,Netherlands,1962,3250,
TOTAL,Total,TOTAL,Total,NL,Netherlands,1990,2780,
TOTAL,Total,TOTAL,Total,NL,Netherlands,1991,2780,
TOTAL,Total,TOTAL,Total,NL,Netherlands,1992,2753,
TOTAL,Total,TOTAL,Total,NL,Netherlands,1993,2811,
TOTAL,Total,TOTAL,Total,NL,Netherlands,1994,2813,
TOTAL,Total,TOTAL,Total,NL,Netherlands,1995,2813,
TOTAL,Total,TOTAL,Total,NL,Netherlands,1996,2813,
TOTAL,Total,TOTAL,Total,NL,Netherlands,1997,2805,
TOTAL,Total,TOTAL,Total,NL,Netherlands,1998,2808,
TOTAL,Total,TOTAL,Total,NL,Netherlands,1999,2808,
TOTAL,Total,TOTAL,Total,NL,Netherlands,2000,2802,
TOTAL,Total,TOTAL,Total,NL,Netherlands,2001,2809,
TOTAL,Total,TOTAL,Total,NL,Netherlands,2002,2806,
TOTAL,Total,TOTAL,Total,NL,Netherlands,2003,2811,
TOTAL,Total,TOTAL,Total,NL,Netherlands,2004,2811,
TOTAL,Total,TOTAL,Total,NL,Netherlands,2005,2810,
TOTAL,Total,TOTAL,Total,NL,Netherlands,2006,2797,
TOTAL,Total,TOTAL,Total,NL,Netherlands,2007,2801,
TOTAL,Total,TOTAL,Total,NL,Netherlands,2008,2888,
TOTAL,Total,TOTAL,Total,NL,Netherlands,2009,2896,
TOTAL,Total,TOTAL,Total,NL,Netherlands,2010,3013,
TOTAL,Total,TOTAL,Total,NL,Netherlands,2011,3013,
TOTAL,Total,TOTAL,Total,NL,Netherlands,2012,3013,
TOTAL,Total,TOTAL,Total,NL,Netherlands,2013,3013,
TOTAL,Total,TOTAL,Total,NL,Netherlands,2014,3032,
TOTAL,Total,TOTAL,Total,NL,Netherlands,2015,3031,
TOTAL,Total,TOTAL,Total,NL,Netherlands,2016,3058,
TOTAL,Total,TOTAL,Total,NL,Netherlands,2017,3055,
TOTAL,Total,TOTAL,Total,NL,Netherlands,2018,3040,
TOTAL,Total,TOTAL,Total,NL,Netherlands,2019,3040,
TOTAL,Total,TOTAL,Total,NL,Netherlands,2020,3041,
TOTAL,Total,TOTAL,Total,NL,Netherlands,2021,3041,
TOTAL,Total,TOTAL,Total,NL,Netherlands,2022,3041,
TOTAL,Total,TOTAL,Total,NL,Netherlands,2023,3041,
TOTAL,Total,TOTAL,Total,NL,Netherlands,2024,3043,
TOTAL,Total,TOTAL,Total,NO,Norway,1990,4044,
TOTAL,Total,TOTAL,Total,NO,Norway,1991,4027,
TOTAL,Total,TOTAL,Total,NO,Norway,1992,4027,
TOTAL,Total,TOTAL,Total,NO,Norway,1993,4023,
TOTAL,Total,TOTAL,Total,NO,Norway,1994,4023,
TOTAL,Total,TOTAL,Total,NO,Norway,1995,4023,
TOTAL,Total,TOTAL,Total,NO,Norway,1996,4021,
TOTAL,Total,TOTAL,Total,NO,Norway,1997,4021,
TOTAL,Total,TOTAL,Total,NO,Norway,1998,4021,i
TOTAL,Total,TOTAL,Total,NO,Norway,1999,4021,i
TOTAL,Total,TOTAL,Total,NO,Norway,2000,4179,
TOTAL,Total,TOTAL,Total,NO,Norway,2001,4178,
TOTAL,Total,TOTAL,Total,NO,Norway,2002,4077,
TOTAL,Total,TOTAL,Total,NO,Norway,2003,4077,
TOTAL,Total,TOTAL,Total,NO,Norway,2004,4077,
TOTAL,Total,TOTAL,Total,NO,Norway,2005,4114,
TOTAL,Total,TOTAL,Total,NO,Norway,2006,4114,
TOTAL,Total,TOTAL,Total,NO,Norway,2007,4114,
TOTAL,Total,TOTAL,Total,NO,Norway,2008,4114,
TOTAL,Total,TOTAL,Total,NO,Norway,2009,3910,
TOTAL,Total,TOTAL,Total,NO,Norway,2010,3958,
TOTAL,Total,TOTAL,Total,NO,Norway,2011,3910,
TOTAL,Total,TOTAL,Total,NO,Norway,2012,3891,
TOTAL,Total,TOTAL,Total,NO,Norway,2013,3897,
TOTAL,Total,TOTAL,Total,NO,Norway,2014,3906,
TOTAL,Total,TOTAL,Total,NO,Norway,2015,3896,
TOTAL,Total,TOTAL,Total,NO,Norway,2016,3895,
TOTAL,Total,TOTAL,Total,NO,Norway,2017,3895,
TOTAL,Total,TOTAL,Total,NO,Norway,2018,3887,
TOTAL,Total,TOTAL,Total,NO,Norway,2019,3890,
TOTAL,Total,TOTAL,Total,NO,Norway,2020,3885,
TOTAL,Total,TOTAL,Total,NO,Norway,2021,3885,
TOTAL,Total,TOTAL,Total,NO,Norway,2022,3907,
TOTAL,Total,TOTAL,Total,NO,Norway,2023,3962,
TOTAL,Total,TOTAL,Total,NO,Norway,2024,3962,
TOTAL,Total,TOTAL,Total,PL,Poland,1990,26228,
TOTAL,Total,TOTAL,Total,PL,Poland,1991,25848,
TOTAL,Total,TOTAL,Total,PL,Poland,1992,25254,
TOTAL,Total,TOTAL,Total,PL,Poland,1993,24926,
TOTAL,Total,TOTAL,Total,PL,Poland,1994,24313,
TOTAL,Total,TOTAL,Total,PL,Poland,1995,23986,
TOTAL,Total,TOTAL,Total,PL,Poland,1996,23420,
TOTAL,Total,TOTAL,Total,PL,Poland,1997,23424,
TOTAL,Total,TOTAL,Total,PL,Poland,1998,23210,
TOTAL,Total,TOTAL,Total,PL,Poland,1999,22891,
TOTAL,Total,TOTAL,Total,PL,Poland,2000,22560,
TOTAL,Total,TOTAL,Total,PL,Poland,2001,21119,
TOTAL,Total,TOTAL,Total,PL,Poland,2002,21073,
TOTAL,Total,TOTAL,Total,PL,Poland,2003,19900,
TOTAL,Total,TOTAL,Total,PL,Poland,2004,20250,
TOTAL,Total,TOTAL,Total,PL,Poland,2005,20253,
TOTAL,Total,TOTAL,Total,PL,Poland,2006,20176,
TOTAL,Total,TOTAL,Total,PL,Poland,2007,20107,
TOTAL,Total,TOTAL,Total,PL,Poland,2008,20196,
TOTAL,Total,TOTAL,Total,PL,Poland,2009,20360,
TOTAL,Total,TOTAL,Total,PL,Poland,2010,20228,
TOTAL,Total,TOTAL,Total,PL,Poland,2011,20228,
TOTAL,Total,TOTAL,Total,PL,Poland,2012,20094,
TOTAL,Total,TOTAL,Total,PL,Poland,2013,19328,
TOTAL,Total,TOTAL,Total,PL,Poland,2014,19240,
TOTAL,Total,TOTAL,Total,PL,Poland,2015,19231,
TOTAL,Total,TOTAL,Total,PL,Poland,2016,19132,
TOTAL,Total,TOTAL,Total,PL,Poland,2017,19209,
TOTAL,Total,TOTAL,Total,PL,Poland,2018,19196,
TOTAL,Total,TOTAL,Total,PL,Poland,2019,19359,
TOTAL,Total,TOTAL,Total,PL,Poland,2020,19383,
TOTAL,Total,TOTAL,Total,PL,Poland,2021,19287,
TOTAL,Total,TOTAL,Total,PL,Poland,2022,19355,
TOTAL,Total,TOTAL,Total,PL,Poland,2023,19539,
TOTAL,Total,TOTAL,Total,PL,Poland,2024,19625,
TOTAL,Total,TOTAL,Total,PT,Portugal,1990,3126,
TOTAL,Total,TOTAL,Total,PT,Portugal,1991,3117,
TOTAL,Total,TOTAL,Total,PT,Portugal,1992,3054,
TOTAL,Total,TOTAL,Total,PT,Portugal,1993,3062,
TOTAL,Total,TOTAL,Total,PT,Portugal,1994,3070,
TOTAL,Total,TOTAL,Total,PT,Portugal,1995,3065,
TOTAL,Total,TOTAL,Total,PT,Portugal,1996,3071,
TOTAL,Total,TOTAL,Total,PT,Portugal,1997,3038,
TOTAL,Total,TOTAL,Total,PT,Portugal,1998,2794,
TOTAL,Total,TOTAL,Total,PT,Portugal,1999,2814,
TOTAL,Total,TOTAL,Total,PT,Portugal,2000,2814,
TOTAL,Total,TOTAL,Total,PT,Portugal,2001,2813.7,
TOTAL,Total,TOTAL,Total,PT,Portugal,2002,2801,
TOTAL,Total,TOTAL,Total,PT,Portugal,2003,2818,i
TOTAL,Total,TOTAL,Total,PT,Portugal,2004,2849,i
TOTAL,Total,TOTAL,Total,PT,Portugal,2005,2839,i
TOTAL,Total,TOTAL,Total,PT,Portugal,2006,2838,i
TOTAL,Total,TOTAL,Total,PT,Portugal,2007,2838.4,
TOTAL,Total,TOTAL,Total,PT,Portugal,2008,2841.6,
TOTAL,Total,TOTAL,Total,PT,Portugal,2009,2841.6,
TOTAL,Total,TOTAL,Total,PT,Portugal,2010,2843,
TOTAL,Total,TOTAL,Total,PT,Portugal,2011,2793.9,
TOTAL,Total,TOTAL,Total,PT,Portugal,2012,2541.2,
TOTAL,Total,TOTAL,Total,PT,Portugal,2013,2544.4,
TOTAL,Total,TOTAL,Total,PT,Portugal,2014,2546,
TOTAL,Total,TOTAL,Total,PT,Portugal,2015,2546,
TOTAL,Total,TOTAL,Total,PT,Portugal,2016,2546,
TOTAL,Total,TOTAL,Total,PT,Portugal,2017,2545.96,
TOTAL,Total,TOTAL,Total,PT,Portugal,2018,2545.96,
TOTAL,Total,TOTAL,Total,PT,Portugal,2019,2526.15,
TOTAL,Total,TOTAL,Total,PT,Portugal,2020,2526.15,
TOTAL,Total,TOTAL,Total,PT,Portugal,2021,2527.053,
TOTAL,Total,TOTAL,Total,PT,Portugal,2022,2527.053,
TOTAL,Total,TOTAL,Total,PT,Portugal,2023,2527.053,
TOTAL,Total,TOTAL,Total,PT,Portugal,2024,2526,
TOTAL,Total,TOTAL,Total,RO,Romania,1990,11348,
TOTAL,Total,TOTAL,Total,RO,Romania,1991,11365,
TOTAL,Total,TOTAL,Total,RO,Romania,1992,11430,
TOTAL,Total,TOTAL,Total,RO,Romania,1993,11380,
TOTAL,Total,TOTAL,Total,RO,Romania,1994,11374,
TOTAL,Total,TOTAL,Total,RO,Romania,1995,11376,
TOTAL,Total,TOTAL,Total,RO,Romania,1996,11385,
TOTAL,Total,TOTAL,Total,RO,Romania,1997,11380,
TOTAL,Total,TOTAL,Total,RO,Romania,1998,11010,
TOTAL,Total,TOTAL,Total,RO,Romania,1999,10981,
TOTAL,Total,TOTAL,Total,RO,Romania,2000,11015,
TOTAL,Total,TOTAL,Total,RO,Romania,2001,11015,
TOTAL,Total,TOTAL,Total,RO,Romania,2002,11002,
TOTAL,Total,TOTAL,Total,RO,Romania,2003,11077,
TOTAL,Total,TOTAL,Total,RO,Romania,2004,11053,
TOTAL,Total,TOTAL,Total,RO,Romania,2005,10948,
TOTAL,Total,TOTAL,Total,RO,Romania,2006,10789,
TOTAL,Total,TOTAL,Total,RO,Romania,2007,10777,
TOTAL,Total,TOTAL,Total,RO,Romania,2008,10785,
TOTAL,Total,TOTAL,Total,RO,Romania,2009,10784,
TOTAL,Total,TOTAL,Total,RO,Romania,2010,10785,
TOTAL,Total,TOTAL,Total,RO,Romania,2011,10777,
TOTAL,Total,TOTAL,Total,RO,Romania,2012,10777,
TOTAL,Total,TOTAL,Total,RO,Romania,2013,10768,
TOTAL,Total,TOTAL,Total,RO,Romania,2014,10777,
TOTAL,Total,TOTAL,Total,RO,Romania,2015,10770,
TOTAL,Total,TOTAL,Total,RO,Romania,2016,10774,
TOTAL,Total,TOTAL,Total,RO,Romania,2017,10774,
TOTAL,Total,TOTAL,Total,RO,Romania,2018,10765,
TOTAL,Total,TOTAL,Total,RO,Romania,2019,10759,
TOTAL,Total,TOTAL,Total,RO,Romania,2020,10769,
TOTAL,Total,TOTAL,Total,RO,Romania,2021,10764,
TOTAL,Total,TOTAL,Total,RO,Romania,2022,10615,
TOTAL,Total,TOTAL,Total,RO,Romania,2023,10611,
TOTAL,Total,TOTAL,Total,RO,Romania,2024,10611,
TOTAL,Total,TOTAL,Total,RS,Serbia,2006,3809,
TOTAL,Total,TOTAL,Total,RS,Serbia,2007,3809,
TOTAL,Total,TOTAL,Total,RS,Serbia,2008,3809,
TOTAL,Total,TOTAL,Total,RS,Serbia,2009,3809,
TOTAL,Total,TOTAL,Total,RS,Serbia,2010,3809,
TOTAL,Total,TOTAL,Total,RS,Serbia,2011,3819,
TOTAL,Total,TOTAL,Total,RS,Serbia,2012,3819,
TOTAL,Total,TOTAL,Total,RS,Serbia,2013,3819,
TOTAL,Total,TOTAL,Total,RS,Serbia,2014,3819,
TOTAL,Total,TOTAL,Total,RS,Serbia,2015,3766,
TOTAL,Total,TOTAL,Total,RS,Serbia,2016,3766,
TOTAL,Total,TOTAL,Total,RS,Serbia,2017,3764,
TOTAL,Total,TOTAL,Total,RS,Serbia,2018,3724,
TOTAL,Total,TOTAL,Total,RS,Serbia,2019,3763,
TOTAL,Total,TOTAL,Total,RS,Serbia,2020,3354,
TOTAL,Total,TOTAL,Total,RS,Serbia,2021,3369,
TOTAL,Total,TOTAL,Total,RS,Serbia,2022,3382,
TOTAL,Total,TOTAL,Total,RS,Serbia,2023,3382,
TOTAL,Total,TOTAL,Total,RS,Serbia,2024,3357,
TOTAL,Total,TOTAL,Total,SE,Sweden,1990,11193,
TOTAL,Total,TOTAL,Total,SE,Sweden,1991,11050,
TOTAL,Total,TOTAL,Total,SE,Sweden,1992,10988,
TOTAL,Total,TOTAL,Total,SE,Sweden,1993,10888,
TOTAL,Total,TOTAL,Total,SE,Sweden,1994,10803,
TOTAL,Total,TOTAL,Total,SE,Sweden,1995,10925,
TOTAL,Total,TOTAL,Total,SE,Sweden,1996,10964,
TOTAL,Total,TOTAL,Total,SE,Sweden,1997,10941,
TOTAL,Total,TOTAL,Total,SE,Sweden,1998,10997,
TOTAL,Total,TOTAL,Total,SE,Sweden,1999,11044,
TOTAL,Total,TOTAL,Total,SE,Sweden,2000,11037,
TOTAL,Total,TOTAL,Total,SE,Sweden,2001,11021,
TOTAL,Total,TOTAL,Total,SE,Sweden,2002,11095,
TOTAL,Total,TOTAL,Total,SE,Sweden,2003,11037,
TOTAL,Total,TOTAL,Total,SE,Sweden,2004,11050,
TOTAL,Total,TOTAL,Total,SE,Sweden,2005,11017,
TOTAL,Total,TOTAL,Total,SE,Sweden,2006,11020,
TOTAL,Total,TOTAL,Total,SE,Sweden,2007,10972,
TOTAL,Total,TOTAL,Total,SE,Sweden,2008,11032,
TOTAL,Total,TOTAL,Total,SE,Sweden,2009,11149,
TOTAL,Total,TOTAL,Total,SE,Sweden,2010,11160,
TOTAL,Total,TOTAL,Total,SE,Sweden,2011,11206,
TOTAL,Total,TOTAL,Total,SE,Sweden,2012,11136,
TOTAL,Total,TOTAL,Total,SE,Sweden,2013,10957,
TOTAL,Total,TOTAL,Total,SE,Sweden,2014,10881,
TOTAL,Total,TOTAL,Total,SE,Sweden,2015,10908,
TOTAL,Total,TOTAL,Total,SE,Sweden,2016,10882,
TOTAL,Total,TOTAL,Total,SE,Sweden,2017,10874,
TOTAL,Total,TOTAL,Total,SE,Sweden,2018,10906,
TOTAL,Total,TOTAL,Total,SE,Sweden,2019,10899,
TOTAL,Total,TOTAL,Total,SE,Sweden,2020,10909,
TOTAL,Total,TOTAL,Total,SE,Sweden,2021,10912,
TOTAL,Total,TOTAL,Total,SE,Sweden,2022,10914,
TOTAL,Total,TOTAL,Total,SE,Sweden,2023,10906,
TOTAL,Total,TOTAL,Total,SE,Sweden,2024,10902,
TOTAL,Total,TOTAL,Total,SI,Slovenia,1990,1196,
TOTAL,Total,TOTAL,Total,SI,Slovenia,1991,1201,
TOTAL,Total,TOTAL,Total,SI,Slovenia,1992,1201,
TOTAL,Total,TOTAL,Total,SI,Slovenia,1993,1201,
TOTAL,Total,TOTAL,Total,SI,Slovenia,1994,1201,
TOTAL,Total,TOTAL,Total,SI,Slovenia,1995,1201,
TOTAL,Total,TOTAL,Total,SI,Slovenia,1996,1201,
TOTAL,Total,TOTAL,Total,SI,Slovenia,1997,1201,
TOTAL,Total,TOTAL,Total,SI,Slovenia,1998,1201,
TOTAL,Total,TOTAL,Total,SI,Slovenia,1999,1201,
TOTAL,Total,TOTAL,Total,SI,Slovenia,2000,1201,
TOTAL,Total,TOTAL,Total,SI,Slovenia,2001,1228.6,
TOTAL,Total,TOTAL,Total,SI,Slovenia,2002,1228.6,
TOTAL,Total,TOTAL,Total,SI,Slovenia,2003,1228.7,
TOTAL,Total,TOTAL,Total,SI,Slovenia,2004,1228.7,
TOTAL,Total,TOTAL,Total,SI,Slovenia,2005,1228.1,
TOTAL,Total,TOTAL,Total,SI,Slovenia,2006,1228.07,
TOTAL,Total,TOTAL,Total,SI,Slovenia,2007,1228.07,
TOTAL,Total,TOTAL,Total,SI,Slovenia,2008,1228.07,
TOTAL,Total,TOTAL,Total,SI,Slovenia,2009,1228.07,
TOTAL,Total,TOTAL,Total,SI,Slovenia,2010,1228.07,
TOTAL,Total,TOTAL,Total,SI,Slovenia,2011,1209.13,
TOTAL,Total,TOTAL,Total,SI,Slovenia,2012,1209,
TOTAL,Total,TOTAL,Total,SI,Slovenia,2013,1209,
TOTAL,Total,TOTAL,Total,SI,Slovenia,2014,1209,
TOTAL,Total,TOTAL,Total,SI,Slovenia,2015,1209,
TOTAL,Total,TOTAL,Total,SI,Slovenia,2016,1209,
TOTAL,Total,TOTAL,Total,SI,Slovenia,2017,1209,
TOTAL,Total,TOTAL,Total,SI,Slovenia,2018,1209,
TOTAL,Total,TOTAL,Total,SI,Slovenia,2019,1209,
TOTAL,Total,TOTAL,Total,SI,Slovenia,2020,1209,
TOTAL,Total,TOTAL,Total,SI,Slovenia,2021,1209,
TOTAL,Total,TOTAL,Total,SI,Slovenia,2022,1208,
TOTAL,Total,TOTAL,Total,SI,Slovenia,2023,1208,
TOTAL,Total,TOTAL,Total,SI,Slovenia,2024,1208,
TOTAL,Total,TOTAL,Total,SK,Slovakia,1990,3660,
TOTAL,Total,TOTAL,Total,SK,Slovakia,1991,3661,
TOTAL,Total,TOTAL,Total,SK,Slovakia,1992,3661,
TOTAL,Total,TOTAL,Total,SK,Slovakia,1993,3661,
TOTAL,Total,TOTAL,Total,SK,Slovakia,1994,3661,
TOTAL,Total,TOTAL,Total,SK,Slovakia,1995,3665,
TOTAL,Total,TOTAL,Total,SK,Slovakia,1996,3673,
TOTAL,Total,TOTAL,Total,SK,Slovakia,1997,3673,
TOTAL,Total,TOTAL,Total,SK,Slovakia,1998,3665,
TOTAL,Total,TOTAL,Total,SK,Slovakia,1999,3665,
TOTAL,Total,TOTAL,Total,SK,Slovakia,2000,3662,
TOTAL,Total,TOTAL,Total,SK,Slovakia,2001,3662,
TOTAL,Total,TOTAL,Total,SK,Slovakia,2002,3657,
TOTAL,Total,TOTAL,Total,SK,Slovakia,2003,3657,
TOTAL,Total,TOTAL,Total,SK,Slovakia,2004,3660,
TOTAL,Total,TOTAL,Total,SK,Slovakia,2005,3658,
TOTAL,Total,TOTAL,Total,SK,Slovakia,2006,3658,
TOTAL,Total,TOTAL,Total,SK,Slovakia,2007,3629,
TOTAL,Total,TOTAL,Total,SK,Slovakia,2008,3623,
TOTAL,Total,TOTAL,Total,SK,Slovakia,2009,3623,
TOTAL,Total,TOTAL,Total,SK,Slovakia,2010,3622,
TOTAL,Total,TOTAL,Total,SK,Slovakia,2011,3624,
TOTAL,Total,TOTAL,Total,SK,Slovakia,2012,3631,
TOTAL,Total,TOTAL,Total,SK,Slovakia,2013,3631,
TOTAL,Total,TOTAL,Total,SK,Slovakia,2014,3627,
TOTAL,Total,TOTAL,Total,SK,Slovakia,2015,3626,
TOTAL,Total,TOTAL,Total,SK,Slovakia,2016,3626,
TOTAL,Total,TOTAL,Total,SK,Slovakia,2017,3626,
TOTAL,Total,TOTAL,Total,SK,Slovakia,2018,3627,
TOTAL,Total,TOTAL,Total,SK,Slovakia,2019,3629,
TOTAL,Total,TOTAL,Total,SK,Slovakia,2020,3627,
TOTAL,Total,TOTAL,Total,SK,Slovakia,2021,3626,
TOTAL,Total,TOTAL,Total,SK,Slovakia,2022,3626,
TOTAL,Total,TOTAL,Total,SK,Slovakia,2023,3631,
TOTAL,Total,TOTAL,Total,SK,Slovakia,2024,3629,
TOTAL,Total,TOTAL,Total,TR,Türkiye,1990,8429,
TOTAL,Total,TOTAL,Total,TR,Türkiye,1991,8429,
TOTAL,Total,TOTAL,Total,TR,Türkiye,1992,8430,
TOTAL,Total,TOTAL,Total,TR,Türkiye,1993,8430,
TOTAL,Total,TOTAL,Total,TR,Türkiye,1994,8452,
TOTAL,Total,TOTAL,Total,TR,Türkiye,1995,8549,
TOTAL,Total,TOTAL,Total,TR,Türkiye,1996,8607,
TOTAL,Total,TOTAL,Total,TR,Türkiye,1997,8607,
TOTAL,Total,TOTAL,Total,TR,Türkiye,1998,8607,
TOTAL,Total,TOTAL,Total,TR,Türkiye,1999,8682,
TOTAL,Total,TOTAL,Total,TR,Türkiye,2000,8671,
TOTAL,Total,TOTAL,Total,TR,Türkiye,2001,8671,
TOTAL,Total,TOTAL,Total,TR,Türkiye,2002,8671,
TOTAL,Total,TOTAL,Total,TR,Türkiye,2003,8697,
TOTAL,Total,TOTAL,Total,TR,Türkiye,2004,8697,
TOTAL,Total,TOTAL,Total,TR,Türkiye,2005,8697,
TOTAL,Total,TOTAL,Total,TR,Türkiye,2006,8697,
TOTAL,Total,TOTAL,Total,TR,Türkiye,2007,8697,
TOTAL,Total,TOTAL,Total,TR,Türkiye,2008,8699,
TOTAL,Total,TOTAL,Total,TR,Türkiye,2009,9080,
TOTAL,Total,TOTAL,Total,TR,Türkiye,2010,9594,
TOTAL,Total,TOTAL,Total,TR,Türkiye,2011,9642,
TOTAL,Total,TOTAL,Total,TR,Türkiye,2012,9642,
TOTAL,Total,TOTAL,Total,TR,Türkiye,2013,9718,
TOTAL,Total,TOTAL,Total,TR,Türkiye,2014,10087,
TOTAL,Total,TOTAL,Total,TR,Türkiye,2015,10131,
TOTAL,Total,TOTAL,Total,TR,Türkiye,2016,10131,
TOTAL,Total,TOTAL,Total,TR,Türkiye,2017,10207,
TOTAL,Total,TOTAL,Total,TR,Türkiye,2018,10315,
TOTAL,Total,TOTAL,Total,TR,Türkiye,2019,10378,
TOTAL,Total,TOTAL,Total,TR,Türkiye,2020,10378,i
TOTAL,Total,TOTAL,Total,TR,Türkiye,2021,10546,i
TOTAL,Total,TOTAL,Total,TR,Türkiye,2022,10651,i
TOTAL,Total,TOTAL,Total,TR,Türkiye,2023,11417,
TOTAL,Total,TOTAL,Total,TR,Türkiye,2024,11417,
TOTAL,Total,TOTAL,Total,UA,Ukraine,1990,22799,
TOTAL,Total,TOTAL,Total,UA,Ukraine,1991,22542,
TOTAL,Total,TOTAL,Total,UA,Ukraine,1992,22631,
TOTAL,Total,TOTAL,Total,UA,Ukraine,1993,22625,
TOTAL,Total,TOTAL,Total,UA,Ukraine,1994,22564,
TOTAL,Total,TOTAL,Total,UA,Ukraine,1995,22607,
TOTAL,Total,TOTAL,Total,UA,Ukraine,1996,22602,
TOTAL,Total,TOTAL,Total,UA,Ukraine,1997,22546,
TOTAL,Total,TOTAL,Total,UA,Ukraine,1998,22510,
TOTAL,Total,TOTAL,Total,UA,Ukraine,1999,22473,
TOTAL,Total,TOTAL,Total,UA,Ukraine,2000,22302,
TOTAL,Total,TOTAL,Total,UA,Ukraine,2001,22219,
TOTAL,Total,TOTAL,Total,UA,Ukraine,2012,21619,
TOTAL,Total,TOTAL,Total,UA,Ukraine,2013,21605,
TOTAL,Total,TOTAL,Total,UA,Ukraine,2014,20948,
TOTAL,Total,TOTAL,Total,UA,Ukraine,2015,20954,
TOTAL,Total,TOTAL,Total,UA,Ukraine,2016,20952,
TOTAL,Total,TOTAL,Total,UA,Ukraine,2017,19770,
TOTAL,Total,TOTAL,Total,UA,Ukraine,2018,19765,
TOTAL,Total,TOTAL,Total,UA,Ukraine,2019,19799,
TOTAL,Total,TOTAL,Total,UA,Ukraine,2020,19790,
TOTAL,Total,TOTAL,Total,UA,Ukraine,2021,19731,
TOTAL,Total,TOTAL,Total,UA,Ukraine,2022,19772,
TOTAL,Total,TOTAL,Total,UA,Ukraine,2023,19760,
TOTAL,Total,TOTAL,Total,UK,United Kingdom,1990,16924,
TOTAL,Total,TOTAL,Total,UK,United Kingdom,1991,16909,
TOTAL,Total,TOTAL,Total,UK,United Kingdom,1992,16843,
TOTAL,Total,TOTAL,Total,UK,United Kingdom,1993,16854,
TOTAL,Total,TOTAL,Total,UK,United Kingdom,1994,16873,
TOTAL,Total,TOTAL,Total,UK,United Kingdom,1995,16999,
TOTAL,Total,TOTAL,Total,UK,United Kingdom,1996,17001,
TOTAL,Total,TOTAL,Total,UK,United Kingdom,1997,16991,
TOTAL,Total,TOTAL,Total,UK,United Kingdom,1998,16994,
TOTAL,Total,TOTAL,Total,UK,United Kingdom,1999,16984,
TOTAL,Total,TOTAL,Total,UK,United Kingdom,2000,17008,
TOTAL,Total,TOTAL,Total,UK,United Kingdom,2001,16986,p
TOTAL,Total,TOTAL,Total,UK,United Kingdom,2002,17020,p
TOTAL,Total,TOTAL,Total,UK,United Kingdom,2003,16950,p
TOTAL,Total,TOTAL,Total,UK,United Kingdom,2004,16458,
TOTAL,Total,TOTAL,Total,UK,United Kingdom,2005,15810,
TOTAL,Total,TOTAL,Total,UK,United Kingdom,2006,15795,
TOTAL,Total,TOTAL,Total,UK,United Kingdom,2007,15814,b
TOTAL,Total,TOTAL,Total,UK,United Kingdom,2008,16160,i
TOTAL,Total,TOTAL,Total,UK,United Kingdom,2009,16126,i
TOTAL,Total,TOTAL,Total,UK,United Kingdom,2010,16223,i
TOTAL,Total,TOTAL,Total,UK,United Kingdom,2011,16210,i
TOTAL,Total,TOTAL,Total,UK,United Kingdom,2012,16195,
TOTAL,Total,TOTAL,Total,UK,United Kingdom,2013,16195,
TOTAL,Total,TOTAL,Total,UK,United Kingdom,2014,16202,
TOTAL,Total,TOTAL,Total,UK,United Kingdom,2015,16241,
TOTAL,Total,TOTAL,Total,UK,United Kingdom,2016,16253,
TOTAL,Total,TOTAL,Total,UK,United Kingdom,2017,16320,
TOTAL,Total,TOTAL,Total,UK,United Kingdom,2018,16289,
TOTAL,Total,TOTAL,Total,UK,United Kingdom,2019,16480,
TOTAL,Total,TOTAL,Total,UK,United Kingdom,2020,16519,
TOTAL,Total,TOTAL,Total,UK,United Kingdom,2021,16457,
TOTAL,Total,TOTAL,Total,UK,United Kingdom,2022,16430,
TOTAL,Total,TOTAL,Total,UK,United Kingdom,2023,16433,
TOTAL,Total,TOTAL,Total,UK,United Kingdom,2024,16189,
TOTAL,Total,TOTAL,Total,XK,Kosovo*,2017,246.35,
TOTAL,Total,TOTAL,Total,XK,Kosovo*,2018,246.35,
TOTAL,Total,TOTAL,Total,XK,Kosovo*,2019,246.35,
TOTAL,Total,TOTAL,Total,XK,Kosovo*,2020,246.35,
TOTAL,Total,TOTAL,Total,XK,Kosovo*,2021,246.35,
TOTAL,Total,TOTAL,Total,XK,Kosovo*,2022,246.35,
