partner,partner_label,geo,geo_label,period,value,flag
AL,Albania,RO,Romania,2004,0,
AL,Albania,RO,Romania,2005,0,
AL,Albania,RO,Romania,2006,0,
AL,Albania,RO,Romania,2007,0,
AM,Armenia,EL,Greece,2006,0,
AT,Austria,BE,Belgium,2004,1,
AT,Austria,BE,Belgium,2005,3,
AT,Austria,BE,Belgium,2006,1,
AT,Austria,BE,Belgium,2007,0,
AT,Austria,BE,Belgium,2008,3,
AT,Austria,BE,Belgium,2009,5,
AT,Austria,BE,Belgium,2010,2,
AT,Austria,BE,Belgium,2011,2,
AT,Austria,BG,Bulgaria,2006,1,
AT,Austria,BG,Bulgaria,2007,9,
AT,Austria,BG,Bulgaria,2008,13,
AT,Austria,BG,Bulgaria,2009,14,
AT,Austria,BG,Bulgaria,2010,14,
AT,Austria,BG,Bulgaria,2011,15,
AT,Austria,BG,Bulgaria,2012,14,
AT,Austria,BG,Bulgaria,2013,14,
AT,Austria,BG,Bulgaria,2014,11,
AT,Austria,BG,Bulgaria,2015,11,
AT,Austria,BG,Bulgaria,2016,8,
AT,Austria,BG,Bulgaria,2017,9,
AT,Austria,BG,Bulgaria,2018,10,
AT,Austria,BG,Bulgaria,2019,18,
AT,Austria,BG,Bulgaria,2020,7,
AT,Austria,BG,Bulgaria,2021,3,
AT,Austria,BG,Bulgaria,2022,9,
AT,Austria,BG,Bulgaria,2023,19,
AT,Austria,BG,Bulgaria,2024,18,
AT,Austria,BG,Bulgaria,2025,16,
AT,Austria,CH,Switzerland,2008,179,
AT,Austria,CH,Switzerland,2009,170,
AT,Austria,CH,Switzerland,2010,193,
AT,Austria,CH,Switzerland,2011,195,
AT,Austria,CH,Switzerland,2012,225,
AT,Austria,CH,Switzerland,2013,220,
AT,Austria,CH,Switzerland,2014,215,
AT,Austria,CH,Switzerland,2015,518,
AT,Austria,CH,Switzerland,2016,498,
AT,Austria,CH,Switzerland,2017,505,
AT,Austria,CH,Switzerland,2018,522,
AT,Austria,CH,Switzerland,2019,570,
AT,Austria,CH,Switzerland,2020,234,
AT,Austria,CH,Switzerland,2021,271,
AT,Austria,CH,Switzerland,2022,551,
AT,Austria,CH,Switzerland,2023,632,
AT,Austria,CH,Switzerland,2024,599,
AT,Austria,CH,Switzerland,2025,634,
AT,Austria,CZ,Czechia,2004,38,
AT,Austria,CZ,Czechia,2005,18,
AT,Austria,CZ,Czechia,2006,144,
AT,Austria,CZ,Czechia,2007,183,
AT,Austria,CZ,Czechia,2008,169,
AT,Austria,CZ,Czechia,2009,149,
AT,Austria,CZ,Czechia,2010,160,
AT,Austria,CZ,Czechia,2011,175,
AT,Austria,CZ,Czechia,2012,201,
AT,Austria,CZ,Czechia,2013,192,
AT,Austria,CZ,Czechia,2014,210,
AT,Austria,CZ,Czechia,2015,318,
AT,Austria,CZ,Czechia,2016,482,
AT,Austria,CZ,Czechia,2017,595,
AT,Austria,CZ,Czechia,2018,691,
AT,Austria,CZ,Czechia,2019,822,
AT,Austria,CZ,Czechia,2020,242,
AT,Austria,CZ,Czechia,2021,274,
AT,Austria,CZ,Czechia,2022,858,
AT,Austria,CZ,Czechia,2023,977,
AT,Austria,CZ,Czechia,2024,1069,
AT,Austria,CZ,Czechia,2025,1014,
AT,Austria,DE,Germany,2004,975,
AT,Austria,DE,Germany,2005,896,
AT,Austria,DE,Germany,2006,929,
AT,Austria,DE,Germany,2007,928,
AT,Austria,DE,Germany,2008,900,
AT,Austria,DE,Germany,2009,1040,
AT,Austria,DE,Germany,2010,1060,
AT,Austria,DE,Germany,2011,1409,
AT,Austria,DE,Germany,2012,1302,
AT,Austria,DE,Germany,2013,1314,
AT,Austria,DE,Germany,2014,1362,
AT,Austria,DE,Germany,2015,1051,
AT,Austria,DE,Germany,2016,1434,
AT,Austria,DE,Germany,2017,1690,
AT,Austria,DE,Germany,2018,1584,
AT,Austria,DE,Germany,2019,1604,
AT,Austria,DE,Germany,2020,1649,
AT,Austria,DE,Germany,2021,908,
AT,Austria,DE,Germany,2022,1794,
AT,Austria,DE,Germany,2023,2016,
AT,Austria,DE,Germany,2024,2330,
AT,Austria,DE,Germany,2025,2416,
AT,Austria,DK,Denmark,2004,3,
AT,Austria,DK,Denmark,2005,1,
AT,Austria,DK,Denmark,2006,9,
AT,Austria,DK,Denmark,2007,9,
AT,Austria,DK,Denmark,2008,9,
AT,Austria,DK,Denmark,2009,9,
AT,Austria,DK,Denmark,2010,12,
AT,Austria,DK,Denmark,2011,17,
AT,Austria,DK,Denmark,2012,11,
AT,Austria,DK,Denmark,2013,8,
AT,Austria,DK,Denmark,2014,6,
AT,Austria,DK,Denmark,2015,8,
AT,Austria,DK,Denmark,2016,9,
AT,Austria,DK,Denmark,2017,8,
AT,Austria,DK,Denmark,2018,5,
AT,Austria,DK,Denmark,2019,6,
AT,Austria,DK,Denmark,2022,1,
AT,Austria,DK,Denmark,2023,2,
AT,Austria,DK,Denmark,2024,3,
AT,Austria,DK,Denmark,2025,3,
AT,Austria,ES,Spain,2017,0,
AT,Austria,FR,France,2004,7,
AT,Austria,FR,France,2005,12,
AT,Austria,FR,France,2006,10,
AT,Austria,FR,France,2007,3,
AT,Austria,FR,France,2008,2,
AT,Austria,FR,France,2009,2,
AT,Austria,HR,Croatia,2004,28,
AT,Austria,HR,Croatia,2005,25,
AT,Austria,HR,Croatia,2006,26,
AT,Austria,HR,Croatia,2007,27,
AT,Austria,HR,Croatia,2008,29,
AT,Austria,HR,Croatia,2009,27,
AT,Austria,HR,Croatia,2010,28,
AT,Austria,HR,Croatia,2011,28,
AT,Austria,HR,Croatia,2012,28,
AT,Austria,HR,Croatia,2013,25,
AT,Austria,HR,Croatia,2014,24,
AT,Austria,HR,Croatia,2015,22,
AT,Austria,HR,Croatia,2016,21,
AT,Austria,HR,Croatia,2017,26,
AT,Austria,HR,Croatia,2018,21,
AT,Austria,HR,Croatia,2019,22,
AT,Austria,HR,Croatia,2020,8,
AT,Austria,HR,Croatia,2021,14,
AT,Austria,HR,Croatia,2022,27,
AT,Austria,HR,Croatia,2023,39,
AT,Austria,HR,Croatia,2024,36,
AT,Austria,HR,Croatia,2025,33,
AT,Austria,HU,Hungary,2004,174,
AT,Austria,HU,Hungary,2005,267,
AT,Austria,HU,Hungary,2006,268,
AT,Austria,HU,Hungary,2007,270,
AT,Austria,HU,Hungary,2008,279,
AT,Austria,HU,Hungary,2009,307,
AT,Austria,HU,Hungary,2010,309,
AT,Austria,HU,Hungary,2011,415,
AT,Austria,HU,Hungary,2012,477,
AT,Austria,HU,Hungary,2013,498,
AT,Austria,HU,Hungary,2014,376,
AT,Austria,IT,Italy,2004,195,
AT,Austria,IT,Italy,2005,414,
AT,Austria,IT,Italy,2006,323,
AT,Austria,IT,Italy,2007,259,
AT,Austria,IT,Italy,2021,398,
AT,Austria,IT,Italy,2022,613,
AT,Austria,IT,Italy,2023,383,
AT,Austria,IT,Italy,2024,348,
AT,Austria,IT,Italy,2025,311,
AT,Austria,LT,Lithuania,2004,0,
AT,Austria,LT,Lithuania,2005,0,
AT,Austria,LT,Lithuania,2006,0,
AT,Austria,LT,Lithuania,2007,0,
AT,Austria,LT,Lithuania,2008,0,
AT,Austria,LT,Lithuania,2009,0,
AT,Austria,LT,Lithuania,2010,0,
AT,Austria,LT,Lithuania,2011,0,
AT,Austria,LT,Lithuania,2012,0,
AT,Austria,LT,Lithuania,2013,0,
AT,Austria,LU,Luxembourg,2004,1,
AT,Austria,LU,Luxembourg,2005,0,
AT,Austria,LU,Luxembourg,2006,0,
AT,Austria,LU,Luxembourg,2007,1,
AT,Austria,LU,Luxembourg,2008,0,
AT,Austria,LU,Luxembourg,2009,1,
AT,Austria,LU,Luxembourg,2010,1,
AT,Austria,LU,Luxembourg,2011,1,
AT,Austria,LU,Luxembourg,2012,1,
AT,Austria,LU,Luxembourg,2013,1,
AT,Austria,LU,Luxembourg,2014,0,
AT,Austria,LU,Luxembourg,2015,0,
AT,Austria,LU,Luxembourg,2016,0,
AT,Austria,LU,Luxembourg,2017,0,
AT,Austria,LU,Luxembourg,2018,0,
AT,Austria,LU,Luxembourg,2019,0,
AT,Austria,LU,Luxembourg,2020,0,
AT,Austria,LU,Luxembourg,2021,0,
AT,Austria,LU,Luxembourg,2022,0,
AT,Austria,LU,Luxembourg,2023,1,
AT,Austria,LU,Luxembourg,2024,1,
AT,Austria,LU,Luxembourg,2025,1,
AT,Austria,MK,North Macedonia,2009,0,
AT,Austria,MK,North Macedonia,2010,0,
AT,Austria,MK,North Macedonia,2011,0,
AT,Austria,MK,North Macedonia,2013,0,
AT,Austria,MK,North Macedonia,2015,0,
AT,Austria,NL,Netherlands,2004,40,
AT,Austria,NL,Netherlands,2005,40,
AT,Austria,NL,Netherlands,2006,31,
AT,Austria,NL,Netherlands,2007,20,
AT,Austria,PL,Poland,2004,54,
AT,Austria,PL,Poland,2005,66,
AT,Austria,PL,Poland,2006,63,
AT,Austria,PL,Poland,2007,63,
AT,Austria,PL,Poland,2008,63,
AT,Austria,PL,Poland,2009,49,
AT,Austria,PL,Poland,2010,60,
AT,Austria,PL,Poland,2011,56,
AT,Austria,PL,Poland,2012,53,
AT,Austria,PL,Poland,2013,51,
AT,Austria,PL,Poland,2014,58,
AT,Austria,PL,Poland,2015,46,
AT,Austria,PL,Poland,2016,31,
AT,Austria,PL,Poland,2017,30,
AT,Austria,PL,Poland,2018,28,
AT,Austria,RO,Romania,2004,12,
AT,Austria,RO,Romania,2005,13,
AT,Austria,RO,Romania,2006,9,
AT,Austria,RO,Romania,2007,13,
AT,Austria,RO,Romania,2008,16,
AT,Austria,RO,Romania,2009,17,
AT,Austria,RO,Romania,2010,17,
AT,Austria,RO,Romania,2011,11,
AT,Austria,RO,Romania,2012,8,
AT,Austria,RO,Romania,2013,7,
AT,Austria,RO,Romania,2014,4,
AT,Austria,RO,Romania,2015,3,
AT,Austria,RO,Romania,2016,5,
AT,Austria,RO,Romania,2017,11,
AT,Austria,RO,Romania,2018,16,
AT,Austria,RO,Romania,2019,18,
AT,Austria,RO,Romania,2020,9,
AT,Austria,RO,Romania,2021,12,
AT,Austria,RO,Romania,2022,21,
AT,Austria,RO,Romania,2023,26,
AT,Austria,RO,Romania,2024,28,
AT,Austria,RO,Romania,2025,22,
AT,Austria,SI,Slovenia,2004,47,
AT,Austria,SI,Slovenia,2005,38,
AT,Austria,SI,Slovenia,2006,38,
AT,Austria,SI,Slovenia,2007,48,
AT,Austria,SI,Slovenia,2008,53,
AT,Austria,SI,Slovenia,2009,73,
AT,Austria,SI,Slovenia,2010,68,
AT,Austria,SI,Slovenia,2011,65,
AT,Austria,SI,Slovenia,2012,68,
AT,Austria,SI,Slovenia,2013,57,
AT,Austria,SI,Slovenia,2014,54,
AT,Austria,SI,Slovenia,2015,49,
AT,Austria,SI,Slovenia,2016,53,
AT,Austria,SI,Slovenia,2017,68,
AT,Austria,SI,Slovenia,2018,80,
AT,Austria,SI,Slovenia,2019,97,
AT,Austria,SI,Slovenia,2020,13,
AT,Austria,SI,Slovenia,2021,18,
AT,Austria,SI,Slovenia,2022,37,
AT,Austria,SI,Slovenia,2023,165,
AT,Austria,SI,Slovenia,2024,227,
AT,Austria,SI,Slovenia,2025,236,
AT,Austria,SK,Slovakia,2004,84,
AT,Austria,SK,Slovakia,2005,88,
AT,Austria,SK,Slovakia,2006,514,
AT,Austria,SK,Slovakia,2007,698,
AT,Austria,SK,Slovakia,2008,726,
AT,Austria,SK,Slovakia,2009,729,
AT,Austria,SK,Slovakia,2010,599,
AT,Austria,SK,Slovakia,2011,684,
AT,Austria,SK,Slovakia,2012,735,
AT,Austria,SK,Slovakia,2013,767,
AT,Austria,SK,Slovakia,2014,799,
AT,Austria,SK,Slovakia,2015,760,
AT,Austria,SK,Slovakia,2016,732,
AT,Austria,SK,Slovakia,2017,761,
AT,Austria,SK,Slovakia,2018,918,
AT,Austria,SK,Slovakia,2019,1000,
AT,Austria,SK,Slovakia,2020,376,
AT,Austria,SK,Slovakia,2021,404,
AT,Austria,SK,Slovakia,2022,837,
AT,Austria,TR,Türkiye,2004,3,
AT,Austria,TR,Türkiye,2005,2,
AT,Austria,TR,Türkiye,2006,2,
AT,Austria,TR,Türkiye,2007,6,
AT,Austria,TR,Türkiye,2008,7,
AT,Austria,TR,Türkiye,2009,7,
AT,Austria,TR,Türkiye,2010,7,
AT,Austria,TR,Türkiye,2011,7,
AT,Austria,TR,Türkiye,2012,9,
AT,Austria,TR,Türkiye,2013,5,
AT,Austria,TR,Türkiye,2014,6,
AT,Austria,TR,Türkiye,2015,6,
AT,Austria,TR,Türkiye,2016,0,
AT,Austria,TR,Türkiye,2017,0,
BA,Bosnia and Herzegovina,BE,Belgium,2006,0,
BA,Bosnia and Herzegovina,BG,Bulgaria,2009,0,
BA,Bosnia and Herzegovina,BG,Bulgaria,2010,0,
BA,Bosnia and Herzegovina,BG,Bulgaria,2011,0,
BA,Bosnia and Herzegovina,BG,Bulgaria,2012,0,
BA,Bosnia and Herzegovina,BG,Bulgaria,2013,0,
BA,Bosnia and Herzegovina,BG,Bulgaria,2014,0,
BA,Bosnia and Herzegovina,BG,Bulgaria,2015,0,
BA,Bosnia and Herzegovina,BG,Bulgaria,2016,0,
BA,Bosnia and Herzegovina,BG,Bulgaria,2017,0,
BA,Bosnia and Herzegovina,BG,Bulgaria,2018,0,
BA,Bosnia and Herzegovina,BG,Bulgaria,2019,0,
BA,Bosnia and Herzegovina,BG,Bulgaria,2021,0,
BA,Bosnia and Herzegovina,CZ,Czechia,2007,0,
BA,Bosnia and Herzegovina,CZ,Czechia,2015,0,
BA,Bosnia and Herzegovina,HR,Croatia,2004,31,
BA,Bosnia and Herzegovina,HR,Croatia,2005,18,
BA,Bosnia and Herzegovina,HR,Croatia,2006,36,
BA,Bosnia and Herzegovina,HR,Croatia,2007,41,
BA,Bosnia and Herzegovina,HR,Croatia,2008,48,
BA,Bosnia and Herzegovina,HR,Croatia,2009,30,
BA,Bosnia and Herzegovina,HR,Croatia,2010,30,
BA,Bosnia and Herzegovina,HR,Croatia,2011,27,
BA,Bosnia and Herzegovina,HR,Croatia,2012,27,
BA,Bosnia and Herzegovina,HR,Croatia,2013,14,
BA,Bosnia and Herzegovina,HR,Croatia,2014,7,
BA,Bosnia and Herzegovina,HR,Croatia,2015,7,
BA,Bosnia and Herzegovina,HR,Croatia,2016,7,
BA,Bosnia and Herzegovina,HR,Croatia,2017,0,
BA,Bosnia and Herzegovina,HR,Croatia,2023,3,
BA,Bosnia and Herzegovina,HR,Croatia,2024,3,
BA,Bosnia and Herzegovina,HR,Croatia,2025,3,
BA,Bosnia and Herzegovina,HU,Hungary,2004,2,
BA,Bosnia and Herzegovina,HU,Hungary,2005,3,
BA,Bosnia and Herzegovina,HU,Hungary,2006,2,
BA,Bosnia and Herzegovina,HU,Hungary,2007,2,
BA,Bosnia and Herzegovina,HU,Hungary,2008,2,
BA,Bosnia and Herzegovina,HU,Hungary,2009,2,
BA,Bosnia and Herzegovina,HU,Hungary,2010,2,
BA,Bosnia and Herzegovina,HU,Hungary,2011,3,
BA,Bosnia and Herzegovina,HU,Hungary,2012,3,
BA,Bosnia and Herzegovina,HU,Hungary,2013,23,
BA,Bosnia and Herzegovina,HU,Hungary,2014,1,
BA,Bosnia and Herzegovina,IT,Italy,2005,2,
BA,Bosnia and Herzegovina,MK,North Macedonia,2010,0,
BA,Bosnia and Herzegovina,MK,North Macedonia,2011,0,
BA,Bosnia and Herzegovina,MK,North Macedonia,2012,0,
BA,Bosnia and Herzegovina,RO,Romania,2004,0,
BA,Bosnia and Herzegovina,RO,Romania,2005,0,
BA,Bosnia and Herzegovina,RO,Romania,2006,0,
BA,Bosnia and Herzegovina,RO,Romania,2007,0,
BA,Bosnia and Herzegovina,RO,Romania,2012,0,
BA,Bosnia and Herzegovina,RO,Romania,2016,0,
BA,Bosnia and Herzegovina,SI,Slovenia,2004,1,
BA,Bosnia and Herzegovina,SI,Slovenia,2005,2,
BA,Bosnia and Herzegovina,SI,Slovenia,2006,2,
BA,Bosnia and Herzegovina,SI,Slovenia,2007,2,
BA,Bosnia and Herzegovina,SI,Slovenia,2008,3,
BA,Bosnia and Herzegovina,SI,Slovenia,2009,3,
BA,Bosnia and Herzegovina,SI,Slovenia,2010,1,
BA,Bosnia and Herzegovina,SI,Slovenia,2011,1,
BA,Bosnia and Herzegovina,SI,Slovenia,2012,1,
BA,Bosnia and Herzegovina,SI,Slovenia,2013,0,
BA,Bosnia and Herzegovina,SI,Slovenia,2014,0,
BA,Bosnia and Herzegovina,SI,Slovenia,2015,0,
BA,Bosnia and Herzegovina,SI,Slovenia,2016,0,
BA,Bosnia and Herzegovina,SI,Slovenia,2017,0,
BA,Bosnia and Herzegovina,SK,Slovakia,2007,0,
BA,Bosnia and Herzegovina,SK,Slovakia,2009,0,
BA,Bosnia and Herzegovina,SK,Slovakia,2011,0,
BA,Bosnia and Herzegovina,SK,Slovakia,2012,0,
BA,Bosnia and Herzegovina,SK,Slovakia,2013,0,
BA,Bosnia and Herzegovina,SK,Slovakia,2014,0,
BA,Bosnia and Herzegovina,SK,Slovakia,2015,0,
BA,Bosnia and Herzegovina,SK,Slovakia,2017,0,
BA,Bosnia and Herzegovina,TR,Türkiye,2006,0,
BA,Bosnia and Herzegovina,TR,Türkiye,2007,0,
BA,Bosnia and Herzegovina,TR,Türkiye,2008,0,
BA,Bosnia and Herzegovina,TR,Türkiye,2009,0,
BA,Bosnia and Herzegovina,TR,Türkiye,2010,0,
BA,Bosnia and Herzegovina,TR,Türkiye,2011,0,
BA,Bosnia and Herzegovina,TR,Türkiye,2012,0,
BA,Bosnia and Herzegovina,TR,Türkiye,2013,0,
BA,Bosnia and Herzegovina,TR,Türkiye,2014,0,
BA,Bosnia and Herzegovina,TR,Türkiye,2015,0,
BA,Bosnia and Herzegovina,TR,Türkiye,2016,0,
BA,Bosnia and Herzegovina,TR,Türkiye,2017,0,
BE,Belgium,BG,Bulgaria,2006,0,
BE,Belgium,BG,Bulgaria,2007,2,
BE,Belgium,BG,Bulgaria,2008,5,
BE,Belgium,BG,Bulgaria,2009,13,
BE,Belgium,BG,Bulgaria,2010,10,
BE,Belgium,BG,Bulgaria,2011,11,
BE,Belgium,BG,Bulgaria,2012,10,
BE,Belgium,BG,Bulgaria,2013,10,
BE,Belgium,BG,Bulgaria,2014,10,
BE,Belgium,BG,Bulgaria,2015,6,
BE,Belgium,BG,Bulgaria,2016,5,
BE,Belgium,BG,Bulgaria,2017,4,
BE,Belgium,BG,Bulgaria,2018,3,
BE,Belgium,BG,Bulgaria,2019,4,
BE,Belgium,BG,Bulgaria,2020,1,
BE,Belgium,BG,Bulgaria,2021,1,
BE,Belgium,BG,Bulgaria,2022,2,
BE,Belgium,BG,Bulgaria,2023,2,
BE,Belgium,BG,Bulgaria,2024,1,
BE,Belgium,BG,Bulgaria,2025,1,
BE,Belgium,CH,Switzerland,2008,68,
BE,Belgium,CH,Switzerland,2009,65,
BE,Belgium,CH,Switzerland,2010,74,
BE,Belgium,CH,Switzerland,2011,74,
BE,Belgium,CH,Switzerland,2012,86,
BE,Belgium,CH,Switzerland,2013,84,
BE,Belgium,CH,Switzerland,2014,82,
BE,Belgium,CH,Switzerland,2015,21,
BE,Belgium,CH,Switzerland,2016,20,
BE,Belgium,CH,Switzerland,2017,21,
BE,Belgium,CH,Switzerland,2018,21,
BE,Belgium,CH,Switzerland,2019,23,
BE,Belgium,CH,Switzerland,2020,10,
BE,Belgium,CH,Switzerland,2021,11,
BE,Belgium,CH,Switzerland,2022,23,
BE,Belgium,CH,Switzerland,2023,26,
BE,Belgium,CH,Switzerland,2024,25,
BE,Belgium,CH,Switzerland,2025,26,
BE,Belgium,CZ,Czechia,2004,0,
BE,Belgium,CZ,Czechia,2005,1,
BE,Belgium,CZ,Czechia,2006,0,
BE,Belgium,CZ,Czechia,2007,0,
BE,Belgium,CZ,Czechia,2008,0,
BE,Belgium,CZ,Czechia,2009,0,
BE,Belgium,CZ,Czechia,2010,0,
BE,Belgium,CZ,Czechia,2011,0,
BE,Belgium,CZ,Czechia,2012,0,
BE,Belgium,CZ,Czechia,2013,0,
BE,Belgium,CZ,Czechia,2014,0,
BE,Belgium,CZ,Czechia,2015,0,
BE,Belgium,CZ,Czechia,2016,0,
BE,Belgium,CZ,Czechia,2017,0,
BE,Belgium,CZ,Czechia,2018,1,
BE,Belgium,CZ,Czechia,2019,2,
BE,Belgium,CZ,Czechia,2020,1,
BE,Belgium,CZ,Czechia,2021,1,
BE,Belgium,CZ,Czechia,2022,3,
BE,Belgium,CZ,Czechia,2023,2,
BE,Belgium,CZ,Czechia,2024,2,
BE,Belgium,CZ,Czechia,2025,1,
BE,Belgium,DE,Germany,2004,70,
BE,Belgium,DE,Germany,2005,29,
BE,Belgium,DE,Germany,2006,75,
BE,Belgium,DE,Germany,2007,69,
BE,Belgium,DE,Germany,2008,81,
BE,Belgium,DE,Germany,2009,58,
BE,Belgium,DE,Germany,2010,42,
BE,Belgium,DE,Germany,2011,51,
BE,Belgium,DE,Germany,2012,223,
BE,Belgium,DE,Germany,2013,209,
BE,Belgium,DE,Germany,2014,254,
BE,Belgium,DE,Germany,2015,226,
BE,Belgium,DE,Germany,2016,287,
BE,Belgium,DE,Germany,2017,418,
BE,Belgium,DE,Germany,2018,506,
BE,Belgium,DE,Germany,2019,426,
BE,Belgium,DE,Germany,2020,239,
BE,Belgium,DE,Germany,2021,275,
BE,Belgium,DE,Germany,2022,571,
BE,Belgium,DE,Germany,2023,704,
BE,Belgium,DE,Germany,2024,650,
BE,Belgium,DE,Germany,2025,804,
BE,Belgium,DK,Denmark,2004,0,
BE,Belgium,DK,Denmark,2005,0,
BE,Belgium,DK,Denmark,2011,1,
BE,Belgium,DK,Denmark,2012,3,
BE,Belgium,DK,Denmark,2013,1,
BE,Belgium,DK,Denmark,2015,1,
BE,Belgium,DK,Denmark,2016,1,
BE,Belgium,DK,Denmark,2017,1,
BE,Belgium,DK,Denmark,2018,1,
BE,Belgium,DK,Denmark,2019,1,
BE,Belgium,ES,Spain,2017,0,
BE,Belgium,FR,France,2004,1196,
BE,Belgium,FR,France,2005,2009,
BE,Belgium,FR,France,2006,1994,
BE,Belgium,FR,France,2007,2005,
BE,Belgium,FR,France,2008,2089,
BE,Belgium,FR,France,2009,3594,
BE,Belgium,HR,Croatia,2004,0,
BE,Belgium,HR,Croatia,2005,0,
BE,Belgium,HR,Croatia,2006,0,
BE,Belgium,HR,Croatia,2007,0,
BE,Belgium,HR,Croatia,2008,0,
BE,Belgium,HR,Croatia,2009,0,
BE,Belgium,HR,Croatia,2010,0,
BE,Belgium,HR,Croatia,2011,0,
BE,Belgium,HR,Croatia,2012,0,
BE,Belgium,HR,Croatia,2013,0,
BE,Belgium,HR,Croatia,2014,0,
BE,Belgium,HR,Croatia,2015,0,
BE,Belgium,HR,Croatia,2016,0,
BE,Belgium,HR,Croatia,2017,0,
BE,Belgium,HR,Croatia,2018,0,
BE,Belgium,HR,Croatia,2019,0,
BE,Belgium,HR,Croatia,2020,0,
BE,Belgium,HR,Croatia,2021,0,
BE,Belgium,HR,Croatia,2022,0,
BE,Belgium,HR,Croatia,2023,0,
BE,Belgium,HR,Croatia,2024,0,
BE,Belgium,HR,Croatia,2025,0,
BE,Belgium,HU,Hungary,2004,1,
BE,Belgium,HU,Hungary,2005,3,
BE,Belgium,HU,Hungary,2006,3,
BE,Belgium,HU,Hungary,2007,2,
BE,Belgium,HU,Hungary,2008,4,
BE,Belgium,HU,Hungary,2009,7,
BE,Belgium,HU,Hungary,2010,3,
BE,Belgium,HU,Hungary,2011,4,
BE,Belgium,HU,Hungary,2012,3,
BE,Belgium,HU,Hungary,2013,3,
BE,Belgium,HU,Hungary,2014,2,
BE,Belgium,IT,Italy,2004,4,
BE,Belgium,IT,Italy,2005,2,
BE,Belgium,LU,Luxembourg,2004,505,
BE,Belgium,LU,Luxembourg,2005,545,
BE,Belgium,LU,Luxembourg,2006,659,
BE,Belgium,LU,Luxembourg,2007,678,
BE,Belgium,LU,Luxembourg,2008,771,
BE,Belgium,LU,Luxembourg,2009,694,
BE,Belgium,LU,Luxembourg,2010,912,
BE,Belgium,LU,Luxembourg,2011,877,
BE,Belgium,LU,Luxembourg,2012,840,
BE,Belgium,LU,Luxembourg,2013,874,
BE,Belgium,LU,Luxembourg,2014,1184,
BE,Belgium,LU,Luxembourg,2015,1110,
BE,Belgium,LU,Luxembourg,2016,877,
BE,Belgium,LU,Luxembourg,2017,760,
BE,Belgium,LU,Luxembourg,2018,728,
BE,Belgium,LU,Luxembourg,2019,1092,
BE,Belgium,LU,Luxembourg,2020,513,
BE,Belgium,LU,Luxembourg,2021,571,
BE,Belgium,LU,Luxembourg,2022,903,
BE,Belgium,LU,Luxembourg,2023,1174,
BE,Belgium,LU,Luxembourg,2024,1264,
BE,Belgium,LU,Luxembourg,2025,1228,
BE,Belgium,NL,Netherlands,2004,580,
BE,Belgium,NL,Netherlands,2005,850,
BE,Belgium,NL,Netherlands,2006,987,
BE,Belgium,NL,Netherlands,2007,1310,
BE,Belgium,PL,Poland,2004,3,
BE,Belgium,PL,Poland,2005,3,
BE,Belgium,PL,Poland,2006,3,
BE,Belgium,PL,Poland,2007,2,
BE,Belgium,PL,Poland,2008,2,
BE,Belgium,PL,Poland,2009,1,
BE,Belgium,PL,Poland,2010,1,
BE,Belgium,PL,Poland,2011,1,
BE,Belgium,PL,Poland,2012,1,
BE,Belgium,PL,Poland,2013,0,
BE,Belgium,PL,Poland,2014,1,
BE,Belgium,PL,Poland,2015,1,
BE,Belgium,PL,Poland,2016,0,
BE,Belgium,PL,Poland,2017,0,
BE,Belgium,PL,Poland,2018,0,
BE,Belgium,RO,Romania,2004,0,
BE,Belgium,RO,Romania,2005,0,
BE,Belgium,RO,Romania,2006,0,
BE,Belgium,RO,Romania,2007,0,
BE,Belgium,RO,Romania,2010,3,
BE,Belgium,RO,Romania,2011,0,
BE,Belgium,RO,Romania,2012,0,
BE,Belgium,RO,Romania,2013,0,
BE,Belgium,RO,Romania,2014,0,
BE,Belgium,RO,Romania,2015,0,
BE,Belgium,RO,Romania,2016,0,
BE,Belgium,RO,Romania,2017,0,
BE,Belgium,RO,Romania,2018,0,
BE,Belgium,RO,Romania,2019,0,
BE,Belgium,RO,Romania,2021,0,
BE,Belgium,RO,Romania,2022,0,
BE,Belgium,RO,Romania,2023,0,
BE,Belgium,SI,Slovenia,2004,0,
BE,Belgium,SI,Slovenia,2005,0,
BE,Belgium,SI,Slovenia,2006,1,
BE,Belgium,SI,Slovenia,2007,0,
BE,Belgium,SI,Slovenia,2008,0,
BE,Belgium,SI,Slovenia,2009,1,
BE,Belgium,SI,Slovenia,2010,0,
BE,Belgium,SI,Slovenia,2011,0,
BE,Belgium,SI,Slovenia,2012,0,
BE,Belgium,SI,Slovenia,2013,0,
BE,Belgium,SI,Slovenia,2014,1,
BE,Belgium,SI,Slovenia,2015,0,
BE,Belgium,SI,Slovenia,2016,0,
BE,Belgium,SI,Slovenia,2017,0,
BE,Belgium,SI,Slovenia,2018,0,
BE,Belgium,SI,Slovenia,2019,0,
BE,Belgium,SI,Slovenia,2020,0,
BE,Belgium,SI,Slovenia,2021,0,
BE,Belgium,SI,Slovenia,2022,0,
BE,Belgium,SI,Slovenia,2023,0,
BE,Belgium,SI,Slovenia,2024,0,
BE,Belgium,SI,Slovenia,2025,0,
BE,Belgium,SK,Slovakia,2004,1,
BE,Belgium,SK,Slovakia,2005,1,
BE,Belgium,SK,Slovakia,2006,1,
BE,Belgium,SK,Slovakia,2007,0,
BE,Belgium,SK,Slovakia,2008,1,
BE,Belgium,SK,Slovakia,2009,0,
BE,Belgium,SK,Slovakia,2010,0,
BE,Belgium,SK,Slovakia,2011,0,
BE,Belgium,SK,Slovakia,2012,0,
BE,Belgium,SK,Slovakia,2013,0,
BE,Belgium,SK,Slovakia,2015,0,
BE,Belgium,SK,Slovakia,2016,0,
BE,Belgium,SK,Slovakia,2017,0,
BE,Belgium,SK,Slovakia,2018,0,
BE,Belgium,SK,Slovakia,2019,0,
BE,Belgium,SK,Slovakia,2020,0,
BE,Belgium,SK,Slovakia,2021,0,
BE,Belgium,SK,Slovakia,2022,0,
BE,Belgium,TR,Türkiye,2004,1,
BE,Belgium,TR,Türkiye,2005,1,
BE,Belgium,TR,Türkiye,2007,2,
BE,Belgium,TR,Türkiye,2008,4,
BE,Belgium,TR,Türkiye,2009,8,
BE,Belgium,TR,Türkiye,2010,4,
BE,Belgium,TR,Türkiye,2011,6,
BE,Belgium,TR,Türkiye,2012,5,
BE,Belgium,TR,Türkiye,2013,3,
BE,Belgium,TR,Türkiye,2014,4,
BE,Belgium,TR,Türkiye,2015,4,
BE,Belgium,TR,Türkiye,2016,0,
BE,Belgium,UK,United Kingdom,2004,647,
BE,Belgium,UK,United Kingdom,2005,659,
BE,Belgium,UK,United Kingdom,2006,692,
BE,Belgium,UK,United Kingdom,2007,827,
BE,Belgium,UK,United Kingdom,2008,927,
BE,Belgium,UK,United Kingdom,2009,916,
BE,Belgium,UK,United Kingdom,2010,911,
BE,Belgium,UK,United Kingdom,2011,1001,
BE,Belgium,UK,United Kingdom,2012,1135,
BE,Belgium,UK,United Kingdom,2013,1090,
BE,Belgium,UK,United Kingdom,2014,1164,
BE,Belgium,UK,United Kingdom,2015,1344,
BE,Belgium,UK,United Kingdom,2016,1266,
BE,Belgium,UK,United Kingdom,2017,1447,
BE,Belgium,UK,United Kingdom,2018,1426,
BE,Belgium,UK,United Kingdom,2019,1702,
BG,Bulgaria,CZ,Czechia,2004,0,
BG,Bulgaria,CZ,Czechia,2006,1,
BG,Bulgaria,CZ,Czechia,2007,2,
BG,Bulgaria,CZ,Czechia,2008,1,
BG,Bulgaria,CZ,Czechia,2009,1,
BG,Bulgaria,CZ,Czechia,2010,1,
BG,Bulgaria,CZ,Czechia,2011,1,
BG,Bulgaria,CZ,Czechia,2012,0,
BG,Bulgaria,CZ,Czechia,2013,0,
BG,Bulgaria,CZ,Czechia,2014,0,
BG,Bulgaria,CZ,Czechia,2015,0,
BG,Bulgaria,CZ,Czechia,2016,0,
BG,Bulgaria,CZ,Czechia,2017,0,
BG,Bulgaria,CZ,Czechia,2018,0,
BG,Bulgaria,CZ,Czechia,2019,0,
BG,Bulgaria,CZ,Czechia,2021,0,
BG,Bulgaria,CZ,Czechia,2022,0,
BG,Bulgaria,CZ,Czechia,2023,0,
BG,Bulgaria,CZ,Czechia,2024,0,
BG,Bulgaria,CZ,Czechia,2025,0,
BG,Bulgaria,DE,Germany,2004,3,
BG,Bulgaria,DE,Germany,2005,2,
BG,Bulgaria,DE,Germany,2006,0,
BG,Bulgaria,DE,Germany,2007,1,
BG,Bulgaria,DE,Germany,2008,1,
BG,Bulgaria,DK,Denmark,2004,0,
BG,Bulgaria,EL,Greece,2004,8,
BG,Bulgaria,EL,Greece,2005,10,
BG,Bulgaria,EL,Greece,2006,21,
BG,Bulgaria,EL,Greece,2007,8,
BG,Bulgaria,EL,Greece,2008,0,
BG,Bulgaria,EL,Greece,2009,6,
BG,Bulgaria,EL,Greece,2010,5,
BG,Bulgaria,EL,Greece,2011,5,
BG,Bulgaria,EL,Greece,2012,0,
BG,Bulgaria,EL,Greece,2013,2,
BG,Bulgaria,EL,Greece,2014,14,
BG,Bulgaria,EL,Greece,2015,6,
BG,Bulgaria,EL,Greece,2016,6,
BG,Bulgaria,EL,Greece,2017,6,
BG,Bulgaria,EL,Greece,2018,3,
BG,Bulgaria,EL,Greece,2019,1,
BG,Bulgaria,EL,Greece,2020,0,
BG,Bulgaria,FR,France,2004,0,
BG,Bulgaria,HR,Croatia,2004,0,
BG,Bulgaria,HR,Croatia,2005,0,
BG,Bulgaria,HR,Croatia,2006,1,
BG,Bulgaria,HR,Croatia,2007,1,
BG,Bulgaria,HR,Croatia,2008,0,
BG,Bulgaria,HR,Croatia,2009,0,
BG,Bulgaria,HR,Croatia,2010,0,
BG,Bulgaria,HR,Croatia,2011,0,
BG,Bulgaria,HR,Croatia,2012,0,
BG,Bulgaria,HR,Croatia,2013,0,
BG,Bulgaria,HR,Croatia,2014,0,
BG,Bulgaria,HR,Croatia,2015,0,
BG,Bulgaria,HR,Croatia,2016,0,
BG,Bulgaria,HR,Croatia,2017,0,
BG,Bulgaria,HR,Croatia,2018,0,
BG,Bulgaria,HU,Hungary,2004,6,
BG,Bulgaria,HU,Hungary,2005,7,
BG,Bulgaria,HU,Hungary,2006,5,
BG,Bulgaria,HU,Hungary,2007,6,
BG,Bulgaria,HU,Hungary,2008,5,
BG,Bulgaria,HU,Hungary,2009,4,
BG,Bulgaria,HU,Hungary,2010,4,
BG,Bulgaria,HU,Hungary,2011,3,
BG,Bulgaria,HU,Hungary,2012,3,
BG,Bulgaria,HU,Hungary,2013,3,
BG,Bulgaria,HU,Hungary,2014,3,
BG,Bulgaria,MK,North Macedonia,2011,0,
BG,Bulgaria,PL,Poland,2004,0,
BG,Bulgaria,PL,Poland,2005,0,
BG,Bulgaria,PL,Poland,2006,0,
BG,Bulgaria,PL,Poland,2007,0,
BG,Bulgaria,PL,Poland,2008,0,
BG,Bulgaria,PL,Poland,2009,0,
BG,Bulgaria,PL,Poland,2010,0,
BG,Bulgaria,PL,Poland,2011,0,
BG,Bulgaria,PL,Poland,2012,0,
BG,Bulgaria,PL,Poland,2013,0,
BG,Bulgaria,PL,Poland,2014,0,
BG,Bulgaria,PL,Poland,2015,0,
BG,Bulgaria,PL,Poland,2016,0,
BG,Bulgaria,PL,Poland,2017,0,
BG,Bulgaria,PL,Poland,2018,0,
BG,Bulgaria,RO,Romania,2004,19,
BG,Bulgaria,RO,Romania,2005,16,
BG,Bulgaria,RO,Romania,2006,26,
BG,Bulgaria,RO,Romania,2007,13,
BG,Bulgaria,RO,Romania,2008,15,
BG,Bulgaria,RO,Romania,2009,15,
BG,Bulgaria,RO,Romania,2010,14,
BG,Bulgaria,RO,Romania,2011,7,
BG,Bulgaria,RO,Romania,2012,7,
BG,Bulgaria,RO,Romania,2013,6,
BG,Bulgaria,RO,Romania,2014,7,
BG,Bulgaria,RO,Romania,2015,7,
BG,Bulgaria,RO,Romania,2016,11,
BG,Bulgaria,RO,Romania,2017,7,
BG,Bulgaria,RO,Romania,2018,4,
BG,Bulgaria,RO,Romania,2019,4,
BG,Bulgaria,RO,Romania,2020,1,
BG,Bulgaria,RO,Romania,2021,2,
BG,Bulgaria,RO,Romania,2022,6,
BG,Bulgaria,RO,Romania,2023,3,
BG,Bulgaria,RO,Romania,2024,1,
BG,Bulgaria,RO,Romania,2025,4,
BG,Bulgaria,SI,Slovenia,2004,3,
BG,Bulgaria,SI,Slovenia,2005,0,
BG,Bulgaria,SI,Slovenia,2006,1,
BG,Bulgaria,SI,Slovenia,2007,1,
BG,Bulgaria,SI,Slovenia,2008,1,
BG,Bulgaria,SI,Slovenia,2009,3,
BG,Bulgaria,SI,Slovenia,2010,2,
BG,Bulgaria,SI,Slovenia,2011,1,
BG,Bulgaria,SI,Slovenia,2012,0,
BG,Bulgaria,SI,Slovenia,2013,1,
BG,Bulgaria,SI,Slovenia,2014,1,
BG,Bulgaria,SI,Slovenia,2015,0,
BG,Bulgaria,SI,Slovenia,2016,0,
BG,Bulgaria,SI,Slovenia,2017,0,
BG,Bulgaria,SI,Slovenia,2018,0,
BG,Bulgaria,SI,Slovenia,2019,0,
BG,Bulgaria,SI,Slovenia,2023,0,
BG,Bulgaria,SI,Slovenia,2024,0,
BG,Bulgaria,SI,Slovenia,2025,0,
BG,Bulgaria,SK,Slovakia,2004,1,
BG,Bulgaria,SK,Slovakia,2005,2,
BG,Bulgaria,SK,Slovakia,2006,2,
BG,Bulgaria,SK,Slovakia,2007,1,
BG,Bulgaria,SK,Slovakia,2008,1,
BG,Bulgaria,SK,Slovakia,2009,2,
BG,Bulgaria,SK,Slovakia,2010,1,
BG,Bulgaria,SK,Slovakia,2011,1,
BG,Bulgaria,SK,Slovakia,2012,1,
BG,Bulgaria,SK,Slovakia,2013,1,
BG,Bulgaria,SK,Slovakia,2014,1,
BG,Bulgaria,SK,Slovakia,2015,1,
BG,Bulgaria,SK,Slovakia,2016,0,
BG,Bulgaria,SK,Slovakia,2017,0,
BG,Bulgaria,SK,Slovakia,2018,0,
BG,Bulgaria,SK,Slovakia,2019,0,
BG,Bulgaria,SK,Slovakia,2022,0,
BG,Bulgaria,TR,Türkiye,2004,6,
BG,Bulgaria,TR,Türkiye,2005,8,
BG,Bulgaria,TR,Türkiye,2006,9,
BG,Bulgaria,TR,Türkiye,2007,5,
BG,Bulgaria,TR,Türkiye,2008,6,
BG,Bulgaria,TR,Türkiye,2009,4,
BG,Bulgaria,TR,Türkiye,2010,3,
BG,Bulgaria,TR,Türkiye,2011,4,
BG,Bulgaria,TR,Türkiye,2012,2,
BG,Bulgaria,TR,Türkiye,2013,2,
BG,Bulgaria,TR,Türkiye,2014,2,
BG,Bulgaria,TR,Türkiye,2015,2,
BG,Bulgaria,TR,Türkiye,2016,1,
BG,Bulgaria,TR,Türkiye,2017,4,
BG,Bulgaria,TR,Türkiye,2018,1,
BG,Bulgaria,TR,Türkiye,2019,2,
BG,Bulgaria,TR,Türkiye,2020,0,
BG,Bulgaria,TR,Türkiye,2025,16,
BH,Bahrain,CZ,Czechia,2004,0,
BY,Belarus,BE,Belgium,2004,0,
BY,Belarus,BE,Belgium,2005,0,
BY,Belarus,BE,Belgium,2006,0,
BY,Belarus,BE,Belgium,2007,0,
BY,Belarus,BE,Belgium,2008,0,
BY,Belarus,BE,Belgium,2009,0,
BY,Belarus,BE,Belgium,2010,0,
BY,Belarus,BE,Belgium,2011,0,
BY,Belarus,BG,Bulgaria,2006,3,
BY,Belarus,BG,Bulgaria,2007,1,
BY,Belarus,BG,Bulgaria,2008,2,
BY,Belarus,BG,Bulgaria,2009,2,
BY,Belarus,BG,Bulgaria,2010,2,
BY,Belarus,BG,Bulgaria,2011,4,
BY,Belarus,BG,Bulgaria,2012,5,
BY,Belarus,BG,Bulgaria,2013,5,
BY,Belarus,BG,Bulgaria,2014,2,
BY,Belarus,BG,Bulgaria,2015,1,
BY,Belarus,BG,Bulgaria,2016,0,
BY,Belarus,BG,Bulgaria,2017,2,
BY,Belarus,BG,Bulgaria,2018,1,
BY,Belarus,BG,Bulgaria,2019,1,
BY,Belarus,CZ,Czechia,2004,1,
BY,Belarus,CZ,Czechia,2006,5,
BY,Belarus,CZ,Czechia,2007,2,
BY,Belarus,CZ,Czechia,2008,0,
BY,Belarus,CZ,Czechia,2009,0,
BY,Belarus,CZ,Czechia,2010,0,
BY,Belarus,CZ,Czechia,2011,1,
BY,Belarus,CZ,Czechia,2012,1,
BY,Belarus,CZ,Czechia,2013,1,
BY,Belarus,CZ,Czechia,2014,1,
BY,Belarus,CZ,Czechia,2015,0,
BY,Belarus,CZ,Czechia,2016,0,
BY,Belarus,CZ,Czechia,2017,0,
BY,Belarus,CZ,Czechia,2018,0,
BY,Belarus,CZ,Czechia,2019,0,
BY,Belarus,CZ,Czechia,2020,1,
BY,Belarus,DE,Germany,2005,0,
BY,Belarus,DE,Germany,2006,2,
BY,Belarus,DE,Germany,2007,2,
BY,Belarus,DE,Germany,2008,0,
BY,Belarus,DK,Denmark,2004,0,
BY,Belarus,DK,Denmark,2005,0,
BY,Belarus,HR,Croatia,2004,0,
BY,Belarus,HR,Croatia,2005,0,
BY,Belarus,HR,Croatia,2006,0,
BY,Belarus,HR,Croatia,2007,0,
BY,Belarus,HR,Croatia,2008,0,
BY,Belarus,HR,Croatia,2009,0,
BY,Belarus,HR,Croatia,2010,0,
BY,Belarus,HU,Hungary,2008,1,
BY,Belarus,HU,Hungary,2011,0,
BY,Belarus,HU,Hungary,2012,0,
BY,Belarus,HU,Hungary,2013,0,
BY,Belarus,HU,Hungary,2014,0,
BY,Belarus,LT,Lithuania,2004,40,
BY,Belarus,LT,Lithuania,2005,20,
BY,Belarus,LT,Lithuania,2006,54,
BY,Belarus,LT,Lithuania,2007,60,
BY,Belarus,LT,Lithuania,2008,63,
BY,Belarus,LT,Lithuania,2009,62,
BY,Belarus,LT,Lithuania,2010,69,
BY,Belarus,LT,Lithuania,2011,106,
BY,Belarus,LT,Lithuania,2012,158,
BY,Belarus,LT,Lithuania,2013,196,
BY,Belarus,LT,Lithuania,2014,177,
BY,Belarus,LT,Lithuania,2015,157,
BY,Belarus,LT,Lithuania,2016,151,
BY,Belarus,LT,Lithuania,2017,145,
BY,Belarus,LT,Lithuania,2018,167,
BY,Belarus,LT,Lithuania,2019,170,
BY,Belarus,LT,Lithuania,2020,15,
BY,Belarus,LT,Lithuania,2021,0,
BY,Belarus,LT,Lithuania,2022,0,
BY,Belarus,LT,Lithuania,2023,0,
BY,Belarus,LT,Lithuania,2024,0,
BY,Belarus,LT,Lithuania,2025,0,
BY,Belarus,LU,Luxembourg,2007,0,
BY,Belarus,LU,Luxembourg,2008,0,
BY,Belarus,LU,Luxembourg,2009,0,
BY,Belarus,LU,Luxembourg,2010,0,
BY,Belarus,LU,Luxembourg,2011,0,
BY,Belarus,LU,Luxembourg,2012,0,
BY,Belarus,LU,Luxembourg,2013,0,
BY,Belarus,LU,Luxembourg,2014,0,
BY,Belarus,LU,Luxembourg,2015,0,
BY,Belarus,LU,Luxembourg,2016,0,
BY,Belarus,LU,Luxembourg,2017,0,
BY,Belarus,LU,Luxembourg,2018,0,
BY,Belarus,LU,Luxembourg,2019,0,
BY,Belarus,LU,Luxembourg,2020,0,
BY,Belarus,LU,Luxembourg,2021,0,
BY,Belarus,LU,Luxembourg,2022,0,
BY,Belarus,LU,Luxembourg,2023,0,
BY,Belarus,LU,Luxembourg,2024,0,
BY,Belarus,LU,Luxembourg,2025,0,
BY,Belarus,LV,Latvia,2004,18,
BY,Belarus,LV,Latvia,2005,20,
BY,Belarus,LV,Latvia,2006,21,
BY,Belarus,LV,Latvia,2007,8,
BY,Belarus,LV,Latvia,2011,11,
BY,Belarus,LV,Latvia,2012,16,
BY,Belarus,LV,Latvia,2013,19,
BY,Belarus,LV,Latvia,2014,17,
BY,Belarus,LV,Latvia,2015,9,
BY,Belarus,LV,Latvia,2016,8,
BY,Belarus,LV,Latvia,2017,8,
BY,Belarus,LV,Latvia,2018,10,
BY,Belarus,LV,Latvia,2019,10,
BY,Belarus,LV,Latvia,2020,1,
BY,Belarus,PL,Poland,2004,666,
BY,Belarus,PL,Poland,2005,575,
BY,Belarus,PL,Poland,2006,555,
BY,Belarus,PL,Poland,2007,682,
BY,Belarus,PL,Poland,2008,275,
BY,Belarus,PL,Poland,2009,182,
BY,Belarus,PL,Poland,2010,247,
BY,Belarus,PL,Poland,2011,444,
BY,Belarus,PL,Poland,2012,470,
BY,Belarus,PL,Poland,2013,443,
BY,Belarus,PL,Poland,2014,294,
BY,Belarus,PL,Poland,2015,219,
BY,Belarus,PL,Poland,2016,251,
BY,Belarus,PL,Poland,2017,209,
BY,Belarus,PL,Poland,2018,128,
BY,Belarus,RO,Romania,2004,0,
BY,Belarus,RO,Romania,2005,0,
BY,Belarus,RO,Romania,2006,0,
BY,Belarus,RO,Romania,2007,0,
BY,Belarus,RO,Romania,2010,3,
BY,Belarus,RO,Romania,2011,0,
BY,Belarus,RO,Romania,2012,0,
BY,Belarus,RO,Romania,2013,0,
BY,Belarus,RO,Romania,2014,0,
BY,Belarus,SI,Slovenia,2004,0,
BY,Belarus,SI,Slovenia,2006,0,
BY,Belarus,SI,Slovenia,2008,0,
BY,Belarus,SI,Slovenia,2009,0,
BY,Belarus,SI,Slovenia,2010,0,
BY,Belarus,SI,Slovenia,2011,0,
BY,Belarus,SI,Slovenia,2012,0,
BY,Belarus,SI,Slovenia,2013,0,
BY,Belarus,SK,Slovakia,2004,1,
BY,Belarus,SK,Slovakia,2005,1,
BY,Belarus,SK,Slovakia,2006,1,
BY,Belarus,SK,Slovakia,2007,0,
BY,Belarus,SK,Slovakia,2008,1,
BY,Belarus,SK,Slovakia,2009,0,
BY,Belarus,SK,Slovakia,2011,0,
BY,Belarus,SK,Slovakia,2012,0,
BY,Belarus,SK,Slovakia,2013,0,
BY,Belarus,SK,Slovakia,2014,0,
BY,Belarus,SK,Slovakia,2015,0,
BY,Belarus,SK,Slovakia,2016,0,
BY,Belarus,SK,Slovakia,2017,0,
CH,Switzerland,BE,Belgium,2004,2,
CH,Switzerland,BE,Belgium,2005,1,
CH,Switzerland,BE,Belgium,2006,11,
CH,Switzerland,BE,Belgium,2007,9,
CH,Switzerland,BE,Belgium,2008,6,
CH,Switzerland,BE,Belgium,2009,10,
CH,Switzerland,BE,Belgium,2010,7,
CH,Switzerland,BE,Belgium,2011,7,
CH,Switzerland,BG,Bulgaria,2006,4,
CH,Switzerland,BG,Bulgaria,2007,4,
CH,Switzerland,BG,Bulgaria,2008,1,
CH,Switzerland,BG,Bulgaria,2009,2,
CH,Switzerland,BG,Bulgaria,2010,10,
CH,Switzerland,BG,Bulgaria,2011,18,
CH,Switzerland,BG,Bulgaria,2012,24,
CH,Switzerland,BG,Bulgaria,2013,28,
CH,Switzerland,BG,Bulgaria,2014,26,
CH,Switzerland,BG,Bulgaria,2015,27,
CH,Switzerland,BG,Bulgaria,2016,22,
CH,Switzerland,BG,Bulgaria,2017,28,
CH,Switzerland,BG,Bulgaria,2018,24,
CH,Switzerland,BG,Bulgaria,2019,44,
CH,Switzerland,BG,Bulgaria,2020,13,
CH,Switzerland,BG,Bulgaria,2021,18,
CH,Switzerland,BG,Bulgaria,2022,65,
CH,Switzerland,BG,Bulgaria,2023,56,
CH,Switzerland,BG,Bulgaria,2024,32,
CH,Switzerland,BG,Bulgaria,2025,28,
CH,Switzerland,CZ,Czechia,2004,1,
CH,Switzerland,CZ,Czechia,2005,5,
CH,Switzerland,CZ,Czechia,2006,1,
CH,Switzerland,CZ,Czechia,2007,0,
CH,Switzerland,CZ,Czechia,2008,2,
CH,Switzerland,CZ,Czechia,2009,2,
CH,Switzerland,CZ,Czechia,2010,2,
CH,Switzerland,CZ,Czechia,2011,1,
CH,Switzerland,CZ,Czechia,2012,1,
CH,Switzerland,CZ,Czechia,2013,1,
CH,Switzerland,CZ,Czechia,2014,1,
CH,Switzerland,CZ,Czechia,2015,1,
CH,Switzerland,CZ,Czechia,2016,5,
CH,Switzerland,CZ,Czechia,2017,6,
CH,Switzerland,CZ,Czechia,2018,7,
CH,Switzerland,CZ,Czechia,2019,6,
CH,Switzerland,CZ,Czechia,2020,2,
CH,Switzerland,CZ,Czechia,2021,4,
CH,Switzerland,CZ,Czechia,2022,10,
CH,Switzerland,CZ,Czechia,2023,19,
CH,Switzerland,CZ,Czechia,2024,19,
CH,Switzerland,CZ,Czechia,2025,15,
CH,Switzerland,DE,Germany,2004,1441,
CH,Switzerland,DE,Germany,2005,1403,
CH,Switzerland,DE,Germany,2006,1467,
CH,Switzerland,DE,Germany,2007,1425,
CH,Switzerland,DE,Germany,2008,1551,
CH,Switzerland,DE,Germany,2009,1498,
CH,Switzerland,DE,Germany,2010,1532,
CH,Switzerland,DE,Germany,2011,2073,
CH,Switzerland,DE,Germany,2012,1909,
CH,Switzerland,DE,Germany,2013,1955,
CH,Switzerland,DE,Germany,2014,1992,
CH,Switzerland,DE,Germany,2015,2061,
CH,Switzerland,DE,Germany,2016,2231,
CH,Switzerland,DE,Germany,2017,2008,
CH,Switzerland,DE,Germany,2018,2056,
CH,Switzerland,DE,Germany,2019,2074,
CH,Switzerland,DE,Germany,2020,2432,
CH,Switzerland,DE,Germany,2021,1359,
CH,Switzerland,DE,Germany,2022,2243,
CH,Switzerland,DE,Germany,2023,2438,
CH,Switzerland,DE,Germany,2024,2248,
CH,Switzerland,DE,Germany,2025,3045,
CH,Switzerland,DK,Denmark,2004,7,
CH,Switzerland,DK,Denmark,2005,0,
CH,Switzerland,DK,Denmark,2006,5,
CH,Switzerland,DK,Denmark,2007,5,
CH,Switzerland,DK,Denmark,2008,7,
CH,Switzerland,DK,Denmark,2009,6,
CH,Switzerland,DK,Denmark,2010,9,
CH,Switzerland,DK,Denmark,2011,15,
CH,Switzerland,DK,Denmark,2012,15,
CH,Switzerland,DK,Denmark,2013,12,
CH,Switzerland,DK,Denmark,2014,12,
CH,Switzerland,DK,Denmark,2015,10,
CH,Switzerland,DK,Denmark,2016,11,
CH,Switzerland,DK,Denmark,2017,12,
CH,Switzerland,DK,Denmark,2018,8,
CH,Switzerland,DK,Denmark,2019,9,
CH,Switzerland,ES,Spain,2004,24,
CH,Switzerland,ES,Spain,2005,25,
CH,Switzerland,ES,Spain,2006,24,
CH,Switzerland,ES,Spain,2007,19,
CH,Switzerland,ES,Spain,2008,16,
CH,Switzerland,ES,Spain,2009,18,
CH,Switzerland,ES,Spain,2010,16,
CH,Switzerland,ES,Spain,2011,15,
CH,Switzerland,ES,Spain,2012,10,
CH,Switzerland,ES,Spain,2017,0,
CH,Switzerland,FR,France,2004,1060,
CH,Switzerland,FR,France,2005,2250,
CH,Switzerland,FR,France,2006,2103,
CH,Switzerland,FR,France,2007,2139,
CH,Switzerland,FR,France,2008,2161,
CH,Switzerland,FR,France,2009,2281,
CH,Switzerland,HR,Croatia,2004,9,
CH,Switzerland,HR,Croatia,2005,6,
CH,Switzerland,HR,Croatia,2006,11,
CH,Switzerland,HR,Croatia,2007,11,
CH,Switzerland,HR,Croatia,2008,9,
CH,Switzerland,HR,Croatia,2009,8,
CH,Switzerland,HR,Croatia,2010,8,
CH,Switzerland,HR,Croatia,2011,8,
CH,Switzerland,HR,Croatia,2012,8,
CH,Switzerland,HR,Croatia,2013,6,
CH,Switzerland,HR,Croatia,2014,10,
CH,Switzerland,HR,Croatia,2015,9,
CH,Switzerland,HR,Croatia,2016,8,
CH,Switzerland,HR,Croatia,2017,8,
CH,Switzerland,HR,Croatia,2018,7,
CH,Switzerland,HR,Croatia,2019,9,
CH,Switzerland,HR,Croatia,2020,3,
CH,Switzerland,HR,Croatia,2021,4,
CH,Switzerland,HR,Croatia,2022,8,
CH,Switzerland,HR,Croatia,2023,9,
CH,Switzerland,HR,Croatia,2024,9,
CH,Switzerland,HR,Croatia,2025,7,
CH,Switzerland,HU,Hungary,2004,20,
CH,Switzerland,HU,Hungary,2005,32,
CH,Switzerland,HU,Hungary,2006,28,
CH,Switzerland,HU,Hungary,2007,32,
CH,Switzerland,HU,Hungary,2008,43,
CH,Switzerland,HU,Hungary,2009,41,
CH,Switzerland,HU,Hungary,2010,39,
CH,Switzerland,HU,Hungary,2011,39,
CH,Switzerland,HU,Hungary,2012,44,
CH,Switzerland,HU,Hungary,2013,41,
CH,Switzerland,HU,Hungary,2014,41,
CH,Switzerland,IT,Italy,2004,687,
CH,Switzerland,IT,Italy,2005,673,
CH,Switzerland,IT,Italy,2006,1011,
CH,Switzerland,IT,Italy,2007,962,
CH,Switzerland,IT,Italy,2022,997,
CH,Switzerland,LT,Lithuania,2006,0,
CH,Switzerland,LT,Lithuania,2007,0,
CH,Switzerland,LT,Lithuania,2009,0,
CH,Switzerland,LT,Lithuania,2010,0,
CH,Switzerland,LT,Lithuania,2011,0,
CH,Switzerland,LT,Lithuania,2012,0,
CH,Switzerland,LT,Lithuania,2013,0,
CH,Switzerland,LU,Luxembourg,2004,8,
CH,Switzerland,LU,Luxembourg,2005,10,
CH,Switzerland,LU,Luxembourg,2006,8,
CH,Switzerland,LU,Luxembourg,2007,8,
CH,Switzerland,LU,Luxembourg,2008,10,
CH,Switzerland,LU,Luxembourg,2009,10,
CH,Switzerland,LU,Luxembourg,2010,13,
CH,Switzerland,LU,Luxembourg,2011,10,
CH,Switzerland,LU,Luxembourg,2012,10,
CH,Switzerland,LU,Luxembourg,2013,11,
CH,Switzerland,LU,Luxembourg,2014,5,
CH,Switzerland,LU,Luxembourg,2015,5,
CH,Switzerland,LU,Luxembourg,2016,5,
CH,Switzerland,LU,Luxembourg,2017,5,
CH,Switzerland,LU,Luxembourg,2018,7,
CH,Switzerland,LU,Luxembourg,2019,7,
CH,Switzerland,LU,Luxembourg,2020,4,
CH,Switzerland,LU,Luxembourg,2021,4,
CH,Switzerland,LU,Luxembourg,2022,6,
CH,Switzerland,LU,Luxembourg,2023,9,
CH,Switzerland,LU,Luxembourg,2024,9,
CH,Switzerland,LU,Luxembourg,2025,9,
CH,Switzerland,MK,North Macedonia,2011,0,
CH,Switzerland,MK,North Macedonia,2015,0,
CH,Switzerland,NL,Netherlands,2004,80,
CH,Switzerland,NL,Netherlands,2005,70,
CH,Switzerland,NL,Netherlands,2006,59,
CH,Switzerland,NL,Netherlands,2007,40,
CH,Switzerland,PL,Poland,2004,3,
CH,Switzerland,PL,Poland,2005,4,
CH,Switzerland,PL,Poland,2006,4,
CH,Switzerland,PL,Poland,2007,3,
CH,Switzerland,PL,Poland,2008,3,
CH,Switzerland,PL,Poland,2009,3,
CH,Switzerland,PL,Poland,2010,3,
CH,Switzerland,PL,Poland,2011,2,
CH,Switzerland,PL,Poland,2012,3,
CH,Switzerland,PL,Poland,2013,2,
CH,Switzerland,PL,Poland,2014,1,
CH,Switzerland,PL,Poland,2015,2,
CH,Switzerland,PL,Poland,2016,1,
CH,Switzerland,PL,Poland,2017,1,
CH,Switzerland,PL,Poland,2018,1,
CH,Switzerland,RO,Romania,2004,24,
CH,Switzerland,RO,Romania,2005,11,
CH,Switzerland,RO,Romania,2006,9,
CH,Switzerland,RO,Romania,2007,19,
CH,Switzerland,RO,Romania,2008,33,
CH,Switzerland,RO,Romania,2009,55,
CH,Switzerland,RO,Romania,2010,13,
CH,Switzerland,RO,Romania,2011,0,
CH,Switzerland,RO,Romania,2012,0,
CH,Switzerland,RO,Romania,2013,0,
CH,Switzerland,RO,Romania,2014,0,
CH,Switzerland,RO,Romania,2015,0,
CH,Switzerland,RO,Romania,2016,0,
CH,Switzerland,RO,Romania,2017,0,
CH,Switzerland,RO,Romania,2018,0,
CH,Switzerland,RO,Romania,2019,0,
CH,Switzerland,RO,Romania,2020,0,
CH,Switzerland,RO,Romania,2021,0,
CH,Switzerland,RO,Romania,2022,0,
CH,Switzerland,RO,Romania,2023,0,
CH,Switzerland,RO,Romania,2024,0,
CH,Switzerland,RO,Romania,2025,0,
CH,Switzerland,SI,Slovenia,2004,7,
CH,Switzerland,SI,Slovenia,2005,4,
CH,Switzerland,SI,Slovenia,2006,7,
CH,Switzerland,SI,Slovenia,2007,7,
CH,Switzerland,SI,Slovenia,2008,7,
CH,Switzerland,SI,Slovenia,2009,8,
CH,Switzerland,SI,Slovenia,2010,8,
CH,Switzerland,SI,Slovenia,2011,7,
CH,Switzerland,SI,Slovenia,2012,8,
CH,Switzerland,SI,Slovenia,2013,7,
CH,Switzerland,SI,Slovenia,2014,8,
CH,Switzerland,SI,Slovenia,2015,6,
CH,Switzerland,SI,Slovenia,2016,6,
CH,Switzerland,SI,Slovenia,2017,7,
CH,Switzerland,SI,Slovenia,2018,7,
CH,Switzerland,SI,Slovenia,2019,9,
CH,Switzerland,SI,Slovenia,2020,1,
CH,Switzerland,SI,Slovenia,2021,2,
CH,Switzerland,SI,Slovenia,2022,3,
CH,Switzerland,SI,Slovenia,2023,8,
CH,Switzerland,SI,Slovenia,2024,1,
CH,Switzerland,SI,Slovenia,2025,1,
CH,Switzerland,SK,Slovakia,2004,2,
CH,Switzerland,SK,Slovakia,2005,2,
CH,Switzerland,SK,Slovakia,2006,2,
CH,Switzerland,SK,Slovakia,2007,1,
CH,Switzerland,SK,Slovakia,2008,2,
CH,Switzerland,SK,Slovakia,2009,1,
CH,Switzerland,SK,Slovakia,2010,1,
CH,Switzerland,SK,Slovakia,2011,1,
CH,Switzerland,SK,Slovakia,2012,1,
CH,Switzerland,SK,Slovakia,2013,1,
CH,Switzerland,SK,Slovakia,2014,1,
CH,Switzerland,SK,Slovakia,2015,1,
CH,Switzerland,SK,Slovakia,2016,1,
CH,Switzerland,SK,Slovakia,2017,2,
CH,Switzerland,SK,Slovakia,2018,3,
CH,Switzerland,SK,Slovakia,2019,4,
CH,Switzerland,SK,Slovakia,2020,1,
CH,Switzerland,SK,Slovakia,2021,2,
CH,Switzerland,SK,Slovakia,2022,3,
CH,Switzerland,TR,Türkiye,2004,1,
CH,Switzerland,TR,Türkiye,2005,2,
CH,Switzerland,TR,Türkiye,2006,2,
CH,Switzerland,TR,Türkiye,2007,5,
CH,Switzerland,TR,Türkiye,2008,9,
CH,Switzerland,TR,Türkiye,2009,9,
CH,Switzerland,TR,Türkiye,2010,11,
CH,Switzerland,TR,Türkiye,2011,11,
CH,Switzerland,TR,Türkiye,2012,11,
CH,Switzerland,TR,Türkiye,2013,10,
CH,Switzerland,TR,Türkiye,2014,14,
CH,Switzerland,TR,Türkiye,2015,14,
CH,Switzerland,TR,Türkiye,2016,1,
CI,Côte d’Ivoire,DE,Germany,2005,8,
CI,Côte d’Ivoire,DE,Germany,2006,11,
CN,China,EL,Greece,2006,0,
CY,Cyprus,RO,Romania,2004,0,
CY,Cyprus,RO,Romania,2005,0,
CY,Cyprus,RO,Romania,2006,0,
CY,Cyprus,RO,Romania,2007,0,
CZ,Czechia,BE,Belgium,2004,0,
CZ,Czechia,BE,Belgium,2005,0,
CZ,Czechia,BE,Belgium,2006,0,
CZ,Czechia,BE,Belgium,2007,0,
CZ,Czechia,BE,Belgium,2008,0,
CZ,Czechia,BE,Belgium,2009,0,
CZ,Czechia,BE,Belgium,2010,0,
CZ,Czechia,BE,Belgium,2011,0,
CZ,Czechia,BG,Bulgaria,2006,1,
CZ,Czechia,BG,Bulgaria,2007,2,
CZ,Czechia,BG,Bulgaria,2008,2,
CZ,Czechia,BG,Bulgaria,2009,2,
CZ,Czechia,BG,Bulgaria,2010,3,
CZ,Czechia,BG,Bulgaria,2011,1,
CZ,Czechia,BG,Bulgaria,2012,2,
CZ,Czechia,BG,Bulgaria,2013,2,
CZ,Czechia,BG,Bulgaria,2014,2,
CZ,Czechia,BG,Bulgaria,2015,2,
CZ,Czechia,BG,Bulgaria,2016,1,
CZ,Czechia,BG,Bulgaria,2017,2,
CZ,Czechia,BG,Bulgaria,2018,1,
CZ,Czechia,BG,Bulgaria,2019,1,
CZ,Czechia,BG,Bulgaria,2020,0,
CZ,Czechia,BG,Bulgaria,2021,0,
CZ,Czechia,BG,Bulgaria,2022,2,
CZ,Czechia,BG,Bulgaria,2023,1,
CZ,Czechia,BG,Bulgaria,2024,1,
CZ,Czechia,BG,Bulgaria,2025,0,
CZ,Czechia,DE,Germany,2004,229,
CZ,Czechia,DE,Germany,2005,240,
CZ,Czechia,DE,Germany,2006,278,
CZ,Czechia,DE,Germany,2007,207,
CZ,Czechia,DE,Germany,2008,203,
CZ,Czechia,DE,Germany,2009,249,
CZ,Czechia,DE,Germany,2010,224,
CZ,Czechia,DE,Germany,2011,373,
CZ,Czechia,DE,Germany,2012,406,
CZ,Czechia,DE,Germany,2013,396,
CZ,Czechia,DE,Germany,2014,352,
CZ,Czechia,DE,Germany,2015,527,
CZ,Czechia,DE,Germany,2016,608,
CZ,Czechia,DE,Germany,2017,442,
CZ,Czechia,DE,Germany,2018,560,
CZ,Czechia,DE,Germany,2019,569,
CZ,Czechia,DE,Germany,2020,330,
CZ,Czechia,DE,Germany,2021,103,
CZ,Czechia,DE,Germany,2022,299,
CZ,Czechia,DE,Germany,2023,219,
CZ,Czechia,DE,Germany,2024,248,
CZ,Czechia,DE,Germany,2025,398,
CZ,Czechia,DK,Denmark,2004,1,
CZ,Czechia,DK,Denmark,2005,0,
CZ,Czechia,DK,Denmark,2006,12,
CZ,Czechia,DK,Denmark,2007,12,
CZ,Czechia,DK,Denmark,2008,6,
CZ,Czechia,DK,Denmark,2009,6,
CZ,Czechia,DK,Denmark,2010,9,
CZ,Czechia,DK,Denmark,2011,9,
CZ,Czechia,DK,Denmark,2012,12,
CZ,Czechia,DK,Denmark,2013,7,
CZ,Czechia,DK,Denmark,2014,5,
CZ,Czechia,DK,Denmark,2015,3,
CZ,Czechia,DK,Denmark,2016,6,
CZ,Czechia,DK,Denmark,2017,6,
CZ,Czechia,DK,Denmark,2018,4,
CZ,Czechia,DK,Denmark,2019,5,
CZ,Czechia,EL,Greece,2004,0,
CZ,Czechia,EL,Greece,2005,0,
CZ,Czechia,EL,Greece,2006,0,
CZ,Czechia,EL,Greece,2007,0,
CZ,Czechia,ES,Spain,2017,0,
CZ,Czechia,FR,France,2004,1,
CZ,Czechia,FR,France,2005,0,
CZ,Czechia,FR,France,2006,0,
CZ,Czechia,FR,France,2007,0,
CZ,Czechia,FR,France,2008,0,
CZ,Czechia,FR,France,2009,0,
CZ,Czechia,HR,Croatia,2004,1,
CZ,Czechia,HR,Croatia,2005,1,
CZ,Czechia,HR,Croatia,2006,1,
CZ,Czechia,HR,Croatia,2007,3,
CZ,Czechia,HR,Croatia,2008,4,
CZ,Czechia,HR,Croatia,2009,3,
CZ,Czechia,HR,Croatia,2010,2,
CZ,Czechia,HR,Croatia,2011,1,
CZ,Czechia,HR,Croatia,2012,1,
CZ,Czechia,HR,Croatia,2013,1,
CZ,Czechia,HR,Croatia,2014,1,
CZ,Czechia,HR,Croatia,2015,1,
CZ,Czechia,HR,Croatia,2016,1,
CZ,Czechia,HR,Croatia,2017,1,
CZ,Czechia,HR,Croatia,2018,0,
CZ,Czechia,HR,Croatia,2019,0,
CZ,Czechia,HR,Croatia,2020,32,
CZ,Czechia,HR,Croatia,2021,50,
CZ,Czechia,HR,Croatia,2022,49,
CZ,Czechia,HR,Croatia,2023,20,
CZ,Czechia,HR,Croatia,2024,0,
CZ,Czechia,HR,Croatia,2025,1,
CZ,Czechia,HU,Hungary,2004,39,
CZ,Czechia,HU,Hungary,2005,58,
CZ,Czechia,HU,Hungary,2006,52,
CZ,Czechia,HU,Hungary,2007,55,
CZ,Czechia,HU,Hungary,2008,60,
CZ,Czechia,HU,Hungary,2009,51,
CZ,Czechia,HU,Hungary,2010,53,
CZ,Czechia,HU,Hungary,2011,61,
CZ,Czechia,HU,Hungary,2012,69,
CZ,Czechia,HU,Hungary,2013,78,
CZ,Czechia,HU,Hungary,2014,95,
CZ,Czechia,IT,Italy,2004,5,
CZ,Czechia,IT,Italy,2005,4,
CZ,Czechia,IT,Italy,2006,40,
CZ,Czechia,IT,Italy,2007,10,
CZ,Czechia,LT,Lithuania,2004,0,
CZ,Czechia,LT,Lithuania,2005,0,
CZ,Czechia,LT,Lithuania,2006,0,
CZ,Czechia,LT,Lithuania,2007,0,
CZ,Czechia,LT,Lithuania,2008,0,
CZ,Czechia,LT,Lithuania,2009,0,
CZ,Czechia,LT,Lithuania,2010,0,
CZ,Czechia,LT,Lithuania,2011,0,
CZ,Czechia,LT,Lithuania,2012,0,
CZ,Czechia,LT,Lithuania,2013,0,
CZ,Czechia,LU,Luxembourg,2004,0,
CZ,Czechia,LU,Luxembourg,2005,0,
CZ,Czechia,LU,Luxembourg,2007,0,
CZ,Czechia,LU,Luxembourg,2008,0,
CZ,Czechia,LU,Luxembourg,2009,0,
CZ,Czechia,LU,Luxembourg,2010,0,
CZ,Czechia,LU,Luxembourg,2011,0,
CZ,Czechia,LU,Luxembourg,2012,0,
CZ,Czechia,LU,Luxembourg,2013,0,
CZ,Czechia,LU,Luxembourg,2014,0,
CZ,Czechia,LU,Luxembourg,2015,0,
CZ,Czechia,LU,Luxembourg,2016,0,
CZ,Czechia,LU,Luxembourg,2017,0,
CZ,Czechia,LU,Luxembourg,2018,0,
CZ,Czechia,LU,Luxembourg,2019,0,
CZ,Czechia,LU,Luxembourg,2020,0,
CZ,Czechia,LU,Luxembourg,2021,0,
CZ,Czechia,LU,Luxembourg,2022,0,
CZ,Czechia,LU,Luxembourg,2023,0,
CZ,Czechia,LU,Luxembourg,2024,0,
CZ,Czechia,LU,Luxembourg,2025,0,
CZ,Czechia,MK,North Macedonia,2009,0,
CZ,Czechia,MK,North Macedonia,2010,0,
CZ,Czechia,MK,North Macedonia,2011,0,
CZ,Czechia,MK,North Macedonia,2013,0,
CZ,Czechia,MK,North Macedonia,2014,0,
CZ,Czechia,MK,North Macedonia,2015,0,
CZ,Czechia,NL,Netherlands,2004,10,
CZ,Czechia,NL,Netherlands,2005,10,
CZ,Czechia,NL,Netherlands,2006,9,
CZ,Czechia,PL,Poland,2004,88,
CZ,Czechia,PL,Poland,2005,101,
CZ,Czechia,PL,Poland,2006,115,
CZ,Czechia,PL,Poland,2007,131,
CZ,Czechia,PL,Poland,2008,137,
CZ,Czechia,PL,Poland,2009,96,
CZ,Czechia,PL,Poland,2010,104,
CZ,Czechia,PL,Poland,2011,107,
CZ,Czechia,PL,Poland,2012,102,
CZ,Czechia,PL,Poland,2013,91,
CZ,Czechia,PL,Poland,2014,51,
CZ,Czechia,PL,Poland,2015,47,
CZ,Czechia,PL,Poland,2016,86,
CZ,Czechia,PL,Poland,2017,101,
CZ,Czechia,PL,Poland,2018,148,
CZ,Czechia,PL,Poland,2025,498,
CZ,Czechia,RO,Romania,2004,4,
CZ,Czechia,RO,Romania,2005,12,
CZ,Czechia,RO,Romania,2006,5,
CZ,Czechia,RO,Romania,2007,4,
CZ,Czechia,RO,Romania,2008,7,
CZ,Czechia,RO,Romania,2009,4,
CZ,Czechia,RO,Romania,2010,3,
CZ,Czechia,RO,Romania,2011,2,
CZ,Czechia,RO,Romania,2012,3,
CZ,Czechia,RO,Romania,2013,2,
CZ,Czechia,RO,Romania,2014,2,
CZ,Czechia,RO,Romania,2015,2,
CZ,Czechia,RO,Romania,2016,1,
CZ,Czechia,RO,Romania,2017,1,
CZ,Czechia,RO,Romania,2018,1,
CZ,Czechia,RO,Romania,2019,1,
CZ,Czechia,RO,Romania,2020,0,
CZ,Czechia,RO,Romania,2021,0,
CZ,Czechia,RO,Romania,2022,0,
CZ,Czechia,RO,Romania,2023,0,
CZ,Czechia,RO,Romania,2024,0,
CZ,Czechia,RO,Romania,2025,0,
CZ,Czechia,SI,Slovenia,2004,4,
CZ,Czechia,SI,Slovenia,2005,2,
CZ,Czechia,SI,Slovenia,2006,6,
CZ,Czechia,SI,Slovenia,2007,5,
CZ,Czechia,SI,Slovenia,2008,5,
CZ,Czechia,SI,Slovenia,2009,7,
CZ,Czechia,SI,Slovenia,2010,5,
CZ,Czechia,SI,Slovenia,2011,5,
CZ,Czechia,SI,Slovenia,2012,5,
CZ,Czechia,SI,Slovenia,2013,5,
CZ,Czechia,SI,Slovenia,2014,4,
CZ,Czechia,SI,Slovenia,2015,3,
CZ,Czechia,SI,Slovenia,2016,2,
CZ,Czechia,SI,Slovenia,2017,3,
CZ,Czechia,SI,Slovenia,2018,1,
CZ,Czechia,SI,Slovenia,2019,2,
CZ,Czechia,SI,Slovenia,2020,0,
CZ,Czechia,SI,Slovenia,2021,0,
CZ,Czechia,SI,Slovenia,2022,1,
CZ,Czechia,SI,Slovenia,2023,2,
CZ,Czechia,SI,Slovenia,2024,4,
CZ,Czechia,SI,Slovenia,2025,4,
CZ,Czechia,SK,Slovakia,2004,513,
CZ,Czechia,SK,Slovakia,2005,617,
CZ,Czechia,SK,Slovakia,2006,539,
CZ,Czechia,SK,Slovakia,2007,666,
CZ,Czechia,SK,Slovakia,2008,668,
CZ,Czechia,SK,Slovakia,2009,564,
CZ,Czechia,SK,Slovakia,2010,201,
CZ,Czechia,SK,Slovakia,2011,625,
CZ,Czechia,SK,Slovakia,2012,621,
CZ,Czechia,SK,Slovakia,2013,641,
CZ,Czechia,SK,Slovakia,2014,651,
CZ,Czechia,SK,Slovakia,2015,664,
CZ,Czechia,SK,Slovakia,2016,675,
CZ,Czechia,SK,Slovakia,2017,675,
CZ,Czechia,SK,Slovakia,2018,676,
CZ,Czechia,SK,Slovakia,2019,697,
CZ,Czechia,SK,Slovakia,2020,243,
CZ,Czechia,SK,Slovakia,2021,544,
CZ,Czechia,SK,Slovakia,2022,1030,
CZ,Czechia,TR,Türkiye,2004,0,
CZ,Czechia,TR,Türkiye,2005,0,
CZ,Czechia,TR,Türkiye,2006,0,
CZ,Czechia,TR,Türkiye,2007,1,
CZ,Czechia,TR,Türkiye,2008,1,
CZ,Czechia,TR,Türkiye,2009,1,
CZ,Czechia,TR,Türkiye,2011,1,
CZ,Czechia,TR,Türkiye,2012,1,
CZ,Czechia,TR,Türkiye,2013,0,
CZ,Czechia,TR,Türkiye,2014,1,
CZ,Czechia,TR,Türkiye,2015,1,
CZ,Czechia,TR,Türkiye,2016,0,
DE,Germany,BE,Belgium,2004,58,
DE,Germany,BE,Belgium,2005,75,
DE,Germany,BE,Belgium,2006,105,
DE,Germany,BE,Belgium,2007,102,
DE,Germany,BE,Belgium,2008,101,
DE,Germany,BE,Belgium,2009,137,
DE,Germany,BE,Belgium,2010,101,
DE,Germany,BE,Belgium,2011,101,
DE,Germany,BG,Bulgaria,2006,5,
DE,Germany,BG,Bulgaria,2007,5,
DE,Germany,BG,Bulgaria,2008,19,
DE,Germany,BG,Bulgaria,2009,31,
DE,Germany,BG,Bulgaria,2010,39,
DE,Germany,BG,Bulgaria,2011,52,
DE,Germany,BG,Bulgaria,2012,53,
DE,Germany,BG,Bulgaria,2013,46,
DE,Germany,BG,Bulgaria,2014,41,
DE,Germany,BG,Bulgaria,2015,34,
DE,Germany,BG,Bulgaria,2016,28,
DE,Germany,BG,Bulgaria,2017,38,
DE,Germany,BG,Bulgaria,2018,37,
DE,Germany,BG,Bulgaria,2019,48,
DE,Germany,BG,Bulgaria,2020,15,
DE,Germany,BG,Bulgaria,2021,11,
DE,Germany,BG,Bulgaria,2022,41,
DE,Germany,BG,Bulgaria,2023,42,
DE,Germany,BG,Bulgaria,2024,36,
DE,Germany,BG,Bulgaria,2025,30,
DE,Germany,CH,Switzerland,2008,2117,
DE,Germany,CH,Switzerland,2009,2011,
DE,Germany,CH,Switzerland,2010,2284,
DE,Germany,CH,Switzerland,2011,2309,
DE,Germany,CH,Switzerland,2012,2662,
DE,Germany,CH,Switzerland,2013,2604,
DE,Germany,CH,Switzerland,2014,2545,
DE,Germany,CH,Switzerland,2015,2402,
DE,Germany,CH,Switzerland,2016,2306,
DE,Germany,CH,Switzerland,2017,2340,
DE,Germany,CH,Switzerland,2018,2418,
DE,Germany,CH,Switzerland,2019,2642,
DE,Germany,CH,Switzerland,2020,1083,
DE,Germany,CH,Switzerland,2021,1257,
DE,Germany,CH,Switzerland,2022,2551,
DE,Germany,CH,Switzerland,2023,2929,
DE,Germany,CH,Switzerland,2024,2776,
DE,Germany,CH,Switzerland,2025,2937,
DE,Germany,CZ,Czechia,2004,29,
DE,Germany,CZ,Czechia,2005,209,
DE,Germany,CZ,Czechia,2006,166,
DE,Germany,CZ,Czechia,2007,98,
DE,Germany,CZ,Czechia,2008,222,
DE,Germany,CZ,Czechia,2009,151,
DE,Germany,CZ,Czechia,2010,230,
DE,Germany,CZ,Czechia,2011,247,
DE,Germany,CZ,Czechia,2012,350,
DE,Germany,CZ,Czechia,2013,484,
DE,Germany,CZ,Czechia,2014,534,
DE,Germany,CZ,Czechia,2015,605,
DE,Germany,CZ,Czechia,2016,442,
DE,Germany,CZ,Czechia,2017,609,
DE,Germany,CZ,Czechia,2018,656,
DE,Germany,CZ,Czechia,2019,764,
DE,Germany,CZ,Czechia,2020,295,
DE,Germany,CZ,Czechia,2021,348,
DE,Germany,CZ,Czechia,2022,958,
DE,Germany,CZ,Czechia,2023,871,
DE,Germany,CZ,Czechia,2024,1114,
DE,Germany,CZ,Czechia,2025,781,
DE,Germany,DK,Denmark,2004,186,
DE,Germany,DK,Denmark,2005,145,
DE,Germany,DK,Denmark,2006,192,
DE,Germany,DK,Denmark,2007,209,
DE,Germany,DK,Denmark,2008,253,
DE,Germany,DK,Denmark,2009,253,
DE,Germany,DK,Denmark,2010,355,
DE,Germany,DK,Denmark,2011,437,
DE,Germany,DK,Denmark,2012,438,
DE,Germany,DK,Denmark,2013,367,
DE,Germany,DK,Denmark,2014,432,
DE,Germany,DK,Denmark,2015,486,
DE,Germany,DK,Denmark,2016,438,
DE,Germany,DK,Denmark,2017,417,
DE,Germany,DK,Denmark,2018,296,
DE,Germany,DK,Denmark,2019,321,
DE,Germany,DK,Denmark,2020,146,
DE,Germany,DK,Denmark,2021,225,
DE,Germany,DK,Denmark,2022,525,
DE,Germany,DK,Denmark,2023,524,
DE,Germany,DK,Denmark,2024,554,
DE,Germany,DK,Denmark,2025,554,
DE,Germany,EL,Greece,2004,0,
DE,Germany,ES,Spain,2017,0,
DE,Germany,FR,France,2004,335,
DE,Germany,FR,France,2005,342,
DE,Germany,FR,France,2006,341,
DE,Germany,FR,France,2007,346,
DE,Germany,FR,France,2008,434,
DE,Germany,FR,France,2009,619,
DE,Germany,HR,Croatia,2004,40,
DE,Germany,HR,Croatia,2005,33,
DE,Germany,HR,Croatia,2006,28,
DE,Germany,HR,Croatia,2007,26,
DE,Germany,HR,Croatia,2008,28,
DE,Germany,HR,Croatia,2009,33,
DE,Germany,HR,Croatia,2010,28,
DE,Germany,HR,Croatia,2011,33,
DE,Germany,HR,Croatia,2012,36,
DE,Germany,HR,Croatia,2013,35,
DE,Germany,HR,Croatia,2014,28,
DE,Germany,HR,Croatia,2015,25,
DE,Germany,HR,Croatia,2016,22,
DE,Germany,HR,Croatia,2017,24,
DE,Germany,HR,Croatia,2018,19,
DE,Germany,HR,Croatia,2019,24,
DE,Germany,HR,Croatia,2020,11,
DE,Germany,HR,Croatia,2021,10,
DE,Germany,HR,Croatia,2022,25,
DE,Germany,HR,Croatia,2023,35,
DE,Germany,HR,Croatia,2024,23,
DE,Germany,HR,Croatia,2025,14,
DE,Germany,HU,Hungary,2004,77,
DE,Germany,HU,Hungary,2005,114,
DE,Germany,HU,Hungary,2006,106,
DE,Germany,HU,Hungary,2007,112,
DE,Germany,HU,Hungary,2008,115,
DE,Germany,HU,Hungary,2009,143,
DE,Germany,HU,Hungary,2010,163,
DE,Germany,HU,Hungary,2011,200,
DE,Germany,HU,Hungary,2012,254,
DE,Germany,HU,Hungary,2013,247,
DE,Germany,HU,Hungary,2014,173,
DE,Germany,IT,Italy,2004,319,
DE,Germany,IT,Italy,2005,323,
DE,Germany,IT,Italy,2006,380,
DE,Germany,IT,Italy,2007,334,
DE,Germany,IT,Italy,2022,396,
DE,Germany,LT,Lithuania,2004,2,
DE,Germany,LT,Lithuania,2005,1,
DE,Germany,LT,Lithuania,2006,1,
DE,Germany,LT,Lithuania,2007,1,
DE,Germany,LT,Lithuania,2008,1,
DE,Germany,LT,Lithuania,2009,0,
DE,Germany,LT,Lithuania,2010,0,
DE,Germany,LT,Lithuania,2011,0,
DE,Germany,LT,Lithuania,2012,0,
DE,Germany,LT,Lithuania,2013,0,
DE,Germany,LU,Luxembourg,2004,159,
DE,Germany,LU,Luxembourg,2005,163,
DE,Germany,LU,Luxembourg,2006,213,
DE,Germany,LU,Luxembourg,2007,216,
DE,Germany,LU,Luxembourg,2008,240,
DE,Germany,LU,Luxembourg,2009,242,
DE,Germany,LU,Luxembourg,2010,309,
DE,Germany,LU,Luxembourg,2011,342,
DE,Germany,LU,Luxembourg,2012,310,
DE,Germany,LU,Luxembourg,2013,323,
DE,Germany,LU,Luxembourg,2014,224,
DE,Germany,LU,Luxembourg,2015,267,
DE,Germany,LU,Luxembourg,2016,321,
DE,Germany,LU,Luxembourg,2017,278,
DE,Germany,LU,Luxembourg,2018,333,
DE,Germany,LU,Luxembourg,2019,373,
DE,Germany,LU,Luxembourg,2020,201,
DE,Germany,LU,Luxembourg,2021,183,
DE,Germany,LU,Luxembourg,2022,321,
DE,Germany,LU,Luxembourg,2023,486,
DE,Germany,LU,Luxembourg,2024,604,
DE,Germany,LU,Luxembourg,2025,596,
DE,Germany,MK,North Macedonia,2009,0,
DE,Germany,MK,North Macedonia,2010,0,
DE,Germany,MK,North Macedonia,2011,0,
DE,Germany,MK,North Macedonia,2014,0,
DE,Germany,NL,Netherlands,2004,1166,
DE,Germany,NL,Netherlands,2005,925,
DE,Germany,NL,Netherlands,2006,723,
DE,Germany,NL,Netherlands,2007,987,
DE,Germany,PL,Poland,2004,465,
DE,Germany,PL,Poland,2005,391,
DE,Germany,PL,Poland,2006,326,
DE,Germany,PL,Poland,2007,307,
DE,Germany,PL,Poland,2008,295,
DE,Germany,PL,Poland,2009,342,
DE,Germany,PL,Poland,2010,490,
DE,Germany,PL,Poland,2011,581,
DE,Germany,PL,Poland,2012,510,
DE,Germany,PL,Poland,2013,526,
DE,Germany,PL,Poland,2014,465,
DE,Germany,PL,Poland,2015,392,
DE,Germany,PL,Poland,2016,358,
DE,Germany,PL,Poland,2017,414,
DE,Germany,PL,Poland,2018,411,
DE,Germany,PL,Poland,2025,1165,
DE,Germany,RO,Romania,2004,14,
DE,Germany,RO,Romania,2005,15,
DE,Germany,RO,Romania,2006,11,
DE,Germany,RO,Romania,2007,8,
DE,Germany,RO,Romania,2008,24,
DE,Germany,RO,Romania,2009,21,
DE,Germany,RO,Romania,2010,31,
DE,Germany,RO,Romania,2011,2,
DE,Germany,RO,Romania,2012,2,
DE,Germany,RO,Romania,2013,2,
DE,Germany,RO,Romania,2014,2,
DE,Germany,RO,Romania,2015,1,
DE,Germany,RO,Romania,2016,1,
DE,Germany,RO,Romania,2017,1,
DE,Germany,RO,Romania,2018,1,
DE,Germany,RO,Romania,2019,1,
DE,Germany,RO,Romania,2020,0,
DE,Germany,RO,Romania,2021,1,
DE,Germany,RO,Romania,2022,1,
DE,Germany,RO,Romania,2023,1,
DE,Germany,RO,Romania,2024,0,
DE,Germany,RO,Romania,2025,0,
DE,Germany,SE,Sweden,2004,23,
DE,Germany,SE,Sweden,2005,17,
DE,Germany,SE,Sweden,2006,14,
DE,Germany,SE,Sweden,2007,16,
DE,Germany,SE,Sweden,2008,1,
DE,Germany,SE,Sweden,2009,21,
DE,Germany,SE,Sweden,2010,17,
DE,Germany,SE,Sweden,2011,17,
DE,Germany,SE,Sweden,2013,4,
DE,Germany,SE,Sweden,2014,4,
DE,Germany,SE,Sweden,2015,5,
DE,Germany,SE,Sweden,2016,5,
DE,Germany,SE,Sweden,2017,6,
DE,Germany,SE,Sweden,2018,7,
DE,Germany,SE,Sweden,2019,10,
DE,Germany,SE,Sweden,2021,21,
DE,Germany,SE,Sweden,2023,136,
DE,Germany,SI,Slovenia,2004,18,
DE,Germany,SI,Slovenia,2005,24,
DE,Germany,SI,Slovenia,2006,19,
DE,Germany,SI,Slovenia,2007,25,
DE,Germany,SI,Slovenia,2008,21,
DE,Germany,SI,Slovenia,2009,24,
DE,Germany,SI,Slovenia,2010,20,
DE,Germany,SI,Slovenia,2011,28,
DE,Germany,SI,Slovenia,2012,32,
DE,Germany,SI,Slovenia,2013,34,
DE,Germany,SI,Slovenia,2014,28,
DE,Germany,SI,Slovenia,2015,28,
DE,Germany,SI,Slovenia,2016,22,
DE,Germany,SI,Slovenia,2017,22,
DE,Germany,SI,Slovenia,2018,26,
DE,Germany,SI,Slovenia,2019,35,
DE,Germany,SI,Slovenia,2020,2,
DE,Germany,SI,Slovenia,2021,3,
DE,Germany,SI,Slovenia,2022,6,
DE,Germany,SI,Slovenia,2023,49,
DE,Germany,SI,Slovenia,2024,45,
DE,Germany,SI,Slovenia,2025,27,
DE,Germany,SK,Slovakia,2004,9,
DE,Germany,SK,Slovakia,2005,19,
DE,Germany,SK,Slovakia,2006,20,
DE,Germany,SK,Slovakia,2007,10,
DE,Germany,SK,Slovakia,2008,8,
DE,Germany,SK,Slovakia,2009,12,
DE,Germany,SK,Slovakia,2010,4,
DE,Germany,SK,Slovakia,2011,12,
DE,Germany,SK,Slovakia,2012,15,
DE,Germany,SK,Slovakia,2013,14,
DE,Germany,SK,Slovakia,2014,15,
DE,Germany,SK,Slovakia,2015,19,
DE,Germany,SK,Slovakia,2016,10,
DE,Germany,SK,Slovakia,2017,17,
DE,Germany,SK,Slovakia,2018,16,
DE,Germany,SK,Slovakia,2019,19,
DE,Germany,SK,Slovakia,2020,8,
DE,Germany,SK,Slovakia,2021,12,
DE,Germany,SK,Slovakia,2022,22,
DE,Germany,TR,Türkiye,2004,3,
DE,Germany,TR,Türkiye,2005,4,
DE,Germany,TR,Türkiye,2006,4,
DE,Germany,TR,Türkiye,2007,9,
DE,Germany,TR,Türkiye,2008,16,
DE,Germany,TR,Türkiye,2009,14,
DE,Germany,TR,Türkiye,2010,13,
DE,Germany,TR,Türkiye,2011,22,
DE,Germany,TR,Türkiye,2012,18,
DE,Germany,TR,Türkiye,2013,14,
DE,Germany,TR,Türkiye,2014,16,
DE,Germany,TR,Türkiye,2015,17,
DE,Germany,TR,Türkiye,2016,1,
DE,Germany,TR,Türkiye,2017,0,
DK,Denmark,BE,Belgium,2004,0,
DK,Denmark,BE,Belgium,2005,0,
DK,Denmark,BE,Belgium,2006,0,
DK,Denmark,BE,Belgium,2007,0,
DK,Denmark,BE,Belgium,2008,0,
DK,Denmark,BE,Belgium,2009,0,
DK,Denmark,BE,Belgium,2010,0,
DK,Denmark,BE,Belgium,2011,0,
DK,Denmark,BG,Bulgaria,2006,1,
DK,Denmark,BG,Bulgaria,2007,8,
DK,Denmark,BG,Bulgaria,2008,13,
DK,Denmark,BG,Bulgaria,2009,14,
DK,Denmark,BG,Bulgaria,2010,14,
DK,Denmark,BG,Bulgaria,2011,13,
DK,Denmark,BG,Bulgaria,2012,12,
DK,Denmark,BG,Bulgaria,2013,10,
DK,Denmark,BG,Bulgaria,2014,9,
DK,Denmark,BG,Bulgaria,2015,9,
DK,Denmark,BG,Bulgaria,2016,8,
DK,Denmark,BG,Bulgaria,2017,9,
DK,Denmark,BG,Bulgaria,2018,17,
DK,Denmark,BG,Bulgaria,2019,23,
DK,Denmark,BG,Bulgaria,2020,8,
DK,Denmark,BG,Bulgaria,2021,7,
DK,Denmark,BG,Bulgaria,2022,32,
DK,Denmark,BG,Bulgaria,2023,31,
DK,Denmark,BG,Bulgaria,2024,23,
DK,Denmark,BG,Bulgaria,2025,24,
DK,Denmark,CZ,Czechia,2004,0,
DK,Denmark,CZ,Czechia,2005,6,
DK,Denmark,CZ,Czechia,2006,1,
DK,Denmark,CZ,Czechia,2007,0,
DK,Denmark,CZ,Czechia,2008,3,
DK,Denmark,CZ,Czechia,2009,2,
DK,Denmark,CZ,Czechia,2010,2,
DK,Denmark,CZ,Czechia,2011,2,
DK,Denmark,CZ,Czechia,2012,3,
DK,Denmark,CZ,Czechia,2013,2,
DK,Denmark,CZ,Czechia,2014,2,
DK,Denmark,CZ,Czechia,2015,1,
DK,Denmark,CZ,Czechia,2016,1,
DK,Denmark,CZ,Czechia,2017,1,
DK,Denmark,CZ,Czechia,2018,1,
DK,Denmark,CZ,Czechia,2019,2,
DK,Denmark,CZ,Czechia,2020,1,
DK,Denmark,CZ,Czechia,2021,2,
DK,Denmark,CZ,Czechia,2022,5,
DK,Denmark,CZ,Czechia,2023,3,
DK,Denmark,CZ,Czechia,2024,4,
DK,Denmark,CZ,Czechia,2025,3,
DK,Denmark,DE,Germany,2004,243,
DK,Denmark,DE,Germany,2005,142,
DK,Denmark,DE,Germany,2006,142,
DK,Denmark,DE,Germany,2007,134,
DK,Denmark,DE,Germany,2008,211,
DK,Denmark,DE,Germany,2009,264,
DK,Denmark,DE,Germany,2010,275,
DK,Denmark,DE,Germany,2011,397,
DK,Denmark,DE,Germany,2012,280,
DK,Denmark,DE,Germany,2013,278,
DK,Denmark,DE,Germany,2014,220,
DK,Denmark,DE,Germany,2015,250,
DK,Denmark,DE,Germany,2016,269,
DK,Denmark,DE,Germany,2017,286,
DK,Denmark,DE,Germany,2018,245,
DK,Denmark,DE,Germany,2019,164,
DK,Denmark,DE,Germany,2020,102,
DK,Denmark,DE,Germany,2021,135,
DK,Denmark,DE,Germany,2022,320,
DK,Denmark,DE,Germany,2023,360,
DK,Denmark,DE,Germany,2024,443,
DK,Denmark,DE,Germany,2025,337,
DK,Denmark,ES,Spain,2017,0,
DK,Denmark,FR,France,2004,0,
DK,Denmark,FR,France,2005,0,
DK,Denmark,FR,France,2006,0,
DK,Denmark,FR,France,2007,0,
DK,Denmark,FR,France,2009,0,
DK,Denmark,HR,Croatia,2004,1,
DK,Denmark,HR,Croatia,2005,1,
DK,Denmark,HR,Croatia,2006,1,
DK,Denmark,HR,Croatia,2007,0,
DK,Denmark,HR,Croatia,2008,1,
DK,Denmark,HR,Croatia,2009,1,
DK,Denmark,HR,Croatia,2010,0,
DK,Denmark,HR,Croatia,2011,0,
DK,Denmark,HR,Croatia,2012,0,
DK,Denmark,HR,Croatia,2018,0,
DK,Denmark,HR,Croatia,2019,0,
DK,Denmark,HR,Croatia,2021,0,
DK,Denmark,HR,Croatia,2022,0,
DK,Denmark,HR,Croatia,2023,0,
DK,Denmark,HR,Croatia,2024,0,
DK,Denmark,HR,Croatia,2025,0,
DK,Denmark,HU,Hungary,2004,2,
DK,Denmark,HU,Hungary,2005,4,
DK,Denmark,HU,Hungary,2006,4,
DK,Denmark,HU,Hungary,2007,5,
DK,Denmark,HU,Hungary,2008,6,
DK,Denmark,HU,Hungary,2009,5,
DK,Denmark,HU,Hungary,2010,5,
DK,Denmark,HU,Hungary,2011,4,
DK,Denmark,HU,Hungary,2012,4,
DK,Denmark,HU,Hungary,2013,2,
DK,Denmark,HU,Hungary,2014,2,
DK,Denmark,IT,Italy,2004,4,
DK,Denmark,IT,Italy,2005,0,
DK,Denmark,LT,Lithuania,2004,0,
DK,Denmark,LT,Lithuania,2005,0,
DK,Denmark,LT,Lithuania,2007,0,
DK,Denmark,LT,Lithuania,2009,0,
DK,Denmark,LT,Lithuania,2010,0,
DK,Denmark,LT,Lithuania,2013,0,
DK,Denmark,LU,Luxembourg,2004,1,
DK,Denmark,LU,Luxembourg,2005,1,
DK,Denmark,LU,Luxembourg,2007,0,
DK,Denmark,LU,Luxembourg,2008,0,
DK,Denmark,LU,Luxembourg,2009,0,
DK,Denmark,LU,Luxembourg,2010,0,
DK,Denmark,LU,Luxembourg,2011,0,
DK,Denmark,LU,Luxembourg,2012,0,
DK,Denmark,LU,Luxembourg,2013,0,
DK,Denmark,LU,Luxembourg,2014,0,
DK,Denmark,LU,Luxembourg,2015,0,
DK,Denmark,LU,Luxembourg,2016,0,
DK,Denmark,LU,Luxembourg,2017,0,
DK,Denmark,LU,Luxembourg,2018,0,
DK,Denmark,LU,Luxembourg,2019,0,
DK,Denmark,LU,Luxembourg,2020,0,
DK,Denmark,LU,Luxembourg,2021,0,
DK,Denmark,LU,Luxembourg,2022,0,
DK,Denmark,LU,Luxembourg,2023,0,
DK,Denmark,LU,Luxembourg,2024,0,
DK,Denmark,LU,Luxembourg,2025,0,
DK,Denmark,PL,Poland,2004,2,
DK,Denmark,PL,Poland,2005,2,
DK,Denmark,PL,Poland,2006,1,
DK,Denmark,PL,Poland,2007,2,
DK,Denmark,PL,Poland,2008,2,
DK,Denmark,PL,Poland,2009,2,
DK,Denmark,PL,Poland,2010,1,
DK,Denmark,PL,Poland,2011,1,
DK,Denmark,PL,Poland,2012,1,
DK,Denmark,PL,Poland,2013,0,
DK,Denmark,PL,Poland,2015,0,
DK,Denmark,PL,Poland,2016,0,
DK,Denmark,PL,Poland,2018,0,
DK,Denmark,RO,Romania,2004,0,
DK,Denmark,RO,Romania,2005,0,
DK,Denmark,RO,Romania,2006,0,
DK,Denmark,RO,Romania,2007,0,
DK,Denmark,RO,Romania,2010,6,
DK,Denmark,RO,Romania,2019,0,
DK,Denmark,SE,Sweden,2004,3476,
DK,Denmark,SE,Sweden,2005,3625,
DK,Denmark,SE,Sweden,2006,4112,
DK,Denmark,SE,Sweden,2007,5007,
DK,Denmark,SE,Sweden,2008,5447,
DK,Denmark,SE,Sweden,2009,5588,
DK,Denmark,SE,Sweden,2010,5241,
DK,Denmark,SE,Sweden,2011,5381,
DK,Denmark,SE,Sweden,2012,5662,
DK,Denmark,SE,Sweden,2013,5885,
DK,Denmark,SE,Sweden,2014,5890,
DK,Denmark,SE,Sweden,2015,6092,
DK,Denmark,SE,Sweden,2016,5731,
DK,Denmark,SE,Sweden,2017,5801,
DK,Denmark,SE,Sweden,2018,5348,
DK,Denmark,SE,Sweden,2019,5995,
DK,Denmark,SE,Sweden,2020,2344,
DK,Denmark,SE,Sweden,2021,2742,
DK,Denmark,SI,Slovenia,2004,0,
DK,Denmark,SI,Slovenia,2005,1,
DK,Denmark,SI,Slovenia,2006,0,
DK,Denmark,SI,Slovenia,2007,0,
DK,Denmark,SI,Slovenia,2008,0,
DK,Denmark,SI,Slovenia,2009,0,
DK,Denmark,SI,Slovenia,2010,1,
DK,Denmark,SI,Slovenia,2011,0,
DK,Denmark,SI,Slovenia,2012,0,
DK,Denmark,SI,Slovenia,2014,0,
DK,Denmark,SI,Slovenia,2015,0,
DK,Denmark,SI,Slovenia,2016,0,
DK,Denmark,SI,Slovenia,2018,0,
DK,Denmark,SI,Slovenia,2019,0,
DK,Denmark,SI,Slovenia,2023,0,
DK,Denmark,SI,Slovenia,2024,0,
DK,Denmark,SI,Slovenia,2025,0,
DK,Denmark,SK,Slovakia,2004,2,
DK,Denmark,SK,Slovakia,2005,2,
DK,Denmark,SK,Slovakia,2006,2,
DK,Denmark,SK,Slovakia,2007,0,
DK,Denmark,SK,Slovakia,2008,0,
DK,Denmark,SK,Slovakia,2009,0,
DK,Denmark,SK,Slovakia,2010,0,
DK,Denmark,SK,Slovakia,2011,0,
DK,Denmark,SK,Slovakia,2012,0,
DK,Denmark,SK,Slovakia,2014,0,
DK,Denmark,SK,Slovakia,2015,0,
DK,Denmark,SK,Slovakia,2016,0,
DK,Denmark,SK,Slovakia,2017,0,
DK,Denmark,SK,Slovakia,2018,0,
DK,Denmark,SK,Slovakia,2019,0,
DK,Denmark,SK,Slovakia,2021,0,
DK,Denmark,SK,Slovakia,2022,0,
DK,Denmark,TR,Türkiye,2004,2,
DK,Denmark,TR,Türkiye,2005,2,
DK,Denmark,TR,Türkiye,2006,3,
DK,Denmark,TR,Türkiye,2007,4,
DK,Denmark,TR,Türkiye,2008,7,
DK,Denmark,TR,Türkiye,2009,7,
DK,Denmark,TR,Türkiye,2010,5,
DK,Denmark,TR,Türkiye,2011,6,
DK,Denmark,TR,Türkiye,2012,5,
DK,Denmark,TR,Türkiye,2013,4,
DK,Denmark,TR,Türkiye,2014,4,
DK,Denmark,TR,Türkiye,2015,5,
DK,Denmark,TR,Türkiye,2016,0,
EE,Estonia,CZ,Czechia,2004,0,
EE,Estonia,LV,Latvia,2008,3,
EE,Estonia,LV,Latvia,2009,5,
EE,Estonia,LV,Latvia,2010,6,
EE,Estonia,LV,Latvia,2011,6,
EE,Estonia,LV,Latvia,2012,7,
EE,Estonia,LV,Latvia,2013,7,
EE,Estonia,LV,Latvia,2014,7,
EE,Estonia,LV,Latvia,2015,6,
EE,Estonia,LV,Latvia,2016,5,
EE,Estonia,LV,Latvia,2017,7,
EE,Estonia,LV,Latvia,2018,5,
EE,Estonia,LV,Latvia,2019,7,
EE,Estonia,LV,Latvia,2020,4,
EE,Estonia,LV,Latvia,2021,2,
EE,Estonia,LV,Latvia,2022,7,
EE,Estonia,LV,Latvia,2023,8,
EE,Estonia,LV,Latvia,2024,6,
EE,Estonia,LV,Latvia,2025,16,
EE,Estonia,PL,Poland,2004,0,
EE,Estonia,PL,Poland,2005,0,
EE,Estonia,RO,Romania,2004,0,
EE,Estonia,RO,Romania,2005,0,
EE,Estonia,RO,Romania,2006,0,
EE,Estonia,RO,Romania,2007,0,
EE,Estonia,RO,Romania,2010,4,
EL,Greece,BG,Bulgaria,2006,19,
EL,Greece,BG,Bulgaria,2007,37,
EL,Greece,BG,Bulgaria,2008,66,
EL,Greece,BG,Bulgaria,2009,67,
EL,Greece,BG,Bulgaria,2010,58,
EL,Greece,BG,Bulgaria,2011,15,
EL,Greece,BG,Bulgaria,2012,1,
EL,Greece,BG,Bulgaria,2013,1,
EL,Greece,BG,Bulgaria,2014,3,
EL,Greece,BG,Bulgaria,2015,6,
EL,Greece,BG,Bulgaria,2016,5,
EL,Greece,BG,Bulgaria,2017,3,
EL,Greece,BG,Bulgaria,2018,1,
EL,Greece,BG,Bulgaria,2019,2,
EL,Greece,BG,Bulgaria,2020,1,
EL,Greece,BG,Bulgaria,2022,0,
EL,Greece,BG,Bulgaria,2023,0,
EL,Greece,CZ,Czechia,2004,0,
EL,Greece,CZ,Czechia,2006,0,
EL,Greece,CZ,Czechia,2007,0,
EL,Greece,CZ,Czechia,2008,1,
EL,Greece,CZ,Czechia,2009,1,
EL,Greece,CZ,Czechia,2010,1,
EL,Greece,CZ,Czechia,2011,0,
EL,Greece,CZ,Czechia,2014,0,
EL,Greece,CZ,Czechia,2015,0,
EL,Greece,CZ,Czechia,2016,0,
EL,Greece,CZ,Czechia,2017,0,
EL,Greece,CZ,Czechia,2018,0,
EL,Greece,DE,Germany,2004,1,
EL,Greece,DE,Germany,2005,2,
EL,Greece,DE,Germany,2006,0,
EL,Greece,DE,Germany,2007,2,
EL,Greece,DE,Germany,2008,1,
EL,Greece,FR,France,2004,0,
EL,Greece,HR,Croatia,2004,0,
EL,Greece,HR,Croatia,2005,0,
EL,Greece,HR,Croatia,2006,0,
EL,Greece,HR,Croatia,2007,0,
EL,Greece,HR,Croatia,2008,0,
EL,Greece,HR,Croatia,2009,0,
EL,Greece,HR,Croatia,2010,0,
EL,Greece,HU,Hungary,2004,3,
EL,Greece,HU,Hungary,2005,3,
EL,Greece,HU,Hungary,2006,3,
EL,Greece,HU,Hungary,2007,2,
EL,Greece,HU,Hungary,2008,2,
EL,Greece,HU,Hungary,2009,2,
EL,Greece,HU,Hungary,2010,1,
EL,Greece,HU,Hungary,2011,0,
EL,Greece,HU,Hungary,2012,1,
EL,Greece,HU,Hungary,2013,0,
EL,Greece,HU,Hungary,2014,0,
EL,Greece,IT,Italy,2005,0,
EL,Greece,MK,North Macedonia,2009,1,
EL,Greece,MK,North Macedonia,2010,2,
EL,Greece,MK,North Macedonia,2011,0,
EL,Greece,MK,North Macedonia,2012,0,
EL,Greece,MK,North Macedonia,2014,0,
EL,Greece,MK,North Macedonia,2015,0,
EL,Greece,MK,North Macedonia,2016,0,
EL,Greece,MK,North Macedonia,2017,0,
EL,Greece,MK,North Macedonia,2018,0,
EL,Greece,MK,North Macedonia,2019,1,
EL,Greece,MK,North Macedonia,2020,0,
EL,Greece,MK,North Macedonia,2021,0,
EL,Greece,PL,Poland,2004,0,
EL,Greece,PL,Poland,2005,0,
EL,Greece,PL,Poland,2006,0,
EL,Greece,PL,Poland,2007,0,
EL,Greece,PL,Poland,2008,0,
EL,Greece,PL,Poland,2009,0,
EL,Greece,PL,Poland,2010,0,
EL,Greece,RO,Romania,2004,5,
EL,Greece,RO,Romania,2005,3,
EL,Greece,RO,Romania,2006,6,
EL,Greece,RO,Romania,2007,4,
EL,Greece,RO,Romania,2008,10,
EL,Greece,RO,Romania,2009,4,
EL,Greece,RO,Romania,2010,4,
EL,Greece,RO,Romania,2016,0,
EL,Greece,RO,Romania,2017,0,
EL,Greece,RO,Romania,2018,0,
EL,Greece,RO,Romania,2019,0,
EL,Greece,SI,Slovenia,2004,0,
EL,Greece,SI,Slovenia,2005,0,
EL,Greece,SI,Slovenia,2006,0,
EL,Greece,SI,Slovenia,2007,0,
EL,Greece,SI,Slovenia,2008,0,
EL,Greece,SI,Slovenia,2009,0,
EL,Greece,SI,Slovenia,2010,0,
EL,Greece,SI,Slovenia,2011,0,
EL,Greece,SI,Slovenia,2012,0,
EL,Greece,SI,Slovenia,2013,0,
EL,Greece,SI,Slovenia,2015,0,
EL,Greece,SI,Slovenia,2018,0,
EL,Greece,SK,Slovakia,2004,0,
EL,Greece,SK,Slovakia,2005,0,
EL,Greece,SK,Slovakia,2006,0,
EL,Greece,SK,Slovakia,2007,0,
EL,Greece,SK,Slovakia,2008,1,
EL,Greece,SK,Slovakia,2009,0,
EL,Greece,SK,Slovakia,2010,0,
EL,Greece,SK,Slovakia,2011,0,
EL,Greece,SK,Slovakia,2014,0,
EL,Greece,SK,Slovakia,2015,0,
EL,Greece,SK,Slovakia,2016,0,
EL,Greece,SK,Slovakia,2017,0,
EL,Greece,SK,Slovakia,2018,0,
EL,Greece,TR,Türkiye,2004,5,
EL,Greece,TR,Türkiye,2005,11,
EL,Greece,TR,Türkiye,2006,14,
EL,Greece,TR,Türkiye,2007,16,
EL,Greece,TR,Türkiye,2008,17,
EL,Greece,TR,Türkiye,2009,11,
EL,Greece,TR,Türkiye,2010,9,
EL,Greece,TR,Türkiye,2011,1,
EL,Greece,TR,Türkiye,2012,0,
EL,Greece,TR,Türkiye,2013,0,
EL,Greece,TR,Türkiye,2014,0,
EL,Greece,TR,Türkiye,2015,0,
EL,Greece,TR,Türkiye,2016,0,
EL,Greece,TR,Türkiye,2017,0,
ES,Spain,BE,Belgium,2006,0,
ES,Spain,BE,Belgium,2007,1,
ES,Spain,BE,Belgium,2008,1,
ES,Spain,BG,Bulgaria,2006,1,
ES,Spain,BG,Bulgaria,2007,1,
ES,Spain,BG,Bulgaria,2008,15,
ES,Spain,BG,Bulgaria,2009,24,
ES,Spain,BG,Bulgaria,2010,17,
ES,Spain,BG,Bulgaria,2011,23,
ES,Spain,BG,Bulgaria,2012,18,
ES,Spain,BG,Bulgaria,2013,21,
ES,Spain,BG,Bulgaria,2014,24,
ES,Spain,BG,Bulgaria,2015,11,
ES,Spain,BG,Bulgaria,2016,2,
ES,Spain,BG,Bulgaria,2017,6,
ES,Spain,BG,Bulgaria,2018,5,
ES,Spain,BG,Bulgaria,2019,6,
ES,Spain,BG,Bulgaria,2020,1,
ES,Spain,BG,Bulgaria,2021,0,
ES,Spain,BG,Bulgaria,2022,2,
ES,Spain,BG,Bulgaria,2023,34,
ES,Spain,BG,Bulgaria,2024,15,
ES,Spain,BG,Bulgaria,2025,13,
ES,Spain,CZ,Czechia,2004,0,
ES,Spain,CZ,Czechia,2018,0,
ES,Spain,CZ,Czechia,2022,0,
ES,Spain,DE,Germany,2004,1,
ES,Spain,DE,Germany,2005,1,
ES,Spain,DE,Germany,2006,0,
ES,Spain,DE,Germany,2007,0,
ES,Spain,DE,Germany,2008,1,
ES,Spain,FR,France,2004,103,
ES,Spain,FR,France,2005,328,
ES,Spain,FR,France,2006,299,
ES,Spain,FR,France,2007,282,
ES,Spain,FR,France,2008,263,
ES,Spain,FR,France,2009,241,
ES,Spain,HR,Croatia,2004,0,
ES,Spain,HR,Croatia,2005,0,
ES,Spain,HU,Hungary,2004,3,
ES,Spain,HU,Hungary,2005,7,
ES,Spain,HU,Hungary,2006,9,
ES,Spain,HU,Hungary,2007,9,
ES,Spain,HU,Hungary,2008,9,
ES,Spain,HU,Hungary,2009,9,
ES,Spain,HU,Hungary,2010,7,
ES,Spain,HU,Hungary,2011,7,
ES,Spain,HU,Hungary,2012,7,
ES,Spain,HU,Hungary,2013,5,
ES,Spain,HU,Hungary,2014,5,
ES,Spain,IT,Italy,2004,30,
ES,Spain,IT,Italy,2005,28,
ES,Spain,IT,Italy,2006,27,
ES,Spain,IT,Italy,2007,20,
ES,Spain,LU,Luxembourg,2008,0,
ES,Spain,LU,Luxembourg,2010,0,
ES,Spain,LU,Luxembourg,2011,0,
ES,Spain,LU,Luxembourg,2012,0,
ES,Spain,LU,Luxembourg,2013,0,
ES,Spain,LU,Luxembourg,2014,0,
ES,Spain,LU,Luxembourg,2015,0,
ES,Spain,LU,Luxembourg,2016,0,
ES,Spain,LU,Luxembourg,2017,0,
ES,Spain,LU,Luxembourg,2018,0,
ES,Spain,LU,Luxembourg,2019,0,
ES,Spain,LU,Luxembourg,2020,0,
ES,Spain,LU,Luxembourg,2021,0,
ES,Spain,LU,Luxembourg,2022,0,
ES,Spain,LU,Luxembourg,2023,0,
ES,Spain,LU,Luxembourg,2024,0,
ES,Spain,LU,Luxembourg,2025,0,
ES,Spain,PL,Poland,2004,0,
ES,Spain,PL,Poland,2005,0,
ES,Spain,PL,Poland,2007,0,
ES,Spain,PL,Poland,2015,0,
ES,Spain,PT,Portugal,2004,192,
ES,Spain,PT,Portugal,2005,88,
ES,Spain,PT,Portugal,2006,85,
ES,Spain,PT,Portugal,2007,103,
ES,Spain,PT,Portugal,2008,76,
ES,Spain,PT,Portugal,2009,63,
ES,Spain,PT,Portugal,2010,61,
ES,Spain,PT,Portugal,2011,59,
ES,Spain,PT,Portugal,2012,64,
ES,Spain,PT,Portugal,2013,67,
ES,Spain,PT,Portugal,2014,78,
ES,Spain,PT,Portugal,2015,115,
ES,Spain,PT,Portugal,2016,120,
ES,Spain,PT,Portugal,2017,128,
ES,Spain,PT,Portugal,2018,85,
ES,Spain,PT,Portugal,2019,85,
ES,Spain,PT,Portugal,2020,12,
ES,Spain,PT,Portugal,2021,13,
ES,Spain,PT,Portugal,2022,60,
ES,Spain,PT,Portugal,2023,63,
ES,Spain,PT,Portugal,2024,61,
ES,Spain,PT,Portugal,2025,52,
ES,Spain,RO,Romania,2004,0,
ES,Spain,RO,Romania,2005,0,
ES,Spain,RO,Romania,2006,1,
ES,Spain,RO,Romania,2007,1,
ES,Spain,RO,Romania,2008,1,
ES,Spain,RO,Romania,2009,0,
ES,Spain,RO,Romania,2010,12,
ES,Spain,SI,Slovenia,2004,0,
ES,Spain,SI,Slovenia,2005,0,
ES,Spain,SI,Slovenia,2006,0,
ES,Spain,SI,Slovenia,2007,0,
ES,Spain,SI,Slovenia,2008,0,
ES,Spain,SI,Slovenia,2009,0,
ES,Spain,SI,Slovenia,2010,0,
ES,Spain,SI,Slovenia,2011,1,
ES,Spain,SI,Slovenia,2012,1,
ES,Spain,SI,Slovenia,2014,1,
ES,Spain,SI,Slovenia,2015,0,
ES,Spain,SI,Slovenia,2016,0,
ES,Spain,SI,Slovenia,2017,0,
ES,Spain,SI,Slovenia,2018,0,
ES,Spain,SI,Slovenia,2019,0,
ES,Spain,SI,Slovenia,2023,0,
ES,Spain,SI,Slovenia,2024,0,
ES,Spain,SI,Slovenia,2025,0,
ES,Spain,SK,Slovakia,2004,2,
ES,Spain,SK,Slovakia,2005,2,
ES,Spain,SK,Slovakia,2006,3,
ES,Spain,TR,Türkiye,2004,2,
ES,Spain,TR,Türkiye,2005,5,
ES,Spain,TR,Türkiye,2007,12,
ES,Spain,TR,Türkiye,2008,18,
ES,Spain,TR,Türkiye,2009,13,
ES,Spain,TR,Türkiye,2010,12,
ES,Spain,TR,Türkiye,2011,11,
ES,Spain,TR,Türkiye,2012,8,
ES,Spain,TR,Türkiye,2013,8,
ES,Spain,TR,Türkiye,2014,8,
ES,Spain,TR,Türkiye,2015,10,
ES,Spain,TR,Türkiye,2016,0,
EU27_2007,European Union - 27 countries (2007-2013),BE,Belgium,2004,1353,
EU27_2007,European Union - 27 countries (2007-2013),BE,Belgium,2005,2719,
EU27_2007,European Union - 27 countries (2007-2013),BE,Belgium,2006,3652,
EU27_2007,European Union - 27 countries (2007-2013),BE,Belgium,2007,4034,
EU27_2007,European Union - 27 countries (2007-2013),BE,Belgium,2008,5299,
EU27_2007,European Union - 27 countries (2007-2013),BE,Belgium,2009,5665,
EU27_2007,European Union - 27 countries (2007-2013),BE,Belgium,2010,5650,
EU27_2007,European Union - 27 countries (2007-2013),BE,Belgium,2011,5650,
EU27_2007,European Union - 27 countries (2007-2013),BG,Bulgaria,2006,65,
EU27_2007,European Union - 27 countries (2007-2013),BG,Bulgaria,2007,120,
EU27_2007,European Union - 27 countries (2007-2013),BG,Bulgaria,2008,279,
EU27_2007,European Union - 27 countries (2007-2013),BG,Bulgaria,2009,282,
EU27_2007,European Union - 27 countries (2007-2013),BG,Bulgaria,2010,267,
EU27_2007,European Union - 27 countries (2007-2013),BG,Bulgaria,2011,257,
EU27_2007,European Union - 27 countries (2007-2013),BG,Bulgaria,2012,225,
EU27_2007,European Union - 27 countries (2007-2013),BG,Bulgaria,2013,205,
EU27_2007,European Union - 27 countries (2007-2013),BG,Bulgaria,2014,214,
EU27_2007,European Union - 27 countries (2007-2013),BG,Bulgaria,2015,165,
EU27_2007,European Union - 27 countries (2007-2013),BG,Bulgaria,2016,451,
EU27_2007,European Union - 27 countries (2007-2013),BG,Bulgaria,2017,721,
EU27_2007,European Union - 27 countries (2007-2013),BG,Bulgaria,2018,737,
EU27_2007,European Union - 27 countries (2007-2013),BG,Bulgaria,2019,960,
EU27_2007,European Union - 27 countries (2007-2013),BG,Bulgaria,2020,279,
EU27_2007,European Union - 27 countries (2007-2013),BG,Bulgaria,2021,253,
EU27_2007,European Union - 27 countries (2007-2013),BG,Bulgaria,2022,1534,
EU27_2007,European Union - 27 countries (2007-2013),BG,Bulgaria,2023,1975,
EU27_2007,European Union - 27 countries (2007-2013),BG,Bulgaria,2024,1734,
EU27_2007,European Union - 27 countries (2007-2013),BG,Bulgaria,2025,1830,
EU27_2007,European Union - 27 countries (2007-2013),CH,Switzerland,2008,5579,
EU27_2007,European Union - 27 countries (2007-2013),CH,Switzerland,2009,5298,
EU27_2007,European Union - 27 countries (2007-2013),CH,Switzerland,2010,6018,
EU27_2007,European Union - 27 countries (2007-2013),CH,Switzerland,2011,6084,
EU27_2007,European Union - 27 countries (2007-2013),CH,Switzerland,2012,7014,
EU27_2007,European Union - 27 countries (2007-2013),CH,Switzerland,2013,6861,
EU27_2007,European Union - 27 countries (2007-2013),CH,Switzerland,2014,6706,
EU27_2007,European Union - 27 countries (2007-2013),CH,Switzerland,2015,5383,
EU27_2007,European Union - 27 countries (2007-2013),CH,Switzerland,2016,5168,
EU27_2007,European Union - 27 countries (2007-2013),CH,Switzerland,2017,5246,
EU27_2007,European Union - 27 countries (2007-2013),CH,Switzerland,2018,5419,
EU27_2007,European Union - 27 countries (2007-2013),CH,Switzerland,2019,5923,
EU27_2007,European Union - 27 countries (2007-2013),CH,Switzerland,2020,2428,
EU27_2007,European Union - 27 countries (2007-2013),CH,Switzerland,2021,2817,
EU27_2007,European Union - 27 countries (2007-2013),CH,Switzerland,2022,5718,
EU27_2007,European Union - 27 countries (2007-2013),CH,Switzerland,2023,6564,
EU27_2007,European Union - 27 countries (2007-2013),CH,Switzerland,2024,6223,
EU27_2007,European Union - 27 countries (2007-2013),CH,Switzerland,2025,6584,
EU27_2007,European Union - 27 countries (2007-2013),CZ,Czechia,2004,195,
EU27_2007,European Union - 27 countries (2007-2013),CZ,Czechia,2005,581,
EU27_2007,European Union - 27 countries (2007-2013),CZ,Czechia,2006,1058,
EU27_2007,European Union - 27 countries (2007-2013),CZ,Czechia,2007,902,
EU27_2007,European Union - 27 countries (2007-2013),CZ,Czechia,2008,1149,
EU27_2007,European Union - 27 countries (2007-2013),CZ,Czechia,2009,860,
EU27_2007,European Union - 27 countries (2007-2013),CZ,Czechia,2010,1101,
EU27_2007,European Union - 27 countries (2007-2013),CZ,Czechia,2011,1181,
EU27_2007,European Union - 27 countries (2007-2013),CZ,Czechia,2012,1416,
EU27_2007,European Union - 27 countries (2007-2013),CZ,Czechia,2013,1689,
EU27_2007,European Union - 27 countries (2007-2013),CZ,Czechia,2014,1714,
EU27_2007,European Union - 27 countries (2007-2013),CZ,Czechia,2015,2138,
EU27_2007,European Union - 27 countries (2007-2013),CZ,Czechia,2016,2253,
EU27_2007,European Union - 27 countries (2007-2013),CZ,Czechia,2017,2837,
EU27_2007,European Union - 27 countries (2007-2013),CZ,Czechia,2018,3360,
EU27_2007,European Union - 27 countries (2007-2013),CZ,Czechia,2019,3628,
EU27_2007,European Union - 27 countries (2007-2013),CZ,Czechia,2020,1248,
EU27_2007,European Union - 27 countries (2007-2013),CZ,Czechia,2021,1415,
EU27_2007,European Union - 27 countries (2007-2013),CZ,Czechia,2022,3728,
EU27_2007,European Union - 27 countries (2007-2013),CZ,Czechia,2023,3894,
EU27_2007,European Union - 27 countries (2007-2013),CZ,Czechia,2024,4318,
EU27_2007,European Union - 27 countries (2007-2013),CZ,Czechia,2025,3945,
EU27_2007,European Union - 27 countries (2007-2013),DE,Germany,2004,3776,
EU27_2007,European Union - 27 countries (2007-2013),DE,Germany,2005,2843,
EU27_2007,European Union - 27 countries (2007-2013),DE,Germany,2006,3018,
EU27_2007,European Union - 27 countries (2007-2013),DE,Germany,2007,2996,
EU27_2007,European Union - 27 countries (2007-2013),DE,Germany,2008,3260,
EU27_2007,European Union - 27 countries (2007-2013),DE,Germany,2009,3524,
EU27_2007,European Union - 27 countries (2007-2013),DE,Germany,2010,3554,
EU27_2007,European Union - 27 countries (2007-2013),DE,Germany,2011,5061,
EU27_2007,European Union - 27 countries (2007-2013),DE,Germany,2012,4529,
EU27_2007,European Union - 27 countries (2007-2013),DE,Germany,2013,4499,
EU27_2007,European Union - 27 countries (2007-2013),DE,Germany,2014,4596,
EU27_2007,European Union - 27 countries (2007-2013),DE,Germany,2015,4679,
EU27_2007,European Union - 27 countries (2007-2013),DE,Germany,2016,5215,
EU27_2007,European Union - 27 countries (2007-2013),DE,Germany,2017,5634,
EU27_2007,European Union - 27 countries (2007-2013),DE,Germany,2018,6002,
EU27_2007,European Union - 27 countries (2007-2013),DE,Germany,2019,5557,
EU27_2007,European Union - 27 countries (2007-2013),DE,Germany,2020,4355,
EU27_2007,European Union - 27 countries (2007-2013),DE,Germany,2021,2956,
EU27_2007,European Union - 27 countries (2007-2013),DE,Germany,2022,6286,
EU27_2007,European Union - 27 countries (2007-2013),DE,Germany,2023,7231,
EU27_2007,European Union - 27 countries (2007-2013),DE,Germany,2024,7924,
EU27_2007,European Union - 27 countries (2007-2013),DE,Germany,2025,8166,
EU27_2007,European Union - 27 countries (2007-2013),DK,Denmark,2004,3108,
EU27_2007,European Union - 27 countries (2007-2013),DK,Denmark,2005,4519,
EU27_2007,European Union - 27 countries (2007-2013),DK,Denmark,2006,4178,
EU27_2007,European Union - 27 countries (2007-2013),DK,Denmark,2007,5032,
EU27_2007,European Union - 27 countries (2007-2013),DK,Denmark,2008,5735,
EU27_2007,European Union - 27 countries (2007-2013),DK,Denmark,2009,5890,
EU27_2007,European Union - 27 countries (2007-2013),DK,Denmark,2010,5784,
EU27_2007,European Union - 27 countries (2007-2013),DK,Denmark,2011,5756,
EU27_2007,European Union - 27 countries (2007-2013),DK,Denmark,2012,6029,
EU27_2007,European Union - 27 countries (2007-2013),DK,Denmark,2013,6162,
EU27_2007,European Union - 27 countries (2007-2013),DK,Denmark,2014,6189,
EU27_2007,European Union - 27 countries (2007-2013),DK,Denmark,2015,6511,
EU27_2007,European Union - 27 countries (2007-2013),DK,Denmark,2016,6190,
EU27_2007,European Union - 27 countries (2007-2013),DK,Denmark,2017,6195,
EU27_2007,European Union - 27 countries (2007-2013),DK,Denmark,2018,6479,
EU27_2007,European Union - 27 countries (2007-2013),DK,Denmark,2019,6944,
EU27_2007,European Union - 27 countries (2007-2013),DK,Denmark,2020,2733,
EU27_2007,European Union - 27 countries (2007-2013),DK,Denmark,2021,3182,
EU27_2007,European Union - 27 countries (2007-2013),DK,Denmark,2022,6942,
EU27_2007,European Union - 27 countries (2007-2013),DK,Denmark,2023,8462,
EU27_2007,European Union - 27 countries (2007-2013),DK,Denmark,2024,8680,
EU27_2007,European Union - 27 countries (2007-2013),DK,Denmark,2025,9094,
EU27_2007,European Union - 27 countries (2007-2013),EE,Estonia,2024,9,
EU27_2007,European Union - 27 countries (2007-2013),EE,Estonia,2025,16,
EU27_2007,European Union - 27 countries (2007-2013),EL,Greece,2004,10,
EU27_2007,European Union - 27 countries (2007-2013),EL,Greece,2005,13,
EU27_2007,European Union - 27 countries (2007-2013),EL,Greece,2006,24,
EU27_2007,European Union - 27 countries (2007-2013),EL,Greece,2007,9,
EU27_2007,European Union - 27 countries (2007-2013),EL,Greece,2008,0,
EU27_2007,European Union - 27 countries (2007-2013),EL,Greece,2009,6,
EU27_2007,European Union - 27 countries (2007-2013),EL,Greece,2010,5,
EU27_2007,European Union - 27 countries (2007-2013),EL,Greece,2011,5,
EU27_2007,European Union - 27 countries (2007-2013),EL,Greece,2012,0,
EU27_2007,European Union - 27 countries (2007-2013),EL,Greece,2013,2,
EU27_2007,European Union - 27 countries (2007-2013),EL,Greece,2014,14,
EU27_2007,European Union - 27 countries (2007-2013),EL,Greece,2015,6,
EU27_2007,European Union - 27 countries (2007-2013),EL,Greece,2016,6,
EU27_2007,European Union - 27 countries (2007-2013),EL,Greece,2017,7,
EU27_2007,European Union - 27 countries (2007-2013),EL,Greece,2018,3,
EU27_2007,European Union - 27 countries (2007-2013),EL,Greece,2019,2,
EU27_2007,European Union - 27 countries (2007-2013),EL,Greece,2020,0,
EU27_2007,European Union - 27 countries (2007-2013),ES,Spain,2004,399,
EU27_2007,European Union - 27 countries (2007-2013),ES,Spain,2005,394,
EU27_2007,European Union - 27 countries (2007-2013),ES,Spain,2006,398,
EU27_2007,European Union - 27 countries (2007-2013),ES,Spain,2007,333,
EU27_2007,European Union - 27 countries (2007-2013),ES,Spain,2008,366,
EU27_2007,European Union - 27 countries (2007-2013),ES,Spain,2009,323,
EU27_2007,European Union - 27 countries (2007-2013),ES,Spain,2010,337,
EU27_2007,European Union - 27 countries (2007-2013),ES,Spain,2011,233,
EU27_2007,European Union - 27 countries (2007-2013),ES,Spain,2012,216,
EU27_2007,European Union - 27 countries (2007-2013),ES,Spain,2013,195,
EU27_2007,European Union - 27 countries (2007-2013),ES,Spain,2014,516,
EU27_2007,European Union - 27 countries (2007-2013),ES,Spain,2015,507,
EU27_2007,European Union - 27 countries (2007-2013),ES,Spain,2016,541,
EU27_2007,European Union - 27 countries (2007-2013),ES,Spain,2017,531,
EU27_2007,European Union - 27 countries (2007-2013),ES,Spain,2018,505,
EU27_2007,European Union - 27 countries (2007-2013),ES,Spain,2019,520,
EU27_2007,European Union - 27 countries (2007-2013),ES,Spain,2020,135,
EU27_2007,European Union - 27 countries (2007-2013),ES,Spain,2021,191,
EU27_2007,European Union - 27 countries (2007-2013),ES,Spain,2022,392,
EU27_2007,European Union - 27 countries (2007-2013),ES,Spain,2023,492,
EU27_2007,European Union - 27 countries (2007-2013),ES,Spain,2024,658,
EU27_2007,European Union - 27 countries (2007-2013),ES,Spain,2025,627,
EU27_2007,European Union - 27 countries (2007-2013),FR,France,2004,3889,
EU27_2007,European Union - 27 countries (2007-2013),FR,France,2005,13827,
EU27_2007,European Union - 27 countries (2007-2013),FR,France,2006,13264,
EU27_2007,European Union - 27 countries (2007-2013),FR,France,2007,13564,
EU27_2007,European Union - 27 countries (2007-2013),FR,France,2008,12604,
EU27_2007,European Union - 27 countries (2007-2013),FR,France,2009,14922,
EU27_2007,European Union - 27 countries (2007-2013),HR,Croatia,2004,205,
EU27_2007,European Union - 27 countries (2007-2013),HR,Croatia,2005,192,
EU27_2007,European Union - 27 countries (2007-2013),HR,Croatia,2006,198,
EU27_2007,European Union - 27 countries (2007-2013),HR,Croatia,2007,192,
EU27_2007,European Union - 27 countries (2007-2013),HR,Croatia,2008,201,
EU27_2007,European Union - 27 countries (2007-2013),HR,Croatia,2009,199,
EU27_2007,European Union - 27 countries (2007-2013),HR,Croatia,2010,180,
EU27_2007,European Union - 27 countries (2007-2013),HR,Croatia,2011,188,
EU27_2007,European Union - 27 countries (2007-2013),HR,Croatia,2012,183,
EU27_2007,European Union - 27 countries (2007-2013),HR,Croatia,2013,170,
EU27_2007,European Union - 27 countries (2007-2013),HR,Croatia,2014,154,
EU27_2007,European Union - 27 countries (2007-2013),HR,Croatia,2015,144,
EU27_2007,European Union - 27 countries (2007-2013),HR,Croatia,2016,133,
EU27_2007,European Union - 27 countries (2007-2013),HR,Croatia,2017,150,
EU27_2007,European Union - 27 countries (2007-2013),HR,Croatia,2018,145,
EU27_2007,European Union - 27 countries (2007-2013),HR,Croatia,2019,145,
EU27_2007,European Union - 27 countries (2007-2013),HR,Croatia,2020,66,
EU27_2007,European Union - 27 countries (2007-2013),HR,Croatia,2021,104,
EU27_2007,European Union - 27 countries (2007-2013),HR,Croatia,2022,181,
EU27_2007,European Union - 27 countries (2007-2013),HR,Croatia,2023,156,
EU27_2007,European Union - 27 countries (2007-2013),HR,Croatia,2024,146,
EU27_2007,European Union - 27 countries (2007-2013),HR,Croatia,2025,130,
EU27_2007,European Union - 27 countries (2007-2013),HU,Hungary,2004,655,
EU27_2007,European Union - 27 countries (2007-2013),HU,Hungary,2005,964,
EU27_2007,European Union - 27 countries (2007-2013),HU,Hungary,2006,926,
EU27_2007,European Union - 27 countries (2007-2013),HU,Hungary,2007,886,
EU27_2007,European Union - 27 countries (2007-2013),HU,Hungary,2008,934,
EU27_2007,European Union - 27 countries (2007-2013),HU,Hungary,2009,944,
EU27_2007,European Union - 27 countries (2007-2013),HU,Hungary,2010,960,
EU27_2007,European Union - 27 countries (2007-2013),HU,Hungary,2011,1123,
EU27_2007,European Union - 27 countries (2007-2013),HU,Hungary,2012,1260,
EU27_2007,European Union - 27 countries (2007-2013),HU,Hungary,2013,1263,
EU27_2007,European Union - 27 countries (2007-2013),HU,Hungary,2014,1111,
EU27_2007,European Union - 27 countries (2007-2013),IE,Ireland,2004,409,
EU27_2007,European Union - 27 countries (2007-2013),IE,Ireland,2005,444,
EU27_2007,European Union - 27 countries (2007-2013),IE,Ireland,2006,505,
EU27_2007,European Union - 27 countries (2007-2013),IE,Ireland,2007,502,
EU27_2007,European Union - 27 countries (2007-2013),IE,Ireland,2008,397,
EU27_2007,European Union - 27 countries (2007-2013),IE,Ireland,2009,297,
EU27_2007,European Union - 27 countries (2007-2013),IE,Ireland,2010,344,
EU27_2007,European Union - 27 countries (2007-2013),IE,Ireland,2011,396,
EU27_2007,European Union - 27 countries (2007-2013),IE,Ireland,2012,381,
EU27_2007,European Union - 27 countries (2007-2013),IE,Ireland,2013,313,
EU27_2007,European Union - 27 countries (2007-2013),IE,Ireland,2014,307,
EU27_2007,European Union - 27 countries (2007-2013),IE,Ireland,2015,0,
EU27_2007,European Union - 27 countries (2007-2013),IE,Ireland,2018,0,
EU27_2007,European Union - 27 countries (2007-2013),IE,Ireland,2019,0,
EU27_2007,European Union - 27 countries (2007-2013),IE,Ireland,2022,0,
EU27_2007,European Union - 27 countries (2007-2013),IE,Ireland,2023,0,
EU27_2007,European Union - 27 countries (2007-2013),IE,Ireland,2024,0,
EU27_2007,European Union - 27 countries (2007-2013),IE,Ireland,2025,0,
EU27_2007,European Union - 27 countries (2007-2013),IT,Italy,2004,1425,
EU27_2007,European Union - 27 countries (2007-2013),IT,Italy,2005,1595,
EU27_2007,European Union - 27 countries (2007-2013),IT,Italy,2006,1738,
EU27_2007,European Union - 27 countries (2007-2013),IT,Italy,2007,1503,
EU27_2007,European Union - 27 countries (2007-2013),IT,Italy,2022,1273,
EU27_2007,European Union - 27 countries (2007-2013),IT,Italy,2023,1107,
EU27_2007,European Union - 27 countries (2007-2013),IT,Italy,2024,888,
EU27_2007,European Union - 27 countries (2007-2013),IT,Italy,2025,1175,
EU27_2007,European Union - 27 countries (2007-2013),LT,Lithuania,2004,14,
EU27_2007,European Union - 27 countries (2007-2013),LT,Lithuania,2005,8,
EU27_2007,European Union - 27 countries (2007-2013),LT,Lithuania,2006,8,
EU27_2007,European Union - 27 countries (2007-2013),LT,Lithuania,2007,9,
EU27_2007,European Union - 27 countries (2007-2013),LT,Lithuania,2010,5,
EU27_2007,European Union - 27 countries (2007-2013),LT,Lithuania,2011,5,
EU27_2007,European Union - 27 countries (2007-2013),LT,Lithuania,2012,4,
EU27_2007,European Union - 27 countries (2007-2013),LT,Lithuania,2013,3,
EU27_2007,European Union - 27 countries (2007-2013),LT,Lithuania,2014,0,
EU27_2007,European Union - 27 countries (2007-2013),LT,Lithuania,2015,0,
EU27_2007,European Union - 27 countries (2007-2013),LT,Lithuania,2016,2,
EU27_2007,European Union - 27 countries (2007-2013),LT,Lithuania,2017,2,
EU27_2007,European Union - 27 countries (2007-2013),LT,Lithuania,2018,6,
EU27_2007,European Union - 27 countries (2007-2013),LT,Lithuania,2019,7,
EU27_2007,European Union - 27 countries (2007-2013),LT,Lithuania,2020,1,
EU27_2007,European Union - 27 countries (2007-2013),LT,Lithuania,2021,0,
EU27_2007,European Union - 27 countries (2007-2013),LT,Lithuania,2022,2,
EU27_2007,European Union - 27 countries (2007-2013),LT,Lithuania,2023,18,
EU27_2007,European Union - 27 countries (2007-2013),LT,Lithuania,2024,51,
EU27_2007,European Union - 27 countries (2007-2013),LT,Lithuania,2025,57,
EU27_2007,European Union - 27 countries (2007-2013),LU,Luxembourg,2004,1802,
EU27_2007,European Union - 27 countries (2007-2013),LU,Luxembourg,2005,1876,
EU27_2007,European Union - 27 countries (2007-2013),LU,Luxembourg,2006,2067,
EU27_2007,European Union - 27 countries (2007-2013),LU,Luxembourg,2007,2378,
EU27_2007,European Union - 27 countries (2007-2013),LU,Luxembourg,2008,2461,
EU27_2007,European Union - 27 countries (2007-2013),LU,Luxembourg,2009,2311,
EU27_2007,European Union - 27 countries (2007-2013),LU,Luxembourg,2010,2783,
EU27_2007,European Union - 27 countries (2007-2013),LU,Luxembourg,2011,2670,
EU27_2007,European Union - 27 countries (2007-2013),LU,Luxembourg,2012,2760,
EU27_2007,European Union - 27 countries (2007-2013),LU,Luxembourg,2013,2873,
EU27_2007,European Union - 27 countries (2007-2013),LU,Luxembourg,2014,2971,
EU27_2007,European Union - 27 countries (2007-2013),LU,Luxembourg,2015,3110,
EU27_2007,European Union - 27 countries (2007-2013),LU,Luxembourg,2016,3172,
EU27_2007,European Union - 27 countries (2007-2013),LU,Luxembourg,2017,3133,
EU27_2007,European Union - 27 countries (2007-2013),LU,Luxembourg,2018,3210,
EU27_2007,European Union - 27 countries (2007-2013),LU,Luxembourg,2019,3756,
EU27_2007,European Union - 27 countries (2007-2013),LU,Luxembourg,2020,1980,
EU27_2007,European Union - 27 countries (2007-2013),LU,Luxembourg,2021,2085,
EU27_2007,European Union - 27 countries (2007-2013),LU,Luxembourg,2022,3056,
EU27_2007,European Union - 27 countries (2007-2013),LU,Luxembourg,2023,4476,
EU27_2007,European Union - 27 countries (2007-2013),LU,Luxembourg,2024,4726,
EU27_2007,European Union - 27 countries (2007-2013),LU,Luxembourg,2025,4713,
EU27_2007,European Union - 27 countries (2007-2013),LV,Latvia,2004,1,
EU27_2007,European Union - 27 countries (2007-2013),LV,Latvia,2005,1,
EU27_2007,European Union - 27 countries (2007-2013),LV,Latvia,2006,2,
EU27_2007,European Union - 27 countries (2007-2013),LV,Latvia,2007,1,
EU27_2007,European Union - 27 countries (2007-2013),LV,Latvia,2008,3,
EU27_2007,European Union - 27 countries (2007-2013),LV,Latvia,2009,6,
EU27_2007,European Union - 27 countries (2007-2013),LV,Latvia,2010,6,
EU27_2007,European Union - 27 countries (2007-2013),LV,Latvia,2011,7,
EU27_2007,European Union - 27 countries (2007-2013),LV,Latvia,2012,7,
EU27_2007,European Union - 27 countries (2007-2013),LV,Latvia,2013,7,
EU27_2007,European Union - 27 countries (2007-2013),LV,Latvia,2014,8,
EU27_2007,European Union - 27 countries (2007-2013),LV,Latvia,2015,6,
EU27_2007,European Union - 27 countries (2007-2013),LV,Latvia,2016,5,
EU27_2007,European Union - 27 countries (2007-2013),LV,Latvia,2017,7,
EU27_2007,European Union - 27 countries (2007-2013),LV,Latvia,2018,6,
EU27_2007,European Union - 27 countries (2007-2013),LV,Latvia,2019,7,
EU27_2007,European Union - 27 countries (2007-2013),LV,Latvia,2020,4,
EU27_2007,European Union - 27 countries (2007-2013),LV,Latvia,2021,2,
EU27_2007,European Union - 27 countries (2007-2013),LV,Latvia,2022,7,
EU27_2007,European Union - 27 countries (2007-2013),LV,Latvia,2023,8,
EU27_2007,European Union - 27 countries (2007-2013),LV,Latvia,2024,38,
EU27_2007,European Union - 27 countries (2007-2013),LV,Latvia,2025,49,
EU27_2007,European Union - 27 countries (2007-2013),MK,North Macedonia,2009,1,
EU27_2007,European Union - 27 countries (2007-2013),MK,North Macedonia,2010,2,
EU27_2007,European Union - 27 countries (2007-2013),MK,North Macedonia,2011,0,
EU27_2007,European Union - 27 countries (2007-2013),MK,North Macedonia,2012,0,
EU27_2007,European Union - 27 countries (2007-2013),MK,North Macedonia,2013,0,
EU27_2007,European Union - 27 countries (2007-2013),MK,North Macedonia,2014,0,
EU27_2007,European Union - 27 countries (2007-2013),MK,North Macedonia,2015,0,
EU27_2007,European Union - 27 countries (2007-2013),MK,North Macedonia,2016,0,
EU27_2007,European Union - 27 countries (2007-2013),MK,North Macedonia,2017,0,
EU27_2007,European Union - 27 countries (2007-2013),MK,North Macedonia,2018,0,
EU27_2007,European Union - 27 countries (2007-2013),MK,North Macedonia,2019,1,
EU27_2007,European Union - 27 countries (2007-2013),MK,North Macedonia,2020,0,
EU27_2007,European Union - 27 countries (2007-2013),MK,North Macedonia,2021,0,
EU27_2007,European Union - 27 countries (2007-2013),NL,Netherlands,2004,2326,
EU27_2007,European Union - 27 countries (2007-2013),NL,Netherlands,2005,2335,
EU27_2007,European Union - 27 countries (2007-2013),NL,Netherlands,2006,2217,
EU27_2007,European Union - 27 countries (2007-2013),NL,Netherlands,2007,2927,
EU27_2007,European Union - 27 countries (2007-2013),NO,Norway,2005,135,
EU27_2007,European Union - 27 countries (2007-2013),NO,Norway,2006,142,
EU27_2007,European Union - 27 countries (2007-2013),NO,Norway,2007,74,
EU27_2007,European Union - 27 countries (2007-2013),NO,Norway,2008,110,
EU27_2007,European Union - 27 countries (2007-2013),NO,Norway,2009,106,
EU27_2007,European Union - 27 countries (2007-2013),NO,Norway,2010,253,
EU27_2007,European Union - 27 countries (2007-2013),NO,Norway,2011,222,
EU27_2007,European Union - 27 countries (2007-2013),NO,Norway,2012,238,
EU27_2007,European Union - 27 countries (2007-2013),NO,Norway,2013,245,
EU27_2007,European Union - 27 countries (2007-2013),NO,Norway,2014,238,
EU27_2007,European Union - 27 countries (2007-2013),NO,Norway,2015,250,
EU27_2007,European Union - 27 countries (2007-2013),NO,Norway,2016,268,
EU27_2007,European Union - 27 countries (2007-2013),NO,Norway,2017,292,
EU27_2007,European Union - 27 countries (2007-2013),NO,Norway,2018,221,
EU27_2007,European Union - 27 countries (2007-2013),NO,Norway,2019,248,
EU27_2007,European Union - 27 countries (2007-2013),NO,Norway,2020,38,
EU27_2007,European Union - 27 countries (2007-2013),NO,Norway,2021,12,
EU27_2007,European Union - 27 countries (2007-2013),NO,Norway,2022,149,
EU27_2007,European Union - 27 countries (2007-2013),NO,Norway,2023,228,
EU27_2007,European Union - 27 countries (2007-2013),NO,Norway,2024,298,
EU27_2007,European Union - 27 countries (2007-2013),NO,Norway,2025,318,
EU27_2007,European Union - 27 countries (2007-2013),PL,Poland,2004,691,
EU27_2007,European Union - 27 countries (2007-2013),PL,Poland,2005,630,
EU27_2007,European Union - 27 countries (2007-2013),PL,Poland,2006,577,
EU27_2007,European Union - 27 countries (2007-2013),PL,Poland,2007,579,
EU27_2007,European Union - 27 countries (2007-2013),PL,Poland,2008,567,
EU27_2007,European Union - 27 countries (2007-2013),PL,Poland,2009,545,
EU27_2007,European Union - 27 countries (2007-2013),PL,Poland,2010,707,
EU27_2007,European Union - 27 countries (2007-2013),PL,Poland,2011,788,
EU27_2007,European Union - 27 countries (2007-2013),PL,Poland,2012,702,
EU27_2007,European Union - 27 countries (2007-2013),PL,Poland,2013,702,
EU27_2007,European Union - 27 countries (2007-2013),PL,Poland,2014,607,
EU27_2007,European Union - 27 countries (2007-2013),PL,Poland,2015,511,
EU27_2007,European Union - 27 countries (2007-2013),PL,Poland,2016,503,
EU27_2007,European Union - 27 countries (2007-2013),PL,Poland,2017,573,
EU27_2007,European Union - 27 countries (2007-2013),PL,Poland,2018,618,
EU27_2007,European Union - 27 countries (2007-2013),PL,Poland,2025,1848,
EU27_2007,European Union - 27 countries (2007-2013),PT,Portugal,2004,194,
EU27_2007,European Union - 27 countries (2007-2013),PT,Portugal,2005,88,
EU27_2007,European Union - 27 countries (2007-2013),PT,Portugal,2006,85,
EU27_2007,European Union - 27 countries (2007-2013),PT,Portugal,2007,103,
EU27_2007,European Union - 27 countries (2007-2013),PT,Portugal,2008,76,
EU27_2007,European Union - 27 countries (2007-2013),PT,Portugal,2009,63,
EU27_2007,European Union - 27 countries (2007-2013),PT,Portugal,2010,61,
EU27_2007,European Union - 27 countries (2007-2013),PT,Portugal,2011,59,
EU27_2007,European Union - 27 countries (2007-2013),PT,Portugal,2012,64,
EU27_2007,European Union - 27 countries (2007-2013),PT,Portugal,2013,67,
EU27_2007,European Union - 27 countries (2007-2013),PT,Portugal,2014,78,
EU27_2007,European Union - 27 countries (2007-2013),PT,Portugal,2015,115,
EU27_2007,European Union - 27 countries (2007-2013),PT,Portugal,2016,120,
EU27_2007,European Union - 27 countries (2007-2013),PT,Portugal,2017,128,
EU27_2007,European Union - 27 countries (2007-2013),PT,Portugal,2018,85,
EU27_2007,European Union - 27 countries (2007-2013),PT,Portugal,2019,85,
EU27_2007,European Union - 27 countries (2007-2013),PT,Portugal,2020,12,
EU27_2007,European Union - 27 countries (2007-2013),PT,Portugal,2021,13,
EU27_2007,European Union - 27 countries (2007-2013),PT,Portugal,2022,60,
EU27_2007,European Union - 27 countries (2007-2013),PT,Portugal,2023,63,
EU27_2007,European Union - 27 countries (2007-2013),PT,Portugal,2024,61,
EU27_2007,European Union - 27 countries (2007-2013),PT,Portugal,2025,52,
EU27_2007,European Union - 27 countries (2007-2013),RO,Romania,2004,146,
EU27_2007,European Union - 27 countries (2007-2013),RO,Romania,2005,148,
EU27_2007,European Union - 27 countries (2007-2013),RO,Romania,2006,137,
EU27_2007,European Union - 27 countries (2007-2013),RO,Romania,2007,138,
EU27_2007,European Union - 27 countries (2007-2013),RO,Romania,2008,161,
EU27_2007,European Union - 27 countries (2007-2013),RO,Romania,2009,147,
EU27_2007,European Union - 27 countries (2007-2013),RO,Romania,2010,214,
EU27_2007,European Union - 27 countries (2007-2013),RO,Romania,2011,34,
EU27_2007,European Union - 27 countries (2007-2013),RO,Romania,2012,31,
EU27_2007,European Union - 27 countries (2007-2013),RO,Romania,2013,74,
EU27_2007,European Union - 27 countries (2007-2013),RO,Romania,2014,80,
EU27_2007,European Union - 27 countries (2007-2013),RO,Romania,2015,80,
EU27_2007,European Union - 27 countries (2007-2013),RO,Romania,2016,77,
EU27_2007,European Union - 27 countries (2007-2013),RO,Romania,2017,83,
EU27_2007,European Union - 27 countries (2007-2013),RO,Romania,2018,90,
EU27_2007,European Union - 27 countries (2007-2013),RO,Romania,2019,90,
EU27_2007,European Union - 27 countries (2007-2013),RO,Romania,2020,36,
EU27_2007,European Union - 27 countries (2007-2013),RO,Romania,2021,51,
EU27_2007,European Union - 27 countries (2007-2013),RO,Romania,2022,114,
EU27_2007,European Union - 27 countries (2007-2013),RO,Romania,2023,160,
EU27_2007,European Union - 27 countries (2007-2013),RO,Romania,2024,134,
EU27_2007,European Union - 27 countries (2007-2013),RO,Romania,2025,124,
EU27_2007,European Union - 27 countries (2007-2013),SE,Sweden,2004,3499,
EU27_2007,European Union - 27 countries (2007-2013),SE,Sweden,2005,3642,
EU27_2007,European Union - 27 countries (2007-2013),SE,Sweden,2006,4126,
EU27_2007,European Union - 27 countries (2007-2013),SE,Sweden,2007,5023,
EU27_2007,European Union - 27 countries (2007-2013),SE,Sweden,2008,5448,
EU27_2007,European Union - 27 countries (2007-2013),SE,Sweden,2009,5609,
EU27_2007,European Union - 27 countries (2007-2013),SE,Sweden,2010,5258,
EU27_2007,European Union - 27 countries (2007-2013),SE,Sweden,2011,5398,
EU27_2007,European Union - 27 countries (2007-2013),SE,Sweden,2012,5662,
EU27_2007,European Union - 27 countries (2007-2013),SE,Sweden,2013,5889,
EU27_2007,European Union - 27 countries (2007-2013),SE,Sweden,2014,5894,
EU27_2007,European Union - 27 countries (2007-2013),SE,Sweden,2015,6097,
EU27_2007,European Union - 27 countries (2007-2013),SE,Sweden,2016,5736,
EU27_2007,European Union - 27 countries (2007-2013),SE,Sweden,2017,5807,
EU27_2007,European Union - 27 countries (2007-2013),SE,Sweden,2018,5355,
EU27_2007,European Union - 27 countries (2007-2013),SE,Sweden,2019,6005,
EU27_2007,European Union - 27 countries (2007-2013),SE,Sweden,2020,2344,
EU27_2007,European Union - 27 countries (2007-2013),SE,Sweden,2021,2763,
EU27_2007,European Union - 27 countries (2007-2013),SI,Slovenia,2004,124,
EU27_2007,European Union - 27 countries (2007-2013),SI,Slovenia,2005,110,
EU27_2007,European Union - 27 countries (2007-2013),SI,Slovenia,2006,118,
EU27_2007,European Union - 27 countries (2007-2013),SI,Slovenia,2007,121,
EU27_2007,European Union - 27 countries (2007-2013),SI,Slovenia,2008,118,
EU27_2007,European Union - 27 countries (2007-2013),SI,Slovenia,2009,147,
EU27_2007,European Union - 27 countries (2007-2013),SI,Slovenia,2010,123,
EU27_2007,European Union - 27 countries (2007-2013),SI,Slovenia,2011,128,
EU27_2007,European Union - 27 countries (2007-2013),SI,Slovenia,2012,127,
EU27_2007,European Union - 27 countries (2007-2013),SI,Slovenia,2013,124,
EU27_2007,European Union - 27 countries (2007-2013),SI,Slovenia,2014,115,
EU27_2007,European Union - 27 countries (2007-2013),SI,Slovenia,2015,100,
EU27_2007,European Union - 27 countries (2007-2013),SI,Slovenia,2016,96,
EU27_2007,European Union - 27 countries (2007-2013),SI,Slovenia,2017,114,
EU27_2007,European Union - 27 countries (2007-2013),SI,Slovenia,2018,128,
EU27_2007,European Union - 27 countries (2007-2013),SI,Slovenia,2019,165,
EU27_2007,European Union - 27 countries (2007-2013),SI,Slovenia,2020,21,
EU27_2007,European Union - 27 countries (2007-2013),SI,Slovenia,2021,29,
EU27_2007,European Union - 27 countries (2007-2013),SI,Slovenia,2022,73,
EU27_2007,European Union - 27 countries (2007-2013),SI,Slovenia,2023,248,
EU27_2007,European Union - 27 countries (2007-2013),SI,Slovenia,2024,304,
EU27_2007,European Union - 27 countries (2007-2013),SI,Slovenia,2025,296,
EU27_2007,European Union - 27 countries (2007-2013),SK,Slovakia,2004,731,
EU27_2007,European Union - 27 countries (2007-2013),SK,Slovakia,2005,862,
EU27_2007,European Union - 27 countries (2007-2013),SK,Slovakia,2006,1232,
EU27_2007,European Union - 27 countries (2007-2013),SK,Slovakia,2007,1495,
EU27_2007,European Union - 27 countries (2007-2013),SK,Slovakia,2008,1542,
EU27_2007,European Union - 27 countries (2007-2013),SK,Slovakia,2009,1425,
EU27_2007,European Union - 27 countries (2007-2013),SK,Slovakia,2010,857,
EU27_2007,European Union - 27 countries (2007-2013),SK,Slovakia,2011,1451,
EU27_2007,European Union - 27 countries (2007-2013),SK,Slovakia,2012,1521,
EU27_2007,European Union - 27 countries (2007-2013),SK,Slovakia,2013,1562,
EU27_2007,European Union - 27 countries (2007-2013),SK,Slovakia,2014,1608,
EU27_2007,European Union - 27 countries (2007-2013),SK,Slovakia,2015,1574,
EU27_2007,European Union - 27 countries (2007-2013),SK,Slovakia,2016,1584,
EU27_2007,European Union - 27 countries (2007-2013),SK,Slovakia,2017,1624,
EU27_2007,European Union - 27 countries (2007-2013),SK,Slovakia,2018,1791,
EU27_2007,European Union - 27 countries (2007-2013),SK,Slovakia,2019,1905,
EU27_2007,European Union - 27 countries (2007-2013),SK,Slovakia,2020,670,
EU27_2007,European Union - 27 countries (2007-2013),SK,Slovakia,2021,1012,
EU27_2007,European Union - 27 countries (2007-2013),SK,Slovakia,2022,2034,
EU27_2007,European Union - 27 countries (2007-2013),TR,Türkiye,2004,48,
EU27_2007,European Union - 27 countries (2007-2013),TR,Türkiye,2005,70,
EU27_2007,European Union - 27 countries (2007-2013),TR,Türkiye,2006,60,
EU27_2007,European Union - 27 countries (2007-2013),TR,Türkiye,2007,121,
EU27_2007,European Union - 27 countries (2007-2013),TR,Türkiye,2008,175,
EU27_2007,European Union - 27 countries (2007-2013),TR,Türkiye,2009,132,
EU27_2007,European Union - 27 countries (2007-2013),TR,Türkiye,2010,109,
EU27_2007,European Union - 27 countries (2007-2013),TR,Türkiye,2011,126,
EU27_2007,European Union - 27 countries (2007-2013),TR,Türkiye,2012,100,
EU27_2007,European Union - 27 countries (2007-2013),TR,Türkiye,2013,78,
EU27_2007,European Union - 27 countries (2007-2013),TR,Türkiye,2014,95,
EU27_2007,European Union - 27 countries (2007-2013),TR,Türkiye,2015,91,
EU27_2007,European Union - 27 countries (2007-2013),TR,Türkiye,2016,7,
EU27_2007,European Union - 27 countries (2007-2013),TR,Türkiye,2017,5,
EU27_2007,European Union - 27 countries (2007-2013),TR,Türkiye,2018,1,
EU27_2007,European Union - 27 countries (2007-2013),TR,Türkiye,2019,2,
EU27_2007,European Union - 27 countries (2007-2013),TR,Türkiye,2020,0,
EU27_2007,European Union - 27 countries (2007-2013),TR,Türkiye,2025,16,
EU27_2007,European Union - 27 countries (2007-2013),UA,Ukraine,2025,1026,
EU27_2007,European Union - 27 countries (2007-2013),UK,United Kingdom,2004,7932,
EU27_2007,European Union - 27 countries (2007-2013),UK,United Kingdom,2005,8170,
EU27_2007,European Union - 27 countries (2007-2013),UK,United Kingdom,2006,8171,
EU27_2007,European Union - 27 countries (2007-2013),UK,United Kingdom,2007,8533,
EU27_2007,European Union - 27 countries (2007-2013),UK,United Kingdom,2008,8576,
EU27_2007,European Union - 27 countries (2007-2013),UK,United Kingdom,2009,8404,
EU27_2007,European Union - 27 countries (2007-2013),UK,United Kingdom,2010,8918,
EU27_2007,European Union - 27 countries (2007-2013),UK,United Kingdom,2011,9125,
EU27_2007,European Union - 27 countries (2007-2013),UK,United Kingdom,2012,9532,
EU27_2007,European Union - 27 countries (2007-2013),UK,United Kingdom,2013,9821,
EU27_2007,European Union - 27 countries (2007-2013),UK,United Kingdom,2014,10055,
EU27_2007,European Union - 27 countries (2007-2013),UK,United Kingdom,2015,9924,
EU27_2007,European Union - 27 countries (2007-2013),UK,United Kingdom,2016,9714,
EU27_2007,European Union - 27 countries (2007-2013),UK,United Kingdom,2017,9824,
EU27_2007,European Union - 27 countries (2007-2013),UK,United Kingdom,2018,10261,
EU27_2007,European Union - 27 countries (2007-2013),UK,United Kingdom,2019,10271,
EU27_2020,European Union - 27 countries (from 2020),BE,Belgium,2004,1157,
EU27_2020,European Union - 27 countries (from 2020),BE,Belgium,2005,1905,
EU27_2020,European Union - 27 countries (from 2020),BE,Belgium,2006,2785,
EU27_2020,European Union - 27 countries (from 2020),BE,Belgium,2007,2889,
EU27_2020,European Union - 27 countries (from 2020),BE,Belgium,2008,4019,
EU27_2020,European Union - 27 countries (from 2020),BE,Belgium,2009,4287,
EU27_2020,European Union - 27 countries (from 2020),BE,Belgium,2010,4239,
EU27_2020,European Union - 27 countries (from 2020),BE,Belgium,2011,4239,
EU27_2020,European Union - 27 countries (from 2020),BG,Bulgaria,2006,66,
EU27_2020,European Union - 27 countries (from 2020),BG,Bulgaria,2007,120,
EU27_2020,European Union - 27 countries (from 2020),BG,Bulgaria,2008,280,
EU27_2020,European Union - 27 countries (from 2020),BG,Bulgaria,2009,283,
EU27_2020,European Union - 27 countries (from 2020),BG,Bulgaria,2010,269,
EU27_2020,European Union - 27 countries (from 2020),BG,Bulgaria,2011,258,
EU27_2020,European Union - 27 countries (from 2020),BG,Bulgaria,2012,227,
EU27_2020,European Union - 27 countries (from 2020),BG,Bulgaria,2013,207,
EU27_2020,European Union - 27 countries (from 2020),BG,Bulgaria,2014,215,
EU27_2020,European Union - 27 countries (from 2020),BG,Bulgaria,2015,165,
EU27_2020,European Union - 27 countries (from 2020),BG,Bulgaria,2016,439,
EU27_2020,European Union - 27 countries (from 2020),BG,Bulgaria,2017,706,
EU27_2020,European Union - 27 countries (from 2020),BG,Bulgaria,2018,725,
EU27_2020,European Union - 27 countries (from 2020),BG,Bulgaria,2019,951,
EU27_2020,European Union - 27 countries (from 2020),BG,Bulgaria,2020,270,
EU27_2020,European Union - 27 countries (from 2020),BG,Bulgaria,2021,252,
EU27_2020,European Union - 27 countries (from 2020),BG,Bulgaria,2022,1499,
EU27_2020,European Union - 27 countries (from 2020),BG,Bulgaria,2023,1947,
EU27_2020,European Union - 27 countries (from 2020),BG,Bulgaria,2024,1711,
EU27_2020,European Union - 27 countries (from 2020),BG,Bulgaria,2025,1810,
EU27_2020,European Union - 27 countries (from 2020),CH,Switzerland,2008,5552,
EU27_2020,European Union - 27 countries (from 2020),CH,Switzerland,2009,5272,
EU27_2020,European Union - 27 countries (from 2020),CH,Switzerland,2010,5989,
EU27_2020,European Union - 27 countries (from 2020),CH,Switzerland,2011,6054,
EU27_2020,European Union - 27 countries (from 2020),CH,Switzerland,2012,6980,
EU27_2020,European Union - 27 countries (from 2020),CH,Switzerland,2013,6827,
EU27_2020,European Union - 27 countries (from 2020),CH,Switzerland,2014,6674,
EU27_2020,European Union - 27 countries (from 2020),CH,Switzerland,2015,5371,
EU27_2020,European Union - 27 countries (from 2020),CH,Switzerland,2016,5156,
EU27_2020,European Union - 27 countries (from 2020),CH,Switzerland,2017,5234,
EU27_2020,European Union - 27 countries (from 2020),CH,Switzerland,2018,5406,
EU27_2020,European Union - 27 countries (from 2020),CH,Switzerland,2019,5909,
EU27_2020,European Union - 27 countries (from 2020),CH,Switzerland,2020,2423,
EU27_2020,European Union - 27 countries (from 2020),CH,Switzerland,2021,2810,
EU27_2020,European Union - 27 countries (from 2020),CH,Switzerland,2022,5705,
EU27_2020,European Union - 27 countries (from 2020),CH,Switzerland,2023,6549,
EU27_2020,European Union - 27 countries (from 2020),CH,Switzerland,2024,6209,
EU27_2020,European Union - 27 countries (from 2020),CH,Switzerland,2025,6569,
EU27_2020,European Union - 27 countries (from 2020),CZ,Czechia,2004,195,
EU27_2020,European Union - 27 countries (from 2020),CZ,Czechia,2005,581,
EU27_2020,European Union - 27 countries (from 2020),CZ,Czechia,2006,1059,
EU27_2020,European Union - 27 countries (from 2020),CZ,Czechia,2007,907,
EU27_2020,European Union - 27 countries (from 2020),CZ,Czechia,2008,1154,
EU27_2020,European Union - 27 countries (from 2020),CZ,Czechia,2009,864,
EU27_2020,European Union - 27 countries (from 2020),CZ,Czechia,2010,1103,
EU27_2020,European Union - 27 countries (from 2020),CZ,Czechia,2011,1183,
EU27_2020,European Union - 27 countries (from 2020),CZ,Czechia,2012,1418,
EU27_2020,European Union - 27 countries (from 2020),CZ,Czechia,2013,1691,
EU27_2020,European Union - 27 countries (from 2020),CZ,Czechia,2014,1716,
EU27_2020,European Union - 27 countries (from 2020),CZ,Czechia,2015,2141,
EU27_2020,European Union - 27 countries (from 2020),CZ,Czechia,2016,2255,
EU27_2020,European Union - 27 countries (from 2020),CZ,Czechia,2017,2838,
EU27_2020,European Union - 27 countries (from 2020),CZ,Czechia,2018,3360,
EU27_2020,European Union - 27 countries (from 2020),CZ,Czechia,2019,3628,
EU27_2020,European Union - 27 countries (from 2020),CZ,Czechia,2020,1273,
EU27_2020,European Union - 27 countries (from 2020),CZ,Czechia,2021,1449,
EU27_2020,European Union - 27 countries (from 2020),CZ,Czechia,2022,3764,
EU27_2020,European Union - 27 countries (from 2020),CZ,Czechia,2023,3909,
EU27_2020,European Union - 27 countries (from 2020),CZ,Czechia,2024,4319,
EU27_2020,European Union - 27 countries (from 2020),CZ,Czechia,2025,3946,
EU27_2020,European Union - 27 countries (from 2020),DE,Germany,2004,3839,
EU27_2020,European Union - 27 countries (from 2020),DE,Germany,2005,2864,
EU27_2020,European Union - 27 countries (from 2020),DE,Germany,2006,3024,
EU27_2020,European Union - 27 countries (from 2020),DE,Germany,2007,2999,
EU27_2020,European Union - 27 countries (from 2020),DE,Germany,2008,3264,
EU27_2020,European Union - 27 countries (from 2020),DE,Germany,2009,3524,
EU27_2020,European Union - 27 countries (from 2020),DE,Germany,2010,3554,
EU27_2020,European Union - 27 countries (from 2020),DE,Germany,2011,5061,
EU27_2020,European Union - 27 countries (from 2020),DE,Germany,2012,4529,
EU27_2020,European Union - 27 countries (from 2020),DE,Germany,2013,4499,
EU27_2020,European Union - 27 countries (from 2020),DE,Germany,2014,4596,
EU27_2020,European Union - 27 countries (from 2020),DE,Germany,2015,4679,
EU27_2020,European Union - 27 countries (from 2020),DE,Germany,2016,5215,
EU27_2020,European Union - 27 countries (from 2020),DE,Germany,2017,5634,
EU27_2020,European Union - 27 countries (from 2020),DE,Germany,2018,6002,
EU27_2020,European Union - 27 countries (from 2020),DE,Germany,2019,5557,
EU27_2020,European Union - 27 countries (from 2020),DE,Germany,2020,4355,
EU27_2020,European Union - 27 countries (from 2020),DE,Germany,2021,2956,
EU27_2020,European Union - 27 countries (from 2020),DE,Germany,2022,6286,
EU27_2020,European Union - 27 countries (from 2020),DE,Germany,2023,7245,
EU27_2020,European Union - 27 countries (from 2020),DE,Germany,2024,7937,
EU27_2020,European Union - 27 countries (from 2020),DE,Germany,2025,8175,
EU27_2020,European Union - 27 countries (from 2020),DK,Denmark,2004,3108,
EU27_2020,European Union - 27 countries (from 2020),DK,Denmark,2005,4519,
EU27_2020,European Union - 27 countries (from 2020),DK,Denmark,2006,4178,
EU27_2020,European Union - 27 countries (from 2020),DK,Denmark,2007,5032,
EU27_2020,European Union - 27 countries (from 2020),DK,Denmark,2008,5735,
EU27_2020,European Union - 27 countries (from 2020),DK,Denmark,2009,5890,
EU27_2020,European Union - 27 countries (from 2020),DK,Denmark,2010,5784,
EU27_2020,European Union - 27 countries (from 2020),DK,Denmark,2011,5757,
EU27_2020,European Union - 27 countries (from 2020),DK,Denmark,2012,6027,
EU27_2020,European Union - 27 countries (from 2020),DK,Denmark,2013,6162,
EU27_2020,European Union - 27 countries (from 2020),DK,Denmark,2014,6189,
EU27_2020,European Union - 27 countries (from 2020),DK,Denmark,2015,6511,
EU27_2020,European Union - 27 countries (from 2020),DK,Denmark,2016,6190,
EU27_2020,European Union - 27 countries (from 2020),DK,Denmark,2017,6195,
EU27_2020,European Union - 27 countries (from 2020),DK,Denmark,2018,6479,
EU27_2020,European Union - 27 countries (from 2020),DK,Denmark,2019,6944,
EU27_2020,European Union - 27 countries (from 2020),DK,Denmark,2020,2733,
EU27_2020,European Union - 27 countries (from 2020),DK,Denmark,2021,3182,
EU27_2020,European Union - 27 countries (from 2020),DK,Denmark,2022,6942,
EU27_2020,European Union - 27 countries (from 2020),DK,Denmark,2023,8462,
EU27_2020,European Union - 27 countries (from 2020),DK,Denmark,2024,8680,
EU27_2020,European Union - 27 countries (from 2020),DK,Denmark,2025,9094,
EU27_2020,European Union - 27 countries (from 2020),EE,Estonia,2024,9,
EU27_2020,European Union - 27 countries (from 2020),EE,Estonia,2025,16,
EU27_2020,European Union - 27 countries (from 2020),EL,Greece,2004,10,
EU27_2020,European Union - 27 countries (from 2020),EL,Greece,2005,13,
EU27_2020,European Union - 27 countries (from 2020),EL,Greece,2006,24,
EU27_2020,European Union - 27 countries (from 2020),EL,Greece,2007,9,
EU27_2020,European Union - 27 countries (from 2020),EL,Greece,2008,0,
EU27_2020,European Union - 27 countries (from 2020),EL,Greece,2009,6,
EU27_2020,European Union - 27 countries (from 2020),EL,Greece,2010,5,
EU27_2020,European Union - 27 countries (from 2020),EL,Greece,2011,5,
EU27_2020,European Union - 27 countries (from 2020),EL,Greece,2012,0,
EU27_2020,European Union - 27 countries (from 2020),EL,Greece,2013,2,
EU27_2020,European Union - 27 countries (from 2020),EL,Greece,2014,14,
EU27_2020,European Union - 27 countries (from 2020),EL,Greece,2015,6,
EU27_2020,European Union - 27 countries (from 2020),EL,Greece,2016,6,
EU27_2020,European Union - 27 countries (from 2020),EL,Greece,2017,7,
EU27_2020,European Union - 27 countries (from 2020),EL,Greece,2018,3,
EU27_2020,European Union - 27 countries (from 2020),EL,Greece,2019,2,
EU27_2020,European Union - 27 countries (from 2020),EL,Greece,2020,0,
EU27_2020,European Union - 27 countries (from 2020),ES,Spain,2004,399,
EU27_2020,European Union - 27 countries (from 2020),ES,Spain,2005,394,
EU27_2020,European Union - 27 countries (from 2020),ES,Spain,2006,398,
EU27_2020,European Union - 27 countries (from 2020),ES,Spain,2007,333,
EU27_2020,European Union - 27 countries (from 2020),ES,Spain,2008,366,
EU27_2020,European Union - 27 countries (from 2020),ES,Spain,2009,323,
EU27_2020,European Union - 27 countries (from 2020),ES,Spain,2010,337,
EU27_2020,European Union - 27 countries (from 2020),ES,Spain,2011,233,
EU27_2020,European Union - 27 countries (from 2020),ES,Spain,2012,216,
EU27_2020,European Union - 27 countries (from 2020),ES,Spain,2013,195,
EU27_2020,European Union - 27 countries (from 2020),ES,Spain,2014,516,
EU27_2020,European Union - 27 countries (from 2020),ES,Spain,2015,507,
EU27_2020,European Union - 27 countries (from 2020),ES,Spain,2016,541,
EU27_2020,European Union - 27 countries (from 2020),ES,Spain,2017,531,
EU27_2020,European Union - 27 countries (from 2020),ES,Spain,2018,505,
EU27_2020,European Union - 27 countries (from 2020),ES,Spain,2019,520,
EU27_2020,European Union - 27 countries (from 2020),ES,Spain,2020,135,
EU27_2020,European Union - 27 countries (from 2020),ES,Spain,2021,191,
EU27_2020,European Union - 27 countries (from 2020),ES,Spain,2022,392,
EU27_2020,European Union - 27 countries (from 2020),ES,Spain,2023,492,
EU27_2020,European Union - 27 countries (from 2020),ES,Spain,2024,658,
EU27_2020,European Union - 27 countries (from 2020),ES,Spain,2025,627,
EU27_2020,European Union - 27 countries (from 2020),FR,France,2004,2636,
EU27_2020,European Union - 27 countries (from 2020),FR,France,2005,6111,
EU27_2020,European Union - 27 countries (from 2020),FR,France,2006,5592,
EU27_2020,European Union - 27 countries (from 2020),FR,France,2007,5538,
EU27_2020,European Union - 27 countries (from 2020),FR,France,2008,5550,
EU27_2020,European Union - 27 countries (from 2020),FR,France,2009,7489,
EU27_2020,European Union - 27 countries (from 2020),HR,Croatia,2004,205,
EU27_2020,European Union - 27 countries (from 2020),HR,Croatia,2005,192,
EU27_2020,European Union - 27 countries (from 2020),HR,Croatia,2006,198,
EU27_2020,European Union - 27 countries (from 2020),HR,Croatia,2007,192,
EU27_2020,European Union - 27 countries (from 2020),HR,Croatia,2008,201,
EU27_2020,European Union - 27 countries (from 2020),HR,Croatia,2009,199,
EU27_2020,European Union - 27 countries (from 2020),HR,Croatia,2010,180,
EU27_2020,European Union - 27 countries (from 2020),HR,Croatia,2011,188,
EU27_2020,European Union - 27 countries (from 2020),HR,Croatia,2012,183,
EU27_2020,European Union - 27 countries (from 2020),HR,Croatia,2013,170,
EU27_2020,European Union - 27 countries (from 2020),HR,Croatia,2014,154,
EU27_2020,European Union - 27 countries (from 2020),HR,Croatia,2015,144,
EU27_2020,European Union - 27 countries (from 2020),HR,Croatia,2016,133,
EU27_2020,European Union - 27 countries (from 2020),HR,Croatia,2017,150,
EU27_2020,European Union - 27 countries (from 2020),HR,Croatia,2018,145,
EU27_2020,European Union - 27 countries (from 2020),HR,Croatia,2019,145,
EU27_2020,European Union - 27 countries (from 2020),HR,Croatia,2020,66,
EU27_2020,European Union - 27 countries (from 2020),HR,Croatia,2021,104,
EU27_2020,European Union - 27 countries (from 2020),HR,Croatia,2022,181,
EU27_2020,European Union - 27 countries (from 2020),HR,Croatia,2023,156,
EU27_2020,European Union - 27 countries (from 2020),HR,Croatia,2024,146,
EU27_2020,European Union - 27 countries (from 2020),HR,Croatia,2025,130,
EU27_2020,European Union - 27 countries (from 2020),HU,Hungary,2004,689,
EU27_2020,European Union - 27 countries (from 2020),HU,Hungary,2005,994,
EU27_2020,European Union - 27 countries (from 2020),HU,Hungary,2006,956,
EU27_2020,European Union - 27 countries (from 2020),HU,Hungary,2007,915,
EU27_2020,European Union - 27 countries (from 2020),HU,Hungary,2008,966,
EU27_2020,European Union - 27 countries (from 2020),HU,Hungary,2009,974,
EU27_2020,European Union - 27 countries (from 2020),HU,Hungary,2010,996,
EU27_2020,European Union - 27 countries (from 2020),HU,Hungary,2011,1158,
EU27_2020,European Union - 27 countries (from 2020),HU,Hungary,2012,1300,
EU27_2020,European Union - 27 countries (from 2020),HU,Hungary,2013,1288,
EU27_2020,European Union - 27 countries (from 2020),HU,Hungary,2014,1137,
EU27_2020,European Union - 27 countries (from 2020),IT,Italy,2004,1431,
EU27_2020,European Union - 27 countries (from 2020),IT,Italy,2005,1601,
EU27_2020,European Union - 27 countries (from 2020),IT,Italy,2006,1752,
EU27_2020,European Union - 27 countries (from 2020),IT,Italy,2007,1516,
EU27_2020,European Union - 27 countries (from 2020),IT,Italy,2022,1273,
EU27_2020,European Union - 27 countries (from 2020),IT,Italy,2023,1107,
EU27_2020,European Union - 27 countries (from 2020),IT,Italy,2024,888,
EU27_2020,European Union - 27 countries (from 2020),IT,Italy,2025,1175,
EU27_2020,European Union - 27 countries (from 2020),LT,Lithuania,2004,14,
EU27_2020,European Union - 27 countries (from 2020),LT,Lithuania,2005,8,
EU27_2020,European Union - 27 countries (from 2020),LT,Lithuania,2006,8,
EU27_2020,European Union - 27 countries (from 2020),LT,Lithuania,2007,9,
EU27_2020,European Union - 27 countries (from 2020),LT,Lithuania,2010,5,
EU27_2020,European Union - 27 countries (from 2020),LT,Lithuania,2011,5,
EU27_2020,European Union - 27 countries (from 2020),LT,Lithuania,2012,4,
EU27_2020,European Union - 27 countries (from 2020),LT,Lithuania,2013,3,
EU27_2020,European Union - 27 countries (from 2020),LT,Lithuania,2014,0,
EU27_2020,European Union - 27 countries (from 2020),LT,Lithuania,2015,0,
EU27_2020,European Union - 27 countries (from 2020),LT,Lithuania,2016,2,
EU27_2020,European Union - 27 countries (from 2020),LT,Lithuania,2017,2,
EU27_2020,European Union - 27 countries (from 2020),LT,Lithuania,2018,6,
EU27_2020,European Union - 27 countries (from 2020),LT,Lithuania,2019,7,
EU27_2020,European Union - 27 countries (from 2020),LT,Lithuania,2020,1,
EU27_2020,European Union - 27 countries (from 2020),LT,Lithuania,2021,0,
EU27_2020,European Union - 27 countries (from 2020),LT,Lithuania,2022,2,
EU27_2020,European Union - 27 countries (from 2020),LT,Lithuania,2023,18,
EU27_2020,European Union - 27 countries (from 2020),LT,Lithuania,2024,51,
EU27_2020,European Union - 27 countries (from 2020),LT,Lithuania,2025,57,
EU27_2020,European Union - 27 countries (from 2020),LU,Luxembourg,2004,1802,
EU27_2020,European Union - 27 countries (from 2020),LU,Luxembourg,2005,1876,
EU27_2020,European Union - 27 countries (from 2020),LU,Luxembourg,2006,2067,
EU27_2020,European Union - 27 countries (from 2020),LU,Luxembourg,2007,2378,
EU27_2020,European Union - 27 countries (from 2020),LU,Luxembourg,2008,2461,
EU27_2020,European Union - 27 countries (from 2020),LU,Luxembourg,2009,2311,
EU27_2020,European Union - 27 countries (from 2020),LU,Luxembourg,2010,2783,
EU27_2020,European Union - 27 countries (from 2020),LU,Luxembourg,2011,2670,
EU27_2020,European Union - 27 countries (from 2020),LU,Luxembourg,2012,2760,
EU27_2020,European Union - 27 countries (from 2020),LU,Luxembourg,2013,2873,
EU27_2020,European Union - 27 countries (from 2020),LU,Luxembourg,2014,2971,
EU27_2020,European Union - 27 countries (from 2020),LU,Luxembourg,2015,3110,
EU27_2020,European Union - 27 countries (from 2020),LU,Luxembourg,2016,3172,
EU27_2020,European Union - 27 countries (from 2020),LU,Luxembourg,2017,3133,
EU27_2020,European Union - 27 countries (from 2020),LU,Luxembourg,2018,3210,
EU27_2020,European Union - 27 countries (from 2020),LU,Luxembourg,2019,3756,
EU27_2020,European Union - 27 countries (from 2020),LU,Luxembourg,2020,1980,
EU27_2020,European Union - 27 countries (from 2020),LU,Luxembourg,2021,2085,
EU27_2020,European Union - 27 countries (from 2020),LU,Luxembourg,2022,3056,
EU27_2020,European Union - 27 countries (from 2020),LU,Luxembourg,2023,4476,
EU27_2020,European Union - 27 countries (from 2020),LU,Luxembourg,2024,4726,
EU27_2020,European Union - 27 countries (from 2020),LU,Luxembourg,2025,4713,
EU27_2020,European Union - 27 countries (from 2020),LV,Latvia,2004,1,
EU27_2020,European Union - 27 countries (from 2020),LV,Latvia,2005,1,
EU27_2020,European Union - 27 countries (from 2020),LV,Latvia,2006,2,
EU27_2020,European Union - 27 countries (from 2020),LV,Latvia,2007,1,
EU27_2020,European Union - 27 countries (from 2020),LV,Latvia,2008,3,
EU27_2020,European Union - 27 countries (from 2020),LV,Latvia,2009,6,
EU27_2020,European Union - 27 countries (from 2020),LV,Latvia,2010,6,
EU27_2020,European Union - 27 countries (from 2020),LV,Latvia,2011,7,
EU27_2020,European Union - 27 countries (from 2020),LV,Latvia,2012,7,
EU27_2020,European Union - 27 countries (from 2020),LV,Latvia,2013,7,
EU27_2020,European Union - 27 countries (from 2020),LV,Latvia,2014,8,
EU27_2020,European Union - 27 countries (from 2020),LV,Latvia,2015,6,
EU27_2020,European Union - 27 countries (from 2020),LV,Latvia,2016,5,
EU27_2020,European Union - 27 countries (from 2020),LV,Latvia,2017,7,
EU27_2020,European Union - 27 countries (from 2020),LV,Latvia,2018,6,
EU27_2020,European Union - 27 countries (from 2020),LV,Latvia,2019,7,
EU27_2020,European Union - 27 countries (from 2020),LV,Latvia,2020,4,
EU27_2020,European Union - 27 countries (from 2020),LV,Latvia,2021,2,
EU27_2020,European Union - 27 countries (from 2020),LV,Latvia,2022,7,
EU27_2020,European Union - 27 countries (from 2020),LV,Latvia,2023,8,
EU27_2020,European Union - 27 countries (from 2020),LV,Latvia,2024,38,
EU27_2020,European Union - 27 countries (from 2020),LV,Latvia,2025,49,
EU27_2020,European Union - 27 countries (from 2020),MK,North Macedonia,2009,2,
EU27_2020,European Union - 27 countries (from 2020),MK,North Macedonia,2010,2,
EU27_2020,European Union - 27 countries (from 2020),MK,North Macedonia,2011,0,
EU27_2020,European Union - 27 countries (from 2020),MK,North Macedonia,2012,0,
EU27_2020,European Union - 27 countries (from 2020),MK,North Macedonia,2013,0,
EU27_2020,European Union - 27 countries (from 2020),MK,North Macedonia,2014,0,
EU27_2020,European Union - 27 countries (from 2020),MK,North Macedonia,2015,1,
EU27_2020,European Union - 27 countries (from 2020),MK,North Macedonia,2016,0,
EU27_2020,European Union - 27 countries (from 2020),MK,North Macedonia,2017,0,
EU27_2020,European Union - 27 countries (from 2020),MK,North Macedonia,2018,0,
EU27_2020,European Union - 27 countries (from 2020),MK,North Macedonia,2019,1,
EU27_2020,European Union - 27 countries (from 2020),MK,North Macedonia,2020,0,
EU27_2020,European Union - 27 countries (from 2020),MK,North Macedonia,2021,0,
EU27_2020,European Union - 27 countries (from 2020),NL,Netherlands,2004,2326,
EU27_2020,European Union - 27 countries (from 2020),NL,Netherlands,2005,2335,
EU27_2020,European Union - 27 countries (from 2020),NL,Netherlands,2006,2217,
EU27_2020,European Union - 27 countries (from 2020),NL,Netherlands,2007,2927,
EU27_2020,European Union - 27 countries (from 2020),NO,Norway,2005,135,
EU27_2020,European Union - 27 countries (from 2020),NO,Norway,2006,142,
EU27_2020,European Union - 27 countries (from 2020),NO,Norway,2007,74,
EU27_2020,European Union - 27 countries (from 2020),NO,Norway,2008,110,
EU27_2020,European Union - 27 countries (from 2020),NO,Norway,2009,106,
EU27_2020,European Union - 27 countries (from 2020),NO,Norway,2010,253,
EU27_2020,European Union - 27 countries (from 2020),NO,Norway,2011,222,
EU27_2020,European Union - 27 countries (from 2020),NO,Norway,2012,238,
EU27_2020,European Union - 27 countries (from 2020),NO,Norway,2013,245,
EU27_2020,European Union - 27 countries (from 2020),NO,Norway,2014,238,
EU27_2020,European Union - 27 countries (from 2020),NO,Norway,2015,250,
EU27_2020,European Union - 27 countries (from 2020),NO,Norway,2016,268,
EU27_2020,European Union - 27 countries (from 2020),NO,Norway,2017,292,
EU27_2020,European Union - 27 countries (from 2020),NO,Norway,2018,221,
EU27_2020,European Union - 27 countries (from 2020),NO,Norway,2019,248,
EU27_2020,European Union - 27 countries (from 2020),NO,Norway,2020,38,
EU27_2020,European Union - 27 countries (from 2020),NO,Norway,2021,12,
EU27_2020,European Union - 27 countries (from 2020),NO,Norway,2022,149,
EU27_2020,European Union - 27 countries (from 2020),NO,Norway,2023,228,
EU27_2020,European Union - 27 countries (from 2020),NO,Norway,2024,298,
EU27_2020,European Union - 27 countries (from 2020),NO,Norway,2025,318,
EU27_2020,European Union - 27 countries (from 2020),PL,Poland,2004,691,
EU27_2020,European Union - 27 countries (from 2020),PL,Poland,2005,630,
EU27_2020,European Union - 27 countries (from 2020),PL,Poland,2006,577,
EU27_2020,European Union - 27 countries (from 2020),PL,Poland,2007,580,
EU27_2020,European Union - 27 countries (from 2020),PL,Poland,2008,568,
EU27_2020,European Union - 27 countries (from 2020),PL,Poland,2009,546,
EU27_2020,European Union - 27 countries (from 2020),PL,Poland,2010,708,
EU27_2020,European Union - 27 countries (from 2020),PL,Poland,2011,788,
EU27_2020,European Union - 27 countries (from 2020),PL,Poland,2012,703,
EU27_2020,European Union - 27 countries (from 2020),PL,Poland,2013,702,
EU27_2020,European Union - 27 countries (from 2020),PL,Poland,2014,607,
EU27_2020,European Union - 27 countries (from 2020),PL,Poland,2015,512,
EU27_2020,European Union - 27 countries (from 2020),PL,Poland,2016,503,
EU27_2020,European Union - 27 countries (from 2020),PL,Poland,2017,573,
EU27_2020,European Union - 27 countries (from 2020),PL,Poland,2018,618,
EU27_2020,European Union - 27 countries (from 2020),PL,Poland,2025,1848,
EU27_2020,European Union - 27 countries (from 2020),PT,Portugal,2004,194,
EU27_2020,European Union - 27 countries (from 2020),PT,Portugal,2005,88,
EU27_2020,European Union - 27 countries (from 2020),PT,Portugal,2006,85,
EU27_2020,European Union - 27 countries (from 2020),PT,Portugal,2007,103,
EU27_2020,European Union - 27 countries (from 2020),PT,Portugal,2008,76,
EU27_2020,European Union - 27 countries (from 2020),PT,Portugal,2009,63,
EU27_2020,European Union - 27 countries (from 2020),PT,Portugal,2010,61,
EU27_2020,European Union - 27 countries (from 2020),PT,Portugal,2011,59,
EU27_2020,European Union - 27 countries (from 2020),PT,Portugal,2012,64,
EU27_2020,European Union - 27 countries (from 2020),PT,Portugal,2013,67,
EU27_2020,European Union - 27 countries (from 2020),PT,Portugal,2014,78,
EU27_2020,European Union - 27 countries (from 2020),PT,Portugal,2015,115,
EU27_2020,European Union - 27 countries (from 2020),PT,Portugal,2016,120,
EU27_2020,European Union - 27 countries (from 2020),PT,Portugal,2017,128,
EU27_2020,European Union - 27 countries (from 2020),PT,Portugal,2018,85,
EU27_2020,European Union - 27 countries (from 2020),PT,Portugal,2019,85,
EU27_2020,European Union - 27 countries (from 2020),PT,Portugal,2020,12,
EU27_2020,European Union - 27 countries (from 2020),PT,Portugal,2021,13,
EU27_2020,European Union - 27 countries (from 2020),PT,Portugal,2022,60,
EU27_2020,European Union - 27 countries (from 2020),PT,Portugal,2023,63,
EU27_2020,European Union - 27 countries (from 2020),PT,Portugal,2024,61,
EU27_2020,European Union - 27 countries (from 2020),PT,Portugal,2025,52,
EU27_2020,European Union - 27 countries (from 2020),RO,Romania,2004,146,
EU27_2020,European Union - 27 countries (from 2020),RO,Romania,2005,148,
EU27_2020,European Union - 27 countries (from 2020),RO,Romania,2006,137,
EU27_2020,European Union - 27 countries (from 2020),RO,Romania,2007,138,
EU27_2020,European Union - 27 countries (from 2020),RO,Romania,2008,161,
EU27_2020,European Union - 27 countries (from 2020),RO,Romania,2009,147,
EU27_2020,European Union - 27 countries (from 2020),RO,Romania,2010,213,
EU27_2020,European Union - 27 countries (from 2020),RO,Romania,2011,34,
EU27_2020,European Union - 27 countries (from 2020),RO,Romania,2012,31,
EU27_2020,European Union - 27 countries (from 2020),RO,Romania,2013,74,
EU27_2020,European Union - 27 countries (from 2020),RO,Romania,2014,80,
EU27_2020,European Union - 27 countries (from 2020),RO,Romania,2015,80,
EU27_2020,European Union - 27 countries (from 2020),RO,Romania,2016,77,
EU27_2020,European Union - 27 countries (from 2020),RO,Romania,2017,84,
EU27_2020,European Union - 27 countries (from 2020),RO,Romania,2018,90,
EU27_2020,European Union - 27 countries (from 2020),RO,Romania,2019,90,
EU27_2020,European Union - 27 countries (from 2020),RO,Romania,2020,36,
EU27_2020,European Union - 27 countries (from 2020),RO,Romania,2021,51,
EU27_2020,European Union - 27 countries (from 2020),RO,Romania,2022,114,
EU27_2020,European Union - 27 countries (from 2020),RO,Romania,2023,160,
EU27_2020,European Union - 27 countries (from 2020),RO,Romania,2024,134,
EU27_2020,European Union - 27 countries (from 2020),RO,Romania,2025,124,
EU27_2020,European Union - 27 countries (from 2020),SE,Sweden,2004,3499,
EU27_2020,European Union - 27 countries (from 2020),SE,Sweden,2005,3642,
EU27_2020,European Union - 27 countries (from 2020),SE,Sweden,2006,4126,
EU27_2020,European Union - 27 countries (from 2020),SE,Sweden,2007,5023,
EU27_2020,European Union - 27 countries (from 2020),SE,Sweden,2008,5448,
EU27_2020,European Union - 27 countries (from 2020),SE,Sweden,2009,5609,
EU27_2020,European Union - 27 countries (from 2020),SE,Sweden,2010,5258,
EU27_2020,European Union - 27 countries (from 2020),SE,Sweden,2011,5398,
EU27_2020,European Union - 27 countries (from 2020),SE,Sweden,2012,5662,
EU27_2020,European Union - 27 countries (from 2020),SE,Sweden,2013,5889,
EU27_2020,European Union - 27 countries (from 2020),SE,Sweden,2014,5894,
EU27_2020,European Union - 27 countries (from 2020),SE,Sweden,2015,6097,
EU27_2020,European Union - 27 countries (from 2020),SE,Sweden,2016,5736,
EU27_2020,European Union - 27 countries (from 2020),SE,Sweden,2017,5807,
EU27_2020,European Union - 27 countries (from 2020),SE,Sweden,2018,5355,
EU27_2020,European Union - 27 countries (from 2020),SE,Sweden,2019,6005,
EU27_2020,European Union - 27 countries (from 2020),SE,Sweden,2020,2344,
EU27_2020,European Union - 27 countries (from 2020),SE,Sweden,2021,2763,
EU27_2020,European Union - 27 countries (from 2020),SI,Slovenia,2004,233,
EU27_2020,European Union - 27 countries (from 2020),SI,Slovenia,2005,237,
EU27_2020,European Union - 27 countries (from 2020),SI,Slovenia,2006,217,
EU27_2020,European Union - 27 countries (from 2020),SI,Slovenia,2007,223,
EU27_2020,European Union - 27 countries (from 2020),SI,Slovenia,2008,205,
EU27_2020,European Union - 27 countries (from 2020),SI,Slovenia,2009,253,
EU27_2020,European Union - 27 countries (from 2020),SI,Slovenia,2010,215,
EU27_2020,European Union - 27 countries (from 2020),SI,Slovenia,2011,209,
EU27_2020,European Union - 27 countries (from 2020),SI,Slovenia,2012,205,
EU27_2020,European Union - 27 countries (from 2020),SI,Slovenia,2013,197,
EU27_2020,European Union - 27 countries (from 2020),SI,Slovenia,2014,178,
EU27_2020,European Union - 27 countries (from 2020),SI,Slovenia,2015,145,
EU27_2020,European Union - 27 countries (from 2020),SI,Slovenia,2016,139,
EU27_2020,European Union - 27 countries (from 2020),SI,Slovenia,2017,162,
EU27_2020,European Union - 27 countries (from 2020),SI,Slovenia,2018,178,
EU27_2020,European Union - 27 countries (from 2020),SI,Slovenia,2019,214,
EU27_2020,European Union - 27 countries (from 2020),SI,Slovenia,2020,33,
EU27_2020,European Union - 27 countries (from 2020),SI,Slovenia,2021,52,
EU27_2020,European Union - 27 countries (from 2020),SI,Slovenia,2022,131,
EU27_2020,European Union - 27 countries (from 2020),SI,Slovenia,2023,304,
EU27_2020,European Union - 27 countries (from 2020),SI,Slovenia,2024,363,
EU27_2020,European Union - 27 countries (from 2020),SI,Slovenia,2025,356,
EU27_2020,European Union - 27 countries (from 2020),SK,Slovakia,2004,731,
EU27_2020,European Union - 27 countries (from 2020),SK,Slovakia,2005,863,
EU27_2020,European Union - 27 countries (from 2020),SK,Slovakia,2006,1233,
EU27_2020,European Union - 27 countries (from 2020),SK,Slovakia,2007,1496,
EU27_2020,European Union - 27 countries (from 2020),SK,Slovakia,2008,1544,
EU27_2020,European Union - 27 countries (from 2020),SK,Slovakia,2009,1427,
EU27_2020,European Union - 27 countries (from 2020),SK,Slovakia,2010,857,
EU27_2020,European Union - 27 countries (from 2020),SK,Slovakia,2011,1452,
EU27_2020,European Union - 27 countries (from 2020),SK,Slovakia,2012,1522,
EU27_2020,European Union - 27 countries (from 2020),SK,Slovakia,2013,1563,
EU27_2020,European Union - 27 countries (from 2020),SK,Slovakia,2014,1608,
EU27_2020,European Union - 27 countries (from 2020),SK,Slovakia,2015,1575,
EU27_2020,European Union - 27 countries (from 2020),SK,Slovakia,2016,1585,
EU27_2020,European Union - 27 countries (from 2020),SK,Slovakia,2017,1625,
EU27_2020,European Union - 27 countries (from 2020),SK,Slovakia,2018,1792,
EU27_2020,European Union - 27 countries (from 2020),SK,Slovakia,2019,1905,
EU27_2020,European Union - 27 countries (from 2020),SK,Slovakia,2020,670,
EU27_2020,European Union - 27 countries (from 2020),SK,Slovakia,2021,1017,
EU27_2020,European Union - 27 countries (from 2020),SK,Slovakia,2022,2041,
EU27_2020,European Union - 27 countries (from 2020),TR,Türkiye,2004,46,
EU27_2020,European Union - 27 countries (from 2020),TR,Türkiye,2005,70,
EU27_2020,European Union - 27 countries (from 2020),TR,Türkiye,2006,60,
EU27_2020,European Union - 27 countries (from 2020),TR,Türkiye,2007,121,
EU27_2020,European Union - 27 countries (from 2020),TR,Türkiye,2008,175,
EU27_2020,European Union - 27 countries (from 2020),TR,Türkiye,2009,132,
EU27_2020,European Union - 27 countries (from 2020),TR,Türkiye,2010,110,
EU27_2020,European Union - 27 countries (from 2020),TR,Türkiye,2011,127,
EU27_2020,European Union - 27 countries (from 2020),TR,Türkiye,2012,101,
EU27_2020,European Union - 27 countries (from 2020),TR,Türkiye,2013,79,
EU27_2020,European Union - 27 countries (from 2020),TR,Türkiye,2014,92,
EU27_2020,European Union - 27 countries (from 2020),TR,Türkiye,2015,88,
EU27_2020,European Union - 27 countries (from 2020),TR,Türkiye,2016,7,
EU27_2020,European Union - 27 countries (from 2020),TR,Türkiye,2017,5,
EU27_2020,European Union - 27 countries (from 2020),TR,Türkiye,2018,1,
EU27_2020,European Union - 27 countries (from 2020),TR,Türkiye,2019,2,
EU27_2020,European Union - 27 countries (from 2020),TR,Türkiye,2020,0,
EU27_2020,European Union - 27 countries (from 2020),TR,Türkiye,2025,16,
EU27_2020,European Union - 27 countries (from 2020),UA,Ukraine,2025,1026,
EU27_2020,European Union - 27 countries (from 2020),UK,United Kingdom,2004,7932,
EU27_2020,European Union - 27 countries (from 2020),UK,United Kingdom,2005,8170,
EU27_2020,European Union - 27 countries (from 2020),UK,United Kingdom,2006,8171,
EU27_2020,European Union - 27 countries (from 2020),UK,United Kingdom,2007,8533,
EU27_2020,European Union - 27 countries (from 2020),UK,United Kingdom,2008,8576,
EU27_2020,European Union - 27 countries (from 2020),UK,United Kingdom,2009,8404,
EU27_2020,European Union - 27 countries (from 2020),UK,United Kingdom,2010,8918,
EU27_2020,European Union - 27 countries (from 2020),UK,United Kingdom,2011,9125,
EU27_2020,European Union - 27 countries (from 2020),UK,United Kingdom,2012,9532,
EU27_2020,European Union - 27 countries (from 2020),UK,United Kingdom,2013,9821,
EU27_2020,European Union - 27 countries (from 2020),UK,United Kingdom,2014,10055,
EU27_2020,European Union - 27 countries (from 2020),UK,United Kingdom,2015,9924,
EU27_2020,European Union - 27 countries (from 2020),UK,United Kingdom,2016,9714,
EU27_2020,European Union - 27 countries (from 2020),UK,United Kingdom,2017,9824,
EU27_2020,European Union - 27 countries (from 2020),UK,United Kingdom,2018,10261,
EU27_2020,European Union - 27 countries (from 2020),UK,United Kingdom,2019,10271,
EU28,European Union - 28 countries (2013-2020),BE,Belgium,2004,1353,
EU28,European Union - 28 countries (2013-2020),BE,Belgium,2005,2719,
EU28,European Union - 28 countries (2013-2020),BE,Belgium,2006,3652,
EU28,European Union - 28 countries (2013-2020),BE,Belgium,2007,4034,
EU28,European Union - 28 countries (2013-2020),BE,Belgium,2008,5299,
EU28,European Union - 28 countries (2013-2020),BE,Belgium,2009,5665,
EU28,European Union - 28 countries (2013-2020),BE,Belgium,2010,5650,
EU28,European Union - 28 countries (2013-2020),BE,Belgium,2011,5650,
EU28,European Union - 28 countries (2013-2020),BG,Bulgaria,2006,66,
EU28,European Union - 28 countries (2013-2020),BG,Bulgaria,2007,120,
EU28,European Union - 28 countries (2013-2020),BG,Bulgaria,2008,280,
EU28,European Union - 28 countries (2013-2020),BG,Bulgaria,2009,283,
EU28,European Union - 28 countries (2013-2020),BG,Bulgaria,2010,269,
EU28,European Union - 28 countries (2013-2020),BG,Bulgaria,2011,258,
EU28,European Union - 28 countries (2013-2020),BG,Bulgaria,2012,227,
EU28,European Union - 28 countries (2013-2020),BG,Bulgaria,2013,207,
EU28,European Union - 28 countries (2013-2020),BG,Bulgaria,2014,215,
EU28,European Union - 28 countries (2013-2020),BG,Bulgaria,2015,165,
EU28,European Union - 28 countries (2013-2020),BG,Bulgaria,2016,452,
EU28,European Union - 28 countries (2013-2020),BG,Bulgaria,2017,721,
EU28,European Union - 28 countries (2013-2020),BG,Bulgaria,2018,738,
EU28,European Union - 28 countries (2013-2020),BG,Bulgaria,2019,960,
EU28,European Union - 28 countries (2013-2020),BG,Bulgaria,2020,279,
EU28,European Union - 28 countries (2013-2020),BG,Bulgaria,2021,253,
EU28,European Union - 28 countries (2013-2020),BG,Bulgaria,2022,1534,
EU28,European Union - 28 countries (2013-2020),BG,Bulgaria,2023,1975,
EU28,European Union - 28 countries (2013-2020),BG,Bulgaria,2024,1734,
EU28,European Union - 28 countries (2013-2020),BG,Bulgaria,2025,1830,
EU28,European Union - 28 countries (2013-2020),CH,Switzerland,2008,5579,
EU28,European Union - 28 countries (2013-2020),CH,Switzerland,2009,5298,
EU28,European Union - 28 countries (2013-2020),CH,Switzerland,2010,6018,
EU28,European Union - 28 countries (2013-2020),CH,Switzerland,2011,6084,
EU28,European Union - 28 countries (2013-2020),CH,Switzerland,2012,7014,
EU28,European Union - 28 countries (2013-2020),CH,Switzerland,2013,6861,
EU28,European Union - 28 countries (2013-2020),CH,Switzerland,2014,6706,
EU28,European Union - 28 countries (2013-2020),CH,Switzerland,2015,5383,
EU28,European Union - 28 countries (2013-2020),CH,Switzerland,2016,5168,
EU28,European Union - 28 countries (2013-2020),CH,Switzerland,2017,5246,
EU28,European Union - 28 countries (2013-2020),CH,Switzerland,2018,5419,
EU28,European Union - 28 countries (2013-2020),CH,Switzerland,2019,5923,
EU28,European Union - 28 countries (2013-2020),CH,Switzerland,2020,2428,
EU28,European Union - 28 countries (2013-2020),CH,Switzerland,2021,2817,
EU28,European Union - 28 countries (2013-2020),CH,Switzerland,2022,5718,
EU28,European Union - 28 countries (2013-2020),CH,Switzerland,2023,6564,
EU28,European Union - 28 countries (2013-2020),CH,Switzerland,2024,6223,
EU28,European Union - 28 countries (2013-2020),CH,Switzerland,2025,6584,
EU28,European Union - 28 countries (2013-2020),CZ,Czechia,2004,195,
EU28,European Union - 28 countries (2013-2020),CZ,Czechia,2005,581,
EU28,European Union - 28 countries (2013-2020),CZ,Czechia,2006,1059,
EU28,European Union - 28 countries (2013-2020),CZ,Czechia,2007,907,
EU28,European Union - 28 countries (2013-2020),CZ,Czechia,2008,1154,
EU28,European Union - 28 countries (2013-2020),CZ,Czechia,2009,864,
EU28,European Union - 28 countries (2013-2020),CZ,Czechia,2010,1103,
EU28,European Union - 28 countries (2013-2020),CZ,Czechia,2011,1183,
EU28,European Union - 28 countries (2013-2020),CZ,Czechia,2012,1418,
EU28,European Union - 28 countries (2013-2020),CZ,Czechia,2013,1691,
EU28,European Union - 28 countries (2013-2020),CZ,Czechia,2014,1716,
EU28,European Union - 28 countries (2013-2020),CZ,Czechia,2015,2141,
EU28,European Union - 28 countries (2013-2020),CZ,Czechia,2016,2255,
EU28,European Union - 28 countries (2013-2020),CZ,Czechia,2017,2838,
EU28,European Union - 28 countries (2013-2020),CZ,Czechia,2018,3360,
EU28,European Union - 28 countries (2013-2020),CZ,Czechia,2019,3628,
EU28,European Union - 28 countries (2013-2020),CZ,Czechia,2020,1273,
EU28,European Union - 28 countries (2013-2020),CZ,Czechia,2021,1449,
EU28,European Union - 28 countries (2013-2020),CZ,Czechia,2022,3764,
EU28,European Union - 28 countries (2013-2020),CZ,Czechia,2023,3909,
EU28,European Union - 28 countries (2013-2020),CZ,Czechia,2024,4319,
EU28,European Union - 28 countries (2013-2020),CZ,Czechia,2025,3946,
EU28,European Union - 28 countries (2013-2020),DE,Germany,2004,3840,
EU28,European Union - 28 countries (2013-2020),DE,Germany,2005,2867,
EU28,European Union - 28 countries (2013-2020),DE,Germany,2006,3027,
EU28,European Union - 28 countries (2013-2020),DE,Germany,2007,3009,
EU28,European Union - 28 countries (2013-2020),DE,Germany,2008,3276,
EU28,European Union - 28 countries (2013-2020),DE,Germany,2009,3524,
EU28,European Union - 28 countries (2013-2020),DE,Germany,2010,3554,
EU28,European Union - 28 countries (2013-2020),DE,Germany,2011,5061,
EU28,European Union - 28 countries (2013-2020),DE,Germany,2012,4529,
EU28,European Union - 28 countries (2013-2020),DE,Germany,2013,4499,
EU28,European Union - 28 countries (2013-2020),DE,Germany,2014,4596,
EU28,European Union - 28 countries (2013-2020),DE,Germany,2015,4679,
EU28,European Union - 28 countries (2013-2020),DE,Germany,2016,5215,
EU28,European Union - 28 countries (2013-2020),DE,Germany,2017,5634,
EU28,European Union - 28 countries (2013-2020),DE,Germany,2018,6002,
EU28,European Union - 28 countries (2013-2020),DE,Germany,2019,5557,
EU28,European Union - 28 countries (2013-2020),DE,Germany,2020,4355,
EU28,European Union - 28 countries (2013-2020),DE,Germany,2021,2956,
EU28,European Union - 28 countries (2013-2020),DE,Germany,2022,6286,
EU28,European Union - 28 countries (2013-2020),DE,Germany,2023,7245,
EU28,European Union - 28 countries (2013-2020),DE,Germany,2024,7937,
EU28,European Union - 28 countries (2013-2020),DE,Germany,2025,8175,
EU28,European Union - 28 countries (2013-2020),DK,Denmark,2004,3108,
EU28,European Union - 28 countries (2013-2020),DK,Denmark,2005,4519,
EU28,European Union - 28 countries (2013-2020),DK,Denmark,2006,4178,
EU28,European Union - 28 countries (2013-2020),DK,Denmark,2007,5032,
EU28,European Union - 28 countries (2013-2020),DK,Denmark,2008,5735,
EU28,European Union - 28 countries (2013-2020),DK,Denmark,2009,5890,
EU28,European Union - 28 countries (2013-2020),DK,Denmark,2010,5784,
EU28,European Union - 28 countries (2013-2020),DK,Denmark,2011,5757,
EU28,European Union - 28 countries (2013-2020),DK,Denmark,2012,6029,
EU28,European Union - 28 countries (2013-2020),DK,Denmark,2013,6162,
EU28,European Union - 28 countries (2013-2020),DK,Denmark,2014,6189,
EU28,European Union - 28 countries (2013-2020),DK,Denmark,2015,6511,
EU28,European Union - 28 countries (2013-2020),DK,Denmark,2016,6190,
EU28,European Union - 28 countries (2013-2020),DK,Denmark,2017,6195,
EU28,European Union - 28 countries (2013-2020),DK,Denmark,2018,6479,
EU28,European Union - 28 countries (2013-2020),DK,Denmark,2019,6944,
EU28,European Union - 28 countries (2013-2020),DK,Denmark,2020,2733,
EU28,European Union - 28 countries (2013-2020),DK,Denmark,2021,3182,
EU28,European Union - 28 countries (2013-2020),DK,Denmark,2022,6942,
EU28,European Union - 28 countries (2013-2020),DK,Denmark,2023,8462,
EU28,European Union - 28 countries (2013-2020),DK,Denmark,2024,8680,
EU28,European Union - 28 countries (2013-2020),DK,Denmark,2025,9094,
EU28,European Union - 28 countries (2013-2020),EE,Estonia,2024,9,
EU28,European Union - 28 countries (2013-2020),EE,Estonia,2025,16,
EU28,European Union - 28 countries (2013-2020),EL,Greece,2004,10,
EU28,European Union - 28 countries (2013-2020),EL,Greece,2005,13,
EU28,European Union - 28 countries (2013-2020),EL,Greece,2006,24,
EU28,European Union - 28 countries (2013-2020),EL,Greece,2007,9,
EU28,European Union - 28 countries (2013-2020),EL,Greece,2008,0,
EU28,European Union - 28 countries (2013-2020),EL,Greece,2009,6,
EU28,European Union - 28 countries (2013-2020),EL,Greece,2010,5,
EU28,European Union - 28 countries (2013-2020),EL,Greece,2011,5,
EU28,European Union - 28 countries (2013-2020),EL,Greece,2012,0,
EU28,European Union - 28 countries (2013-2020),EL,Greece,2013,2,
EU28,European Union - 28 countries (2013-2020),EL,Greece,2014,14,
EU28,European Union - 28 countries (2013-2020),EL,Greece,2015,6,
EU28,European Union - 28 countries (2013-2020),EL,Greece,2016,6,
EU28,European Union - 28 countries (2013-2020),EL,Greece,2017,7,
EU28,European Union - 28 countries (2013-2020),EL,Greece,2018,3,
EU28,European Union - 28 countries (2013-2020),EL,Greece,2019,2,
EU28,European Union - 28 countries (2013-2020),EL,Greece,2020,0,
EU28,European Union - 28 countries (2013-2020),ES,Spain,2004,399,
EU28,European Union - 28 countries (2013-2020),ES,Spain,2005,394,
EU28,European Union - 28 countries (2013-2020),ES,Spain,2006,398,
EU28,European Union - 28 countries (2013-2020),ES,Spain,2007,333,
EU28,European Union - 28 countries (2013-2020),ES,Spain,2008,366,
EU28,European Union - 28 countries (2013-2020),ES,Spain,2009,323,
EU28,European Union - 28 countries (2013-2020),ES,Spain,2010,337,
EU28,European Union - 28 countries (2013-2020),ES,Spain,2011,233,
EU28,European Union - 28 countries (2013-2020),ES,Spain,2012,216,
EU28,European Union - 28 countries (2013-2020),ES,Spain,2013,195,
EU28,European Union - 28 countries (2013-2020),ES,Spain,2014,516,
EU28,European Union - 28 countries (2013-2020),ES,Spain,2015,507,
EU28,European Union - 28 countries (2013-2020),ES,Spain,2016,541,
EU28,European Union - 28 countries (2013-2020),ES,Spain,2017,531,
EU28,European Union - 28 countries (2013-2020),ES,Spain,2018,505,
EU28,European Union - 28 countries (2013-2020),ES,Spain,2019,520,
EU28,European Union - 28 countries (2013-2020),ES,Spain,2020,135,
EU28,European Union - 28 countries (2013-2020),ES,Spain,2021,191,
EU28,European Union - 28 countries (2013-2020),ES,Spain,2022,392,
EU28,European Union - 28 countries (2013-2020),ES,Spain,2023,492,
EU28,European Union - 28 countries (2013-2020),ES,Spain,2024,658,
EU28,European Union - 28 countries (2013-2020),ES,Spain,2025,627,
EU28,European Union - 28 countries (2013-2020),FR,France,2004,3889,
EU28,European Union - 28 countries (2013-2020),FR,France,2005,13827,
EU28,European Union - 28 countries (2013-2020),FR,France,2006,13264,
EU28,European Union - 28 countries (2013-2020),FR,France,2007,13564,
EU28,European Union - 28 countries (2013-2020),FR,France,2008,12604,
EU28,European Union - 28 countries (2013-2020),FR,France,2009,14922,
EU28,European Union - 28 countries (2013-2020),HR,Croatia,2004,205,
EU28,European Union - 28 countries (2013-2020),HR,Croatia,2005,192,
EU28,European Union - 28 countries (2013-2020),HR,Croatia,2006,198,
EU28,European Union - 28 countries (2013-2020),HR,Croatia,2007,192,
EU28,European Union - 28 countries (2013-2020),HR,Croatia,2008,201,
EU28,European Union - 28 countries (2013-2020),HR,Croatia,2009,199,
EU28,European Union - 28 countries (2013-2020),HR,Croatia,2010,180,
EU28,European Union - 28 countries (2013-2020),HR,Croatia,2011,188,
EU28,European Union - 28 countries (2013-2020),HR,Croatia,2012,183,
EU28,European Union - 28 countries (2013-2020),HR,Croatia,2013,170,
EU28,European Union - 28 countries (2013-2020),HR,Croatia,2014,154,
EU28,European Union - 28 countries (2013-2020),HR,Croatia,2015,144,
EU28,European Union - 28 countries (2013-2020),HR,Croatia,2016,133,
EU28,European Union - 28 countries (2013-2020),HR,Croatia,2017,150,
EU28,European Union - 28 countries (2013-2020),HR,Croatia,2018,145,
EU28,European Union - 28 countries (2013-2020),HR,Croatia,2019,145,
EU28,European Union - 28 countries (2013-2020),HR,Croatia,2020,66,
EU28,European Union - 28 countries (2013-2020),HR,Croatia,2021,104,
EU28,European Union - 28 countries (2013-2020),HR,Croatia,2022,181,
EU28,European Union - 28 countries (2013-2020),HR,Croatia,2023,156,
EU28,European Union - 28 countries (2013-2020),HR,Croatia,2024,146,
EU28,European Union - 28 countries (2013-2020),HR,Croatia,2025,130,
EU28,European Union - 28 countries (2013-2020),HU,Hungary,2004,692,
EU28,European Union - 28 countries (2013-2020),HU,Hungary,2005,995,
EU28,European Union - 28 countries (2013-2020),HU,Hungary,2006,957,
EU28,European Union - 28 countries (2013-2020),HU,Hungary,2007,915,
EU28,European Union - 28 countries (2013-2020),HU,Hungary,2008,966,
EU28,European Union - 28 countries (2013-2020),HU,Hungary,2009,975,
EU28,European Union - 28 countries (2013-2020),HU,Hungary,2010,996,
EU28,European Union - 28 countries (2013-2020),HU,Hungary,2011,1158,
EU28,European Union - 28 countries (2013-2020),HU,Hungary,2012,1300,
EU28,European Union - 28 countries (2013-2020),HU,Hungary,2013,1289,
EU28,European Union - 28 countries (2013-2020),HU,Hungary,2014,1139,
EU28,European Union - 28 countries (2013-2020),IE,Ireland,2004,409,
EU28,European Union - 28 countries (2013-2020),IE,Ireland,2005,444,
EU28,European Union - 28 countries (2013-2020),IE,Ireland,2006,505,
EU28,European Union - 28 countries (2013-2020),IE,Ireland,2007,502,
EU28,European Union - 28 countries (2013-2020),IE,Ireland,2008,397,
EU28,European Union - 28 countries (2013-2020),IE,Ireland,2009,297,
EU28,European Union - 28 countries (2013-2020),IE,Ireland,2010,344,
EU28,European Union - 28 countries (2013-2020),IE,Ireland,2011,396,
EU28,European Union - 28 countries (2013-2020),IE,Ireland,2012,381,
EU28,European Union - 28 countries (2013-2020),IE,Ireland,2013,313,
EU28,European Union - 28 countries (2013-2020),IE,Ireland,2014,307,
EU28,European Union - 28 countries (2013-2020),IE,Ireland,2015,0,
EU28,European Union - 28 countries (2013-2020),IE,Ireland,2018,0,
EU28,European Union - 28 countries (2013-2020),IE,Ireland,2019,0,
EU28,European Union - 28 countries (2013-2020),IE,Ireland,2022,0,
EU28,European Union - 28 countries (2013-2020),IE,Ireland,2023,0,
EU28,European Union - 28 countries (2013-2020),IE,Ireland,2024,0,
EU28,European Union - 28 countries (2013-2020),IE,Ireland,2025,0,
EU28,European Union - 28 countries (2013-2020),IT,Italy,2004,1431,
EU28,European Union - 28 countries (2013-2020),IT,Italy,2005,1601,
EU28,European Union - 28 countries (2013-2020),IT,Italy,2006,1752,
EU28,European Union - 28 countries (2013-2020),IT,Italy,2007,1516,
EU28,European Union - 28 countries (2013-2020),IT,Italy,2022,1273,
EU28,European Union - 28 countries (2013-2020),IT,Italy,2023,1107,
EU28,European Union - 28 countries (2013-2020),IT,Italy,2024,888,
EU28,European Union - 28 countries (2013-2020),IT,Italy,2025,1175,
EU28,European Union - 28 countries (2013-2020),LT,Lithuania,2004,14,
EU28,European Union - 28 countries (2013-2020),LT,Lithuania,2005,8,
EU28,European Union - 28 countries (2013-2020),LT,Lithuania,2006,8,
EU28,European Union - 28 countries (2013-2020),LT,Lithuania,2007,9,
EU28,European Union - 28 countries (2013-2020),LT,Lithuania,2010,5,
EU28,European Union - 28 countries (2013-2020),LT,Lithuania,2011,5,
EU28,European Union - 28 countries (2013-2020),LT,Lithuania,2012,4,
EU28,European Union - 28 countries (2013-2020),LT,Lithuania,2013,3,
EU28,European Union - 28 countries (2013-2020),LT,Lithuania,2014,0,
EU28,European Union - 28 countries (2013-2020),LT,Lithuania,2015,0,
EU28,European Union - 28 countries (2013-2020),LT,Lithuania,2016,2,
EU28,European Union - 28 countries (2013-2020),LT,Lithuania,2017,2,
EU28,European Union - 28 countries (2013-2020),LT,Lithuania,2018,6,
EU28,European Union - 28 countries (2013-2020),LT,Lithuania,2019,7,
EU28,European Union - 28 countries (2013-2020),LT,Lithuania,2020,1,
EU28,European Union - 28 countries (2013-2020),LT,Lithuania,2021,0,
EU28,European Union - 28 countries (2013-2020),LT,Lithuania,2022,2,
EU28,European Union - 28 countries (2013-2020),LT,Lithuania,2023,18,
EU28,European Union - 28 countries (2013-2020),LT,Lithuania,2024,51,
EU28,European Union - 28 countries (2013-2020),LT,Lithuania,2025,57,
EU28,European Union - 28 countries (2013-2020),LU,Luxembourg,2004,1802,
EU28,European Union - 28 countries (2013-2020),LU,Luxembourg,2005,1876,
EU28,European Union - 28 countries (2013-2020),LU,Luxembourg,2006,2067,
EU28,European Union - 28 countries (2013-2020),LU,Luxembourg,2007,2378,
EU28,European Union - 28 countries (2013-2020),LU,Luxembourg,2008,2461,
EU28,European Union - 28 countries (2013-2020),LU,Luxembourg,2009,2311,
EU28,European Union - 28 countries (2013-2020),LU,Luxembourg,2010,2783,
EU28,European Union - 28 countries (2013-2020),LU,Luxembourg,2011,2670,
EU28,European Union - 28 countries (2013-2020),LU,Luxembourg,2012,2760,
EU28,European Union - 28 countries (2013-2020),LU,Luxembourg,2013,2873,
EU28,European Union - 28 countries (2013-2020),LU,Luxembourg,2014,2971,
EU28,European Union - 28 countries (2013-2020),LU,Luxembourg,2015,3110,
EU28,European Union - 28 countries (2013-2020),LU,Luxembourg,2016,3172,
EU28,European Union - 28 countries (2013-2020),LU,Luxembourg,2017,3133,
EU28,European Union - 28 countries (2013-2020),LU,Luxembourg,2018,3210,
EU28,European Union - 28 countries (2013-2020),LU,Luxembourg,2019,3756,
EU28,European Union - 28 countries (2013-2020),LU,Luxembourg,2020,1980,
EU28,European Union - 28 countries (2013-2020),LU,Luxembourg,2021,2085,
EU28,European Union - 28 countries (2013-2020),LU,Luxembourg,2022,3056,
EU28,European Union - 28 countries (2013-2020),LU,Luxembourg,2023,4476,
EU28,European Union - 28 countries (2013-2020),LU,Luxembourg,2024,4726,
EU28,European Union - 28 countries (2013-2020),LU,Luxembourg,2025,4713,
EU28,European Union - 28 countries (2013-2020),LV,Latvia,2004,1,
EU28,European Union - 28 countries (2013-2020),LV,Latvia,2005,1,
EU28,European Union - 28 countries (2013-2020),LV,Latvia,2006,2,
EU28,European Union - 28 countries (2013-2020),LV,Latvia,2007,1,
EU28,European Union - 28 countries (2013-2020),LV,Latvia,2008,3,
EU28,European Union - 28 countries (2013-2020),LV,Latvia,2009,6,
EU28,European Union - 28 countries (2013-2020),LV,Latvia,2010,6,
EU28,European Union - 28 countries (2013-2020),LV,Latvia,2011,7,
EU28,European Union - 28 countries (2013-2020),LV,Latvia,2012,7,
EU28,European Union - 28 countries (2013-2020),LV,Latvia,2013,7,
EU28,European Union - 28 countries (2013-2020),LV,Latvia,2014,8,
EU28,European Union - 28 countries (2013-2020),LV,Latvia,2015,6,
EU28,European Union - 28 countries (2013-2020),LV,Latvia,2016,5,
EU28,European Union - 28 countries (2013-2020),LV,Latvia,2017,7,
EU28,European Union - 28 countries (2013-2020),LV,Latvia,2018,6,
EU28,European Union - 28 countries (2013-2020),LV,Latvia,2019,7,
EU28,European Union - 28 countries (2013-2020),LV,Latvia,2020,4,
EU28,European Union - 28 countries (2013-2020),LV,Latvia,2021,2,
EU28,European Union - 28 countries (2013-2020),LV,Latvia,2022,7,
EU28,European Union - 28 countries (2013-2020),LV,Latvia,2023,8,
EU28,European Union - 28 countries (2013-2020),LV,Latvia,2024,38,
EU28,European Union - 28 countries (2013-2020),LV,Latvia,2025,49,
EU28,European Union - 28 countries (2013-2020),MK,North Macedonia,2009,2,
EU28,European Union - 28 countries (2013-2020),MK,North Macedonia,2010,2,
EU28,European Union - 28 countries (2013-2020),MK,North Macedonia,2011,0,
EU28,European Union - 28 countries (2013-2020),MK,North Macedonia,2012,0,
EU28,European Union - 28 countries (2013-2020),MK,North Macedonia,2013,0,
EU28,European Union - 28 countries (2013-2020),MK,North Macedonia,2014,0,
EU28,European Union - 28 countries (2013-2020),MK,North Macedonia,2015,1,
EU28,European Union - 28 countries (2013-2020),MK,North Macedonia,2016,0,
EU28,European Union - 28 countries (2013-2020),MK,North Macedonia,2017,0,
EU28,European Union - 28 countries (2013-2020),MK,North Macedonia,2018,0,
EU28,European Union - 28 countries (2013-2020),MK,North Macedonia,2019,1,
EU28,European Union - 28 countries (2013-2020),MK,North Macedonia,2020,0,
EU28,European Union - 28 countries (2013-2020),MK,North Macedonia,2021,0,
EU28,European Union - 28 countries (2013-2020),NL,Netherlands,2004,2326,
EU28,European Union - 28 countries (2013-2020),NL,Netherlands,2005,2335,
EU28,European Union - 28 countries (2013-2020),NL,Netherlands,2006,2217,
EU28,European Union - 28 countries (2013-2020),NL,Netherlands,2007,2927,
EU28,European Union - 28 countries (2013-2020),NO,Norway,2005,135,
EU28,European Union - 28 countries (2013-2020),NO,Norway,2006,142,
EU28,European Union - 28 countries (2013-2020),NO,Norway,2007,74,
EU28,European Union - 28 countries (2013-2020),NO,Norway,2008,110,
EU28,European Union - 28 countries (2013-2020),NO,Norway,2009,106,
EU28,European Union - 28 countries (2013-2020),NO,Norway,2010,253,
EU28,European Union - 28 countries (2013-2020),NO,Norway,2011,222,
EU28,European Union - 28 countries (2013-2020),NO,Norway,2012,238,
EU28,European Union - 28 countries (2013-2020),NO,Norway,2013,245,
EU28,European Union - 28 countries (2013-2020),NO,Norway,2014,238,
EU28,European Union - 28 countries (2013-2020),NO,Norway,2015,250,
EU28,European Union - 28 countries (2013-2020),NO,Norway,2016,268,
EU28,European Union - 28 countries (2013-2020),NO,Norway,2017,292,
EU28,European Union - 28 countries (2013-2020),NO,Norway,2018,221,
EU28,European Union - 28 countries (2013-2020),NO,Norway,2019,248,
EU28,European Union - 28 countries (2013-2020),NO,Norway,2020,38,
EU28,European Union - 28 countries (2013-2020),NO,Norway,2021,12,
EU28,European Union - 28 countries (2013-2020),NO,Norway,2022,149,
EU28,European Union - 28 countries (2013-2020),NO,Norway,2023,228,
EU28,European Union - 28 countries (2013-2020),NO,Norway,2024,298,
EU28,European Union - 28 countries (2013-2020),NO,Norway,2025,318,
EU28,European Union - 28 countries (2013-2020),PL,Poland,2004,692,
EU28,European Union - 28 countries (2013-2020),PL,Poland,2005,631,
EU28,European Union - 28 countries (2013-2020),PL,Poland,2006,578,
EU28,European Union - 28 countries (2013-2020),PL,Poland,2007,580,
EU28,European Union - 28 countries (2013-2020),PL,Poland,2008,568,
EU28,European Union - 28 countries (2013-2020),PL,Poland,2009,546,
EU28,European Union - 28 countries (2013-2020),PL,Poland,2010,708,
EU28,European Union - 28 countries (2013-2020),PL,Poland,2011,788,
EU28,European Union - 28 countries (2013-2020),PL,Poland,2012,703,
EU28,European Union - 28 countries (2013-2020),PL,Poland,2013,702,
EU28,European Union - 28 countries (2013-2020),PL,Poland,2014,607,
EU28,European Union - 28 countries (2013-2020),PL,Poland,2015,512,
EU28,European Union - 28 countries (2013-2020),PL,Poland,2016,503,
EU28,European Union - 28 countries (2013-2020),PL,Poland,2017,573,
EU28,European Union - 28 countries (2013-2020),PL,Poland,2018,618,
EU28,European Union - 28 countries (2013-2020),PL,Poland,2025,1848,
EU28,European Union - 28 countries (2013-2020),PT,Portugal,2004,194,
EU28,European Union - 28 countries (2013-2020),PT,Portugal,2005,88,
EU28,European Union - 28 countries (2013-2020),PT,Portugal,2006,85,
EU28,European Union - 28 countries (2013-2020),PT,Portugal,2007,103,
EU28,European Union - 28 countries (2013-2020),PT,Portugal,2008,76,
EU28,European Union - 28 countries (2013-2020),PT,Portugal,2009,63,
EU28,European Union - 28 countries (2013-2020),PT,Portugal,2010,61,
EU28,European Union - 28 countries (2013-2020),PT,Portugal,2011,59,
EU28,European Union - 28 countries (2013-2020),PT,Portugal,2012,64,
EU28,European Union - 28 countries (2013-2020),PT,Portugal,2013,67,
EU28,European Union - 28 countries (2013-2020),PT,Portugal,2014,78,
EU28,European Union - 28 countries (2013-2020),PT,Portugal,2015,115,
EU28,European Union - 28 countries (2013-2020),PT,Portugal,2016,120,
EU28,European Union - 28 countries (2013-2020),PT,Portugal,2017,128,
EU28,European Union - 28 countries (2013-2020),PT,Portugal,2018,85,
EU28,European Union - 28 countries (2013-2020),PT,Portugal,2019,85,
EU28,European Union - 28 countries (2013-2020),PT,Portugal,2020,12,
EU28,European Union - 28 countries (2013-2020),PT,Portugal,2021,13,
EU28,European Union - 28 countries (2013-2020),PT,Portugal,2022,60,
EU28,European Union - 28 countries (2013-2020),PT,Portugal,2023,63,
EU28,European Union - 28 countries (2013-2020),PT,Portugal,2024,61,
EU28,European Union - 28 countries (2013-2020),PT,Portugal,2025,52,
EU28,European Union - 28 countries (2013-2020),RO,Romania,2004,146,
EU28,European Union - 28 countries (2013-2020),RO,Romania,2005,148,
EU28,European Union - 28 countries (2013-2020),RO,Romania,2006,137,
EU28,European Union - 28 countries (2013-2020),RO,Romania,2007,138,
EU28,European Union - 28 countries (2013-2020),RO,Romania,2008,161,
EU28,European Union - 28 countries (2013-2020),RO,Romania,2009,147,
EU28,European Union - 28 countries (2013-2020),RO,Romania,2010,214,
EU28,European Union - 28 countries (2013-2020),RO,Romania,2011,34,
EU28,European Union - 28 countries (2013-2020),RO,Romania,2012,31,
EU28,European Union - 28 countries (2013-2020),RO,Romania,2013,74,
EU28,European Union - 28 countries (2013-2020),RO,Romania,2014,80,
EU28,European Union - 28 countries (2013-2020),RO,Romania,2015,80,
EU28,European Union - 28 countries (2013-2020),RO,Romania,2016,77,
EU28,European Union - 28 countries (2013-2020),RO,Romania,2017,84,
EU28,European Union - 28 countries (2013-2020),RO,Romania,2018,90,
EU28,European Union - 28 countries (2013-2020),RO,Romania,2019,90,
EU28,European Union - 28 countries (2013-2020),RO,Romania,2020,36,
EU28,European Union - 28 countries (2013-2020),RO,Romania,2021,51,
EU28,European Union - 28 countries (2013-2020),RO,Romania,2022,114,
EU28,European Union - 28 countries (2013-2020),RO,Romania,2023,160,
EU28,European Union - 28 countries (2013-2020),RO,Romania,2024,134,
EU28,European Union - 28 countries (2013-2020),RO,Romania,2025,124,
EU28,European Union - 28 countries (2013-2020),SE,Sweden,2004,3499,
EU28,European Union - 28 countries (2013-2020),SE,Sweden,2005,3642,
EU28,European Union - 28 countries (2013-2020),SE,Sweden,2006,4126,
EU28,European Union - 28 countries (2013-2020),SE,Sweden,2007,5023,
EU28,European Union - 28 countries (2013-2020),SE,Sweden,2008,5448,
EU28,European Union - 28 countries (2013-2020),SE,Sweden,2009,5609,
EU28,European Union - 28 countries (2013-2020),SE,Sweden,2010,5258,
EU28,European Union - 28 countries (2013-2020),SE,Sweden,2011,5398,
EU28,European Union - 28 countries (2013-2020),SE,Sweden,2012,5662,
EU28,European Union - 28 countries (2013-2020),SE,Sweden,2013,5889,
EU28,European Union - 28 countries (2013-2020),SE,Sweden,2014,5894,
EU28,European Union - 28 countries (2013-2020),SE,Sweden,2015,6097,
EU28,European Union - 28 countries (2013-2020),SE,Sweden,2016,5736,
EU28,European Union - 28 countries (2013-2020),SE,Sweden,2017,5807,
EU28,European Union - 28 countries (2013-2020),SE,Sweden,2018,5355,
EU28,European Union - 28 countries (2013-2020),SE,Sweden,2019,6005,
EU28,European Union - 28 countries (2013-2020),SE,Sweden,2020,2344,
EU28,European Union - 28 countries (2013-2020),SE,Sweden,2021,2763,
EU28,European Union - 28 countries (2013-2020),SI,Slovenia,2004,233,
EU28,European Union - 28 countries (2013-2020),SI,Slovenia,2005,237,
EU28,European Union - 28 countries (2013-2020),SI,Slovenia,2006,217,
EU28,European Union - 28 countries (2013-2020),SI,Slovenia,2007,223,
EU28,European Union - 28 countries (2013-2020),SI,Slovenia,2008,205,
EU28,European Union - 28 countries (2013-2020),SI,Slovenia,2009,254,
EU28,European Union - 28 countries (2013-2020),SI,Slovenia,2010,215,
EU28,European Union - 28 countries (2013-2020),SI,Slovenia,2011,209,
EU28,European Union - 28 countries (2013-2020),SI,Slovenia,2012,205,
EU28,European Union - 28 countries (2013-2020),SI,Slovenia,2013,197,
EU28,European Union - 28 countries (2013-2020),SI,Slovenia,2014,179,
EU28,European Union - 28 countries (2013-2020),SI,Slovenia,2015,145,
EU28,European Union - 28 countries (2013-2020),SI,Slovenia,2016,139,
EU28,European Union - 28 countries (2013-2020),SI,Slovenia,2017,162,
EU28,European Union - 28 countries (2013-2020),SI,Slovenia,2018,178,
EU28,European Union - 28 countries (2013-2020),SI,Slovenia,2019,215,
EU28,European Union - 28 countries (2013-2020),SI,Slovenia,2020,33,
EU28,European Union - 28 countries (2013-2020),SI,Slovenia,2021,52,
EU28,European Union - 28 countries (2013-2020),SI,Slovenia,2022,131,
EU28,European Union - 28 countries (2013-2020),SI,Slovenia,2023,304,
EU28,European Union - 28 countries (2013-2020),SI,Slovenia,2024,364,
EU28,European Union - 28 countries (2013-2020),SI,Slovenia,2025,356,
EU28,European Union - 28 countries (2013-2020),SK,Slovakia,2004,732,
EU28,European Union - 28 countries (2013-2020),SK,Slovakia,2005,863,
EU28,European Union - 28 countries (2013-2020),SK,Slovakia,2006,1233,
EU28,European Union - 28 countries (2013-2020),SK,Slovakia,2007,1496,
EU28,European Union - 28 countries (2013-2020),SK,Slovakia,2008,1544,
EU28,European Union - 28 countries (2013-2020),SK,Slovakia,2009,1427,
EU28,European Union - 28 countries (2013-2020),SK,Slovakia,2010,857,
EU28,European Union - 28 countries (2013-2020),SK,Slovakia,2011,1452,
EU28,European Union - 28 countries (2013-2020),SK,Slovakia,2012,1522,
EU28,European Union - 28 countries (2013-2020),SK,Slovakia,2013,1563,
EU28,European Union - 28 countries (2013-2020),SK,Slovakia,2014,1608,
EU28,European Union - 28 countries (2013-2020),SK,Slovakia,2015,1575,
EU28,European Union - 28 countries (2013-2020),SK,Slovakia,2016,1585,
EU28,European Union - 28 countries (2013-2020),SK,Slovakia,2017,1625,
EU28,European Union - 28 countries (2013-2020),SK,Slovakia,2018,1792,
EU28,European Union - 28 countries (2013-2020),SK,Slovakia,2019,1905,
EU28,European Union - 28 countries (2013-2020),SK,Slovakia,2020,670,
EU28,European Union - 28 countries (2013-2020),SK,Slovakia,2021,1017,
EU28,European Union - 28 countries (2013-2020),SK,Slovakia,2022,2041,
EU28,European Union - 28 countries (2013-2020),TR,Türkiye,2004,48,
EU28,European Union - 28 countries (2013-2020),TR,Türkiye,2005,70,
EU28,European Union - 28 countries (2013-2020),TR,Türkiye,2006,60,
EU28,European Union - 28 countries (2013-2020),TR,Türkiye,2007,121,
EU28,European Union - 28 countries (2013-2020),TR,Türkiye,2008,175,
EU28,European Union - 28 countries (2013-2020),TR,Türkiye,2009,132,
EU28,European Union - 28 countries (2013-2020),TR,Türkiye,2010,110,
EU28,European Union - 28 countries (2013-2020),TR,Türkiye,2011,127,
EU28,European Union - 28 countries (2013-2020),TR,Türkiye,2012,101,
EU28,European Union - 28 countries (2013-2020),TR,Türkiye,2013,79,
EU28,European Union - 28 countries (2013-2020),TR,Türkiye,2014,95,
EU28,European Union - 28 countries (2013-2020),TR,Türkiye,2015,91,
EU28,European Union - 28 countries (2013-2020),TR,Türkiye,2016,7,
EU28,European Union - 28 countries (2013-2020),TR,Türkiye,2017,5,
EU28,European Union - 28 countries (2013-2020),TR,Türkiye,2018,1,
EU28,European Union - 28 countries (2013-2020),TR,Türkiye,2019,2,
EU28,European Union - 28 countries (2013-2020),TR,Türkiye,2020,0,
EU28,European Union - 28 countries (2013-2020),TR,Türkiye,2025,16,
EU28,European Union - 28 countries (2013-2020),UA,Ukraine,2025,1026,
EU28,European Union - 28 countries (2013-2020),UK,United Kingdom,2004,7932,
EU28,European Union - 28 countries (2013-2020),UK,United Kingdom,2005,8170,
EU28,European Union - 28 countries (2013-2020),UK,United Kingdom,2006,8171,
EU28,European Union - 28 countries (2013-2020),UK,United Kingdom,2007,8533,
EU28,European Union - 28 countries (2013-2020),UK,United Kingdom,2008,8576,
EU28,European Union - 28 countries (2013-2020),UK,United Kingdom,2009,8404,
EU28,European Union - 28 countries (2013-2020),UK,United Kingdom,2010,8918,
EU28,European Union - 28 countries (2013-2020),UK,United Kingdom,2011,9125,
EU28,European Union - 28 countries (2013-2020),UK,United Kingdom,2012,9532,
EU28,European Union - 28 countries (2013-2020),UK,United Kingdom,2013,9821,
EU28,European Union - 28 countries (2013-2020),UK,United Kingdom,2014,10055,
EU28,European Union - 28 countries (2013-2020),UK,United Kingdom,2015,9924,
EU28,European Union - 28 countries (2013-2020),UK,United Kingdom,2016,9714,
EU28,European Union - 28 countries (2013-2020),UK,United Kingdom,2017,9824,
EU28,European Union - 28 countries (2013-2020),UK,United Kingdom,2018,10261,
EU28,European Union - 28 countries (2013-2020),UK,United Kingdom,2019,10271,
FI,Finland,BG,Bulgaria,2006,2,
FI,Finland,BG,Bulgaria,2007,6,
FI,Finland,BG,Bulgaria,2008,9,
FI,Finland,BG,Bulgaria,2009,12,
FI,Finland,BG,Bulgaria,2010,12,
FI,Finland,BG,Bulgaria,2011,11,
FI,Finland,BG,Bulgaria,2012,11,
FI,Finland,BG,Bulgaria,2013,10,
FI,Finland,BG,Bulgaria,2014,10,
FI,Finland,BG,Bulgaria,2015,5,
FI,Finland,BG,Bulgaria,2016,4,
FI,Finland,BG,Bulgaria,2017,4,
FI,Finland,BG,Bulgaria,2018,4,
FI,Finland,BG,Bulgaria,2019,5,
FI,Finland,BG,Bulgaria,2020,1,
FI,Finland,BG,Bulgaria,2021,0,
FI,Finland,BG,Bulgaria,2022,1,
FI,Finland,BG,Bulgaria,2023,0,
FI,Finland,CZ,Czechia,2004,0,
FI,Finland,CZ,Czechia,2010,0,
FI,Finland,DE,Germany,2004,2,
FI,Finland,DE,Germany,2005,0,
FI,Finland,DE,Germany,2006,0,
FI,Finland,DE,Germany,2007,0,
FI,Finland,DE,Germany,2008,2,
FI,Finland,FR,France,2004,0,
FI,Finland,HR,Croatia,2004,0,
FI,Finland,HR,Croatia,2005,0,
FI,Finland,HR,Croatia,2006,0,
FI,Finland,HR,Croatia,2007,0,
FI,Finland,HR,Croatia,2008,0,
FI,Finland,HR,Croatia,2009,0,
FI,Finland,HR,Croatia,2010,0,
FI,Finland,HR,Croatia,2011,0,
FI,Finland,HR,Croatia,2012,0,
FI,Finland,HR,Croatia,2013,0,
FI,Finland,HR,Croatia,2014,0,
FI,Finland,HR,Croatia,2015,0,
FI,Finland,HU,Hungary,2004,2,
FI,Finland,HU,Hungary,2005,0,
FI,Finland,HU,Hungary,2006,3,
FI,Finland,HU,Hungary,2007,3,
FI,Finland,HU,Hungary,2008,4,
FI,Finland,HU,Hungary,2009,5,
FI,Finland,HU,Hungary,2010,4,
FI,Finland,HU,Hungary,2011,3,
FI,Finland,HU,Hungary,2012,4,
FI,Finland,HU,Hungary,2013,3,
FI,Finland,HU,Hungary,2014,2,
FI,Finland,LT,Lithuania,2004,0,
FI,Finland,LT,Lithuania,2005,0,
FI,Finland,LT,Lithuania,2009,0,
FI,Finland,LT,Lithuania,2010,0,
FI,Finland,LT,Lithuania,2011,0,
FI,Finland,PL,Poland,2004,1,
FI,Finland,PL,Poland,2005,1,
FI,Finland,PL,Poland,2006,1,
FI,Finland,PL,Poland,2007,0,
FI,Finland,PL,Poland,2008,1,
FI,Finland,PL,Poland,2009,0,
FI,Finland,PL,Poland,2010,0,
FI,Finland,PL,Poland,2011,0,
FI,Finland,PL,Poland,2012,0,
FI,Finland,PL,Poland,2013,0,
FI,Finland,PL,Poland,2014,0,
FI,Finland,PL,Poland,2015,0,
FI,Finland,RO,Romania,2004,0,
FI,Finland,RO,Romania,2005,0,
FI,Finland,RO,Romania,2006,0,
FI,Finland,RO,Romania,2007,0,
FI,Finland,RO,Romania,2010,6,
FI,Finland,RO,Romania,2011,1,
FI,Finland,RO,Romania,2012,0,
FI,Finland,RO,Romania,2013,0,
FI,Finland,RO,Romania,2014,0,
FI,Finland,RO,Romania,2015,0,
FI,Finland,SI,Slovenia,2004,0,
FI,Finland,SI,Slovenia,2005,0,
FI,Finland,SI,Slovenia,2006,0,
FI,Finland,SI,Slovenia,2007,0,
FI,Finland,SI,Slovenia,2008,0,
FI,Finland,SI,Slovenia,2009,0,
FI,Finland,SI,Slovenia,2010,0,
FI,Finland,SI,Slovenia,2011,0,
FI,Finland,SI,Slovenia,2012,0,
FI,Finland,SI,Slovenia,2013,0,
FI,Finland,SI,Slovenia,2014,0,
FI,Finland,SI,Slovenia,2015,0,
FI,Finland,SI,Slovenia,2016,0,
FI,Finland,SI,Slovenia,2017,0,
FI,Finland,SI,Slovenia,2018,0,
FI,Finland,SI,Slovenia,2019,0,
FI,Finland,SI,Slovenia,2023,0,
FI,Finland,SK,Slovakia,2004,2,
FI,Finland,SK,Slovakia,2005,2,
FI,Finland,SK,Slovakia,2006,2,
FI,Finland,TR,Türkiye,2004,0,
FI,Finland,TR,Türkiye,2005,1,
FI,Finland,TR,Türkiye,2007,4,
FI,Finland,TR,Türkiye,2008,5,
FI,Finland,TR,Türkiye,2009,4,
FI,Finland,TR,Türkiye,2010,6,
FI,Finland,TR,Türkiye,2011,6,
FI,Finland,TR,Türkiye,2012,5,
FI,Finland,TR,Türkiye,2013,4,
FI,Finland,TR,Türkiye,2014,5,
FI,Finland,TR,Türkiye,2015,4,
FI,Finland,TR,Türkiye,2016,0,
FR,France,BE,Belgium,2004,1026,
FR,France,BE,Belgium,2005,1744,
FR,France,BE,Belgium,2006,1814,
FR,France,BE,Belgium,2007,2004,
FR,France,BE,Belgium,2008,3069,
FR,France,BE,Belgium,2009,3220,
FR,France,BE,Belgium,2010,3239,
FR,France,BE,Belgium,2011,3239,
FR,France,BG,Bulgaria,2006,9,
FR,France,BG,Bulgaria,2007,5,
FR,France,BG,Bulgaria,2008,23,
FR,France,BG,Bulgaria,2009,17,
FR,France,BG,Bulgaria,2010,15,
FR,France,BG,Bulgaria,2011,19,
FR,France,BG,Bulgaria,2012,21,
FR,France,BG,Bulgaria,2013,17,
FR,France,BG,Bulgaria,2014,22,
FR,France,BG,Bulgaria,2015,34,
FR,France,BG,Bulgaria,2016,7,
FR,France,BG,Bulgaria,2017,9,
FR,France,BG,Bulgaria,2018,16,
FR,France,BG,Bulgaria,2019,1,
FR,France,BG,Bulgaria,2020,3,
FR,France,BG,Bulgaria,2021,1,
FR,France,BG,Bulgaria,2022,1,
FR,France,BG,Bulgaria,2023,1,
FR,France,BG,Bulgaria,2024,0,
FR,France,BG,Bulgaria,2025,0,
FR,France,CH,Switzerland,2008,1632,
FR,France,CH,Switzerland,2009,1550,
FR,France,CH,Switzerland,2010,1761,
FR,France,CH,Switzerland,2011,1780,
FR,France,CH,Switzerland,2012,2052,
FR,France,CH,Switzerland,2013,2007,
FR,France,CH,Switzerland,2014,1962,
FR,France,CH,Switzerland,2015,1264,
FR,France,CH,Switzerland,2016,1214,
FR,France,CH,Switzerland,2017,1232,
FR,France,CH,Switzerland,2018,1272,
FR,France,CH,Switzerland,2019,1391,
FR,France,CH,Switzerland,2020,570,
FR,France,CH,Switzerland,2021,661,
FR,France,CH,Switzerland,2022,1343,
FR,France,CH,Switzerland,2023,1542,
FR,France,CH,Switzerland,2024,1461,
FR,France,CH,Switzerland,2025,1546,
FR,France,CZ,Czechia,2004,0,
FR,France,CZ,Czechia,2005,0,
FR,France,CZ,Czechia,2006,1,
FR,France,CZ,Czechia,2007,0,
FR,France,CZ,Czechia,2008,0,
FR,France,CZ,Czechia,2009,0,
FR,France,CZ,Czechia,2010,1,
FR,France,CZ,Czechia,2011,0,
FR,France,CZ,Czechia,2012,0,
FR,France,CZ,Czechia,2013,0,
FR,France,CZ,Czechia,2014,0,
FR,France,CZ,Czechia,2015,0,
FR,France,CZ,Czechia,2016,0,
FR,France,CZ,Czechia,2017,0,
FR,France,CZ,Czechia,2018,0,
FR,France,CZ,Czechia,2019,0,
FR,France,CZ,Czechia,2020,0,
FR,France,CZ,Czechia,2021,0,
FR,France,CZ,Czechia,2022,0,
FR,France,CZ,Czechia,2023,0,
FR,France,CZ,Czechia,2024,0,
FR,France,CZ,Czechia,2025,0,
FR,France,DE,Germany,2004,703,
FR,France,DE,Germany,2005,334,
FR,France,DE,Germany,2006,312,
FR,France,DE,Germany,2007,279,
FR,France,DE,Germany,2008,448,
FR,France,DE,Germany,2009,543,
FR,France,DE,Germany,2010,574,
FR,France,DE,Germany,2011,852,
FR,France,DE,Germany,2012,660,
FR,France,DE,Germany,2013,781,
FR,France,DE,Germany,2014,705,
FR,France,DE,Germany,2015,641,
FR,France,DE,Germany,2016,922,
FR,France,DE,Germany,2017,1116,
FR,France,DE,Germany,2018,1353,
FR,France,DE,Germany,2019,790,
FR,France,DE,Germany,2020,594,
FR,France,DE,Germany,2021,521,
FR,France,DE,Germany,2022,1124,
FR,France,DE,Germany,2023,1312,
FR,France,DE,Germany,2024,1329,
FR,France,DE,Germany,2025,1566,
FR,France,DK,Denmark,2004,0,
FR,France,DK,Denmark,2005,0,
FR,France,DK,Denmark,2006,1,
FR,France,DK,Denmark,2007,1,
FR,France,DK,Denmark,2008,1,
FR,France,DK,Denmark,2010,1,
FR,France,DK,Denmark,2011,1,
FR,France,DK,Denmark,2012,1,
FR,France,ES,Spain,2004,279,
FR,France,ES,Spain,2005,276,
FR,France,ES,Spain,2006,283,
FR,France,ES,Spain,2007,232,
FR,France,ES,Spain,2008,275,
FR,France,ES,Spain,2009,278,
FR,France,ES,Spain,2010,264,
FR,France,ES,Spain,2011,159,
FR,France,ES,Spain,2012,152,
FR,France,ES,Spain,2013,126,
FR,France,ES,Spain,2014,418,
FR,France,ES,Spain,2015,445,
FR,France,ES,Spain,2016,434,
FR,France,ES,Spain,2017,434,
FR,France,ES,Spain,2018,416,
FR,France,ES,Spain,2019,432,
FR,France,ES,Spain,2020,120,
FR,France,ES,Spain,2021,177,
FR,France,ES,Spain,2022,330,
FR,France,ES,Spain,2023,425,
FR,France,ES,Spain,2024,586,
FR,France,ES,Spain,2025,569,
FR,France,HR,Croatia,2004,1,
FR,France,HR,Croatia,2005,1,
FR,France,HR,Croatia,2006,0,
FR,France,HR,Croatia,2007,2,
FR,France,HR,Croatia,2008,4,
FR,France,HR,Croatia,2009,3,
FR,France,HR,Croatia,2010,3,
FR,France,HR,Croatia,2011,5,
FR,France,HR,Croatia,2012,6,
FR,France,HR,Croatia,2013,8,
FR,France,HR,Croatia,2014,7,
FR,France,HR,Croatia,2015,8,
FR,France,HR,Croatia,2016,4,
FR,France,HR,Croatia,2017,2,
FR,France,HU,Hungary,2004,52,
FR,France,HU,Hungary,2005,147,
FR,France,HU,Hungary,2006,87,
FR,France,HU,Hungary,2007,82,
FR,France,HU,Hungary,2008,116,
FR,France,HU,Hungary,2009,105,
FR,France,HU,Hungary,2010,98,
FR,France,HU,Hungary,2011,100,
FR,France,HU,Hungary,2012,148,
FR,France,HU,Hungary,2013,115,
FR,France,HU,Hungary,2014,139,
FR,France,IT,Italy,2004,846,
FR,France,IT,Italy,2005,794,
FR,France,IT,Italy,2006,919,
FR,France,IT,Italy,2007,827,
FR,France,IT,Italy,2022,263,
FR,France,LU,Luxembourg,2004,1115,
FR,France,LU,Luxembourg,2005,1148,
FR,France,LU,Luxembourg,2006,1178,
FR,France,LU,Luxembourg,2007,1465,
FR,France,LU,Luxembourg,2008,1430,
FR,France,LU,Luxembourg,2009,1358,
FR,France,LU,Luxembourg,2010,1546,
FR,France,LU,Luxembourg,2011,1435,
FR,France,LU,Luxembourg,2012,1595,
FR,France,LU,Luxembourg,2013,1661,
FR,France,LU,Luxembourg,2014,1557,
FR,France,LU,Luxembourg,2015,1726,
FR,France,LU,Luxembourg,2016,1968,
FR,France,LU,Luxembourg,2017,2088,
FR,France,LU,Luxembourg,2018,2140,
FR,France,LU,Luxembourg,2019,2283,
FR,France,LU,Luxembourg,2020,1262,
FR,France,LU,Luxembourg,2021,1327,
FR,France,LU,Luxembourg,2022,1824,
FR,France,LU,Luxembourg,2023,2807,
FR,France,LU,Luxembourg,2024,2846,
FR,France,LU,Luxembourg,2025,2879,
FR,France,NL,Netherlands,2004,500,
FR,France,NL,Netherlands,2005,500,
FR,France,NL,Netherlands,2006,461,
FR,France,NL,Netherlands,2007,610,
FR,France,PL,Poland,2004,2,
FR,France,PL,Poland,2005,2,
FR,France,PL,Poland,2006,3,
FR,France,PL,Poland,2007,11,
FR,France,PL,Poland,2008,11,
FR,France,PL,Poland,2009,10,
FR,France,PL,Poland,2010,14,
FR,France,PL,Poland,2011,10,
FR,France,PL,Poland,2012,10,
FR,France,PL,Poland,2013,12,
FR,France,PL,Poland,2014,14,
FR,France,PL,Poland,2015,9,
FR,France,PL,Poland,2016,11,
FR,France,PL,Poland,2017,11,
FR,France,PL,Poland,2018,11,
FR,France,PT,Portugal,2004,2,
FR,France,RO,Romania,2004,3,
FR,France,RO,Romania,2005,4,
FR,France,RO,Romania,2006,6,
FR,France,RO,Romania,2007,7,
FR,France,RO,Romania,2008,10,
FR,France,RO,Romania,2009,12,
FR,France,RO,Romania,2010,18,
FR,France,RO,Romania,2012,0,
FR,France,RO,Romania,2014,0,
FR,France,RO,Romania,2015,0,
FR,France,RO,Romania,2016,0,
FR,France,RO,Romania,2017,0,
FR,France,RO,Romania,2018,0,
FR,France,RO,Romania,2019,0,
FR,France,SI,Slovenia,2004,3,
FR,France,SI,Slovenia,2005,1,
FR,France,SI,Slovenia,2006,6,
FR,France,SI,Slovenia,2007,8,
FR,France,SI,Slovenia,2008,5,
FR,France,SI,Slovenia,2009,3,
FR,France,SI,Slovenia,2010,3,
FR,France,SI,Slovenia,2011,5,
FR,France,SI,Slovenia,2012,4,
FR,France,SI,Slovenia,2013,5,
FR,France,SI,Slovenia,2014,5,
FR,France,SI,Slovenia,2015,5,
FR,France,SI,Slovenia,2016,3,
FR,France,SI,Slovenia,2017,4,
FR,France,SI,Slovenia,2018,4,
FR,France,SI,Slovenia,2019,4,
FR,France,SI,Slovenia,2023,1,
FR,France,SI,Slovenia,2024,0,
FR,France,SI,Slovenia,2025,0,
FR,France,SK,Slovakia,2004,11,
FR,France,SK,Slovakia,2005,11,
FR,France,SK,Slovakia,2006,19,
FR,France,SK,Slovakia,2008,0,
FR,France,SK,Slovakia,2009,0,
FR,France,SK,Slovakia,2011,0,
FR,France,SK,Slovakia,2012,0,
FR,France,SK,Slovakia,2013,0,
FR,France,SK,Slovakia,2014,0,
FR,France,SK,Slovakia,2015,0,
FR,France,SK,Slovakia,2017,0,
FR,France,TR,Türkiye,2004,10,
FR,France,TR,Türkiye,2005,17,
FR,France,TR,Türkiye,2006,18,
FR,France,TR,Türkiye,2007,15,
FR,France,TR,Türkiye,2008,15,
FR,France,TR,Türkiye,2009,14,
FR,France,TR,Türkiye,2010,15,
FR,France,TR,Türkiye,2011,16,
FR,France,TR,Türkiye,2012,13,
FR,France,TR,Türkiye,2013,12,
FR,France,TR,Türkiye,2014,11,
FR,France,TR,Türkiye,2015,13,
FR,France,TR,Türkiye,2016,0,
FR,France,UK,United Kingdom,2004,6885,
FR,France,UK,United Kingdom,2005,7104,
FR,France,UK,United Kingdom,2006,7059,
FR,France,UK,United Kingdom,2007,7255,
FR,France,UK,United Kingdom,2008,7226,
FR,France,UK,United Kingdom,2009,7148,
FR,France,UK,United Kingdom,2010,7611,
FR,France,UK,United Kingdom,2011,7756,
FR,France,UK,United Kingdom,2012,7982,
FR,France,UK,United Kingdom,2013,8324,
FR,France,UK,United Kingdom,2014,8463,
FR,France,UK,United Kingdom,2015,8178,
FR,France,UK,United Kingdom,2016,8019,
FR,France,UK,United Kingdom,2017,7902,
FR,France,UK,United Kingdom,2018,8292,
FR,France,UK,United Kingdom,2019,7984,
GE,Georgia,EL,Greece,2006,0,
HR,Croatia,BE,Belgium,2004,0,
HR,Croatia,BE,Belgium,2005,0,
HR,Croatia,BE,Belgium,2006,0,
HR,Croatia,BE,Belgium,2007,0,
HR,Croatia,BE,Belgium,2008,0,
HR,Croatia,BE,Belgium,2009,0,
HR,Croatia,BE,Belgium,2010,0,
HR,Croatia,BE,Belgium,2011,0,
HR,Croatia,BG,Bulgaria,2006,1,
HR,Croatia,BG,Bulgaria,2007,1,
HR,Croatia,BG,Bulgaria,2008,1,
HR,Croatia,BG,Bulgaria,2009,1,
HR,Croatia,BG,Bulgaria,2010,2,
HR,Croatia,BG,Bulgaria,2011,1,
HR,Croatia,BG,Bulgaria,2012,2,
HR,Croatia,BG,Bulgaria,2013,2,
HR,Croatia,BG,Bulgaria,2014,1,
HR,Croatia,BG,Bulgaria,2015,1,
HR,Croatia,BG,Bulgaria,2016,1,
HR,Croatia,BG,Bulgaria,2017,1,
HR,Croatia,BG,Bulgaria,2018,0,
HR,Croatia,BG,Bulgaria,2019,0,
HR,Croatia,BG,Bulgaria,2020,0,
HR,Croatia,BG,Bulgaria,2021,0,
HR,Croatia,CZ,Czechia,2004,0,
HR,Croatia,CZ,Czechia,2005,0,
HR,Croatia,CZ,Czechia,2006,1,
HR,Croatia,CZ,Czechia,2007,5,
HR,Croatia,CZ,Czechia,2008,5,
HR,Croatia,CZ,Czechia,2009,4,
HR,Croatia,CZ,Czechia,2010,2,
HR,Croatia,CZ,Czechia,2011,2,
HR,Croatia,CZ,Czechia,2012,2,
HR,Croatia,CZ,Czechia,2013,2,
HR,Croatia,CZ,Czechia,2014,2,
HR,Croatia,CZ,Czechia,2015,3,
HR,Croatia,CZ,Czechia,2016,2,
HR,Croatia,CZ,Czechia,2017,1,
HR,Croatia,CZ,Czechia,2018,0,
HR,Croatia,CZ,Czechia,2019,0,
HR,Croatia,CZ,Czechia,2020,25,
HR,Croatia,CZ,Czechia,2021,34,
HR,Croatia,CZ,Czechia,2022,36,
HR,Croatia,CZ,Czechia,2023,15,
HR,Croatia,CZ,Czechia,2024,0,
HR,Croatia,CZ,Czechia,2025,0,
HR,Croatia,DE,Germany,2004,65,
HR,Croatia,DE,Germany,2005,24,
HR,Croatia,DE,Germany,2006,9,
HR,Croatia,DE,Germany,2007,14,
HR,Croatia,DE,Germany,2008,16,
HR,Croatia,DE,Germany,2022,0,
HR,Croatia,DE,Germany,2023,14,
HR,Croatia,DE,Germany,2024,13,
HR,Croatia,DE,Germany,2025,9,
HR,Croatia,DK,Denmark,2004,0,
HR,Croatia,DK,Denmark,2005,0,
HR,Croatia,DK,Denmark,2011,1,
HR,Croatia,EL,Greece,2004,0,
HR,Croatia,EL,Greece,2005,0,
HR,Croatia,FR,France,2004,0,
HR,Croatia,FR,France,2005,0,
HR,Croatia,FR,France,2006,0,
HR,Croatia,FR,France,2007,0,
HR,Croatia,HU,Hungary,2004,37,
HR,Croatia,HU,Hungary,2005,31,
HR,Croatia,HU,Hungary,2006,31,
HR,Croatia,HU,Hungary,2007,29,
HR,Croatia,HU,Hungary,2008,32,
HR,Croatia,HU,Hungary,2009,31,
HR,Croatia,HU,Hungary,2010,36,
HR,Croatia,HU,Hungary,2011,35,
HR,Croatia,HU,Hungary,2012,40,
HR,Croatia,HU,Hungary,2013,26,
HR,Croatia,HU,Hungary,2014,28,
HR,Croatia,IT,Italy,2004,7,
HR,Croatia,IT,Italy,2005,6,
HR,Croatia,IT,Italy,2006,15,
HR,Croatia,IT,Italy,2007,14,
HR,Croatia,LT,Lithuania,2004,0,
HR,Croatia,LT,Lithuania,2005,0,
HR,Croatia,LT,Lithuania,2007,0,
HR,Croatia,LT,Lithuania,2010,0,
HR,Croatia,LU,Luxembourg,2005,0,
HR,Croatia,LU,Luxembourg,2007,0,
HR,Croatia,LU,Luxembourg,2010,0,
HR,Croatia,LU,Luxembourg,2012,0,
HR,Croatia,LU,Luxembourg,2013,0,
HR,Croatia,LU,Luxembourg,2014,0,
HR,Croatia,LU,Luxembourg,2015,0,
HR,Croatia,LU,Luxembourg,2016,0,
HR,Croatia,LU,Luxembourg,2017,0,
HR,Croatia,LU,Luxembourg,2018,0,
HR,Croatia,LU,Luxembourg,2019,0,
HR,Croatia,LU,Luxembourg,2020,0,
HR,Croatia,LU,Luxembourg,2021,0,
HR,Croatia,LU,Luxembourg,2022,0,
HR,Croatia,LU,Luxembourg,2023,0,
HR,Croatia,LU,Luxembourg,2024,0,
HR,Croatia,LU,Luxembourg,2025,0,
HR,Croatia,MK,North Macedonia,2009,0,
HR,Croatia,MK,North Macedonia,2010,0,
HR,Croatia,MK,North Macedonia,2011,0,
HR,Croatia,MK,North Macedonia,2012,0,
HR,Croatia,MK,North Macedonia,2013,0,
HR,Croatia,MK,North Macedonia,2014,0,
HR,Croatia,MK,North Macedonia,2015,0,
HR,Croatia,MK,North Macedonia,2018,0,
HR,Croatia,MK,North Macedonia,2019,0,
HR,Croatia,MK,North Macedonia,2020,0,
HR,Croatia,MK,North Macedonia,2021,0,
HR,Croatia,PL,Poland,2004,1,
HR,Croatia,PL,Poland,2005,1,
HR,Croatia,PL,Poland,2006,1,
HR,Croatia,PL,Poland,2007,1,
HR,Croatia,PL,Poland,2008,1,
HR,Croatia,PL,Poland,2009,1,
HR,Croatia,PL,Poland,2010,1,
HR,Croatia,PL,Poland,2011,0,
HR,Croatia,PL,Poland,2012,1,
HR,Croatia,PL,Poland,2013,0,
HR,Croatia,PL,Poland,2014,0,
HR,Croatia,PL,Poland,2015,0,
HR,Croatia,PL,Poland,2016,0,
HR,Croatia,PL,Poland,2017,0,
HR,Croatia,PL,Poland,2018,0,
HR,Croatia,RO,Romania,2004,0,
HR,Croatia,RO,Romania,2005,0,
HR,Croatia,RO,Romania,2006,0,
HR,Croatia,RO,Romania,2007,0,
HR,Croatia,RO,Romania,2010,1,
HR,Croatia,RO,Romania,2011,0,
HR,Croatia,RO,Romania,2012,0,
HR,Croatia,RO,Romania,2013,0,
HR,Croatia,RO,Romania,2014,0,
HR,Croatia,RO,Romania,2015,0,
HR,Croatia,RO,Romania,2016,0,
HR,Croatia,RO,Romania,2017,0,
HR,Croatia,RO,Romania,2018,0,
HR,Croatia,RO,Romania,2019,0,
HR,Croatia,RO,Romania,2020,0,
HR,Croatia,RO,Romania,2021,0,
HR,Croatia,RO,Romania,2022,0,
HR,Croatia,RO,Romania,2023,0,
HR,Croatia,RO,Romania,2024,0,
HR,Croatia,RO,Romania,2025,0,
HR,Croatia,SI,Slovenia,2004,109,
HR,Croatia,SI,Slovenia,2005,128,
HR,Croatia,SI,Slovenia,2006,99,
HR,Croatia,SI,Slovenia,2007,103,
HR,Croatia,SI,Slovenia,2008,87,
HR,Croatia,SI,Slovenia,2009,107,
HR,Croatia,SI,Slovenia,2010,91,
HR,Croatia,SI,Slovenia,2011,82,
HR,Croatia,SI,Slovenia,2012,78,
HR,Croatia,SI,Slovenia,2013,73,
HR,Croatia,SI,Slovenia,2014,64,
HR,Croatia,SI,Slovenia,2015,46,
HR,Croatia,SI,Slovenia,2016,43,
HR,Croatia,SI,Slovenia,2017,48,
HR,Croatia,SI,Slovenia,2018,50,
HR,Croatia,SI,Slovenia,2019,49,
HR,Croatia,SI,Slovenia,2020,12,
HR,Croatia,SI,Slovenia,2021,22,
HR,Croatia,SI,Slovenia,2022,58,
HR,Croatia,SI,Slovenia,2023,56,
HR,Croatia,SI,Slovenia,2024,59,
HR,Croatia,SI,Slovenia,2025,60,
HR,Croatia,SK,Slovakia,2004,1,
HR,Croatia,SK,Slovakia,2005,1,
HR,Croatia,SK,Slovakia,2006,1,
HR,Croatia,SK,Slovakia,2007,2,
HR,Croatia,SK,Slovakia,2008,2,
HR,Croatia,SK,Slovakia,2009,2,
HR,Croatia,SK,Slovakia,2010,0,
HR,Croatia,SK,Slovakia,2011,1,
HR,Croatia,SK,Slovakia,2012,1,
HR,Croatia,SK,Slovakia,2013,1,
HR,Croatia,SK,Slovakia,2014,1,
HR,Croatia,SK,Slovakia,2015,1,
HR,Croatia,SK,Slovakia,2016,1,
HR,Croatia,SK,Slovakia,2017,1,
HR,Croatia,SK,Slovakia,2018,1,
HR,Croatia,SK,Slovakia,2019,0,
HR,Croatia,SK,Slovakia,2020,0,
HR,Croatia,SK,Slovakia,2021,5,
HR,Croatia,SK,Slovakia,2022,6,
HR,Croatia,TR,Türkiye,2004,0,
HR,Croatia,TR,Türkiye,2005,0,
HR,Croatia,TR,Türkiye,2006,0,
HR,Croatia,TR,Türkiye,2007,1,
HR,Croatia,TR,Türkiye,2008,1,
HR,Croatia,TR,Türkiye,2009,1,
HR,Croatia,TR,Türkiye,2010,1,
HR,Croatia,TR,Türkiye,2011,1,
HR,Croatia,TR,Türkiye,2012,1,
HR,Croatia,TR,Türkiye,2013,0,
HR,Croatia,TR,Türkiye,2015,0,
HR,Croatia,TR,Türkiye,2016,0,
HU,Hungary,BE,Belgium,2004,0,
HU,Hungary,BE,Belgium,2005,0,
HU,Hungary,BE,Belgium,2006,0,
HU,Hungary,BE,Belgium,2007,0,
HU,Hungary,BE,Belgium,2008,0,
HU,Hungary,BE,Belgium,2009,0,
HU,Hungary,BE,Belgium,2010,0,
HU,Hungary,BE,Belgium,2011,0,
HU,Hungary,BG,Bulgaria,2006,2,
HU,Hungary,BG,Bulgaria,2007,2,
HU,Hungary,BG,Bulgaria,2008,1,
HU,Hungary,BG,Bulgaria,2009,2,
HU,Hungary,BG,Bulgaria,2010,3,
HU,Hungary,BG,Bulgaria,2011,2,
HU,Hungary,BG,Bulgaria,2012,2,
HU,Hungary,BG,Bulgaria,2013,2,
HU,Hungary,BG,Bulgaria,2014,3,
HU,Hungary,BG,Bulgaria,2015,2,
HU,Hungary,BG,Bulgaria,2016,2,
HU,Hungary,BG,Bulgaria,2017,3,
HU,Hungary,BG,Bulgaria,2018,1,
HU,Hungary,BG,Bulgaria,2019,1,
HU,Hungary,BG,Bulgaria,2020,0,
HU,Hungary,BG,Bulgaria,2021,0,
HU,Hungary,BG,Bulgaria,2022,1,
HU,Hungary,BG,Bulgaria,2023,1,
HU,Hungary,BG,Bulgaria,2024,1,
HU,Hungary,BG,Bulgaria,2025,1,
HU,Hungary,CZ,Czechia,2004,8,
HU,Hungary,CZ,Czechia,2005,1,
HU,Hungary,CZ,Czechia,2006,36,
HU,Hungary,CZ,Czechia,2007,17,
HU,Hungary,CZ,Czechia,2008,9,
HU,Hungary,CZ,Czechia,2009,9,
HU,Hungary,CZ,Czechia,2010,10,
HU,Hungary,CZ,Czechia,2011,18,
HU,Hungary,CZ,Czechia,2012,18,
HU,Hungary,CZ,Czechia,2013,36,
HU,Hungary,CZ,Czechia,2014,39,
HU,Hungary,CZ,Czechia,2015,40,
HU,Hungary,CZ,Czechia,2016,73,
HU,Hungary,CZ,Czechia,2017,129,
HU,Hungary,CZ,Czechia,2018,152,
HU,Hungary,CZ,Czechia,2019,158,
HU,Hungary,CZ,Czechia,2020,34,
HU,Hungary,CZ,Czechia,2021,65,
HU,Hungary,CZ,Czechia,2022,169,
HU,Hungary,CZ,Czechia,2023,203,
HU,Hungary,CZ,Czechia,2024,219,
HU,Hungary,CZ,Czechia,2025,228,
HU,Hungary,DE,Germany,2004,119,
HU,Hungary,DE,Germany,2005,58,
HU,Hungary,DE,Germany,2006,30,
HU,Hungary,DE,Germany,2007,80,
HU,Hungary,DE,Germany,2008,38,
HU,Hungary,DE,Germany,2009,66,
HU,Hungary,DE,Germany,2010,65,
HU,Hungary,DE,Germany,2011,0,
HU,Hungary,DE,Germany,2012,96,
HU,Hungary,DE,Germany,2013,68,
HU,Hungary,DE,Germany,2014,101,
HU,Hungary,DE,Germany,2015,139,
HU,Hungary,DE,Germany,2016,111,
HU,Hungary,DE,Germany,2017,119,
HU,Hungary,DE,Germany,2018,80,
HU,Hungary,DE,Germany,2019,109,
HU,Hungary,DE,Germany,2020,26,
HU,Hungary,DE,Germany,2021,69,
HU,Hungary,DE,Germany,2022,183,
HU,Hungary,DE,Germany,2023,173,
HU,Hungary,DE,Germany,2024,177,
HU,Hungary,DE,Germany,2025,142,
HU,Hungary,DK,Denmark,2004,1,
HU,Hungary,DK,Denmark,2005,0,
HU,Hungary,DK,Denmark,2006,1,
HU,Hungary,DK,Denmark,2007,1,
HU,Hungary,DK,Denmark,2011,1,
HU,Hungary,DK,Denmark,2012,1,
HU,Hungary,EL,Greece,2004,0,
HU,Hungary,EL,Greece,2005,0,
HU,Hungary,EL,Greece,2006,0,
HU,Hungary,EL,Greece,2007,0,
HU,Hungary,FR,France,2004,0,
HU,Hungary,FR,France,2005,0,
HU,Hungary,FR,France,2006,0,
HU,Hungary,FR,France,2007,0,
HU,Hungary,FR,France,2008,0,
HU,Hungary,FR,France,2009,0,
HU,Hungary,HR,Croatia,2004,34,
HU,Hungary,HR,Croatia,2005,34,
HU,Hungary,HR,Croatia,2006,32,
HU,Hungary,HR,Croatia,2007,29,
HU,Hungary,HR,Croatia,2008,31,
HU,Hungary,HR,Croatia,2009,28,
HU,Hungary,HR,Croatia,2010,26,
HU,Hungary,HR,Croatia,2011,32,
HU,Hungary,HR,Croatia,2012,35,
HU,Hungary,HR,Croatia,2013,29,
HU,Hungary,HR,Croatia,2014,29,
HU,Hungary,HR,Croatia,2015,31,
HU,Hungary,HR,Croatia,2016,28,
HU,Hungary,HR,Croatia,2017,32,
HU,Hungary,HR,Croatia,2018,30,
HU,Hungary,HR,Croatia,2019,30,
HU,Hungary,HR,Croatia,2020,2,
HU,Hungary,HR,Croatia,2021,7,
HU,Hungary,HR,Croatia,2022,17,
HU,Hungary,HR,Croatia,2023,24,
HU,Hungary,HR,Croatia,2024,22,
HU,Hungary,HR,Croatia,2025,17,
HU,Hungary,IT,Italy,2004,2,
HU,Hungary,IT,Italy,2005,4,
HU,Hungary,IT,Italy,2006,16,
HU,Hungary,IT,Italy,2007,17,
HU,Hungary,LT,Lithuania,2004,0,
HU,Hungary,LT,Lithuania,2005,0,
HU,Hungary,LT,Lithuania,2007,0,
HU,Hungary,LT,Lithuania,2009,0,
HU,Hungary,LT,Lithuania,2010,0,
HU,Hungary,LT,Lithuania,2011,0,
HU,Hungary,LU,Luxembourg,2004,0,
HU,Hungary,LU,Luxembourg,2005,0,
HU,Hungary,LU,Luxembourg,2007,0,
HU,Hungary,LU,Luxembourg,2008,0,
HU,Hungary,LU,Luxembourg,2009,0,
HU,Hungary,LU,Luxembourg,2010,0,
HU,Hungary,LU,Luxembourg,2011,0,
HU,Hungary,LU,Luxembourg,2012,0,
HU,Hungary,LU,Luxembourg,2013,0,
HU,Hungary,LU,Luxembourg,2014,0,
HU,Hungary,LU,Luxembourg,2015,0,
HU,Hungary,LU,Luxembourg,2016,0,
HU,Hungary,LU,Luxembourg,2017,0,
HU,Hungary,LU,Luxembourg,2018,0,
HU,Hungary,LU,Luxembourg,2019,0,
HU,Hungary,LU,Luxembourg,2020,0,
HU,Hungary,LU,Luxembourg,2021,0,
HU,Hungary,LU,Luxembourg,2022,0,
HU,Hungary,LU,Luxembourg,2023,0,
HU,Hungary,LU,Luxembourg,2024,0,
HU,Hungary,LU,Luxembourg,2025,0,
HU,Hungary,MK,North Macedonia,2009,0,
HU,Hungary,MK,North Macedonia,2010,0,
HU,Hungary,MK,North Macedonia,2011,0,
HU,Hungary,MK,North Macedonia,2012,0,
HU,Hungary,MK,North Macedonia,2015,0,
HU,Hungary,MK,North Macedonia,2018,0,
HU,Hungary,MK,North Macedonia,2019,0,
HU,Hungary,MK,North Macedonia,2020,0,
HU,Hungary,MK,North Macedonia,2021,0,
HU,Hungary,PL,Poland,2004,16,
HU,Hungary,PL,Poland,2005,17,
HU,Hungary,PL,Poland,2006,13,
HU,Hungary,PL,Poland,2007,11,
HU,Hungary,PL,Poland,2008,7,
HU,Hungary,PL,Poland,2009,5,
HU,Hungary,PL,Poland,2010,4,
HU,Hungary,PL,Poland,2011,4,
HU,Hungary,PL,Poland,2012,3,
HU,Hungary,PL,Poland,2013,3,
HU,Hungary,PL,Poland,2014,6,
HU,Hungary,PL,Poland,2015,5,
HU,Hungary,PL,Poland,2016,5,
HU,Hungary,PL,Poland,2017,6,
HU,Hungary,PL,Poland,2018,9,
HU,Hungary,RO,Romania,2004,67,
HU,Hungary,RO,Romania,2005,71,
HU,Hungary,RO,Romania,2006,63,
HU,Hungary,RO,Romania,2007,67,
HU,Hungary,RO,Romania,2008,59,
HU,Hungary,RO,Romania,2009,50,
HU,Hungary,RO,Romania,2010,48,
HU,Hungary,RO,Romania,2011,7,
HU,Hungary,RO,Romania,2012,8,
HU,Hungary,RO,Romania,2013,54,
HU,Hungary,RO,Romania,2014,63,
HU,Hungary,RO,Romania,2015,65,
HU,Hungary,RO,Romania,2016,57,
HU,Hungary,RO,Romania,2017,62,
HU,Hungary,RO,Romania,2018,66,
HU,Hungary,RO,Romania,2019,65,
HU,Hungary,RO,Romania,2020,25,
HU,Hungary,RO,Romania,2021,35,
HU,Hungary,RO,Romania,2022,85,
HU,Hungary,RO,Romania,2023,128,
HU,Hungary,RO,Romania,2024,104,
HU,Hungary,RO,Romania,2025,98,
HU,Hungary,SI,Slovenia,2004,17,
HU,Hungary,SI,Slovenia,2005,19,
HU,Hungary,SI,Slovenia,2006,11,
HU,Hungary,SI,Slovenia,2007,8,
HU,Hungary,SI,Slovenia,2008,10,
HU,Hungary,SI,Slovenia,2009,12,
HU,Hungary,SI,Slovenia,2010,10,
HU,Hungary,SI,Slovenia,2011,11,
HU,Hungary,SI,Slovenia,2012,11,
HU,Hungary,SI,Slovenia,2013,6,
HU,Hungary,SI,Slovenia,2014,7,
HU,Hungary,SI,Slovenia,2015,10,
HU,Hungary,SI,Slovenia,2016,12,
HU,Hungary,SI,Slovenia,2017,12,
HU,Hungary,SI,Slovenia,2018,12,
HU,Hungary,SI,Slovenia,2019,12,
HU,Hungary,SI,Slovenia,2020,1,
HU,Hungary,SI,Slovenia,2021,3,
HU,Hungary,SI,Slovenia,2022,8,
HU,Hungary,SI,Slovenia,2023,15,
HU,Hungary,SI,Slovenia,2024,19,
HU,Hungary,SI,Slovenia,2025,23,
HU,Hungary,SK,Slovakia,2004,62,
HU,Hungary,SK,Slovakia,2005,77,
HU,Hungary,SK,Slovakia,2006,89,
HU,Hungary,SK,Slovakia,2007,85,
HU,Hungary,SK,Slovakia,2008,106,
HU,Hungary,SK,Slovakia,2009,97,
HU,Hungary,SK,Slovakia,2010,45,
HU,Hungary,SK,Slovakia,2011,115,
HU,Hungary,SK,Slovakia,2012,136,
HU,Hungary,SK,Slovakia,2013,126,
HU,Hungary,SK,Slovakia,2014,130,
HU,Hungary,SK,Slovakia,2015,118,
HU,Hungary,SK,Slovakia,2016,156,
HU,Hungary,SK,Slovakia,2017,159,
HU,Hungary,SK,Slovakia,2018,171,
HU,Hungary,SK,Slovakia,2019,179,
HU,Hungary,SK,Slovakia,2020,38,
HU,Hungary,SK,Slovakia,2021,49,
HU,Hungary,SK,Slovakia,2022,130,
HU,Hungary,TR,Türkiye,2004,1,
HU,Hungary,TR,Türkiye,2005,1,
HU,Hungary,TR,Türkiye,2006,1,
HU,Hungary,TR,Türkiye,2007,1,
HU,Hungary,TR,Türkiye,2008,12,
HU,Hungary,TR,Türkiye,2009,1,
HU,Hungary,TR,Türkiye,2010,1,
HU,Hungary,TR,Türkiye,2011,1,
HU,Hungary,TR,Türkiye,2012,1,
HU,Hungary,TR,Türkiye,2013,1,
HU,Hungary,TR,Türkiye,2014,1,
HU,Hungary,TR,Türkiye,2015,1,
HU,Hungary,TR,Türkiye,2016,0,
HU,Hungary,UA,Ukraine,2025,94,
IE,Ireland,BG,Bulgaria,2006,1,
IE,Ireland,BG,Bulgaria,2007,1,
IE,Ireland,BG,Bulgaria,2008,7,
IE,Ireland,BG,Bulgaria,2009,4,
IE,Ireland,BG,Bulgaria,2010,5,
IE,Ireland,BG,Bulgaria,2011,3,
IE,Ireland,BG,Bulgaria,2012,4,
IE,Ireland,BG,Bulgaria,2013,4,
IE,Ireland,BG,Bulgaria,2014,4,
IE,Ireland,BG,Bulgaria,2015,4,
IE,Ireland,BG,Bulgaria,2016,2,
IE,Ireland,BG,Bulgaria,2017,1,
IE,Ireland,BG,Bulgaria,2018,2,
IE,Ireland,BG,Bulgaria,2019,2,
IE,Ireland,BG,Bulgaria,2020,0,
IE,Ireland,CZ,Czechia,2004,0,
IE,Ireland,DE,Germany,2005,0,
IE,Ireland,DE,Germany,2006,0,
IE,Ireland,DE,Germany,2007,0,
IE,Ireland,DE,Germany,2008,0,
IE,Ireland,FR,France,2004,0,
IE,Ireland,HU,Hungary,2004,3,
IE,Ireland,HU,Hungary,2005,6,
IE,Ireland,HU,Hungary,2006,6,
IE,Ireland,HU,Hungary,2007,3,
IE,Ireland,HU,Hungary,2008,2,
IE,Ireland,HU,Hungary,2009,2,
IE,Ireland,HU,Hungary,2010,7,
IE,Ireland,HU,Hungary,2011,1,
IE,Ireland,HU,Hungary,2012,0,
IE,Ireland,HU,Hungary,2013,1,
IE,Ireland,HU,Hungary,2014,1,
IE,Ireland,PL,Poland,2004,0,
IE,Ireland,PL,Poland,2005,0,
IE,Ireland,PL,Poland,2006,0,
IE,Ireland,RO,Romania,2004,0,
IE,Ireland,RO,Romania,2005,0,
IE,Ireland,RO,Romania,2006,0,
IE,Ireland,RO,Romania,2007,0,
IE,Ireland,RO,Romania,2010,2,
IE,Ireland,SI,Slovenia,2004,0,
IE,Ireland,SI,Slovenia,2005,0,
IE,Ireland,SI,Slovenia,2006,0,
IE,Ireland,SI,Slovenia,2009,0,
IE,Ireland,SI,Slovenia,2010,0,
IE,Ireland,SI,Slovenia,2011,0,
IE,Ireland,SI,Slovenia,2012,0,
IE,Ireland,SI,Slovenia,2016,0,
IE,Ireland,SI,Slovenia,2017,0,
IE,Ireland,SI,Slovenia,2018,0,
IE,Ireland,SI,Slovenia,2019,0,
IE,Ireland,SI,Slovenia,2025,0,
IE,Ireland,SK,Slovakia,2004,0,
IE,Ireland,SK,Slovakia,2005,0,
IE,Ireland,SK,Slovakia,2006,0,
IE,Ireland,SK,Slovakia,2007,0,
IE,Ireland,TR,Türkiye,2004,2,
IE,Ireland,TR,Türkiye,2005,2,
IE,Ireland,TR,Türkiye,2007,3,
IE,Ireland,TR,Türkiye,2008,4,
IE,Ireland,TR,Türkiye,2009,2,
IE,Ireland,TR,Türkiye,2010,2,
IE,Ireland,TR,Türkiye,2011,5,
IE,Ireland,TR,Türkiye,2012,1,
IE,Ireland,TR,Türkiye,2013,1,
IE,Ireland,TR,Türkiye,2014,2,
IE,Ireland,TR,Türkiye,2015,2,
IE,Ireland,TR,Türkiye,2016,0,
IE,Ireland,UK,United Kingdom,2004,400,
IE,Ireland,UK,United Kingdom,2005,406,
IE,Ireland,UK,United Kingdom,2006,420,
IE,Ireland,UK,United Kingdom,2007,451,
IE,Ireland,UK,United Kingdom,2008,423,
IE,Ireland,UK,United Kingdom,2009,340,
IE,Ireland,UK,United Kingdom,2010,396,
IE,Ireland,UK,United Kingdom,2011,368,
IE,Ireland,UK,United Kingdom,2012,415,
IE,Ireland,UK,United Kingdom,2013,407,
IE,Ireland,UK,United Kingdom,2014,428,
IE,Ireland,UK,United Kingdom,2015,402,
IE,Ireland,UK,United Kingdom,2016,429,
IE,Ireland,UK,United Kingdom,2017,466,
IE,Ireland,UK,United Kingdom,2018,487,
IE,Ireland,UK,United Kingdom,2019,454,
IR,Iran,TR,Türkiye,2018,0,
IR,Iran,TR,Türkiye,2019,0,
IR,Iran,TR,Türkiye,2025,16,
IS,Iceland,RO,Romania,2004,0,
IS,Iceland,RO,Romania,2005,0,
IS,Iceland,RO,Romania,2006,0,
IS,Iceland,RO,Romania,2007,0,
IT,Italy,BE,Belgium,2004,0,
IT,Italy,BE,Belgium,2005,0,
IT,Italy,BE,Belgium,2007,0,
IT,Italy,BE,Belgium,2008,1,
IT,Italy,BG,Bulgaria,2006,1,
IT,Italy,BG,Bulgaria,2007,1,
IT,Italy,BG,Bulgaria,2008,22,
IT,Italy,BG,Bulgaria,2009,16,
IT,Italy,BG,Bulgaria,2010,24,
IT,Italy,BG,Bulgaria,2011,17,
IT,Italy,BG,Bulgaria,2012,15,
IT,Italy,BG,Bulgaria,2013,13,
IT,Italy,BG,Bulgaria,2014,16,
IT,Italy,BG,Bulgaria,2015,5,
IT,Italy,BG,Bulgaria,2016,5,
IT,Italy,BG,Bulgaria,2017,5,
IT,Italy,BG,Bulgaria,2018,5,
IT,Italy,BG,Bulgaria,2019,6,
IT,Italy,BG,Bulgaria,2020,1,
IT,Italy,BG,Bulgaria,2021,0,
IT,Italy,BG,Bulgaria,2022,1,
IT,Italy,BG,Bulgaria,2023,1,
IT,Italy,BG,Bulgaria,2024,1,
IT,Italy,BG,Bulgaria,2025,1,
IT,Italy,CH,Switzerland,2008,1484,
IT,Italy,CH,Switzerland,2009,1409,
IT,Italy,CH,Switzerland,2010,1601,
IT,Italy,CH,Switzerland,2011,1618,
IT,Italy,CH,Switzerland,2012,1865,
IT,Italy,CH,Switzerland,2013,1825,
IT,Italy,CH,Switzerland,2014,1783,
IT,Italy,CH,Switzerland,2015,1131,
IT,Italy,CH,Switzerland,2016,1086,
IT,Italy,CH,Switzerland,2017,1102,
IT,Italy,CH,Switzerland,2018,1139,
IT,Italy,CH,Switzerland,2019,1244,
IT,Italy,CH,Switzerland,2020,510,
IT,Italy,CH,Switzerland,2021,592,
IT,Italy,CH,Switzerland,2022,1202,
IT,Italy,CH,Switzerland,2023,1379,
IT,Italy,CH,Switzerland,2024,1308,
IT,Italy,CH,Switzerland,2025,1383,
IT,Italy,CZ,Czechia,2004,1,
IT,Italy,CZ,Czechia,2005,1,
IT,Italy,CZ,Czechia,2006,0,
IT,Italy,CZ,Czechia,2008,1,
IT,Italy,CZ,Czechia,2009,0,
IT,Italy,CZ,Czechia,2011,0,
IT,Italy,CZ,Czechia,2013,0,
IT,Italy,CZ,Czechia,2014,0,
IT,Italy,CZ,Czechia,2015,0,
IT,Italy,CZ,Czechia,2016,0,
IT,Italy,CZ,Czechia,2017,0,
IT,Italy,CZ,Czechia,2018,0,
IT,Italy,CZ,Czechia,2019,0,
IT,Italy,CZ,Czechia,2020,0,
IT,Italy,CZ,Czechia,2021,1,
IT,Italy,CZ,Czechia,2022,1,
IT,Italy,CZ,Czechia,2023,1,
IT,Italy,CZ,Czechia,2024,0,
IT,Italy,CZ,Czechia,2025,0,
IT,Italy,DE,Germany,2004,526,
IT,Italy,DE,Germany,2005,250,
IT,Italy,DE,Germany,2006,260,
IT,Italy,DE,Germany,2007,358,
IT,Italy,DE,Germany,2008,252,
IT,Italy,DE,Germany,2009,425,
IT,Italy,DE,Germany,2010,298,
IT,Italy,DE,Germany,2011,535,
IT,Italy,DE,Germany,2012,416,
IT,Italy,DE,Germany,2013,354,
IT,Italy,DE,Germany,2014,352,
IT,Italy,DE,Germany,2015,434,
IT,Italy,DE,Germany,2016,304,
IT,Italy,DE,Germany,2017,372,
IT,Italy,DE,Germany,2018,278,
IT,Italy,DE,Germany,2019,465,
IT,Italy,DE,Germany,2020,104,
IT,Italy,DE,Germany,2021,234,
IT,Italy,DE,Germany,2022,498,
IT,Italy,DE,Germany,2023,525,
IT,Italy,DE,Germany,2024,487,
IT,Italy,DE,Germany,2025,483,
IT,Italy,DK,Denmark,2004,1,
IT,Italy,DK,Denmark,2005,0,
IT,Italy,DK,Denmark,2012,1,
IT,Italy,ES,Spain,2004,30,
IT,Italy,ES,Spain,2005,29,
IT,Italy,ES,Spain,2006,28,
IT,Italy,ES,Spain,2007,24,
IT,Italy,ES,Spain,2008,16,
IT,Italy,ES,Spain,2009,16,
IT,Italy,ES,Spain,2010,13,
IT,Italy,ES,Spain,2011,12,
IT,Italy,ES,Spain,2012,9,
IT,Italy,ES,Spain,2017,0,
IT,Italy,FR,France,2004,710,
IT,Italy,FR,France,2005,946,
IT,Italy,FR,France,2006,913,
IT,Italy,FR,France,2007,883,
IT,Italy,FR,France,2008,855,
IT,Italy,FR,France,2009,870,
IT,Italy,HR,Croatia,2004,6,
IT,Italy,HR,Croatia,2005,6,
IT,Italy,HR,Croatia,2006,19,
IT,Italy,HR,Croatia,2007,11,
IT,Italy,HR,Croatia,2008,12,
IT,Italy,HR,Croatia,2009,13,
IT,Italy,HR,Croatia,2010,12,
IT,Italy,HR,Croatia,2011,11,
IT,Italy,HR,Croatia,2012,0,
IT,Italy,HR,Croatia,2013,0,
IT,Italy,HR,Croatia,2014,0,
IT,Italy,HR,Croatia,2019,0,
IT,Italy,HU,Hungary,2004,24,
IT,Italy,HU,Hungary,2005,23,
IT,Italy,HU,Hungary,2006,36,
IT,Italy,HU,Hungary,2007,40,
IT,Italy,HU,Hungary,2008,37,
IT,Italy,HU,Hungary,2009,39,
IT,Italy,HU,Hungary,2010,37,
IT,Italy,HU,Hungary,2011,42,
IT,Italy,HU,Hungary,2012,12,
IT,Italy,HU,Hungary,2013,9,
IT,Italy,HU,Hungary,2014,7,
IT,Italy,LT,Lithuania,2005,0,
IT,Italy,LT,Lithuania,2007,0,
IT,Italy,LT,Lithuania,2010,0,
IT,Italy,LU,Luxembourg,2004,1,
IT,Italy,LU,Luxembourg,2005,1,
IT,Italy,LU,Luxembourg,2006,0,
IT,Italy,LU,Luxembourg,2008,0,
IT,Italy,LU,Luxembourg,2010,0,
IT,Italy,LU,Luxembourg,2011,0,
IT,Italy,LU,Luxembourg,2012,0,
IT,Italy,LU,Luxembourg,2013,0,
IT,Italy,LU,Luxembourg,2014,0,
IT,Italy,LU,Luxembourg,2015,0,
IT,Italy,LU,Luxembourg,2016,0,
IT,Italy,LU,Luxembourg,2017,0,
IT,Italy,LU,Luxembourg,2018,0,
IT,Italy,LU,Luxembourg,2019,0,
IT,Italy,LU,Luxembourg,2020,0,
IT,Italy,LU,Luxembourg,2021,0,
IT,Italy,LU,Luxembourg,2022,0,
IT,Italy,LU,Luxembourg,2023,0,
IT,Italy,LU,Luxembourg,2024,0,
IT,Italy,LU,Luxembourg,2025,0,
IT,Italy,NL,Netherlands,2004,30,
IT,Italy,NL,Netherlands,2005,10,
IT,Italy,NL,Netherlands,2006,5,
IT,Italy,PL,Poland,2004,2,
IT,Italy,PL,Poland,2005,1,
IT,Italy,PL,Poland,2006,3,
IT,Italy,PL,Poland,2007,3,
IT,Italy,PL,Poland,2008,2,
IT,Italy,PL,Poland,2009,3,
IT,Italy,PL,Poland,2010,1,
IT,Italy,PL,Poland,2011,1,
IT,Italy,PL,Poland,2012,1,
IT,Italy,PL,Poland,2013,1,
IT,Italy,PL,Poland,2014,1,
IT,Italy,PL,Poland,2015,0,
IT,Italy,RO,Romania,2004,16,
IT,Italy,RO,Romania,2005,6,
IT,Italy,RO,Romania,2006,2,
IT,Italy,RO,Romania,2007,10,
IT,Italy,RO,Romania,2008,6,
IT,Italy,RO,Romania,2009,12,
IT,Italy,RO,Romania,2010,12,
IT,Italy,RO,Romania,2011,0,
IT,Italy,RO,Romania,2012,0,
IT,Italy,RO,Romania,2013,0,
IT,Italy,RO,Romania,2014,0,
IT,Italy,SI,Slovenia,2004,20,
IT,Italy,SI,Slovenia,2005,16,
IT,Italy,SI,Slovenia,2006,25,
IT,Italy,SI,Slovenia,2007,20,
IT,Italy,SI,Slovenia,2008,14,
IT,Italy,SI,Slovenia,2009,12,
IT,Italy,SI,Slovenia,2010,6,
IT,Italy,SI,Slovenia,2011,7,
IT,Italy,SI,Slovenia,2012,1,
IT,Italy,SI,Slovenia,2013,1,
IT,Italy,SI,Slovenia,2014,1,
IT,Italy,SI,Slovenia,2015,0,
IT,Italy,SI,Slovenia,2016,0,
IT,Italy,SI,Slovenia,2019,11,
IT,Italy,SI,Slovenia,2020,4,
IT,Italy,SI,Slovenia,2021,5,
IT,Italy,SI,Slovenia,2022,21,
IT,Italy,SI,Slovenia,2023,12,
IT,Italy,SI,Slovenia,2024,7,
IT,Italy,SI,Slovenia,2025,4,
IT,Italy,SK,Slovakia,2004,5,
IT,Italy,SK,Slovakia,2005,3,
IT,Italy,SK,Slovakia,2006,4,
IT,Italy,SK,Slovakia,2010,0,
IT,Italy,SK,Slovakia,2017,0,
IT,Italy,SK,Slovakia,2018,0,
IT,Italy,SK,Slovakia,2019,0,
IT,Italy,SK,Slovakia,2020,0,
IT,Italy,SK,Slovakia,2021,0,
IT,Italy,TR,Türkiye,2004,2,
IT,Italy,TR,Türkiye,2005,2,
IT,Italy,TR,Türkiye,2007,13,
IT,Italy,TR,Türkiye,2008,18,
IT,Italy,TR,Türkiye,2009,10,
IT,Italy,TR,Türkiye,2010,12,
IT,Italy,TR,Türkiye,2011,7,
IT,Italy,TR,Türkiye,2012,6,
IT,Italy,TR,Türkiye,2013,4,
IT,Italy,TR,Türkiye,2014,6,
IT,Italy,TR,Türkiye,2015,4,
IT,Italy,TR,Türkiye,2016,2,
KP,North Korea,BG,Bulgaria,2008,0,
KZ,Kazakhstan,BG,Bulgaria,2006,0,
KZ,Kazakhstan,BG,Bulgaria,2007,0,
KZ,Kazakhstan,BG,Bulgaria,2009,0,
KZ,Kazakhstan,BG,Bulgaria,2010,0,
KZ,Kazakhstan,BG,Bulgaria,2011,0,
KZ,Kazakhstan,BG,Bulgaria,2013,0,
KZ,Kazakhstan,BG,Bulgaria,2014,0,
KZ,Kazakhstan,PL,Poland,2004,1,
KZ,Kazakhstan,PL,Poland,2005,1,
KZ,Kazakhstan,PL,Poland,2006,1,
KZ,Kazakhstan,PL,Poland,2007,1,
KZ,Kazakhstan,PL,Poland,2008,1,
KZ,Kazakhstan,PL,Poland,2009,1,
KZ,Kazakhstan,PL,Poland,2010,0,
KZ,Kazakhstan,PL,Poland,2011,0,
KZ,Kazakhstan,PL,Poland,2012,0,
KZ,Kazakhstan,PL,Poland,2013,0,
LI,Liechtenstein,RO,Romania,2004,0,
LI,Liechtenstein,RO,Romania,2005,0,
LI,Liechtenstein,RO,Romania,2006,0,
LI,Liechtenstein,RO,Romania,2007,0,
LI,Liechtenstein,SK,Slovakia,2010,0,
LT,Lithuania,BG,Bulgaria,2008,0,
LT,Lithuania,BG,Bulgaria,2010,0,
LT,Lithuania,CZ,Czechia,2004,0,
LT,Lithuania,CZ,Czechia,2006,0,
LT,Lithuania,CZ,Czechia,2007,0,
LT,Lithuania,CZ,Czechia,2008,0,
LT,Lithuania,CZ,Czechia,2009,0,
LT,Lithuania,CZ,Czechia,2010,0,
LT,Lithuania,CZ,Czechia,2011,0,
LT,Lithuania,CZ,Czechia,2012,0,
LT,Lithuania,CZ,Czechia,2013,0,
LT,Lithuania,CZ,Czechia,2014,0,
LT,Lithuania,CZ,Czechia,2017,0,
LT,Lithuania,DE,Germany,2004,7,
LT,Lithuania,DE,Germany,2005,0,
LT,Lithuania,DE,Germany,2006,1,
LT,Lithuania,DE,Germany,2007,1,
LT,Lithuania,DE,Germany,2008,0,
LT,Lithuania,DK,Denmark,2004,0,
LT,Lithuania,HR,Croatia,2005,0,
LT,Lithuania,HR,Croatia,2009,0,
LT,Lithuania,HR,Croatia,2010,0,
LT,Lithuania,HR,Croatia,2013,0,
LT,Lithuania,HU,Hungary,2004,0,
LT,Lithuania,HU,Hungary,2005,0,
LT,Lithuania,HU,Hungary,2008,0,
LT,Lithuania,HU,Hungary,2009,0,
LT,Lithuania,HU,Hungary,2010,0,
LT,Lithuania,HU,Hungary,2011,0,
LT,Lithuania,HU,Hungary,2012,0,
LT,Lithuania,HU,Hungary,2013,0,
LT,Lithuania,LV,Latvia,2004,1,
LT,Lithuania,LV,Latvia,2005,1,
LT,Lithuania,LV,Latvia,2006,2,
LT,Lithuania,LV,Latvia,2007,1,
LT,Lithuania,LV,Latvia,2008,0,
LT,Lithuania,LV,Latvia,2009,0,
LT,Lithuania,LV,Latvia,2010,0,
LT,Lithuania,LV,Latvia,2011,0,
LT,Lithuania,LV,Latvia,2012,0,
LT,Lithuania,LV,Latvia,2013,0,
LT,Lithuania,LV,Latvia,2014,1,
LT,Lithuania,LV,Latvia,2015,0,
LT,Lithuania,LV,Latvia,2018,0,
LT,Lithuania,LV,Latvia,2019,0,
LT,Lithuania,LV,Latvia,2020,0,
LT,Lithuania,LV,Latvia,2024,32,
LT,Lithuania,LV,Latvia,2025,33,
LT,Lithuania,PL,Poland,2004,10,
LT,Lithuania,PL,Poland,2005,5,
LT,Lithuania,PL,Poland,2006,5,
LT,Lithuania,PL,Poland,2007,6,
LT,Lithuania,PL,Poland,2008,7,
LT,Lithuania,PL,Poland,2009,6,
LT,Lithuania,PL,Poland,2010,6,
LT,Lithuania,PL,Poland,2011,5,
LT,Lithuania,PL,Poland,2012,3,
LT,Lithuania,PL,Poland,2013,1,
LT,Lithuania,PL,Poland,2016,0,
LT,Lithuania,PL,Poland,2017,0,
LT,Lithuania,PL,Poland,2018,1,
LT,Lithuania,RO,Romania,2004,0,
LT,Lithuania,RO,Romania,2005,0,
LT,Lithuania,RO,Romania,2006,0,
LT,Lithuania,RO,Romania,2007,0,
LT,Lithuania,RO,Romania,2010,1,
LT,Lithuania,SI,Slovenia,2005,0,
LT,Lithuania,SI,Slovenia,2007,0,
LT,Lithuania,SI,Slovenia,2008,0,
LT,Lithuania,SI,Slovenia,2009,0,
LT,Lithuania,SI,Slovenia,2010,0,
LT,Lithuania,SI,Slovenia,2011,0,
LT,Lithuania,SI,Slovenia,2012,0,
LT,Lithuania,SK,Slovakia,2004,0,
LT,Lithuania,SK,Slovakia,2005,0,
LT,Lithuania,SK,Slovakia,2006,0,
LT,Lithuania,SK,Slovakia,2007,0,
LT,Lithuania,SK,Slovakia,2008,0,
LT,Lithuania,SK,Slovakia,2009,0,
LT,Lithuania,SK,Slovakia,2010,0,
LT,Lithuania,SK,Slovakia,2011,0,
LT,Lithuania,SK,Slovakia,2012,0,
LT,Lithuania,SK,Slovakia,2013,0,
LU,Luxembourg,BE,Belgium,2004,11,
LU,Luxembourg,BE,Belgium,2005,18,
LU,Luxembourg,BE,Belgium,2006,449,
LU,Luxembourg,BE,Belgium,2007,365,
LU,Luxembourg,BE,Belgium,2008,380,
LU,Luxembourg,BE,Belgium,2009,473,
LU,Luxembourg,BE,Belgium,2010,520,
LU,Luxembourg,BE,Belgium,2011,520,
LU,Luxembourg,BG,Bulgaria,2007,0,
LU,Luxembourg,BG,Bulgaria,2008,0,
LU,Luxembourg,BG,Bulgaria,2009,1,
LU,Luxembourg,BG,Bulgaria,2010,1,
LU,Luxembourg,BG,Bulgaria,2011,1,
LU,Luxembourg,BG,Bulgaria,2012,1,
LU,Luxembourg,BG,Bulgaria,2013,1,
LU,Luxembourg,BG,Bulgaria,2014,1,
LU,Luxembourg,BG,Bulgaria,2015,1,
LU,Luxembourg,BG,Bulgaria,2016,1,
LU,Luxembourg,BG,Bulgaria,2017,1,
LU,Luxembourg,BG,Bulgaria,2018,1,
LU,Luxembourg,BG,Bulgaria,2019,1,
LU,Luxembourg,BG,Bulgaria,2020,0,
LU,Luxembourg,BG,Bulgaria,2021,0,
LU,Luxembourg,BG,Bulgaria,2022,1,
LU,Luxembourg,BG,Bulgaria,2023,1,
LU,Luxembourg,BG,Bulgaria,2024,1,
LU,Luxembourg,BG,Bulgaria,2025,1,
LU,Luxembourg,CH,Switzerland,2008,36,
LU,Luxembourg,CH,Switzerland,2009,34,
LU,Luxembourg,CH,Switzerland,2010,38,
LU,Luxembourg,CH,Switzerland,2011,39,
LU,Luxembourg,CH,Switzerland,2012,45,
LU,Luxembourg,CH,Switzerland,2013,44,
LU,Luxembourg,CH,Switzerland,2014,43,
LU,Luxembourg,CH,Switzerland,2015,9,
LU,Luxembourg,CH,Switzerland,2016,9,
LU,Luxembourg,CH,Switzerland,2017,9,
LU,Luxembourg,CH,Switzerland,2018,9,
LU,Luxembourg,CH,Switzerland,2019,10,
LU,Luxembourg,CH,Switzerland,2020,4,
LU,Luxembourg,CH,Switzerland,2021,5,
LU,Luxembourg,CH,Switzerland,2022,10,
LU,Luxembourg,CH,Switzerland,2023,11,
LU,Luxembourg,CH,Switzerland,2024,11,
LU,Luxembourg,CH,Switzerland,2025,11,
LU,Luxembourg,CZ,Czechia,2004,0,
LU,Luxembourg,CZ,Czechia,2005,0,
LU,Luxembourg,CZ,Czechia,2006,0,
LU,Luxembourg,CZ,Czechia,2007,0,
LU,Luxembourg,CZ,Czechia,2008,0,
LU,Luxembourg,CZ,Czechia,2009,0,
LU,Luxembourg,CZ,Czechia,2010,0,
LU,Luxembourg,CZ,Czechia,2011,0,
LU,Luxembourg,CZ,Czechia,2012,0,
LU,Luxembourg,CZ,Czechia,2013,0,
LU,Luxembourg,CZ,Czechia,2016,0,
LU,Luxembourg,CZ,Czechia,2017,0,
LU,Luxembourg,CZ,Czechia,2018,0,
LU,Luxembourg,CZ,Czechia,2019,0,
LU,Luxembourg,CZ,Czechia,2020,0,
LU,Luxembourg,CZ,Czechia,2021,0,
LU,Luxembourg,CZ,Czechia,2022,0,
LU,Luxembourg,CZ,Czechia,2023,0,
LU,Luxembourg,CZ,Czechia,2024,0,
LU,Luxembourg,CZ,Czechia,2025,0,
LU,Luxembourg,DE,Germany,2004,36,
LU,Luxembourg,DE,Germany,2005,41,
LU,Luxembourg,DE,Germany,2006,38,
LU,Luxembourg,DE,Germany,2007,50,
LU,Luxembourg,DE,Germany,2008,54,
LU,Luxembourg,DE,Germany,2022,33,
LU,Luxembourg,DE,Germany,2023,28,
LU,Luxembourg,DE,Germany,2024,22,
LU,Luxembourg,DE,Germany,2025,20,
LU,Luxembourg,DK,Denmark,2004,0,
LU,Luxembourg,DK,Denmark,2005,0,
LU,Luxembourg,DK,Denmark,2006,1,
LU,Luxembourg,DK,Denmark,2007,1,
LU,Luxembourg,DK,Denmark,2008,1,
LU,Luxembourg,DK,Denmark,2010,1,
LU,Luxembourg,DK,Denmark,2011,1,
LU,Luxembourg,DK,Denmark,2012,1,
LU,Luxembourg,EL,Greece,2007,0,
LU,Luxembourg,FR,France,2004,108,
LU,Luxembourg,FR,France,2005,1821,
LU,Luxembourg,FR,France,2006,1451,
LU,Luxembourg,FR,France,2007,1473,
LU,Luxembourg,FR,France,2008,1354,
LU,Luxembourg,FR,France,2009,1364,
LU,Luxembourg,HR,Croatia,2004,0,
LU,Luxembourg,HR,Croatia,2005,0,
LU,Luxembourg,HR,Croatia,2006,0,
LU,Luxembourg,HR,Croatia,2007,0,
LU,Luxembourg,HR,Croatia,2008,0,
LU,Luxembourg,HR,Croatia,2009,0,
LU,Luxembourg,HR,Croatia,2010,0,
LU,Luxembourg,HR,Croatia,2011,0,
LU,Luxembourg,HR,Croatia,2012,0,
LU,Luxembourg,HR,Croatia,2014,0,
LU,Luxembourg,HR,Croatia,2015,0,
LU,Luxembourg,HR,Croatia,2016,0,
LU,Luxembourg,HR,Croatia,2017,0,
LU,Luxembourg,HR,Croatia,2018,0,
LU,Luxembourg,HR,Croatia,2019,0,
LU,Luxembourg,HR,Croatia,2020,0,
LU,Luxembourg,HR,Croatia,2022,0,
LU,Luxembourg,HR,Croatia,2023,0,
LU,Luxembourg,HR,Croatia,2024,0,
LU,Luxembourg,HU,Hungary,2004,0,
LU,Luxembourg,HU,Hungary,2005,0,
LU,Luxembourg,HU,Hungary,2006,0,
LU,Luxembourg,HU,Hungary,2007,0,
LU,Luxembourg,HU,Hungary,2008,0,
LU,Luxembourg,HU,Hungary,2009,0,
LU,Luxembourg,HU,Hungary,2010,0,
LU,Luxembourg,HU,Hungary,2011,1,
LU,Luxembourg,HU,Hungary,2012,0,
LU,Luxembourg,HU,Hungary,2013,0,
LU,Luxembourg,HU,Hungary,2014,0,
LU,Luxembourg,IT,Italy,2004,1,
LU,Luxembourg,IT,Italy,2005,0,
LU,Luxembourg,IT,Italy,2006,0,
LU,Luxembourg,LT,Lithuania,2004,0,
LU,Luxembourg,LT,Lithuania,2005,0,
LU,Luxembourg,PL,Poland,2004,0,
LU,Luxembourg,PL,Poland,2005,0,
LU,Luxembourg,PL,Poland,2006,1,
LU,Luxembourg,PL,Poland,2007,0,
LU,Luxembourg,PL,Poland,2008,0,
LU,Luxembourg,PL,Poland,2009,0,
LU,Luxembourg,PL,Poland,2010,0,
LU,Luxembourg,PL,Poland,2011,0,
LU,Luxembourg,PL,Poland,2012,0,
LU,Luxembourg,PL,Poland,2013,0,
LU,Luxembourg,PL,Poland,2014,0,
LU,Luxembourg,PL,Poland,2015,0,
LU,Luxembourg,PL,Poland,2016,0,
LU,Luxembourg,PL,Poland,2017,0,
LU,Luxembourg,PL,Poland,2018,0,
LU,Luxembourg,RO,Romania,2004,0,
LU,Luxembourg,RO,Romania,2005,0,
LU,Luxembourg,RO,Romania,2006,0,
LU,Luxembourg,RO,Romania,2007,0,
LU,Luxembourg,RO,Romania,2010,4,
LU,Luxembourg,RO,Romania,2011,0,
LU,Luxembourg,RO,Romania,2012,0,
LU,Luxembourg,RO,Romania,2013,0,
LU,Luxembourg,RO,Romania,2014,0,
LU,Luxembourg,RO,Romania,2016,0,
LU,Luxembourg,SI,Slovenia,2004,0,
LU,Luxembourg,SI,Slovenia,2005,0,
LU,Luxembourg,SI,Slovenia,2006,0,
LU,Luxembourg,SI,Slovenia,2007,0,
LU,Luxembourg,SI,Slovenia,2008,0,
LU,Luxembourg,SI,Slovenia,2009,0,
LU,Luxembourg,SI,Slovenia,2010,0,
LU,Luxembourg,SI,Slovenia,2011,0,
LU,Luxembourg,SI,Slovenia,2012,0,
LU,Luxembourg,SI,Slovenia,2013,0,
LU,Luxembourg,SI,Slovenia,2014,0,
LU,Luxembourg,SI,Slovenia,2015,0,
LU,Luxembourg,SI,Slovenia,2016,0,
LU,Luxembourg,SI,Slovenia,2017,0,
LU,Luxembourg,SI,Slovenia,2018,0,
LU,Luxembourg,SI,Slovenia,2019,0,
LU,Luxembourg,SI,Slovenia,2023,0,
LU,Luxembourg,SI,Slovenia,2024,0,
LU,Luxembourg,SI,Slovenia,2025,0,
LU,Luxembourg,SK,Slovakia,2004,0,
LU,Luxembourg,SK,Slovakia,2005,0,
LU,Luxembourg,SK,Slovakia,2006,0,
LU,Luxembourg,SK,Slovakia,2007,0,
LU,Luxembourg,SK,Slovakia,2008,0,
LU,Luxembourg,SK,Slovakia,2011,0,
LU,Luxembourg,SK,Slovakia,2012,0,
LU,Luxembourg,TR,Türkiye,2004,0,
LU,Luxembourg,TR,Türkiye,2005,0,
LU,Luxembourg,TR,Türkiye,2008,0,
LU,Luxembourg,TR,Türkiye,2009,0,
LU,Luxembourg,TR,Türkiye,2010,0,
LU,Luxembourg,TR,Türkiye,2011,0,
LU,Luxembourg,TR,Türkiye,2012,0,
LU,Luxembourg,TR,Türkiye,2013,0,
LU,Luxembourg,TR,Türkiye,2014,0,
LU,Luxembourg,TR,Türkiye,2015,1,
LU,Luxembourg,TR,Türkiye,2016,0,
LV,Latvia,BG,Bulgaria,2008,0,
LV,Latvia,BG,Bulgaria,2013,0,
LV,Latvia,CZ,Czechia,2004,0,
LV,Latvia,EE,Estonia,2024,9,
LV,Latvia,EE,Estonia,2025,16,
LV,Latvia,HU,Hungary,2009,0,
LV,Latvia,HU,Hungary,2010,0,
LV,Latvia,LT,Lithuania,2004,2,
LV,Latvia,LT,Lithuania,2005,1,
LV,Latvia,LT,Lithuania,2006,2,
LV,Latvia,LT,Lithuania,2007,2,
LV,Latvia,LT,Lithuania,2008,1,
LV,Latvia,LT,Lithuania,2009,0,
LV,Latvia,LT,Lithuania,2010,0,
LV,Latvia,LT,Lithuania,2011,0,
LV,Latvia,LT,Lithuania,2012,1,
LV,Latvia,LT,Lithuania,2013,1,
LV,Latvia,LT,Lithuania,2014,0,
LV,Latvia,LT,Lithuania,2015,0,
LV,Latvia,LT,Lithuania,2018,4,
LV,Latvia,LT,Lithuania,2019,4,
LV,Latvia,LT,Lithuania,2020,1,
LV,Latvia,LT,Lithuania,2021,0,
LV,Latvia,LT,Lithuania,2022,0,
LV,Latvia,LT,Lithuania,2023,1,
LV,Latvia,LT,Lithuania,2024,32,
LV,Latvia,LT,Lithuania,2025,33,
LV,Latvia,PL,Poland,2004,0,
LV,Latvia,PL,Poland,2005,0,
LV,Latvia,PL,Poland,2006,0,
LV,Latvia,PL,Poland,2007,0,
LV,Latvia,PL,Poland,2008,0,
LV,Latvia,PL,Poland,2009,0,
LV,Latvia,PL,Poland,2010,0,
LV,Latvia,PL,Poland,2011,0,
LV,Latvia,PL,Poland,2013,0,
LV,Latvia,RO,Romania,2004,0,
LV,Latvia,RO,Romania,2005,0,
LV,Latvia,RO,Romania,2006,0,
LV,Latvia,RO,Romania,2007,0,
LV,Latvia,SK,Slovakia,2006,0,
LV,Latvia,SK,Slovakia,2007,0,
LV,Latvia,SK,Slovakia,2009,0,
MA,Morocco,BG,Bulgaria,2006,0,
MA,Morocco,SI,Slovenia,2004,0,
MA,Morocco,SI,Slovenia,2005,0,
MA,Morocco,SI,Slovenia,2006,0,
MD,Moldova,BG,Bulgaria,2006,1,
MD,Moldova,BG,Bulgaria,2007,0,
MD,Moldova,BG,Bulgaria,2008,0,
MD,Moldova,BG,Bulgaria,2009,0,
MD,Moldova,BG,Bulgaria,2010,0,
MD,Moldova,BG,Bulgaria,2011,0,
MD,Moldova,BG,Bulgaria,2012,0,
MD,Moldova,BG,Bulgaria,2013,0,
MD,Moldova,BG,Bulgaria,2014,0,
MD,Moldova,CZ,Czechia,2004,0,
MD,Moldova,CZ,Czechia,2008,0,
MD,Moldova,CZ,Czechia,2013,0,
MD,Moldova,HU,Hungary,2009,0,
MD,Moldova,PL,Poland,2004,2,
MD,Moldova,PL,Poland,2005,2,
MD,Moldova,PL,Poland,2006,2,
MD,Moldova,PL,Poland,2007,3,
MD,Moldova,PL,Poland,2008,3,
MD,Moldova,PL,Poland,2009,2,
MD,Moldova,PL,Poland,2010,2,
MD,Moldova,PL,Poland,2011,1,
MD,Moldova,PL,Poland,2012,1,
MD,Moldova,PL,Poland,2013,0,
MD,Moldova,RO,Romania,2004,57,
MD,Moldova,RO,Romania,2005,36,
MD,Moldova,RO,Romania,2006,55,
MD,Moldova,RO,Romania,2007,43,
MD,Moldova,RO,Romania,2008,38,
MD,Moldova,RO,Romania,2009,22,
MD,Moldova,RO,Romania,2010,15,
MD,Moldova,RO,Romania,2011,3,
MD,Moldova,RO,Romania,2012,2,
MD,Moldova,RO,Romania,2013,0,
MD,Moldova,RO,Romania,2014,0,
MD,Moldova,RO,Romania,2015,0,
MD,Moldova,RO,Romania,2016,9,
MD,Moldova,RO,Romania,2017,12,
MD,Moldova,RO,Romania,2018,9,
MD,Moldova,RO,Romania,2019,7,
MD,Moldova,RO,Romania,2020,3,
MD,Moldova,RO,Romania,2022,4,
MD,Moldova,RO,Romania,2023,14,
MD,Moldova,RO,Romania,2024,6,
MD,Moldova,RO,Romania,2025,4,
MD,Moldova,SK,Slovakia,2004,0,
MD,Moldova,SK,Slovakia,2005,0,
MD,Moldova,SK,Slovakia,2006,0,
MD,Moldova,SK,Slovakia,2008,0,
MD,Moldova,SK,Slovakia,2009,0,
MD,Moldova,SK,Slovakia,2012,0,
MD,Moldova,TR,Türkiye,2004,0,
MD,Moldova,UA,Ukraine,2025,23,
ME,Montenegro,BG,Bulgaria,2008,0,
ME,Montenegro,BG,Bulgaria,2009,0,
ME,Montenegro,BG,Bulgaria,2012,0,
ME,Montenegro,BG,Bulgaria,2013,0,
ME,Montenegro,BG,Bulgaria,2014,0,
ME,Montenegro,BG,Bulgaria,2015,0,
ME,Montenegro,BG,Bulgaria,2016,0,
ME,Montenegro,BG,Bulgaria,2017,0,
ME,Montenegro,BG,Bulgaria,2018,0,
ME,Montenegro,BG,Bulgaria,2022,0,
ME,Montenegro,CZ,Czechia,2014,1,
ME,Montenegro,CZ,Czechia,2015,1,
ME,Montenegro,CZ,Czechia,2017,0,
ME,Montenegro,CZ,Czechia,2018,0,
ME,Montenegro,CZ,Czechia,2019,0,
ME,Montenegro,HR,Croatia,2008,0,
ME,Montenegro,HR,Croatia,2009,0,
ME,Montenegro,HR,Croatia,2019,0,
ME,Montenegro,HU,Hungary,2008,0,
ME,Montenegro,HU,Hungary,2009,0,
ME,Montenegro,HU,Hungary,2010,1,
ME,Montenegro,HU,Hungary,2011,1,
ME,Montenegro,HU,Hungary,2012,1,
ME,Montenegro,HU,Hungary,2013,1,
ME,Montenegro,HU,Hungary,2014,1,
ME,Montenegro,MK,North Macedonia,2009,0,
ME,Montenegro,MK,North Macedonia,2010,0,
ME,Montenegro,MK,North Macedonia,2015,0,
ME,Montenegro,PL,Poland,2012,0,
ME,Montenegro,RO,Romania,2007,0,
ME,Montenegro,RO,Romania,2014,0,
ME,Montenegro,RO,Romania,2015,0,
ME,Montenegro,SI,Slovenia,2009,0,
ME,Montenegro,SI,Slovenia,2012,0,
ME,Montenegro,SI,Slovenia,2013,0,
ME,Montenegro,SI,Slovenia,2015,0,
ME,Montenegro,SI,Slovenia,2016,0,
ME,Montenegro,SI,Slovenia,2017,0,
ME,Montenegro,SI,Slovenia,2018,0,
ME,Montenegro,SI,Slovenia,2019,0,
ME,Montenegro,SK,Slovakia,2007,0,
ME,Montenegro,SK,Slovakia,2008,0,
ME,Montenegro,SK,Slovakia,2009,0,
ME,Montenegro,SK,Slovakia,2011,0,
ME,Montenegro,SK,Slovakia,2012,0,
ME,Montenegro,SK,Slovakia,2013,0,
ME,Montenegro,SK,Slovakia,2014,0,
ME,Montenegro,SK,Slovakia,2015,0,
ME,Montenegro,SK,Slovakia,2016,0,
ME,Montenegro,SK,Slovakia,2017,0,
ME,Montenegro,SK,Slovakia,2018,0,
ME,Montenegro,TR,Türkiye,2012,0,
ME,Montenegro,TR,Türkiye,2013,0,
ME,Montenegro,TR,Türkiye,2015,0,
ME,Montenegro,TR,Türkiye,2016,0,
MK,North Macedonia,BG,Bulgaria,2006,0,
MK,North Macedonia,BG,Bulgaria,2007,0,
MK,North Macedonia,BG,Bulgaria,2008,0,
MK,North Macedonia,BG,Bulgaria,2009,0,
MK,North Macedonia,BG,Bulgaria,2010,0,
MK,North Macedonia,BG,Bulgaria,2011,0,
MK,North Macedonia,BG,Bulgaria,2012,0,
MK,North Macedonia,BG,Bulgaria,2013,0,
MK,North Macedonia,BG,Bulgaria,2014,0,
MK,North Macedonia,BG,Bulgaria,2015,0,
MK,North Macedonia,BG,Bulgaria,2016,0,
MK,North Macedonia,BG,Bulgaria,2017,0,
MK,North Macedonia,BG,Bulgaria,2018,0,
MK,North Macedonia,BG,Bulgaria,2019,0,
MK,North Macedonia,CZ,Czechia,2004,0,
MK,North Macedonia,CZ,Czechia,2006,0,
MK,North Macedonia,CZ,Czechia,2007,0,
MK,North Macedonia,CZ,Czechia,2014,0,
MK,North Macedonia,CZ,Czechia,2015,0,
MK,North Macedonia,CZ,Czechia,2016,0,
MK,North Macedonia,CZ,Czechia,2017,0,
MK,North Macedonia,CZ,Czechia,2018,0,
MK,North Macedonia,CZ,Czechia,2019,0,
MK,North Macedonia,DE,Germany,2004,0,
MK,North Macedonia,DE,Germany,2005,0,
MK,North Macedonia,DE,Germany,2006,0,
MK,North Macedonia,DE,Germany,2007,0,
MK,North Macedonia,DE,Germany,2008,1,
MK,North Macedonia,EL,Greece,2004,13,
MK,North Macedonia,EL,Greece,2005,12,
MK,North Macedonia,EL,Greece,2006,11,
MK,North Macedonia,EL,Greece,2007,5,
MK,North Macedonia,EL,Greece,2019,1,
MK,North Macedonia,HR,Croatia,2004,2,
MK,North Macedonia,HR,Croatia,2005,2,
MK,North Macedonia,HR,Croatia,2006,2,
MK,North Macedonia,HR,Croatia,2007,2,
MK,North Macedonia,HR,Croatia,2008,0,
MK,North Macedonia,HR,Croatia,2009,1,
MK,North Macedonia,HR,Croatia,2010,0,
MK,North Macedonia,HR,Croatia,2011,0,
MK,North Macedonia,HR,Croatia,2012,0,
MK,North Macedonia,HR,Croatia,2013,0,
MK,North Macedonia,HR,Croatia,2014,0,
MK,North Macedonia,HR,Croatia,2015,0,
MK,North Macedonia,HR,Croatia,2016,0,
MK,North Macedonia,HR,Croatia,2017,0,
MK,North Macedonia,HR,Croatia,2018,0,
MK,North Macedonia,HR,Croatia,2019,0,
MK,North Macedonia,HU,Hungary,2008,1,
MK,North Macedonia,HU,Hungary,2009,1,
MK,North Macedonia,HU,Hungary,2010,1,
MK,North Macedonia,HU,Hungary,2011,0,
MK,North Macedonia,HU,Hungary,2012,0,
MK,North Macedonia,HU,Hungary,2013,0,
MK,North Macedonia,HU,Hungary,2014,0,
MK,North Macedonia,PL,Poland,2004,0,
MK,North Macedonia,PL,Poland,2005,0,
MK,North Macedonia,PL,Poland,2006,0,
MK,North Macedonia,PL,Poland,2007,0,
MK,North Macedonia,PL,Poland,2008,0,
MK,North Macedonia,PL,Poland,2009,0,
MK,North Macedonia,PL,Poland,2010,0,
MK,North Macedonia,PL,Poland,2011,0,
MK,North Macedonia,PL,Poland,2012,0,
MK,North Macedonia,PL,Poland,2013,0,
MK,North Macedonia,PL,Poland,2017,0,
MK,North Macedonia,RO,Romania,2004,0,
MK,North Macedonia,RO,Romania,2005,0,
MK,North Macedonia,RO,Romania,2006,0,
MK,North Macedonia,RO,Romania,2007,0,
MK,North Macedonia,RO,Romania,2011,0,
MK,North Macedonia,RO,Romania,2012,0,
MK,North Macedonia,RO,Romania,2013,0,
MK,North Macedonia,RO,Romania,2014,0,
MK,North Macedonia,RO,Romania,2015,0,
MK,North Macedonia,SI,Slovenia,2004,1,
MK,North Macedonia,SI,Slovenia,2005,1,
MK,North Macedonia,SI,Slovenia,2006,1,
MK,North Macedonia,SI,Slovenia,2007,1,
MK,North Macedonia,SI,Slovenia,2008,0,
MK,North Macedonia,SI,Slovenia,2009,0,
MK,North Macedonia,SI,Slovenia,2010,0,
MK,North Macedonia,SI,Slovenia,2011,0,
MK,North Macedonia,SI,Slovenia,2012,0,
MK,North Macedonia,SI,Slovenia,2013,0,
MK,North Macedonia,SI,Slovenia,2014,0,
MK,North Macedonia,SI,Slovenia,2015,0,
MK,North Macedonia,SI,Slovenia,2016,0,
MK,North Macedonia,SI,Slovenia,2017,0,
MK,North Macedonia,SI,Slovenia,2018,0,
MK,North Macedonia,SI,Slovenia,2019,0,
MK,North Macedonia,SI,Slovenia,2022,0,
MK,North Macedonia,SI,Slovenia,2023,0,
MK,North Macedonia,SI,Slovenia,2024,0,
MK,North Macedonia,SI,Slovenia,2025,0,
MK,North Macedonia,SK,Slovakia,2004,0,
MK,North Macedonia,SK,Slovakia,2005,0,
MK,North Macedonia,SK,Slovakia,2006,0,
MK,North Macedonia,SK,Slovakia,2007,0,
MK,North Macedonia,SK,Slovakia,2008,0,
MK,North Macedonia,SK,Slovakia,2009,0,
MK,North Macedonia,SK,Slovakia,2011,0,
MK,North Macedonia,SK,Slovakia,2012,0,
MK,North Macedonia,SK,Slovakia,2013,0,
MK,North Macedonia,SK,Slovakia,2014,0,
MK,North Macedonia,SK,Slovakia,2015,0,
MK,North Macedonia,SK,Slovakia,2016,0,
MK,North Macedonia,SK,Slovakia,2017,0,
MK,North Macedonia,TR,Türkiye,2004,0,
MK,North Macedonia,TR,Türkiye,2006,0,
MK,North Macedonia,TR,Türkiye,2007,0,
MK,North Macedonia,TR,Türkiye,2008,0,
MK,North Macedonia,TR,Türkiye,2009,0,
MK,North Macedonia,TR,Türkiye,2010,0,
MK,North Macedonia,TR,Türkiye,2011,0,
MK,North Macedonia,TR,Türkiye,2012,0,
MK,North Macedonia,TR,Türkiye,2013,0,
MK,North Macedonia,TR,Türkiye,2014,0,
MK,North Macedonia,TR,Türkiye,2015,0,
MK,North Macedonia,TR,Türkiye,2016,0,
MT,Malta,RO,Romania,2004,0,
MT,Malta,RO,Romania,2005,0,
MT,Malta,RO,Romania,2006,0,
MT,Malta,RO,Romania,2007,0,
MZ,Mozambique,TR,Türkiye,2005,0,
NL,Netherlands,BE,Belgium,2004,61,
NL,Netherlands,BE,Belgium,2005,63,
NL,Netherlands,BE,Belgium,2006,415,
NL,Netherlands,BE,Belgium,2007,416,
NL,Netherlands,BE,Belgium,2008,466,
NL,Netherlands,BE,Belgium,2009,452,
NL,Netherlands,BE,Belgium,2010,375,
NL,Netherlands,BE,Belgium,2011,375,
NL,Netherlands,BG,Bulgaria,2006,0,
NL,Netherlands,BG,Bulgaria,2007,2,
NL,Netherlands,BG,Bulgaria,2008,10,
NL,Netherlands,BG,Bulgaria,2009,18,
NL,Netherlands,BG,Bulgaria,2010,9,
NL,Netherlands,BG,Bulgaria,2011,12,
NL,Netherlands,BG,Bulgaria,2012,10,
NL,Netherlands,BG,Bulgaria,2013,8,
NL,Netherlands,BG,Bulgaria,2014,6,
NL,Netherlands,BG,Bulgaria,2015,8,
NL,Netherlands,BG,Bulgaria,2016,335,
NL,Netherlands,BG,Bulgaria,2017,580,
NL,Netherlands,BG,Bulgaria,2018,579,
NL,Netherlands,BG,Bulgaria,2019,753,
NL,Netherlands,BG,Bulgaria,2020,219,
NL,Netherlands,BG,Bulgaria,2021,219,
NL,Netherlands,BG,Bulgaria,2022,1340,
NL,Netherlands,BG,Bulgaria,2023,1738,
NL,Netherlands,BG,Bulgaria,2024,1547,
NL,Netherlands,BG,Bulgaria,2025,1649,
NL,Netherlands,CH,Switzerland,2008,36,
NL,Netherlands,CH,Switzerland,2009,35,
NL,Netherlands,CH,Switzerland,2010,39,
NL,Netherlands,CH,Switzerland,2011,40,
NL,Netherlands,CH,Switzerland,2012,46,
NL,Netherlands,CH,Switzerland,2013,45,
NL,Netherlands,CH,Switzerland,2014,44,
NL,Netherlands,CH,Switzerland,2015,25,
NL,Netherlands,CH,Switzerland,2016,24,
NL,Netherlands,CH,Switzerland,2017,24,
NL,Netherlands,CH,Switzerland,2018,25,
NL,Netherlands,CH,Switzerland,2019,27,
NL,Netherlands,CH,Switzerland,2020,11,
NL,Netherlands,CH,Switzerland,2021,13,
NL,Netherlands,CH,Switzerland,2022,26,
NL,Netherlands,CH,Switzerland,2023,30,
NL,Netherlands,CH,Switzerland,2024,29,
NL,Netherlands,CH,Switzerland,2025,30,
NL,Netherlands,CZ,Czechia,2004,0,
NL,Netherlands,CZ,Czechia,2005,4,
NL,Netherlands,CZ,Czechia,2006,2,
NL,Netherlands,CZ,Czechia,2007,0,
NL,Netherlands,CZ,Czechia,2008,1,
NL,Netherlands,CZ,Czechia,2009,1,
NL,Netherlands,CZ,Czechia,2010,2,
NL,Netherlands,CZ,Czechia,2011,1,
NL,Netherlands,CZ,Czechia,2012,0,
NL,Netherlands,CZ,Czechia,2013,0,
NL,Netherlands,CZ,Czechia,2014,1,
NL,Netherlands,CZ,Czechia,2015,1,
NL,Netherlands,CZ,Czechia,2016,1,
NL,Netherlands,CZ,Czechia,2017,2,
NL,Netherlands,CZ,Czechia,2018,2,
NL,Netherlands,CZ,Czechia,2019,3,
NL,Netherlands,CZ,Czechia,2020,2,
NL,Netherlands,CZ,Czechia,2021,4,
NL,Netherlands,CZ,Czechia,2022,14,
NL,Netherlands,CZ,Czechia,2023,13,
NL,Netherlands,CZ,Czechia,2024,14,
NL,Netherlands,CZ,Czechia,2025,8,
NL,Netherlands,DE,Germany,2004,613,
NL,Netherlands,DE,Germany,2005,598,
NL,Netherlands,DE,Germany,2006,566,
NL,Netherlands,DE,Germany,2007,584,
NL,Netherlands,DE,Germany,2008,721,
NL,Netherlands,DE,Germany,2009,678,
NL,Netherlands,DE,Germany,2010,760,
NL,Netherlands,DE,Germany,2011,1154,
NL,Netherlands,DE,Germany,2012,898,
NL,Netherlands,DE,Germany,2013,827,
NL,Netherlands,DE,Germany,2014,971,
NL,Netherlands,DE,Germany,2015,1148,
NL,Netherlands,DE,Germany,2016,1037,
NL,Netherlands,DE,Germany,2017,991,
NL,Netherlands,DE,Germany,2018,1180,
NL,Netherlands,DE,Germany,2019,1234,
NL,Netherlands,DE,Germany,2020,972,
NL,Netherlands,DE,Germany,2021,553,
NL,Netherlands,DE,Germany,2022,1178,
NL,Netherlands,DE,Germany,2023,1503,
NL,Netherlands,DE,Germany,2024,1731,
NL,Netherlands,DE,Germany,2025,1400,
NL,Netherlands,DK,Denmark,2004,7,
NL,Netherlands,DK,Denmark,2005,6,
NL,Netherlands,DK,Denmark,2006,5,
NL,Netherlands,DK,Denmark,2007,5,
NL,Netherlands,DK,Denmark,2008,9,
NL,Netherlands,DK,Denmark,2009,9,
NL,Netherlands,DK,Denmark,2010,13,
NL,Netherlands,DK,Denmark,2011,15,
NL,Netherlands,DK,Denmark,2012,18,
NL,Netherlands,DK,Denmark,2013,13,
NL,Netherlands,DK,Denmark,2014,14,
NL,Netherlands,DK,Denmark,2015,12,
NL,Netherlands,DK,Denmark,2016,13,
NL,Netherlands,DK,Denmark,2017,14,
NL,Netherlands,DK,Denmark,2018,10,
NL,Netherlands,DK,Denmark,2019,11,
NL,Netherlands,FR,France,2004,166,
NL,Netherlands,FR,France,2005,646,
NL,Netherlands,FR,France,2006,576,
NL,Netherlands,FR,France,2007,540,
NL,Netherlands,FR,France,2008,547,
NL,Netherlands,FR,France,2009,794,
NL,Netherlands,HR,Croatia,2004,1,
NL,Netherlands,HR,Croatia,2005,1,
NL,Netherlands,HR,Croatia,2006,0,
NL,Netherlands,HR,Croatia,2007,1,
NL,Netherlands,HR,Croatia,2008,0,
NL,Netherlands,HR,Croatia,2009,1,
NL,Netherlands,HR,Croatia,2010,0,
NL,Netherlands,HR,Croatia,2011,0,
NL,Netherlands,HR,Croatia,2012,0,
NL,Netherlands,HR,Croatia,2013,0,
NL,Netherlands,HR,Croatia,2014,0,
NL,Netherlands,HR,Croatia,2015,0,
NL,Netherlands,HR,Croatia,2016,0,
NL,Netherlands,HR,Croatia,2017,0,
NL,Netherlands,HR,Croatia,2018,0,
NL,Netherlands,HR,Croatia,2019,0,
NL,Netherlands,HR,Croatia,2020,0,
NL,Netherlands,HR,Croatia,2021,0,
NL,Netherlands,HR,Croatia,2022,0,
NL,Netherlands,HR,Croatia,2023,0,
NL,Netherlands,HR,Croatia,2024,0,
NL,Netherlands,HR,Croatia,2025,0,
NL,Netherlands,HU,Hungary,2004,4,
NL,Netherlands,HU,Hungary,2005,5,
NL,Netherlands,HU,Hungary,2006,6,
NL,Netherlands,HU,Hungary,2007,5,
NL,Netherlands,HU,Hungary,2008,7,
NL,Netherlands,HU,Hungary,2009,6,
NL,Netherlands,HU,Hungary,2010,5,
NL,Netherlands,HU,Hungary,2011,6,
NL,Netherlands,HU,Hungary,2012,4,
NL,Netherlands,HU,Hungary,2013,3,
NL,Netherlands,HU,Hungary,2014,3,
NL,Netherlands,IT,Italy,2004,5,
NL,Netherlands,IT,Italy,2005,3,
NL,Netherlands,IT,Italy,2006,0,
NL,Netherlands,IT,Italy,2007,1,
NL,Netherlands,LT,Lithuania,2004,0,
NL,Netherlands,LT,Lithuania,2005,0,
NL,Netherlands,LU,Luxembourg,2004,19,
NL,Netherlands,LU,Luxembourg,2005,18,
NL,Netherlands,LU,Luxembourg,2006,17,
NL,Netherlands,LU,Luxembourg,2007,18,
NL,Netherlands,LU,Luxembourg,2008,19,
NL,Netherlands,LU,Luxembourg,2009,16,
NL,Netherlands,LU,Luxembourg,2010,14,
NL,Netherlands,LU,Luxembourg,2011,15,
NL,Netherlands,LU,Luxembourg,2012,13,
NL,Netherlands,LU,Luxembourg,2013,14,
NL,Netherlands,LU,Luxembourg,2014,6,
NL,Netherlands,LU,Luxembourg,2015,6,
NL,Netherlands,LU,Luxembourg,2016,5,
NL,Netherlands,LU,Luxembourg,2017,6,
NL,Netherlands,LU,Luxembourg,2018,7,
NL,Netherlands,LU,Luxembourg,2019,8,
NL,Netherlands,LU,Luxembourg,2020,4,
NL,Netherlands,LU,Luxembourg,2021,4,
NL,Netherlands,LU,Luxembourg,2022,7,
NL,Netherlands,LU,Luxembourg,2023,9,
NL,Netherlands,LU,Luxembourg,2024,10,
NL,Netherlands,LU,Luxembourg,2025,9,
NL,Netherlands,MK,North Macedonia,2010,0,
NL,Netherlands,PL,Poland,2004,8,
NL,Netherlands,PL,Poland,2005,7,
NL,Netherlands,PL,Poland,2006,9,
NL,Netherlands,PL,Poland,2007,4,
NL,Netherlands,PL,Poland,2008,4,
NL,Netherlands,PL,Poland,2009,3,
NL,Netherlands,PL,Poland,2010,3,
NL,Netherlands,PL,Poland,2011,2,
NL,Netherlands,PL,Poland,2012,1,
NL,Netherlands,PL,Poland,2013,1,
NL,Netherlands,PL,Poland,2014,1,
NL,Netherlands,PL,Poland,2015,0,
NL,Netherlands,PL,Poland,2016,0,
NL,Netherlands,PL,Poland,2017,0,
NL,Netherlands,PL,Poland,2018,0,
NL,Netherlands,RO,Romania,2004,0,
NL,Netherlands,RO,Romania,2005,0,
NL,Netherlands,RO,Romania,2006,0,
NL,Netherlands,RO,Romania,2007,0,
NL,Netherlands,RO,Romania,2010,4,
NL,Netherlands,RO,Romania,2011,0,
NL,Netherlands,RO,Romania,2012,0,
NL,Netherlands,RO,Romania,2013,0,
NL,Netherlands,RO,Romania,2014,0,
NL,Netherlands,RO,Romania,2015,0,
NL,Netherlands,RO,Romania,2016,0,
NL,Netherlands,RO,Romania,2017,0,
NL,Netherlands,RO,Romania,2018,0,
NL,Netherlands,RO,Romania,2019,0,
NL,Netherlands,RO,Romania,2020,0,
NL,Netherlands,RO,Romania,2021,0,
NL,Netherlands,RO,Romania,2023,0,
NL,Netherlands,RO,Romania,2024,0,
NL,Netherlands,SI,Slovenia,2004,1,
NL,Netherlands,SI,Slovenia,2005,1,
NL,Netherlands,SI,Slovenia,2006,1,
NL,Netherlands,SI,Slovenia,2007,0,
NL,Netherlands,SI,Slovenia,2008,0,
NL,Netherlands,SI,Slovenia,2009,0,
NL,Netherlands,SI,Slovenia,2010,0,
NL,Netherlands,SI,Slovenia,2011,2,
NL,Netherlands,SI,Slovenia,2012,0,
NL,Netherlands,SI,Slovenia,2013,10,
NL,Netherlands,SI,Slovenia,2014,10,
NL,Netherlands,SI,Slovenia,2015,0,
NL,Netherlands,SI,Slovenia,2016,0,
NL,Netherlands,SI,Slovenia,2017,0,
NL,Netherlands,SI,Slovenia,2018,0,
NL,Netherlands,SI,Slovenia,2019,0,
NL,Netherlands,SI,Slovenia,2023,0,
NL,Netherlands,SI,Slovenia,2024,0,
NL,Netherlands,SI,Slovenia,2025,0,
NL,Netherlands,SK,Slovakia,2004,1,
NL,Netherlands,SK,Slovakia,2005,1,
NL,Netherlands,SK,Slovakia,2006,2,
NL,Netherlands,SK,Slovakia,2007,0,
NL,Netherlands,SK,Slovakia,2008,0,
NL,Netherlands,SK,Slovakia,2009,0,
NL,Netherlands,SK,Slovakia,2011,0,
NL,Netherlands,SK,Slovakia,2012,0,
NL,Netherlands,SK,Slovakia,2013,0,
NL,Netherlands,SK,Slovakia,2014,0,
NL,Netherlands,SK,Slovakia,2015,0,
NL,Netherlands,SK,Slovakia,2016,0,
NL,Netherlands,SK,Slovakia,2017,0,
NL,Netherlands,SK,Slovakia,2018,0,
NL,Netherlands,SK,Slovakia,2019,0,
NL,Netherlands,SK,Slovakia,2020,0,
NL,Netherlands,SK,Slovakia,2021,0,
NL,Netherlands,SK,Slovakia,2022,0,
NL,Netherlands,TR,Türkiye,2004,2,
NL,Netherlands,TR,Türkiye,2005,2,
NL,Netherlands,TR,Türkiye,2007,7,
NL,Netherlands,TR,Türkiye,2008,8,
NL,Netherlands,TR,Türkiye,2009,8,
NL,Netherlands,TR,Türkiye,2010,7,
NL,Netherlands,TR,Türkiye,2011,6,
NL,Netherlands,TR,Türkiye,2012,5,
NL,Netherlands,TR,Türkiye,2013,3,
NL,Netherlands,TR,Türkiye,2014,3,
NL,Netherlands,TR,Türkiye,2015,6,
NL,Netherlands,TR,Türkiye,2016,1,
NL,Netherlands,UK,United Kingdom,2017,9,
NL,Netherlands,UK,United Kingdom,2018,56,
NL,Netherlands,UK,United Kingdom,2019,131,
NO,Norway,BG,Bulgaria,2006,1,
NO,Norway,BG,Bulgaria,2007,6,
NO,Norway,BG,Bulgaria,2008,13,
NO,Norway,BG,Bulgaria,2009,11,
NO,Norway,BG,Bulgaria,2010,12,
NO,Norway,BG,Bulgaria,2011,9,
NO,Norway,BG,Bulgaria,2012,8,
NO,Norway,BG,Bulgaria,2013,8,
NO,Norway,BG,Bulgaria,2014,7,
NO,Norway,BG,Bulgaria,2015,7,
NO,Norway,BG,Bulgaria,2016,6,
NO,Norway,BG,Bulgaria,2017,4,
NO,Norway,BG,Bulgaria,2018,0,
NO,Norway,BG,Bulgaria,2019,0,
NO,Norway,BG,Bulgaria,2020,0,
NO,Norway,CZ,Czechia,2004,0,
NO,Norway,CZ,Czechia,2018,0,
NO,Norway,DE,Germany,2004,0,
NO,Norway,DE,Germany,2005,0,
NO,Norway,DE,Germany,2006,0,
NO,Norway,DE,Germany,2007,0,
NO,Norway,DE,Germany,2008,1,
NO,Norway,DK,Denmark,2004,7,
NO,Norway,DK,Denmark,2005,0,
NO,Norway,DK,Denmark,2011,1,
NO,Norway,DK,Denmark,2012,3,
NO,Norway,DK,Denmark,2013,1,
NO,Norway,DK,Denmark,2014,1,
NO,Norway,DK,Denmark,2015,1,
NO,Norway,DK,Denmark,2016,1,
NO,Norway,DK,Denmark,2017,1,
NO,Norway,DK,Denmark,2018,1,
NO,Norway,DK,Denmark,2019,1,
NO,Norway,EL,Greece,2007,0,
NO,Norway,FR,France,2004,0,
NO,Norway,FR,France,2006,0,
NO,Norway,FR,France,2008,0,
NO,Norway,FR,France,2009,0,
NO,Norway,HR,Croatia,2004,0,
NO,Norway,HR,Croatia,2005,0,
NO,Norway,HR,Croatia,2006,0,
NO,Norway,HR,Croatia,2007,0,
NO,Norway,HR,Croatia,2008,0,
NO,Norway,HR,Croatia,2009,0,
NO,Norway,HR,Croatia,2010,0,
NO,Norway,HR,Croatia,2011,0,
NO,Norway,HR,Croatia,2012,0,
NO,Norway,HR,Croatia,2013,0,
NO,Norway,HR,Croatia,2014,0,
NO,Norway,HR,Croatia,2015,0,
NO,Norway,HU,Hungary,2004,2,
NO,Norway,HU,Hungary,2005,3,
NO,Norway,HU,Hungary,2006,3,
NO,Norway,HU,Hungary,2007,3,
NO,Norway,HU,Hungary,2008,5,
NO,Norway,HU,Hungary,2009,4,
NO,Norway,HU,Hungary,2010,5,
NO,Norway,HU,Hungary,2011,3,
NO,Norway,HU,Hungary,2012,3,
NO,Norway,HU,Hungary,2013,2,
NO,Norway,HU,Hungary,2014,2,
NO,Norway,PL,Poland,2004,0,
NO,Norway,PL,Poland,2005,0,
NO,Norway,PL,Poland,2006,0,
NO,Norway,PL,Poland,2007,0,
NO,Norway,PL,Poland,2008,0,
NO,Norway,PL,Poland,2009,0,
NO,Norway,PL,Poland,2010,0,
NO,Norway,PL,Poland,2011,0,
NO,Norway,PL,Poland,2012,0,
NO,Norway,PL,Poland,2013,0,
NO,Norway,PL,Poland,2014,0,
NO,Norway,PL,Poland,2015,0,
NO,Norway,PL,Poland,2016,0,
NO,Norway,PL,Poland,2017,0,
NO,Norway,RO,Romania,2004,0,
NO,Norway,RO,Romania,2005,0,
NO,Norway,RO,Romania,2006,0,
NO,Norway,RO,Romania,2007,0,
NO,Norway,RO,Romania,2010,6,
NO,Norway,RO,Romania,2011,0,
NO,Norway,RO,Romania,2012,0,
NO,Norway,RO,Romania,2016,0,
NO,Norway,SE,Sweden,2004,160,
NO,Norway,SE,Sweden,2005,120,
NO,Norway,SE,Sweden,2006,135,
NO,Norway,SE,Sweden,2007,184,
NO,Norway,SE,Sweden,2008,254,
NO,Norway,SE,Sweden,2009,234,
NO,Norway,SE,Sweden,2010,215,
NO,Norway,SE,Sweden,2011,237,
NO,Norway,SE,Sweden,2012,230,
NO,Norway,SE,Sweden,2013,247,
NO,Norway,SE,Sweden,2014,241,
NO,Norway,SE,Sweden,2015,250,
NO,Norway,SE,Sweden,2016,273,
NO,Norway,SE,Sweden,2017,277,
NO,Norway,SE,Sweden,2018,214,
NO,Norway,SE,Sweden,2019,223,
NO,Norway,SE,Sweden,2020,47,
NO,Norway,SE,Sweden,2021,18,
NO,Norway,SI,Slovenia,2004,0,
NO,Norway,SI,Slovenia,2005,0,
NO,Norway,SI,Slovenia,2006,0,
NO,Norway,SI,Slovenia,2007,0,
NO,Norway,SI,Slovenia,2008,0,
NO,Norway,SI,Slovenia,2009,0,
NO,Norway,SI,Slovenia,2010,0,
NO,Norway,SI,Slovenia,2011,0,
NO,Norway,SI,Slovenia,2012,0,
NO,Norway,SI,Slovenia,2013,0,
NO,Norway,SI,Slovenia,2014,0,
NO,Norway,SI,Slovenia,2015,0,
NO,Norway,SI,Slovenia,2016,0,
NO,Norway,SI,Slovenia,2017,0,
NO,Norway,SI,Slovenia,2018,0,
NO,Norway,SI,Slovenia,2019,0,
NO,Norway,SI,Slovenia,2024,0,
NO,Norway,SI,Slovenia,2025,0,
NO,Norway,SK,Slovakia,2004,2,
NO,Norway,SK,Slovakia,2005,2,
NO,Norway,SK,Slovakia,2006,1,
NO,Norway,TR,Türkiye,2004,0,
NO,Norway,TR,Türkiye,2005,2,
NO,Norway,TR,Türkiye,2006,2,
NO,Norway,TR,Türkiye,2007,3,
NO,Norway,TR,Türkiye,2008,6,
NO,Norway,TR,Türkiye,2009,5,
NO,Norway,TR,Türkiye,2010,5,
NO,Norway,TR,Türkiye,2011,5,
NO,Norway,TR,Türkiye,2012,4,
NO,Norway,TR,Türkiye,2013,3,
NO,Norway,TR,Türkiye,2014,4,
NO,Norway,TR,Türkiye,2015,4,
NO,Norway,TR,Türkiye,2016,0,
PL,Poland,BE,Belgium,2004,0,
PL,Poland,BE,Belgium,2005,2,
PL,Poland,BE,Belgium,2006,0,
PL,Poland,BE,Belgium,2007,0,
PL,Poland,BE,Belgium,2008,0,
PL,Poland,BE,Belgium,2009,0,
PL,Poland,BE,Belgium,2010,0,
PL,Poland,BE,Belgium,2011,0,
PL,Poland,BG,Bulgaria,2006,0,
PL,Poland,BG,Bulgaria,2007,2,
PL,Poland,BG,Bulgaria,2008,2,
PL,Poland,BG,Bulgaria,2009,2,
PL,Poland,BG,Bulgaria,2010,1,
PL,Poland,BG,Bulgaria,2011,1,
PL,Poland,BG,Bulgaria,2012,1,
PL,Poland,BG,Bulgaria,2013,1,
PL,Poland,BG,Bulgaria,2014,1,
PL,Poland,BG,Bulgaria,2015,1,
PL,Poland,BG,Bulgaria,2016,0,
PL,Poland,BG,Bulgaria,2017,1,
PL,Poland,BG,Bulgaria,2018,1,
PL,Poland,BG,Bulgaria,2019,1,
PL,Poland,BG,Bulgaria,2020,0,
PL,Poland,BG,Bulgaria,2021,0,
PL,Poland,BG,Bulgaria,2022,0,
PL,Poland,BG,Bulgaria,2023,1,
PL,Poland,BG,Bulgaria,2024,1,
PL,Poland,BG,Bulgaria,2025,1,
PL,Poland,CZ,Czechia,2004,16,
PL,Poland,CZ,Czechia,2005,6,
PL,Poland,CZ,Czechia,2006,60,
PL,Poland,CZ,Czechia,2007,47,
PL,Poland,CZ,Czechia,2008,55,
PL,Poland,CZ,Czechia,2009,56,
PL,Poland,CZ,Czechia,2010,67,
PL,Poland,CZ,Czechia,2011,66,
PL,Poland,CZ,Czechia,2012,62,
PL,Poland,CZ,Czechia,2013,59,
PL,Poland,CZ,Czechia,2014,42,
PL,Poland,CZ,Czechia,2015,56,
PL,Poland,CZ,Czechia,2016,67,
PL,Poland,CZ,Czechia,2017,73,
PL,Poland,CZ,Czechia,2018,91,
PL,Poland,CZ,Czechia,2019,104,
PL,Poland,CZ,Czechia,2020,35,
PL,Poland,CZ,Czechia,2021,52,
PL,Poland,CZ,Czechia,2022,166,
PL,Poland,CZ,Czechia,2023,309,
PL,Poland,CZ,Czechia,2024,336,
PL,Poland,CZ,Czechia,2025,455,
PL,Poland,DE,Germany,2004,206,
PL,Poland,DE,Germany,2005,212,
PL,Poland,DE,Germany,2006,361,
PL,Poland,DE,Germany,2007,263,
PL,Poland,DE,Germany,2008,261,
PL,Poland,DE,Germany,2009,178,
PL,Poland,DE,Germany,2010,256,
PL,Poland,DE,Germany,2011,290,
PL,Poland,DE,Germany,2012,248,
PL,Poland,DE,Germany,2013,274,
PL,Poland,DE,Germany,2014,280,
PL,Poland,DE,Germany,2015,263,
PL,Poland,DE,Germany,2016,244,
PL,Poland,DE,Germany,2017,200,
PL,Poland,DE,Germany,2018,216,
PL,Poland,DE,Germany,2019,197,
PL,Poland,DE,Germany,2020,339,
PL,Poland,DE,Germany,2021,156,
PL,Poland,DE,Germany,2022,283,
PL,Poland,DE,Germany,2023,381,
PL,Poland,DE,Germany,2024,394,
PL,Poland,DE,Germany,2025,501,
PL,Poland,DK,Denmark,2004,0,
PL,Poland,DK,Denmark,2005,0,
PL,Poland,DK,Denmark,2006,1,
PL,Poland,DK,Denmark,2007,1,
PL,Poland,DK,Denmark,2008,1,
PL,Poland,DK,Denmark,2009,1,
PL,Poland,DK,Denmark,2010,1,
PL,Poland,DK,Denmark,2011,2,
PL,Poland,DK,Denmark,2012,2,
PL,Poland,EL,Greece,2004,0,
PL,Poland,EL,Greece,2005,0,
PL,Poland,FR,France,2004,0,
PL,Poland,FR,France,2005,0,
PL,Poland,FR,France,2006,0,
PL,Poland,FR,France,2007,0,
PL,Poland,FR,France,2008,0,
PL,Poland,FR,France,2009,0,
PL,Poland,HR,Croatia,2004,0,
PL,Poland,HR,Croatia,2005,0,
PL,Poland,HR,Croatia,2006,0,
PL,Poland,HR,Croatia,2007,0,
PL,Poland,HR,Croatia,2008,0,
PL,Poland,HR,Croatia,2009,0,
PL,Poland,HR,Croatia,2010,0,
PL,Poland,HR,Croatia,2011,0,
PL,Poland,HR,Croatia,2012,0,
PL,Poland,HR,Croatia,2013,0,
PL,Poland,HR,Croatia,2014,0,
PL,Poland,HR,Croatia,2015,0,
PL,Poland,HR,Croatia,2016,0,
PL,Poland,HR,Croatia,2017,0,
PL,Poland,HR,Croatia,2018,0,
PL,Poland,HR,Croatia,2019,0,
PL,Poland,HR,Croatia,2020,0,
PL,Poland,HR,Croatia,2021,0,
PL,Poland,HR,Croatia,2022,0,
PL,Poland,HR,Croatia,2023,0,
PL,Poland,HR,Croatia,2024,0,
PL,Poland,HR,Croatia,2025,2,
PL,Poland,HU,Hungary,2004,18,
PL,Poland,HU,Hungary,2005,24,
PL,Poland,HU,Hungary,2006,19,
PL,Poland,HU,Hungary,2007,17,
PL,Poland,HU,Hungary,2008,22,
PL,Poland,HU,Hungary,2009,14,
PL,Poland,HU,Hungary,2010,15,
PL,Poland,HU,Hungary,2011,15,
PL,Poland,HU,Hungary,2012,14,
PL,Poland,HU,Hungary,2013,18,
PL,Poland,HU,Hungary,2014,17,
PL,Poland,IT,Italy,2004,1,
PL,Poland,IT,Italy,2005,8,
PL,Poland,IT,Italy,2006,0,
PL,Poland,IT,Italy,2007,3,
PL,Poland,LT,Lithuania,2004,10,
PL,Poland,LT,Lithuania,2005,5,
PL,Poland,LT,Lithuania,2006,5,
PL,Poland,LT,Lithuania,2007,6,
PL,Poland,LT,Lithuania,2008,7,
PL,Poland,LT,Lithuania,2009,5,
PL,Poland,LT,Lithuania,2010,4,
PL,Poland,LT,Lithuania,2011,4,
PL,Poland,LT,Lithuania,2012,3,
PL,Poland,LT,Lithuania,2013,2,
PL,Poland,LT,Lithuania,2016,2,
PL,Poland,LT,Lithuania,2017,2,
PL,Poland,LT,Lithuania,2018,1,
PL,Poland,LT,Lithuania,2019,3,
PL,Poland,LT,Lithuania,2020,1,
PL,Poland,LT,Lithuania,2021,0,
PL,Poland,LT,Lithuania,2022,2,
PL,Poland,LT,Lithuania,2023,18,
PL,Poland,LT,Lithuania,2024,19,
PL,Poland,LT,Lithuania,2025,24,
PL,Poland,LU,Luxembourg,2004,0,
PL,Poland,LU,Luxembourg,2005,0,
PL,Poland,LU,Luxembourg,2007,0,
PL,Poland,LU,Luxembourg,2008,0,
PL,Poland,LU,Luxembourg,2009,0,
PL,Poland,LU,Luxembourg,2010,0,
PL,Poland,LU,Luxembourg,2011,0,
PL,Poland,LU,Luxembourg,2012,0,
PL,Poland,LU,Luxembourg,2013,0,
PL,Poland,LU,Luxembourg,2014,0,
PL,Poland,LU,Luxembourg,2015,0,
PL,Poland,LU,Luxembourg,2016,0,
PL,Poland,LU,Luxembourg,2017,0,
PL,Poland,LU,Luxembourg,2018,0,
PL,Poland,LU,Luxembourg,2019,0,
PL,Poland,LU,Luxembourg,2020,0,
PL,Poland,LU,Luxembourg,2021,0,
PL,Poland,LU,Luxembourg,2022,0,
PL,Poland,LU,Luxembourg,2023,0,
PL,Poland,LU,Luxembourg,2024,0,
PL,Poland,LU,Luxembourg,2025,0,
PL,Poland,MK,North Macedonia,2009,0,
PL,Poland,MK,North Macedonia,2010,0,
PL,Poland,MK,North Macedonia,2015,0,
PL,Poland,RO,Romania,2004,2,
PL,Poland,RO,Romania,2005,3,
PL,Poland,RO,Romania,2006,3,
PL,Poland,RO,Romania,2007,3,
PL,Poland,RO,Romania,2008,5,
PL,Poland,RO,Romania,2009,1,
PL,Poland,RO,Romania,2010,1,
PL,Poland,RO,Romania,2011,0,
PL,Poland,RO,Romania,2012,0,
PL,Poland,RO,Romania,2013,0,
PL,Poland,RO,Romania,2014,0,
PL,Poland,RO,Romania,2015,0,
PL,Poland,RO,Romania,2016,0,
PL,Poland,RO,Romania,2017,0,
PL,Poland,RO,Romania,2018,0,
PL,Poland,RO,Romania,2019,0,
PL,Poland,RO,Romania,2020,0,
PL,Poland,RO,Romania,2021,0,
PL,Poland,RO,Romania,2022,0,
PL,Poland,RO,Romania,2023,0,
PL,Poland,RO,Romania,2024,0,
PL,Poland,RO,Romania,2025,0,
PL,Poland,SI,Slovenia,2004,2,
PL,Poland,SI,Slovenia,2005,2,
PL,Poland,SI,Slovenia,2006,1,
PL,Poland,SI,Slovenia,2007,1,
PL,Poland,SI,Slovenia,2008,2,
PL,Poland,SI,Slovenia,2009,1,
PL,Poland,SI,Slovenia,2010,1,
PL,Poland,SI,Slovenia,2011,1,
PL,Poland,SI,Slovenia,2012,1,
PL,Poland,SI,Slovenia,2013,1,
PL,Poland,SI,Slovenia,2014,1,
PL,Poland,SI,Slovenia,2015,1,
PL,Poland,SI,Slovenia,2016,1,
PL,Poland,SI,Slovenia,2017,0,
PL,Poland,SI,Slovenia,2018,1,
PL,Poland,SI,Slovenia,2019,0,
PL,Poland,SI,Slovenia,2021,0,
PL,Poland,SI,Slovenia,2022,0,
PL,Poland,SI,Slovenia,2023,0,
PL,Poland,SI,Slovenia,2024,1,
PL,Poland,SI,Slovenia,2025,1,
PL,Poland,SK,Slovakia,2004,30,
PL,Poland,SK,Slovakia,2005,26,
PL,Poland,SK,Slovakia,2006,28,
PL,Poland,SK,Slovakia,2007,29,
PL,Poland,SK,Slovakia,2008,27,
PL,Poland,SK,Slovakia,2009,16,
PL,Poland,SK,Slovakia,2010,6,
PL,Poland,SK,Slovakia,2011,11,
PL,Poland,SK,Slovakia,2012,9,
PL,Poland,SK,Slovakia,2013,9,
PL,Poland,SK,Slovakia,2014,9,
PL,Poland,SK,Slovakia,2015,10,
PL,Poland,SK,Slovakia,2016,9,
PL,Poland,SK,Slovakia,2017,10,
PL,Poland,SK,Slovakia,2018,9,
PL,Poland,SK,Slovakia,2019,9,
PL,Poland,SK,Slovakia,2020,4,
PL,Poland,SK,Slovakia,2021,3,
PL,Poland,SK,Slovakia,2022,13,
PL,Poland,TR,Türkiye,2004,0,
PL,Poland,TR,Türkiye,2005,0,
PL,Poland,TR,Türkiye,2006,0,
PL,Poland,TR,Türkiye,2007,1,
PL,Poland,TR,Türkiye,2008,1,
PL,Poland,TR,Türkiye,2009,1,
PL,Poland,TR,Türkiye,2010,1,
PL,Poland,TR,Türkiye,2011,1,
PL,Poland,TR,Türkiye,2012,1,
PL,Poland,TR,Türkiye,2013,0,
PL,Poland,TR,Türkiye,2014,0,
PL,Poland,TR,Türkiye,2015,0,
PL,Poland,TR,Türkiye,2016,0,
PL,Poland,UA,Ukraine,2025,901,
PT,Portugal,BG,Bulgaria,2006,0,
PT,Portugal,BG,Bulgaria,2007,0,
PT,Portugal,BG,Bulgaria,2008,3,
PT,Portugal,BG,Bulgaria,2009,5,
PT,Portugal,BG,Bulgaria,2010,0,
PT,Portugal,BG,Bulgaria,2011,7,
PT,Portugal,BG,Bulgaria,2012,4,
PT,Portugal,BG,Bulgaria,2013,1,
PT,Portugal,BG,Bulgaria,2014,7,
PT,Portugal,BG,Bulgaria,2015,4,
PT,Portugal,BG,Bulgaria,2016,3,
PT,Portugal,BG,Bulgaria,2017,1,
PT,Portugal,BG,Bulgaria,2018,1,
PT,Portugal,BG,Bulgaria,2019,2,
PT,Portugal,BG,Bulgaria,2020,0,
PT,Portugal,BG,Bulgaria,2021,0,
PT,Portugal,BG,Bulgaria,2022,0,
PT,Portugal,BG,Bulgaria,2023,0,
PT,Portugal,BG,Bulgaria,2024,0,
PT,Portugal,CZ,Czechia,2004,0,
PT,Portugal,DE,Germany,2005,1,
PT,Portugal,DE,Germany,2006,0,
PT,Portugal,DE,Germany,2007,0,
PT,Portugal,DE,Germany,2008,0,
PT,Portugal,ES,Spain,2004,90,
PT,Portugal,ES,Spain,2005,89,
PT,Portugal,ES,Spain,2006,86,
PT,Portugal,ES,Spain,2007,76,
PT,Portugal,ES,Spain,2008,75,
PT,Portugal,ES,Spain,2009,29,
PT,Portugal,ES,Spain,2010,60,
PT,Portugal,ES,Spain,2011,62,
PT,Portugal,ES,Spain,2012,54,
PT,Portugal,ES,Spain,2013,69,
PT,Portugal,ES,Spain,2014,98,
PT,Portugal,ES,Spain,2015,62,
PT,Portugal,ES,Spain,2016,107,
PT,Portugal,ES,Spain,2017,96,
PT,Portugal,ES,Spain,2018,88,
PT,Portugal,ES,Spain,2019,88,
PT,Portugal,ES,Spain,2020,15,
PT,Portugal,ES,Spain,2021,14,
PT,Portugal,ES,Spain,2022,62,
PT,Portugal,ES,Spain,2023,67,
PT,Portugal,ES,Spain,2024,71,
PT,Portugal,ES,Spain,2025,58,
PT,Portugal,FR,France,2004,9,
PT,Portugal,FR,France,2005,8,
PT,Portugal,FR,France,2006,7,
PT,Portugal,FR,France,2007,6,
PT,Portugal,FR,France,2008,6,
PT,Portugal,FR,France,2009,6,
PT,Portugal,HR,Croatia,2004,0,
PT,Portugal,HR,Croatia,2005,0,
PT,Portugal,HR,Croatia,2009,0,
PT,Portugal,HR,Croatia,2011,0,
PT,Portugal,HU,Hungary,2004,1,
PT,Portugal,HU,Hungary,2005,3,
PT,Portugal,HU,Hungary,2006,3,
PT,Portugal,HU,Hungary,2007,2,
PT,Portugal,HU,Hungary,2008,2,
PT,Portugal,HU,Hungary,2009,2,
PT,Portugal,HU,Hungary,2010,1,
PT,Portugal,HU,Hungary,2011,1,
PT,Portugal,HU,Hungary,2012,1,
PT,Portugal,HU,Hungary,2013,0,
PT,Portugal,HU,Hungary,2014,2,
PT,Portugal,IT,Italy,2005,0,
PT,Portugal,PL,Poland,2004,0,
PT,Portugal,PL,Poland,2005,0,
PT,Portugal,PL,Poland,2006,0,
PT,Portugal,PL,Poland,2007,0,
PT,Portugal,PL,Poland,2008,0,
PT,Portugal,RO,Romania,2004,1,
PT,Portugal,RO,Romania,2005,2,
PT,Portugal,RO,Romania,2006,1,
PT,Portugal,RO,Romania,2007,4,
PT,Portugal,RO,Romania,2008,1,
PT,Portugal,RO,Romania,2009,2,
PT,Portugal,RO,Romania,2010,3,
PT,Portugal,SI,Slovenia,2004,0,
PT,Portugal,SI,Slovenia,2005,0,
PT,Portugal,SI,Slovenia,2006,0,
PT,Portugal,SI,Slovenia,2007,0,
PT,Portugal,SI,Slovenia,2008,0,
PT,Portugal,SI,Slovenia,2009,0,
PT,Portugal,SI,Slovenia,2010,0,
PT,Portugal,SI,Slovenia,2011,0,
PT,Portugal,SI,Slovenia,2012,0,
PT,Portugal,SI,Slovenia,2013,0,
PT,Portugal,SI,Slovenia,2014,0,
PT,Portugal,SI,Slovenia,2015,0,
PT,Portugal,SI,Slovenia,2023,0,
PT,Portugal,SI,Slovenia,2024,0,
PT,Portugal,SI,Slovenia,2025,0,
PT,Portugal,SK,Slovakia,2004,0,
PT,Portugal,SK,Slovakia,2005,1,
PT,Portugal,SK,Slovakia,2006,1,
PT,Portugal,TR,Türkiye,2004,1,
PT,Portugal,TR,Türkiye,2005,1,
PT,Portugal,TR,Türkiye,2007,2,
PT,Portugal,TR,Türkiye,2008,3,
PT,Portugal,TR,Türkiye,2009,1,
PT,Portugal,TR,Türkiye,2010,3,
PT,Portugal,TR,Türkiye,2011,3,
PT,Portugal,TR,Türkiye,2012,2,
PT,Portugal,TR,Türkiye,2013,2,
PT,Portugal,TR,Türkiye,2014,4,
PT,Portugal,TR,Türkiye,2015,2,
PT,Portugal,TR,Türkiye,2016,0,
RO,Romania,BE,Belgium,2005,0,
RO,Romania,BE,Belgium,2006,0,
RO,Romania,BE,Belgium,2007,0,
RO,Romania,BE,Belgium,2008,0,
RO,Romania,BE,Belgium,2009,0,
RO,Romania,BE,Belgium,2010,0,
RO,Romania,BE,Belgium,2011,0,
RO,Romania,BG,Bulgaria,2006,15,
RO,Romania,BG,Bulgaria,2007,13,
RO,Romania,BG,Bulgaria,2008,24,
RO,Romania,BG,Bulgaria,2009,17,
RO,Romania,BG,Bulgaria,2010,10,
RO,Romania,BG,Bulgaria,2011,14,
RO,Romania,BG,Bulgaria,2012,9,
RO,Romania,BG,Bulgaria,2013,9,
RO,Romania,BG,Bulgaria,2014,10,
RO,Romania,BG,Bulgaria,2015,8,
RO,Romania,BG,Bulgaria,2016,8,
RO,Romania,BG,Bulgaria,2017,7,
RO,Romania,BG,Bulgaria,2018,5,
RO,Romania,BG,Bulgaria,2019,5,
RO,Romania,BG,Bulgaria,2020,2,
RO,Romania,BG,Bulgaria,2021,3,
RO,Romania,BG,Bulgaria,2022,7,
RO,Romania,BG,Bulgaria,2023,8,
RO,Romania,BG,Bulgaria,2024,9,
RO,Romania,BG,Bulgaria,2025,9,
RO,Romania,CZ,Czechia,2004,1,
RO,Romania,CZ,Czechia,2005,1,
RO,Romania,CZ,Czechia,2006,4,
RO,Romania,CZ,Czechia,2007,4,
RO,Romania,CZ,Czechia,2008,4,
RO,Romania,CZ,Czechia,2009,3,
RO,Romania,CZ,Czechia,2010,2,
RO,Romania,CZ,Czechia,2011,3,
RO,Romania,CZ,Czechia,2012,4,
RO,Romania,CZ,Czechia,2013,3,
RO,Romania,CZ,Czechia,2014,2,
RO,Romania,CZ,Czechia,2015,3,
RO,Romania,CZ,Czechia,2016,2,
RO,Romania,CZ,Czechia,2017,2,
RO,Romania,CZ,Czechia,2018,1,
RO,Romania,CZ,Czechia,2019,1,
RO,Romania,CZ,Czechia,2020,0,
RO,Romania,CZ,Czechia,2021,0,
RO,Romania,CZ,Czechia,2022,2,
RO,Romania,CZ,Czechia,2023,1,
RO,Romania,CZ,Czechia,2024,1,
RO,Romania,CZ,Czechia,2025,0,
RO,Romania,DE,Germany,2004,8,
RO,Romania,DE,Germany,2005,11,
RO,Romania,DE,Germany,2006,3,
RO,Romania,DE,Germany,2007,4,
RO,Romania,DE,Germany,2008,7,
RO,Romania,DK,Denmark,2004,0,
RO,Romania,DK,Denmark,2005,0,
RO,Romania,EL,Greece,2004,2,
RO,Romania,EL,Greece,2005,2,
RO,Romania,EL,Greece,2006,2,
RO,Romania,EL,Greece,2007,1,
RO,Romania,EL,Greece,2008,0,
RO,Romania,EL,Greece,2009,0,
RO,Romania,EL,Greece,2010,0,
RO,Romania,EL,Greece,2016,0,
RO,Romania,EL,Greece,2017,1,
RO,Romania,EL,Greece,2018,1,
RO,Romania,EL,Greece,2019,0,
RO,Romania,FR,France,2004,0,
RO,Romania,FR,France,2005,0,
RO,Romania,FR,France,2006,0,
RO,Romania,FR,France,2007,0,
RO,Romania,FR,France,2008,0,
RO,Romania,FR,France,2009,0,
RO,Romania,HR,Croatia,2004,1,
RO,Romania,HR,Croatia,2005,1,
RO,Romania,HR,Croatia,2006,1,
RO,Romania,HR,Croatia,2007,1,
RO,Romania,HR,Croatia,2008,1,
RO,Romania,HR,Croatia,2009,1,
RO,Romania,HR,Croatia,2010,0,
RO,Romania,HR,Croatia,2011,1,
RO,Romania,HR,Croatia,2012,0,
RO,Romania,HR,Croatia,2013,0,
RO,Romania,HR,Croatia,2014,0,
RO,Romania,HR,Croatia,2015,0,
RO,Romania,HR,Croatia,2016,0,
RO,Romania,HR,Croatia,2017,0,
RO,Romania,HR,Croatia,2018,0,
RO,Romania,HR,Croatia,2019,0,
RO,Romania,HR,Croatia,2020,0,
RO,Romania,HR,Croatia,2021,0,
RO,Romania,HR,Croatia,2022,0,
RO,Romania,HR,Croatia,2023,0,
RO,Romania,HR,Croatia,2024,0,
RO,Romania,HR,Croatia,2025,0,
RO,Romania,HU,Hungary,2004,143,
RO,Romania,HU,Hungary,2005,173,
RO,Romania,HU,Hungary,2006,191,
RO,Romania,HU,Hungary,2007,141,
RO,Romania,HU,Hungary,2008,126,
RO,Romania,HU,Hungary,2009,103,
RO,Romania,HU,Hungary,2010,98,
RO,Romania,HU,Hungary,2011,109,
RO,Romania,HU,Hungary,2012,101,
RO,Romania,HU,Hungary,2013,102,
RO,Romania,HU,Hungary,2014,93,
RO,Romania,IT,Italy,2004,3,
RO,Romania,IT,Italy,2005,2,
RO,Romania,IT,Italy,2006,3,
RO,Romania,IT,Italy,2007,4,
RO,Romania,LT,Lithuania,2009,0,
RO,Romania,LT,Lithuania,2010,0,
RO,Romania,LU,Luxembourg,2005,0,
RO,Romania,LU,Luxembourg,2007,0,
RO,Romania,LU,Luxembourg,2010,0,
RO,Romania,LU,Luxembourg,2012,0,
RO,Romania,LU,Luxembourg,2013,0,
RO,Romania,LU,Luxembourg,2014,0,
RO,Romania,LU,Luxembourg,2015,0,
RO,Romania,LU,Luxembourg,2016,0,
RO,Romania,LU,Luxembourg,2017,0,
RO,Romania,LU,Luxembourg,2018,0,
RO,Romania,LU,Luxembourg,2019,0,
RO,Romania,LU,Luxembourg,2020,0,
RO,Romania,LU,Luxembourg,2021,0,
RO,Romania,LU,Luxembourg,2022,0,
RO,Romania,LU,Luxembourg,2023,0,
RO,Romania,LU,Luxembourg,2024,0,
RO,Romania,LU,Luxembourg,2025,0,
RO,Romania,MK,North Macedonia,2009,0,
RO,Romania,MK,North Macedonia,2010,0,
RO,Romania,PL,Poland,2004,2,
RO,Romania,PL,Poland,2005,5,
RO,Romania,PL,Poland,2006,2,
RO,Romania,PL,Poland,2007,5,
RO,Romania,PL,Poland,2008,3,
RO,Romania,PL,Poland,2009,1,
RO,Romania,PL,Poland,2010,1,
RO,Romania,PL,Poland,2011,1,
RO,Romania,PL,Poland,2012,1,
RO,Romania,PL,Poland,2013,1,
RO,Romania,PL,Poland,2014,1,
RO,Romania,PL,Poland,2015,0,
RO,Romania,PL,Poland,2016,0,
RO,Romania,PL,Poland,2017,0,
RO,Romania,PL,Poland,2018,0,
RO,Romania,SI,Slovenia,2004,4,
RO,Romania,SI,Slovenia,2005,1,
RO,Romania,SI,Slovenia,2006,4,
RO,Romania,SI,Slovenia,2007,1,
RO,Romania,SI,Slovenia,2008,4,
RO,Romania,SI,Slovenia,2009,7,
RO,Romania,SI,Slovenia,2010,4,
RO,Romania,SI,Slovenia,2011,0,
RO,Romania,SI,Slovenia,2012,0,
RO,Romania,SI,Slovenia,2013,1,
RO,Romania,SI,Slovenia,2014,1,
RO,Romania,SI,Slovenia,2015,0,
RO,Romania,SI,Slovenia,2016,1,
RO,Romania,SI,Slovenia,2017,1,
RO,Romania,SI,Slovenia,2018,1,
RO,Romania,SI,Slovenia,2019,1,
RO,Romania,SI,Slovenia,2020,0,
RO,Romania,SI,Slovenia,2021,0,
RO,Romania,SI,Slovenia,2022,0,
RO,Romania,SI,Slovenia,2023,0,
RO,Romania,SI,Slovenia,2024,0,
RO,Romania,SI,Slovenia,2025,0,
RO,Romania,SK,Slovakia,2004,3,
RO,Romania,SK,Slovakia,2005,3,
RO,Romania,SK,Slovakia,2006,2,
RO,Romania,SK,Slovakia,2007,2,
RO,Romania,SK,Slovakia,2008,2,
RO,Romania,SK,Slovakia,2009,2,
RO,Romania,SK,Slovakia,2010,1,
RO,Romania,SK,Slovakia,2011,2,
RO,Romania,SK,Slovakia,2012,2,
RO,Romania,SK,Slovakia,2013,2,
RO,Romania,SK,Slovakia,2014,2,
RO,Romania,SK,Slovakia,2015,2,
RO,Romania,SK,Slovakia,2016,1,
RO,Romania,SK,Slovakia,2017,1,
RO,Romania,SK,Slovakia,2018,1,
RO,Romania,SK,Slovakia,2019,1,
RO,Romania,SK,Slovakia,2020,0,
RO,Romania,SK,Slovakia,2021,0,
RO,Romania,SK,Slovakia,2022,1,
RO,Romania,TR,Türkiye,2004,3,
RO,Romania,TR,Türkiye,2005,7,
RO,Romania,TR,Türkiye,2006,7,
RO,Romania,TR,Türkiye,2007,9,
RO,Romania,TR,Türkiye,2008,10,
RO,Romania,TR,Türkiye,2009,6,
RO,Romania,TR,Türkiye,2010,5,
RO,Romania,TR,Türkiye,2011,3,
RO,Romania,TR,Türkiye,2012,2,
RO,Romania,TR,Türkiye,2013,2,
RO,Romania,TR,Türkiye,2014,2,
RO,Romania,TR,Türkiye,2015,1,
RO,Romania,TR,Türkiye,2016,1,
RO,Romania,TR,Türkiye,2017,0,
RO,Romania,TR,Türkiye,2018,0,
RO,Romania,TR,Türkiye,2019,0,
RS,Serbia,BE,Belgium,2007,0,
RS,Serbia,BE,Belgium,2008,0,
RS,Serbia,BE,Belgium,2009,0,
RS,Serbia,BE,Belgium,2010,0,
RS,Serbia,BE,Belgium,2011,0,
RS,Serbia,BG,Bulgaria,2007,14,
RS,Serbia,BG,Bulgaria,2008,13,
RS,Serbia,BG,Bulgaria,2009,10,
RS,Serbia,BG,Bulgaria,2010,10,
RS,Serbia,BG,Bulgaria,2011,12,
RS,Serbia,BG,Bulgaria,2012,8,
RS,Serbia,BG,Bulgaria,2013,7,
RS,Serbia,BG,Bulgaria,2014,6,
RS,Serbia,BG,Bulgaria,2015,6,
RS,Serbia,BG,Bulgaria,2016,5,
RS,Serbia,BG,Bulgaria,2017,3,
RS,Serbia,BG,Bulgaria,2018,2,
RS,Serbia,BG,Bulgaria,2019,2,
RS,Serbia,BG,Bulgaria,2020,0,
RS,Serbia,BG,Bulgaria,2022,0,
RS,Serbia,BG,Bulgaria,2023,0,
RS,Serbia,CZ,Czechia,2007,1,
RS,Serbia,CZ,Czechia,2017,0,
RS,Serbia,CZ,Czechia,2018,0,
RS,Serbia,CZ,Czechia,2019,0,
RS,Serbia,CZ,Czechia,2021,0,
RS,Serbia,CZ,Czechia,2024,0,
RS,Serbia,CZ,Czechia,2025,0,
RS,Serbia,EL,Greece,2007,2,
RS,Serbia,EL,Greece,2014,9,
RS,Serbia,EL,Greece,2015,10,
RS,Serbia,EL,Greece,2016,4,
RS,Serbia,EL,Greece,2017,5,
RS,Serbia,EL,Greece,2018,5,
RS,Serbia,EL,Greece,2019,1,
RS,Serbia,HR,Croatia,2007,59,
RS,Serbia,HR,Croatia,2008,56,
RS,Serbia,HR,Croatia,2009,48,
RS,Serbia,HR,Croatia,2010,41,
RS,Serbia,HR,Croatia,2011,38,
RS,Serbia,HR,Croatia,2012,37,
RS,Serbia,HR,Croatia,2013,21,
RS,Serbia,HR,Croatia,2014,17,
RS,Serbia,HR,Croatia,2015,19,
RS,Serbia,HR,Croatia,2016,17,
RS,Serbia,HR,Croatia,2017,16,
RS,Serbia,HR,Croatia,2018,13,
RS,Serbia,HR,Croatia,2019,12,
RS,Serbia,HR,Croatia,2020,2,
RS,Serbia,HU,Hungary,2007,46,
RS,Serbia,HU,Hungary,2008,42,
RS,Serbia,HU,Hungary,2009,42,
RS,Serbia,HU,Hungary,2010,52,
RS,Serbia,HU,Hungary,2011,60,
RS,Serbia,HU,Hungary,2012,61,
RS,Serbia,HU,Hungary,2013,34,
RS,Serbia,HU,Hungary,2014,58,
RS,Serbia,IT,Italy,2007,2,
RS,Serbia,LU,Luxembourg,2012,0,
RS,Serbia,MK,North Macedonia,2009,5,
RS,Serbia,MK,North Macedonia,2010,4,
RS,Serbia,MK,North Macedonia,2011,4,
RS,Serbia,MK,North Macedonia,2012,1,
RS,Serbia,MK,North Macedonia,2013,0,
RS,Serbia,MK,North Macedonia,2014,0,
RS,Serbia,MK,North Macedonia,2015,2,
RS,Serbia,MK,North Macedonia,2016,1,
RS,Serbia,MK,North Macedonia,2017,1,
RS,Serbia,MK,North Macedonia,2018,1,
RS,Serbia,MK,North Macedonia,2019,0,
RS,Serbia,MK,North Macedonia,2020,0,
RS,Serbia,MK,North Macedonia,2021,0,
RS,Serbia,PL,Poland,2007,1,
RS,Serbia,PL,Poland,2008,1,
RS,Serbia,PL,Poland,2009,0,
RS,Serbia,PL,Poland,2010,0,
RS,Serbia,PL,Poland,2011,0,
RS,Serbia,PL,Poland,2012,0,
RS,Serbia,PL,Poland,2013,0,
RS,Serbia,PL,Poland,2014,0,
RS,Serbia,PL,Poland,2015,0,
RS,Serbia,PL,Poland,2016,0,
RS,Serbia,PL,Poland,2017,0,
RS,Serbia,PL,Poland,2018,0,
RS,Serbia,RO,Romania,2007,9,
RS,Serbia,RO,Romania,2008,8,
RS,Serbia,RO,Romania,2009,6,
RS,Serbia,RO,Romania,2010,11,
RS,Serbia,RO,Romania,2011,5,
RS,Serbia,RO,Romania,2012,6,
RS,Serbia,RO,Romania,2013,6,
RS,Serbia,RO,Romania,2014,8,
RS,Serbia,RO,Romania,2015,10,
RS,Serbia,RO,Romania,2016,11,
RS,Serbia,RO,Romania,2017,11,
RS,Serbia,RO,Romania,2018,0,
RS,Serbia,RO,Romania,2019,0,
RS,Serbia,SI,Slovenia,2007,18,
RS,Serbia,SI,Slovenia,2008,17,
RS,Serbia,SI,Slovenia,2009,22,
RS,Serbia,SI,Slovenia,2010,23,
RS,Serbia,SI,Slovenia,2011,20,
RS,Serbia,SI,Slovenia,2012,19,
RS,Serbia,SI,Slovenia,2013,8,
RS,Serbia,SI,Slovenia,2014,7,
RS,Serbia,SI,Slovenia,2015,9,
RS,Serbia,SI,Slovenia,2016,9,
RS,Serbia,SI,Slovenia,2017,7,
RS,Serbia,SI,Slovenia,2018,7,
RS,Serbia,SI,Slovenia,2019,6,
RS,Serbia,SI,Slovenia,2020,1,
RS,Serbia,SI,Slovenia,2023,0,
RS,Serbia,SI,Slovenia,2024,0,
RS,Serbia,SI,Slovenia,2025,0,
RS,Serbia,SK,Slovakia,2007,1,
RS,Serbia,SK,Slovakia,2008,1,
RS,Serbia,SK,Slovakia,2009,1,
RS,Serbia,SK,Slovakia,2011,2,
RS,Serbia,SK,Slovakia,2012,2,
RS,Serbia,SK,Slovakia,2013,2,
RS,Serbia,SK,Slovakia,2014,2,
RS,Serbia,SK,Slovakia,2015,1,
RS,Serbia,SK,Slovakia,2016,1,
RS,Serbia,SK,Slovakia,2017,0,
RS,Serbia,SK,Slovakia,2018,0,
RS,Serbia,SK,Slovakia,2019,0,
RS,Serbia,SK,Slovakia,2020,0,
RS,Serbia,SK,Slovakia,2021,0,
RS,Serbia,TR,Türkiye,2007,2,
RS,Serbia,TR,Türkiye,2008,3,
RS,Serbia,TR,Türkiye,2009,3,
RS,Serbia,TR,Türkiye,2010,4,
RS,Serbia,TR,Türkiye,2011,1,
RS,Serbia,TR,Türkiye,2012,1,
RS,Serbia,TR,Türkiye,2013,1,
RS,Serbia,TR,Türkiye,2014,1,
RS,Serbia,TR,Türkiye,2015,1,
RS,Serbia,TR,Türkiye,2016,0,
RS_ME,Serbia and Montenegro,BE,Belgium,2005,0,
RS_ME,Serbia and Montenegro,BG,Bulgaria,2006,18,
RS_ME,Serbia and Montenegro,CZ,Czechia,2004,0,
RS_ME,Serbia and Montenegro,CZ,Czechia,2006,1,
RS_ME,Serbia and Montenegro,EL,Greece,2004,4,
RS_ME,Serbia and Montenegro,EL,Greece,2005,5,
RS_ME,Serbia and Montenegro,EL,Greece,2006,4,
RS_ME,Serbia and Montenegro,FR,France,2004,0,
RS_ME,Serbia and Montenegro,FR,France,2005,0,
RS_ME,Serbia and Montenegro,HR,Croatia,2004,80,
RS_ME,Serbia and Montenegro,HR,Croatia,2005,84,
RS_ME,Serbia and Montenegro,HR,Croatia,2006,65,
RS_ME,Serbia and Montenegro,HU,Hungary,2004,34,
RS_ME,Serbia and Montenegro,HU,Hungary,2005,42,
RS_ME,Serbia and Montenegro,IT,Italy,2004,0,
RS_ME,Serbia and Montenegro,IT,Italy,2005,0,
RS_ME,Serbia and Montenegro,IT,Italy,2006,1,
RS_ME,Serbia and Montenegro,LT,Lithuania,2004,0,
RS_ME,Serbia and Montenegro,PL,Poland,2004,1,
RS_ME,Serbia and Montenegro,PL,Poland,2005,1,
RS_ME,Serbia and Montenegro,PL,Poland,2006,1,
RS_ME,Serbia and Montenegro,RO,Romania,2004,6,
RS_ME,Serbia and Montenegro,RO,Romania,2005,7,
RS_ME,Serbia and Montenegro,RO,Romania,2006,6,
RS_ME,Serbia and Montenegro,SI,Slovenia,2004,25,
RS_ME,Serbia and Montenegro,SI,Slovenia,2005,24,
RS_ME,Serbia and Montenegro,SI,Slovenia,2006,20,
RS_ME,Serbia and Montenegro,SK,Slovakia,2004,1,
RS_ME,Serbia and Montenegro,SK,Slovakia,2005,1,
RS_ME,Serbia and Montenegro,SK,Slovakia,2006,1,
RS_ME,Serbia and Montenegro,TR,Türkiye,2004,1,
RS_ME,Serbia and Montenegro,TR,Türkiye,2005,1,
RS_ME,Serbia and Montenegro,TR,Türkiye,2006,1,
RU,Russia,BE,Belgium,2004,0,
RU,Russia,BE,Belgium,2005,0,
RU,Russia,BE,Belgium,2006,0,
RU,Russia,BE,Belgium,2007,0,
RU,Russia,BE,Belgium,2008,0,
RU,Russia,BE,Belgium,2009,0,
RU,Russia,BE,Belgium,2010,0,
RU,Russia,BE,Belgium,2011,0,
RU,Russia,BG,Bulgaria,2006,7,
RU,Russia,BG,Bulgaria,2007,10,
RU,Russia,BG,Bulgaria,2008,7,
RU,Russia,BG,Bulgaria,2009,15,
RU,Russia,BG,Bulgaria,2010,17,
RU,Russia,BG,Bulgaria,2011,17,
RU,Russia,BG,Bulgaria,2012,22,
RU,Russia,BG,Bulgaria,2013,34,
RU,Russia,BG,Bulgaria,2014,3,
RU,Russia,BG,Bulgaria,2015,0,
RU,Russia,BG,Bulgaria,2016,6,
RU,Russia,BG,Bulgaria,2017,0,
RU,Russia,CZ,Czechia,2004,2,
RU,Russia,CZ,Czechia,2006,26,
RU,Russia,CZ,Czechia,2007,22,
RU,Russia,CZ,Czechia,2014,0,
RU,Russia,CZ,Czechia,2016,0,
RU,Russia,CZ,Czechia,2017,1,
RU,Russia,CZ,Czechia,2018,0,
RU,Russia,CZ,Czechia,2019,0,
RU,Russia,CZ,Czechia,2020,1,
RU,Russia,CZ,Czechia,2022,0,
RU,Russia,CZ,Czechia,2023,0,
RU,Russia,CZ,Czechia,2024,0,
RU,Russia,DE,Germany,2004,15,
RU,Russia,DE,Germany,2005,6,
RU,Russia,DE,Germany,2006,4,
RU,Russia,DE,Germany,2007,4,
RU,Russia,DE,Germany,2008,8,
RU,Russia,DK,Denmark,2004,0,
RU,Russia,EE,Estonia,2004,58,
RU,Russia,EE,Estonia,2005,72,
RU,Russia,EE,Estonia,2006,69,
RU,Russia,EE,Estonia,2007,75,
RU,Russia,EE,Estonia,2008,79,
RU,Russia,EE,Estonia,2009,49,
RU,Russia,EE,Estonia,2010,50,
RU,Russia,EE,Estonia,2011,42,
RU,Russia,EE,Estonia,2012,49,
RU,Russia,EE,Estonia,2013,61,
RU,Russia,EE,Estonia,2014,49,
RU,Russia,EE,Estonia,2015,28,
RU,Russia,EE,Estonia,2016,51,
RU,Russia,EE,Estonia,2017,53,
RU,Russia,EE,Estonia,2018,53,
RU,Russia,EE,Estonia,2019,55,
RU,Russia,EE,Estonia,2020,4,
RU,Russia,EE,Estonia,2021,0,
RU,Russia,EE,Estonia,2022,0,
RU,Russia,EE,Estonia,2023,0,
RU,Russia,EE,Estonia,2024,0,
RU,Russia,EE,Estonia,2025,0,
RU,Russia,EL,Greece,2004,0,
RU,Russia,EL,Greece,2005,0,
RU,Russia,EL,Greece,2006,0,
RU,Russia,EL,Greece,2007,0,
RU,Russia,FI,Finland,2004,125,
RU,Russia,FI,Finland,2005,133,
RU,Russia,FI,Finland,2006,168,
RU,Russia,FI,Finland,2007,200,
RU,Russia,FI,Finland,2008,216,
RU,Russia,FI,Finland,2009,170,
RU,Russia,FI,Finland,2010,173,
RU,Russia,FI,Finland,2011,222,
RU,Russia,FI,Finland,2012,250,
RU,Russia,FI,Finland,2013,302,
RU,Russia,FI,Finland,2014,258,
RU,Russia,FI,Finland,2015,214,
RU,Russia,FI,Finland,2016,226,
RU,Russia,FI,Finland,2017,276,
RU,Russia,FI,Finland,2018,277,
RU,Russia,FI,Finland,2019,325,
RU,Russia,FI,Finland,2020,61,
RU,Russia,FI,Finland,2021,1,
RU,Russia,FI,Finland,2022,19,
RU,Russia,FI,Finland,2023,0,
RU,Russia,FI,Finland,2024,0,
RU,Russia,FI,Finland,2025,0,
RU,Russia,FR,France,2009,0,
RU,Russia,HR,Croatia,2004,0,
RU,Russia,HR,Croatia,2005,0,
RU,Russia,HR,Croatia,2006,0,
RU,Russia,HR,Croatia,2007,1,
RU,Russia,HR,Croatia,2008,0,
RU,Russia,HR,Croatia,2009,1,
RU,Russia,HR,Croatia,2010,1,
RU,Russia,HR,Croatia,2011,0,
RU,Russia,HR,Croatia,2012,0,
RU,Russia,HR,Croatia,2013,0,
RU,Russia,HR,Croatia,2014,0,
RU,Russia,HU,Hungary,2004,3,
RU,Russia,HU,Hungary,2005,4,
RU,Russia,HU,Hungary,2006,7,
RU,Russia,HU,Hungary,2007,9,
RU,Russia,HU,Hungary,2008,10,
RU,Russia,HU,Hungary,2009,11,
RU,Russia,HU,Hungary,2010,11,
RU,Russia,HU,Hungary,2011,13,
RU,Russia,HU,Hungary,2012,12,
RU,Russia,HU,Hungary,2013,9,
RU,Russia,HU,Hungary,2014,1,
RU,Russia,LT,Lithuania,2004,113,
RU,Russia,LT,Lithuania,2005,141,
RU,Russia,LT,Lithuania,2006,134,
RU,Russia,LT,Lithuania,2007,139,
RU,Russia,LT,Lithuania,2008,123,
RU,Russia,LT,Lithuania,2009,83,
RU,Russia,LT,Lithuania,2010,90,
RU,Russia,LT,Lithuania,2011,95,
RU,Russia,LT,Lithuania,2012,92,
RU,Russia,LT,Lithuania,2013,88,
RU,Russia,LT,Lithuania,2014,54,
RU,Russia,LT,Lithuania,2015,23,
RU,Russia,LT,Lithuania,2016,16,
RU,Russia,LT,Lithuania,2017,15,
RU,Russia,LT,Lithuania,2018,13,
RU,Russia,LT,Lithuania,2019,35,
RU,Russia,LT,Lithuania,2020,16,
RU,Russia,LT,Lithuania,2021,0,
RU,Russia,LT,Lithuania,2022,0,
RU,Russia,LT,Lithuania,2023,0,
RU,Russia,LT,Lithuania,2024,0,
RU,Russia,LT,Lithuania,2025,0,
RU,Russia,LU,Luxembourg,2008,0,
RU,Russia,LU,Luxembourg,2010,0,
RU,Russia,LU,Luxembourg,2011,0,
RU,Russia,LU,Luxembourg,2013,0,
RU,Russia,LU,Luxembourg,2014,0,
RU,Russia,LU,Luxembourg,2015,0,
RU,Russia,LU,Luxembourg,2016,0,
RU,Russia,LU,Luxembourg,2017,0,
RU,Russia,LU,Luxembourg,2018,0,
RU,Russia,LU,Luxembourg,2019,0,
RU,Russia,LU,Luxembourg,2020,0,
RU,Russia,LU,Luxembourg,2021,0,
RU,Russia,LU,Luxembourg,2022,0,
RU,Russia,LU,Luxembourg,2023,0,
RU,Russia,LU,Luxembourg,2024,0,
RU,Russia,LU,Luxembourg,2025,0,
RU,Russia,LV,Latvia,2004,138,
RU,Russia,LV,Latvia,2005,149,
RU,Russia,LV,Latvia,2006,157,
RU,Russia,LV,Latvia,2007,152,
RU,Russia,LV,Latvia,2008,150,
RU,Russia,LV,Latvia,2009,121,
RU,Russia,LV,Latvia,2010,138,
RU,Russia,LV,Latvia,2011,127,
RU,Russia,LV,Latvia,2012,127,
RU,Russia,LV,Latvia,2013,129,
RU,Russia,LV,Latvia,2014,103,
RU,Russia,LV,Latvia,2015,75,
RU,Russia,LV,Latvia,2016,66,
RU,Russia,LV,Latvia,2017,69,
RU,Russia,LV,Latvia,2018,67,
RU,Russia,LV,Latvia,2019,66,
RU,Russia,LV,Latvia,2020,6,
RU,Russia,PL,Poland,2004,106,
RU,Russia,PL,Poland,2005,102,
RU,Russia,PL,Poland,2006,194,
RU,Russia,PL,Poland,2007,151,
RU,Russia,PL,Poland,2008,133,
RU,Russia,PL,Poland,2009,89,
RU,Russia,PL,Poland,2010,87,
RU,Russia,PL,Poland,2011,84,
RU,Russia,PL,Poland,2012,97,
RU,Russia,PL,Poland,2013,50,
RU,Russia,PL,Poland,2014,0,
RU,Russia,PL,Poland,2015,0,
RU,Russia,PL,Poland,2016,1,
RU,Russia,PL,Poland,2017,0,
RU,Russia,PL,Poland,2018,0,
RU,Russia,RO,Romania,2004,9,
RU,Russia,RO,Romania,2005,7,
RU,Russia,RO,Romania,2006,9,
RU,Russia,RO,Romania,2007,12,
RU,Russia,RO,Romania,2008,17,
RU,Russia,RO,Romania,2009,15,
RU,Russia,RO,Romania,2010,11,
RU,Russia,RO,Romania,2011,2,
RU,Russia,RO,Romania,2012,2,
RU,Russia,RO,Romania,2013,2,
RU,Russia,RO,Romania,2014,1,
RU,Russia,RO,Romania,2015,0,
RU,Russia,RO,Romania,2016,0,
RU,Russia,SI,Slovenia,2004,0,
RU,Russia,SI,Slovenia,2005,0,
RU,Russia,SI,Slovenia,2006,0,
RU,Russia,SI,Slovenia,2007,0,
RU,Russia,SI,Slovenia,2008,0,
RU,Russia,SI,Slovenia,2009,0,
RU,Russia,SI,Slovenia,2010,0,
RU,Russia,SI,Slovenia,2011,0,
RU,Russia,SI,Slovenia,2014,0,
RU,Russia,SK,Slovakia,2004,2,
RU,Russia,SK,Slovakia,2005,3,
RU,Russia,SK,Slovakia,2006,6,
RU,Russia,SK,Slovakia,2007,1,
RU,Russia,SK,Slovakia,2008,7,
RU,Russia,SK,Slovakia,2009,0,
RU,Russia,SK,Slovakia,2011,6,
RU,Russia,SK,Slovakia,2012,3,
RU,Russia,SK,Slovakia,2013,2,
RU,Russia,SK,Slovakia,2014,0,
RU,Russia,SK,Slovakia,2015,0,
RU,Russia,SK,Slovakia,2016,0,
RU,Russia,SK,Slovakia,2017,0,
RU,Russia,TR,Türkiye,2006,0,
SE,Sweden,BE,Belgium,2006,0,
SE,Sweden,BE,Belgium,2007,0,
SE,Sweden,BE,Belgium,2008,0,
SE,Sweden,BE,Belgium,2009,0,
SE,Sweden,BE,Belgium,2010,0,
SE,Sweden,BE,Belgium,2011,0,
SE,Sweden,BG,Bulgaria,2006,2,
SE,Sweden,BG,Bulgaria,2007,21,
SE,Sweden,BG,Bulgaria,2008,42,
SE,Sweden,BG,Bulgaria,2009,23,
SE,Sweden,BG,Bulgaria,2010,29,
SE,Sweden,BG,Bulgaria,2011,37,
SE,Sweden,BG,Bulgaria,2012,33,
SE,Sweden,BG,Bulgaria,2013,32,
SE,Sweden,BG,Bulgaria,2014,31,
SE,Sweden,BG,Bulgaria,2015,13,
SE,Sweden,BG,Bulgaria,2016,13,
SE,Sweden,BG,Bulgaria,2017,21,
SE,Sweden,BG,Bulgaria,2018,36,
SE,Sweden,BG,Bulgaria,2019,70,
SE,Sweden,BG,Bulgaria,2020,11,
SE,Sweden,BG,Bulgaria,2021,6,
SE,Sweden,BG,Bulgaria,2022,59,
SE,Sweden,BG,Bulgaria,2023,64,
SE,Sweden,BG,Bulgaria,2024,58,
SE,Sweden,BG,Bulgaria,2025,64,
SE,Sweden,CZ,Czechia,2004,0,
SE,Sweden,CZ,Czechia,2014,0,
SE,Sweden,CZ,Czechia,2018,0,
SE,Sweden,CZ,Czechia,2019,0,
SE,Sweden,CZ,Czechia,2020,0,
SE,Sweden,CZ,Czechia,2021,0,
SE,Sweden,CZ,Czechia,2022,0,
SE,Sweden,CZ,Czechia,2023,0,
SE,Sweden,CZ,Czechia,2024,0,
SE,Sweden,CZ,Czechia,2025,0,
SE,Sweden,DE,Germany,2004,14,
SE,Sweden,DE,Germany,2005,18,
SE,Sweden,DE,Germany,2006,11,
SE,Sweden,DE,Germany,2007,10,
SE,Sweden,DE,Germany,2008,48,
SE,Sweden,DE,Germany,2009,23,
SE,Sweden,DE,Germany,2024,102,
SE,Sweden,DE,Germany,2025,93,
SE,Sweden,DK,Denmark,2004,2909,
SE,Sweden,DK,Denmark,2005,4367,
SE,Sweden,DK,Denmark,2006,3959,
SE,Sweden,DK,Denmark,2007,4797,
SE,Sweden,DK,Denmark,2008,5457,
SE,Sweden,DK,Denmark,2009,5613,
SE,Sweden,DK,Denmark,2010,5394,
SE,Sweden,DK,Denmark,2011,5275,
SE,Sweden,DK,Denmark,2012,5543,
SE,Sweden,DK,Denmark,2013,5768,
SE,Sweden,DK,Denmark,2014,5732,
SE,Sweden,DK,Denmark,2015,6001,
SE,Sweden,DK,Denmark,2016,5723,
SE,Sweden,DK,Denmark,2017,5749,
SE,Sweden,DK,Denmark,2018,6163,
SE,Sweden,DK,Denmark,2019,6600,
SE,Sweden,DK,Denmark,2020,2587,
SE,Sweden,DK,Denmark,2021,2957,
SE,Sweden,DK,Denmark,2022,6416,
SE,Sweden,DK,Denmark,2023,7936,
SE,Sweden,DK,Denmark,2024,8123,
SE,Sweden,DK,Denmark,2025,8537,
SE,Sweden,EL,Greece,2007,0,
SE,Sweden,FR,France,2004,0,
SE,Sweden,HR,Croatia,2004,0,
SE,Sweden,HR,Croatia,2005,0,
SE,Sweden,HR,Croatia,2006,0,
SE,Sweden,HR,Croatia,2007,0,
SE,Sweden,HR,Croatia,2008,0,
SE,Sweden,HR,Croatia,2009,0,
SE,Sweden,HR,Croatia,2010,0,
SE,Sweden,HR,Croatia,2011,1,
SE,Sweden,HR,Croatia,2012,0,
SE,Sweden,HR,Croatia,2013,0,
SE,Sweden,HR,Croatia,2014,0,
SE,Sweden,HR,Croatia,2015,0,
SE,Sweden,HR,Croatia,2016,1,
SE,Sweden,HR,Croatia,2017,0,
SE,Sweden,HR,Croatia,2019,0,
SE,Sweden,HR,Croatia,2020,0,
SE,Sweden,HR,Croatia,2021,0,
SE,Sweden,HR,Croatia,2022,0,
SE,Sweden,HR,Croatia,2023,0,
SE,Sweden,HR,Croatia,2024,0,
SE,Sweden,HR,Croatia,2025,0,
SE,Sweden,HU,Hungary,2004,3,
SE,Sweden,HU,Hungary,2005,5,
SE,Sweden,HU,Hungary,2006,5,
SE,Sweden,HU,Hungary,2007,10,
SE,Sweden,HU,Hungary,2008,12,
SE,Sweden,HU,Hungary,2009,14,
SE,Sweden,HU,Hungary,2010,12,
SE,Sweden,HU,Hungary,2011,11,
SE,Sweden,HU,Hungary,2012,13,
SE,Sweden,HU,Hungary,2013,10,
SE,Sweden,HU,Hungary,2014,10,
SE,Sweden,IT,Italy,2004,0,
SE,Sweden,IT,Italy,2005,0,
SE,Sweden,LT,Lithuania,2004,0,
SE,Sweden,LT,Lithuania,2005,0,
SE,Sweden,LT,Lithuania,2007,0,
SE,Sweden,LT,Lithuania,2009,0,
SE,Sweden,LT,Lithuania,2010,0,
SE,Sweden,LT,Lithuania,2011,0,
SE,Sweden,LT,Lithuania,2012,0,
SE,Sweden,LT,Lithuania,2013,0,
SE,Sweden,LU,Luxembourg,2007,0,
SE,Sweden,LU,Luxembourg,2010,0,
SE,Sweden,LU,Luxembourg,2012,0,
SE,Sweden,LU,Luxembourg,2013,0,
SE,Sweden,LU,Luxembourg,2014,0,
SE,Sweden,LU,Luxembourg,2015,0,
SE,Sweden,LU,Luxembourg,2016,0,
SE,Sweden,LU,Luxembourg,2017,0,
SE,Sweden,LU,Luxembourg,2018,0,
SE,Sweden,LU,Luxembourg,2019,0,
SE,Sweden,LU,Luxembourg,2020,0,
SE,Sweden,LU,Luxembourg,2021,0,
SE,Sweden,LU,Luxembourg,2022,0,
SE,Sweden,LU,Luxembourg,2023,0,
SE,Sweden,LU,Luxembourg,2024,0,
SE,Sweden,LU,Luxembourg,2025,0,
SE,Sweden,NO,Norway,2005,135,
SE,Sweden,NO,Norway,2006,142,
SE,Sweden,NO,Norway,2007,74,
SE,Sweden,NO,Norway,2008,110,
SE,Sweden,NO,Norway,2009,106,
SE,Sweden,NO,Norway,2010,253,
SE,Sweden,NO,Norway,2011,222,
SE,Sweden,NO,Norway,2012,238,
SE,Sweden,NO,Norway,2013,245,
SE,Sweden,NO,Norway,2014,238,
SE,Sweden,NO,Norway,2015,250,
SE,Sweden,NO,Norway,2016,268,
SE,Sweden,NO,Norway,2017,292,
SE,Sweden,NO,Norway,2018,221,
SE,Sweden,NO,Norway,2019,248,
SE,Sweden,NO,Norway,2020,38,
SE,Sweden,NO,Norway,2021,12,
SE,Sweden,NO,Norway,2022,149,
SE,Sweden,NO,Norway,2023,228,
SE,Sweden,NO,Norway,2024,298,
SE,Sweden,NO,Norway,2025,318,
SE,Sweden,PL,Poland,2004,2,
SE,Sweden,PL,Poland,2005,1,
SE,Sweden,PL,Poland,2006,1,
SE,Sweden,PL,Poland,2007,1,
SE,Sweden,PL,Poland,2008,2,
SE,Sweden,PL,Poland,2009,1,
SE,Sweden,PL,Poland,2010,1,
SE,Sweden,PL,Poland,2011,1,
SE,Sweden,PL,Poland,2012,1,
SE,Sweden,PL,Poland,2013,1,
SE,Sweden,PL,Poland,2014,1,
SE,Sweden,PL,Poland,2015,1,
SE,Sweden,PL,Poland,2016,1,
SE,Sweden,PL,Poland,2017,0,
SE,Sweden,PL,Poland,2018,1,
SE,Sweden,RO,Romania,2004,0,
SE,Sweden,RO,Romania,2005,0,
SE,Sweden,RO,Romania,2006,0,
SE,Sweden,RO,Romania,2007,0,
SE,Sweden,RO,Romania,2010,15,
SE,Sweden,RO,Romania,2011,0,
SE,Sweden,RO,Romania,2012,0,
SE,Sweden,RO,Romania,2013,0,
SE,Sweden,RO,Romania,2014,0,
SE,Sweden,RO,Romania,2015,0,
SE,Sweden,RO,Romania,2019,0,
SE,Sweden,SI,Slovenia,2004,0,
SE,Sweden,SI,Slovenia,2005,0,
SE,Sweden,SI,Slovenia,2006,0,
SE,Sweden,SI,Slovenia,2007,0,
SE,Sweden,SI,Slovenia,2008,0,
SE,Sweden,SI,Slovenia,2009,0,
SE,Sweden,SI,Slovenia,2010,0,
SE,Sweden,SI,Slovenia,2011,0,
SE,Sweden,SI,Slovenia,2012,0,
SE,Sweden,SI,Slovenia,2013,0,
SE,Sweden,SI,Slovenia,2014,0,
SE,Sweden,SI,Slovenia,2015,0,
SE,Sweden,SI,Slovenia,2016,0,
SE,Sweden,SI,Slovenia,2017,0,
SE,Sweden,SI,Slovenia,2018,2,
SE,Sweden,SI,Slovenia,2019,1,
SE,Sweden,SI,Slovenia,2023,0,
SE,Sweden,SI,Slovenia,2024,0,
SE,Sweden,SI,Slovenia,2025,0,
SE,Sweden,SK,Slovakia,2004,3,
SE,Sweden,SK,Slovakia,2005,3,
SE,Sweden,SK,Slovakia,2006,3,
SE,Sweden,TR,Türkiye,2004,3,
SE,Sweden,TR,Türkiye,2005,2,
SE,Sweden,TR,Türkiye,2006,3,
SE,Sweden,TR,Türkiye,2007,11,
SE,Sweden,TR,Türkiye,2008,22,
SE,Sweden,TR,Türkiye,2009,18,
SE,Sweden,TR,Türkiye,2011,18,
SE,Sweden,TR,Türkiye,2012,15,
SE,Sweden,TR,Türkiye,2013,11,
SE,Sweden,TR,Türkiye,2014,15,
SE,Sweden,TR,Türkiye,2015,10,
SE,Sweden,TR,Türkiye,2016,0,
SH,"Saint Helena, Ascension and Tristan da Cunha",LT,Lithuania,2004,0,
SH,"Saint Helena, Ascension and Tristan da Cunha",LT,Lithuania,2005,0,
SI,Slovenia,BE,Belgium,2005,0,
SI,Slovenia,BE,Belgium,2006,0,
SI,Slovenia,BE,Belgium,2007,0,
SI,Slovenia,BE,Belgium,2008,0,
SI,Slovenia,BE,Belgium,2009,0,
SI,Slovenia,BE,Belgium,2010,0,
SI,Slovenia,BE,Belgium,2011,0,
SI,Slovenia,BG,Bulgaria,2006,1,
SI,Slovenia,BG,Bulgaria,2007,1,
SI,Slovenia,BG,Bulgaria,2008,2,
SI,Slovenia,BG,Bulgaria,2009,1,
SI,Slovenia,BG,Bulgaria,2010,1,
SI,Slovenia,BG,Bulgaria,2011,2,
SI,Slovenia,BG,Bulgaria,2012,2,
SI,Slovenia,BG,Bulgaria,2013,1,
SI,Slovenia,BG,Bulgaria,2014,1,
SI,Slovenia,BG,Bulgaria,2015,1,
SI,Slovenia,BG,Bulgaria,2016,0,
SI,Slovenia,BG,Bulgaria,2017,1,
SI,Slovenia,BG,Bulgaria,2018,0,
SI,Slovenia,BG,Bulgaria,2019,0,
SI,Slovenia,BG,Bulgaria,2020,0,
SI,Slovenia,BG,Bulgaria,2021,0,
SI,Slovenia,BG,Bulgaria,2022,0,
SI,Slovenia,BG,Bulgaria,2023,0,
SI,Slovenia,BG,Bulgaria,2024,0,
SI,Slovenia,BG,Bulgaria,2025,0,
SI,Slovenia,CZ,Czechia,2004,1,
SI,Slovenia,CZ,Czechia,2005,3,
SI,Slovenia,CZ,Czechia,2006,1,
SI,Slovenia,CZ,Czechia,2007,1,
SI,Slovenia,CZ,Czechia,2008,3,
SI,Slovenia,CZ,Czechia,2009,3,
SI,Slovenia,CZ,Czechia,2010,5,
SI,Slovenia,CZ,Czechia,2011,4,
SI,Slovenia,CZ,Czechia,2012,6,
SI,Slovenia,CZ,Czechia,2013,7,
SI,Slovenia,CZ,Czechia,2014,5,
SI,Slovenia,CZ,Czechia,2015,5,
SI,Slovenia,CZ,Czechia,2016,3,
SI,Slovenia,CZ,Czechia,2017,1,
SI,Slovenia,CZ,Czechia,2018,1,
SI,Slovenia,CZ,Czechia,2019,1,
SI,Slovenia,CZ,Czechia,2020,1,
SI,Slovenia,CZ,Czechia,2021,0,
SI,Slovenia,CZ,Czechia,2022,1,
SI,Slovenia,CZ,Czechia,2023,1,
SI,Slovenia,CZ,Czechia,2024,2,
SI,Slovenia,CZ,Czechia,2025,2,
SI,Slovenia,DE,Germany,2004,18,
SI,Slovenia,DE,Germany,2007,8,
SI,Slovenia,DE,Germany,2008,13,
SI,Slovenia,DE,Germany,2022,0,
SI,Slovenia,DE,Germany,2023,8,
SI,Slovenia,DE,Germany,2024,9,
SI,Slovenia,DE,Germany,2025,5,
SI,Slovenia,DK,Denmark,2004,0,
SI,Slovenia,DK,Denmark,2005,0,
SI,Slovenia,EL,Greece,2004,0,
SI,Slovenia,EL,Greece,2005,0,
SI,Slovenia,EL,Greece,2006,0,
SI,Slovenia,EL,Greece,2007,0,
SI,Slovenia,FR,France,2004,0,
SI,Slovenia,FR,France,2005,0,
SI,Slovenia,FR,France,2006,0,
SI,Slovenia,FR,France,2007,0,
SI,Slovenia,FR,France,2009,0,
SI,Slovenia,HR,Croatia,2004,91,
SI,Slovenia,HR,Croatia,2005,87,
SI,Slovenia,HR,Croatia,2006,86,
SI,Slovenia,HR,Croatia,2007,88,
SI,Slovenia,HR,Croatia,2008,89,
SI,Slovenia,HR,Croatia,2009,86,
SI,Slovenia,HR,Croatia,2010,78,
SI,Slovenia,HR,Croatia,2011,74,
SI,Slovenia,HR,Croatia,2012,73,
SI,Slovenia,HR,Croatia,2013,70,
SI,Slovenia,HR,Croatia,2014,62,
SI,Slovenia,HR,Croatia,2015,54,
SI,Slovenia,HR,Croatia,2016,56,
SI,Slovenia,HR,Croatia,2017,65,
SI,Slovenia,HR,Croatia,2018,74,
SI,Slovenia,HR,Croatia,2019,69,
SI,Slovenia,HR,Croatia,2020,12,
SI,Slovenia,HR,Croatia,2021,23,
SI,Slovenia,HR,Croatia,2022,61,
SI,Slovenia,HR,Croatia,2023,38,
SI,Slovenia,HR,Croatia,2024,64,
SI,Slovenia,HR,Croatia,2025,64,
SI,Slovenia,HU,Hungary,2004,14,
SI,Slovenia,HU,Hungary,2005,12,
SI,Slovenia,HU,Hungary,2006,12,
SI,Slovenia,HU,Hungary,2007,80,
SI,Slovenia,HU,Hungary,2008,14,
SI,Slovenia,HU,Hungary,2009,11,
SI,Slovenia,HU,Hungary,2010,19,
SI,Slovenia,HU,Hungary,2011,15,
SI,Slovenia,HU,Hungary,2012,8,
SI,Slovenia,HU,Hungary,2013,6,
SI,Slovenia,HU,Hungary,2014,8,
SI,Slovenia,IT,Italy,2004,9,
SI,Slovenia,IT,Italy,2005,13,
SI,Slovenia,IT,Italy,2006,29,
SI,Slovenia,IT,Italy,2007,27,
SI,Slovenia,LT,Lithuania,2004,0,
SI,Slovenia,LT,Lithuania,2005,0,
SI,Slovenia,LT,Lithuania,2007,0,
SI,Slovenia,LT,Lithuania,2009,0,
SI,Slovenia,LT,Lithuania,2010,0,
SI,Slovenia,LT,Lithuania,2011,0,
SI,Slovenia,LT,Lithuania,2012,0,
SI,Slovenia,LT,Lithuania,2013,0,
SI,Slovenia,LU,Luxembourg,2004,0,
SI,Slovenia,LU,Luxembourg,2005,0,
SI,Slovenia,LU,Luxembourg,2007,0,
SI,Slovenia,LU,Luxembourg,2008,0,
SI,Slovenia,LU,Luxembourg,2009,0,
SI,Slovenia,LU,Luxembourg,2010,0,
SI,Slovenia,LU,Luxembourg,2011,0,
SI,Slovenia,LU,Luxembourg,2012,0,
SI,Slovenia,LU,Luxembourg,2013,0,
SI,Slovenia,LU,Luxembourg,2015,0,
SI,Slovenia,LU,Luxembourg,2016,0,
SI,Slovenia,LU,Luxembourg,2017,0,
SI,Slovenia,LU,Luxembourg,2018,0,
SI,Slovenia,LU,Luxembourg,2019,0,
SI,Slovenia,LU,Luxembourg,2020,0,
SI,Slovenia,LU,Luxembourg,2021,0,
SI,Slovenia,LU,Luxembourg,2022,0,
SI,Slovenia,LU,Luxembourg,2023,0,
SI,Slovenia,LU,Luxembourg,2024,0,
SI,Slovenia,LU,Luxembourg,2025,0,
SI,Slovenia,MK,North Macedonia,2009,0,
SI,Slovenia,MK,North Macedonia,2010,0,
SI,Slovenia,MK,North Macedonia,2011,0,
SI,Slovenia,MK,North Macedonia,2012,0,
SI,Slovenia,MK,North Macedonia,2015,0,
SI,Slovenia,MK,North Macedonia,2018,0,
SI,Slovenia,MK,North Macedonia,2019,0,
SI,Slovenia,MK,North Macedonia,2020,0,
SI,Slovenia,MK,North Macedonia,2021,0,
SI,Slovenia,PL,Poland,2004,1,
SI,Slovenia,PL,Poland,2005,1,
SI,Slovenia,PL,Poland,2006,1,
SI,Slovenia,PL,Poland,2007,1,
SI,Slovenia,PL,Poland,2008,2,
SI,Slovenia,PL,Poland,2009,1,
SI,Slovenia,PL,Poland,2010,1,
SI,Slovenia,PL,Poland,2011,1,
SI,Slovenia,PL,Poland,2012,1,
SI,Slovenia,PL,Poland,2013,1,
SI,Slovenia,PL,Poland,2014,1,
SI,Slovenia,PL,Poland,2015,1,
SI,Slovenia,PL,Poland,2016,0,
SI,Slovenia,PL,Poland,2017,0,
SI,Slovenia,PL,Poland,2018,0,
SI,Slovenia,RO,Romania,2004,2,
SI,Slovenia,RO,Romania,2005,2,
SI,Slovenia,RO,Romania,2006,2,
SI,Slovenia,RO,Romania,2007,3,
SI,Slovenia,RO,Romania,2008,5,
SI,Slovenia,RO,Romania,2009,6,
SI,Slovenia,RO,Romania,2010,1,
SI,Slovenia,RO,Romania,2011,0,
SI,Slovenia,RO,Romania,2012,0,
SI,Slovenia,RO,Romania,2013,0,
SI,Slovenia,RO,Romania,2014,0,
SI,Slovenia,RO,Romania,2015,0,
SI,Slovenia,RO,Romania,2016,0,
SI,Slovenia,RO,Romania,2017,0,
SI,Slovenia,RO,Romania,2018,0,
SI,Slovenia,RO,Romania,2019,0,
SI,Slovenia,RO,Romania,2020,0,
SI,Slovenia,RO,Romania,2021,0,
SI,Slovenia,RO,Romania,2022,0,
SI,Slovenia,RO,Romania,2023,0,
SI,Slovenia,RO,Romania,2024,0,
SI,Slovenia,RO,Romania,2025,0,
SI,Slovenia,SK,Slovakia,2004,1,
SI,Slovenia,SK,Slovakia,2005,3,
SI,Slovenia,SK,Slovakia,2006,3,
SI,Slovenia,SK,Slovakia,2007,3,
SI,Slovenia,SK,Slovakia,2008,2,
SI,Slovenia,SK,Slovakia,2009,2,
SI,Slovenia,SK,Slovakia,2010,0,
SI,Slovenia,SK,Slovakia,2011,2,
SI,Slovenia,SK,Slovakia,2012,1,
SI,Slovenia,SK,Slovakia,2013,1,
SI,Slovenia,SK,Slovakia,2014,1,
SI,Slovenia,SK,Slovakia,2015,1,
SI,Slovenia,SK,Slovakia,2016,1,
SI,Slovenia,SK,Slovakia,2017,1,
SI,Slovenia,SK,Slovakia,2018,1,
SI,Slovenia,SK,Slovakia,2019,0,
SI,Slovenia,SK,Slovakia,2020,0,
SI,Slovenia,SK,Slovakia,2021,0,
SI,Slovenia,SK,Slovakia,2022,0,
SI,Slovenia,TR,Türkiye,2004,0,
SI,Slovenia,TR,Türkiye,2005,0,
SI,Slovenia,TR,Türkiye,2006,0,
SI,Slovenia,TR,Türkiye,2007,0,
SI,Slovenia,TR,Türkiye,2008,0,
SI,Slovenia,TR,Türkiye,2009,1,
SI,Slovenia,TR,Türkiye,2010,1,
SI,Slovenia,TR,Türkiye,2011,1,
SI,Slovenia,TR,Türkiye,2012,1,
SI,Slovenia,TR,Türkiye,2013,0,
SI,Slovenia,TR,Türkiye,2014,0,
SI,Slovenia,TR,Türkiye,2015,0,
SI,Slovenia,TR,Türkiye,2016,0,
SK,Slovakia,BE,Belgium,2004,0,
SK,Slovakia,BE,Belgium,2006,0,
SK,Slovakia,BE,Belgium,2009,0,
SK,Slovakia,BE,Belgium,2010,0,
SK,Slovakia,BE,Belgium,2011,0,
SK,Slovakia,BG,Bulgaria,2006,2,
SK,Slovakia,BG,Bulgaria,2007,2,
SK,Slovakia,BG,Bulgaria,2008,1,
SK,Slovakia,BG,Bulgaria,2009,1,
SK,Slovakia,BG,Bulgaria,2010,1,
SK,Slovakia,BG,Bulgaria,2011,1,
SK,Slovakia,BG,Bulgaria,2012,1,
SK,Slovakia,BG,Bulgaria,2013,2,
SK,Slovakia,BG,Bulgaria,2014,3,
SK,Slovakia,BG,Bulgaria,2015,1,
SK,Slovakia,BG,Bulgaria,2016,1,
SK,Slovakia,BG,Bulgaria,2017,1,
SK,Slovakia,BG,Bulgaria,2018,0,
SK,Slovakia,BG,Bulgaria,2019,0,
SK,Slovakia,BG,Bulgaria,2020,0,
SK,Slovakia,BG,Bulgaria,2021,0,
SK,Slovakia,BG,Bulgaria,2022,0,
SK,Slovakia,BG,Bulgaria,2023,0,
SK,Slovakia,BG,Bulgaria,2024,0,
SK,Slovakia,BG,Bulgaria,2025,0,
SK,Slovakia,CZ,Czechia,2004,101,
SK,Slovakia,CZ,Czechia,2005,333,
SK,Slovakia,CZ,Czechia,2006,642,
SK,Slovakia,CZ,Czechia,2007,549,
SK,Slovakia,CZ,Czechia,2008,680,
SK,Slovakia,CZ,Czechia,2009,483,
SK,Slovakia,CZ,Czechia,2010,623,
SK,Slovakia,CZ,Czechia,2011,665,
SK,Slovakia,CZ,Czechia,2012,773,
SK,Slovakia,CZ,Czechia,2013,905,
SK,Slovakia,CZ,Czechia,2014,878,
SK,Slovakia,CZ,Czechia,2015,1109,
SK,Slovakia,CZ,Czechia,2016,1182,
SK,Slovakia,CZ,Czechia,2017,1424,
SK,Slovakia,CZ,Czechia,2018,1763,
SK,Slovakia,CZ,Czechia,2019,1771,
SK,Slovakia,CZ,Czechia,2020,637,
SK,Slovakia,CZ,Czechia,2021,667,
SK,Slovakia,CZ,Czechia,2022,1551,
SK,Slovakia,CZ,Czechia,2023,1513,
SK,Slovakia,CZ,Czechia,2024,1557,
SK,Slovakia,CZ,Czechia,2025,1451,
SK,Slovakia,DE,Germany,2004,2,
SK,Slovakia,DE,Germany,2005,6,
SK,Slovakia,DE,Germany,2006,9,
SK,Slovakia,DE,Germany,2007,4,
SK,Slovakia,DE,Germany,2008,8,
SK,Slovakia,DE,Germany,2022,2,
SK,Slovakia,DE,Germany,2023,2,
SK,Slovakia,DE,Germany,2024,3,
SK,Slovakia,DE,Germany,2025,2,
SK,Slovakia,DK,Denmark,2004,0,
SK,Slovakia,DK,Denmark,2005,0,
SK,Slovakia,EL,Greece,2004,0,
SK,Slovakia,EL,Greece,2005,0,
SK,Slovakia,EL,Greece,2006,0,
SK,Slovakia,FR,France,2004,0,
SK,Slovakia,FR,France,2005,0,
SK,Slovakia,FR,France,2006,0,
SK,Slovakia,FR,France,2007,0,
SK,Slovakia,FR,France,2009,0,
SK,Slovakia,HR,Croatia,2004,1,
SK,Slovakia,HR,Croatia,2005,1,
SK,Slovakia,HR,Croatia,2006,1,
SK,Slovakia,HR,Croatia,2007,2,
SK,Slovakia,HR,Croatia,2008,2,
SK,Slovakia,HR,Croatia,2009,2,
SK,Slovakia,HR,Croatia,2010,1,
SK,Slovakia,HR,Croatia,2011,1,
SK,Slovakia,HR,Croatia,2012,1,
SK,Slovakia,HR,Croatia,2013,1,
SK,Slovakia,HR,Croatia,2014,1,
SK,Slovakia,HR,Croatia,2015,1,
SK,Slovakia,HR,Croatia,2016,0,
SK,Slovakia,HR,Croatia,2017,1,
SK,Slovakia,HR,Croatia,2018,0,
SK,Slovakia,HR,Croatia,2019,0,
SK,Slovakia,HR,Croatia,2020,0,
SK,Slovakia,HR,Croatia,2021,0,
SK,Slovakia,HR,Croatia,2022,0,
SK,Slovakia,HR,Croatia,2023,0,
SK,Slovakia,HR,Croatia,2024,0,
SK,Slovakia,HR,Croatia,2025,0,
SK,Slovakia,HU,Hungary,2004,84,
SK,Slovakia,HU,Hungary,2005,101,
SK,Slovakia,HU,Hungary,2006,108,
SK,Slovakia,HU,Hungary,2007,41,
SK,Slovakia,HU,Hungary,2008,111,
SK,Slovakia,HU,Hungary,2009,114,
SK,Slovakia,HU,Hungary,2010,121,
SK,Slovakia,HU,Hungary,2011,125,
SK,Slovakia,HU,Hungary,2012,135,
SK,Slovakia,HU,Hungary,2013,157,
SK,Slovakia,HU,Hungary,2014,169,
SK,Slovakia,IT,Italy,2004,0,
SK,Slovakia,IT,Italy,2005,0,
SK,Slovakia,IT,Italy,2006,0,
SK,Slovakia,IT,Italy,2007,0,
SK,Slovakia,LT,Lithuania,2004,0,
SK,Slovakia,LT,Lithuania,2005,0,
SK,Slovakia,LT,Lithuania,2006,0,
SK,Slovakia,LT,Lithuania,2007,0,
SK,Slovakia,LT,Lithuania,2009,0,
SK,Slovakia,LT,Lithuania,2010,0,
SK,Slovakia,LT,Lithuania,2011,0,
SK,Slovakia,LT,Lithuania,2012,0,
SK,Slovakia,LT,Lithuania,2013,0,
SK,Slovakia,LU,Luxembourg,2007,0,
SK,Slovakia,LU,Luxembourg,2008,0,
SK,Slovakia,LU,Luxembourg,2010,0,
SK,Slovakia,LU,Luxembourg,2012,0,
SK,Slovakia,LU,Luxembourg,2013,0,
SK,Slovakia,LU,Luxembourg,2015,0,
SK,Slovakia,LU,Luxembourg,2016,0,
SK,Slovakia,LU,Luxembourg,2017,0,
SK,Slovakia,LU,Luxembourg,2018,0,
SK,Slovakia,LU,Luxembourg,2019,0,
SK,Slovakia,LU,Luxembourg,2020,0,
SK,Slovakia,LU,Luxembourg,2021,0,
SK,Slovakia,LU,Luxembourg,2022,0,
SK,Slovakia,LU,Luxembourg,2023,0,
SK,Slovakia,LU,Luxembourg,2024,0,
SK,Slovakia,LU,Luxembourg,2025,0,
SK,Slovakia,MK,North Macedonia,2009,0,
SK,Slovakia,MK,North Macedonia,2010,0,
SK,Slovakia,MK,North Macedonia,2011,0,
SK,Slovakia,MK,North Macedonia,2015,0,
SK,Slovakia,PL,Poland,2004,34,
SK,Slovakia,PL,Poland,2005,27,
SK,Slovakia,PL,Poland,2006,30,
SK,Slovakia,PL,Poland,2007,31,
SK,Slovakia,PL,Poland,2008,29,
SK,Slovakia,PL,Poland,2009,23,
SK,Slovakia,PL,Poland,2010,20,
SK,Slovakia,PL,Poland,2011,17,
SK,Slovakia,PL,Poland,2012,14,
SK,Slovakia,PL,Poland,2013,14,
SK,Slovakia,PL,Poland,2014,9,
SK,Slovakia,PL,Poland,2015,9,
SK,Slovakia,PL,Poland,2016,8,
SK,Slovakia,PL,Poland,2017,10,
SK,Slovakia,PL,Poland,2018,10,
SK,Slovakia,PL,Poland,2025,17,
SK,Slovakia,RO,Romania,2004,2,
SK,Slovakia,RO,Romania,2005,4,
SK,Slovakia,RO,Romania,2006,3,
SK,Slovakia,RO,Romania,2007,0,
SK,Slovakia,RO,Romania,2008,4,
SK,Slovakia,RO,Romania,2009,3,
SK,Slovakia,RO,Romania,2010,2,
SK,Slovakia,RO,Romania,2011,1,
SK,Slovakia,RO,Romania,2012,2,
SK,Slovakia,RO,Romania,2013,2,
SK,Slovakia,RO,Romania,2014,2,
SK,Slovakia,RO,Romania,2015,2,
SK,Slovakia,RO,Romania,2016,1,
SK,Slovakia,RO,Romania,2017,1,
SK,Slovakia,RO,Romania,2018,1,
SK,Slovakia,RO,Romania,2019,1,
SK,Slovakia,RO,Romania,2020,0,
SK,Slovakia,RO,Romania,2021,0,
SK,Slovakia,RO,Romania,2022,0,
SK,Slovakia,RO,Romania,2023,0,
SK,Slovakia,RO,Romania,2024,0,
SK,Slovakia,RO,Romania,2025,0,
SK,Slovakia,SI,Slovenia,2004,3,
SK,Slovakia,SI,Slovenia,2005,4,
SK,Slovakia,SI,Slovenia,2006,4,
SK,Slovakia,SI,Slovenia,2007,3,
SK,Slovakia,SI,Slovenia,2008,2,
SK,Slovakia,SI,Slovenia,2009,3,
SK,Slovakia,SI,Slovenia,2010,2,
SK,Slovakia,SI,Slovenia,2011,2,
SK,Slovakia,SI,Slovenia,2012,2,
SK,Slovakia,SI,Slovenia,2013,2,
SK,Slovakia,SI,Slovenia,2014,2,
SK,Slovakia,SI,Slovenia,2015,2,
SK,Slovakia,SI,Slovenia,2016,2,
SK,Slovakia,SI,Slovenia,2017,2,
SK,Slovakia,SI,Slovenia,2018,1,
SK,Slovakia,SI,Slovenia,2019,1,
SK,Slovakia,SI,Slovenia,2020,0,
SK,Slovakia,SI,Slovenia,2021,0,
SK,Slovakia,SI,Slovenia,2022,0,
SK,Slovakia,SI,Slovenia,2023,2,
SK,Slovakia,SI,Slovenia,2024,1,
SK,Slovakia,SI,Slovenia,2025,1,
SK,Slovakia,TR,Türkiye,2004,0,
SK,Slovakia,TR,Türkiye,2005,0,
SK,Slovakia,TR,Türkiye,2006,0,
SK,Slovakia,TR,Türkiye,2007,0,
SK,Slovakia,TR,Türkiye,2008,0,
SK,Slovakia,TR,Türkiye,2009,0,
SK,Slovakia,TR,Türkiye,2010,0,
SK,Slovakia,TR,Türkiye,2011,0,
SK,Slovakia,TR,Türkiye,2012,0,
SK,Slovakia,TR,Türkiye,2013,0,
SK,Slovakia,TR,Türkiye,2014,0,
SK,Slovakia,TR,Türkiye,2015,0,
SK,Slovakia,TR,Türkiye,2016,0,
SK,Slovakia,UA,Ukraine,2025,31,
SR,Suriname,HU,Hungary,2006,41,
TR,Türkiye,BG,Bulgaria,2006,8,
TR,Türkiye,BG,Bulgaria,2007,9,
TR,Türkiye,BG,Bulgaria,2008,13,
TR,Türkiye,BG,Bulgaria,2009,7,
TR,Türkiye,BG,Bulgaria,2010,9,
TR,Türkiye,BG,Bulgaria,2011,8,
TR,Türkiye,BG,Bulgaria,2012,9,
TR,Türkiye,BG,Bulgaria,2013,13,
TR,Türkiye,BG,Bulgaria,2014,8,
TR,Türkiye,BG,Bulgaria,2015,12,
TR,Türkiye,BG,Bulgaria,2016,8,
TR,Türkiye,BG,Bulgaria,2017,12,
TR,Türkiye,BG,Bulgaria,2018,13,
TR,Türkiye,BG,Bulgaria,2019,14,
TR,Türkiye,BG,Bulgaria,2020,3,
TR,Türkiye,BG,Bulgaria,2021,0,
TR,Türkiye,BG,Bulgaria,2022,12,
TR,Türkiye,BG,Bulgaria,2023,25,
TR,Türkiye,BG,Bulgaria,2024,15,
TR,Türkiye,BG,Bulgaria,2025,13,
TR,Türkiye,CZ,Czechia,2004,0,
TR,Türkiye,CZ,Czechia,2006,0,
TR,Türkiye,CZ,Czechia,2010,0,
TR,Türkiye,CZ,Czechia,2011,0,
TR,Türkiye,CZ,Czechia,2013,0,
TR,Türkiye,CZ,Czechia,2017,0,
TR,Türkiye,DE,Germany,2004,0,
TR,Türkiye,DE,Germany,2005,0,
TR,Türkiye,DE,Germany,2006,0,
TR,Türkiye,DE,Germany,2007,1,
TR,Türkiye,DE,Germany,2008,0,
TR,Türkiye,DK,Denmark,2004,0,
TR,Türkiye,EL,Greece,2004,1,
TR,Türkiye,EL,Greece,2005,4,
TR,Türkiye,EL,Greece,2006,10,
TR,Türkiye,EL,Greece,2007,5,
TR,Türkiye,EL,Greece,2008,0,
TR,Türkiye,EL,Greece,2009,2,
TR,Türkiye,EL,Greece,2010,2,
TR,Türkiye,EL,Greece,2011,1,
TR,Türkiye,EL,Greece,2012,0,
TR,Türkiye,FR,France,2004,0,
TR,Türkiye,FR,France,2007,0,
TR,Türkiye,HR,Croatia,2004,0,
TR,Türkiye,HR,Croatia,2005,0,
TR,Türkiye,HR,Croatia,2006,0,
TR,Türkiye,HR,Croatia,2010,0,
TR,Türkiye,HR,Croatia,2012,0,
TR,Türkiye,HR,Croatia,2013,0,
TR,Türkiye,HU,Hungary,2004,0,
TR,Türkiye,HU,Hungary,2008,1,
TR,Türkiye,HU,Hungary,2009,0,
TR,Türkiye,HU,Hungary,2010,1,
TR,Türkiye,HU,Hungary,2011,2,
TR,Türkiye,HU,Hungary,2012,2,
TR,Türkiye,HU,Hungary,2013,3,
TR,Türkiye,HU,Hungary,2014,4,
TR,Türkiye,PL,Poland,2004,0,
TR,Türkiye,PL,Poland,2005,0,
TR,Türkiye,PL,Poland,2006,0,
TR,Türkiye,PL,Poland,2007,0,
TR,Türkiye,PL,Poland,2008,0,
TR,Türkiye,PL,Poland,2009,0,
TR,Türkiye,PL,Poland,2010,0,
TR,Türkiye,PL,Poland,2011,0,
TR,Türkiye,RO,Romania,2004,1,
TR,Türkiye,RO,Romania,2005,3,
TR,Türkiye,RO,Romania,2006,1,
TR,Türkiye,RO,Romania,2007,2,
TR,Türkiye,RO,Romania,2008,6,
TR,Türkiye,RO,Romania,2009,3,
TR,Türkiye,RO,Romania,2010,3,
TR,Türkiye,RO,Romania,2011,1,
TR,Türkiye,RO,Romania,2012,1,
TR,Türkiye,RO,Romania,2013,0,
TR,Türkiye,RO,Romania,2014,1,
TR,Türkiye,RO,Romania,2015,0,
TR,Türkiye,RO,Romania,2016,0,
TR,Türkiye,RO,Romania,2017,0,
TR,Türkiye,RO,Romania,2018,1,
TR,Türkiye,RO,Romania,2019,2,
TR,Türkiye,RO,Romania,2020,0,
TR,Türkiye,RO,Romania,2022,1,
TR,Türkiye,RO,Romania,2023,1,
TR,Türkiye,RO,Romania,2024,1,
TR,Türkiye,RO,Romania,2025,1,
TR,Türkiye,SI,Slovenia,2004,0,
TR,Türkiye,SI,Slovenia,2010,0,
TR,Türkiye,SI,Slovenia,2012,0,
TR,Türkiye,SI,Slovenia,2015,0,
TR,Türkiye,SK,Slovakia,2004,0,
TR,Türkiye,SK,Slovakia,2005,0,
TR,Türkiye,SK,Slovakia,2006,0,
TR,Türkiye,SK,Slovakia,2008,0,
TR,Türkiye,SK,Slovakia,2009,0,
UA,Ukraine,BE,Belgium,2005,0,
UA,Ukraine,BE,Belgium,2006,0,
UA,Ukraine,BE,Belgium,2007,0,
UA,Ukraine,BE,Belgium,2008,0,
UA,Ukraine,BE,Belgium,2009,0,
UA,Ukraine,BE,Belgium,2010,0,
UA,Ukraine,BE,Belgium,2011,0,
UA,Ukraine,BG,Bulgaria,2006,3,
UA,Ukraine,BG,Bulgaria,2007,4,
UA,Ukraine,BG,Bulgaria,2008,4,
UA,Ukraine,BG,Bulgaria,2009,4,
UA,Ukraine,BG,Bulgaria,2010,5,
UA,Ukraine,BG,Bulgaria,2011,4,
UA,Ukraine,BG,Bulgaria,2012,5,
UA,Ukraine,BG,Bulgaria,2013,4,
UA,Ukraine,BG,Bulgaria,2014,3,
UA,Ukraine,BG,Bulgaria,2015,0,
UA,Ukraine,BG,Bulgaria,2017,0,
UA,Ukraine,BG,Bulgaria,2018,0,
UA,Ukraine,BG,Bulgaria,2019,0,
UA,Ukraine,CZ,Czechia,2004,1,
UA,Ukraine,CZ,Czechia,2006,5,
UA,Ukraine,CZ,Czechia,2007,2,
UA,Ukraine,CZ,Czechia,2014,0,
UA,Ukraine,CZ,Czechia,2015,0,
UA,Ukraine,CZ,Czechia,2016,0,
UA,Ukraine,CZ,Czechia,2017,0,
UA,Ukraine,CZ,Czechia,2018,0,
UA,Ukraine,CZ,Czechia,2019,0,
UA,Ukraine,CZ,Czechia,2020,0,
UA,Ukraine,CZ,Czechia,2021,0,
UA,Ukraine,CZ,Czechia,2022,0,
UA,Ukraine,CZ,Czechia,2023,0,
UA,Ukraine,CZ,Czechia,2024,31,
UA,Ukraine,CZ,Czechia,2025,45,
UA,Ukraine,DE,Germany,2004,6,
UA,Ukraine,DE,Germany,2005,0,
UA,Ukraine,DE,Germany,2006,2,
UA,Ukraine,DE,Germany,2007,1,
UA,Ukraine,DE,Germany,2008,6,
UA,Ukraine,DK,Denmark,2004,0,
UA,Ukraine,DK,Denmark,2005,0,
UA,Ukraine,HR,Croatia,2004,1,
UA,Ukraine,HR,Croatia,2005,0,
UA,Ukraine,HR,Croatia,2006,0,
UA,Ukraine,HR,Croatia,2007,0,
UA,Ukraine,HR,Croatia,2008,0,
UA,Ukraine,HR,Croatia,2009,0,
UA,Ukraine,HR,Croatia,2010,0,
UA,Ukraine,HR,Croatia,2011,0,
UA,Ukraine,HR,Croatia,2012,0,
UA,Ukraine,HR,Croatia,2013,0,
UA,Ukraine,HR,Croatia,2014,0,
UA,Ukraine,HU,Hungary,2004,41,
UA,Ukraine,HU,Hungary,2008,44,
UA,Ukraine,HU,Hungary,2009,37,
UA,Ukraine,HU,Hungary,2010,43,
UA,Ukraine,HU,Hungary,2011,39,
UA,Ukraine,HU,Hungary,2012,54,
UA,Ukraine,HU,Hungary,2013,52,
UA,Ukraine,HU,Hungary,2014,45,
UA,Ukraine,IT,Italy,2004,0,
UA,Ukraine,IT,Italy,2005,0,
UA,Ukraine,LT,Lithuania,2004,6,
UA,Ukraine,LT,Lithuania,2005,9,
UA,Ukraine,LT,Lithuania,2006,5,
UA,Ukraine,LT,Lithuania,2007,10,
UA,Ukraine,LT,Lithuania,2008,8,
UA,Ukraine,LT,Lithuania,2009,4,
UA,Ukraine,LT,Lithuania,2010,3,
UA,Ukraine,LT,Lithuania,2011,3,
UA,Ukraine,LT,Lithuania,2018,1,
UA,Ukraine,LT,Lithuania,2019,8,
UA,Ukraine,LT,Lithuania,2020,2,
UA,Ukraine,LT,Lithuania,2021,0,
UA,Ukraine,LT,Lithuania,2022,0,
UA,Ukraine,LT,Lithuania,2023,0,
UA,Ukraine,LT,Lithuania,2024,0,
UA,Ukraine,LT,Lithuania,2025,0,
UA,Ukraine,LU,Luxembourg,2008,0,
UA,Ukraine,LU,Luxembourg,2009,0,
UA,Ukraine,LU,Luxembourg,2010,0,
UA,Ukraine,LU,Luxembourg,2011,0,
UA,Ukraine,LU,Luxembourg,2013,0,
UA,Ukraine,LU,Luxembourg,2015,0,
UA,Ukraine,LU,Luxembourg,2016,0,
UA,Ukraine,LU,Luxembourg,2017,0,
UA,Ukraine,LU,Luxembourg,2018,0,
UA,Ukraine,LU,Luxembourg,2019,0,
UA,Ukraine,LU,Luxembourg,2021,0,
UA,Ukraine,LU,Luxembourg,2022,0,
UA,Ukraine,LU,Luxembourg,2023,0,
UA,Ukraine,LU,Luxembourg,2024,0,
UA,Ukraine,LU,Luxembourg,2025,0,
UA,Ukraine,LV,Latvia,2004,6,
UA,Ukraine,LV,Latvia,2005,6,
UA,Ukraine,LV,Latvia,2006,6,
UA,Ukraine,LV,Latvia,2007,3,
UA,Ukraine,LV,Latvia,2018,1,
UA,Ukraine,LV,Latvia,2019,6,
UA,Ukraine,LV,Latvia,2020,1,
UA,Ukraine,MK,North Macedonia,2009,0,
UA,Ukraine,MK,North Macedonia,2010,0,
UA,Ukraine,MK,North Macedonia,2011,0,
UA,Ukraine,MK,North Macedonia,2013,0,
UA,Ukraine,MK,North Macedonia,2015,0,
UA,Ukraine,PL,Poland,2004,97,
UA,Ukraine,PL,Poland,2005,178,
UA,Ukraine,PL,Poland,2006,192,
UA,Ukraine,PL,Poland,2007,178,
UA,Ukraine,PL,Poland,2008,115,
UA,Ukraine,PL,Poland,2009,90,
UA,Ukraine,PL,Poland,2010,90,
UA,Ukraine,PL,Poland,2011,80,
UA,Ukraine,PL,Poland,2012,69,
UA,Ukraine,PL,Poland,2013,48,
UA,Ukraine,PL,Poland,2014,24,
UA,Ukraine,PL,Poland,2015,22,
UA,Ukraine,PL,Poland,2016,30,
UA,Ukraine,PL,Poland,2017,298,
UA,Ukraine,PL,Poland,2018,555,
UA,Ukraine,RO,Romania,2004,2,
UA,Ukraine,RO,Romania,2005,3,
UA,Ukraine,RO,Romania,2006,2,
UA,Ukraine,RO,Romania,2007,2,
UA,Ukraine,RO,Romania,2008,2,
UA,Ukraine,RO,Romania,2009,6,
UA,Ukraine,RO,Romania,2010,4,
UA,Ukraine,RO,Romania,2011,0,
UA,Ukraine,RO,Romania,2012,0,
UA,Ukraine,RO,Romania,2013,0,
UA,Ukraine,RO,Romania,2014,0,
UA,Ukraine,RO,Romania,2015,0,
UA,Ukraine,RO,Romania,2016,0,
UA,Ukraine,RO,Romania,2017,1,
UA,Ukraine,RO,Romania,2018,1,
UA,Ukraine,RO,Romania,2019,1,
UA,Ukraine,RO,Romania,2020,0,
UA,Ukraine,RO,Romania,2025,0,
UA,Ukraine,SI,Slovenia,2005,0,
UA,Ukraine,SI,Slovenia,2006,0,
UA,Ukraine,SI,Slovenia,2007,0,
UA,Ukraine,SI,Slovenia,2008,0,
UA,Ukraine,SI,Slovenia,2009,0,
UA,Ukraine,SI,Slovenia,2010,0,
UA,Ukraine,SI,Slovenia,2011,0,
UA,Ukraine,SI,Slovenia,2012,0,
UA,Ukraine,SI,Slovenia,2020,0,
UA,Ukraine,SI,Slovenia,2021,0,
UA,Ukraine,SK,Slovakia,2004,12,
UA,Ukraine,SK,Slovakia,2005,11,
UA,Ukraine,SK,Slovakia,2006,11,
UA,Ukraine,SK,Slovakia,2007,5,
UA,Ukraine,SK,Slovakia,2008,12,
UA,Ukraine,SK,Slovakia,2009,1,
UA,Ukraine,SK,Slovakia,2011,5,
UA,Ukraine,SK,Slovakia,2012,5,
UA,Ukraine,SK,Slovakia,2013,5,
UA,Ukraine,SK,Slovakia,2014,4,
UA,Ukraine,SK,Slovakia,2015,6,
UA,Ukraine,SK,Slovakia,2016,5,
UA,Ukraine,SK,Slovakia,2017,6,
UA,Ukraine,SK,Slovakia,2018,7,
UA,Ukraine,SK,Slovakia,2019,14,
UA,Ukraine,SK,Slovakia,2020,3,
UA,Ukraine,SK,Slovakia,2021,5,
UA,Ukraine,SK,Slovakia,2022,9,
UK,United Kingdom,BE,Belgium,2004,196,
UK,United Kingdom,BE,Belgium,2005,814,
UK,United Kingdom,BE,Belgium,2006,867,
UK,United Kingdom,BE,Belgium,2007,1145,
UK,United Kingdom,BE,Belgium,2008,1280,
UK,United Kingdom,BE,Belgium,2009,1379,
UK,United Kingdom,BE,Belgium,2010,1411,
UK,United Kingdom,BE,Belgium,2011,1411,
UK,United Kingdom,BG,Bulgaria,2007,0,
UK,United Kingdom,BG,Bulgaria,2016,13,
UK,United Kingdom,BG,Bulgaria,2017,15,
UK,United Kingdom,BG,Bulgaria,2018,12,
UK,United Kingdom,BG,Bulgaria,2019,9,
UK,United Kingdom,BG,Bulgaria,2020,8,
UK,United Kingdom,BG,Bulgaria,2021,1,
UK,United Kingdom,BG,Bulgaria,2022,35,
UK,United Kingdom,BG,Bulgaria,2023,28,
UK,United Kingdom,BG,Bulgaria,2024,23,
UK,United Kingdom,BG,Bulgaria,2025,20,
UK,United Kingdom,CH,Switzerland,2008,27,
UK,United Kingdom,CH,Switzerland,2009,26,
UK,United Kingdom,CH,Switzerland,2010,29,
UK,United Kingdom,CH,Switzerland,2011,29,
UK,United Kingdom,CH,Switzerland,2012,34,
UK,United Kingdom,CH,Switzerland,2013,33,
UK,United Kingdom,CH,Switzerland,2014,32,
UK,United Kingdom,CH,Switzerland,2015,12,
UK,United Kingdom,CH,Switzerland,2016,12,
UK,United Kingdom,CH,Switzerland,2017,12,
UK,United Kingdom,CH,Switzerland,2018,12,
UK,United Kingdom,CH,Switzerland,2019,14,
UK,United Kingdom,CH,Switzerland,2020,6,
UK,United Kingdom,CH,Switzerland,2021,6,
UK,United Kingdom,CH,Switzerland,2022,13,
UK,United Kingdom,CH,Switzerland,2023,15,
UK,United Kingdom,CH,Switzerland,2024,14,
UK,United Kingdom,CH,Switzerland,2025,15,
UK,United Kingdom,CZ,Czechia,2004,0,
UK,United Kingdom,CZ,Czechia,2017,0,
UK,United Kingdom,CZ,Czechia,2018,0,
UK,United Kingdom,DE,Germany,2004,1,
UK,United Kingdom,DE,Germany,2005,2,
UK,United Kingdom,DE,Germany,2006,3,
UK,United Kingdom,DE,Germany,2007,10,
UK,United Kingdom,DE,Germany,2008,11,
UK,United Kingdom,DK,Denmark,2012,2,
UK,United Kingdom,EL,Greece,2004,0,
UK,United Kingdom,ES,Spain,2017,0,
UK,United Kingdom,FR,France,2004,1253,
UK,United Kingdom,FR,France,2005,7716,
UK,United Kingdom,FR,France,2006,7672,
UK,United Kingdom,FR,France,2007,8026,
UK,United Kingdom,FR,France,2008,7054,
UK,United Kingdom,FR,France,2009,7432,
UK,United Kingdom,HR,Croatia,2004,0,
UK,United Kingdom,HR,Croatia,2005,0,
UK,United Kingdom,HR,Croatia,2006,0,
UK,United Kingdom,HU,Hungary,2004,3,
UK,United Kingdom,HU,Hungary,2005,1,
UK,United Kingdom,HU,Hungary,2006,1,
UK,United Kingdom,HU,Hungary,2007,1,
UK,United Kingdom,HU,Hungary,2008,1,
UK,United Kingdom,HU,Hungary,2009,1,
UK,United Kingdom,HU,Hungary,2011,1,
UK,United Kingdom,HU,Hungary,2012,0,
UK,United Kingdom,HU,Hungary,2013,1,
UK,United Kingdom,HU,Hungary,2014,2,
UK,United Kingdom,IE,Ireland,2004,409,
UK,United Kingdom,IE,Ireland,2005,444,
UK,United Kingdom,IE,Ireland,2006,505,
UK,United Kingdom,IE,Ireland,2007,502,
UK,United Kingdom,IE,Ireland,2008,397,
UK,United Kingdom,IE,Ireland,2009,297,
UK,United Kingdom,IE,Ireland,2010,344,
UK,United Kingdom,IE,Ireland,2011,396,
UK,United Kingdom,IE,Ireland,2012,381,
UK,United Kingdom,IE,Ireland,2013,313,
UK,United Kingdom,IE,Ireland,2014,307,
UK,United Kingdom,IE,Ireland,2015,0,
UK,United Kingdom,IE,Ireland,2018,0,
UK,United Kingdom,IE,Ireland,2019,0,
UK,United Kingdom,IE,Ireland,2022,0,
UK,United Kingdom,IE,Ireland,2023,0,
UK,United Kingdom,IE,Ireland,2024,0,
UK,United Kingdom,IE,Ireland,2025,0,
UK,United Kingdom,IT,Italy,2004,0,
UK,United Kingdom,LT,Lithuania,2004,0,
UK,United Kingdom,LU,Luxembourg,2011,0,
UK,United Kingdom,LU,Luxembourg,2012,0,
UK,United Kingdom,PL,Poland,2004,1,
UK,United Kingdom,PL,Poland,2005,0,
UK,United Kingdom,PL,Poland,2006,0,
UK,United Kingdom,PL,Poland,2007,0,
UK,United Kingdom,RO,Romania,2004,0,
UK,United Kingdom,RO,Romania,2005,0,
UK,United Kingdom,RO,Romania,2006,0,
UK,United Kingdom,RO,Romania,2007,0,
UK,United Kingdom,RO,Romania,2010,1,
UK,United Kingdom,SI,Slovenia,2004,1,
UK,United Kingdom,SI,Slovenia,2005,0,
UK,United Kingdom,SI,Slovenia,2006,0,
UK,United Kingdom,SI,Slovenia,2007,0,
UK,United Kingdom,SI,Slovenia,2008,0,
UK,United Kingdom,SI,Slovenia,2009,0,
UK,United Kingdom,SI,Slovenia,2010,0,
UK,United Kingdom,SI,Slovenia,2011,1,
UK,United Kingdom,SI,Slovenia,2012,0,
UK,United Kingdom,SI,Slovenia,2014,0,
UK,United Kingdom,SI,Slovenia,2015,0,
UK,United Kingdom,SI,Slovenia,2016,0,
UK,United Kingdom,SI,Slovenia,2017,1,
UK,United Kingdom,SI,Slovenia,2018,0,
UK,United Kingdom,SI,Slovenia,2019,0,
UK,United Kingdom,SI,Slovenia,2023,0,
UK,United Kingdom,SI,Slovenia,2024,0,
UK,United Kingdom,SI,Slovenia,2025,0,
UK,United Kingdom,SK,Slovakia,2004,1,
UK,United Kingdom,SK,Slovakia,2005,0,
UK,United Kingdom,SK,Slovakia,2006,0,
UK,United Kingdom,TR,Türkiye,2004,2,
UK,United Kingdom,TR,Türkiye,2014,3,
UK,United Kingdom,TR,Türkiye,2015,3,
UK,United Kingdom,TR,Türkiye,2016,0,
UNK,Unknown,CH,Switzerland,2008,41,
UNK,Unknown,CH,Switzerland,2009,39,
UNK,Unknown,CH,Switzerland,2010,44,
UNK,Unknown,CH,Switzerland,2011,45,
UNK,Unknown,CH,Switzerland,2012,52,
UNK,Unknown,CH,Switzerland,2013,50,
UNK,Unknown,CH,Switzerland,2014,49,
UNK,Unknown,CH,Switzerland,2015,122,
UNK,Unknown,CH,Switzerland,2016,117,
UNK,Unknown,CH,Switzerland,2017,118,
UNK,Unknown,CH,Switzerland,2018,122,
UNK,Unknown,CH,Switzerland,2019,134,
UNK,Unknown,CH,Switzerland,2020,55,
UNK,Unknown,CH,Switzerland,2021,64,
UNK,Unknown,CH,Switzerland,2022,129,
UNK,Unknown,CH,Switzerland,2023,148,
UNK,Unknown,CH,Switzerland,2024,141,
UNK,Unknown,CH,Switzerland,2025,149,
UNK,Unknown,CZ,Czechia,2005,220,
UNK,Unknown,CZ,Czechia,2006,10,
UNK,Unknown,CZ,Czechia,2007,0,
UNK,Unknown,CZ,Czechia,2008,15,
UNK,Unknown,CZ,Czechia,2009,10,
UNK,Unknown,CZ,Czechia,2010,12,
UNK,Unknown,CZ,Czechia,2011,13,
UNK,Unknown,DE,Germany,2005,1,
UNK,Unknown,DE,Germany,2006,2,
UNK,Unknown,DE,Germany,2007,1,
UNK,Unknown,DE,Germany,2008,15,
UNK,Unknown,DE,Germany,2009,134,
UNK,Unknown,DE,Germany,2010,152,
UNK,Unknown,DE,Germany,2011,44,
UNK,Unknown,DE,Germany,2012,264,
UNK,Unknown,DE,Germany,2013,143,
UNK,Unknown,DE,Germany,2014,144,
UNK,Unknown,DE,Germany,2015,122,
UNK,Unknown,DE,Germany,2016,192,
UNK,Unknown,DE,Germany,2017,26,
UNK,Unknown,DE,Germany,2018,169,
UNK,Unknown,DE,Germany,2019,273,
UNK,Unknown,DE,Germany,2020,94,
UNK,Unknown,DE,Germany,2021,34,
UNK,Unknown,DE,Germany,2022,297,
UNK,Unknown,DE,Germany,2023,151,
UNK,Unknown,DE,Germany,2024,131,
UNK,Unknown,DE,Germany,2025,168,
UNK,Unknown,DK,Denmark,2004,0,
UNK,Unknown,EL,Greece,2004,50,
UNK,Unknown,EL,Greece,2005,75,
UNK,Unknown,EL,Greece,2006,92,
UNK,Unknown,EL,Greece,2007,156,
UNK,Unknown,EL,Greece,2008,143,
UNK,Unknown,EL,Greece,2009,122,
UNK,Unknown,EL,Greece,2010,104,
UNK,Unknown,EL,Greece,2011,3,
UNK,Unknown,EL,Greece,2012,0,
UNK,Unknown,ES,Spain,2017,0,
UNK,Unknown,FR,France,2004,0,
UNK,Unknown,HR,Croatia,2005,1,
UNK,Unknown,HR,Croatia,2017,0,
UNK,Unknown,HU,Hungary,2004,1,
UNK,Unknown,HU,Hungary,2005,59,
UNK,Unknown,HU,Hungary,2006,97,
UNK,Unknown,HU,Hungary,2007,51,
UNK,Unknown,HU,Hungary,2008,94,
UNK,Unknown,HU,Hungary,2009,1,
UNK,Unknown,HU,Hungary,2010,1,
UNK,Unknown,HU,Hungary,2014,0,
UNK,Unknown,MK,North Macedonia,2009,0,
UNK,Unknown,NL,Netherlands,2004,100,
UNK,Unknown,NL,Netherlands,2005,120,
UNK,Unknown,NL,Netherlands,2006,122,
UNK,Unknown,NL,Netherlands,2007,50,
UNK,Unknown,RO,Romania,2004,0,
UNK,Unknown,RO,Romania,2005,0,
UNK,Unknown,RO,Romania,2006,29,
UNK,Unknown,RO,Romania,2007,0,
UNK,Unknown,SI,Slovenia,2005,10,
UNK,Unknown,SI,Slovenia,2006,5,
UNK,Unknown,SI,Slovenia,2007,4,
UNK,Unknown,SI,Slovenia,2008,9,
UNK,Unknown,SI,Slovenia,2009,7,
UNK,Unknown,SI,Slovenia,2010,6,
UNK,Unknown,SI,Slovenia,2011,12,
UNK,Unknown,SI,Slovenia,2012,15,
UNK,Unknown,SI,Slovenia,2013,26,
UNK,Unknown,SI,Slovenia,2014,13,
UNK,Unknown,SI,Slovenia,2015,19,
UNK,Unknown,SI,Slovenia,2016,104,
UNK,Unknown,SI,Slovenia,2017,75,
UNK,Unknown,SI,Slovenia,2018,72,
UNK,Unknown,SI,Slovenia,2019,38,
UNK,Unknown,SI,Slovenia,2020,1,
UNK,Unknown,SI,Slovenia,2021,0,
UNK,Unknown,SI,Slovenia,2022,1,
UNK,Unknown,SI,Slovenia,2023,1,
UNK,Unknown,SI,Slovenia,2024,4,
UNK,Unknown,SI,Slovenia,2025,1,
UNK,Unknown,SK,Slovakia,2007,13,
UNK,Unknown,SK,Slovakia,2009,4,
UNK,Unknown,SK,Slovakia,2010,546,
UNK,Unknown,SK,Slovakia,2011,95,
UNK,Unknown,SK,Slovakia,2012,99,
UNK,Unknown,SK,Slovakia,2013,110,
UNK,Unknown,SK,Slovakia,2014,93,
UNK,Unknown,SK,Slovakia,2015,23,
UNK,Unknown,SK,Slovakia,2016,92,
UNK,Unknown,SK,Slovakia,2017,96,
UNK,Unknown,SK,Slovakia,2018,97,
UNK,Unknown,SK,Slovakia,2019,82,
UNK,Unknown,SK,Slovakia,2020,21,
UNK,Unknown,SK,Slovakia,2021,17,
UNK,Unknown,SK,Slovakia,2022,26,
UNK,Unknown,TR,Türkiye,2004,38,
UNK,Unknown,TR,Türkiye,2005,39,
UNK,Unknown,TR,Türkiye,2006,71,
UNK,Unknown,TR,Türkiye,2007,47,
UNK,Unknown,TR,Türkiye,2008,36,
UNK,Unknown,TR,Türkiye,2009,68,
UNK,Unknown,TR,Türkiye,2010,98,
UNK,Unknown,TR,Türkiye,2011,26,
UNK,Unknown,TR,Türkiye,2012,1,
UNK,Unknown,TR,Türkiye,2014,29,
UNK,Unknown,TR,Türkiye,2015,11,
UNK,Unknown,TR,Türkiye,2016,155,
UNK,Unknown,TR,Türkiye,2017,0,
UNK,Unknown,TR,Türkiye,2025,328,
UNK,Unknown,UA,Ukraine,2025,135,
WORLD,All countries of the world,BE,Belgium,2004,1355,
WORLD,All countries of the world,BE,Belgium,2005,2720,
WORLD,All countries of the world,BE,Belgium,2006,3663,
WORLD,All countries of the world,BE,Belgium,2007,4043,
WORLD,All countries of the world,BE,Belgium,2008,5305,
WORLD,All countries of the world,BE,Belgium,2009,5675,
WORLD,All countries of the world,BE,Belgium,2010,5657,
WORLD,All countries of the world,BE,Belgium,2011,5657,
WORLD,All countries of the world,BG,Bulgaria,2006,92,
WORLD,All countries of the world,BG,Bulgaria,2007,167,
WORLD,All countries of the world,BG,Bulgaria,2008,333,
WORLD,All countries of the world,BG,Bulgaria,2009,334,
WORLD,All countries of the world,BG,Bulgaria,2010,334,
WORLD,All countries of the world,BG,Bulgaria,2011,331,
WORLD,All countries of the world,BG,Bulgaria,2012,307,
WORLD,All countries of the world,BG,Bulgaria,2013,305,
WORLD,All countries of the world,BG,Bulgaria,2014,270,
WORLD,All countries of the world,BG,Bulgaria,2015,219,
WORLD,All countries of the world,BG,Bulgaria,2016,499,
WORLD,All countries of the world,BG,Bulgaria,2017,769,
WORLD,All countries of the world,BG,Bulgaria,2018,778,
WORLD,All countries of the world,BG,Bulgaria,2019,1022,
WORLD,All countries of the world,BG,Bulgaria,2020,295,
WORLD,All countries of the world,BG,Bulgaria,2021,271,
WORLD,All countries of the world,BG,Bulgaria,2022,1612,
WORLD,All countries of the world,BG,Bulgaria,2023,2056,
WORLD,All countries of the world,BG,Bulgaria,2024,1781,
WORLD,All countries of the world,BG,Bulgaria,2025,1870,
WORLD,All countries of the world,CH,Switzerland,2008,5620,
WORLD,All countries of the world,CH,Switzerland,2009,5337,
WORLD,All countries of the world,CH,Switzerland,2010,6062,
WORLD,All countries of the world,CH,Switzerland,2011,6128,
WORLD,All countries of the world,CH,Switzerland,2012,7065,
WORLD,All countries of the world,CH,Switzerland,2013,6911,
WORLD,All countries of the world,CH,Switzerland,2014,6755,
WORLD,All countries of the world,CH,Switzerland,2015,5505,
WORLD,All countries of the world,CH,Switzerland,2016,5285,
WORLD,All countries of the world,CH,Switzerland,2017,5364,
WORLD,All countries of the world,CH,Switzerland,2018,5541,
WORLD,All countries of the world,CH,Switzerland,2019,6056,
WORLD,All countries of the world,CH,Switzerland,2020,2483,
WORLD,All countries of the world,CH,Switzerland,2021,2880,
WORLD,All countries of the world,CH,Switzerland,2022,5847,
WORLD,All countries of the world,CH,Switzerland,2023,6713,
WORLD,All countries of the world,CH,Switzerland,2024,6364,
WORLD,All countries of the world,CH,Switzerland,2025,6733,
WORLD,All countries of the world,CZ,Czechia,2004,200,
WORLD,All countries of the world,CZ,Czechia,2005,806,
WORLD,All countries of the world,CZ,Czechia,2006,1105,
WORLD,All countries of the world,CZ,Czechia,2007,934,
WORLD,All countries of the world,CZ,Czechia,2008,1170,
WORLD,All countries of the world,CZ,Czechia,2009,877,
WORLD,All countries of the world,CZ,Czechia,2010,1118,
WORLD,All countries of the world,CZ,Czechia,2011,1199,
WORLD,All countries of the world,CZ,Czechia,2012,1420,
WORLD,All countries of the world,CZ,Czechia,2013,1693,
WORLD,All countries of the world,CZ,Czechia,2014,1718,
WORLD,All countries of the world,CZ,Czechia,2015,2142,
WORLD,All countries of the world,CZ,Czechia,2016,2260,
WORLD,All countries of the world,CZ,Czechia,2017,2845,
WORLD,All countries of the world,CZ,Czechia,2018,3368,
WORLD,All countries of the world,CZ,Czechia,2019,3635,
WORLD,All countries of the world,CZ,Czechia,2020,1276,
WORLD,All countries of the world,CZ,Czechia,2021,1453,
WORLD,All countries of the world,CZ,Czechia,2022,3774,
WORLD,All countries of the world,CZ,Czechia,2023,3928,
WORLD,All countries of the world,CZ,Czechia,2024,4368,
WORLD,All countries of the world,CZ,Czechia,2025,4005,
WORLD,All countries of the world,DE,Germany,2004,5303,
WORLD,All countries of the world,DE,Germany,2005,4277,
WORLD,All countries of the world,DE,Germany,2006,4504,
WORLD,All countries of the world,DE,Germany,2007,4443,
WORLD,All countries of the world,DE,Germany,2008,4857,
WORLD,All countries of the world,DE,Germany,2009,5156,
WORLD,All countries of the world,DE,Germany,2010,5237,
WORLD,All countries of the world,DE,Germany,2011,7178,
WORLD,All countries of the world,DE,Germany,2012,6702,
WORLD,All countries of the world,DE,Germany,2013,6597,
WORLD,All countries of the world,DE,Germany,2014,6733,
WORLD,All countries of the world,DE,Germany,2015,6862,
WORLD,All countries of the world,DE,Germany,2016,7638,
WORLD,All countries of the world,DE,Germany,2017,7668,
WORLD,All countries of the world,DE,Germany,2018,8227,
WORLD,All countries of the world,DE,Germany,2019,7904,
WORLD,All countries of the world,DE,Germany,2020,6881,
WORLD,All countries of the world,DE,Germany,2021,4349,
WORLD,All countries of the world,DE,Germany,2022,8825,
WORLD,All countries of the world,DE,Germany,2023,9835,
WORLD,All countries of the world,DE,Germany,2024,10316,
WORLD,All countries of the world,DE,Germany,2025,11388,
WORLD,All countries of the world,DK,Denmark,2004,3122,
WORLD,All countries of the world,DK,Denmark,2005,4520,
WORLD,All countries of the world,DK,Denmark,2006,4183,
WORLD,All countries of the world,DK,Denmark,2007,5037,
WORLD,All countries of the world,DK,Denmark,2008,5742,
WORLD,All countries of the world,DK,Denmark,2009,5896,
WORLD,All countries of the world,DK,Denmark,2010,5793,
WORLD,All countries of the world,DK,Denmark,2011,5772,
WORLD,All countries of the world,DK,Denmark,2012,6046,
WORLD,All countries of the world,DK,Denmark,2013,6175,
WORLD,All countries of the world,DK,Denmark,2014,6202,
WORLD,All countries of the world,DK,Denmark,2015,6522,
WORLD,All countries of the world,DK,Denmark,2016,6202,
WORLD,All countries of the world,DK,Denmark,2017,6208,
WORLD,All countries of the world,DK,Denmark,2018,6488,
WORLD,All countries of the world,DK,Denmark,2019,6954,
WORLD,All countries of the world,DK,Denmark,2020,2733,
WORLD,All countries of the world,DK,Denmark,2021,3182,
WORLD,All countries of the world,DK,Denmark,2022,6942,
WORLD,All countries of the world,DK,Denmark,2023,8462,
WORLD,All countries of the world,DK,Denmark,2024,8680,
WORLD,All countries of the world,DK,Denmark,2025,9094,
WORLD,All countries of the world,EE,Estonia,2004,58,
WORLD,All countries of the world,EE,Estonia,2005,72,
WORLD,All countries of the world,EE,Estonia,2006,69,
WORLD,All countries of the world,EE,Estonia,2007,75,
WORLD,All countries of the world,EE,Estonia,2008,79,
WORLD,All countries of the world,EE,Estonia,2009,49,
WORLD,All countries of the world,EE,Estonia,2010,50,
WORLD,All countries of the world,EE,Estonia,2011,42,
WORLD,All countries of the world,EE,Estonia,2012,49,
WORLD,All countries of the world,EE,Estonia,2013,61,
WORLD,All countries of the world,EE,Estonia,2014,49,
WORLD,All countries of the world,EE,Estonia,2015,28,
WORLD,All countries of the world,EE,Estonia,2016,51,
WORLD,All countries of the world,EE,Estonia,2017,53,
WORLD,All countries of the world,EE,Estonia,2018,53,
WORLD,All countries of the world,EE,Estonia,2019,55,
WORLD,All countries of the world,EE,Estonia,2020,4,
WORLD,All countries of the world,EE,Estonia,2021,0,
WORLD,All countries of the world,EE,Estonia,2022,0,
WORLD,All countries of the world,EE,Estonia,2023,0,
WORLD,All countries of the world,EE,Estonia,2024,9,
WORLD,All countries of the world,EE,Estonia,2025,16,
WORLD,All countries of the world,EL,Greece,2004,75,
WORLD,All countries of the world,EL,Greece,2005,104,
WORLD,All countries of the world,EL,Greece,2006,138,
WORLD,All countries of the world,EL,Greece,2007,177,
WORLD,All countries of the world,EL,Greece,2008,144,
WORLD,All countries of the world,EL,Greece,2009,130,
WORLD,All countries of the world,EL,Greece,2010,110,
WORLD,All countries of the world,EL,Greece,2011,9,
WORLD,All countries of the world,EL,Greece,2012,0,
WORLD,All countries of the world,EL,Greece,2013,2,
WORLD,All countries of the world,EL,Greece,2014,23,
WORLD,All countries of the world,EL,Greece,2015,16,
WORLD,All countries of the world,EL,Greece,2016,10,
WORLD,All countries of the world,EL,Greece,2017,11,
WORLD,All countries of the world,EL,Greece,2018,8,
WORLD,All countries of the world,EL,Greece,2019,4,
WORLD,All countries of the world,EL,Greece,2020,0,
WORLD,All countries of the world,ES,Spain,2004,423,
WORLD,All countries of the world,ES,Spain,2005,419,
WORLD,All countries of the world,ES,Spain,2006,421,
WORLD,All countries of the world,ES,Spain,2007,351,
WORLD,All countries of the world,ES,Spain,2008,382,
WORLD,All countries of the world,ES,Spain,2009,340,
WORLD,All countries of the world,ES,Spain,2010,353,
WORLD,All countries of the world,ES,Spain,2011,248,
WORLD,All countries of the world,ES,Spain,2012,226,
WORLD,All countries of the world,ES,Spain,2013,195,
WORLD,All countries of the world,ES,Spain,2014,516,
WORLD,All countries of the world,ES,Spain,2015,507,
WORLD,All countries of the world,ES,Spain,2016,541,
WORLD,All countries of the world,ES,Spain,2017,531,
WORLD,All countries of the world,ES,Spain,2018,505,
WORLD,All countries of the world,ES,Spain,2019,520,
WORLD,All countries of the world,ES,Spain,2020,135,
WORLD,All countries of the world,ES,Spain,2021,191,
WORLD,All countries of the world,ES,Spain,2022,392,
WORLD,All countries of the world,ES,Spain,2023,492,
WORLD,All countries of the world,ES,Spain,2024,658,
WORLD,All countries of the world,ES,Spain,2025,627,
WORLD,All countries of the world,FI,Finland,2004,125,
WORLD,All countries of the world,FI,Finland,2005,133,
WORLD,All countries of the world,FI,Finland,2006,168,
WORLD,All countries of the world,FI,Finland,2007,200,
WORLD,All countries of the world,FI,Finland,2008,216,
WORLD,All countries of the world,FI,Finland,2009,170,
WORLD,All countries of the world,FI,Finland,2010,173,
WORLD,All countries of the world,FI,Finland,2011,222,
WORLD,All countries of the world,FI,Finland,2012,250,
WORLD,All countries of the world,FI,Finland,2013,302,
WORLD,All countries of the world,FI,Finland,2014,258,
WORLD,All countries of the world,FI,Finland,2015,214,
WORLD,All countries of the world,FI,Finland,2016,226,
WORLD,All countries of the world,FI,Finland,2017,276,
WORLD,All countries of the world,FI,Finland,2018,277,
WORLD,All countries of the world,FI,Finland,2019,325,
WORLD,All countries of the world,FI,Finland,2020,61,
WORLD,All countries of the world,FI,Finland,2021,1,
WORLD,All countries of the world,FI,Finland,2022,19,
WORLD,All countries of the world,FI,Finland,2023,0,
WORLD,All countries of the world,FI,Finland,2024,0,
WORLD,All countries of the world,FI,Finland,2025,0,
WORLD,All countries of the world,FR,France,2004,4949,
WORLD,All countries of the world,FR,France,2005,16078,
WORLD,All countries of the world,FR,France,2006,15368,
WORLD,All countries of the world,FR,France,2007,15703,
WORLD,All countries of the world,FR,France,2008,14765,
WORLD,All countries of the world,FR,France,2009,17203,
WORLD,All countries of the world,HR,Croatia,2004,247,
WORLD,All countries of the world,HR,Croatia,2005,218,
WORLD,All countries of the world,HR,Croatia,2006,247,
WORLD,All countries of the world,HR,Croatia,2007,306,
WORLD,All countries of the world,HR,Croatia,2008,316,
WORLD,All countries of the world,HR,Croatia,2009,286,
WORLD,All countries of the world,HR,Croatia,2010,260,
WORLD,All countries of the world,HR,Croatia,2011,261,
WORLD,All countries of the world,HR,Croatia,2012,256,
WORLD,All countries of the world,HR,Croatia,2013,212,
WORLD,All countries of the world,HR,Croatia,2014,188,
WORLD,All countries of the world,HR,Croatia,2015,179,
WORLD,All countries of the world,HR,Croatia,2016,165,
WORLD,All countries of the world,HR,Croatia,2017,173,
WORLD,All countries of the world,HR,Croatia,2018,165,
WORLD,All countries of the world,HR,Croatia,2019,166,
WORLD,All countries of the world,HR,Croatia,2020,70,
WORLD,All countries of the world,HR,Croatia,2021,109,
WORLD,All countries of the world,HR,Croatia,2022,189,
WORLD,All countries of the world,HR,Croatia,2023,168,
WORLD,All countries of the world,HR,Croatia,2024,158,
WORLD,All countries of the world,HR,Croatia,2025,141,
WORLD,All countries of the world,HU,Hungary,2004,761,
WORLD,All countries of the world,HU,Hungary,2005,1096,
WORLD,All countries of the world,HU,Hungary,2006,1094,
WORLD,All countries of the world,HU,Hungary,2007,1059,
WORLD,All countries of the world,HU,Hungary,2008,1210,
WORLD,All countries of the world,HU,Hungary,2009,1114,
WORLD,All countries of the world,HU,Hungary,2010,1151,
WORLD,All countries of the world,HU,Hungary,2011,1319,
WORLD,All countries of the world,HU,Hungary,2012,1481,
WORLD,All countries of the world,HU,Hungary,2013,1453,
WORLD,All countries of the world,HU,Hungary,2014,1291,
WORLD,All countries of the world,IE,Ireland,2004,409,
WORLD,All countries of the world,IE,Ireland,2005,444,
WORLD,All countries of the world,IE,Ireland,2006,505,
WORLD,All countries of the world,IE,Ireland,2007,502,
WORLD,All countries of the world,IE,Ireland,2008,397,
WORLD,All countries of the world,IE,Ireland,2009,297,
WORLD,All countries of the world,IE,Ireland,2010,344,
WORLD,All countries of the world,IE,Ireland,2011,396,
WORLD,All countries of the world,IE,Ireland,2012,381,
WORLD,All countries of the world,IE,Ireland,2013,313,
WORLD,All countries of the world,IE,Ireland,2014,307,
WORLD,All countries of the world,IE,Ireland,2015,0,
WORLD,All countries of the world,IE,Ireland,2018,0,
WORLD,All countries of the world,IE,Ireland,2019,0,
WORLD,All countries of the world,IE,Ireland,2022,0,
WORLD,All countries of the world,IE,Ireland,2023,0,
WORLD,All countries of the world,IE,Ireland,2024,0,
WORLD,All countries of the world,IE,Ireland,2025,0,
WORLD,All countries of the world,IT,Italy,2004,2118,
WORLD,All countries of the world,IT,Italy,2005,2275,
WORLD,All countries of the world,IT,Italy,2006,2763,
WORLD,All countries of the world,IT,Italy,2007,2481,
WORLD,All countries of the world,IT,Italy,2021,916,
WORLD,All countries of the world,IT,Italy,2022,2270,
WORLD,All countries of the world,IT,Italy,2023,2439,
WORLD,All countries of the world,IT,Italy,2024,2021,
WORLD,All countries of the world,IT,Italy,2025,2381,
WORLD,All countries of the world,LT,Lithuania,2004,174,
WORLD,All countries of the world,LT,Lithuania,2005,178,
WORLD,All countries of the world,LT,Lithuania,2006,200,
WORLD,All countries of the world,LT,Lithuania,2007,218,
WORLD,All countries of the world,LT,Lithuania,2010,168,
WORLD,All countries of the world,LT,Lithuania,2011,208,
WORLD,All countries of the world,LT,Lithuania,2012,254,
WORLD,All countries of the world,LT,Lithuania,2013,287,
WORLD,All countries of the world,LT,Lithuania,2014,231,
WORLD,All countries of the world,LT,Lithuania,2015,180,
WORLD,All countries of the world,LT,Lithuania,2016,169,
WORLD,All countries of the world,LT,Lithuania,2017,162,
WORLD,All countries of the world,LT,Lithuania,2018,187,
WORLD,All countries of the world,LT,Lithuania,2019,219,
WORLD,All countries of the world,LT,Lithuania,2020,34,
WORLD,All countries of the world,LT,Lithuania,2021,0,
WORLD,All countries of the world,LT,Lithuania,2022,2,
WORLD,All countries of the world,LT,Lithuania,2023,18,
WORLD,All countries of the world,LT,Lithuania,2024,51,
WORLD,All countries of the world,LT,Lithuania,2025,57,
WORLD,All countries of the world,LU,Luxembourg,2004,1810,
WORLD,All countries of the world,LU,Luxembourg,2005,1886,
WORLD,All countries of the world,LU,Luxembourg,2006,2074,
WORLD,All countries of the world,LU,Luxembourg,2007,2386,
WORLD,All countries of the world,LU,Luxembourg,2008,2470,
WORLD,All countries of the world,LU,Luxembourg,2009,2321,
WORLD,All countries of the world,LU,Luxembourg,2010,2795,
WORLD,All countries of the world,LU,Luxembourg,2011,2681,
WORLD,All countries of the world,LU,Luxembourg,2012,2770,
WORLD,All countries of the world,LU,Luxembourg,2013,2883,
WORLD,All countries of the world,LU,Luxembourg,2014,2976,
WORLD,All countries of the world,LU,Luxembourg,2015,3115,
WORLD,All countries of the world,LU,Luxembourg,2016,3177,
WORLD,All countries of the world,LU,Luxembourg,2017,3138,
WORLD,All countries of the world,LU,Luxembourg,2018,3217,
WORLD,All countries of the world,LU,Luxembourg,2019,3763,
WORLD,All countries of the world,LU,Luxembourg,2020,1984,
WORLD,All countries of the world,LU,Luxembourg,2021,2089,
WORLD,All countries of the world,LU,Luxembourg,2022,3061,
WORLD,All countries of the world,LU,Luxembourg,2023,4485,
WORLD,All countries of the world,LU,Luxembourg,2024,4735,
WORLD,All countries of the world,LU,Luxembourg,2025,4721,
WORLD,All countries of the world,LV,Latvia,2004,163,
WORLD,All countries of the world,LV,Latvia,2005,176,
WORLD,All countries of the world,LV,Latvia,2006,186,
WORLD,All countries of the world,LV,Latvia,2007,165,
WORLD,All countries of the world,LV,Latvia,2008,153,
WORLD,All countries of the world,LV,Latvia,2009,127,
WORLD,All countries of the world,LV,Latvia,2010,144,
WORLD,All countries of the world,LV,Latvia,2011,145,
WORLD,All countries of the world,LV,Latvia,2012,150,
WORLD,All countries of the world,LV,Latvia,2013,155,
WORLD,All countries of the world,LV,Latvia,2014,128,
WORLD,All countries of the world,LV,Latvia,2015,90,
WORLD,All countries of the world,LV,Latvia,2016,79,
WORLD,All countries of the world,LV,Latvia,2017,84,
WORLD,All countries of the world,LV,Latvia,2018,83,
WORLD,All countries of the world,LV,Latvia,2019,90,
WORLD,All countries of the world,LV,Latvia,2020,12,
WORLD,All countries of the world,LV,Latvia,2021,2,
WORLD,All countries of the world,LV,Latvia,2022,7,
WORLD,All countries of the world,LV,Latvia,2023,8,
WORLD,All countries of the world,LV,Latvia,2024,38,
WORLD,All countries of the world,LV,Latvia,2025,49,
WORLD,All countries of the world,MK,North Macedonia,2009,7,
WORLD,All countries of the world,MK,North Macedonia,2010,6,
WORLD,All countries of the world,MK,North Macedonia,2011,5,
WORLD,All countries of the world,MK,North Macedonia,2012,1,
WORLD,All countries of the world,MK,North Macedonia,2013,0,
WORLD,All countries of the world,MK,North Macedonia,2014,0,
WORLD,All countries of the world,MK,North Macedonia,2015,3,
WORLD,All countries of the world,MK,North Macedonia,2016,1,
WORLD,All countries of the world,MK,North Macedonia,2017,1,
WORLD,All countries of the world,MK,North Macedonia,2018,1,
WORLD,All countries of the world,MK,North Macedonia,2019,1,
WORLD,All countries of the world,MK,North Macedonia,2020,0,
WORLD,All countries of the world,MK,North Macedonia,2021,0,
WORLD,All countries of the world,NL,Netherlands,2004,2506,
WORLD,All countries of the world,NL,Netherlands,2005,2525,
WORLD,All countries of the world,NL,Netherlands,2006,2398,
WORLD,All countries of the world,NL,Netherlands,2007,3017,
WORLD,All countries of the world,NO,Norway,2005,135,
WORLD,All countries of the world,NO,Norway,2006,142,
WORLD,All countries of the world,NO,Norway,2007,74,
WORLD,All countries of the world,NO,Norway,2008,110,
WORLD,All countries of the world,NO,Norway,2009,106,
WORLD,All countries of the world,NO,Norway,2010,253,
WORLD,All countries of the world,NO,Norway,2011,222,
WORLD,All countries of the world,NO,Norway,2012,238,
WORLD,All countries of the world,NO,Norway,2013,245,
WORLD,All countries of the world,NO,Norway,2014,238,
WORLD,All countries of the world,NO,Norway,2015,250,
WORLD,All countries of the world,NO,Norway,2016,268,
WORLD,All countries of the world,NO,Norway,2017,292,
WORLD,All countries of the world,NO,Norway,2018,221,
WORLD,All countries of the world,NO,Norway,2019,248,
WORLD,All countries of the world,NO,Norway,2020,38,
WORLD,All countries of the world,NO,Norway,2021,12,
WORLD,All countries of the world,NO,Norway,2022,149,
WORLD,All countries of the world,NO,Norway,2023,228,
WORLD,All countries of the world,NO,Norway,2024,298,
WORLD,All countries of the world,NO,Norway,2025,318,
WORLD,All countries of the world,PL,Poland,2004,1567,
WORLD,All countries of the world,PL,Poland,2005,1492,
WORLD,All countries of the world,PL,Poland,2006,1526,
WORLD,All countries of the world,PL,Poland,2007,1599,
WORLD,All countries of the world,PL,Poland,2008,1100,
WORLD,All countries of the world,PL,Poland,2009,913,
WORLD,All countries of the world,PL,Poland,2010,1137,
WORLD,All countries of the world,PL,Poland,2011,1401,
WORLD,All countries of the world,PL,Poland,2012,1342,
WORLD,All countries of the world,PL,Poland,2013,1246,
WORLD,All countries of the world,PL,Poland,2014,927,
WORLD,All countries of the world,PL,Poland,2015,755,
WORLD,All countries of the world,PL,Poland,2016,785,
WORLD,All countries of the world,PL,Poland,2017,1081,
WORLD,All countries of the world,PL,Poland,2018,1301,
WORLD,All countries of the world,PL,Poland,2025,3691,
WORLD,All countries of the world,PT,Portugal,2004,194,
WORLD,All countries of the world,PT,Portugal,2005,88,
WORLD,All countries of the world,PT,Portugal,2006,85,
WORLD,All countries of the world,PT,Portugal,2007,103,
WORLD,All countries of the world,PT,Portugal,2008,76,
WORLD,All countries of the world,PT,Portugal,2009,63,
WORLD,All countries of the world,PT,Portugal,2010,61,
WORLD,All countries of the world,PT,Portugal,2011,59,
WORLD,All countries of the world,PT,Portugal,2012,64,
WORLD,All countries of the world,PT,Portugal,2013,67,
WORLD,All countries of the world,PT,Portugal,2014,78,
WORLD,All countries of the world,PT,Portugal,2015,115,
WORLD,All countries of the world,PT,Portugal,2016,120,
WORLD,All countries of the world,PT,Portugal,2017,128,
WORLD,All countries of the world,PT,Portugal,2018,85,
WORLD,All countries of the world,PT,Portugal,2019,85,
WORLD,All countries of the world,PT,Portugal,2020,12,
WORLD,All countries of the world,PT,Portugal,2021,13,
WORLD,All countries of the world,PT,Portugal,2022,60,
WORLD,All countries of the world,PT,Portugal,2023,63,
WORLD,All countries of the world,PT,Portugal,2024,61,
WORLD,All countries of the world,PT,Portugal,2025,52,
WORLD,All countries of the world,RO,Romania,2004,239,
WORLD,All countries of the world,RO,Romania,2005,208,
WORLD,All countries of the world,RO,Romania,2006,242,
WORLD,All countries of the world,RO,Romania,2007,226,
WORLD,All countries of the world,RO,Romania,2008,265,
WORLD,All countries of the world,RO,Romania,2009,254,
WORLD,All countries of the world,RO,Romania,2010,280,
WORLD,All countries of the world,RO,Romania,2011,46,
WORLD,All countries of the world,RO,Romania,2012,42,
WORLD,All countries of the world,RO,Romania,2013,82,
WORLD,All countries of the world,RO,Romania,2014,90,
WORLD,All countries of the world,RO,Romania,2015,90,
WORLD,All countries of the world,RO,Romania,2016,98,
WORLD,All countries of the world,RO,Romania,2017,108,
WORLD,All countries of the world,RO,Romania,2018,101,
WORLD,All countries of the world,RO,Romania,2019,100,
WORLD,All countries of the world,RO,Romania,2020,40,
WORLD,All countries of the world,RO,Romania,2021,51,
WORLD,All countries of the world,RO,Romania,2022,118,
WORLD,All countries of the world,RO,Romania,2023,174,
WORLD,All countries of the world,RO,Romania,2024,140,
WORLD,All countries of the world,RO,Romania,2025,129,
WORLD,All countries of the world,SE,Sweden,2004,3659,
WORLD,All countries of the world,SE,Sweden,2005,3762,
WORLD,All countries of the world,SE,Sweden,2006,4261,
WORLD,All countries of the world,SE,Sweden,2007,5207,
WORLD,All countries of the world,SE,Sweden,2008,5702,
WORLD,All countries of the world,SE,Sweden,2009,5843,
WORLD,All countries of the world,SE,Sweden,2010,5473,
WORLD,All countries of the world,SE,Sweden,2011,5635,
WORLD,All countries of the world,SE,Sweden,2012,5892,
WORLD,All countries of the world,SE,Sweden,2013,6136,
WORLD,All countries of the world,SE,Sweden,2014,6135,
WORLD,All countries of the world,SE,Sweden,2015,6347,
WORLD,All countries of the world,SE,Sweden,2016,6009,
WORLD,All countries of the world,SE,Sweden,2017,6084,
WORLD,All countries of the world,SE,Sweden,2018,5569,
WORLD,All countries of the world,SE,Sweden,2019,6228,
WORLD,All countries of the world,SE,Sweden,2020,2391,
WORLD,All countries of the world,SE,Sweden,2021,2781,
WORLD,All countries of the world,SI,Slovenia,2004,242,
WORLD,All countries of the world,SI,Slovenia,2005,254,
WORLD,All countries of the world,SI,Slovenia,2006,232,
WORLD,All countries of the world,SI,Slovenia,2007,255,
WORLD,All countries of the world,SI,Slovenia,2008,241,
WORLD,All countries of the world,SI,Slovenia,2009,294,
WORLD,All countries of the world,SI,Slovenia,2010,253,
WORLD,All countries of the world,SI,Slovenia,2011,248,
WORLD,All countries of the world,SI,Slovenia,2012,248,
WORLD,All countries of the world,SI,Slovenia,2013,239,
WORLD,All countries of the world,SI,Slovenia,2014,207,
WORLD,All countries of the world,SI,Slovenia,2015,180,
WORLD,All countries of the world,SI,Slovenia,2016,259,
WORLD,All countries of the world,SI,Slovenia,2017,252,
WORLD,All countries of the world,SI,Slovenia,2018,263,
WORLD,All countries of the world,SI,Slovenia,2019,269,
WORLD,All countries of the world,SI,Slovenia,2020,36,
WORLD,All countries of the world,SI,Slovenia,2021,53,
WORLD,All countries of the world,SI,Slovenia,2022,136,
WORLD,All countries of the world,SI,Slovenia,2023,312,
WORLD,All countries of the world,SI,Slovenia,2024,368,
WORLD,All countries of the world,SI,Slovenia,2025,358,
WORLD,All countries of the world,SK,Slovakia,2004,751,
WORLD,All countries of the world,SK,Slovakia,2005,882,
WORLD,All countries of the world,SK,Slovakia,2006,1253,
WORLD,All countries of the world,SK,Slovakia,2007,1517,
WORLD,All countries of the world,SK,Slovakia,2008,1566,
WORLD,All countries of the world,SK,Slovakia,2009,1436,
WORLD,All countries of the world,SK,Slovakia,2010,1405,
WORLD,All countries of the world,SK,Slovakia,2011,1562,
WORLD,All countries of the world,SK,Slovakia,2012,1633,
WORLD,All countries of the world,SK,Slovakia,2013,1684,
WORLD,All countries of the world,SK,Slovakia,2014,1709,
WORLD,All countries of the world,SK,Slovakia,2015,1605,
WORLD,All countries of the world,SK,Slovakia,2016,1684,
WORLD,All countries of the world,SK,Slovakia,2017,1730,
WORLD,All countries of the world,SK,Slovakia,2018,1899,
WORLD,All countries of the world,SK,Slovakia,2019,2005,
WORLD,All countries of the world,SK,Slovakia,2020,694,
WORLD,All countries of the world,SK,Slovakia,2021,1041,
WORLD,All countries of the world,SK,Slovakia,2022,2078,
WORLD,All countries of the world,TR,Türkiye,2004,88,
WORLD,All countries of the world,TR,Türkiye,2005,112,
WORLD,All countries of the world,TR,Türkiye,2006,135,
WORLD,All countries of the world,TR,Türkiye,2007,179,
WORLD,All countries of the world,TR,Türkiye,2008,229,
WORLD,All countries of the world,TR,Türkiye,2009,218,
WORLD,All countries of the world,TR,Türkiye,2010,228,
WORLD,All countries of the world,TR,Türkiye,2011,170,
WORLD,All countries of the world,TR,Türkiye,2012,118,
WORLD,All countries of the world,TR,Türkiye,2013,93,
WORLD,All countries of the world,TR,Türkiye,2014,143,
WORLD,All countries of the world,TR,Türkiye,2015,121,
WORLD,All countries of the world,TR,Türkiye,2016,163,
WORLD,All countries of the world,TR,Türkiye,2017,5,
WORLD,All countries of the world,TR,Türkiye,2018,1,
WORLD,All countries of the world,TR,Türkiye,2019,2,
WORLD,All countries of the world,TR,Türkiye,2020,0,
WORLD,All countries of the world,TR,Türkiye,2025,360,
WORLD,All countries of the world,UA,Ukraine,2025,1184,
WORLD,All countries of the world,UK,United Kingdom,2004,7932,
WORLD,All countries of the world,UK,United Kingdom,2005,8170,
WORLD,All countries of the world,UK,United Kingdom,2006,8171,
WORLD,All countries of the world,UK,United Kingdom,2007,8533,
WORLD,All countries of the world,UK,United Kingdom,2008,8576,
WORLD,All countries of the world,UK,United Kingdom,2009,8404,
WORLD,All countries of the world,UK,United Kingdom,2010,8918,
WORLD,All countries of the world,UK,United Kingdom,2011,9125,
WORLD,All countries of the world,UK,United Kingdom,2012,9532,
WORLD,All countries of the world,UK,United Kingdom,2013,9821,
WORLD,All countries of the world,UK,United Kingdom,2014,10055,
WORLD,All countries of the world,UK,United Kingdom,2015,9924,
WORLD,All countries of the world,UK,United Kingdom,2016,9714,
WORLD,All countries of the world,UK,United Kingdom,2017,9824,
WORLD,All countries of the world,UK,United Kingdom,2018,10261,
WORLD,All countries of the world,UK,United Kingdom,2019,10271,
