unit,unit_label,tra_cov,tra_cov_label,geo,geo_label,period,value,flag
MIO_PKM,Millions of passenger-kilometres,INTL,International transport,AT,Austria,2004,1105,
MIO_PKM,Millions of passenger-kilometres,INTL,International transport,AT,Austria,2005,1147,
MIO_PKM,Millions of passenger-kilometres,INTL,International transport,AT,Austria,2006,1211,
MIO_PKM,Millions of passenger-kilometres,INTL,International transport,AT,Austria,2007,1279,
MIO_PKM,Millions of passenger-kilometres,INTL,International transport,AT,Austria,2008,1452,
MIO_PKM,Millions of passenger-kilometres,INTL,International transport,AT,Austria,2009,1442,
MIO_PKM,Millions of passenger-kilometres,INTL,International transport,AT,Austria,2010,1456,
MIO_PKM,Millions of passenger-kilometres,INTL,International transport,AT,Austria,2011,491,
MIO_PKM,Millions of passenger-kilometres,INTL,International transport,AT,Austria,2012,488,
MIO_PKM,Millions of passenger-kilometres,INTL,International transport,AT,Austria,2013,488,
MIO_PKM,Millions of passenger-kilometres,INTL,International transport,AT,Austria,2014,464,
MIO_PKM,Millions of passenger-kilometres,INTL,International transport,AT,Austria,2015,435,
MIO_PKM,Millions of passenger-kilometres,INTL,International transport,AT,Austria,2016,424,
MIO_PKM,Millions of passenger-kilometres,INTL,International transport,AT,Austria,2017,423,
MIO_PKM,Millions of passenger-kilometres,INTL,International transport,AT,Austria,2018,456,
MIO_PKM,Millions of passenger-kilometres,INTL,International transport,AT,Austria,2019,492,
MIO_PKM,Millions of passenger-kilometres,INTL,International transport,AT,Austria,2020,190,
MIO_PKM,Millions of passenger-kilometres,INTL,International transport,AT,Austria,2021,232,
MIO_PKM,Millions of passenger-kilometres,INTL,International transport,AT,Austria,2022,598,
MIO_PKM,Millions of passenger-kilometres,INTL,International transport,AT,Austria,2023,698,
MIO_PKM,Millions of passenger-kilometres,INTL,International transport,AT,Austria,2024,665,
MIO_PKM,Millions of passenger-kilometres,INTL,International transport,BE,Belgium,2004,550,
MIO_PKM,Millions of passenger-kilometres,INTL,International transport,BE,Belgium,2005,740,
MIO_PKM,Millions of passenger-kilometres,INTL,International transport,BE,Belgium,2006,774,
MIO_PKM,Millions of passenger-kilometres,INTL,International transport,BE,Belgium,2007,856,
MIO_PKM,Millions of passenger-kilometres,INTL,International transport,BE,Belgium,2008,1226,
MIO_PKM,Millions of passenger-kilometres,INTL,International transport,BE,Belgium,2009,1232,
MIO_PKM,Millions of passenger-kilometres,INTL,International transport,BE,Belgium,2010,1268,
MIO_PKM,Millions of passenger-kilometres,INTL,International transport,BE,Belgium,2011,1268,
MIO_PKM,Millions of passenger-kilometres,INTL,International transport,BG,Bulgaria,2006,45,
MIO_PKM,Millions of passenger-kilometres,INTL,International transport,BG,Bulgaria,2007,62,
MIO_PKM,Millions of passenger-kilometres,INTL,International transport,BG,Bulgaria,2008,52,
MIO_PKM,Millions of passenger-kilometres,INTL,International transport,BG,Bulgaria,2009,49,
MIO_PKM,Millions of passenger-kilometres,INTL,International transport,BG,Bulgaria,2010,44,
MIO_PKM,Millions of passenger-kilometres,INTL,International transport,BG,Bulgaria,2011,27,
MIO_PKM,Millions of passenger-kilometres,INTL,International transport,BG,Bulgaria,2012,22,
MIO_PKM,Millions of passenger-kilometres,INTL,International transport,BG,Bulgaria,2013,26,
MIO_PKM,Millions of passenger-kilometres,INTL,International transport,BG,Bulgaria,2014,15,
MIO_PKM,Millions of passenger-kilometres,INTL,International transport,BG,Bulgaria,2015,11,
MIO_PKM,Millions of passenger-kilometres,INTL,International transport,BG,Bulgaria,2016,14,
MIO_PKM,Millions of passenger-kilometres,INTL,International transport,BG,Bulgaria,2017,18,
MIO_PKM,Millions of passenger-kilometres,INTL,International transport,BG,Bulgaria,2018,18,
MIO_PKM,Millions of passenger-kilometres,INTL,International transport,BG,Bulgaria,2019,24,
MIO_PKM,Millions of passenger-kilometres,INTL,International transport,BG,Bulgaria,2020,6,
MIO_PKM,Millions of passenger-kilometres,INTL,International transport,BG,Bulgaria,2021,4,
MIO_PKM,Millions of passenger-kilometres,INTL,International transport,BG,Bulgaria,2022,32,
MIO_PKM,Millions of passenger-kilometres,INTL,International transport,BG,Bulgaria,2023,36,
MIO_PKM,Millions of passenger-kilometres,INTL,International transport,BG,Bulgaria,2024,30,
MIO_PKM,Millions of passenger-kilometres,INTL,International transport,BG,Bulgaria,2025,32,
MIO_PKM,Millions of passenger-kilometres,INTL,International transport,CH,Switzerland,2008,912,
MIO_PKM,Millions of passenger-kilometres,INTL,International transport,CH,Switzerland,2009,879,
MIO_PKM,Millions of passenger-kilometres,INTL,International transport,CH,Switzerland,2010,998,
MIO_PKM,Millions of passenger-kilometres,INTL,International transport,CH,Switzerland,2011,997,
MIO_PKM,Millions of passenger-kilometres,INTL,International transport,CH,Switzerland,2012,1006,
MIO_PKM,Millions of passenger-kilometres,INTL,International transport,CH,Switzerland,2013,963,
MIO_PKM,Millions of passenger-kilometres,INTL,International transport,CH,Switzerland,2014,933,
MIO_PKM,Millions of passenger-kilometres,INTL,International transport,CH,Switzerland,2015,1081,
MIO_PKM,Millions of passenger-kilometres,INTL,International transport,CH,Switzerland,2016,1037,
MIO_PKM,Millions of passenger-kilometres,INTL,International transport,CH,Switzerland,2017,1053,
MIO_PKM,Millions of passenger-kilometres,INTL,International transport,CH,Switzerland,2018,1088,
MIO_PKM,Millions of passenger-kilometres,INTL,International transport,CH,Switzerland,2019,1189,
MIO_PKM,Millions of passenger-kilometres,INTL,International transport,CH,Switzerland,2020,487,
MIO_PKM,Millions of passenger-kilometres,INTL,International transport,CH,Switzerland,2021,565,
MIO_PKM,Millions of passenger-kilometres,INTL,International transport,CH,Switzerland,2022,1148,
MIO_PKM,Millions of passenger-kilometres,INTL,International transport,CH,Switzerland,2023,1318,
MIO_PKM,Millions of passenger-kilometres,INTL,International transport,CH,Switzerland,2024,1249,
MIO_PKM,Millions of passenger-kilometres,INTL,International transport,CZ,Czechia,2004,368,
MIO_PKM,Millions of passenger-kilometres,INTL,International transport,CZ,Czechia,2005,381,
MIO_PKM,Millions of passenger-kilometres,INTL,International transport,CZ,Czechia,2006,358,
MIO_PKM,Millions of passenger-kilometres,INTL,International transport,CZ,Czechia,2007,362,
MIO_PKM,Millions of passenger-kilometres,INTL,International transport,CZ,Czechia,2008,449,
MIO_PKM,Millions of passenger-kilometres,INTL,International transport,CZ,Czechia,2009,340,
MIO_PKM,Millions of passenger-kilometres,INTL,International transport,CZ,Czechia,2010,296,
MIO_PKM,Millions of passenger-kilometres,INTL,International transport,CZ,Czechia,2011,261,
MIO_PKM,Millions of passenger-kilometres,INTL,International transport,CZ,Czechia,2012,402,
MIO_PKM,Millions of passenger-kilometres,INTL,International transport,CZ,Czechia,2013,709,
MIO_PKM,Millions of passenger-kilometres,INTL,International transport,CZ,Czechia,2014,700,
MIO_PKM,Millions of passenger-kilometres,INTL,International transport,CZ,Czechia,2015,913,
MIO_PKM,Millions of passenger-kilometres,INTL,International transport,CZ,Czechia,2016,1229,
MIO_PKM,Millions of passenger-kilometres,INTL,International transport,CZ,Czechia,2017,1437,
MIO_PKM,Millions of passenger-kilometres,INTL,International transport,CZ,Czechia,2018,1705,
MIO_PKM,Millions of passenger-kilometres,INTL,International transport,CZ,Czechia,2019,1884,
MIO_PKM,Millions of passenger-kilometres,INTL,International transport,CZ,Czechia,2020,538,
MIO_PKM,Millions of passenger-kilometres,INTL,International transport,CZ,Czechia,2021,603,
MIO_PKM,Millions of passenger-kilometres,INTL,International transport,CZ,Czechia,2022,1555,
MIO_PKM,Millions of passenger-kilometres,INTL,International transport,CZ,Czechia,2023,1716,
MIO_PKM,Millions of passenger-kilometres,INTL,International transport,CZ,Czechia,2024,1839,
MIO_PKM,Millions of passenger-kilometres,INTL,International transport,DE,Germany,2004,2180,
MIO_PKM,Millions of passenger-kilometres,INTL,International transport,DE,Germany,2005,3300,
MIO_PKM,Millions of passenger-kilometres,INTL,International transport,DE,Germany,2006,3472,
MIO_PKM,Millions of passenger-kilometres,INTL,International transport,DE,Germany,2007,3587,
MIO_PKM,Millions of passenger-kilometres,INTL,International transport,DE,Germany,2008,3870,
MIO_PKM,Millions of passenger-kilometres,INTL,International transport,DE,Germany,2009,4162,
MIO_PKM,Millions of passenger-kilometres,INTL,International transport,DE,Germany,2010,4321,
MIO_PKM,Millions of passenger-kilometres,INTL,International transport,DE,Germany,2011,4281,
MIO_PKM,Millions of passenger-kilometres,INTL,International transport,DE,Germany,2012,5124,
MIO_PKM,Millions of passenger-kilometres,INTL,International transport,DE,Germany,2013,4806,
MIO_PKM,Millions of passenger-kilometres,INTL,International transport,DE,Germany,2014,5059,
MIO_PKM,Millions of passenger-kilometres,INTL,International transport,DE,Germany,2015,4855,
MIO_PKM,Millions of passenger-kilometres,INTL,International transport,DE,Germany,2016,4700,
MIO_PKM,Millions of passenger-kilometres,INTL,International transport,DE,Germany,2017,4790,
MIO_PKM,Millions of passenger-kilometres,INTL,International transport,DE,Germany,2018,5049,
MIO_PKM,Millions of passenger-kilometres,INTL,International transport,DE,Germany,2019,5702,
MIO_PKM,Millions of passenger-kilometres,INTL,International transport,DE,Germany,2020,3060,
MIO_PKM,Millions of passenger-kilometres,INTL,International transport,DE,Germany,2021,3634,
MIO_PKM,Millions of passenger-kilometres,INTL,International transport,DE,Germany,2022,5736,
MIO_PKM,Millions of passenger-kilometres,INTL,International transport,DE,Germany,2023,5955,
MIO_PKM,Millions of passenger-kilometres,INTL,International transport,DE,Germany,2024,7098,
MIO_PKM,Millions of passenger-kilometres,INTL,International transport,DK,Denmark,2004,332,
MIO_PKM,Millions of passenger-kilometres,INTL,International transport,DK,Denmark,2005,322,
MIO_PKM,Millions of passenger-kilometres,INTL,International transport,DK,Denmark,2006,359,
MIO_PKM,Millions of passenger-kilometres,INTL,International transport,DK,Denmark,2007,425,
MIO_PKM,Millions of passenger-kilometres,INTL,International transport,DK,Denmark,2008,477,
MIO_PKM,Millions of passenger-kilometres,INTL,International transport,DK,Denmark,2009,377,
MIO_PKM,Millions of passenger-kilometres,INTL,International transport,DK,Denmark,2010,380,
MIO_PKM,Millions of passenger-kilometres,INTL,International transport,DK,Denmark,2011,408,
MIO_PKM,Millions of passenger-kilometres,INTL,International transport,DK,Denmark,2012,379,
MIO_PKM,Millions of passenger-kilometres,INTL,International transport,DK,Denmark,2013,384,
MIO_PKM,Millions of passenger-kilometres,INTL,International transport,DK,Denmark,2014,375,
MIO_PKM,Millions of passenger-kilometres,INTL,International transport,DK,Denmark,2015,408,
MIO_PKM,Millions of passenger-kilometres,INTL,International transport,DK,Denmark,2016,356,
MIO_PKM,Millions of passenger-kilometres,INTL,International transport,DK,Denmark,2017,342,
MIO_PKM,Millions of passenger-kilometres,INTL,International transport,DK,Denmark,2018,419,
MIO_PKM,Millions of passenger-kilometres,INTL,International transport,DK,Denmark,2019,433,
MIO_PKM,Millions of passenger-kilometres,INTL,International transport,DK,Denmark,2020,172,
MIO_PKM,Millions of passenger-kilometres,INTL,International transport,DK,Denmark,2021,215,
MIO_PKM,Millions of passenger-kilometres,INTL,International transport,DK,Denmark,2022,487,
MIO_PKM,Millions of passenger-kilometres,INTL,International transport,DK,Denmark,2023,373,
MIO_PKM,Millions of passenger-kilometres,INTL,International transport,DK,Denmark,2024,387,
MIO_PKM,Millions of passenger-kilometres,INTL,International transport,EE,Estonia,2004,23,
MIO_PKM,Millions of passenger-kilometres,INTL,International transport,EE,Estonia,2005,25,
MIO_PKM,Millions of passenger-kilometres,INTL,International transport,EE,Estonia,2006,26,
MIO_PKM,Millions of passenger-kilometres,INTL,International transport,EE,Estonia,2007,27,
MIO_PKM,Millions of passenger-kilometres,INTL,International transport,EE,Estonia,2008,28,
MIO_PKM,Millions of passenger-kilometres,INTL,International transport,EE,Estonia,2009,17,
MIO_PKM,Millions of passenger-kilometres,INTL,International transport,EE,Estonia,2010,18,
MIO_PKM,Millions of passenger-kilometres,INTL,International transport,EE,Estonia,2011,15,
MIO_PKM,Millions of passenger-kilometres,INTL,International transport,EE,Estonia,2012,17,
MIO_PKM,Millions of passenger-kilometres,INTL,International transport,EE,Estonia,2013,22,
MIO_PKM,Millions of passenger-kilometres,INTL,International transport,EE,Estonia,2014,18,
MIO_PKM,Millions of passenger-kilometres,INTL,International transport,EE,Estonia,2015,10,
MIO_PKM,Millions of passenger-kilometres,INTL,International transport,EE,Estonia,2016,19,
MIO_PKM,Millions of passenger-kilometres,INTL,International transport,EE,Estonia,2017,20,
MIO_PKM,Millions of passenger-kilometres,INTL,International transport,EE,Estonia,2018,20,
MIO_PKM,Millions of passenger-kilometres,INTL,International transport,EE,Estonia,2019,21,
MIO_PKM,Millions of passenger-kilometres,INTL,International transport,EE,Estonia,2020,2,
MIO_PKM,Millions of passenger-kilometres,INTL,International transport,EE,Estonia,2021,0,
MIO_PKM,Millions of passenger-kilometres,INTL,International transport,EE,Estonia,2022,0,
MIO_PKM,Millions of passenger-kilometres,INTL,International transport,EE,Estonia,2023,0,
MIO_PKM,Millions of passenger-kilometres,INTL,International transport,EE,Estonia,2024,0,
MIO_PKM,Millions of passenger-kilometres,INTL,International transport,EL,Greece,2004,33,
MIO_PKM,Millions of passenger-kilometres,INTL,International transport,EL,Greece,2005,50,
MIO_PKM,Millions of passenger-kilometres,INTL,International transport,EL,Greece,2006,63,
MIO_PKM,Millions of passenger-kilometres,INTL,International transport,EL,Greece,2007,77,
MIO_PKM,Millions of passenger-kilometres,INTL,International transport,EL,Greece,2008,59,
MIO_PKM,Millions of passenger-kilometres,INTL,International transport,EL,Greece,2009,53,
MIO_PKM,Millions of passenger-kilometres,INTL,International transport,EL,Greece,2010,46,
MIO_PKM,Millions of passenger-kilometres,INTL,International transport,EL,Greece,2011,4,
MIO_PKM,Millions of passenger-kilometres,INTL,International transport,EL,Greece,2012,0,
MIO_PKM,Millions of passenger-kilometres,INTL,International transport,EL,Greece,2013,0,
MIO_PKM,Millions of passenger-kilometres,INTL,International transport,EL,Greece,2014,3,
MIO_PKM,Millions of passenger-kilometres,INTL,International transport,EL,Greece,2015,7,
MIO_PKM,Millions of passenger-kilometres,INTL,International transport,EL,Greece,2016,2,
MIO_PKM,Millions of passenger-kilometres,INTL,International transport,EL,Greece,2017,3,
MIO_PKM,Millions of passenger-kilometres,INTL,International transport,EL,Greece,2018,2,
MIO_PKM,Millions of passenger-kilometres,INTL,International transport,EL,Greece,2019,1,
MIO_PKM,Millions of passenger-kilometres,INTL,International transport,EL,Greece,2020,0,
MIO_PKM,Millions of passenger-kilometres,INTL,International transport,EL,Greece,2021,0,
MIO_PKM,Millions of passenger-kilometres,INTL,International transport,EL,Greece,2022,0,
MIO_PKM,Millions of passenger-kilometres,INTL,International transport,EL,Greece,2023,0,
MIO_PKM,Millions of passenger-kilometres,INTL,International transport,EL,Greece,2024,0,
MIO_PKM,Millions of passenger-kilometres,INTL,International transport,ES,Spain,2004,261,
MIO_PKM,Millions of passenger-kilometres,INTL,International transport,ES,Spain,2005,261,
MIO_PKM,Millions of passenger-kilometres,INTL,International transport,ES,Spain,2006,211,
MIO_PKM,Millions of passenger-kilometres,INTL,International transport,ES,Spain,2007,223,
MIO_PKM,Millions of passenger-kilometres,INTL,International transport,ES,Spain,2008,221,
MIO_PKM,Millions of passenger-kilometres,INTL,International transport,ES,Spain,2009,206,
MIO_PKM,Millions of passenger-kilometres,INTL,International transport,ES,Spain,2010,194,
MIO_PKM,Millions of passenger-kilometres,INTL,International transport,ES,Spain,2011,167,
MIO_PKM,Millions of passenger-kilometres,INTL,International transport,ES,Spain,2012,147,
MIO_PKM,Millions of passenger-kilometres,INTL,International transport,ES,Spain,2013,133,
MIO_PKM,Millions of passenger-kilometres,INTL,International transport,ES,Spain,2014,177,
MIO_PKM,Millions of passenger-kilometres,INTL,International transport,ES,Spain,2015,190,
MIO_PKM,Millions of passenger-kilometres,INTL,International transport,ES,Spain,2016,183,
MIO_PKM,Millions of passenger-kilometres,INTL,International transport,ES,Spain,2017,634,
MIO_PKM,Millions of passenger-kilometres,INTL,International transport,ES,Spain,2018,657,
MIO_PKM,Millions of passenger-kilometres,INTL,International transport,ES,Spain,2019,661,
MIO_PKM,Millions of passenger-kilometres,INTL,International transport,ES,Spain,2020,164,
MIO_PKM,Millions of passenger-kilometres,INTL,International transport,ES,Spain,2021,223,
MIO_PKM,Millions of passenger-kilometres,INTL,International transport,ES,Spain,2022,476,
MIO_PKM,Millions of passenger-kilometres,INTL,International transport,ES,Spain,2023,247,
MIO_PKM,Millions of passenger-kilometres,INTL,International transport,ES,Spain,2024,466,
MIO_PKM,Millions of passenger-kilometres,INTL,International transport,ES,Spain,2025,850,
MIO_PKM,Millions of passenger-kilometres,INTL,International transport,EU27_2007,European Union - 27 countries (2007-2013),2006,21159,
MIO_PKM,Millions of passenger-kilometres,INTL,International transport,EU27_2007,European Union - 27 countries (2007-2013),2007,20353,
MIO_PKM,Millions of passenger-kilometres,INTL,International transport,EU27_2020,European Union - 27 countries (from 2020),2006,19698,
MIO_PKM,Millions of passenger-kilometres,INTL,International transport,EU27_2020,European Union - 27 countries (from 2020),2007,18823,
MIO_PKM,Millions of passenger-kilometres,INTL,International transport,EU28,European Union - 28 countries (2013-2020),2006,21224,
MIO_PKM,Millions of passenger-kilometres,INTL,International transport,EU28,European Union - 28 countries (2013-2020),2007,20418,
MIO_PKM,Millions of passenger-kilometres,INTL,International transport,FI,Finland,2004,72,
MIO_PKM,Millions of passenger-kilometres,INTL,International transport,FI,Finland,2005,76,
MIO_PKM,Millions of passenger-kilometres,INTL,International transport,FI,Finland,2006,93,
MIO_PKM,Millions of passenger-kilometres,INTL,International transport,FI,Finland,2007,103,
MIO_PKM,Millions of passenger-kilometres,INTL,International transport,FI,Finland,2008,112,
MIO_PKM,Millions of passenger-kilometres,INTL,International transport,FI,Finland,2009,91,
MIO_PKM,Millions of passenger-kilometres,INTL,International transport,FI,Finland,2010,90,
MIO_PKM,Millions of passenger-kilometres,INTL,International transport,FI,Finland,2011,115,
MIO_PKM,Millions of passenger-kilometres,INTL,International transport,FI,Finland,2012,128,
MIO_PKM,Millions of passenger-kilometres,INTL,International transport,FI,Finland,2013,155,
MIO_PKM,Millions of passenger-kilometres,INTL,International transport,FI,Finland,2014,134,
MIO_PKM,Millions of passenger-kilometres,INTL,International transport,FI,Finland,2015,111,
MIO_PKM,Millions of passenger-kilometres,INTL,International transport,FI,Finland,2016,117,
MIO_PKM,Millions of passenger-kilometres,INTL,International transport,FI,Finland,2017,142,
MIO_PKM,Millions of passenger-kilometres,INTL,International transport,FI,Finland,2018,143,
MIO_PKM,Millions of passenger-kilometres,INTL,International transport,FI,Finland,2019,165,
MIO_PKM,Millions of passenger-kilometres,INTL,International transport,FI,Finland,2020,31,
MIO_PKM,Millions of passenger-kilometres,INTL,International transport,FI,Finland,2021,1,
MIO_PKM,Millions of passenger-kilometres,INTL,International transport,FI,Finland,2022,8,
MIO_PKM,Millions of passenger-kilometres,INTL,International transport,FI,Finland,2023,0,
MIO_PKM,Millions of passenger-kilometres,INTL,International transport,FI,Finland,2024,0,
MIO_PKM,Millions of passenger-kilometres,INTL,International transport,FR,France,2004,7777,
MIO_PKM,Millions of passenger-kilometres,INTL,International transport,FR,France,2005,7818,
MIO_PKM,Millions of passenger-kilometres,INTL,International transport,FR,France,2006,7450,
MIO_PKM,Millions of passenger-kilometres,INTL,International transport,FR,France,2007,7488,
MIO_PKM,Millions of passenger-kilometres,INTL,International transport,FR,France,2008,7546,
MIO_PKM,Millions of passenger-kilometres,INTL,International transport,FR,France,2009,9983,
MIO_PKM,Millions of passenger-kilometres,INTL,International transport,FR,France,2011,10335,
MIO_PKM,Millions of passenger-kilometres,INTL,International transport,FR,France,2012,10698,
MIO_PKM,Millions of passenger-kilometres,INTL,International transport,FR,France,2013,10827,
MIO_PKM,Millions of passenger-kilometres,INTL,International transport,FR,France,2014,10810,
MIO_PKM,Millions of passenger-kilometres,INTL,International transport,FR,France,2015,9780,
MIO_PKM,Millions of passenger-kilometres,INTL,International transport,FR,France,2016,7652,
MIO_PKM,Millions of passenger-kilometres,INTL,International transport,FR,France,2017,7886,
MIO_PKM,Millions of passenger-kilometres,INTL,International transport,FR,France,2018,7927,
MIO_PKM,Millions of passenger-kilometres,INTL,International transport,FR,France,2019,8143,
MIO_PKM,Millions of passenger-kilometres,INTL,International transport,FR,France,2020,2630,
MIO_PKM,Millions of passenger-kilometres,INTL,International transport,FR,France,2021,2952,
MIO_PKM,Millions of passenger-kilometres,INTL,International transport,FR,France,2022,7320,
MIO_PKM,Millions of passenger-kilometres,INTL,International transport,FR,France,2023,8561,
MIO_PKM,Millions of passenger-kilometres,INTL,International transport,FR,France,2024,8401,
MIO_PKM,Millions of passenger-kilometres,INTL,International transport,HR,Croatia,2004,69,
MIO_PKM,Millions of passenger-kilometres,INTL,International transport,HR,Croatia,2005,66,
MIO_PKM,Millions of passenger-kilometres,INTL,International transport,HR,Croatia,2006,65,
MIO_PKM,Millions of passenger-kilometres,INTL,International transport,HR,Croatia,2007,65,
MIO_PKM,Millions of passenger-kilometres,INTL,International transport,HR,Croatia,2008,66,
MIO_PKM,Millions of passenger-kilometres,INTL,International transport,HR,Croatia,2009,58,
MIO_PKM,Millions of passenger-kilometres,INTL,International transport,HR,Croatia,2010,51,
MIO_PKM,Millions of passenger-kilometres,INTL,International transport,HR,Croatia,2011,52,
MIO_PKM,Millions of passenger-kilometres,INTL,International transport,HR,Croatia,2012,51,
MIO_PKM,Millions of passenger-kilometres,INTL,International transport,HR,Croatia,2013,36,
MIO_PKM,Millions of passenger-kilometres,INTL,International transport,HR,Croatia,2014,33,
MIO_PKM,Millions of passenger-kilometres,INTL,International transport,HR,Croatia,2015,30,
MIO_PKM,Millions of passenger-kilometres,INTL,International transport,HR,Croatia,2016,27,
MIO_PKM,Millions of passenger-kilometres,INTL,International transport,HR,Croatia,2017,23,
MIO_PKM,Millions of passenger-kilometres,INTL,International transport,HR,Croatia,2018,21,
MIO_PKM,Millions of passenger-kilometres,INTL,International transport,HR,Croatia,2019,21,
MIO_PKM,Millions of passenger-kilometres,INTL,International transport,HR,Croatia,2020,5,
MIO_PKM,Millions of passenger-kilometres,INTL,International transport,HR,Croatia,2021,54,
MIO_PKM,Millions of passenger-kilometres,INTL,International transport,HR,Croatia,2022,63,
MIO_PKM,Millions of passenger-kilometres,INTL,International transport,HR,Croatia,2023,34,
MIO_PKM,Millions of passenger-kilometres,INTL,International transport,HR,Croatia,2024,25,
MIO_PKM,Millions of passenger-kilometres,INTL,International transport,HR,Croatia,2025,23,
MIO_PKM,Millions of passenger-kilometres,INTL,International transport,HU,Hungary,2004,379,
MIO_PKM,Millions of passenger-kilometres,INTL,International transport,HU,Hungary,2005,374,
MIO_PKM,Millions of passenger-kilometres,INTL,International transport,HU,Hungary,2006,334,
MIO_PKM,Millions of passenger-kilometres,INTL,International transport,HU,Hungary,2007,372,
MIO_PKM,Millions of passenger-kilometres,INTL,International transport,HU,Hungary,2008,379,
MIO_PKM,Millions of passenger-kilometres,INTL,International transport,HU,Hungary,2009,321,
MIO_PKM,Millions of passenger-kilometres,INTL,International transport,HU,Hungary,2010,336,
MIO_PKM,Millions of passenger-kilometres,INTL,International transport,HU,Hungary,2011,365,
MIO_PKM,Millions of passenger-kilometres,INTL,International transport,HU,Hungary,2012,411,
MIO_PKM,Millions of passenger-kilometres,INTL,International transport,HU,Hungary,2013,364,
MIO_PKM,Millions of passenger-kilometres,INTL,International transport,HU,Hungary,2014,345,
MIO_PKM,Millions of passenger-kilometres,INTL,International transport,HU,Hungary,2024,558,
MIO_PKM,Millions of passenger-kilometres,INTL,International transport,IE,Ireland,2005,127,
MIO_PKM,Millions of passenger-kilometres,INTL,International transport,IE,Ireland,2007,109,
MIO_PKM,Millions of passenger-kilometres,INTL,International transport,IE,Ireland,2008,104,
MIO_PKM,Millions of passenger-kilometres,INTL,International transport,IE,Ireland,2010,131,
MIO_PKM,Millions of passenger-kilometres,INTL,International transport,IE,Ireland,2011,32,
MIO_PKM,Millions of passenger-kilometres,INTL,International transport,IE,Ireland,2012,29,
MIO_PKM,Millions of passenger-kilometres,INTL,International transport,IE,Ireland,2013,96,
MIO_PKM,Millions of passenger-kilometres,INTL,International transport,IE,Ireland,2014,33,
MIO_PKM,Millions of passenger-kilometres,INTL,International transport,IE,Ireland,2015,57,
MIO_PKM,Millions of passenger-kilometres,INTL,International transport,IE,Ireland,2016,63,
MIO_PKM,Millions of passenger-kilometres,INTL,International transport,IE,Ireland,2017,68,
MIO_PKM,Millions of passenger-kilometres,INTL,International transport,IE,Ireland,2018,71,
MIO_PKM,Millions of passenger-kilometres,INTL,International transport,IE,Ireland,2019,68,
MIO_PKM,Millions of passenger-kilometres,INTL,International transport,IE,Ireland,2020,21,
MIO_PKM,Millions of passenger-kilometres,INTL,International transport,IE,Ireland,2021,43,
MIO_PKM,Millions of passenger-kilometres,INTL,International transport,IE,Ireland,2022,86,
MIO_PKM,Millions of passenger-kilometres,INTL,International transport,IE,Ireland,2023,99,
MIO_PKM,Millions of passenger-kilometres,INTL,International transport,IE,Ireland,2024,113,
MIO_PKM,Millions of passenger-kilometres,INTL,International transport,IE,Ireland,2025,159,
MIO_PKM,Millions of passenger-kilometres,INTL,International transport,IT,Italy,2004,2002,
MIO_PKM,Millions of passenger-kilometres,INTL,International transport,IT,Italy,2005,2255,
MIO_PKM,Millions of passenger-kilometres,INTL,International transport,IT,Italy,2006,2726,
MIO_PKM,Millions of passenger-kilometres,INTL,International transport,IT,Italy,2007,1278,
MIO_PKM,Millions of passenger-kilometres,INTL,International transport,IT,Italy,2008,1059,
MIO_PKM,Millions of passenger-kilometres,INTL,International transport,IT,Italy,2009,1107,
MIO_PKM,Millions of passenger-kilometres,INTL,International transport,IT,Italy,2010,863,
MIO_PKM,Millions of passenger-kilometres,INTL,International transport,IT,Italy,2011,1029,
MIO_PKM,Millions of passenger-kilometres,INTL,International transport,IT,Italy,2012,735,
MIO_PKM,Millions of passenger-kilometres,INTL,International transport,IT,Italy,2013,806,
MIO_PKM,Millions of passenger-kilometres,INTL,International transport,IT,Italy,2014,711,
MIO_PKM,Millions of passenger-kilometres,INTL,International transport,IT,Italy,2015,621,
MIO_PKM,Millions of passenger-kilometres,INTL,International transport,IT,Italy,2016,584,
MIO_PKM,Millions of passenger-kilometres,INTL,International transport,IT,Italy,2017,653,
MIO_PKM,Millions of passenger-kilometres,INTL,International transport,IT,Italy,2018,652,
MIO_PKM,Millions of passenger-kilometres,INTL,International transport,IT,Italy,2019,668,
MIO_PKM,Millions of passenger-kilometres,INTL,International transport,IT,Italy,2020,189,
MIO_PKM,Millions of passenger-kilometres,INTL,International transport,IT,Italy,2021,347,
MIO_PKM,Millions of passenger-kilometres,INTL,International transport,IT,Italy,2022,758,
MIO_PKM,Millions of passenger-kilometres,INTL,International transport,IT,Italy,2023,736,
MIO_PKM,Millions of passenger-kilometres,INTL,International transport,IT,Italy,2024,620,
MIO_PKM,Millions of passenger-kilometres,INTL,International transport,LT,Lithuania,2004,21,
MIO_PKM,Millions of passenger-kilometres,INTL,International transport,LT,Lithuania,2005,21,
MIO_PKM,Millions of passenger-kilometres,INTL,International transport,LT,Lithuania,2006,22,
MIO_PKM,Millions of passenger-kilometres,INTL,International transport,LT,Lithuania,2007,24,
MIO_PKM,Millions of passenger-kilometres,INTL,International transport,LT,Lithuania,2008,22,
MIO_PKM,Millions of passenger-kilometres,INTL,International transport,LT,Lithuania,2009,18,
MIO_PKM,Millions of passenger-kilometres,INTL,International transport,LT,Lithuania,2010,18,
MIO_PKM,Millions of passenger-kilometres,INTL,International transport,LT,Lithuania,2011,21,
MIO_PKM,Millions of passenger-kilometres,INTL,International transport,LT,Lithuania,2012,24,
MIO_PKM,Millions of passenger-kilometres,INTL,International transport,LT,Lithuania,2013,26,
MIO_PKM,Millions of passenger-kilometres,INTL,International transport,LT,Lithuania,2014,20,
MIO_PKM,Millions of passenger-kilometres,INTL,International transport,LT,Lithuania,2015,14,
MIO_PKM,Millions of passenger-kilometres,INTL,International transport,LT,Lithuania,2016,13,
MIO_PKM,Millions of passenger-kilometres,INTL,International transport,LT,Lithuania,2017,12,
MIO_PKM,Millions of passenger-kilometres,INTL,International transport,LT,Lithuania,2018,15,
MIO_PKM,Millions of passenger-kilometres,INTL,International transport,LT,Lithuania,2019,18,
MIO_PKM,Millions of passenger-kilometres,INTL,International transport,LT,Lithuania,2020,3,
MIO_PKM,Millions of passenger-kilometres,INTL,International transport,LT,Lithuania,2021,0,
MIO_PKM,Millions of passenger-kilometres,INTL,International transport,LT,Lithuania,2022,0,
MIO_PKM,Millions of passenger-kilometres,INTL,International transport,LT,Lithuania,2023,7,
MIO_PKM,Millions of passenger-kilometres,INTL,International transport,LT,Lithuania,2024,21,
MIO_PKM,Millions of passenger-kilometres,INTL,International transport,LT,Lithuania,2025,23,
MIO_PKM,Millions of passenger-kilometres,INTL,International transport,LU,Luxembourg,2004,62,
MIO_PKM,Millions of passenger-kilometres,INTL,International transport,LU,Luxembourg,2005,64,
MIO_PKM,Millions of passenger-kilometres,INTL,International transport,LU,Luxembourg,2006,79,
MIO_PKM,Millions of passenger-kilometres,INTL,International transport,LU,Luxembourg,2007,84,
MIO_PKM,Millions of passenger-kilometres,INTL,International transport,LU,Luxembourg,2008,99,
MIO_PKM,Millions of passenger-kilometres,INTL,International transport,LU,Luxembourg,2010,101,
MIO_PKM,Millions of passenger-kilometres,INTL,International transport,LU,Luxembourg,2011,103,
MIO_PKM,Millions of passenger-kilometres,INTL,International transport,LU,Luxembourg,2012,103,
MIO_PKM,Millions of passenger-kilometres,INTL,International transport,LU,Luxembourg,2013,112,
MIO_PKM,Millions of passenger-kilometres,INTL,International transport,LU,Luxembourg,2014,100,
MIO_PKM,Millions of passenger-kilometres,INTL,International transport,LU,Luxembourg,2015,116,
MIO_PKM,Millions of passenger-kilometres,INTL,International transport,LU,Luxembourg,2016,125,
MIO_PKM,Millions of passenger-kilometres,INTL,International transport,LU,Luxembourg,2017,131,
MIO_PKM,Millions of passenger-kilometres,INTL,International transport,LU,Luxembourg,2018,129,
MIO_PKM,Millions of passenger-kilometres,INTL,International transport,LU,Luxembourg,2019,149,
MIO_PKM,Millions of passenger-kilometres,INTL,International transport,LU,Luxembourg,2020,82,
MIO_PKM,Millions of passenger-kilometres,INTL,International transport,LU,Luxembourg,2021,86,
MIO_PKM,Millions of passenger-kilometres,INTL,International transport,LU,Luxembourg,2022,119,
MIO_PKM,Millions of passenger-kilometres,INTL,International transport,LU,Luxembourg,2023,182,
MIO_PKM,Millions of passenger-kilometres,INTL,International transport,LU,Luxembourg,2024,203,
MIO_PKM,Millions of passenger-kilometres,INTL,International transport,LV,Latvia,2004,83,
MIO_PKM,Millions of passenger-kilometres,INTL,International transport,LV,Latvia,2005,89,
MIO_PKM,Millions of passenger-kilometres,INTL,International transport,LV,Latvia,2006,93,
MIO_PKM,Millions of passenger-kilometres,INTL,International transport,LV,Latvia,2007,86,
MIO_PKM,Millions of passenger-kilometres,INTL,International transport,LV,Latvia,2008,76,
MIO_PKM,Millions of passenger-kilometres,INTL,International transport,LV,Latvia,2009,62,
MIO_PKM,Millions of passenger-kilometres,INTL,International transport,LV,Latvia,2010,71,
MIO_PKM,Millions of passenger-kilometres,INTL,International transport,LV,Latvia,2011,71,
MIO_PKM,Millions of passenger-kilometres,INTL,International transport,LV,Latvia,2012,77,
MIO_PKM,Millions of passenger-kilometres,INTL,International transport,LV,Latvia,2013,81,
MIO_PKM,Millions of passenger-kilometres,INTL,International transport,LV,Latvia,2014,66,
MIO_PKM,Millions of passenger-kilometres,INTL,International transport,LV,Latvia,2015,46,
MIO_PKM,Millions of passenger-kilometres,INTL,International transport,LV,Latvia,2016,39,
MIO_PKM,Millions of passenger-kilometres,INTL,International transport,LV,Latvia,2017,41,
MIO_PKM,Millions of passenger-kilometres,INTL,International transport,LV,Latvia,2018,40,
MIO_PKM,Millions of passenger-kilometres,INTL,International transport,LV,Latvia,2019,39,
MIO_PKM,Millions of passenger-kilometres,INTL,International transport,LV,Latvia,2020,4,
MIO_PKM,Millions of passenger-kilometres,INTL,International transport,LV,Latvia,2021,0,
MIO_PKM,Millions of passenger-kilometres,INTL,International transport,LV,Latvia,2022,0,
MIO_PKM,Millions of passenger-kilometres,INTL,International transport,LV,Latvia,2023,0,
MIO_PKM,Millions of passenger-kilometres,INTL,International transport,LV,Latvia,2024,5,
MIO_PKM,Millions of passenger-kilometres,INTL,International transport,LV,Latvia,2025,5,
MIO_PKM,Millions of passenger-kilometres,INTL,International transport,MK,North Macedonia,2009,2,
MIO_PKM,Millions of passenger-kilometres,INTL,International transport,MK,North Macedonia,2010,2,
MIO_PKM,Millions of passenger-kilometres,INTL,International transport,MK,North Macedonia,2011,1,
MIO_PKM,Millions of passenger-kilometres,INTL,International transport,MK,North Macedonia,2012,1,
MIO_PKM,Millions of passenger-kilometres,INTL,International transport,MK,North Macedonia,2013,1,
MIO_PKM,Millions of passenger-kilometres,INTL,International transport,MK,North Macedonia,2014,1,
MIO_PKM,Millions of passenger-kilometres,INTL,International transport,MK,North Macedonia,2015,1,
MIO_PKM,Millions of passenger-kilometres,INTL,International transport,MK,North Macedonia,2016,0,
MIO_PKM,Millions of passenger-kilometres,INTL,International transport,MK,North Macedonia,2017,0,
MIO_PKM,Millions of passenger-kilometres,INTL,International transport,MK,North Macedonia,2018,0,
MIO_PKM,Millions of passenger-kilometres,INTL,International transport,MK,North Macedonia,2019,0,
MIO_PKM,Millions of passenger-kilometres,INTL,International transport,MK,North Macedonia,2020,0,
MIO_PKM,Millions of passenger-kilometres,INTL,International transport,MK,North Macedonia,2021,0,
MIO_PKM,Millions of passenger-kilometres,INTL,International transport,MK,North Macedonia,2022,0,
MIO_PKM,Millions of passenger-kilometres,INTL,International transport,MK,North Macedonia,2023,0,
MIO_PKM,Millions of passenger-kilometres,INTL,International transport,MK,North Macedonia,2024,0,
MIO_PKM,Millions of passenger-kilometres,INTL,International transport,MK,North Macedonia,2025,0,
MIO_PKM,Millions of passenger-kilometres,INTL,International transport,NL,Netherlands,2004,722,
MIO_PKM,Millions of passenger-kilometres,INTL,International transport,NL,Netherlands,2005,721,
MIO_PKM,Millions of passenger-kilometres,INTL,International transport,NL,Netherlands,2006,735,
MIO_PKM,Millions of passenger-kilometres,INTL,International transport,NL,Netherlands,2007,803,
MIO_PKM,Millions of passenger-kilometres,INTL,International transport,NL,Netherlands,2024,1007,b
MIO_PKM,Millions of passenger-kilometres,INTL,International transport,NL,Netherlands,2025,1083,
MIO_PKM,Millions of passenger-kilometres,INTL,International transport,NO,Norway,2005,39,
MIO_PKM,Millions of passenger-kilometres,INTL,International transport,NO,Norway,2006,41,
MIO_PKM,Millions of passenger-kilometres,INTL,International transport,NO,Norway,2007,21,
MIO_PKM,Millions of passenger-kilometres,INTL,International transport,NO,Norway,2008,31,
MIO_PKM,Millions of passenger-kilometres,INTL,International transport,NO,Norway,2009,30,
MIO_PKM,Millions of passenger-kilometres,INTL,International transport,NO,Norway,2010,72,
MIO_PKM,Millions of passenger-kilometres,INTL,International transport,NO,Norway,2011,60,
MIO_PKM,Millions of passenger-kilometres,INTL,International transport,NO,Norway,2012,45,
MIO_PKM,Millions of passenger-kilometres,INTL,International transport,NO,Norway,2013,45,
MIO_PKM,Millions of passenger-kilometres,INTL,International transport,NO,Norway,2014,43,
MIO_PKM,Millions of passenger-kilometres,INTL,International transport,NO,Norway,2015,45,
MIO_PKM,Millions of passenger-kilometres,INTL,International transport,NO,Norway,2016,51,
MIO_PKM,Millions of passenger-kilometres,INTL,International transport,NO,Norway,2017,56,
MIO_PKM,Millions of passenger-kilometres,INTL,International transport,NO,Norway,2018,38,
MIO_PKM,Millions of passenger-kilometres,INTL,International transport,NO,Norway,2019,39,
MIO_PKM,Millions of passenger-kilometres,INTL,International transport,NO,Norway,2020,6,
MIO_PKM,Millions of passenger-kilometres,INTL,International transport,NO,Norway,2021,1,
MIO_PKM,Millions of passenger-kilometres,INTL,International transport,NO,Norway,2022,23,
MIO_PKM,Millions of passenger-kilometres,INTL,International transport,NO,Norway,2023,37,
MIO_PKM,Millions of passenger-kilometres,INTL,International transport,NO,Norway,2024,47,
MIO_PKM,Millions of passenger-kilometres,INTL,International transport,NO,Norway,2025,51,
MIO_PKM,Millions of passenger-kilometres,INTL,International transport,PL,Poland,2004,567,
MIO_PKM,Millions of passenger-kilometres,INTL,International transport,PL,Poland,2005,552,
MIO_PKM,Millions of passenger-kilometres,INTL,International transport,PL,Poland,2006,565,
MIO_PKM,Millions of passenger-kilometres,INTL,International transport,PL,Poland,2007,573,
MIO_PKM,Millions of passenger-kilometres,INTL,International transport,PL,Poland,2008,439,
MIO_PKM,Millions of passenger-kilometres,INTL,International transport,PL,Poland,2009,352,
MIO_PKM,Millions of passenger-kilometres,INTL,International transport,PL,Poland,2010,445,
MIO_PKM,Millions of passenger-kilometres,INTL,International transport,PL,Poland,2011,530,
MIO_PKM,Millions of passenger-kilometres,INTL,International transport,PL,Poland,2012,512,
MIO_PKM,Millions of passenger-kilometres,INTL,International transport,PL,Poland,2013,482,
MIO_PKM,Millions of passenger-kilometres,INTL,International transport,PL,Poland,2014,394,
MIO_PKM,Millions of passenger-kilometres,INTL,International transport,PL,Poland,2015,306,
MIO_PKM,Millions of passenger-kilometres,INTL,International transport,PL,Poland,2016,277,
MIO_PKM,Millions of passenger-kilometres,INTL,International transport,PL,Poland,2017,298,
MIO_PKM,Millions of passenger-kilometres,INTL,International transport,PL,Poland,2018,337,
MIO_PKM,Millions of passenger-kilometres,INTL,International transport,PL,Poland,2019,346,
MIO_PKM,Millions of passenger-kilometres,INTL,International transport,PL,Poland,2020,103,
MIO_PKM,Millions of passenger-kilometres,INTL,International transport,PL,Poland,2021,138,
MIO_PKM,Millions of passenger-kilometres,INTL,International transport,PL,Poland,2022,479,
MIO_PKM,Millions of passenger-kilometres,INTL,International transport,PL,Poland,2023,712,
MIO_PKM,Millions of passenger-kilometres,INTL,International transport,PL,Poland,2024,797,
MIO_PKM,Millions of passenger-kilometres,INTL,International transport,PT,Portugal,2004,60,
MIO_PKM,Millions of passenger-kilometres,INTL,International transport,PT,Portugal,2005,57,
MIO_PKM,Millions of passenger-kilometres,INTL,International transport,PT,Portugal,2006,55,
MIO_PKM,Millions of passenger-kilometres,INTL,International transport,PT,Portugal,2007,55,
MIO_PKM,Millions of passenger-kilometres,INTL,International transport,PT,Portugal,2008,120,
MIO_PKM,Millions of passenger-kilometres,INTL,International transport,PT,Portugal,2009,97,
MIO_PKM,Millions of passenger-kilometres,INTL,International transport,PT,Portugal,2010,103,
MIO_PKM,Millions of passenger-kilometres,INTL,International transport,PT,Portugal,2011,94,
MIO_PKM,Millions of passenger-kilometres,INTL,International transport,PT,Portugal,2012,90,
MIO_PKM,Millions of passenger-kilometres,INTL,International transport,PT,Portugal,2013,102,
MIO_PKM,Millions of passenger-kilometres,INTL,International transport,PT,Portugal,2014,111,
MIO_PKM,Millions of passenger-kilometres,INTL,International transport,PT,Portugal,2015,120,
MIO_PKM,Millions of passenger-kilometres,INTL,International transport,PT,Portugal,2016,120,
MIO_PKM,Millions of passenger-kilometres,INTL,International transport,PT,Portugal,2017,124,
MIO_PKM,Millions of passenger-kilometres,INTL,International transport,PT,Portugal,2018,84,
MIO_PKM,Millions of passenger-kilometres,INTL,International transport,PT,Portugal,2019,91,
MIO_PKM,Millions of passenger-kilometres,INTL,International transport,PT,Portugal,2020,11,
MIO_PKM,Millions of passenger-kilometres,INTL,International transport,PT,Portugal,2021,5,
MIO_PKM,Millions of passenger-kilometres,INTL,International transport,PT,Portugal,2022,17,
MIO_PKM,Millions of passenger-kilometres,INTL,International transport,PT,Portugal,2023,17,
MIO_PKM,Millions of passenger-kilometres,INTL,International transport,PT,Portugal,2024,17,
MIO_PKM,Millions of passenger-kilometres,INTL,International transport,RO,Romania,2004,158,
MIO_PKM,Millions of passenger-kilometres,INTL,International transport,RO,Romania,2005,144,
MIO_PKM,Millions of passenger-kilometres,INTL,International transport,RO,Romania,2006,164,
MIO_PKM,Millions of passenger-kilometres,INTL,International transport,RO,Romania,2007,146,
MIO_PKM,Millions of passenger-kilometres,INTL,International transport,RO,Romania,2008,152,
MIO_PKM,Millions of passenger-kilometres,INTL,International transport,RO,Romania,2009,133,
MIO_PKM,Millions of passenger-kilometres,INTL,International transport,RO,Romania,2010,129,
MIO_PKM,Millions of passenger-kilometres,INTL,International transport,RO,Romania,2011,47,
MIO_PKM,Millions of passenger-kilometres,INTL,International transport,RO,Romania,2012,44,
MIO_PKM,Millions of passenger-kilometres,INTL,International transport,RO,Romania,2013,49,
MIO_PKM,Millions of passenger-kilometres,INTL,International transport,RO,Romania,2014,46,
MIO_PKM,Millions of passenger-kilometres,INTL,International transport,RO,Romania,2015,41,
MIO_PKM,Millions of passenger-kilometres,INTL,International transport,RO,Romania,2016,35,
MIO_PKM,Millions of passenger-kilometres,INTL,International transport,RO,Romania,2017,34,
MIO_PKM,Millions of passenger-kilometres,INTL,International transport,RO,Romania,2018,34,
MIO_PKM,Millions of passenger-kilometres,INTL,International transport,RO,Romania,2019,40,
MIO_PKM,Millions of passenger-kilometres,INTL,International transport,RO,Romania,2020,20,
MIO_PKM,Millions of passenger-kilometres,INTL,International transport,RO,Romania,2021,32,
MIO_PKM,Millions of passenger-kilometres,INTL,International transport,RO,Romania,2022,93,
MIO_PKM,Millions of passenger-kilometres,INTL,International transport,RO,Romania,2023,95,
MIO_PKM,Millions of passenger-kilometres,INTL,International transport,RO,Romania,2024,83,
MIO_PKM,Millions of passenger-kilometres,INTL,International transport,RO,Romania,2025,71,
MIO_PKM,Millions of passenger-kilometres,INTL,International transport,SE,Sweden,2004,621,
MIO_PKM,Millions of passenger-kilometres,INTL,International transport,SE,Sweden,2005,571,
MIO_PKM,Millions of passenger-kilometres,INTL,International transport,SE,Sweden,2006,580,
MIO_PKM,Millions of passenger-kilometres,INTL,International transport,SE,Sweden,2007,494,
MIO_PKM,Millions of passenger-kilometres,INTL,International transport,SE,Sweden,2008,537,
MIO_PKM,Millions of passenger-kilometres,INTL,International transport,SE,Sweden,2009,615,
MIO_PKM,Millions of passenger-kilometres,INTL,International transport,SE,Sweden,2010,538,
MIO_PKM,Millions of passenger-kilometres,INTL,International transport,SE,Sweden,2011,551,
MIO_PKM,Millions of passenger-kilometres,INTL,International transport,SE,Sweden,2012,462,
MIO_PKM,Millions of passenger-kilometres,INTL,International transport,SE,Sweden,2013,483,
MIO_PKM,Millions of passenger-kilometres,INTL,International transport,SE,Sweden,2014,492,
MIO_PKM,Millions of passenger-kilometres,INTL,International transport,SE,Sweden,2015,529,
MIO_PKM,Millions of passenger-kilometres,INTL,International transport,SE,Sweden,2016,467,
MIO_PKM,Millions of passenger-kilometres,INTL,International transport,SE,Sweden,2017,591,
MIO_PKM,Millions of passenger-kilometres,INTL,International transport,SE,Sweden,2018,489,
MIO_PKM,Millions of passenger-kilometres,INTL,International transport,SE,Sweden,2019,619,
MIO_PKM,Millions of passenger-kilometres,INTL,International transport,SE,Sweden,2020,156,
MIO_PKM,Millions of passenger-kilometres,INTL,International transport,SE,Sweden,2021,164,
MIO_PKM,Millions of passenger-kilometres,INTL,International transport,SE,Sweden,2022,525,
MIO_PKM,Millions of passenger-kilometres,INTL,International transport,SE,Sweden,2023,672,
MIO_PKM,Millions of passenger-kilometres,INTL,International transport,SE,Sweden,2024,737,
MIO_PKM,Millions of passenger-kilometres,INTL,International transport,SE,Sweden,2025,780,
MIO_PKM,Millions of passenger-kilometres,INTL,International transport,SI,Slovenia,2004,47,
MIO_PKM,Millions of passenger-kilometres,INTL,International transport,SI,Slovenia,2005,50,
MIO_PKM,Millions of passenger-kilometres,INTL,International transport,SI,Slovenia,2006,48,
MIO_PKM,Millions of passenger-kilometres,INTL,International transport,SI,Slovenia,2007,49,
MIO_PKM,Millions of passenger-kilometres,INTL,International transport,SI,Slovenia,2008,53,
MIO_PKM,Millions of passenger-kilometres,INTL,International transport,SI,Slovenia,2009,55,
MIO_PKM,Millions of passenger-kilometres,INTL,International transport,SI,Slovenia,2010,50,
MIO_PKM,Millions of passenger-kilometres,INTL,International transport,SI,Slovenia,2011,48,
MIO_PKM,Millions of passenger-kilometres,INTL,International transport,SI,Slovenia,2012,45,
MIO_PKM,Millions of passenger-kilometres,INTL,International transport,SI,Slovenia,2013,43,
MIO_PKM,Millions of passenger-kilometres,INTL,International transport,SI,Slovenia,2014,38,
MIO_PKM,Millions of passenger-kilometres,INTL,International transport,SI,Slovenia,2015,34,
MIO_PKM,Millions of passenger-kilometres,INTL,International transport,SI,Slovenia,2016,46,
MIO_PKM,Millions of passenger-kilometres,INTL,International transport,SI,Slovenia,2017,45,
MIO_PKM,Millions of passenger-kilometres,INTL,International transport,SI,Slovenia,2018,45,
MIO_PKM,Millions of passenger-kilometres,INTL,International transport,SI,Slovenia,2019,41,
MIO_PKM,Millions of passenger-kilometres,INTL,International transport,SI,Slovenia,2020,13,
MIO_PKM,Millions of passenger-kilometres,INTL,International transport,SI,Slovenia,2021,13,
MIO_PKM,Millions of passenger-kilometres,INTL,International transport,SI,Slovenia,2022,32,
MIO_PKM,Millions of passenger-kilometres,INTL,International transport,SI,Slovenia,2023,40,
MIO_PKM,Millions of passenger-kilometres,INTL,International transport,SI,Slovenia,2024,44,
MIO_PKM,Millions of passenger-kilometres,INTL,International transport,SI,Slovenia,2025,41,
MIO_PKM,Millions of passenger-kilometres,INTL,International transport,SK,Slovakia,2004,129,
MIO_PKM,Millions of passenger-kilometres,INTL,International transport,SK,Slovakia,2005,143,
MIO_PKM,Millions of passenger-kilometres,INTL,International transport,SK,Slovakia,2006,170,
MIO_PKM,Millions of passenger-kilometres,INTL,International transport,SK,Slovakia,2007,195,
MIO_PKM,Millions of passenger-kilometres,INTL,International transport,SK,Slovakia,2008,202,
MIO_PKM,Millions of passenger-kilometres,INTL,International transport,SK,Slovakia,2009,185,
MIO_PKM,Millions of passenger-kilometres,INTL,International transport,SK,Slovakia,2010,188,
MIO_PKM,Millions of passenger-kilometres,INTL,International transport,SK,Slovakia,2011,209,
MIO_PKM,Millions of passenger-kilometres,INTL,International transport,SK,Slovakia,2012,216,
MIO_PKM,Millions of passenger-kilometres,INTL,International transport,SK,Slovakia,2013,230,
MIO_PKM,Millions of passenger-kilometres,INTL,International transport,SK,Slovakia,2014,234,
MIO_PKM,Millions of passenger-kilometres,INTL,International transport,SK,Slovakia,2015,203,
MIO_PKM,Millions of passenger-kilometres,INTL,International transport,SK,Slovakia,2016,101,
MIO_PKM,Millions of passenger-kilometres,INTL,International transport,SK,Slovakia,2017,105,
MIO_PKM,Millions of passenger-kilometres,INTL,International transport,SK,Slovakia,2018,108,
MIO_PKM,Millions of passenger-kilometres,INTL,International transport,SK,Slovakia,2019,111,
MIO_PKM,Millions of passenger-kilometres,INTL,International transport,SK,Slovakia,2020,38,
MIO_PKM,Millions of passenger-kilometres,INTL,International transport,SK,Slovakia,2021,122,
MIO_PKM,Millions of passenger-kilometres,INTL,International transport,SK,Slovakia,2022,214,
MIO_PKM,Millions of passenger-kilometres,INTL,International transport,SK,Slovakia,2023,243,
MIO_PKM,Millions of passenger-kilometres,INTL,International transport,SK,Slovakia,2024,251,
MIO_PKM,Millions of passenger-kilometres,INTL,International transport,SK,Slovakia,2025,253,
MIO_PKM,Millions of passenger-kilometres,INTL,International transport,TR,Türkiye,2004,65,
MIO_PKM,Millions of passenger-kilometres,INTL,International transport,TR,Türkiye,2005,59,
MIO_PKM,Millions of passenger-kilometres,INTL,International transport,TR,Türkiye,2006,76,
MIO_PKM,Millions of passenger-kilometres,INTL,International transport,TR,Türkiye,2007,81,
MIO_PKM,Millions of passenger-kilometres,INTL,International transport,TR,Türkiye,2008,98,
MIO_PKM,Millions of passenger-kilometres,INTL,International transport,TR,Türkiye,2009,103,
MIO_PKM,Millions of passenger-kilometres,INTL,International transport,TR,Türkiye,2010,113,
MIO_PKM,Millions of passenger-kilometres,INTL,International transport,TR,Türkiye,2011,80,
MIO_PKM,Millions of passenger-kilometres,INTL,International transport,TR,Türkiye,2012,57,
MIO_PKM,Millions of passenger-kilometres,INTL,International transport,TR,Türkiye,2013,44,
MIO_PKM,Millions of passenger-kilometres,INTL,International transport,TR,Türkiye,2014,70,
MIO_PKM,Millions of passenger-kilometres,INTL,International transport,TR,Türkiye,2015,49,
MIO_PKM,Millions of passenger-kilometres,INTL,International transport,TR,Türkiye,2016,55,
MIO_PKM,Millions of passenger-kilometres,INTL,International transport,TR,Türkiye,2017,39,
MIO_PKM,Millions of passenger-kilometres,INTL,International transport,TR,Türkiye,2018,61,
MIO_PKM,Millions of passenger-kilometres,INTL,International transport,TR,Türkiye,2019,71,
MIO_PKM,Millions of passenger-kilometres,INTL,International transport,TR,Türkiye,2020,42,
MIO_PKM,Millions of passenger-kilometres,INTL,International transport,TR,Türkiye,2021,0,
MIO_PKM,Millions of passenger-kilometres,INTL,International transport,TR,Türkiye,2022,188,
MIO_PKM,Millions of passenger-kilometres,INTL,International transport,TR,Türkiye,2023,224,
MIO_PKM,Millions of passenger-kilometres,INTL,International transport,TR,Türkiye,2024,206,
MIO_PKM,Millions of passenger-kilometres,INTL,International transport,UK,United Kingdom,2004,1444,
MIO_PKM,Millions of passenger-kilometres,INTL,International transport,UK,United Kingdom,2005,1485,
MIO_PKM,Millions of passenger-kilometres,INTL,International transport,UK,United Kingdom,2006,1526,
MIO_PKM,Millions of passenger-kilometres,INTL,International transport,UK,United Kingdom,2007,1595,
MIO_PKM,Millions of passenger-kilometres,INTL,International transport,UK,United Kingdom,2008,1654,
MIO_PKM,Millions of passenger-kilometres,INTL,International transport,UK,United Kingdom,2009,1641,
MIO_PKM,Millions of passenger-kilometres,INTL,International transport,UK,United Kingdom,2010,1720,
MIO_PKM,Millions of passenger-kilometres,INTL,International transport,UK,United Kingdom,2011,1754,
MIO_PKM,Millions of passenger-kilometres,INTL,International transport,UK,United Kingdom,2012,1813,
MIO_PKM,Millions of passenger-kilometres,INTL,International transport,UK,United Kingdom,2013,1861,
MIO_PKM,Millions of passenger-kilometres,INTL,International transport,UK,United Kingdom,2014,1905,
MIO_PKM,Millions of passenger-kilometres,INTL,International transport,UK,United Kingdom,2015,1893,
MIO_PKM,Millions of passenger-kilometres,INTL,International transport,UK,United Kingdom,2016,1837,
MIO_PKM,Millions of passenger-kilometres,INTL,International transport,UK,United Kingdom,2017,1872,
MIO_PKM,Millions of passenger-kilometres,INTL,International transport,UK,United Kingdom,2018,1970,
MIO_PKM,Millions of passenger-kilometres,INTL,International transport,UK,United Kingdom,2019,1976,
MIO_PKM,Millions of passenger-kilometres,NAT,National transport,AT,Austria,2004,6760,
MIO_PKM,Millions of passenger-kilometres,NAT,National transport,AT,Austria,2005,6948,
MIO_PKM,Millions of passenger-kilometres,NAT,National transport,AT,Austria,2006,7051,
MIO_PKM,Millions of passenger-kilometres,NAT,National transport,AT,Austria,2007,7235,
MIO_PKM,Millions of passenger-kilometres,NAT,National transport,AT,Austria,2008,8235,
MIO_PKM,Millions of passenger-kilometres,NAT,National transport,AT,Austria,2009,8178,
MIO_PKM,Millions of passenger-kilometres,NAT,National transport,AT,Austria,2010,8257,
MIO_PKM,Millions of passenger-kilometres,NAT,National transport,AT,Austria,2011,9681,
MIO_PKM,Millions of passenger-kilometres,NAT,National transport,AT,Austria,2012,10117,
MIO_PKM,Millions of passenger-kilometres,NAT,National transport,AT,Austria,2013,10700,
MIO_PKM,Millions of passenger-kilometres,NAT,National transport,AT,Austria,2014,10881,
MIO_PKM,Millions of passenger-kilometres,NAT,National transport,AT,Austria,2015,10998,
MIO_PKM,Millions of passenger-kilometres,NAT,National transport,AT,Austria,2016,11598,
MIO_PKM,Millions of passenger-kilometres,NAT,National transport,AT,Austria,2017,11654,
MIO_PKM,Millions of passenger-kilometres,NAT,National transport,AT,Austria,2018,12226,
MIO_PKM,Millions of passenger-kilometres,NAT,National transport,AT,Austria,2019,12270,
MIO_PKM,Millions of passenger-kilometres,NAT,National transport,AT,Austria,2020,6775,
MIO_PKM,Millions of passenger-kilometres,NAT,National transport,AT,Austria,2021,7823,
MIO_PKM,Millions of passenger-kilometres,NAT,National transport,AT,Austria,2022,11774,
MIO_PKM,Millions of passenger-kilometres,NAT,National transport,AT,Austria,2023,13321,
MIO_PKM,Millions of passenger-kilometres,NAT,National transport,AT,Austria,2024,13734,
MIO_PKM,Millions of passenger-kilometres,NAT,National transport,BE,Belgium,2004,8675,
MIO_PKM,Millions of passenger-kilometres,NAT,National transport,BE,Belgium,2005,7771,
MIO_PKM,Millions of passenger-kilometres,NAT,National transport,BE,Belgium,2006,8190,
MIO_PKM,Millions of passenger-kilometres,NAT,National transport,BE,Belgium,2007,8547,
MIO_PKM,Millions of passenger-kilometres,NAT,National transport,BE,Belgium,2008,8913,
MIO_PKM,Millions of passenger-kilometres,NAT,National transport,BE,Belgium,2009,9005,
MIO_PKM,Millions of passenger-kilometres,NAT,National transport,BE,Belgium,2010,9231,
MIO_PKM,Millions of passenger-kilometres,NAT,National transport,BE,Belgium,2011,9231,
MIO_PKM,Millions of passenger-kilometres,NAT,National transport,BG,Bulgaria,2006,2366,
MIO_PKM,Millions of passenger-kilometres,NAT,National transport,BG,Bulgaria,2007,2342,
MIO_PKM,Millions of passenger-kilometres,NAT,National transport,BG,Bulgaria,2008,2264,
MIO_PKM,Millions of passenger-kilometres,NAT,National transport,BG,Bulgaria,2009,2089,
MIO_PKM,Millions of passenger-kilometres,NAT,National transport,BG,Bulgaria,2010,2045,
MIO_PKM,Millions of passenger-kilometres,NAT,National transport,BG,Bulgaria,2011,2032,
MIO_PKM,Millions of passenger-kilometres,NAT,National transport,BG,Bulgaria,2012,1848,
MIO_PKM,Millions of passenger-kilometres,NAT,National transport,BG,Bulgaria,2013,1795,
MIO_PKM,Millions of passenger-kilometres,NAT,National transport,BG,Bulgaria,2014,1683,
MIO_PKM,Millions of passenger-kilometres,NAT,National transport,BG,Bulgaria,2015,1538,
MIO_PKM,Millions of passenger-kilometres,NAT,National transport,BG,Bulgaria,2016,1441,
MIO_PKM,Millions of passenger-kilometres,NAT,National transport,BG,Bulgaria,2017,1416,
MIO_PKM,Millions of passenger-kilometres,NAT,National transport,BG,Bulgaria,2018,1457,
MIO_PKM,Millions of passenger-kilometres,NAT,National transport,BG,Bulgaria,2019,1495,
MIO_PKM,Millions of passenger-kilometres,NAT,National transport,BG,Bulgaria,2020,1112,
MIO_PKM,Millions of passenger-kilometres,NAT,National transport,BG,Bulgaria,2021,1198,
MIO_PKM,Millions of passenger-kilometres,NAT,National transport,BG,Bulgaria,2022,1568,
MIO_PKM,Millions of passenger-kilometres,NAT,National transport,BG,Bulgaria,2023,1555,
MIO_PKM,Millions of passenger-kilometres,NAT,National transport,BG,Bulgaria,2024,1468,
MIO_PKM,Millions of passenger-kilometres,NAT,National transport,BG,Bulgaria,2025,1424,
MIO_PKM,Millions of passenger-kilometres,NAT,National transport,CH,Switzerland,2008,15544,
MIO_PKM,Millions of passenger-kilometres,NAT,National transport,CH,Switzerland,2009,16344,
MIO_PKM,Millions of passenger-kilometres,NAT,National transport,CH,Switzerland,2010,16802,
MIO_PKM,Millions of passenger-kilometres,NAT,National transport,CH,Switzerland,2011,17322,
MIO_PKM,Millions of passenger-kilometres,NAT,National transport,CH,Switzerland,2012,17110,
MIO_PKM,Millions of passenger-kilometres,NAT,National transport,CH,Switzerland,2013,17314,
MIO_PKM,Millions of passenger-kilometres,NAT,National transport,CH,Switzerland,2014,17868,
MIO_PKM,Millions of passenger-kilometres,NAT,National transport,CH,Switzerland,2015,18009,
MIO_PKM,Millions of passenger-kilometres,NAT,National transport,CH,Switzerland,2016,18535,
MIO_PKM,Millions of passenger-kilometres,NAT,National transport,CH,Switzerland,2017,18533,
MIO_PKM,Millions of passenger-kilometres,NAT,National transport,CH,Switzerland,2018,18157,
MIO_PKM,Millions of passenger-kilometres,NAT,National transport,CH,Switzerland,2019,19126,
MIO_PKM,Millions of passenger-kilometres,NAT,National transport,CH,Switzerland,2020,11932,
MIO_PKM,Millions of passenger-kilometres,NAT,National transport,CH,Switzerland,2021,12755,
MIO_PKM,Millions of passenger-kilometres,NAT,National transport,CH,Switzerland,2022,16874,
MIO_PKM,Millions of passenger-kilometres,NAT,National transport,CH,Switzerland,2023,19436,
MIO_PKM,Millions of passenger-kilometres,NAT,National transport,CH,Switzerland,2024,20107,
MIO_PKM,Millions of passenger-kilometres,NAT,National transport,CZ,Czechia,2004,6212,
MIO_PKM,Millions of passenger-kilometres,NAT,National transport,CZ,Czechia,2005,6285,
MIO_PKM,Millions of passenger-kilometres,NAT,National transport,CZ,Czechia,2006,6564,
MIO_PKM,Millions of passenger-kilometres,NAT,National transport,CZ,Czechia,2007,6536,
MIO_PKM,Millions of passenger-kilometres,NAT,National transport,CZ,Czechia,2008,6324,
MIO_PKM,Millions of passenger-kilometres,NAT,National transport,CZ,Czechia,2009,6132,
MIO_PKM,Millions of passenger-kilometres,NAT,National transport,CZ,Czechia,2010,6263,
MIO_PKM,Millions of passenger-kilometres,NAT,National transport,CZ,Czechia,2011,6408,
MIO_PKM,Millions of passenger-kilometres,NAT,National transport,CZ,Czechia,2012,6793,
MIO_PKM,Millions of passenger-kilometres,NAT,National transport,CZ,Czechia,2013,6804,
MIO_PKM,Millions of passenger-kilometres,NAT,National transport,CZ,Czechia,2014,6945,
MIO_PKM,Millions of passenger-kilometres,NAT,National transport,CZ,Czechia,2015,7212,
MIO_PKM,Millions of passenger-kilometres,NAT,National transport,CZ,Czechia,2016,7509,
MIO_PKM,Millions of passenger-kilometres,NAT,National transport,CZ,Czechia,2017,7967,
MIO_PKM,Millions of passenger-kilometres,NAT,National transport,CZ,Czechia,2018,8515,
MIO_PKM,Millions of passenger-kilometres,NAT,National transport,CZ,Czechia,2019,8972,
MIO_PKM,Millions of passenger-kilometres,NAT,National transport,CZ,Czechia,2020,6085,
MIO_PKM,Millions of passenger-kilometres,NAT,National transport,CZ,Czechia,2021,6149,
MIO_PKM,Millions of passenger-kilometres,NAT,National transport,CZ,Czechia,2022,7839,
MIO_PKM,Millions of passenger-kilometres,NAT,National transport,CZ,Czechia,2023,8280,
MIO_PKM,Millions of passenger-kilometres,NAT,National transport,CZ,Czechia,2024,8455,
MIO_PKM,Millions of passenger-kilometres,NAT,National transport,DE,Germany,2004,73723,
MIO_PKM,Millions of passenger-kilometres,NAT,National transport,DE,Germany,2005,71643,
MIO_PKM,Millions of passenger-kilometres,NAT,National transport,DE,Germany,2006,75263,
MIO_PKM,Millions of passenger-kilometres,NAT,National transport,DE,Germany,2007,75511,
MIO_PKM,Millions of passenger-kilometres,NAT,National transport,DE,Germany,2008,78558,
MIO_PKM,Millions of passenger-kilometres,NAT,National transport,DE,Germany,2009,77044,
MIO_PKM,Millions of passenger-kilometres,NAT,National transport,DE,Germany,2010,78515,
MIO_PKM,Millions of passenger-kilometres,NAT,National transport,DE,Germany,2011,85035,
MIO_PKM,Millions of passenger-kilometres,NAT,National transport,DE,Germany,2012,88794,
MIO_PKM,Millions of passenger-kilometres,NAT,National transport,DE,Germany,2013,84644,
MIO_PKM,Millions of passenger-kilometres,NAT,National transport,DE,Germany,2014,85920,
MIO_PKM,Millions of passenger-kilometres,NAT,National transport,DE,Germany,2015,86196,
MIO_PKM,Millions of passenger-kilometres,NAT,National transport,DE,Germany,2016,90766,
MIO_PKM,Millions of passenger-kilometres,NAT,National transport,DE,Germany,2017,90740,
MIO_PKM,Millions of passenger-kilometres,NAT,National transport,DE,Germany,2018,93112,
MIO_PKM,Millions of passenger-kilometres,NAT,National transport,DE,Germany,2019,94550,
MIO_PKM,Millions of passenger-kilometres,NAT,National transport,DE,Germany,2020,54727,
MIO_PKM,Millions of passenger-kilometres,NAT,National transport,DE,Germany,2021,53884,
MIO_PKM,Millions of passenger-kilometres,NAT,National transport,DE,Germany,2022,86577,
MIO_PKM,Millions of passenger-kilometres,NAT,National transport,DE,Germany,2023,95453,
MIO_PKM,Millions of passenger-kilometres,NAT,National transport,DE,Germany,2024,102037,
MIO_PKM,Millions of passenger-kilometres,NAT,National transport,DK,Denmark,2004,5384,
MIO_PKM,Millions of passenger-kilometres,NAT,National transport,DK,Denmark,2005,5433,
MIO_PKM,Millions of passenger-kilometres,NAT,National transport,DK,Denmark,2006,5531,
MIO_PKM,Millions of passenger-kilometres,NAT,National transport,DK,Denmark,2007,5554,
MIO_PKM,Millions of passenger-kilometres,NAT,National transport,DK,Denmark,2008,5606,
MIO_PKM,Millions of passenger-kilometres,NAT,National transport,DK,Denmark,2009,5590,
MIO_PKM,Millions of passenger-kilometres,NAT,National transport,DK,Denmark,2010,5768,
MIO_PKM,Millions of passenger-kilometres,NAT,National transport,DK,Denmark,2011,5987,
MIO_PKM,Millions of passenger-kilometres,NAT,National transport,DK,Denmark,2012,6155,
MIO_PKM,Millions of passenger-kilometres,NAT,National transport,DK,Denmark,2013,6182,
MIO_PKM,Millions of passenger-kilometres,NAT,National transport,DK,Denmark,2014,6138,
MIO_PKM,Millions of passenger-kilometres,NAT,National transport,DK,Denmark,2015,6099,
MIO_PKM,Millions of passenger-kilometres,NAT,National transport,DK,Denmark,2016,5976,
MIO_PKM,Millions of passenger-kilometres,NAT,National transport,DK,Denmark,2017,5939,
MIO_PKM,Millions of passenger-kilometres,NAT,National transport,DK,Denmark,2018,5764,
MIO_PKM,Millions of passenger-kilometres,NAT,National transport,DK,Denmark,2019,5741,
MIO_PKM,Millions of passenger-kilometres,NAT,National transport,DK,Denmark,2020,3768,
MIO_PKM,Millions of passenger-kilometres,NAT,National transport,DK,Denmark,2021,3966,
MIO_PKM,Millions of passenger-kilometres,NAT,National transport,DK,Denmark,2022,5335,
MIO_PKM,Millions of passenger-kilometres,NAT,National transport,DK,Denmark,2023,5658,
MIO_PKM,Millions of passenger-kilometres,NAT,National transport,DK,Denmark,2024,6095,
MIO_PKM,Millions of passenger-kilometres,NAT,National transport,EE,Estonia,2004,170,
MIO_PKM,Millions of passenger-kilometres,NAT,National transport,EE,Estonia,2005,224,
MIO_PKM,Millions of passenger-kilometres,NAT,National transport,EE,Estonia,2006,231,
MIO_PKM,Millions of passenger-kilometres,NAT,National transport,EE,Estonia,2007,246,
MIO_PKM,Millions of passenger-kilometres,NAT,National transport,EE,Estonia,2008,245,
MIO_PKM,Millions of passenger-kilometres,NAT,National transport,EE,Estonia,2009,232,
MIO_PKM,Millions of passenger-kilometres,NAT,National transport,EE,Estonia,2010,230,
MIO_PKM,Millions of passenger-kilometres,NAT,National transport,EE,Estonia,2011,228,
MIO_PKM,Millions of passenger-kilometres,NAT,National transport,EE,Estonia,2012,218,
MIO_PKM,Millions of passenger-kilometres,NAT,National transport,EE,Estonia,2013,201,
MIO_PKM,Millions of passenger-kilometres,NAT,National transport,EE,Estonia,2014,263,
MIO_PKM,Millions of passenger-kilometres,NAT,National transport,EE,Estonia,2015,276,
MIO_PKM,Millions of passenger-kilometres,NAT,National transport,EE,Estonia,2016,297,
MIO_PKM,Millions of passenger-kilometres,NAT,National transport,EE,Estonia,2017,346,
MIO_PKM,Millions of passenger-kilometres,NAT,National transport,EE,Estonia,2018,396,
MIO_PKM,Millions of passenger-kilometres,NAT,National transport,EE,Estonia,2019,370,
MIO_PKM,Millions of passenger-kilometres,NAT,National transport,EE,Estonia,2020,262,
MIO_PKM,Millions of passenger-kilometres,NAT,National transport,EE,Estonia,2021,290,
MIO_PKM,Millions of passenger-kilometres,NAT,National transport,EE,Estonia,2022,382,
MIO_PKM,Millions of passenger-kilometres,NAT,National transport,EE,Estonia,2023,408,
MIO_PKM,Millions of passenger-kilometres,NAT,National transport,EE,Estonia,2024,385,
MIO_PKM,Millions of passenger-kilometres,NAT,National transport,EL,Greece,2004,1636,
MIO_PKM,Millions of passenger-kilometres,NAT,National transport,EL,Greece,2005,1804,
MIO_PKM,Millions of passenger-kilometres,NAT,National transport,EL,Greece,2006,1748,
MIO_PKM,Millions of passenger-kilometres,NAT,National transport,EL,Greece,2007,1853,
MIO_PKM,Millions of passenger-kilometres,NAT,National transport,EL,Greece,2008,1599,
MIO_PKM,Millions of passenger-kilometres,NAT,National transport,EL,Greece,2009,1414,
MIO_PKM,Millions of passenger-kilometres,NAT,National transport,EL,Greece,2010,1337,
MIO_PKM,Millions of passenger-kilometres,NAT,National transport,EL,Greece,2011,954,
MIO_PKM,Millions of passenger-kilometres,NAT,National transport,EL,Greece,2012,832,
MIO_PKM,Millions of passenger-kilometres,NAT,National transport,EL,Greece,2013,1055,
MIO_PKM,Millions of passenger-kilometres,NAT,National transport,EL,Greece,2014,1068,
MIO_PKM,Millions of passenger-kilometres,NAT,National transport,EL,Greece,2015,1256,
MIO_PKM,Millions of passenger-kilometres,NAT,National transport,EL,Greece,2016,1190,
MIO_PKM,Millions of passenger-kilometres,NAT,National transport,EL,Greece,2017,1109,
MIO_PKM,Millions of passenger-kilometres,NAT,National transport,EL,Greece,2018,1102,
MIO_PKM,Millions of passenger-kilometres,NAT,National transport,EL,Greece,2019,1252,
MIO_PKM,Millions of passenger-kilometres,NAT,National transport,EL,Greece,2020,640,
MIO_PKM,Millions of passenger-kilometres,NAT,National transport,EL,Greece,2021,653,
MIO_PKM,Millions of passenger-kilometres,NAT,National transport,EL,Greece,2022,1117,
MIO_PKM,Millions of passenger-kilometres,NAT,National transport,EL,Greece,2023,673,
MIO_PKM,Millions of passenger-kilometres,NAT,National transport,EL,Greece,2024,727,
MIO_PKM,Millions of passenger-kilometres,NAT,National transport,ES,Spain,2004,19978,
MIO_PKM,Millions of passenger-kilometres,NAT,National transport,ES,Spain,2005,20786,
MIO_PKM,Millions of passenger-kilometres,NAT,National transport,ES,Spain,2006,21308,
MIO_PKM,Millions of passenger-kilometres,NAT,National transport,ES,Spain,2007,21013,
MIO_PKM,Millions of passenger-kilometres,NAT,National transport,ES,Spain,2008,23115,
MIO_PKM,Millions of passenger-kilometres,NAT,National transport,ES,Spain,2009,22535,
MIO_PKM,Millions of passenger-kilometres,NAT,National transport,ES,Spain,2010,21850,
MIO_PKM,Millions of passenger-kilometres,NAT,National transport,ES,Spain,2011,22478,
MIO_PKM,Millions of passenger-kilometres,NAT,National transport,ES,Spain,2012,22022,
MIO_PKM,Millions of passenger-kilometres,NAT,National transport,ES,Spain,2013,23527,
MIO_PKM,Millions of passenger-kilometres,NAT,National transport,ES,Spain,2014,24738,
MIO_PKM,Millions of passenger-kilometres,NAT,National transport,ES,Spain,2015,25829,
MIO_PKM,Millions of passenger-kilometres,NAT,National transport,ES,Spain,2016,26349,
MIO_PKM,Millions of passenger-kilometres,NAT,National transport,ES,Spain,2017,26741,
MIO_PKM,Millions of passenger-kilometres,NAT,National transport,ES,Spain,2018,27660,
MIO_PKM,Millions of passenger-kilometres,NAT,National transport,ES,Spain,2019,28043,
MIO_PKM,Millions of passenger-kilometres,NAT,National transport,ES,Spain,2020,11822,
MIO_PKM,Millions of passenger-kilometres,NAT,National transport,ES,Spain,2021,16779,
MIO_PKM,Millions of passenger-kilometres,NAT,National transport,ES,Spain,2022,27014,
MIO_PKM,Millions of passenger-kilometres,NAT,National transport,ES,Spain,2023,34385,
MIO_PKM,Millions of passenger-kilometres,NAT,National transport,ES,Spain,2024,37572,
MIO_PKM,Millions of passenger-kilometres,NAT,National transport,ES,Spain,2025,37425,
MIO_PKM,Millions of passenger-kilometres,NAT,National transport,EU27_2007,European Union - 27 countries (2007-2013),2006,362075,
MIO_PKM,Millions of passenger-kilometres,NAT,National transport,EU27_2007,European Union - 27 countries (2007-2013),2007,369859,
MIO_PKM,Millions of passenger-kilometres,NAT,National transport,EU27_2020,European Union - 27 countries (from 2020),2006,317560,
MIO_PKM,Millions of passenger-kilometres,NAT,National transport,EU27_2020,European Union - 27 countries (from 2020),2007,322488,
MIO_PKM,Millions of passenger-kilometres,NAT,National transport,EU28,European Union - 28 countries (2013-2020),2006,363332,
MIO_PKM,Millions of passenger-kilometres,NAT,National transport,EU28,European Union - 28 countries (2013-2020),2007,371367,
MIO_PKM,Millions of passenger-kilometres,NAT,National transport,FI,Finland,2004,3280,
MIO_PKM,Millions of passenger-kilometres,NAT,National transport,FI,Finland,2005,3402,
MIO_PKM,Millions of passenger-kilometres,NAT,National transport,FI,Finland,2006,3447,
MIO_PKM,Millions of passenger-kilometres,NAT,National transport,FI,Finland,2007,3675,
MIO_PKM,Millions of passenger-kilometres,NAT,National transport,FI,Finland,2008,3940,
MIO_PKM,Millions of passenger-kilometres,NAT,National transport,FI,Finland,2009,3785,
MIO_PKM,Millions of passenger-kilometres,NAT,National transport,FI,Finland,2010,3869,
MIO_PKM,Millions of passenger-kilometres,NAT,National transport,FI,Finland,2011,3768,
MIO_PKM,Millions of passenger-kilometres,NAT,National transport,FI,Finland,2012,3907,
MIO_PKM,Millions of passenger-kilometres,NAT,National transport,FI,Finland,2013,3898,
MIO_PKM,Millions of passenger-kilometres,NAT,National transport,FI,Finland,2014,3740,
MIO_PKM,Millions of passenger-kilometres,NAT,National transport,FI,Finland,2015,4003,
MIO_PKM,Millions of passenger-kilometres,NAT,National transport,FI,Finland,2016,3751,
MIO_PKM,Millions of passenger-kilometres,NAT,National transport,FI,Finland,2017,4129,
MIO_PKM,Millions of passenger-kilometres,NAT,National transport,FI,Finland,2018,4392,
MIO_PKM,Millions of passenger-kilometres,NAT,National transport,FI,Finland,2019,4759,
MIO_PKM,Millions of passenger-kilometres,NAT,National transport,FI,Finland,2020,2789,
MIO_PKM,Millions of passenger-kilometres,NAT,National transport,FI,Finland,2021,2902,
MIO_PKM,Millions of passenger-kilometres,NAT,National transport,FI,Finland,2022,4564,
MIO_PKM,Millions of passenger-kilometres,NAT,National transport,FI,Finland,2023,5199,
MIO_PKM,Millions of passenger-kilometres,NAT,National transport,FI,Finland,2024,5436,
MIO_PKM,Millions of passenger-kilometres,NAT,National transport,FR,France,2004,66582,
MIO_PKM,Millions of passenger-kilometres,NAT,National transport,FR,France,2005,69066,
MIO_PKM,Millions of passenger-kilometres,NAT,National transport,FR,France,2006,72359,
MIO_PKM,Millions of passenger-kilometres,NAT,National transport,FR,France,2007,74473,
MIO_PKM,Millions of passenger-kilometres,NAT,National transport,FR,France,2008,78970,
MIO_PKM,Millions of passenger-kilometres,NAT,National transport,FR,France,2009,78628,
MIO_PKM,Millions of passenger-kilometres,NAT,National transport,FR,France,2011,80963,
MIO_PKM,Millions of passenger-kilometres,NAT,National transport,FR,France,2012,80507,
MIO_PKM,Millions of passenger-kilometres,NAT,National transport,FR,France,2013,79658,
MIO_PKM,Millions of passenger-kilometres,NAT,National transport,FR,France,2014,78690,
MIO_PKM,Millions of passenger-kilometres,NAT,National transport,FR,France,2015,81597,
MIO_PKM,Millions of passenger-kilometres,NAT,National transport,FR,France,2016,84180,
MIO_PKM,Millions of passenger-kilometres,NAT,National transport,FR,France,2017,84444,
MIO_PKM,Millions of passenger-kilometres,NAT,National transport,FR,France,2018,81259,
MIO_PKM,Millions of passenger-kilometres,NAT,National transport,FR,France,2019,85361,
MIO_PKM,Millions of passenger-kilometres,NAT,National transport,FR,France,2020,51296,
MIO_PKM,Millions of passenger-kilometres,NAT,National transport,FR,France,2021,67529,
MIO_PKM,Millions of passenger-kilometres,NAT,National transport,FR,France,2022,88315,
MIO_PKM,Millions of passenger-kilometres,NAT,National transport,FR,France,2023,92755,
MIO_PKM,Millions of passenger-kilometres,NAT,National transport,FR,France,2024,98945,
MIO_PKM,Millions of passenger-kilometres,NAT,National transport,HR,Croatia,2004,1100,
MIO_PKM,Millions of passenger-kilometres,NAT,National transport,HR,Croatia,2005,1161,
MIO_PKM,Millions of passenger-kilometres,NAT,National transport,HR,Croatia,2006,1257,
MIO_PKM,Millions of passenger-kilometres,NAT,National transport,HR,Croatia,2007,1508,
MIO_PKM,Millions of passenger-kilometres,NAT,National transport,HR,Croatia,2008,1703,
MIO_PKM,Millions of passenger-kilometres,NAT,National transport,HR,Croatia,2009,1744,
MIO_PKM,Millions of passenger-kilometres,NAT,National transport,HR,Croatia,2010,1660,
MIO_PKM,Millions of passenger-kilometres,NAT,National transport,HR,Croatia,2011,1405,
MIO_PKM,Millions of passenger-kilometres,NAT,National transport,HR,Croatia,2012,1029,
MIO_PKM,Millions of passenger-kilometres,NAT,National transport,HR,Croatia,2013,899,
MIO_PKM,Millions of passenger-kilometres,NAT,National transport,HR,Croatia,2014,884,
MIO_PKM,Millions of passenger-kilometres,NAT,National transport,HR,Croatia,2015,911,
MIO_PKM,Millions of passenger-kilometres,NAT,National transport,HR,Croatia,2016,799,
MIO_PKM,Millions of passenger-kilometres,NAT,National transport,HR,Croatia,2017,713,
MIO_PKM,Millions of passenger-kilometres,NAT,National transport,HR,Croatia,2018,726,
MIO_PKM,Millions of passenger-kilometres,NAT,National transport,HR,Croatia,2019,703,
MIO_PKM,Millions of passenger-kilometres,NAT,National transport,HR,Croatia,2020,444,
MIO_PKM,Millions of passenger-kilometres,NAT,National transport,HR,Croatia,2021,484,
MIO_PKM,Millions of passenger-kilometres,NAT,National transport,HR,Croatia,2022,749,
MIO_PKM,Millions of passenger-kilometres,NAT,National transport,HR,Croatia,2023,1108,
MIO_PKM,Millions of passenger-kilometres,NAT,National transport,HR,Croatia,2024,1123,
MIO_PKM,Millions of passenger-kilometres,NAT,National transport,HR,Croatia,2025,1206,
MIO_PKM,Millions of passenger-kilometres,NAT,National transport,HU,Hungary,2004,10028,
MIO_PKM,Millions of passenger-kilometres,NAT,National transport,HU,Hungary,2005,9340,
MIO_PKM,Millions of passenger-kilometres,NAT,National transport,HU,Hungary,2006,9190,
MIO_PKM,Millions of passenger-kilometres,NAT,National transport,HU,Hungary,2007,8379,
MIO_PKM,Millions of passenger-kilometres,NAT,National transport,HU,Hungary,2008,7912,
MIO_PKM,Millions of passenger-kilometres,NAT,National transport,HU,Hungary,2009,7681,
MIO_PKM,Millions of passenger-kilometres,NAT,National transport,HU,Hungary,2010,7316,
MIO_PKM,Millions of passenger-kilometres,NAT,National transport,HU,Hungary,2011,7397,
MIO_PKM,Millions of passenger-kilometres,NAT,National transport,HU,Hungary,2012,7357,
MIO_PKM,Millions of passenger-kilometres,NAT,National transport,HU,Hungary,2013,7443,
MIO_PKM,Millions of passenger-kilometres,NAT,National transport,HU,Hungary,2014,7365,
MIO_PKM,Millions of passenger-kilometres,NAT,National transport,HU,Hungary,2024,14430,
MIO_PKM,Millions of passenger-kilometres,NAT,National transport,IE,Ireland,2004,1582,
MIO_PKM,Millions of passenger-kilometres,NAT,National transport,IE,Ireland,2005,1654,
MIO_PKM,Millions of passenger-kilometres,NAT,National transport,IE,Ireland,2006,1872,
MIO_PKM,Millions of passenger-kilometres,NAT,National transport,IE,Ireland,2007,1898,
MIO_PKM,Millions of passenger-kilometres,NAT,National transport,IE,Ireland,2008,1872,
MIO_PKM,Millions of passenger-kilometres,NAT,National transport,IE,Ireland,2009,1683,
MIO_PKM,Millions of passenger-kilometres,NAT,National transport,IE,Ireland,2010,1547,
MIO_PKM,Millions of passenger-kilometres,NAT,National transport,IE,Ireland,2011,1607,
MIO_PKM,Millions of passenger-kilometres,NAT,National transport,IE,Ireland,2012,1549,
MIO_PKM,Millions of passenger-kilometres,NAT,National transport,IE,Ireland,2013,1472,
MIO_PKM,Millions of passenger-kilometres,NAT,National transport,IE,Ireland,2014,1695,
MIO_PKM,Millions of passenger-kilometres,NAT,National transport,IE,Ireland,2015,1861,
MIO_PKM,Millions of passenger-kilometres,NAT,National transport,IE,Ireland,2016,1928,
MIO_PKM,Millions of passenger-kilometres,NAT,National transport,IE,Ireland,2017,2054,
MIO_PKM,Millions of passenger-kilometres,NAT,National transport,IE,Ireland,2018,2210,
MIO_PKM,Millions of passenger-kilometres,NAT,National transport,IE,Ireland,2019,2330,
MIO_PKM,Millions of passenger-kilometres,NAT,National transport,IE,Ireland,2020,814,
MIO_PKM,Millions of passenger-kilometres,NAT,National transport,IE,Ireland,2021,828,
MIO_PKM,Millions of passenger-kilometres,NAT,National transport,IE,Ireland,2022,1662,
MIO_PKM,Millions of passenger-kilometres,NAT,National transport,IE,Ireland,2023,2136,
MIO_PKM,Millions of passenger-kilometres,NAT,National transport,IE,Ireland,2024,2373,
MIO_PKM,Millions of passenger-kilometres,NAT,National transport,IE,Ireland,2025,2653,
MIO_PKM,Millions of passenger-kilometres,NAT,National transport,IT,Italy,2004,43576,
MIO_PKM,Millions of passenger-kilometres,NAT,National transport,IT,Italy,2005,43889,
MIO_PKM,Millions of passenger-kilometres,NAT,National transport,IT,Italy,2006,43712,
MIO_PKM,Millions of passenger-kilometres,NAT,National transport,IT,Italy,2007,44707,
MIO_PKM,Millions of passenger-kilometres,NAT,National transport,IT,Italy,2008,44708,
MIO_PKM,Millions of passenger-kilometres,NAT,National transport,IT,Italy,2009,43297,
MIO_PKM,Millions of passenger-kilometres,NAT,National transport,IT,Italy,2010,42486,
MIO_PKM,Millions of passenger-kilometres,NAT,National transport,IT,Italy,2011,44915,
MIO_PKM,Millions of passenger-kilometres,NAT,National transport,IT,Italy,2012,45018,
MIO_PKM,Millions of passenger-kilometres,NAT,National transport,IT,Italy,2013,46902,
MIO_PKM,Millions of passenger-kilometres,NAT,National transport,IT,Italy,2014,48170,
MIO_PKM,Millions of passenger-kilometres,NAT,National transport,IT,Italy,2015,50499,
MIO_PKM,Millions of passenger-kilometres,NAT,National transport,IT,Italy,2016,51132,
MIO_PKM,Millions of passenger-kilometres,NAT,National transport,IT,Italy,2017,52124,
MIO_PKM,Millions of passenger-kilometres,NAT,National transport,IT,Italy,2018,54385,
MIO_PKM,Millions of passenger-kilometres,NAT,National transport,IT,Italy,2019,55492,
MIO_PKM,Millions of passenger-kilometres,NAT,National transport,IT,Italy,2020,21875,
MIO_PKM,Millions of passenger-kilometres,NAT,National transport,IT,Italy,2021,27097,
MIO_PKM,Millions of passenger-kilometres,NAT,National transport,IT,Italy,2022,45385,
MIO_PKM,Millions of passenger-kilometres,NAT,National transport,IT,Italy,2023,54055,
MIO_PKM,Millions of passenger-kilometres,NAT,National transport,IT,Italy,2024,55252,
MIO_PKM,Millions of passenger-kilometres,NAT,National transport,LT,Lithuania,2004,262,
MIO_PKM,Millions of passenger-kilometres,NAT,National transport,LT,Lithuania,2005,259,
MIO_PKM,Millions of passenger-kilometres,NAT,National transport,LT,Lithuania,2006,246,
MIO_PKM,Millions of passenger-kilometres,NAT,National transport,LT,Lithuania,2007,223,
MIO_PKM,Millions of passenger-kilometres,NAT,National transport,LT,Lithuania,2008,235,
MIO_PKM,Millions of passenger-kilometres,NAT,National transport,LT,Lithuania,2009,213,
MIO_PKM,Millions of passenger-kilometres,NAT,National transport,LT,Lithuania,2010,226,
MIO_PKM,Millions of passenger-kilometres,NAT,National transport,LT,Lithuania,2011,249,
MIO_PKM,Millions of passenger-kilometres,NAT,National transport,LT,Lithuania,2012,255,
MIO_PKM,Millions of passenger-kilometres,NAT,National transport,LT,Lithuania,2013,252,
MIO_PKM,Millions of passenger-kilometres,NAT,National transport,LT,Lithuania,2014,250,
MIO_PKM,Millions of passenger-kilometres,NAT,National transport,LT,Lithuania,2015,248,
MIO_PKM,Millions of passenger-kilometres,NAT,National transport,LT,Lithuania,2016,267,
MIO_PKM,Millions of passenger-kilometres,NAT,National transport,LT,Lithuania,2017,303,
MIO_PKM,Millions of passenger-kilometres,NAT,National transport,LT,Lithuania,2018,339,
MIO_PKM,Millions of passenger-kilometres,NAT,National transport,LT,Lithuania,2019,341,
MIO_PKM,Millions of passenger-kilometres,NAT,National transport,LT,Lithuania,2020,234,
MIO_PKM,Millions of passenger-kilometres,NAT,National transport,LT,Lithuania,2021,287,
MIO_PKM,Millions of passenger-kilometres,NAT,National transport,LT,Lithuania,2022,381,
MIO_PKM,Millions of passenger-kilometres,NAT,National transport,LT,Lithuania,2023,384,
MIO_PKM,Millions of passenger-kilometres,NAT,National transport,LT,Lithuania,2024,421,
MIO_PKM,Millions of passenger-kilometres,NAT,National transport,LT,Lithuania,2025,452,
MIO_PKM,Millions of passenger-kilometres,NAT,National transport,LU,Luxembourg,2004,191,
MIO_PKM,Millions of passenger-kilometres,NAT,National transport,LU,Luxembourg,2005,203,
MIO_PKM,Millions of passenger-kilometres,NAT,National transport,LU,Luxembourg,2006,219,
MIO_PKM,Millions of passenger-kilometres,NAT,National transport,LU,Luxembourg,2007,233,
MIO_PKM,Millions of passenger-kilometres,NAT,National transport,LU,Luxembourg,2008,246,
MIO_PKM,Millions of passenger-kilometres,NAT,National transport,LU,Luxembourg,2010,246,
MIO_PKM,Millions of passenger-kilometres,NAT,National transport,LU,Luxembourg,2011,246,
MIO_PKM,Millions of passenger-kilometres,NAT,National transport,LU,Luxembourg,2012,270,
MIO_PKM,Millions of passenger-kilometres,NAT,National transport,LU,Luxembourg,2013,282,
MIO_PKM,Millions of passenger-kilometres,NAT,National transport,LU,Luxembourg,2014,266,
MIO_PKM,Millions of passenger-kilometres,NAT,National transport,LU,Luxembourg,2015,303,
MIO_PKM,Millions of passenger-kilometres,NAT,National transport,LU,Luxembourg,2016,292,
MIO_PKM,Millions of passenger-kilometres,NAT,National transport,LU,Luxembourg,2017,307,
MIO_PKM,Millions of passenger-kilometres,NAT,National transport,LU,Luxembourg,2018,313,
MIO_PKM,Millions of passenger-kilometres,NAT,National transport,LU,Luxembourg,2019,314,
MIO_PKM,Millions of passenger-kilometres,NAT,National transport,LU,Luxembourg,2020,187,
MIO_PKM,Millions of passenger-kilometres,NAT,National transport,LU,Luxembourg,2021,218,
MIO_PKM,Millions of passenger-kilometres,NAT,National transport,LU,Luxembourg,2022,270,
MIO_PKM,Millions of passenger-kilometres,NAT,National transport,LU,Luxembourg,2023,323,
MIO_PKM,Millions of passenger-kilometres,NAT,National transport,LU,Luxembourg,2024,352,
MIO_PKM,Millions of passenger-kilometres,NAT,National transport,LV,Latvia,2004,722,
MIO_PKM,Millions of passenger-kilometres,NAT,National transport,LV,Latvia,2005,800,
MIO_PKM,Millions of passenger-kilometres,NAT,National transport,LV,Latvia,2006,893,
MIO_PKM,Millions of passenger-kilometres,NAT,National transport,LV,Latvia,2007,889,
MIO_PKM,Millions of passenger-kilometres,NAT,National transport,LV,Latvia,2008,865,
MIO_PKM,Millions of passenger-kilometres,NAT,National transport,LV,Latvia,2009,686,
MIO_PKM,Millions of passenger-kilometres,NAT,National transport,LV,Latvia,2010,670,
MIO_PKM,Millions of passenger-kilometres,NAT,National transport,LV,Latvia,2011,662,
MIO_PKM,Millions of passenger-kilometres,NAT,National transport,LV,Latvia,2012,640,
MIO_PKM,Millions of passenger-kilometres,NAT,National transport,LV,Latvia,2013,640,
MIO_PKM,Millions of passenger-kilometres,NAT,National transport,LV,Latvia,2014,578,
MIO_PKM,Millions of passenger-kilometres,NAT,National transport,LV,Latvia,2015,545,
MIO_PKM,Millions of passenger-kilometres,NAT,National transport,LV,Latvia,2016,546,
MIO_PKM,Millions of passenger-kilometres,NAT,National transport,LV,Latvia,2017,555,
MIO_PKM,Millions of passenger-kilometres,NAT,National transport,LV,Latvia,2018,584,
MIO_PKM,Millions of passenger-kilometres,NAT,National transport,LV,Latvia,2019,604,
MIO_PKM,Millions of passenger-kilometres,NAT,National transport,LV,Latvia,2020,409,
MIO_PKM,Millions of passenger-kilometres,NAT,National transport,LV,Latvia,2021,361,
MIO_PKM,Millions of passenger-kilometres,NAT,National transport,LV,Latvia,2022,540,
MIO_PKM,Millions of passenger-kilometres,NAT,National transport,LV,Latvia,2023,612,
MIO_PKM,Millions of passenger-kilometres,NAT,National transport,LV,Latvia,2024,694,
MIO_PKM,Millions of passenger-kilometres,NAT,National transport,LV,Latvia,2025,741,
MIO_PKM,Millions of passenger-kilometres,NAT,National transport,MK,North Macedonia,2009,153,
MIO_PKM,Millions of passenger-kilometres,NAT,National transport,MK,North Macedonia,2010,153,
MIO_PKM,Millions of passenger-kilometres,NAT,National transport,MK,North Macedonia,2011,145,
MIO_PKM,Millions of passenger-kilometres,NAT,National transport,MK,North Macedonia,2012,99,
MIO_PKM,Millions of passenger-kilometres,NAT,National transport,MK,North Macedonia,2013,80,
MIO_PKM,Millions of passenger-kilometres,NAT,National transport,MK,North Macedonia,2014,79,
MIO_PKM,Millions of passenger-kilometres,NAT,National transport,MK,North Macedonia,2015,177,
MIO_PKM,Millions of passenger-kilometres,NAT,National transport,MK,North Macedonia,2016,83,
MIO_PKM,Millions of passenger-kilometres,NAT,National transport,MK,North Macedonia,2017,59,
MIO_PKM,Millions of passenger-kilometres,NAT,National transport,MK,North Macedonia,2018,63,
MIO_PKM,Millions of passenger-kilometres,NAT,National transport,MK,North Macedonia,2019,61,
MIO_PKM,Millions of passenger-kilometres,NAT,National transport,MK,North Macedonia,2020,25,
MIO_PKM,Millions of passenger-kilometres,NAT,National transport,MK,North Macedonia,2021,25,
MIO_PKM,Millions of passenger-kilometres,NAT,National transport,MK,North Macedonia,2022,46,
MIO_PKM,Millions of passenger-kilometres,NAT,National transport,MK,North Macedonia,2023,32,
MIO_PKM,Millions of passenger-kilometres,NAT,National transport,MK,North Macedonia,2024,26,
MIO_PKM,Millions of passenger-kilometres,NAT,National transport,MK,North Macedonia,2025,19,
MIO_PKM,Millions of passenger-kilometres,NAT,National transport,NL,Netherlands,2004,13627,
MIO_PKM,Millions of passenger-kilometres,NAT,National transport,NL,Netherlands,2005,14261,
MIO_PKM,Millions of passenger-kilometres,NAT,National transport,NL,Netherlands,2006,14960,
MIO_PKM,Millions of passenger-kilometres,NAT,National transport,NL,Netherlands,2007,15085,
MIO_PKM,Millions of passenger-kilometres,NAT,National transport,NL,Netherlands,2024,16571,b
MIO_PKM,Millions of passenger-kilometres,NAT,National transport,NL,Netherlands,2025,16718,
MIO_PKM,Millions of passenger-kilometres,NAT,National transport,NO,Norway,2004,2620,
MIO_PKM,Millions of passenger-kilometres,NAT,National transport,NO,Norway,2005,2671,
MIO_PKM,Millions of passenger-kilometres,NAT,National transport,NO,Norway,2006,2779,
MIO_PKM,Millions of passenger-kilometres,NAT,National transport,NO,Norway,2007,2840,
MIO_PKM,Millions of passenger-kilometres,NAT,National transport,NO,Norway,2008,2988,
MIO_PKM,Millions of passenger-kilometres,NAT,National transport,NO,Norway,2009,2941,
MIO_PKM,Millions of passenger-kilometres,NAT,National transport,NO,Norway,2010,3004,
MIO_PKM,Millions of passenger-kilometres,NAT,National transport,NO,Norway,2011,3016,
MIO_PKM,Millions of passenger-kilometres,NAT,National transport,NO,Norway,2012,3047,
MIO_PKM,Millions of passenger-kilometres,NAT,National transport,NO,Norway,2013,3215,
MIO_PKM,Millions of passenger-kilometres,NAT,National transport,NO,Norway,2014,3397,
MIO_PKM,Millions of passenger-kilometres,NAT,National transport,NO,Norway,2015,3510,
MIO_PKM,Millions of passenger-kilometres,NAT,National transport,NO,Norway,2016,3644,
MIO_PKM,Millions of passenger-kilometres,NAT,National transport,NO,Norway,2017,3529,
MIO_PKM,Millions of passenger-kilometres,NAT,National transport,NO,Norway,2018,3684,
MIO_PKM,Millions of passenger-kilometres,NAT,National transport,NO,Norway,2019,3676,
MIO_PKM,Millions of passenger-kilometres,NAT,National transport,NO,Norway,2020,1798,
MIO_PKM,Millions of passenger-kilometres,NAT,National transport,NO,Norway,2021,1779,
MIO_PKM,Millions of passenger-kilometres,NAT,National transport,NO,Norway,2022,3056,
MIO_PKM,Millions of passenger-kilometres,NAT,National transport,NO,Norway,2023,3476,
MIO_PKM,Millions of passenger-kilometres,NAT,National transport,NO,Norway,2024,3829,
MIO_PKM,Millions of passenger-kilometres,NAT,National transport,NO,Norway,2025,3917,
MIO_PKM,Millions of passenger-kilometres,NAT,National transport,PL,Poland,2004,17862,
MIO_PKM,Millions of passenger-kilometres,NAT,National transport,PL,Poland,2005,17331,
MIO_PKM,Millions of passenger-kilometres,NAT,National transport,PL,Poland,2006,17675,
MIO_PKM,Millions of passenger-kilometres,NAT,National transport,PL,Poland,2007,18952,
MIO_PKM,Millions of passenger-kilometres,NAT,National transport,PL,Poland,2008,19324,
MIO_PKM,Millions of passenger-kilometres,NAT,National transport,PL,Poland,2009,17776,
MIO_PKM,Millions of passenger-kilometres,NAT,National transport,PL,Poland,2010,17040,
MIO_PKM,Millions of passenger-kilometres,NAT,National transport,PL,Poland,2011,17103,
MIO_PKM,Millions of passenger-kilometres,NAT,National transport,PL,Poland,2012,16598,
MIO_PKM,Millions of passenger-kilometres,NAT,National transport,PL,Poland,2013,15971,
MIO_PKM,Millions of passenger-kilometres,NAT,National transport,PL,Poland,2014,15085,
MIO_PKM,Millions of passenger-kilometres,NAT,National transport,PL,Poland,2015,16719,
MIO_PKM,Millions of passenger-kilometres,NAT,National transport,PL,Poland,2016,18477,
MIO_PKM,Millions of passenger-kilometres,NAT,National transport,PL,Poland,2017,19822,
MIO_PKM,Millions of passenger-kilometres,NAT,National transport,PL,Poland,2018,20512,
MIO_PKM,Millions of passenger-kilometres,NAT,National transport,PL,Poland,2019,21488,
MIO_PKM,Millions of passenger-kilometres,NAT,National transport,PL,Poland,2020,12336,
MIO_PKM,Millions of passenger-kilometres,NAT,National transport,PL,Poland,2021,15646,
MIO_PKM,Millions of passenger-kilometres,NAT,National transport,PL,Poland,2022,23167,
MIO_PKM,Millions of passenger-kilometres,NAT,National transport,PL,Poland,2023,24892,
MIO_PKM,Millions of passenger-kilometres,NAT,National transport,PL,Poland,2024,27418,
MIO_PKM,Millions of passenger-kilometres,NAT,National transport,PT,Portugal,2004,3633,
MIO_PKM,Millions of passenger-kilometres,NAT,National transport,PT,Portugal,2005,3753,
MIO_PKM,Millions of passenger-kilometres,NAT,National transport,PT,Portugal,2006,3821,
MIO_PKM,Millions of passenger-kilometres,NAT,National transport,PT,Portugal,2007,3933,
MIO_PKM,Millions of passenger-kilometres,NAT,National transport,PT,Portugal,2008,4093,
MIO_PKM,Millions of passenger-kilometres,NAT,National transport,PT,Portugal,2009,4115,
MIO_PKM,Millions of passenger-kilometres,NAT,National transport,PT,Portugal,2010,4008,
MIO_PKM,Millions of passenger-kilometres,NAT,National transport,PT,Portugal,2011,4143,
MIO_PKM,Millions of passenger-kilometres,NAT,National transport,PT,Portugal,2012,3713,
MIO_PKM,Millions of passenger-kilometres,NAT,National transport,PT,Portugal,2013,3548,
MIO_PKM,Millions of passenger-kilometres,NAT,National transport,PT,Portugal,2014,3740,
MIO_PKM,Millions of passenger-kilometres,NAT,National transport,PT,Portugal,2015,3837,
MIO_PKM,Millions of passenger-kilometres,NAT,National transport,PT,Portugal,2016,4146,
MIO_PKM,Millions of passenger-kilometres,NAT,National transport,PT,Portugal,2017,4391,
MIO_PKM,Millions of passenger-kilometres,NAT,National transport,PT,Portugal,2018,4487,
MIO_PKM,Millions of passenger-kilometres,NAT,National transport,PT,Portugal,2019,4964,
MIO_PKM,Millions of passenger-kilometres,NAT,National transport,PT,Portugal,2020,2552,
MIO_PKM,Millions of passenger-kilometres,NAT,National transport,PT,Portugal,2021,2907,
MIO_PKM,Millions of passenger-kilometres,NAT,National transport,PT,Portugal,2022,4403,
MIO_PKM,Millions of passenger-kilometres,NAT,National transport,PT,Portugal,2023,4812,
MIO_PKM,Millions of passenger-kilometres,NAT,National transport,PT,Portugal,2024,5430,
MIO_PKM,Millions of passenger-kilometres,NAT,National transport,RO,Romania,2004,8475,
MIO_PKM,Millions of passenger-kilometres,NAT,National transport,RO,Romania,2005,7816,
MIO_PKM,Millions of passenger-kilometres,NAT,National transport,RO,Romania,2006,7902,
MIO_PKM,Millions of passenger-kilometres,NAT,National transport,RO,Romania,2007,7271,
MIO_PKM,Millions of passenger-kilometres,NAT,National transport,RO,Romania,2008,6725,
MIO_PKM,Millions of passenger-kilometres,NAT,National transport,RO,Romania,2009,5842,
MIO_PKM,Millions of passenger-kilometres,NAT,National transport,RO,Romania,2010,5119,
MIO_PKM,Millions of passenger-kilometres,NAT,National transport,RO,Romania,2011,4998,
MIO_PKM,Millions of passenger-kilometres,NAT,National transport,RO,Romania,2012,4474,
MIO_PKM,Millions of passenger-kilometres,NAT,National transport,RO,Romania,2013,4303,
MIO_PKM,Millions of passenger-kilometres,NAT,National transport,RO,Romania,2014,4925,
MIO_PKM,Millions of passenger-kilometres,NAT,National transport,RO,Romania,2015,4869,
MIO_PKM,Millions of passenger-kilometres,NAT,National transport,RO,Romania,2016,4696,
MIO_PKM,Millions of passenger-kilometres,NAT,National transport,RO,Romania,2017,5523,
MIO_PKM,Millions of passenger-kilometres,NAT,National transport,RO,Romania,2018,5392,
MIO_PKM,Millions of passenger-kilometres,NAT,National transport,RO,Romania,2019,5695,
MIO_PKM,Millions of passenger-kilometres,NAT,National transport,RO,Romania,2020,3590,
MIO_PKM,Millions of passenger-kilometres,NAT,National transport,RO,Romania,2021,4072,
MIO_PKM,Millions of passenger-kilometres,NAT,National transport,RO,Romania,2022,5523,
MIO_PKM,Millions of passenger-kilometres,NAT,National transport,RO,Romania,2023,5884,
MIO_PKM,Millions of passenger-kilometres,NAT,National transport,RO,Romania,2024,5681,
MIO_PKM,Millions of passenger-kilometres,NAT,National transport,RO,Romania,2025,5095,
MIO_PKM,Millions of passenger-kilometres,NAT,National transport,SE,Sweden,2004,8013,
MIO_PKM,Millions of passenger-kilometres,NAT,National transport,SE,Sweden,2005,8339,
MIO_PKM,Millions of passenger-kilometres,NAT,National transport,SE,Sweden,2006,9037,
MIO_PKM,Millions of passenger-kilometres,NAT,National transport,SE,Sweden,2007,9767,
MIO_PKM,Millions of passenger-kilometres,NAT,National transport,SE,Sweden,2008,10609,
MIO_PKM,Millions of passenger-kilometres,NAT,National transport,SE,Sweden,2009,10706,
MIO_PKM,Millions of passenger-kilometres,NAT,National transport,SE,Sweden,2010,10617,
MIO_PKM,Millions of passenger-kilometres,NAT,National transport,SE,Sweden,2011,10828,
MIO_PKM,Millions of passenger-kilometres,NAT,National transport,SE,Sweden,2012,11330,
MIO_PKM,Millions of passenger-kilometres,NAT,National transport,SE,Sweden,2013,11359,
MIO_PKM,Millions of passenger-kilometres,NAT,National transport,SE,Sweden,2014,11629,
MIO_PKM,Millions of passenger-kilometres,NAT,National transport,SE,Sweden,2015,12212,
MIO_PKM,Millions of passenger-kilometres,NAT,National transport,SE,Sweden,2016,12333,
MIO_PKM,Millions of passenger-kilometres,NAT,National transport,SE,Sweden,2017,12740,
MIO_PKM,Millions of passenger-kilometres,NAT,National transport,SE,Sweden,2018,13058,
MIO_PKM,Millions of passenger-kilometres,NAT,National transport,SE,Sweden,2019,13998,
MIO_PKM,Millions of passenger-kilometres,NAT,National transport,SE,Sweden,2020,7973,
MIO_PKM,Millions of passenger-kilometres,NAT,National transport,SE,Sweden,2021,7863,
MIO_PKM,Millions of passenger-kilometres,NAT,National transport,SE,Sweden,2022,12354,
MIO_PKM,Millions of passenger-kilometres,NAT,National transport,SE,Sweden,2023,12636,
MIO_PKM,Millions of passenger-kilometres,NAT,National transport,SE,Sweden,2024,12889,
MIO_PKM,Millions of passenger-kilometres,NAT,National transport,SE,Sweden,2025,13117,
MIO_PKM,Millions of passenger-kilometres,NAT,National transport,SI,Slovenia,2004,648,
MIO_PKM,Millions of passenger-kilometres,NAT,National transport,SI,Slovenia,2005,666,
MIO_PKM,Millions of passenger-kilometres,NAT,National transport,SI,Slovenia,2006,675,
MIO_PKM,Millions of passenger-kilometres,NAT,National transport,SI,Slovenia,2007,690,
MIO_PKM,Millions of passenger-kilometres,NAT,National transport,SI,Slovenia,2008,713,
MIO_PKM,Millions of passenger-kilometres,NAT,National transport,SI,Slovenia,2009,718,
MIO_PKM,Millions of passenger-kilometres,NAT,National transport,SI,Slovenia,2010,680,
MIO_PKM,Millions of passenger-kilometres,NAT,National transport,SI,Slovenia,2011,641,
MIO_PKM,Millions of passenger-kilometres,NAT,National transport,SI,Slovenia,2012,614,
MIO_PKM,Millions of passenger-kilometres,NAT,National transport,SI,Slovenia,2013,636,
MIO_PKM,Millions of passenger-kilometres,NAT,National transport,SI,Slovenia,2014,582,
MIO_PKM,Millions of passenger-kilometres,NAT,National transport,SI,Slovenia,2015,594,
MIO_PKM,Millions of passenger-kilometres,NAT,National transport,SI,Slovenia,2016,565,
MIO_PKM,Millions of passenger-kilometres,NAT,National transport,SI,Slovenia,2017,525,
MIO_PKM,Millions of passenger-kilometres,NAT,National transport,SI,Slovenia,2018,524,
MIO_PKM,Millions of passenger-kilometres,NAT,National transport,SI,Slovenia,2019,531,
MIO_PKM,Millions of passenger-kilometres,NAT,National transport,SI,Slovenia,2020,325,
MIO_PKM,Millions of passenger-kilometres,NAT,National transport,SI,Slovenia,2021,491,
MIO_PKM,Millions of passenger-kilometres,NAT,National transport,SI,Slovenia,2022,612,
MIO_PKM,Millions of passenger-kilometres,NAT,National transport,SI,Slovenia,2023,702,
MIO_PKM,Millions of passenger-kilometres,NAT,National transport,SI,Slovenia,2024,843,
MIO_PKM,Millions of passenger-kilometres,NAT,National transport,SI,Slovenia,2025,877,
MIO_PKM,Millions of passenger-kilometres,NAT,National transport,SK,Slovakia,2004,2099,
MIO_PKM,Millions of passenger-kilometres,NAT,National transport,SK,Slovakia,2005,2039,
MIO_PKM,Millions of passenger-kilometres,NAT,National transport,SK,Slovakia,2006,2043,
MIO_PKM,Millions of passenger-kilometres,NAT,National transport,SK,Slovakia,2007,1970,
MIO_PKM,Millions of passenger-kilometres,NAT,National transport,SK,Slovakia,2008,2094,
MIO_PKM,Millions of passenger-kilometres,NAT,National transport,SK,Slovakia,2009,2079,
MIO_PKM,Millions of passenger-kilometres,NAT,National transport,SK,Slovakia,2010,2122,
MIO_PKM,Millions of passenger-kilometres,NAT,National transport,SK,Slovakia,2011,2222,
MIO_PKM,Millions of passenger-kilometres,NAT,National transport,SK,Slovakia,2012,2243,
MIO_PKM,Millions of passenger-kilometres,NAT,National transport,SK,Slovakia,2013,2255,
MIO_PKM,Millions of passenger-kilometres,NAT,National transport,SK,Slovakia,2014,2349,
MIO_PKM,Millions of passenger-kilometres,NAT,National transport,SK,Slovakia,2015,3208,
MIO_PKM,Millions of passenger-kilometres,NAT,National transport,SK,Slovakia,2016,3383,
MIO_PKM,Millions of passenger-kilometres,NAT,National transport,SK,Slovakia,2017,3650,
MIO_PKM,Millions of passenger-kilometres,NAT,National transport,SK,Slovakia,2018,3684,
MIO_PKM,Millions of passenger-kilometres,NAT,National transport,SK,Slovakia,2019,3845,
MIO_PKM,Millions of passenger-kilometres,NAT,National transport,SK,Slovakia,2020,2095,
MIO_PKM,Millions of passenger-kilometres,NAT,National transport,SK,Slovakia,2021,1848,
MIO_PKM,Millions of passenger-kilometres,NAT,National transport,SK,Slovakia,2022,2954,
MIO_PKM,Millions of passenger-kilometres,NAT,National transport,SK,Slovakia,2023,3300,
MIO_PKM,Millions of passenger-kilometres,NAT,National transport,SK,Slovakia,2024,3320,
MIO_PKM,Millions of passenger-kilometres,NAT,National transport,SK,Slovakia,2025,3346,
MIO_PKM,Millions of passenger-kilometres,NAT,National transport,TR,Türkiye,2004,5172,
MIO_PKM,Millions of passenger-kilometres,NAT,National transport,TR,Türkiye,2005,4977,
MIO_PKM,Millions of passenger-kilometres,NAT,National transport,TR,Türkiye,2006,5201,
MIO_PKM,Millions of passenger-kilometres,NAT,National transport,TR,Türkiye,2007,5472,
MIO_PKM,Millions of passenger-kilometres,NAT,National transport,TR,Türkiye,2008,4999,
MIO_PKM,Millions of passenger-kilometres,NAT,National transport,TR,Türkiye,2009,5271,
MIO_PKM,Millions of passenger-kilometres,NAT,National transport,TR,Türkiye,2010,5378,
MIO_PKM,Millions of passenger-kilometres,NAT,National transport,TR,Türkiye,2011,3922,
MIO_PKM,Millions of passenger-kilometres,NAT,National transport,TR,Türkiye,2012,2949,
MIO_PKM,Millions of passenger-kilometres,NAT,National transport,TR,Türkiye,2013,2976,
MIO_PKM,Millions of passenger-kilometres,NAT,National transport,TR,Türkiye,2014,3388,
MIO_PKM,Millions of passenger-kilometres,NAT,National transport,TR,Türkiye,2015,3660,
MIO_PKM,Millions of passenger-kilometres,NAT,National transport,TR,Türkiye,2016,3268,
MIO_PKM,Millions of passenger-kilometres,NAT,National transport,TR,Türkiye,2017,3594,
MIO_PKM,Millions of passenger-kilometres,NAT,National transport,TR,Türkiye,2018,4313,
MIO_PKM,Millions of passenger-kilometres,NAT,National transport,TR,Türkiye,2019,4841,
MIO_PKM,Millions of passenger-kilometres,NAT,National transport,TR,Türkiye,2020,1478,
MIO_PKM,Millions of passenger-kilometres,NAT,National transport,TR,Türkiye,2021,2251,
MIO_PKM,Millions of passenger-kilometres,NAT,National transport,TR,Türkiye,2022,5734,
MIO_PKM,Millions of passenger-kilometres,NAT,National transport,TR,Türkiye,2023,6020,
MIO_PKM,Millions of passenger-kilometres,NAT,National transport,TR,Türkiye,2024,6067,
MIO_PKM,Millions of passenger-kilometres,NAT,National transport,UK,United Kingdom,2004,42029,
MIO_PKM,Millions of passenger-kilometres,NAT,National transport,UK,United Kingdom,2005,43157,
MIO_PKM,Millions of passenger-kilometres,NAT,National transport,UK,United Kingdom,2006,45772,
MIO_PKM,Millions of passenger-kilometres,NAT,National transport,UK,United Kingdom,2007,48878,
MIO_PKM,Millions of passenger-kilometres,NAT,National transport,UK,United Kingdom,2008,51348,
MIO_PKM,Millions of passenger-kilometres,NAT,National transport,UK,United Kingdom,2009,51123,
MIO_PKM,Millions of passenger-kilometres,NAT,National transport,UK,United Kingdom,2010,54112,
MIO_PKM,Millions of passenger-kilometres,NAT,National transport,UK,United Kingdom,2011,56707,
MIO_PKM,Millions of passenger-kilometres,NAT,National transport,UK,United Kingdom,2012,58970,
MIO_PKM,Millions of passenger-kilometres,NAT,National transport,UK,United Kingdom,2013,60089,
MIO_PKM,Millions of passenger-kilometres,NAT,National transport,UK,United Kingdom,2014,62806,
MIO_PKM,Millions of passenger-kilometres,NAT,National transport,UK,United Kingdom,2015,64701,
MIO_PKM,Millions of passenger-kilometres,NAT,National transport,UK,United Kingdom,2016,66173,
MIO_PKM,Millions of passenger-kilometres,NAT,National transport,UK,United Kingdom,2017,67040,
MIO_PKM,Millions of passenger-kilometres,NAT,National transport,UK,United Kingdom,2018,67736,
MIO_PKM,Millions of passenger-kilometres,NAT,National transport,UK,United Kingdom,2019,69848,
MIO_PKM,Millions of passenger-kilometres,TOTAL,Total transport,AT,Austria,2004,7865,
MIO_PKM,Millions of passenger-kilometres,TOTAL,Total transport,AT,Austria,2005,8095,
MIO_PKM,Millions of passenger-kilometres,TOTAL,Total transport,AT,Austria,2006,8262,
MIO_PKM,Millions of passenger-kilometres,TOTAL,Total transport,AT,Austria,2007,8514,
MIO_PKM,Millions of passenger-kilometres,TOTAL,Total transport,AT,Austria,2008,9687,
MIO_PKM,Millions of passenger-kilometres,TOTAL,Total transport,AT,Austria,2009,9620,
MIO_PKM,Millions of passenger-kilometres,TOTAL,Total transport,AT,Austria,2010,9713,
MIO_PKM,Millions of passenger-kilometres,TOTAL,Total transport,AT,Austria,2011,10172,
MIO_PKM,Millions of passenger-kilometres,TOTAL,Total transport,AT,Austria,2012,10606,
MIO_PKM,Millions of passenger-kilometres,TOTAL,Total transport,AT,Austria,2013,11188,
MIO_PKM,Millions of passenger-kilometres,TOTAL,Total transport,AT,Austria,2014,11345,
MIO_PKM,Millions of passenger-kilometres,TOTAL,Total transport,AT,Austria,2015,11433,
MIO_PKM,Millions of passenger-kilometres,TOTAL,Total transport,AT,Austria,2016,12021,
MIO_PKM,Millions of passenger-kilometres,TOTAL,Total transport,AT,Austria,2017,12077,
MIO_PKM,Millions of passenger-kilometres,TOTAL,Total transport,AT,Austria,2018,12681,
MIO_PKM,Millions of passenger-kilometres,TOTAL,Total transport,AT,Austria,2019,12761,
MIO_PKM,Millions of passenger-kilometres,TOTAL,Total transport,AT,Austria,2020,6964,
MIO_PKM,Millions of passenger-kilometres,TOTAL,Total transport,AT,Austria,2021,8054,
MIO_PKM,Millions of passenger-kilometres,TOTAL,Total transport,AT,Austria,2022,12371,
MIO_PKM,Millions of passenger-kilometres,TOTAL,Total transport,AT,Austria,2023,14019,
MIO_PKM,Millions of passenger-kilometres,TOTAL,Total transport,AT,Austria,2024,14399,
MIO_PKM,Millions of passenger-kilometres,TOTAL,Total transport,BE,Belgium,2004,9225,
MIO_PKM,Millions of passenger-kilometres,TOTAL,Total transport,BE,Belgium,2005,8510,
MIO_PKM,Millions of passenger-kilometres,TOTAL,Total transport,BE,Belgium,2006,8964,
MIO_PKM,Millions of passenger-kilometres,TOTAL,Total transport,BE,Belgium,2007,9403,
MIO_PKM,Millions of passenger-kilometres,TOTAL,Total transport,BE,Belgium,2008,10139,
MIO_PKM,Millions of passenger-kilometres,TOTAL,Total transport,BE,Belgium,2009,10237,
MIO_PKM,Millions of passenger-kilometres,TOTAL,Total transport,BE,Belgium,2010,10498,
MIO_PKM,Millions of passenger-kilometres,TOTAL,Total transport,BE,Belgium,2011,10498,
MIO_PKM,Millions of passenger-kilometres,TOTAL,Total transport,BG,Bulgaria,2006,2411,
MIO_PKM,Millions of passenger-kilometres,TOTAL,Total transport,BG,Bulgaria,2007,2404,
MIO_PKM,Millions of passenger-kilometres,TOTAL,Total transport,BG,Bulgaria,2008,2317,
MIO_PKM,Millions of passenger-kilometres,TOTAL,Total transport,BG,Bulgaria,2009,2138,
MIO_PKM,Millions of passenger-kilometres,TOTAL,Total transport,BG,Bulgaria,2010,2090,
MIO_PKM,Millions of passenger-kilometres,TOTAL,Total transport,BG,Bulgaria,2011,2059,
MIO_PKM,Millions of passenger-kilometres,TOTAL,Total transport,BG,Bulgaria,2012,1870,
MIO_PKM,Millions of passenger-kilometres,TOTAL,Total transport,BG,Bulgaria,2013,1821,
MIO_PKM,Millions of passenger-kilometres,TOTAL,Total transport,BG,Bulgaria,2014,1698,
MIO_PKM,Millions of passenger-kilometres,TOTAL,Total transport,BG,Bulgaria,2015,1549,
MIO_PKM,Millions of passenger-kilometres,TOTAL,Total transport,BG,Bulgaria,2016,1455,
MIO_PKM,Millions of passenger-kilometres,TOTAL,Total transport,BG,Bulgaria,2017,1434,
MIO_PKM,Millions of passenger-kilometres,TOTAL,Total transport,BG,Bulgaria,2018,1476,
MIO_PKM,Millions of passenger-kilometres,TOTAL,Total transport,BG,Bulgaria,2019,1520,
MIO_PKM,Millions of passenger-kilometres,TOTAL,Total transport,BG,Bulgaria,2020,1118,
MIO_PKM,Millions of passenger-kilometres,TOTAL,Total transport,BG,Bulgaria,2021,1203,
MIO_PKM,Millions of passenger-kilometres,TOTAL,Total transport,BG,Bulgaria,2022,1600,
MIO_PKM,Millions of passenger-kilometres,TOTAL,Total transport,BG,Bulgaria,2023,1592,
MIO_PKM,Millions of passenger-kilometres,TOTAL,Total transport,BG,Bulgaria,2024,1498,
MIO_PKM,Millions of passenger-kilometres,TOTAL,Total transport,BG,Bulgaria,2025,1456,
MIO_PKM,Millions of passenger-kilometres,TOTAL,Total transport,CH,Switzerland,2008,16456,
MIO_PKM,Millions of passenger-kilometres,TOTAL,Total transport,CH,Switzerland,2009,17223,
MIO_PKM,Millions of passenger-kilometres,TOTAL,Total transport,CH,Switzerland,2010,17800,
MIO_PKM,Millions of passenger-kilometres,TOTAL,Total transport,CH,Switzerland,2011,18320,
MIO_PKM,Millions of passenger-kilometres,TOTAL,Total transport,CH,Switzerland,2012,18115,
MIO_PKM,Millions of passenger-kilometres,TOTAL,Total transport,CH,Switzerland,2013,18277,
MIO_PKM,Millions of passenger-kilometres,TOTAL,Total transport,CH,Switzerland,2014,18801,
MIO_PKM,Millions of passenger-kilometres,TOTAL,Total transport,CH,Switzerland,2015,19089,
MIO_PKM,Millions of passenger-kilometres,TOTAL,Total transport,CH,Switzerland,2016,19573,
MIO_PKM,Millions of passenger-kilometres,TOTAL,Total transport,CH,Switzerland,2017,19586,
MIO_PKM,Millions of passenger-kilometres,TOTAL,Total transport,CH,Switzerland,2018,19245,
MIO_PKM,Millions of passenger-kilometres,TOTAL,Total transport,CH,Switzerland,2019,20315,
MIO_PKM,Millions of passenger-kilometres,TOTAL,Total transport,CH,Switzerland,2020,12419,
MIO_PKM,Millions of passenger-kilometres,TOTAL,Total transport,CH,Switzerland,2021,13321,
MIO_PKM,Millions of passenger-kilometres,TOTAL,Total transport,CH,Switzerland,2022,18022,
MIO_PKM,Millions of passenger-kilometres,TOTAL,Total transport,CH,Switzerland,2023,20754,
MIO_PKM,Millions of passenger-kilometres,TOTAL,Total transport,CH,Switzerland,2024,21356,
MIO_PKM,Millions of passenger-kilometres,TOTAL,Total transport,CZ,Czechia,2004,6580,
MIO_PKM,Millions of passenger-kilometres,TOTAL,Total transport,CZ,Czechia,2005,6667,
MIO_PKM,Millions of passenger-kilometres,TOTAL,Total transport,CZ,Czechia,2006,6922,
MIO_PKM,Millions of passenger-kilometres,TOTAL,Total transport,CZ,Czechia,2007,6898,
MIO_PKM,Millions of passenger-kilometres,TOTAL,Total transport,CZ,Czechia,2008,6773,
MIO_PKM,Millions of passenger-kilometres,TOTAL,Total transport,CZ,Czechia,2009,6472,
MIO_PKM,Millions of passenger-kilometres,TOTAL,Total transport,CZ,Czechia,2010,6559,
MIO_PKM,Millions of passenger-kilometres,TOTAL,Total transport,CZ,Czechia,2011,6669,
MIO_PKM,Millions of passenger-kilometres,TOTAL,Total transport,CZ,Czechia,2012,7196,
MIO_PKM,Millions of passenger-kilometres,TOTAL,Total transport,CZ,Czechia,2013,7512,
MIO_PKM,Millions of passenger-kilometres,TOTAL,Total transport,CZ,Czechia,2014,7644,
MIO_PKM,Millions of passenger-kilometres,TOTAL,Total transport,CZ,Czechia,2015,8125,
MIO_PKM,Millions of passenger-kilometres,TOTAL,Total transport,CZ,Czechia,2016,8738,
MIO_PKM,Millions of passenger-kilometres,TOTAL,Total transport,CZ,Czechia,2017,9403,
MIO_PKM,Millions of passenger-kilometres,TOTAL,Total transport,CZ,Czechia,2018,10220,
MIO_PKM,Millions of passenger-kilometres,TOTAL,Total transport,CZ,Czechia,2019,10856,
MIO_PKM,Millions of passenger-kilometres,TOTAL,Total transport,CZ,Czechia,2020,6623,
MIO_PKM,Millions of passenger-kilometres,TOTAL,Total transport,CZ,Czechia,2021,6752,
MIO_PKM,Millions of passenger-kilometres,TOTAL,Total transport,CZ,Czechia,2022,9394,
MIO_PKM,Millions of passenger-kilometres,TOTAL,Total transport,CZ,Czechia,2023,9996,
MIO_PKM,Millions of passenger-kilometres,TOTAL,Total transport,CZ,Czechia,2024,10294,
MIO_PKM,Millions of passenger-kilometres,TOTAL,Total transport,DE,Germany,2004,75903,
MIO_PKM,Millions of passenger-kilometres,TOTAL,Total transport,DE,Germany,2005,74944,
MIO_PKM,Millions of passenger-kilometres,TOTAL,Total transport,DE,Germany,2006,78735,
MIO_PKM,Millions of passenger-kilometres,TOTAL,Total transport,DE,Germany,2007,79098,
MIO_PKM,Millions of passenger-kilometres,TOTAL,Total transport,DE,Germany,2008,82428,
MIO_PKM,Millions of passenger-kilometres,TOTAL,Total transport,DE,Germany,2009,81206,
MIO_PKM,Millions of passenger-kilometres,TOTAL,Total transport,DE,Germany,2010,82837,
MIO_PKM,Millions of passenger-kilometres,TOTAL,Total transport,DE,Germany,2011,89316,
MIO_PKM,Millions of passenger-kilometres,TOTAL,Total transport,DE,Germany,2012,93918,
MIO_PKM,Millions of passenger-kilometres,TOTAL,Total transport,DE,Germany,2013,89450,
MIO_PKM,Millions of passenger-kilometres,TOTAL,Total transport,DE,Germany,2014,90978,
MIO_PKM,Millions of passenger-kilometres,TOTAL,Total transport,DE,Germany,2015,91050,
MIO_PKM,Millions of passenger-kilometres,TOTAL,Total transport,DE,Germany,2016,95465,
MIO_PKM,Millions of passenger-kilometres,TOTAL,Total transport,DE,Germany,2017,95529,
MIO_PKM,Millions of passenger-kilometres,TOTAL,Total transport,DE,Germany,2018,98161,
MIO_PKM,Millions of passenger-kilometres,TOTAL,Total transport,DE,Germany,2019,100252,
MIO_PKM,Millions of passenger-kilometres,TOTAL,Total transport,DE,Germany,2020,57787,
MIO_PKM,Millions of passenger-kilometres,TOTAL,Total transport,DE,Germany,2021,57518,
MIO_PKM,Millions of passenger-kilometres,TOTAL,Total transport,DE,Germany,2022,92313,
MIO_PKM,Millions of passenger-kilometres,TOTAL,Total transport,DE,Germany,2023,101408,
MIO_PKM,Millions of passenger-kilometres,TOTAL,Total transport,DE,Germany,2024,109135,
MIO_PKM,Millions of passenger-kilometres,TOTAL,Total transport,DK,Denmark,2004,5716,
MIO_PKM,Millions of passenger-kilometres,TOTAL,Total transport,DK,Denmark,2005,5755,
MIO_PKM,Millions of passenger-kilometres,TOTAL,Total transport,DK,Denmark,2006,5890,
MIO_PKM,Millions of passenger-kilometres,TOTAL,Total transport,DK,Denmark,2007,5979,
MIO_PKM,Millions of passenger-kilometres,TOTAL,Total transport,DK,Denmark,2008,6083,
MIO_PKM,Millions of passenger-kilometres,TOTAL,Total transport,DK,Denmark,2009,5967,
MIO_PKM,Millions of passenger-kilometres,TOTAL,Total transport,DK,Denmark,2010,6148,
MIO_PKM,Millions of passenger-kilometres,TOTAL,Total transport,DK,Denmark,2011,6395,
MIO_PKM,Millions of passenger-kilometres,TOTAL,Total transport,DK,Denmark,2012,6534,
MIO_PKM,Millions of passenger-kilometres,TOTAL,Total transport,DK,Denmark,2013,6566,
MIO_PKM,Millions of passenger-kilometres,TOTAL,Total transport,DK,Denmark,2014,6513,
MIO_PKM,Millions of passenger-kilometres,TOTAL,Total transport,DK,Denmark,2015,6507,
MIO_PKM,Millions of passenger-kilometres,TOTAL,Total transport,DK,Denmark,2016,6332,
MIO_PKM,Millions of passenger-kilometres,TOTAL,Total transport,DK,Denmark,2017,6280,
MIO_PKM,Millions of passenger-kilometres,TOTAL,Total transport,DK,Denmark,2018,6182,
MIO_PKM,Millions of passenger-kilometres,TOTAL,Total transport,DK,Denmark,2019,6174,
MIO_PKM,Millions of passenger-kilometres,TOTAL,Total transport,DK,Denmark,2020,3940,
MIO_PKM,Millions of passenger-kilometres,TOTAL,Total transport,DK,Denmark,2021,4181,
MIO_PKM,Millions of passenger-kilometres,TOTAL,Total transport,DK,Denmark,2022,5822,
MIO_PKM,Millions of passenger-kilometres,TOTAL,Total transport,DK,Denmark,2023,6031,
MIO_PKM,Millions of passenger-kilometres,TOTAL,Total transport,DK,Denmark,2024,6481,
MIO_PKM,Millions of passenger-kilometres,TOTAL,Total transport,EE,Estonia,2004,193,
MIO_PKM,Millions of passenger-kilometres,TOTAL,Total transport,EE,Estonia,2005,248,
MIO_PKM,Millions of passenger-kilometres,TOTAL,Total transport,EE,Estonia,2006,257,
MIO_PKM,Millions of passenger-kilometres,TOTAL,Total transport,EE,Estonia,2007,274,
MIO_PKM,Millions of passenger-kilometres,TOTAL,Total transport,EE,Estonia,2008,274,
MIO_PKM,Millions of passenger-kilometres,TOTAL,Total transport,EE,Estonia,2009,249,
MIO_PKM,Millions of passenger-kilometres,TOTAL,Total transport,EE,Estonia,2010,247,
MIO_PKM,Millions of passenger-kilometres,TOTAL,Total transport,EE,Estonia,2011,243,
MIO_PKM,Millions of passenger-kilometres,TOTAL,Total transport,EE,Estonia,2012,235,
MIO_PKM,Millions of passenger-kilometres,TOTAL,Total transport,EE,Estonia,2013,223,
MIO_PKM,Millions of passenger-kilometres,TOTAL,Total transport,EE,Estonia,2014,280,
MIO_PKM,Millions of passenger-kilometres,TOTAL,Total transport,EE,Estonia,2015,286,
MIO_PKM,Millions of passenger-kilometres,TOTAL,Total transport,EE,Estonia,2016,316,
MIO_PKM,Millions of passenger-kilometres,TOTAL,Total transport,EE,Estonia,2017,366,
MIO_PKM,Millions of passenger-kilometres,TOTAL,Total transport,EE,Estonia,2018,417,
MIO_PKM,Millions of passenger-kilometres,TOTAL,Total transport,EE,Estonia,2019,392,
MIO_PKM,Millions of passenger-kilometres,TOTAL,Total transport,EE,Estonia,2020,263,
MIO_PKM,Millions of passenger-kilometres,TOTAL,Total transport,EE,Estonia,2021,290,
MIO_PKM,Millions of passenger-kilometres,TOTAL,Total transport,EE,Estonia,2022,382,
MIO_PKM,Millions of passenger-kilometres,TOTAL,Total transport,EE,Estonia,2023,408,
MIO_PKM,Millions of passenger-kilometres,TOTAL,Total transport,EE,Estonia,2024,385,
MIO_PKM,Millions of passenger-kilometres,TOTAL,Total transport,EL,Greece,2004,1668,
MIO_PKM,Millions of passenger-kilometres,TOTAL,Total transport,EL,Greece,2005,1854,
MIO_PKM,Millions of passenger-kilometres,TOTAL,Total transport,EL,Greece,2006,1811,
MIO_PKM,Millions of passenger-kilometres,TOTAL,Total transport,EL,Greece,2007,1930,
MIO_PKM,Millions of passenger-kilometres,TOTAL,Total transport,EL,Greece,2008,1657,
MIO_PKM,Millions of passenger-kilometres,TOTAL,Total transport,EL,Greece,2009,1467,
MIO_PKM,Millions of passenger-kilometres,TOTAL,Total transport,EL,Greece,2010,1383,
MIO_PKM,Millions of passenger-kilometres,TOTAL,Total transport,EL,Greece,2011,958,
MIO_PKM,Millions of passenger-kilometres,TOTAL,Total transport,EL,Greece,2012,832,
MIO_PKM,Millions of passenger-kilometres,TOTAL,Total transport,EL,Greece,2013,1056,
MIO_PKM,Millions of passenger-kilometres,TOTAL,Total transport,EL,Greece,2014,1072,
MIO_PKM,Millions of passenger-kilometres,TOTAL,Total transport,EL,Greece,2015,1263,
MIO_PKM,Millions of passenger-kilometres,TOTAL,Total transport,EL,Greece,2016,1192,
MIO_PKM,Millions of passenger-kilometres,TOTAL,Total transport,EL,Greece,2017,1112,
MIO_PKM,Millions of passenger-kilometres,TOTAL,Total transport,EL,Greece,2018,1104,
MIO_PKM,Millions of passenger-kilometres,TOTAL,Total transport,EL,Greece,2019,1252,
MIO_PKM,Millions of passenger-kilometres,TOTAL,Total transport,EL,Greece,2020,640,
MIO_PKM,Millions of passenger-kilometres,TOTAL,Total transport,EL,Greece,2021,653,
MIO_PKM,Millions of passenger-kilometres,TOTAL,Total transport,EL,Greece,2022,1117,
MIO_PKM,Millions of passenger-kilometres,TOTAL,Total transport,EL,Greece,2023,673,
MIO_PKM,Millions of passenger-kilometres,TOTAL,Total transport,EL,Greece,2024,727,
MIO_PKM,Millions of passenger-kilometres,TOTAL,Total transport,ES,Spain,2004,20238,
MIO_PKM,Millions of passenger-kilometres,TOTAL,Total transport,ES,Spain,2005,21047,
MIO_PKM,Millions of passenger-kilometres,TOTAL,Total transport,ES,Spain,2006,21519,
MIO_PKM,Millions of passenger-kilometres,TOTAL,Total transport,ES,Spain,2007,21236,
MIO_PKM,Millions of passenger-kilometres,TOTAL,Total transport,ES,Spain,2008,23336,
MIO_PKM,Millions of passenger-kilometres,TOTAL,Total transport,ES,Spain,2009,22742,
MIO_PKM,Millions of passenger-kilometres,TOTAL,Total transport,ES,Spain,2010,22044,
MIO_PKM,Millions of passenger-kilometres,TOTAL,Total transport,ES,Spain,2011,22645,
MIO_PKM,Millions of passenger-kilometres,TOTAL,Total transport,ES,Spain,2012,22170,
MIO_PKM,Millions of passenger-kilometres,TOTAL,Total transport,ES,Spain,2013,23660,
MIO_PKM,Millions of passenger-kilometres,TOTAL,Total transport,ES,Spain,2014,24915,
MIO_PKM,Millions of passenger-kilometres,TOTAL,Total transport,ES,Spain,2015,26018,
MIO_PKM,Millions of passenger-kilometres,TOTAL,Total transport,ES,Spain,2016,26532,
MIO_PKM,Millions of passenger-kilometres,TOTAL,Total transport,ES,Spain,2017,27374,
MIO_PKM,Millions of passenger-kilometres,TOTAL,Total transport,ES,Spain,2018,28317,
MIO_PKM,Millions of passenger-kilometres,TOTAL,Total transport,ES,Spain,2019,28703,
MIO_PKM,Millions of passenger-kilometres,TOTAL,Total transport,ES,Spain,2020,11987,
MIO_PKM,Millions of passenger-kilometres,TOTAL,Total transport,ES,Spain,2021,17002,
MIO_PKM,Millions of passenger-kilometres,TOTAL,Total transport,ES,Spain,2022,27489,
MIO_PKM,Millions of passenger-kilometres,TOTAL,Total transport,ES,Spain,2023,34632,
MIO_PKM,Millions of passenger-kilometres,TOTAL,Total transport,ES,Spain,2024,38038,
MIO_PKM,Millions of passenger-kilometres,TOTAL,Total transport,ES,Spain,2025,38274,
MIO_PKM,Millions of passenger-kilometres,TOTAL,Total transport,EU27_2007,European Union - 27 countries (2007-2013),2006,383234,
MIO_PKM,Millions of passenger-kilometres,TOTAL,Total transport,EU27_2007,European Union - 27 countries (2007-2013),2007,390212,
MIO_PKM,Millions of passenger-kilometres,TOTAL,Total transport,EU27_2020,European Union - 27 countries (from 2020),2006,337259,
MIO_PKM,Millions of passenger-kilometres,TOTAL,Total transport,EU27_2020,European Union - 27 countries (from 2020),2007,341311,
MIO_PKM,Millions of passenger-kilometres,TOTAL,Total transport,EU28,European Union - 28 countries (2013-2020),2006,384556,
MIO_PKM,Millions of passenger-kilometres,TOTAL,Total transport,EU28,European Union - 28 countries (2013-2020),2007,391785,
MIO_PKM,Millions of passenger-kilometres,TOTAL,Total transport,FI,Finland,2004,3352,
MIO_PKM,Millions of passenger-kilometres,TOTAL,Total transport,FI,Finland,2005,3478,
MIO_PKM,Millions of passenger-kilometres,TOTAL,Total transport,FI,Finland,2006,3540,
MIO_PKM,Millions of passenger-kilometres,TOTAL,Total transport,FI,Finland,2007,3778,
MIO_PKM,Millions of passenger-kilometres,TOTAL,Total transport,FI,Finland,2008,4052,
MIO_PKM,Millions of passenger-kilometres,TOTAL,Total transport,FI,Finland,2009,3876,
MIO_PKM,Millions of passenger-kilometres,TOTAL,Total transport,FI,Finland,2010,3959,
MIO_PKM,Millions of passenger-kilometres,TOTAL,Total transport,FI,Finland,2011,3882,
MIO_PKM,Millions of passenger-kilometres,TOTAL,Total transport,FI,Finland,2012,4035,
MIO_PKM,Millions of passenger-kilometres,TOTAL,Total transport,FI,Finland,2013,4053,
MIO_PKM,Millions of passenger-kilometres,TOTAL,Total transport,FI,Finland,2014,3874,
MIO_PKM,Millions of passenger-kilometres,TOTAL,Total transport,FI,Finland,2015,4114,
MIO_PKM,Millions of passenger-kilometres,TOTAL,Total transport,FI,Finland,2016,3868,
MIO_PKM,Millions of passenger-kilometres,TOTAL,Total transport,FI,Finland,2017,4271,
MIO_PKM,Millions of passenger-kilometres,TOTAL,Total transport,FI,Finland,2018,4535,
MIO_PKM,Millions of passenger-kilometres,TOTAL,Total transport,FI,Finland,2019,4924,
MIO_PKM,Millions of passenger-kilometres,TOTAL,Total transport,FI,Finland,2020,2820,
MIO_PKM,Millions of passenger-kilometres,TOTAL,Total transport,FI,Finland,2021,2903,
MIO_PKM,Millions of passenger-kilometres,TOTAL,Total transport,FI,Finland,2022,4572,
MIO_PKM,Millions of passenger-kilometres,TOTAL,Total transport,FI,Finland,2023,5199,
MIO_PKM,Millions of passenger-kilometres,TOTAL,Total transport,FI,Finland,2024,5436,
MIO_PKM,Millions of passenger-kilometres,TOTAL,Total transport,FR,France,2004,74359,
MIO_PKM,Millions of passenger-kilometres,TOTAL,Total transport,FR,France,2005,76884,
MIO_PKM,Millions of passenger-kilometres,TOTAL,Total transport,FR,France,2006,79809,
MIO_PKM,Millions of passenger-kilometres,TOTAL,Total transport,FR,France,2007,81961,
MIO_PKM,Millions of passenger-kilometres,TOTAL,Total transport,FR,France,2008,86516,
MIO_PKM,Millions of passenger-kilometres,TOTAL,Total transport,FR,France,2009,88610,
MIO_PKM,Millions of passenger-kilometres,TOTAL,Total transport,FR,France,2011,91298,
MIO_PKM,Millions of passenger-kilometres,TOTAL,Total transport,FR,France,2012,91205,
MIO_PKM,Millions of passenger-kilometres,TOTAL,Total transport,FR,France,2013,90485,
MIO_PKM,Millions of passenger-kilometres,TOTAL,Total transport,FR,France,2014,89499,
MIO_PKM,Millions of passenger-kilometres,TOTAL,Total transport,FR,France,2015,91377,
MIO_PKM,Millions of passenger-kilometres,TOTAL,Total transport,FR,France,2016,91832,
MIO_PKM,Millions of passenger-kilometres,TOTAL,Total transport,FR,France,2017,92331,
MIO_PKM,Millions of passenger-kilometres,TOTAL,Total transport,FR,France,2018,89186,
MIO_PKM,Millions of passenger-kilometres,TOTAL,Total transport,FR,France,2019,93504,
MIO_PKM,Millions of passenger-kilometres,TOTAL,Total transport,FR,France,2020,53926,
MIO_PKM,Millions of passenger-kilometres,TOTAL,Total transport,FR,France,2021,70481,
MIO_PKM,Millions of passenger-kilometres,TOTAL,Total transport,FR,France,2022,95635,
MIO_PKM,Millions of passenger-kilometres,TOTAL,Total transport,FR,France,2023,101316,
MIO_PKM,Millions of passenger-kilometres,TOTAL,Total transport,FR,France,2024,107346,
MIO_PKM,Millions of passenger-kilometres,TOTAL,Total transport,HR,Croatia,2004,1169,
MIO_PKM,Millions of passenger-kilometres,TOTAL,Total transport,HR,Croatia,2005,1227,
MIO_PKM,Millions of passenger-kilometres,TOTAL,Total transport,HR,Croatia,2006,1322,
MIO_PKM,Millions of passenger-kilometres,TOTAL,Total transport,HR,Croatia,2007,1573,
MIO_PKM,Millions of passenger-kilometres,TOTAL,Total transport,HR,Croatia,2008,1769,
MIO_PKM,Millions of passenger-kilometres,TOTAL,Total transport,HR,Croatia,2009,1802,
MIO_PKM,Millions of passenger-kilometres,TOTAL,Total transport,HR,Croatia,2010,1711,
MIO_PKM,Millions of passenger-kilometres,TOTAL,Total transport,HR,Croatia,2011,1457,
MIO_PKM,Millions of passenger-kilometres,TOTAL,Total transport,HR,Croatia,2012,1080,
MIO_PKM,Millions of passenger-kilometres,TOTAL,Total transport,HR,Croatia,2013,935,
MIO_PKM,Millions of passenger-kilometres,TOTAL,Total transport,HR,Croatia,2014,917,
MIO_PKM,Millions of passenger-kilometres,TOTAL,Total transport,HR,Croatia,2015,941,
MIO_PKM,Millions of passenger-kilometres,TOTAL,Total transport,HR,Croatia,2016,827,
MIO_PKM,Millions of passenger-kilometres,TOTAL,Total transport,HR,Croatia,2017,736,
MIO_PKM,Millions of passenger-kilometres,TOTAL,Total transport,HR,Croatia,2018,747,
MIO_PKM,Millions of passenger-kilometres,TOTAL,Total transport,HR,Croatia,2019,724,
MIO_PKM,Millions of passenger-kilometres,TOTAL,Total transport,HR,Croatia,2020,448,
MIO_PKM,Millions of passenger-kilometres,TOTAL,Total transport,HR,Croatia,2021,538,
MIO_PKM,Millions of passenger-kilometres,TOTAL,Total transport,HR,Croatia,2022,812,
MIO_PKM,Millions of passenger-kilometres,TOTAL,Total transport,HR,Croatia,2023,1142,
MIO_PKM,Millions of passenger-kilometres,TOTAL,Total transport,HR,Croatia,2024,1148,
MIO_PKM,Millions of passenger-kilometres,TOTAL,Total transport,HR,Croatia,2025,1229,
MIO_PKM,Millions of passenger-kilometres,TOTAL,Total transport,HU,Hungary,2004,10406,
MIO_PKM,Millions of passenger-kilometres,TOTAL,Total transport,HU,Hungary,2005,9714,
MIO_PKM,Millions of passenger-kilometres,TOTAL,Total transport,HU,Hungary,2006,9524,
MIO_PKM,Millions of passenger-kilometres,TOTAL,Total transport,HU,Hungary,2007,8752,
MIO_PKM,Millions of passenger-kilometres,TOTAL,Total transport,HU,Hungary,2008,8291,
MIO_PKM,Millions of passenger-kilometres,TOTAL,Total transport,HU,Hungary,2009,8003,
MIO_PKM,Millions of passenger-kilometres,TOTAL,Total transport,HU,Hungary,2010,7653,
MIO_PKM,Millions of passenger-kilometres,TOTAL,Total transport,HU,Hungary,2011,7763,
MIO_PKM,Millions of passenger-kilometres,TOTAL,Total transport,HU,Hungary,2012,7769,
MIO_PKM,Millions of passenger-kilometres,TOTAL,Total transport,HU,Hungary,2013,7806,
MIO_PKM,Millions of passenger-kilometres,TOTAL,Total transport,HU,Hungary,2014,7710,
MIO_PKM,Millions of passenger-kilometres,TOTAL,Total transport,HU,Hungary,2024,14988,
MIO_PKM,Millions of passenger-kilometres,TOTAL,Total transport,IE,Ireland,2004,1582,
MIO_PKM,Millions of passenger-kilometres,TOTAL,Total transport,IE,Ireland,2005,1781,
MIO_PKM,Millions of passenger-kilometres,TOTAL,Total transport,IE,Ireland,2006,1872,
MIO_PKM,Millions of passenger-kilometres,TOTAL,Total transport,IE,Ireland,2007,2007,
MIO_PKM,Millions of passenger-kilometres,TOTAL,Total transport,IE,Ireland,2008,1976,
MIO_PKM,Millions of passenger-kilometres,TOTAL,Total transport,IE,Ireland,2009,1683,
MIO_PKM,Millions of passenger-kilometres,TOTAL,Total transport,IE,Ireland,2010,1678,
MIO_PKM,Millions of passenger-kilometres,TOTAL,Total transport,IE,Ireland,2011,1638,
MIO_PKM,Millions of passenger-kilometres,TOTAL,Total transport,IE,Ireland,2012,1578,
MIO_PKM,Millions of passenger-kilometres,TOTAL,Total transport,IE,Ireland,2013,1569,
MIO_PKM,Millions of passenger-kilometres,TOTAL,Total transport,IE,Ireland,2014,1728,
MIO_PKM,Millions of passenger-kilometres,TOTAL,Total transport,IE,Ireland,2015,1918,
MIO_PKM,Millions of passenger-kilometres,TOTAL,Total transport,IE,Ireland,2016,1991,
MIO_PKM,Millions of passenger-kilometres,TOTAL,Total transport,IE,Ireland,2017,2122,
MIO_PKM,Millions of passenger-kilometres,TOTAL,Total transport,IE,Ireland,2018,2281,
MIO_PKM,Millions of passenger-kilometres,TOTAL,Total transport,IE,Ireland,2019,2399,
MIO_PKM,Millions of passenger-kilometres,TOTAL,Total transport,IE,Ireland,2020,834,
MIO_PKM,Millions of passenger-kilometres,TOTAL,Total transport,IE,Ireland,2021,870,
MIO_PKM,Millions of passenger-kilometres,TOTAL,Total transport,IE,Ireland,2022,1748,
MIO_PKM,Millions of passenger-kilometres,TOTAL,Total transport,IE,Ireland,2023,2235,
MIO_PKM,Millions of passenger-kilometres,TOTAL,Total transport,IE,Ireland,2024,2486,
MIO_PKM,Millions of passenger-kilometres,TOTAL,Total transport,IE,Ireland,2025,2812,
MIO_PKM,Millions of passenger-kilometres,TOTAL,Total transport,IT,Italy,2004,45577,
MIO_PKM,Millions of passenger-kilometres,TOTAL,Total transport,IT,Italy,2005,46144,
MIO_PKM,Millions of passenger-kilometres,TOTAL,Total transport,IT,Italy,2006,46439,
MIO_PKM,Millions of passenger-kilometres,TOTAL,Total transport,IT,Italy,2007,45985,
MIO_PKM,Millions of passenger-kilometres,TOTAL,Total transport,IT,Italy,2008,45767,
MIO_PKM,Millions of passenger-kilometres,TOTAL,Total transport,IT,Italy,2009,44404,
MIO_PKM,Millions of passenger-kilometres,TOTAL,Total transport,IT,Italy,2010,43349,
MIO_PKM,Millions of passenger-kilometres,TOTAL,Total transport,IT,Italy,2011,45944,
MIO_PKM,Millions of passenger-kilometres,TOTAL,Total transport,IT,Italy,2012,45753,
MIO_PKM,Millions of passenger-kilometres,TOTAL,Total transport,IT,Italy,2013,47707,
MIO_PKM,Millions of passenger-kilometres,TOTAL,Total transport,IT,Italy,2014,48881,
MIO_PKM,Millions of passenger-kilometres,TOTAL,Total transport,IT,Italy,2015,51121,
MIO_PKM,Millions of passenger-kilometres,TOTAL,Total transport,IT,Italy,2016,51716,
MIO_PKM,Millions of passenger-kilometres,TOTAL,Total transport,IT,Italy,2017,52778,
MIO_PKM,Millions of passenger-kilometres,TOTAL,Total transport,IT,Italy,2018,55037,
MIO_PKM,Millions of passenger-kilometres,TOTAL,Total transport,IT,Italy,2019,56160,
MIO_PKM,Millions of passenger-kilometres,TOTAL,Total transport,IT,Italy,2020,22064,
MIO_PKM,Millions of passenger-kilometres,TOTAL,Total transport,IT,Italy,2021,27444,
MIO_PKM,Millions of passenger-kilometres,TOTAL,Total transport,IT,Italy,2022,46143,
MIO_PKM,Millions of passenger-kilometres,TOTAL,Total transport,IT,Italy,2023,54791,
MIO_PKM,Millions of passenger-kilometres,TOTAL,Total transport,IT,Italy,2024,55872,
MIO_PKM,Millions of passenger-kilometres,TOTAL,Total transport,LT,Lithuania,2004,283,
MIO_PKM,Millions of passenger-kilometres,TOTAL,Total transport,LT,Lithuania,2005,280,
MIO_PKM,Millions of passenger-kilometres,TOTAL,Total transport,LT,Lithuania,2006,268,
MIO_PKM,Millions of passenger-kilometres,TOTAL,Total transport,LT,Lithuania,2007,246,
MIO_PKM,Millions of passenger-kilometres,TOTAL,Total transport,LT,Lithuania,2008,258,
MIO_PKM,Millions of passenger-kilometres,TOTAL,Total transport,LT,Lithuania,2009,231,
MIO_PKM,Millions of passenger-kilometres,TOTAL,Total transport,LT,Lithuania,2010,244,
MIO_PKM,Millions of passenger-kilometres,TOTAL,Total transport,LT,Lithuania,2011,269,
MIO_PKM,Millions of passenger-kilometres,TOTAL,Total transport,LT,Lithuania,2012,278,
MIO_PKM,Millions of passenger-kilometres,TOTAL,Total transport,LT,Lithuania,2013,278,
MIO_PKM,Millions of passenger-kilometres,TOTAL,Total transport,LT,Lithuania,2014,270,
MIO_PKM,Millions of passenger-kilometres,TOTAL,Total transport,LT,Lithuania,2015,262,
MIO_PKM,Millions of passenger-kilometres,TOTAL,Total transport,LT,Lithuania,2016,280,
MIO_PKM,Millions of passenger-kilometres,TOTAL,Total transport,LT,Lithuania,2017,315,
MIO_PKM,Millions of passenger-kilometres,TOTAL,Total transport,LT,Lithuania,2018,354,
MIO_PKM,Millions of passenger-kilometres,TOTAL,Total transport,LT,Lithuania,2019,359,
MIO_PKM,Millions of passenger-kilometres,TOTAL,Total transport,LT,Lithuania,2020,237,
MIO_PKM,Millions of passenger-kilometres,TOTAL,Total transport,LT,Lithuania,2021,287,
MIO_PKM,Millions of passenger-kilometres,TOTAL,Total transport,LT,Lithuania,2022,382,
MIO_PKM,Millions of passenger-kilometres,TOTAL,Total transport,LT,Lithuania,2023,392,
MIO_PKM,Millions of passenger-kilometres,TOTAL,Total transport,LT,Lithuania,2024,441,
MIO_PKM,Millions of passenger-kilometres,TOTAL,Total transport,LT,Lithuania,2025,475,
MIO_PKM,Millions of passenger-kilometres,TOTAL,Total transport,LU,Luxembourg,2004,253,
MIO_PKM,Millions of passenger-kilometres,TOTAL,Total transport,LU,Luxembourg,2005,267,
MIO_PKM,Millions of passenger-kilometres,TOTAL,Total transport,LU,Luxembourg,2006,298,
MIO_PKM,Millions of passenger-kilometres,TOTAL,Total transport,LU,Luxembourg,2007,316,
MIO_PKM,Millions of passenger-kilometres,TOTAL,Total transport,LU,Luxembourg,2008,345,
MIO_PKM,Millions of passenger-kilometres,TOTAL,Total transport,LU,Luxembourg,2010,347,
MIO_PKM,Millions of passenger-kilometres,TOTAL,Total transport,LU,Luxembourg,2011,349,
MIO_PKM,Millions of passenger-kilometres,TOTAL,Total transport,LU,Luxembourg,2012,373,
MIO_PKM,Millions of passenger-kilometres,TOTAL,Total transport,LU,Luxembourg,2013,394,
MIO_PKM,Millions of passenger-kilometres,TOTAL,Total transport,LU,Luxembourg,2014,366,
MIO_PKM,Millions of passenger-kilometres,TOTAL,Total transport,LU,Luxembourg,2015,418,
MIO_PKM,Millions of passenger-kilometres,TOTAL,Total transport,LU,Luxembourg,2016,417,
MIO_PKM,Millions of passenger-kilometres,TOTAL,Total transport,LU,Luxembourg,2017,438,
MIO_PKM,Millions of passenger-kilometres,TOTAL,Total transport,LU,Luxembourg,2018,443,
MIO_PKM,Millions of passenger-kilometres,TOTAL,Total transport,LU,Luxembourg,2019,463,
MIO_PKM,Millions of passenger-kilometres,TOTAL,Total transport,LU,Luxembourg,2020,268,
MIO_PKM,Millions of passenger-kilometres,TOTAL,Total transport,LU,Luxembourg,2021,304,
MIO_PKM,Millions of passenger-kilometres,TOTAL,Total transport,LU,Luxembourg,2022,389,
MIO_PKM,Millions of passenger-kilometres,TOTAL,Total transport,LU,Luxembourg,2023,505,
MIO_PKM,Millions of passenger-kilometres,TOTAL,Total transport,LU,Luxembourg,2024,556,
MIO_PKM,Millions of passenger-kilometres,TOTAL,Total transport,LV,Latvia,2004,806,
MIO_PKM,Millions of passenger-kilometres,TOTAL,Total transport,LV,Latvia,2005,889,
MIO_PKM,Millions of passenger-kilometres,TOTAL,Total transport,LV,Latvia,2006,986,
MIO_PKM,Millions of passenger-kilometres,TOTAL,Total transport,LV,Latvia,2007,975,
MIO_PKM,Millions of passenger-kilometres,TOTAL,Total transport,LV,Latvia,2008,941,
MIO_PKM,Millions of passenger-kilometres,TOTAL,Total transport,LV,Latvia,2009,748,
MIO_PKM,Millions of passenger-kilometres,TOTAL,Total transport,LV,Latvia,2010,741,
MIO_PKM,Millions of passenger-kilometres,TOTAL,Total transport,LV,Latvia,2011,733,
MIO_PKM,Millions of passenger-kilometres,TOTAL,Total transport,LV,Latvia,2012,717,
MIO_PKM,Millions of passenger-kilometres,TOTAL,Total transport,LV,Latvia,2013,721,
MIO_PKM,Millions of passenger-kilometres,TOTAL,Total transport,LV,Latvia,2014,644,
MIO_PKM,Millions of passenger-kilometres,TOTAL,Total transport,LV,Latvia,2015,590,
MIO_PKM,Millions of passenger-kilometres,TOTAL,Total transport,LV,Latvia,2016,584,
MIO_PKM,Millions of passenger-kilometres,TOTAL,Total transport,LV,Latvia,2017,596,
MIO_PKM,Millions of passenger-kilometres,TOTAL,Total transport,LV,Latvia,2018,624,
MIO_PKM,Millions of passenger-kilometres,TOTAL,Total transport,LV,Latvia,2019,643,
MIO_PKM,Millions of passenger-kilometres,TOTAL,Total transport,LV,Latvia,2020,413,
MIO_PKM,Millions of passenger-kilometres,TOTAL,Total transport,LV,Latvia,2021,361,
MIO_PKM,Millions of passenger-kilometres,TOTAL,Total transport,LV,Latvia,2022,541,
MIO_PKM,Millions of passenger-kilometres,TOTAL,Total transport,LV,Latvia,2023,612,
MIO_PKM,Millions of passenger-kilometres,TOTAL,Total transport,LV,Latvia,2024,698,
MIO_PKM,Millions of passenger-kilometres,TOTAL,Total transport,LV,Latvia,2025,746,
MIO_PKM,Millions of passenger-kilometres,TOTAL,Total transport,MK,North Macedonia,2009,155,
MIO_PKM,Millions of passenger-kilometres,TOTAL,Total transport,MK,North Macedonia,2010,155,
MIO_PKM,Millions of passenger-kilometres,TOTAL,Total transport,MK,North Macedonia,2011,145,
MIO_PKM,Millions of passenger-kilometres,TOTAL,Total transport,MK,North Macedonia,2012,99,
MIO_PKM,Millions of passenger-kilometres,TOTAL,Total transport,MK,North Macedonia,2013,80,
MIO_PKM,Millions of passenger-kilometres,TOTAL,Total transport,MK,North Macedonia,2014,80,
MIO_PKM,Millions of passenger-kilometres,TOTAL,Total transport,MK,North Macedonia,2015,177,
MIO_PKM,Millions of passenger-kilometres,TOTAL,Total transport,MK,North Macedonia,2016,83,
MIO_PKM,Millions of passenger-kilometres,TOTAL,Total transport,MK,North Macedonia,2017,59,
MIO_PKM,Millions of passenger-kilometres,TOTAL,Total transport,MK,North Macedonia,2018,63,
MIO_PKM,Millions of passenger-kilometres,TOTAL,Total transport,MK,North Macedonia,2019,62,
MIO_PKM,Millions of passenger-kilometres,TOTAL,Total transport,MK,North Macedonia,2020,25,
MIO_PKM,Millions of passenger-kilometres,TOTAL,Total transport,MK,North Macedonia,2021,25,
MIO_PKM,Millions of passenger-kilometres,TOTAL,Total transport,MK,North Macedonia,2022,46,
MIO_PKM,Millions of passenger-kilometres,TOTAL,Total transport,MK,North Macedonia,2023,32,
MIO_PKM,Millions of passenger-kilometres,TOTAL,Total transport,MK,North Macedonia,2024,26,
MIO_PKM,Millions of passenger-kilometres,TOTAL,Total transport,MK,North Macedonia,2025,19,
MIO_PKM,Millions of passenger-kilometres,TOTAL,Total transport,NL,Netherlands,2004,14348,
MIO_PKM,Millions of passenger-kilometres,TOTAL,Total transport,NL,Netherlands,2005,14983,
MIO_PKM,Millions of passenger-kilometres,TOTAL,Total transport,NL,Netherlands,2006,15696,
MIO_PKM,Millions of passenger-kilometres,TOTAL,Total transport,NL,Netherlands,2007,15888,
MIO_PKM,Millions of passenger-kilometres,TOTAL,Total transport,NL,Netherlands,2015,18338,
MIO_PKM,Millions of passenger-kilometres,TOTAL,Total transport,NL,Netherlands,2016,18531,
MIO_PKM,Millions of passenger-kilometres,TOTAL,Total transport,NL,Netherlands,2017,18438,
MIO_PKM,Millions of passenger-kilometres,TOTAL,Total transport,NL,Netherlands,2018,18895,
MIO_PKM,Millions of passenger-kilometres,TOTAL,Total transport,NL,Netherlands,2019,19353,
MIO_PKM,Millions of passenger-kilometres,TOTAL,Total transport,NL,Netherlands,2020,9164,
MIO_PKM,Millions of passenger-kilometres,TOTAL,Total transport,NL,Netherlands,2021,10852,
MIO_PKM,Millions of passenger-kilometres,TOTAL,Total transport,NL,Netherlands,2022,17105,
MIO_PKM,Millions of passenger-kilometres,TOTAL,Total transport,NL,Netherlands,2023,19195,
MIO_PKM,Millions of passenger-kilometres,TOTAL,Total transport,NL,Netherlands,2024,17578,b
MIO_PKM,Millions of passenger-kilometres,TOTAL,Total transport,NL,Netherlands,2025,17801,
MIO_PKM,Millions of passenger-kilometres,TOTAL,Total transport,NO,Norway,2004,2620,
MIO_PKM,Millions of passenger-kilometres,TOTAL,Total transport,NO,Norway,2005,2709,
MIO_PKM,Millions of passenger-kilometres,TOTAL,Total transport,NO,Norway,2006,2820,
MIO_PKM,Millions of passenger-kilometres,TOTAL,Total transport,NO,Norway,2007,2861,
MIO_PKM,Millions of passenger-kilometres,TOTAL,Total transport,NO,Norway,2008,3020,
MIO_PKM,Millions of passenger-kilometres,TOTAL,Total transport,NO,Norway,2009,2970,
MIO_PKM,Millions of passenger-kilometres,TOTAL,Total transport,NO,Norway,2010,3076,
MIO_PKM,Millions of passenger-kilometres,TOTAL,Total transport,NO,Norway,2011,3076,
MIO_PKM,Millions of passenger-kilometres,TOTAL,Total transport,NO,Norway,2012,3092,
MIO_PKM,Millions of passenger-kilometres,TOTAL,Total transport,NO,Norway,2013,3260,
MIO_PKM,Millions of passenger-kilometres,TOTAL,Total transport,NO,Norway,2014,3440,
MIO_PKM,Millions of passenger-kilometres,TOTAL,Total transport,NO,Norway,2015,3555,
MIO_PKM,Millions of passenger-kilometres,TOTAL,Total transport,NO,Norway,2016,3695,
MIO_PKM,Millions of passenger-kilometres,TOTAL,Total transport,NO,Norway,2017,3584,
MIO_PKM,Millions of passenger-kilometres,TOTAL,Total transport,NO,Norway,2018,3722,
MIO_PKM,Millions of passenger-kilometres,TOTAL,Total transport,NO,Norway,2019,3715,
MIO_PKM,Millions of passenger-kilometres,TOTAL,Total transport,NO,Norway,2020,1804,
MIO_PKM,Millions of passenger-kilometres,TOTAL,Total transport,NO,Norway,2021,1780,
MIO_PKM,Millions of passenger-kilometres,TOTAL,Total transport,NO,Norway,2022,3079,
MIO_PKM,Millions of passenger-kilometres,TOTAL,Total transport,NO,Norway,2023,3513,
MIO_PKM,Millions of passenger-kilometres,TOTAL,Total transport,NO,Norway,2024,3876,
MIO_PKM,Millions of passenger-kilometres,TOTAL,Total transport,NO,Norway,2025,3968,
MIO_PKM,Millions of passenger-kilometres,TOTAL,Total transport,PL,Poland,2004,18430,
MIO_PKM,Millions of passenger-kilometres,TOTAL,Total transport,PL,Poland,2005,17882,
MIO_PKM,Millions of passenger-kilometres,TOTAL,Total transport,PL,Poland,2006,18240,
MIO_PKM,Millions of passenger-kilometres,TOTAL,Total transport,PL,Poland,2007,19524,
MIO_PKM,Millions of passenger-kilometres,TOTAL,Total transport,PL,Poland,2008,19762,
MIO_PKM,Millions of passenger-kilometres,TOTAL,Total transport,PL,Poland,2009,18128,
MIO_PKM,Millions of passenger-kilometres,TOTAL,Total transport,PL,Poland,2010,17485,
MIO_PKM,Millions of passenger-kilometres,TOTAL,Total transport,PL,Poland,2011,17633,
MIO_PKM,Millions of passenger-kilometres,TOTAL,Total transport,PL,Poland,2012,17110,
MIO_PKM,Millions of passenger-kilometres,TOTAL,Total transport,PL,Poland,2013,16453,
MIO_PKM,Millions of passenger-kilometres,TOTAL,Total transport,PL,Poland,2014,15479,
MIO_PKM,Millions of passenger-kilometres,TOTAL,Total transport,PL,Poland,2015,17024,
MIO_PKM,Millions of passenger-kilometres,TOTAL,Total transport,PL,Poland,2016,18753,
MIO_PKM,Millions of passenger-kilometres,TOTAL,Total transport,PL,Poland,2017,20120,
MIO_PKM,Millions of passenger-kilometres,TOTAL,Total transport,PL,Poland,2018,20849,
MIO_PKM,Millions of passenger-kilometres,TOTAL,Total transport,PL,Poland,2019,21834,
MIO_PKM,Millions of passenger-kilometres,TOTAL,Total transport,PL,Poland,2020,12439,
MIO_PKM,Millions of passenger-kilometres,TOTAL,Total transport,PL,Poland,2021,15784,
MIO_PKM,Millions of passenger-kilometres,TOTAL,Total transport,PL,Poland,2022,23646,
MIO_PKM,Millions of passenger-kilometres,TOTAL,Total transport,PL,Poland,2023,25605,
MIO_PKM,Millions of passenger-kilometres,TOTAL,Total transport,PL,Poland,2024,28215,
MIO_PKM,Millions of passenger-kilometres,TOTAL,Total transport,PT,Portugal,2004,3693,
MIO_PKM,Millions of passenger-kilometres,TOTAL,Total transport,PT,Portugal,2005,3809,
MIO_PKM,Millions of passenger-kilometres,TOTAL,Total transport,PT,Portugal,2006,3876,
MIO_PKM,Millions of passenger-kilometres,TOTAL,Total transport,PT,Portugal,2007,3987,
MIO_PKM,Millions of passenger-kilometres,TOTAL,Total transport,PT,Portugal,2008,4213,
MIO_PKM,Millions of passenger-kilometres,TOTAL,Total transport,PT,Portugal,2009,4213,
MIO_PKM,Millions of passenger-kilometres,TOTAL,Total transport,PT,Portugal,2010,4111,
MIO_PKM,Millions of passenger-kilometres,TOTAL,Total transport,PT,Portugal,2011,4237,
MIO_PKM,Millions of passenger-kilometres,TOTAL,Total transport,PT,Portugal,2012,3803,
MIO_PKM,Millions of passenger-kilometres,TOTAL,Total transport,PT,Portugal,2013,3649,
MIO_PKM,Millions of passenger-kilometres,TOTAL,Total transport,PT,Portugal,2014,3852,
MIO_PKM,Millions of passenger-kilometres,TOTAL,Total transport,PT,Portugal,2015,3957,
MIO_PKM,Millions of passenger-kilometres,TOTAL,Total transport,PT,Portugal,2016,4266,
MIO_PKM,Millions of passenger-kilometres,TOTAL,Total transport,PT,Portugal,2017,4516,
MIO_PKM,Millions of passenger-kilometres,TOTAL,Total transport,PT,Portugal,2018,4570,
MIO_PKM,Millions of passenger-kilometres,TOTAL,Total transport,PT,Portugal,2019,5055,
MIO_PKM,Millions of passenger-kilometres,TOTAL,Total transport,PT,Portugal,2020,2563,
MIO_PKM,Millions of passenger-kilometres,TOTAL,Total transport,PT,Portugal,2021,2912,
MIO_PKM,Millions of passenger-kilometres,TOTAL,Total transport,PT,Portugal,2022,4419,
MIO_PKM,Millions of passenger-kilometres,TOTAL,Total transport,PT,Portugal,2023,4829,
MIO_PKM,Millions of passenger-kilometres,TOTAL,Total transport,PT,Portugal,2024,5447,
MIO_PKM,Millions of passenger-kilometres,TOTAL,Total transport,RO,Romania,2004,8633,
MIO_PKM,Millions of passenger-kilometres,TOTAL,Total transport,RO,Romania,2005,7960,
MIO_PKM,Millions of passenger-kilometres,TOTAL,Total transport,RO,Romania,2006,8065,
MIO_PKM,Millions of passenger-kilometres,TOTAL,Total transport,RO,Romania,2007,7417,
MIO_PKM,Millions of passenger-kilometres,TOTAL,Total transport,RO,Romania,2008,6877,
MIO_PKM,Millions of passenger-kilometres,TOTAL,Total transport,RO,Romania,2009,5975,
MIO_PKM,Millions of passenger-kilometres,TOTAL,Total transport,RO,Romania,2010,5248,
MIO_PKM,Millions of passenger-kilometres,TOTAL,Total transport,RO,Romania,2011,5044,
MIO_PKM,Millions of passenger-kilometres,TOTAL,Total transport,RO,Romania,2012,4518,
MIO_PKM,Millions of passenger-kilometres,TOTAL,Total transport,RO,Romania,2013,4352,
MIO_PKM,Millions of passenger-kilometres,TOTAL,Total transport,RO,Romania,2014,4971,
MIO_PKM,Millions of passenger-kilometres,TOTAL,Total transport,RO,Romania,2015,4910,
MIO_PKM,Millions of passenger-kilometres,TOTAL,Total transport,RO,Romania,2016,4731,
MIO_PKM,Millions of passenger-kilometres,TOTAL,Total transport,RO,Romania,2017,5556,
MIO_PKM,Millions of passenger-kilometres,TOTAL,Total transport,RO,Romania,2018,5426,
MIO_PKM,Millions of passenger-kilometres,TOTAL,Total transport,RO,Romania,2019,5735,
MIO_PKM,Millions of passenger-kilometres,TOTAL,Total transport,RO,Romania,2020,3609,
MIO_PKM,Millions of passenger-kilometres,TOTAL,Total transport,RO,Romania,2021,4104,
MIO_PKM,Millions of passenger-kilometres,TOTAL,Total transport,RO,Romania,2022,5616,
MIO_PKM,Millions of passenger-kilometres,TOTAL,Total transport,RO,Romania,2023,5978,
MIO_PKM,Millions of passenger-kilometres,TOTAL,Total transport,RO,Romania,2024,5765,
MIO_PKM,Millions of passenger-kilometres,TOTAL,Total transport,RO,Romania,2025,5166,
MIO_PKM,Millions of passenger-kilometres,TOTAL,Total transport,SE,Sweden,2004,8634,
MIO_PKM,Millions of passenger-kilometres,TOTAL,Total transport,SE,Sweden,2005,8910,
MIO_PKM,Millions of passenger-kilometres,TOTAL,Total transport,SE,Sweden,2006,9617,
MIO_PKM,Millions of passenger-kilometres,TOTAL,Total transport,SE,Sweden,2007,10261,
MIO_PKM,Millions of passenger-kilometres,TOTAL,Total transport,SE,Sweden,2008,11146,
MIO_PKM,Millions of passenger-kilometres,TOTAL,Total transport,SE,Sweden,2009,11321,
MIO_PKM,Millions of passenger-kilometres,TOTAL,Total transport,SE,Sweden,2010,11155,
MIO_PKM,Millions of passenger-kilometres,TOTAL,Total transport,SE,Sweden,2011,11379,
MIO_PKM,Millions of passenger-kilometres,TOTAL,Total transport,SE,Sweden,2012,11792,
MIO_PKM,Millions of passenger-kilometres,TOTAL,Total transport,SE,Sweden,2013,11842,
MIO_PKM,Millions of passenger-kilometres,TOTAL,Total transport,SE,Sweden,2014,12121,
MIO_PKM,Millions of passenger-kilometres,TOTAL,Total transport,SE,Sweden,2015,12741,
MIO_PKM,Millions of passenger-kilometres,TOTAL,Total transport,SE,Sweden,2016,12800,
MIO_PKM,Millions of passenger-kilometres,TOTAL,Total transport,SE,Sweden,2017,13331,
MIO_PKM,Millions of passenger-kilometres,TOTAL,Total transport,SE,Sweden,2018,13547,
MIO_PKM,Millions of passenger-kilometres,TOTAL,Total transport,SE,Sweden,2019,14617,
MIO_PKM,Millions of passenger-kilometres,TOTAL,Total transport,SE,Sweden,2020,8129,
MIO_PKM,Millions of passenger-kilometres,TOTAL,Total transport,SE,Sweden,2021,8027,
MIO_PKM,Millions of passenger-kilometres,TOTAL,Total transport,SE,Sweden,2022,12879,
MIO_PKM,Millions of passenger-kilometres,TOTAL,Total transport,SE,Sweden,2023,13308,
MIO_PKM,Millions of passenger-kilometres,TOTAL,Total transport,SE,Sweden,2024,13626,
MIO_PKM,Millions of passenger-kilometres,TOTAL,Total transport,SE,Sweden,2025,13897,
MIO_PKM,Millions of passenger-kilometres,TOTAL,Total transport,SI,Slovenia,2004,695,
MIO_PKM,Millions of passenger-kilometres,TOTAL,Total transport,SI,Slovenia,2005,716,
MIO_PKM,Millions of passenger-kilometres,TOTAL,Total transport,SI,Slovenia,2006,724,
MIO_PKM,Millions of passenger-kilometres,TOTAL,Total transport,SI,Slovenia,2007,740,
MIO_PKM,Millions of passenger-kilometres,TOTAL,Total transport,SI,Slovenia,2008,765,
MIO_PKM,Millions of passenger-kilometres,TOTAL,Total transport,SI,Slovenia,2009,773,
MIO_PKM,Millions of passenger-kilometres,TOTAL,Total transport,SI,Slovenia,2010,729,
MIO_PKM,Millions of passenger-kilometres,TOTAL,Total transport,SI,Slovenia,2011,689,
MIO_PKM,Millions of passenger-kilometres,TOTAL,Total transport,SI,Slovenia,2012,659,
MIO_PKM,Millions of passenger-kilometres,TOTAL,Total transport,SI,Slovenia,2013,679,
MIO_PKM,Millions of passenger-kilometres,TOTAL,Total transport,SI,Slovenia,2014,620,
MIO_PKM,Millions of passenger-kilometres,TOTAL,Total transport,SI,Slovenia,2015,628,
MIO_PKM,Millions of passenger-kilometres,TOTAL,Total transport,SI,Slovenia,2016,611,
MIO_PKM,Millions of passenger-kilometres,TOTAL,Total transport,SI,Slovenia,2017,570,
MIO_PKM,Millions of passenger-kilometres,TOTAL,Total transport,SI,Slovenia,2018,568,
MIO_PKM,Millions of passenger-kilometres,TOTAL,Total transport,SI,Slovenia,2019,572,
MIO_PKM,Millions of passenger-kilometres,TOTAL,Total transport,SI,Slovenia,2020,338,
MIO_PKM,Millions of passenger-kilometres,TOTAL,Total transport,SI,Slovenia,2021,504,
MIO_PKM,Millions of passenger-kilometres,TOTAL,Total transport,SI,Slovenia,2022,645,
MIO_PKM,Millions of passenger-kilometres,TOTAL,Total transport,SI,Slovenia,2023,742,
MIO_PKM,Millions of passenger-kilometres,TOTAL,Total transport,SI,Slovenia,2024,886,
MIO_PKM,Millions of passenger-kilometres,TOTAL,Total transport,SI,Slovenia,2025,918,
MIO_PKM,Millions of passenger-kilometres,TOTAL,Total transport,SK,Slovakia,2004,2227,
MIO_PKM,Millions of passenger-kilometres,TOTAL,Total transport,SK,Slovakia,2005,2182,
MIO_PKM,Millions of passenger-kilometres,TOTAL,Total transport,SK,Slovakia,2006,2213,
MIO_PKM,Millions of passenger-kilometres,TOTAL,Total transport,SK,Slovakia,2007,2165,
MIO_PKM,Millions of passenger-kilometres,TOTAL,Total transport,SK,Slovakia,2008,2296,
MIO_PKM,Millions of passenger-kilometres,TOTAL,Total transport,SK,Slovakia,2009,2264,
MIO_PKM,Millions of passenger-kilometres,TOTAL,Total transport,SK,Slovakia,2010,2309,
MIO_PKM,Millions of passenger-kilometres,TOTAL,Total transport,SK,Slovakia,2011,2431,
MIO_PKM,Millions of passenger-kilometres,TOTAL,Total transport,SK,Slovakia,2012,2459,
MIO_PKM,Millions of passenger-kilometres,TOTAL,Total transport,SK,Slovakia,2013,2485,
MIO_PKM,Millions of passenger-kilometres,TOTAL,Total transport,SK,Slovakia,2014,2583,
MIO_PKM,Millions of passenger-kilometres,TOTAL,Total transport,SK,Slovakia,2015,3411,
MIO_PKM,Millions of passenger-kilometres,TOTAL,Total transport,SK,Slovakia,2016,3484,
MIO_PKM,Millions of passenger-kilometres,TOTAL,Total transport,SK,Slovakia,2017,3754,
MIO_PKM,Millions of passenger-kilometres,TOTAL,Total transport,SK,Slovakia,2018,3792,
MIO_PKM,Millions of passenger-kilometres,TOTAL,Total transport,SK,Slovakia,2019,3957,
MIO_PKM,Millions of passenger-kilometres,TOTAL,Total transport,SK,Slovakia,2020,2133,
MIO_PKM,Millions of passenger-kilometres,TOTAL,Total transport,SK,Slovakia,2021,1969,
MIO_PKM,Millions of passenger-kilometres,TOTAL,Total transport,SK,Slovakia,2022,3168,
MIO_PKM,Millions of passenger-kilometres,TOTAL,Total transport,SK,Slovakia,2023,3543,
MIO_PKM,Millions of passenger-kilometres,TOTAL,Total transport,SK,Slovakia,2024,3571,
MIO_PKM,Millions of passenger-kilometres,TOTAL,Total transport,SK,Slovakia,2025,3599,
MIO_PKM,Millions of passenger-kilometres,TOTAL,Total transport,TR,Türkiye,2004,5237,
MIO_PKM,Millions of passenger-kilometres,TOTAL,Total transport,TR,Türkiye,2005,5036,
MIO_PKM,Millions of passenger-kilometres,TOTAL,Total transport,TR,Türkiye,2006,5277,
MIO_PKM,Millions of passenger-kilometres,TOTAL,Total transport,TR,Türkiye,2007,5553,
MIO_PKM,Millions of passenger-kilometres,TOTAL,Total transport,TR,Türkiye,2008,5097,
MIO_PKM,Millions of passenger-kilometres,TOTAL,Total transport,TR,Türkiye,2009,5374,
MIO_PKM,Millions of passenger-kilometres,TOTAL,Total transport,TR,Türkiye,2010,5491,
MIO_PKM,Millions of passenger-kilometres,TOTAL,Total transport,TR,Türkiye,2011,4002,
MIO_PKM,Millions of passenger-kilometres,TOTAL,Total transport,TR,Türkiye,2012,3006,
MIO_PKM,Millions of passenger-kilometres,TOTAL,Total transport,TR,Türkiye,2013,3020,
MIO_PKM,Millions of passenger-kilometres,TOTAL,Total transport,TR,Türkiye,2014,3458,
MIO_PKM,Millions of passenger-kilometres,TOTAL,Total transport,TR,Türkiye,2015,3708,
MIO_PKM,Millions of passenger-kilometres,TOTAL,Total transport,TR,Türkiye,2016,3323,
MIO_PKM,Millions of passenger-kilometres,TOTAL,Total transport,TR,Türkiye,2017,3633,
MIO_PKM,Millions of passenger-kilometres,TOTAL,Total transport,TR,Türkiye,2018,4374,
MIO_PKM,Millions of passenger-kilometres,TOTAL,Total transport,TR,Türkiye,2019,4912,
MIO_PKM,Millions of passenger-kilometres,TOTAL,Total transport,TR,Türkiye,2020,1520,
MIO_PKM,Millions of passenger-kilometres,TOTAL,Total transport,TR,Türkiye,2021,2251,
MIO_PKM,Millions of passenger-kilometres,TOTAL,Total transport,TR,Türkiye,2022,5922,
MIO_PKM,Millions of passenger-kilometres,TOTAL,Total transport,TR,Türkiye,2023,6245,
MIO_PKM,Millions of passenger-kilometres,TOTAL,Total transport,TR,Türkiye,2024,6273,
MIO_PKM,Millions of passenger-kilometres,TOTAL,Total transport,UK,United Kingdom,2004,43474,
MIO_PKM,Millions of passenger-kilometres,TOTAL,Total transport,UK,United Kingdom,2005,44642,
MIO_PKM,Millions of passenger-kilometres,TOTAL,Total transport,UK,United Kingdom,2006,47297,
MIO_PKM,Millions of passenger-kilometres,TOTAL,Total transport,UK,United Kingdom,2007,50474,
MIO_PKM,Millions of passenger-kilometres,TOTAL,Total transport,UK,United Kingdom,2008,53002,
MIO_PKM,Millions of passenger-kilometres,TOTAL,Total transport,UK,United Kingdom,2009,52765,
MIO_PKM,Millions of passenger-kilometres,TOTAL,Total transport,UK,United Kingdom,2010,55831,
MIO_PKM,Millions of passenger-kilometres,TOTAL,Total transport,UK,United Kingdom,2011,58462,
MIO_PKM,Millions of passenger-kilometres,TOTAL,Total transport,UK,United Kingdom,2012,60783,
MIO_PKM,Millions of passenger-kilometres,TOTAL,Total transport,UK,United Kingdom,2013,61950,
MIO_PKM,Millions of passenger-kilometres,TOTAL,Total transport,UK,United Kingdom,2014,64711,
MIO_PKM,Millions of passenger-kilometres,TOTAL,Total transport,UK,United Kingdom,2015,66594,
MIO_PKM,Millions of passenger-kilometres,TOTAL,Total transport,UK,United Kingdom,2016,68010,
MIO_PKM,Millions of passenger-kilometres,TOTAL,Total transport,UK,United Kingdom,2017,68912,
MIO_PKM,Millions of passenger-kilometres,TOTAL,Total transport,UK,United Kingdom,2018,69706,
MIO_PKM,Millions of passenger-kilometres,TOTAL,Total transport,UK,United Kingdom,2019,71823,
THS_PAS,Thousand passengers,INTL,International transport,AT,Austria,2004,5040,
THS_PAS,Thousand passengers,INTL,International transport,AT,Austria,2005,5318,
THS_PAS,Thousand passengers,INTL,International transport,AT,Austria,2006,6053,
THS_PAS,Thousand passengers,INTL,International transport,AT,Austria,2007,6179,
THS_PAS,Thousand passengers,INTL,International transport,AT,Austria,2008,6253,
THS_PAS,Thousand passengers,INTL,International transport,AT,Austria,2009,6193,
THS_PAS,Thousand passengers,INTL,International transport,AT,Austria,2010,6315,
THS_PAS,Thousand passengers,INTL,International transport,AT,Austria,2011,9987,
THS_PAS,Thousand passengers,INTL,International transport,AT,Austria,2012,10218,
THS_PAS,Thousand passengers,INTL,International transport,AT,Austria,2013,10371,
THS_PAS,Thousand passengers,INTL,International transport,AT,Austria,2014,10234,
THS_PAS,Thousand passengers,INTL,International transport,AT,Austria,2015,9667,
THS_PAS,Thousand passengers,INTL,International transport,AT,Austria,2016,9298,
THS_PAS,Thousand passengers,INTL,International transport,AT,Austria,2017,9269,
THS_PAS,Thousand passengers,INTL,International transport,AT,Austria,2018,9918,
THS_PAS,Thousand passengers,INTL,International transport,AT,Austria,2019,10792,
THS_PAS,Thousand passengers,INTL,International transport,AT,Austria,2020,4613,
THS_PAS,Thousand passengers,INTL,International transport,AT,Austria,2021,5557,
THS_PAS,Thousand passengers,INTL,International transport,AT,Austria,2022,11893,
THS_PAS,Thousand passengers,INTL,International transport,AT,Austria,2023,13582,
THS_PAS,Thousand passengers,INTL,International transport,AT,Austria,2024,13624,
THS_PAS,Thousand passengers,INTL,International transport,BE,Belgium,2004,5611,
THS_PAS,Thousand passengers,INTL,International transport,BE,Belgium,2005,7547,
THS_PAS,Thousand passengers,INTL,International transport,BE,Belgium,2006,8016,
THS_PAS,Thousand passengers,INTL,International transport,BE,Belgium,2007,8808,
THS_PAS,Thousand passengers,INTL,International transport,BE,Belgium,2008,13009,
THS_PAS,Thousand passengers,INTL,International transport,BE,Belgium,2009,13209,
THS_PAS,Thousand passengers,INTL,International transport,BE,Belgium,2010,13267,
THS_PAS,Thousand passengers,INTL,International transport,BE,Belgium,2011,13267,
THS_PAS,Thousand passengers,INTL,International transport,BG,Bulgaria,2006,184,
THS_PAS,Thousand passengers,INTL,International transport,BG,Bulgaria,2007,264,
THS_PAS,Thousand passengers,INTL,International transport,BG,Bulgaria,2008,422,
THS_PAS,Thousand passengers,INTL,International transport,BG,Bulgaria,2009,419,
THS_PAS,Thousand passengers,INTL,International transport,BG,Bulgaria,2010,408,
THS_PAS,Thousand passengers,INTL,International transport,BG,Bulgaria,2011,367,
THS_PAS,Thousand passengers,INTL,International transport,BG,Bulgaria,2012,335,
THS_PAS,Thousand passengers,INTL,International transport,BG,Bulgaria,2013,332,
THS_PAS,Thousand passengers,INTL,International transport,BG,Bulgaria,2014,289,
THS_PAS,Thousand passengers,INTL,International transport,BG,Bulgaria,2015,234,
THS_PAS,Thousand passengers,INTL,International transport,BG,Bulgaria,2016,515,
THS_PAS,Thousand passengers,INTL,International transport,BG,Bulgaria,2017,784,
THS_PAS,Thousand passengers,INTL,International transport,BG,Bulgaria,2018,795,
THS_PAS,Thousand passengers,INTL,International transport,BG,Bulgaria,2019,1044,
THS_PAS,Thousand passengers,INTL,International transport,BG,Bulgaria,2020,299,
THS_PAS,Thousand passengers,INTL,International transport,BG,Bulgaria,2021,274,
THS_PAS,Thousand passengers,INTL,International transport,BG,Bulgaria,2022,1640,
THS_PAS,Thousand passengers,INTL,International transport,BG,Bulgaria,2023,2063,
THS_PAS,Thousand passengers,INTL,International transport,BG,Bulgaria,2024,1789,
THS_PAS,Thousand passengers,INTL,International transport,BG,Bulgaria,2025,1885,
THS_PAS,Thousand passengers,INTL,International transport,CH,Switzerland,2008,11460,
THS_PAS,Thousand passengers,INTL,International transport,CH,Switzerland,2009,10866,
THS_PAS,Thousand passengers,INTL,International transport,CH,Switzerland,2010,12344,
THS_PAS,Thousand passengers,INTL,International transport,CH,Switzerland,2011,12478,
THS_PAS,Thousand passengers,INTL,International transport,CH,Switzerland,2012,14316,
THS_PAS,Thousand passengers,INTL,International transport,CH,Switzerland,2013,14007,
THS_PAS,Thousand passengers,INTL,International transport,CH,Switzerland,2014,13629,
THS_PAS,Thousand passengers,INTL,International transport,CH,Switzerland,2015,10608,
THS_PAS,Thousand passengers,INTL,International transport,CH,Switzerland,2016,10183,
THS_PAS,Thousand passengers,INTL,International transport,CH,Switzerland,2017,10336,
THS_PAS,Thousand passengers,INTL,International transport,CH,Switzerland,2018,10677,
THS_PAS,Thousand passengers,INTL,International transport,CH,Switzerland,2019,11670,
THS_PAS,Thousand passengers,INTL,International transport,CH,Switzerland,2020,4785,
THS_PAS,Thousand passengers,INTL,International transport,CH,Switzerland,2021,5550,
THS_PAS,Thousand passengers,INTL,International transport,CH,Switzerland,2022,11267,
THS_PAS,Thousand passengers,INTL,International transport,CH,Switzerland,2023,12935,
THS_PAS,Thousand passengers,INTL,International transport,CH,Switzerland,2024,12262,
THS_PAS,Thousand passengers,INTL,International transport,CZ,Czechia,2004,1638,
THS_PAS,Thousand passengers,INTL,International transport,CZ,Czechia,2005,1723,
THS_PAS,Thousand passengers,INTL,International transport,CZ,Czechia,2006,2011,
THS_PAS,Thousand passengers,INTL,International transport,CZ,Czechia,2007,1990,
THS_PAS,Thousand passengers,INTL,International transport,CZ,Czechia,2008,2355,
THS_PAS,Thousand passengers,INTL,International transport,CZ,Czechia,2009,1880,
THS_PAS,Thousand passengers,INTL,International transport,CZ,Czechia,2010,2228,
THS_PAS,Thousand passengers,INTL,International transport,CZ,Czechia,2011,2405,
THS_PAS,Thousand passengers,INTL,International transport,CZ,Czechia,2012,2809,
THS_PAS,Thousand passengers,INTL,International transport,CZ,Czechia,2013,3399,
THS_PAS,Thousand passengers,INTL,International transport,CZ,Czechia,2014,3450,
THS_PAS,Thousand passengers,INTL,International transport,CZ,Czechia,2015,4170,
THS_PAS,Thousand passengers,INTL,International transport,CZ,Czechia,2016,5066,
THS_PAS,Thousand passengers,INTL,International transport,CZ,Czechia,2017,5791,
THS_PAS,Thousand passengers,INTL,International transport,CZ,Czechia,2018,6775,
THS_PAS,Thousand passengers,INTL,International transport,CZ,Czechia,2019,7419,
THS_PAS,Thousand passengers,INTL,International transport,CZ,Czechia,2020,2630,
THS_PAS,Thousand passengers,INTL,International transport,CZ,Czechia,2021,3039,
THS_PAS,Thousand passengers,INTL,International transport,CZ,Czechia,2022,7572,
THS_PAS,Thousand passengers,INTL,International transport,CZ,Czechia,2023,8008,
THS_PAS,Thousand passengers,INTL,International transport,CZ,Czechia,2024,8743,
THS_PAS,Thousand passengers,INTL,International transport,DE,Germany,2004,10841,
THS_PAS,Thousand passengers,INTL,International transport,DE,Germany,2005,8859,
THS_PAS,Thousand passengers,INTL,International transport,DE,Germany,2006,9397,
THS_PAS,Thousand passengers,INTL,International transport,DE,Germany,2007,9866,
THS_PAS,Thousand passengers,INTL,International transport,DE,Germany,2008,10807,
THS_PAS,Thousand passengers,INTL,International transport,DE,Germany,2009,11653,
THS_PAS,Thousand passengers,INTL,International transport,DE,Germany,2010,11274,
THS_PAS,Thousand passengers,INTL,International transport,DE,Germany,2011,15799,
THS_PAS,Thousand passengers,INTL,International transport,DE,Germany,2012,14376,
THS_PAS,Thousand passengers,INTL,International transport,DE,Germany,2013,15148,
THS_PAS,Thousand passengers,INTL,International transport,DE,Germany,2014,15055,
THS_PAS,Thousand passengers,INTL,International transport,DE,Germany,2015,14015,
THS_PAS,Thousand passengers,INTL,International transport,DE,Germany,2016,13931,
THS_PAS,Thousand passengers,INTL,International transport,DE,Germany,2017,15851,
THS_PAS,Thousand passengers,INTL,International transport,DE,Germany,2018,15387,
THS_PAS,Thousand passengers,INTL,International transport,DE,Germany,2019,17023,
THS_PAS,Thousand passengers,INTL,International transport,DE,Germany,2020,14427,
THS_PAS,Thousand passengers,INTL,International transport,DE,Germany,2021,9316,
THS_PAS,Thousand passengers,INTL,International transport,DE,Germany,2022,20032,
THS_PAS,Thousand passengers,INTL,International transport,DE,Germany,2023,21490,
THS_PAS,Thousand passengers,INTL,International transport,DE,Germany,2024,23198,
THS_PAS,Thousand passengers,INTL,International transport,DK,Denmark,2004,6659,
THS_PAS,Thousand passengers,INTL,International transport,DK,Denmark,2005,7092,
THS_PAS,Thousand passengers,INTL,International transport,DK,Denmark,2006,8311,
THS_PAS,Thousand passengers,INTL,International transport,DK,Denmark,2007,10100,
THS_PAS,Thousand passengers,INTL,International transport,DK,Denmark,2008,11484,
THS_PAS,Thousand passengers,INTL,International transport,DK,Denmark,2009,11792,
THS_PAS,Thousand passengers,INTL,International transport,DK,Denmark,2010,11585,
THS_PAS,Thousand passengers,INTL,International transport,DK,Denmark,2011,11544,
THS_PAS,Thousand passengers,INTL,International transport,DK,Denmark,2012,12091,
THS_PAS,Thousand passengers,INTL,International transport,DK,Denmark,2013,12349,
THS_PAS,Thousand passengers,INTL,International transport,DK,Denmark,2014,12403,
THS_PAS,Thousand passengers,INTL,International transport,DK,Denmark,2015,13041,
THS_PAS,Thousand passengers,INTL,International transport,DK,Denmark,2016,12717,
THS_PAS,Thousand passengers,INTL,International transport,DK,Denmark,2017,12638,
THS_PAS,Thousand passengers,INTL,International transport,DK,Denmark,2018,13096,
THS_PAS,Thousand passengers,INTL,International transport,DK,Denmark,2019,13548,
THS_PAS,Thousand passengers,INTL,International transport,DK,Denmark,2020,5386,
THS_PAS,Thousand passengers,INTL,International transport,DK,Denmark,2021,6446,
THS_PAS,Thousand passengers,INTL,International transport,DK,Denmark,2022,13996,
THS_PAS,Thousand passengers,INTL,International transport,DK,Denmark,2023,16915,
THS_PAS,Thousand passengers,INTL,International transport,DK,Denmark,2024,17353,
THS_PAS,Thousand passengers,INTL,International transport,EE,Estonia,2004,124,
THS_PAS,Thousand passengers,INTL,International transport,EE,Estonia,2005,140,
THS_PAS,Thousand passengers,INTL,International transport,EE,Estonia,2006,144,
THS_PAS,Thousand passengers,INTL,International transport,EE,Estonia,2007,150,
THS_PAS,Thousand passengers,INTL,International transport,EE,Estonia,2008,161,
THS_PAS,Thousand passengers,INTL,International transport,EE,Estonia,2009,96,
THS_PAS,Thousand passengers,INTL,International transport,EE,Estonia,2010,98,
THS_PAS,Thousand passengers,INTL,International transport,EE,Estonia,2011,84,
THS_PAS,Thousand passengers,INTL,International transport,EE,Estonia,2012,97,
THS_PAS,Thousand passengers,INTL,International transport,EE,Estonia,2013,122,
THS_PAS,Thousand passengers,INTL,International transport,EE,Estonia,2014,97,
THS_PAS,Thousand passengers,INTL,International transport,EE,Estonia,2015,55,
THS_PAS,Thousand passengers,INTL,International transport,EE,Estonia,2016,103,
THS_PAS,Thousand passengers,INTL,International transport,EE,Estonia,2017,107,
THS_PAS,Thousand passengers,INTL,International transport,EE,Estonia,2018,107,
THS_PAS,Thousand passengers,INTL,International transport,EE,Estonia,2019,112,
THS_PAS,Thousand passengers,INTL,International transport,EE,Estonia,2020,8,
THS_PAS,Thousand passengers,INTL,International transport,EE,Estonia,2021,0,
THS_PAS,Thousand passengers,INTL,International transport,EE,Estonia,2022,0,
THS_PAS,Thousand passengers,INTL,International transport,EE,Estonia,2023,0,
THS_PAS,Thousand passengers,INTL,International transport,EE,Estonia,2024,15,
THS_PAS,Thousand passengers,INTL,International transport,EL,Greece,2004,161,
THS_PAS,Thousand passengers,INTL,International transport,EL,Greece,2005,225,
THS_PAS,Thousand passengers,INTL,International transport,EL,Greece,2006,288,
THS_PAS,Thousand passengers,INTL,International transport,EL,Greece,2007,357,
THS_PAS,Thousand passengers,INTL,International transport,EL,Greece,2008,292,
THS_PAS,Thousand passengers,INTL,International transport,EL,Greece,2009,264,
THS_PAS,Thousand passengers,INTL,International transport,EL,Greece,2010,224,
THS_PAS,Thousand passengers,INTL,International transport,EL,Greece,2011,17,
THS_PAS,Thousand passengers,INTL,International transport,EL,Greece,2012,0,
THS_PAS,Thousand passengers,INTL,International transport,EL,Greece,2013,5,
THS_PAS,Thousand passengers,INTL,International transport,EL,Greece,2014,43,
THS_PAS,Thousand passengers,INTL,International transport,EL,Greece,2015,32,
THS_PAS,Thousand passengers,INTL,International transport,EL,Greece,2016,21,
THS_PAS,Thousand passengers,INTL,International transport,EL,Greece,2017,22,
THS_PAS,Thousand passengers,INTL,International transport,EL,Greece,2018,17,
THS_PAS,Thousand passengers,INTL,International transport,EL,Greece,2019,8,
THS_PAS,Thousand passengers,INTL,International transport,EL,Greece,2020,0,
THS_PAS,Thousand passengers,INTL,International transport,EL,Greece,2021,0,
THS_PAS,Thousand passengers,INTL,International transport,EL,Greece,2022,0,
THS_PAS,Thousand passengers,INTL,International transport,EL,Greece,2023,0,
THS_PAS,Thousand passengers,INTL,International transport,EL,Greece,2024,0,
THS_PAS,Thousand passengers,INTL,International transport,ES,Spain,2004,851,
THS_PAS,Thousand passengers,INTL,International transport,ES,Spain,2005,837,
THS_PAS,Thousand passengers,INTL,International transport,ES,Spain,2006,841,
THS_PAS,Thousand passengers,INTL,International transport,ES,Spain,2007,698,
THS_PAS,Thousand passengers,INTL,International transport,ES,Spain,2008,771,
THS_PAS,Thousand passengers,INTL,International transport,ES,Spain,2009,676,
THS_PAS,Thousand passengers,INTL,International transport,ES,Spain,2010,712,
THS_PAS,Thousand passengers,INTL,International transport,ES,Spain,2011,500,
THS_PAS,Thousand passengers,INTL,International transport,ES,Spain,2012,449,
THS_PAS,Thousand passengers,INTL,International transport,ES,Spain,2013,386,
THS_PAS,Thousand passengers,INTL,International transport,ES,Spain,2014,1019,
THS_PAS,Thousand passengers,INTL,International transport,ES,Spain,2015,1039,
THS_PAS,Thousand passengers,INTL,International transport,ES,Spain,2016,1065,
THS_PAS,Thousand passengers,INTL,International transport,ES,Spain,2017,1070,
THS_PAS,Thousand passengers,INTL,International transport,ES,Spain,2018,1029,
THS_PAS,Thousand passengers,INTL,International transport,ES,Spain,2019,1060,
THS_PAS,Thousand passengers,INTL,International transport,ES,Spain,2020,278,
THS_PAS,Thousand passengers,INTL,International transport,ES,Spain,2021,389,
THS_PAS,Thousand passengers,INTL,International transport,ES,Spain,2022,803,
THS_PAS,Thousand passengers,INTL,International transport,ES,Spain,2023,1000,
THS_PAS,Thousand passengers,INTL,International transport,ES,Spain,2024,1333,
THS_PAS,Thousand passengers,INTL,International transport,ES,Spain,2025,1272,
THS_PAS,Thousand passengers,INTL,International transport,FI,Finland,2004,252,
THS_PAS,Thousand passengers,INTL,International transport,FI,Finland,2005,267,
THS_PAS,Thousand passengers,INTL,International transport,FI,Finland,2006,337,
THS_PAS,Thousand passengers,INTL,International transport,FI,Finland,2007,399,
THS_PAS,Thousand passengers,INTL,International transport,FI,Finland,2008,432,
THS_PAS,Thousand passengers,INTL,International transport,FI,Finland,2009,350,
THS_PAS,Thousand passengers,INTL,International transport,FI,Finland,2010,346,
THS_PAS,Thousand passengers,INTL,International transport,FI,Finland,2011,443,
THS_PAS,Thousand passengers,INTL,International transport,FI,Finland,2012,495,
THS_PAS,Thousand passengers,INTL,International transport,FI,Finland,2013,598,
THS_PAS,Thousand passengers,INTL,International transport,FI,Finland,2014,518,
THS_PAS,Thousand passengers,INTL,International transport,FI,Finland,2015,428,
THS_PAS,Thousand passengers,INTL,International transport,FI,Finland,2016,452,
THS_PAS,Thousand passengers,INTL,International transport,FI,Finland,2017,548,
THS_PAS,Thousand passengers,INTL,International transport,FI,Finland,2018,552,
THS_PAS,Thousand passengers,INTL,International transport,FI,Finland,2019,639,
THS_PAS,Thousand passengers,INTL,International transport,FI,Finland,2020,118,
THS_PAS,Thousand passengers,INTL,International transport,FI,Finland,2021,4,
THS_PAS,Thousand passengers,INTL,International transport,FI,Finland,2022,31,
THS_PAS,Thousand passengers,INTL,International transport,FI,Finland,2023,0,
THS_PAS,Thousand passengers,INTL,International transport,FI,Finland,2024,0,
THS_PAS,Thousand passengers,INTL,International transport,FR,France,2004,24224,
THS_PAS,Thousand passengers,INTL,International transport,FR,France,2005,32300,
THS_PAS,Thousand passengers,INTL,International transport,FR,France,2006,30881,
THS_PAS,Thousand passengers,INTL,International transport,FR,France,2007,31536,
THS_PAS,Thousand passengers,INTL,International transport,FR,France,2008,29719,
THS_PAS,Thousand passengers,INTL,International transport,FR,France,2009,35027,
THS_PAS,Thousand passengers,INTL,International transport,FR,France,2011,40096,
THS_PAS,Thousand passengers,INTL,International transport,FR,France,2012,42229,
THS_PAS,Thousand passengers,INTL,International transport,FR,France,2013,42557,
THS_PAS,Thousand passengers,INTL,International transport,FR,France,2014,42994,
THS_PAS,Thousand passengers,INTL,International transport,FR,France,2015,40520,
THS_PAS,Thousand passengers,INTL,International transport,FR,France,2016,38073,
THS_PAS,Thousand passengers,INTL,International transport,FR,France,2017,39123,
THS_PAS,Thousand passengers,INTL,International transport,FR,France,2018,39348,
THS_PAS,Thousand passengers,INTL,International transport,FR,France,2019,39995,
THS_PAS,Thousand passengers,INTL,International transport,FR,France,2020,16435,
THS_PAS,Thousand passengers,INTL,International transport,FR,France,2021,15531,
THS_PAS,Thousand passengers,INTL,International transport,FR,France,2022,29264,
THS_PAS,Thousand passengers,INTL,International transport,FR,France,2023,31766,
THS_PAS,Thousand passengers,INTL,International transport,FR,France,2024,30329,
THS_PAS,Thousand passengers,INTL,International transport,HR,Croatia,2004,629,
THS_PAS,Thousand passengers,INTL,International transport,HR,Croatia,2005,602,
THS_PAS,Thousand passengers,INTL,International transport,HR,Croatia,2006,612,
THS_PAS,Thousand passengers,INTL,International transport,HR,Croatia,2007,606,
THS_PAS,Thousand passengers,INTL,International transport,HR,Croatia,2008,630,
THS_PAS,Thousand passengers,INTL,International transport,HR,Croatia,2009,555,
THS_PAS,Thousand passengers,INTL,International transport,HR,Croatia,2010,523,
THS_PAS,Thousand passengers,INTL,International transport,HR,Croatia,2011,522,
THS_PAS,Thousand passengers,INTL,International transport,HR,Croatia,2012,508,
THS_PAS,Thousand passengers,INTL,International transport,HR,Croatia,2013,406,
THS_PAS,Thousand passengers,INTL,International transport,HR,Croatia,2014,361,
THS_PAS,Thousand passengers,INTL,International transport,HR,Croatia,2015,318,
THS_PAS,Thousand passengers,INTL,International transport,HR,Croatia,2016,298,
THS_PAS,Thousand passengers,INTL,International transport,HR,Croatia,2017,290,
THS_PAS,Thousand passengers,INTL,International transport,HR,Croatia,2018,301,
THS_PAS,Thousand passengers,INTL,International transport,HR,Croatia,2019,302,
THS_PAS,Thousand passengers,INTL,International transport,HR,Croatia,2020,137,
THS_PAS,Thousand passengers,INTL,International transport,HR,Croatia,2021,212,
THS_PAS,Thousand passengers,INTL,International transport,HR,Croatia,2022,354,
THS_PAS,Thousand passengers,INTL,International transport,HR,Croatia,2023,329,
THS_PAS,Thousand passengers,INTL,International transport,HR,Croatia,2024,319,
THS_PAS,Thousand passengers,INTL,International transport,HR,Croatia,2025,287,
THS_PAS,Thousand passengers,INTL,International transport,HU,Hungary,2004,1715,
THS_PAS,Thousand passengers,INTL,International transport,HU,Hungary,2005,1924,
THS_PAS,Thousand passengers,INTL,International transport,HU,Hungary,2006,2006,
THS_PAS,Thousand passengers,INTL,International transport,HU,Hungary,2007,1867,
THS_PAS,Thousand passengers,INTL,International transport,HU,Hungary,2008,2162,
THS_PAS,Thousand passengers,INTL,International transport,HU,Hungary,2009,2084,
THS_PAS,Thousand passengers,INTL,International transport,HU,Hungary,2010,2077,
THS_PAS,Thousand passengers,INTL,International transport,HU,Hungary,2011,2544,
THS_PAS,Thousand passengers,INTL,International transport,HU,Hungary,2012,2815,
THS_PAS,Thousand passengers,INTL,International transport,HU,Hungary,2013,2804,
THS_PAS,Thousand passengers,INTL,International transport,HU,Hungary,2014,2603,
THS_PAS,Thousand passengers,INTL,International transport,HU,Hungary,2024,4024,
THS_PAS,Thousand passengers,INTL,International transport,IE,Ireland,2004,799,
THS_PAS,Thousand passengers,INTL,International transport,IE,Ireland,2005,775,
THS_PAS,Thousand passengers,INTL,International transport,IE,Ireland,2006,884,
THS_PAS,Thousand passengers,INTL,International transport,IE,Ireland,2007,850,
THS_PAS,Thousand passengers,INTL,International transport,IE,Ireland,2008,813,
THS_PAS,Thousand passengers,INTL,International transport,IE,Ireland,2009,647,
THS_PAS,Thousand passengers,INTL,International transport,IE,Ireland,2010,719,
THS_PAS,Thousand passengers,INTL,International transport,IE,Ireland,2011,731,
THS_PAS,Thousand passengers,INTL,International transport,IE,Ireland,2012,806,
THS_PAS,Thousand passengers,INTL,International transport,IE,Ireland,2013,769,
THS_PAS,Thousand passengers,INTL,International transport,IE,Ireland,2014,713,
THS_PAS,Thousand passengers,INTL,International transport,IE,Ireland,2015,313,
THS_PAS,Thousand passengers,INTL,International transport,IE,Ireland,2016,342,
THS_PAS,Thousand passengers,INTL,International transport,IE,Ireland,2017,375,
THS_PAS,Thousand passengers,INTL,International transport,IE,Ireland,2018,414,
THS_PAS,Thousand passengers,INTL,International transport,IE,Ireland,2019,408,
THS_PAS,Thousand passengers,INTL,International transport,IE,Ireland,2020,139,
THS_PAS,Thousand passengers,INTL,International transport,IE,Ireland,2021,270,
THS_PAS,Thousand passengers,INTL,International transport,IE,Ireland,2022,541,
THS_PAS,Thousand passengers,INTL,International transport,IE,Ireland,2023,623,
THS_PAS,Thousand passengers,INTL,International transport,IE,Ireland,2024,665,
THS_PAS,Thousand passengers,INTL,International transport,IE,Ireland,2025,1011,
THS_PAS,Thousand passengers,INTL,International transport,IT,Italy,2004,4003,
THS_PAS,Thousand passengers,INTL,International transport,IT,Italy,2005,4511,
THS_PAS,Thousand passengers,INTL,International transport,IT,Italy,2006,5453,
THS_PAS,Thousand passengers,INTL,International transport,IT,Italy,2007,5052,
THS_PAS,Thousand passengers,INTL,International transport,IT,Italy,2008,4830,
THS_PAS,Thousand passengers,INTL,International transport,IT,Italy,2009,4627,
THS_PAS,Thousand passengers,INTL,International transport,IT,Italy,2010,3877,
THS_PAS,Thousand passengers,INTL,International transport,IT,Italy,2011,4224,
THS_PAS,Thousand passengers,INTL,International transport,IT,Italy,2012,3280,
THS_PAS,Thousand passengers,INTL,International transport,IT,Italy,2013,3126,
THS_PAS,Thousand passengers,INTL,International transport,IT,Italy,2014,3145,
THS_PAS,Thousand passengers,INTL,International transport,IT,Italy,2015,3474,
THS_PAS,Thousand passengers,INTL,International transport,IT,Italy,2016,2972,
THS_PAS,Thousand passengers,INTL,International transport,IT,Italy,2017,2676,
THS_PAS,Thousand passengers,INTL,International transport,IT,Italy,2018,2596,
THS_PAS,Thousand passengers,INTL,International transport,IT,Italy,2019,2863,
THS_PAS,Thousand passengers,INTL,International transport,IT,Italy,2020,1023,
THS_PAS,Thousand passengers,INTL,International transport,IT,Italy,2021,1831,
THS_PAS,Thousand passengers,INTL,International transport,IT,Italy,2022,4537,
THS_PAS,Thousand passengers,INTL,International transport,IT,Italy,2023,4942,
THS_PAS,Thousand passengers,INTL,International transport,IT,Italy,2024,4046,
THS_PAS,Thousand passengers,INTL,International transport,LT,Lithuania,2004,311,
THS_PAS,Thousand passengers,INTL,International transport,LT,Lithuania,2005,323,
THS_PAS,Thousand passengers,INTL,International transport,LT,Lithuania,2006,355,
THS_PAS,Thousand passengers,INTL,International transport,LT,Lithuania,2007,383,
THS_PAS,Thousand passengers,INTL,International transport,LT,Lithuania,2008,366,
THS_PAS,Thousand passengers,INTL,International transport,LT,Lithuania,2009,294,
THS_PAS,Thousand passengers,INTL,International transport,LT,Lithuania,2010,313,
THS_PAS,Thousand passengers,INTL,International transport,LT,Lithuania,2011,379,
THS_PAS,Thousand passengers,INTL,International transport,LT,Lithuania,2012,470,
THS_PAS,Thousand passengers,INTL,International transport,LT,Lithuania,2013,538,
THS_PAS,Thousand passengers,INTL,International transport,LT,Lithuania,2014,454,
THS_PAS,Thousand passengers,INTL,International transport,LT,Lithuania,2015,360,
THS_PAS,Thousand passengers,INTL,International transport,LT,Lithuania,2016,336,
THS_PAS,Thousand passengers,INTL,International transport,LT,Lithuania,2017,322,
THS_PAS,Thousand passengers,INTL,International transport,LT,Lithuania,2018,366,
THS_PAS,Thousand passengers,INTL,International transport,LT,Lithuania,2019,427,
THS_PAS,Thousand passengers,INTL,International transport,LT,Lithuania,2020,67,
THS_PAS,Thousand passengers,INTL,International transport,LT,Lithuania,2021,0,
THS_PAS,Thousand passengers,INTL,International transport,LT,Lithuania,2022,4,
THS_PAS,Thousand passengers,INTL,International transport,LT,Lithuania,2023,39,
THS_PAS,Thousand passengers,INTL,International transport,LT,Lithuania,2024,104,
THS_PAS,Thousand passengers,INTL,International transport,LT,Lithuania,2025,115,
THS_PAS,Thousand passengers,INTL,International transport,LU,Luxembourg,2004,3524,
THS_PAS,Thousand passengers,INTL,International transport,LU,Luxembourg,2005,3644,
THS_PAS,Thousand passengers,INTL,International transport,LU,Luxembourg,2006,4039,
THS_PAS,Thousand passengers,INTL,International transport,LU,Luxembourg,2007,4693,
THS_PAS,Thousand passengers,INTL,International transport,LU,Luxembourg,2008,5170,
THS_PAS,Thousand passengers,INTL,International transport,LU,Luxembourg,2009,4891,
THS_PAS,Thousand passengers,INTL,International transport,LU,Luxembourg,2010,5374,
THS_PAS,Thousand passengers,INTL,International transport,LU,Luxembourg,2011,5315,
THS_PAS,Thousand passengers,INTL,International transport,LU,Luxembourg,2012,5486,
THS_PAS,Thousand passengers,INTL,International transport,LU,Luxembourg,2013,5711,
THS_PAS,Thousand passengers,INTL,International transport,LU,Luxembourg,2014,6037,
THS_PAS,Thousand passengers,INTL,International transport,LU,Luxembourg,2015,6363,
THS_PAS,Thousand passengers,INTL,International transport,LU,Luxembourg,2016,6378,
THS_PAS,Thousand passengers,INTL,International transport,LU,Luxembourg,2017,6407,
THS_PAS,Thousand passengers,INTL,International transport,LU,Luxembourg,2018,6176,
THS_PAS,Thousand passengers,INTL,International transport,LU,Luxembourg,2019,7204,
THS_PAS,Thousand passengers,INTL,International transport,LU,Luxembourg,2020,3968,
THS_PAS,Thousand passengers,INTL,International transport,LU,Luxembourg,2021,4179,
THS_PAS,Thousand passengers,INTL,International transport,LU,Luxembourg,2022,6122,
THS_PAS,Thousand passengers,INTL,International transport,LU,Luxembourg,2023,8770,
THS_PAS,Thousand passengers,INTL,International transport,LU,Luxembourg,2024,9470,
THS_PAS,Thousand passengers,INTL,International transport,LV,Latvia,2004,321,
THS_PAS,Thousand passengers,INTL,International transport,LV,Latvia,2005,346,
THS_PAS,Thousand passengers,INTL,International transport,LV,Latvia,2006,363,
THS_PAS,Thousand passengers,INTL,International transport,LV,Latvia,2007,338,
THS_PAS,Thousand passengers,INTL,International transport,LV,Latvia,2008,301,
THS_PAS,Thousand passengers,INTL,International transport,LV,Latvia,2009,248,
THS_PAS,Thousand passengers,INTL,International transport,LV,Latvia,2010,287,
THS_PAS,Thousand passengers,INTL,International transport,LV,Latvia,2011,287,
THS_PAS,Thousand passengers,INTL,International transport,LV,Latvia,2012,298,
THS_PAS,Thousand passengers,INTL,International transport,LV,Latvia,2013,310,
THS_PAS,Thousand passengers,INTL,International transport,LV,Latvia,2014,252,
THS_PAS,Thousand passengers,INTL,International transport,LV,Latvia,2015,179,
THS_PAS,Thousand passengers,INTL,International transport,LV,Latvia,2016,157,
THS_PAS,Thousand passengers,INTL,International transport,LV,Latvia,2017,167,
THS_PAS,Thousand passengers,INTL,International transport,LV,Latvia,2018,166,
THS_PAS,Thousand passengers,INTL,International transport,LV,Latvia,2019,180,
THS_PAS,Thousand passengers,INTL,International transport,LV,Latvia,2020,26,
THS_PAS,Thousand passengers,INTL,International transport,LV,Latvia,2021,5,
THS_PAS,Thousand passengers,INTL,International transport,LV,Latvia,2022,15,
THS_PAS,Thousand passengers,INTL,International transport,LV,Latvia,2023,16,
THS_PAS,Thousand passengers,INTL,International transport,LV,Latvia,2024,77,
THS_PAS,Thousand passengers,INTL,International transport,LV,Latvia,2025,97,
THS_PAS,Thousand passengers,INTL,International transport,MK,North Macedonia,2009,25,
THS_PAS,Thousand passengers,INTL,International transport,MK,North Macedonia,2010,23,
THS_PAS,Thousand passengers,INTL,International transport,MK,North Macedonia,2011,14,
THS_PAS,Thousand passengers,INTL,International transport,MK,North Macedonia,2012,13,
THS_PAS,Thousand passengers,INTL,International transport,MK,North Macedonia,2013,11,
THS_PAS,Thousand passengers,INTL,International transport,MK,North Macedonia,2014,12,
THS_PAS,Thousand passengers,INTL,International transport,MK,North Macedonia,2015,9,
THS_PAS,Thousand passengers,INTL,International transport,MK,North Macedonia,2016,3,
THS_PAS,Thousand passengers,INTL,International transport,MK,North Macedonia,2017,5,
THS_PAS,Thousand passengers,INTL,International transport,MK,North Macedonia,2018,6,
THS_PAS,Thousand passengers,INTL,International transport,MK,North Macedonia,2019,3,
THS_PAS,Thousand passengers,INTL,International transport,MK,North Macedonia,2020,0,
THS_PAS,Thousand passengers,INTL,International transport,MK,North Macedonia,2021,0,
THS_PAS,Thousand passengers,INTL,International transport,MK,North Macedonia,2022,0,
THS_PAS,Thousand passengers,INTL,International transport,MK,North Macedonia,2023,0,
THS_PAS,Thousand passengers,INTL,International transport,MK,North Macedonia,2024,0,
THS_PAS,Thousand passengers,INTL,International transport,MK,North Macedonia,2025,0,
THS_PAS,Thousand passengers,INTL,International transport,NL,Netherlands,2004,5012,
THS_PAS,Thousand passengers,INTL,International transport,NL,Netherlands,2005,5050,
THS_PAS,Thousand passengers,INTL,International transport,NL,Netherlands,2006,5463,
THS_PAS,Thousand passengers,INTL,International transport,NL,Netherlands,2007,5695,
THS_PAS,Thousand passengers,INTL,International transport,NL,Netherlands,2024,11212,b
THS_PAS,Thousand passengers,INTL,International transport,NL,Netherlands,2025,12372,
THS_PAS,Thousand passengers,INTL,International transport,NO,Norway,2005,270,
THS_PAS,Thousand passengers,INTL,International transport,NO,Norway,2006,284,
THS_PAS,Thousand passengers,INTL,International transport,NO,Norway,2007,148,
THS_PAS,Thousand passengers,INTL,International transport,NO,Norway,2008,219,
THS_PAS,Thousand passengers,INTL,International transport,NO,Norway,2009,212,
THS_PAS,Thousand passengers,INTL,International transport,NO,Norway,2010,507,
THS_PAS,Thousand passengers,INTL,International transport,NO,Norway,2011,441,
THS_PAS,Thousand passengers,INTL,International transport,NO,Norway,2012,479,
THS_PAS,Thousand passengers,INTL,International transport,NO,Norway,2013,489,
THS_PAS,Thousand passengers,INTL,International transport,NO,Norway,2014,473,
THS_PAS,Thousand passengers,INTL,International transport,NO,Norway,2015,497,
THS_PAS,Thousand passengers,INTL,International transport,NO,Norway,2016,537,
THS_PAS,Thousand passengers,INTL,International transport,NO,Norway,2017,593,
THS_PAS,Thousand passengers,INTL,International transport,NO,Norway,2018,442,
THS_PAS,Thousand passengers,INTL,International transport,NO,Norway,2019,497,
THS_PAS,Thousand passengers,INTL,International transport,NO,Norway,2020,76,
THS_PAS,Thousand passengers,INTL,International transport,NO,Norway,2021,22,
THS_PAS,Thousand passengers,INTL,International transport,NO,Norway,2022,305,
THS_PAS,Thousand passengers,INTL,International transport,NO,Norway,2023,461,
THS_PAS,Thousand passengers,INTL,International transport,NO,Norway,2024,604,
THS_PAS,Thousand passengers,INTL,International transport,NO,Norway,2025,643,
THS_PAS,Thousand passengers,INTL,International transport,PL,Poland,2004,2171,
THS_PAS,Thousand passengers,INTL,International transport,PL,Poland,2005,2134,
THS_PAS,Thousand passengers,INTL,International transport,PL,Poland,2006,2246,
THS_PAS,Thousand passengers,INTL,International transport,PL,Poland,2007,2451,
THS_PAS,Thousand passengers,INTL,International transport,PL,Poland,2008,1788,
THS_PAS,Thousand passengers,INTL,International transport,PL,Poland,2009,1367,
THS_PAS,Thousand passengers,INTL,International transport,PL,Poland,2010,1646,
THS_PAS,Thousand passengers,INTL,International transport,PL,Poland,2011,1986,
THS_PAS,Thousand passengers,INTL,International transport,PL,Poland,2012,2002,
THS_PAS,Thousand passengers,INTL,International transport,PL,Poland,2013,1842,
THS_PAS,Thousand passengers,INTL,International transport,PL,Poland,2014,1426,
THS_PAS,Thousand passengers,INTL,International transport,PL,Poland,2015,1144,
THS_PAS,Thousand passengers,INTL,International transport,PL,Poland,2016,1143,
THS_PAS,Thousand passengers,INTL,International transport,PL,Poland,2017,1548,
THS_PAS,Thousand passengers,INTL,International transport,PL,Poland,2018,1823,
THS_PAS,Thousand passengers,INTL,International transport,PL,Poland,2019,1848,
THS_PAS,Thousand passengers,INTL,International transport,PL,Poland,2020,514,
THS_PAS,Thousand passengers,INTL,International transport,PL,Poland,2021,648,
THS_PAS,Thousand passengers,INTL,International transport,PL,Poland,2022,2371,
THS_PAS,Thousand passengers,INTL,International transport,PL,Poland,2023,3464,
THS_PAS,Thousand passengers,INTL,International transport,PL,Poland,2024,3843,
THS_PAS,Thousand passengers,INTL,International transport,PT,Portugal,2004,218,
THS_PAS,Thousand passengers,INTL,International transport,PT,Portugal,2005,209,
THS_PAS,Thousand passengers,INTL,International transport,PT,Portugal,2006,201,
THS_PAS,Thousand passengers,INTL,International transport,PT,Portugal,2007,201,
THS_PAS,Thousand passengers,INTL,International transport,PT,Portugal,2008,155,
THS_PAS,Thousand passengers,INTL,International transport,PT,Portugal,2009,129,
THS_PAS,Thousand passengers,INTL,International transport,PT,Portugal,2010,127,
THS_PAS,Thousand passengers,INTL,International transport,PT,Portugal,2011,129,
THS_PAS,Thousand passengers,INTL,International transport,PT,Portugal,2012,130,
THS_PAS,Thousand passengers,INTL,International transport,PT,Portugal,2013,134,
THS_PAS,Thousand passengers,INTL,International transport,PT,Portugal,2014,156,
THS_PAS,Thousand passengers,INTL,International transport,PT,Portugal,2015,226,
THS_PAS,Thousand passengers,INTL,International transport,PT,Portugal,2016,234,
THS_PAS,Thousand passengers,INTL,International transport,PT,Portugal,2017,251,
THS_PAS,Thousand passengers,INTL,International transport,PT,Portugal,2018,173,
THS_PAS,Thousand passengers,INTL,International transport,PT,Portugal,2019,178,
THS_PAS,Thousand passengers,INTL,International transport,PT,Portugal,2020,24,
THS_PAS,Thousand passengers,INTL,International transport,PT,Portugal,2021,26,
THS_PAS,Thousand passengers,INTL,International transport,PT,Portugal,2022,111,
THS_PAS,Thousand passengers,INTL,International transport,PT,Portugal,2023,115,
THS_PAS,Thousand passengers,INTL,International transport,PT,Portugal,2024,116,
THS_PAS,Thousand passengers,INTL,International transport,RO,Romania,2004,519,
THS_PAS,Thousand passengers,INTL,International transport,RO,Romania,2005,481,
THS_PAS,Thousand passengers,INTL,International transport,RO,Romania,2006,544,
THS_PAS,Thousand passengers,INTL,International transport,RO,Romania,2007,469,
THS_PAS,Thousand passengers,INTL,International transport,RO,Romania,2008,492,
THS_PAS,Thousand passengers,INTL,International transport,RO,Romania,2009,433,
THS_PAS,Thousand passengers,INTL,International transport,RO,Romania,2010,442,
THS_PAS,Thousand passengers,INTL,International transport,RO,Romania,2011,210,
THS_PAS,Thousand passengers,INTL,International transport,RO,Romania,2012,201,
THS_PAS,Thousand passengers,INTL,International transport,RO,Romania,2013,233,
THS_PAS,Thousand passengers,INTL,International transport,RO,Romania,2014,225,
THS_PAS,Thousand passengers,INTL,International transport,RO,Romania,2015,217,
THS_PAS,Thousand passengers,INTL,International transport,RO,Romania,2016,203,
THS_PAS,Thousand passengers,INTL,International transport,RO,Romania,2017,188,
THS_PAS,Thousand passengers,INTL,International transport,RO,Romania,2018,176,
THS_PAS,Thousand passengers,INTL,International transport,RO,Romania,2019,204,
THS_PAS,Thousand passengers,INTL,International transport,RO,Romania,2020,78,
THS_PAS,Thousand passengers,INTL,International transport,RO,Romania,2021,102,
THS_PAS,Thousand passengers,INTL,International transport,RO,Romania,2022,302,
THS_PAS,Thousand passengers,INTL,International transport,RO,Romania,2023,354,
THS_PAS,Thousand passengers,INTL,International transport,RO,Romania,2024,300,
THS_PAS,Thousand passengers,INTL,International transport,RO,Romania,2025,268,
THS_PAS,Thousand passengers,INTL,International transport,SE,Sweden,2004,7452,
THS_PAS,Thousand passengers,INTL,International transport,SE,Sweden,2005,7704,
THS_PAS,Thousand passengers,INTL,International transport,SE,Sweden,2006,8689,
THS_PAS,Thousand passengers,INTL,International transport,SE,Sweden,2007,10440,
THS_PAS,Thousand passengers,INTL,International transport,SE,Sweden,2008,11404,
THS_PAS,Thousand passengers,INTL,International transport,SE,Sweden,2009,11698,
THS_PAS,Thousand passengers,INTL,International transport,SE,Sweden,2010,10953,
THS_PAS,Thousand passengers,INTL,International transport,SE,Sweden,2011,11274,
THS_PAS,Thousand passengers,INTL,International transport,SE,Sweden,2012,11768,
THS_PAS,Thousand passengers,INTL,International transport,SE,Sweden,2013,12256,
THS_PAS,Thousand passengers,INTL,International transport,SE,Sweden,2014,12258,
THS_PAS,Thousand passengers,INTL,International transport,SE,Sweden,2015,12689,
THS_PAS,Thousand passengers,INTL,International transport,SE,Sweden,2016,12001,
THS_PAS,Thousand passengers,INTL,International transport,SE,Sweden,2017,12149,
THS_PAS,Thousand passengers,INTL,International transport,SE,Sweden,2018,11160,
THS_PAS,Thousand passengers,INTL,International transport,SE,Sweden,2019,12472,
THS_PAS,Thousand passengers,INTL,International transport,SE,Sweden,2020,4782,
THS_PAS,Thousand passengers,INTL,International transport,SE,Sweden,2021,5564,
THS_PAS,Thousand passengers,INTL,International transport,SE,Sweden,2022,12056,
THS_PAS,Thousand passengers,INTL,International transport,SE,Sweden,2023,14349,
THS_PAS,Thousand passengers,INTL,International transport,SE,Sweden,2024,16036,
THS_PAS,Thousand passengers,INTL,International transport,SE,Sweden,2025,17284,
THS_PAS,Thousand passengers,INTL,International transport,SI,Slovenia,2004,470,
THS_PAS,Thousand passengers,INTL,International transport,SI,Slovenia,2005,484,
THS_PAS,Thousand passengers,INTL,International transport,SI,Slovenia,2006,475,
THS_PAS,Thousand passengers,INTL,International transport,SI,Slovenia,2007,484,
THS_PAS,Thousand passengers,INTL,International transport,SI,Slovenia,2008,504,
THS_PAS,Thousand passengers,INTL,International transport,SI,Slovenia,2009,537,
THS_PAS,Thousand passengers,INTL,International transport,SI,Slovenia,2010,488,
THS_PAS,Thousand passengers,INTL,International transport,SI,Slovenia,2011,478,
THS_PAS,Thousand passengers,INTL,International transport,SI,Slovenia,2012,464,
THS_PAS,Thousand passengers,INTL,International transport,SI,Slovenia,2013,432,
THS_PAS,Thousand passengers,INTL,International transport,SI,Slovenia,2014,381,
THS_PAS,Thousand passengers,INTL,International transport,SI,Slovenia,2015,343,
THS_PAS,Thousand passengers,INTL,International transport,SI,Slovenia,2016,419,
THS_PAS,Thousand passengers,INTL,International transport,SI,Slovenia,2017,410,
THS_PAS,Thousand passengers,INTL,International transport,SI,Slovenia,2018,428,
THS_PAS,Thousand passengers,INTL,International transport,SI,Slovenia,2019,423,
THS_PAS,Thousand passengers,INTL,International transport,SI,Slovenia,2020,139,
THS_PAS,Thousand passengers,INTL,International transport,SI,Slovenia,2021,144,
THS_PAS,Thousand passengers,INTL,International transport,SI,Slovenia,2022,366,
THS_PAS,Thousand passengers,INTL,International transport,SI,Slovenia,2023,444,
THS_PAS,Thousand passengers,INTL,International transport,SI,Slovenia,2024,499,
THS_PAS,Thousand passengers,INTL,International transport,SI,Slovenia,2025,480,
THS_PAS,Thousand passengers,INTL,International transport,SK,Slovakia,2004,2075,
THS_PAS,Thousand passengers,INTL,International transport,SK,Slovakia,2005,2547,
THS_PAS,Thousand passengers,INTL,International transport,SK,Slovakia,2006,2872,
THS_PAS,Thousand passengers,INTL,International transport,SK,Slovakia,2007,2994,
THS_PAS,Thousand passengers,INTL,International transport,SK,Slovakia,2008,3064,
THS_PAS,Thousand passengers,INTL,International transport,SK,Slovakia,2009,2837,
THS_PAS,Thousand passengers,INTL,International transport,SK,Slovakia,2010,2784,
THS_PAS,Thousand passengers,INTL,International transport,SK,Slovakia,2011,2862,
THS_PAS,Thousand passengers,INTL,International transport,SK,Slovakia,2012,3154,
THS_PAS,Thousand passengers,INTL,International transport,SK,Slovakia,2013,3339,
THS_PAS,Thousand passengers,INTL,International transport,SK,Slovakia,2014,3392,
THS_PAS,Thousand passengers,INTL,International transport,SK,Slovakia,2015,3301,
THS_PAS,Thousand passengers,INTL,International transport,SK,Slovakia,2016,3343,
THS_PAS,Thousand passengers,INTL,International transport,SK,Slovakia,2017,3442,
THS_PAS,Thousand passengers,INTL,International transport,SK,Slovakia,2018,3885,
THS_PAS,Thousand passengers,INTL,International transport,SK,Slovakia,2019,4184,
THS_PAS,Thousand passengers,INTL,International transport,SK,Slovakia,2020,1441,
THS_PAS,Thousand passengers,INTL,International transport,SK,Slovakia,2021,2288,
THS_PAS,Thousand passengers,INTL,International transport,SK,Slovakia,2022,4566,
THS_PAS,Thousand passengers,INTL,International transport,SK,Slovakia,2023,5055,
THS_PAS,Thousand passengers,INTL,International transport,SK,Slovakia,2024,4847,
THS_PAS,Thousand passengers,INTL,International transport,SK,Slovakia,2025,4943,
THS_PAS,Thousand passengers,INTL,International transport,TR,Türkiye,2004,116,
THS_PAS,Thousand passengers,INTL,International transport,TR,Türkiye,2005,143,
THS_PAS,Thousand passengers,INTL,International transport,TR,Türkiye,2006,182,
THS_PAS,Thousand passengers,INTL,International transport,TR,Türkiye,2007,208,
THS_PAS,Thousand passengers,INTL,International transport,TR,Türkiye,2008,255,
THS_PAS,Thousand passengers,INTL,International transport,TR,Türkiye,2009,241,
THS_PAS,Thousand passengers,INTL,International transport,TR,Türkiye,2010,260,
THS_PAS,Thousand passengers,INTL,International transport,TR,Türkiye,2011,181,
THS_PAS,Thousand passengers,INTL,International transport,TR,Türkiye,2012,125,
THS_PAS,Thousand passengers,INTL,International transport,TR,Türkiye,2013,99,
THS_PAS,Thousand passengers,INTL,International transport,TR,Türkiye,2014,156,
THS_PAS,Thousand passengers,INTL,International transport,TR,Türkiye,2015,132,
THS_PAS,Thousand passengers,INTL,International transport,TR,Türkiye,2016,170,
THS_PAS,Thousand passengers,INTL,International transport,TR,Türkiye,2017,132,
THS_PAS,Thousand passengers,INTL,International transport,TR,Türkiye,2018,200,
THS_PAS,Thousand passengers,INTL,International transport,TR,Türkiye,2019,190,
THS_PAS,Thousand passengers,INTL,International transport,TR,Türkiye,2020,20,
THS_PAS,Thousand passengers,INTL,International transport,TR,Türkiye,2021,0,
THS_PAS,Thousand passengers,INTL,International transport,TR,Türkiye,2022,620,
THS_PAS,Thousand passengers,INTL,International transport,TR,Türkiye,2023,740,
THS_PAS,Thousand passengers,INTL,International transport,TR,Türkiye,2024,673,
THS_PAS,Thousand passengers,INTL,International transport,UK,United Kingdom,2004,15863,
THS_PAS,Thousand passengers,INTL,International transport,UK,United Kingdom,2005,16340,
THS_PAS,Thousand passengers,INTL,International transport,UK,United Kingdom,2006,16342,
THS_PAS,Thousand passengers,INTL,International transport,UK,United Kingdom,2007,17066,
THS_PAS,Thousand passengers,INTL,International transport,UK,United Kingdom,2008,17152,
THS_PAS,Thousand passengers,INTL,International transport,UK,United Kingdom,2009,16809,
THS_PAS,Thousand passengers,INTL,International transport,UK,United Kingdom,2010,17836,
THS_PAS,Thousand passengers,INTL,International transport,UK,United Kingdom,2011,18249,
THS_PAS,Thousand passengers,INTL,International transport,UK,United Kingdom,2012,19064,
THS_PAS,Thousand passengers,INTL,International transport,UK,United Kingdom,2013,19641,
THS_PAS,Thousand passengers,INTL,International transport,UK,United Kingdom,2014,20109,
THS_PAS,Thousand passengers,INTL,International transport,UK,United Kingdom,2015,19847,
THS_PAS,Thousand passengers,INTL,International transport,UK,United Kingdom,2016,19428,
THS_PAS,Thousand passengers,INTL,International transport,UK,United Kingdom,2017,19649,
THS_PAS,Thousand passengers,INTL,International transport,UK,United Kingdom,2018,20521,
THS_PAS,Thousand passengers,INTL,International transport,UK,United Kingdom,2019,20541,
THS_PAS,Thousand passengers,INTL_IN,International transport - incoming,BE,Belgium,2004,1355,
THS_PAS,Thousand passengers,INTL_IN,International transport - incoming,BE,Belgium,2005,2720,
THS_PAS,Thousand passengers,INTL_IN,International transport - incoming,BE,Belgium,2006,3663,
THS_PAS,Thousand passengers,INTL_IN,International transport - incoming,BE,Belgium,2007,4043,
THS_PAS,Thousand passengers,INTL_IN,International transport - incoming,BE,Belgium,2008,5305,
THS_PAS,Thousand passengers,INTL_IN,International transport - incoming,BE,Belgium,2009,5675,
THS_PAS,Thousand passengers,INTL_IN,International transport - incoming,BE,Belgium,2010,5657,
THS_PAS,Thousand passengers,INTL_IN,International transport - incoming,BE,Belgium,2011,5657,
THS_PAS,Thousand passengers,INTL_IN,International transport - incoming,BG,Bulgaria,2006,111,
THS_PAS,Thousand passengers,INTL_IN,International transport - incoming,BG,Bulgaria,2007,167,
THS_PAS,Thousand passengers,INTL_IN,International transport - incoming,BG,Bulgaria,2008,333,
THS_PAS,Thousand passengers,INTL_IN,International transport - incoming,BG,Bulgaria,2009,334,
THS_PAS,Thousand passengers,INTL_IN,International transport - incoming,BG,Bulgaria,2010,334,
THS_PAS,Thousand passengers,INTL_IN,International transport - incoming,BG,Bulgaria,2011,331,
THS_PAS,Thousand passengers,INTL_IN,International transport - incoming,BG,Bulgaria,2012,307,
THS_PAS,Thousand passengers,INTL_IN,International transport - incoming,BG,Bulgaria,2013,305,
THS_PAS,Thousand passengers,INTL_IN,International transport - incoming,BG,Bulgaria,2014,270,
THS_PAS,Thousand passengers,INTL_IN,International transport - incoming,BG,Bulgaria,2015,219,
THS_PAS,Thousand passengers,INTL_IN,International transport - incoming,BG,Bulgaria,2016,499,
THS_PAS,Thousand passengers,INTL_IN,International transport - incoming,BG,Bulgaria,2017,769,
THS_PAS,Thousand passengers,INTL_IN,International transport - incoming,BG,Bulgaria,2018,778,
THS_PAS,Thousand passengers,INTL_IN,International transport - incoming,BG,Bulgaria,2019,1022,
THS_PAS,Thousand passengers,INTL_IN,International transport - incoming,BG,Bulgaria,2020,295,
THS_PAS,Thousand passengers,INTL_IN,International transport - incoming,BG,Bulgaria,2021,271,
THS_PAS,Thousand passengers,INTL_IN,International transport - incoming,BG,Bulgaria,2022,1612,
THS_PAS,Thousand passengers,INTL_IN,International transport - incoming,BG,Bulgaria,2023,2056,
THS_PAS,Thousand passengers,INTL_IN,International transport - incoming,BG,Bulgaria,2024,1781,
THS_PAS,Thousand passengers,INTL_IN,International transport - incoming,BG,Bulgaria,2025,1870,
THS_PAS,Thousand passengers,INTL_IN,International transport - incoming,CH,Switzerland,2008,5620,
THS_PAS,Thousand passengers,INTL_IN,International transport - incoming,CH,Switzerland,2009,5337,
THS_PAS,Thousand passengers,INTL_IN,International transport - incoming,CH,Switzerland,2010,6062,
THS_PAS,Thousand passengers,INTL_IN,International transport - incoming,CH,Switzerland,2011,6128,
THS_PAS,Thousand passengers,INTL_IN,International transport - incoming,CH,Switzerland,2012,7065,
THS_PAS,Thousand passengers,INTL_IN,International transport - incoming,CH,Switzerland,2013,6911,
THS_PAS,Thousand passengers,INTL_IN,International transport - incoming,CH,Switzerland,2014,6755,
THS_PAS,Thousand passengers,INTL_IN,International transport - incoming,CH,Switzerland,2015,5505,
THS_PAS,Thousand passengers,INTL_IN,International transport - incoming,CH,Switzerland,2016,5285,
THS_PAS,Thousand passengers,INTL_IN,International transport - incoming,CH,Switzerland,2017,5364,
THS_PAS,Thousand passengers,INTL_IN,International transport - incoming,CH,Switzerland,2018,5541,
THS_PAS,Thousand passengers,INTL_IN,International transport - incoming,CH,Switzerland,2019,6056,
THS_PAS,Thousand passengers,INTL_IN,International transport - incoming,CH,Switzerland,2020,2483,
THS_PAS,Thousand passengers,INTL_IN,International transport - incoming,CH,Switzerland,2021,2880,
THS_PAS,Thousand passengers,INTL_IN,International transport - incoming,CH,Switzerland,2022,5847,
THS_PAS,Thousand passengers,INTL_IN,International transport - incoming,CH,Switzerland,2023,6713,
THS_PAS,Thousand passengers,INTL_IN,International transport - incoming,CH,Switzerland,2024,6364,
THS_PAS,Thousand passengers,INTL_IN,International transport - incoming,CZ,Czechia,2004,200,
THS_PAS,Thousand passengers,INTL_IN,International transport - incoming,CZ,Czechia,2005,806,
THS_PAS,Thousand passengers,INTL_IN,International transport - incoming,CZ,Czechia,2006,1106,
THS_PAS,Thousand passengers,INTL_IN,International transport - incoming,CZ,Czechia,2007,934,
THS_PAS,Thousand passengers,INTL_IN,International transport - incoming,CZ,Czechia,2008,1170,
THS_PAS,Thousand passengers,INTL_IN,International transport - incoming,CZ,Czechia,2009,877,
THS_PAS,Thousand passengers,INTL_IN,International transport - incoming,CZ,Czechia,2010,1118,
THS_PAS,Thousand passengers,INTL_IN,International transport - incoming,CZ,Czechia,2011,1199,
THS_PAS,Thousand passengers,INTL_IN,International transport - incoming,CZ,Czechia,2012,1420,
THS_PAS,Thousand passengers,INTL_IN,International transport - incoming,CZ,Czechia,2013,1693,
THS_PAS,Thousand passengers,INTL_IN,International transport - incoming,CZ,Czechia,2014,1718,
THS_PAS,Thousand passengers,INTL_IN,International transport - incoming,CZ,Czechia,2015,2142,
THS_PAS,Thousand passengers,INTL_IN,International transport - incoming,CZ,Czechia,2016,2260,
THS_PAS,Thousand passengers,INTL_IN,International transport - incoming,CZ,Czechia,2017,2845,
THS_PAS,Thousand passengers,INTL_IN,International transport - incoming,CZ,Czechia,2018,3368,
THS_PAS,Thousand passengers,INTL_IN,International transport - incoming,CZ,Czechia,2019,3635,
THS_PAS,Thousand passengers,INTL_IN,International transport - incoming,CZ,Czechia,2020,1276,
THS_PAS,Thousand passengers,INTL_IN,International transport - incoming,CZ,Czechia,2021,1453,
THS_PAS,Thousand passengers,INTL_IN,International transport - incoming,CZ,Czechia,2022,3774,
THS_PAS,Thousand passengers,INTL_IN,International transport - incoming,CZ,Czechia,2023,3928,
THS_PAS,Thousand passengers,INTL_IN,International transport - incoming,CZ,Czechia,2024,4368,
THS_PAS,Thousand passengers,INTL_IN,International transport - incoming,DE,Germany,2004,5303,
THS_PAS,Thousand passengers,INTL_IN,International transport - incoming,DE,Germany,2005,4285,
THS_PAS,Thousand passengers,INTL_IN,International transport - incoming,DE,Germany,2006,4516,
THS_PAS,Thousand passengers,INTL_IN,International transport - incoming,DE,Germany,2007,4443,
THS_PAS,Thousand passengers,INTL_IN,International transport - incoming,DE,Germany,2008,4857,
THS_PAS,Thousand passengers,INTL_IN,International transport - incoming,DE,Germany,2009,5156,
THS_PAS,Thousand passengers,INTL_IN,International transport - incoming,DE,Germany,2010,5237,
THS_PAS,Thousand passengers,INTL_IN,International transport - incoming,DE,Germany,2011,7178,
THS_PAS,Thousand passengers,INTL_IN,International transport - incoming,DE,Germany,2012,6702,
THS_PAS,Thousand passengers,INTL_IN,International transport - incoming,DE,Germany,2013,6597,
THS_PAS,Thousand passengers,INTL_IN,International transport - incoming,DE,Germany,2014,6733,
THS_PAS,Thousand passengers,INTL_IN,International transport - incoming,DE,Germany,2015,6862,
THS_PAS,Thousand passengers,INTL_IN,International transport - incoming,DE,Germany,2016,7638,
THS_PAS,Thousand passengers,INTL_IN,International transport - incoming,DE,Germany,2017,7668,
THS_PAS,Thousand passengers,INTL_IN,International transport - incoming,DE,Germany,2018,8227,
THS_PAS,Thousand passengers,INTL_IN,International transport - incoming,DE,Germany,2019,7904,
THS_PAS,Thousand passengers,INTL_IN,International transport - incoming,DE,Germany,2020,6881,
THS_PAS,Thousand passengers,INTL_IN,International transport - incoming,DE,Germany,2021,4349,
THS_PAS,Thousand passengers,INTL_IN,International transport - incoming,DE,Germany,2022,8825,
THS_PAS,Thousand passengers,INTL_IN,International transport - incoming,DE,Germany,2023,9835,
THS_PAS,Thousand passengers,INTL_IN,International transport - incoming,DE,Germany,2024,10316,
THS_PAS,Thousand passengers,INTL_IN,International transport - incoming,DK,Denmark,2004,3122,
THS_PAS,Thousand passengers,INTL_IN,International transport - incoming,DK,Denmark,2005,4520,
THS_PAS,Thousand passengers,INTL_IN,International transport - incoming,DK,Denmark,2006,4183,
THS_PAS,Thousand passengers,INTL_IN,International transport - incoming,DK,Denmark,2007,5037,
THS_PAS,Thousand passengers,INTL_IN,International transport - incoming,DK,Denmark,2008,5742,
THS_PAS,Thousand passengers,INTL_IN,International transport - incoming,DK,Denmark,2009,5896,
THS_PAS,Thousand passengers,INTL_IN,International transport - incoming,DK,Denmark,2010,5793,
THS_PAS,Thousand passengers,INTL_IN,International transport - incoming,DK,Denmark,2011,5772,
THS_PAS,Thousand passengers,INTL_IN,International transport - incoming,DK,Denmark,2012,6046,
THS_PAS,Thousand passengers,INTL_IN,International transport - incoming,DK,Denmark,2013,6175,
THS_PAS,Thousand passengers,INTL_IN,International transport - incoming,DK,Denmark,2014,6202,
THS_PAS,Thousand passengers,INTL_IN,International transport - incoming,DK,Denmark,2015,6522,
THS_PAS,Thousand passengers,INTL_IN,International transport - incoming,DK,Denmark,2016,6202,
THS_PAS,Thousand passengers,INTL_IN,International transport - incoming,DK,Denmark,2017,6208,
THS_PAS,Thousand passengers,INTL_IN,International transport - incoming,DK,Denmark,2018,6488,
THS_PAS,Thousand passengers,INTL_IN,International transport - incoming,DK,Denmark,2019,6954,
THS_PAS,Thousand passengers,INTL_IN,International transport - incoming,DK,Denmark,2020,2733,
THS_PAS,Thousand passengers,INTL_IN,International transport - incoming,DK,Denmark,2021,3182,
THS_PAS,Thousand passengers,INTL_IN,International transport - incoming,DK,Denmark,2022,6942,
THS_PAS,Thousand passengers,INTL_IN,International transport - incoming,DK,Denmark,2023,8462,
THS_PAS,Thousand passengers,INTL_IN,International transport - incoming,DK,Denmark,2024,8680,
THS_PAS,Thousand passengers,INTL_IN,International transport - incoming,EE,Estonia,2004,58,
THS_PAS,Thousand passengers,INTL_IN,International transport - incoming,EE,Estonia,2005,72,
THS_PAS,Thousand passengers,INTL_IN,International transport - incoming,EE,Estonia,2006,69,
THS_PAS,Thousand passengers,INTL_IN,International transport - incoming,EE,Estonia,2007,75,
THS_PAS,Thousand passengers,INTL_IN,International transport - incoming,EE,Estonia,2008,79,
THS_PAS,Thousand passengers,INTL_IN,International transport - incoming,EE,Estonia,2009,49,
THS_PAS,Thousand passengers,INTL_IN,International transport - incoming,EE,Estonia,2010,50,
THS_PAS,Thousand passengers,INTL_IN,International transport - incoming,EE,Estonia,2011,42,
THS_PAS,Thousand passengers,INTL_IN,International transport - incoming,EE,Estonia,2012,49,
THS_PAS,Thousand passengers,INTL_IN,International transport - incoming,EE,Estonia,2013,61,
THS_PAS,Thousand passengers,INTL_IN,International transport - incoming,EE,Estonia,2014,49,
THS_PAS,Thousand passengers,INTL_IN,International transport - incoming,EE,Estonia,2015,28,
THS_PAS,Thousand passengers,INTL_IN,International transport - incoming,EE,Estonia,2016,51,
THS_PAS,Thousand passengers,INTL_IN,International transport - incoming,EE,Estonia,2017,53,
THS_PAS,Thousand passengers,INTL_IN,International transport - incoming,EE,Estonia,2018,53,
THS_PAS,Thousand passengers,INTL_IN,International transport - incoming,EE,Estonia,2019,55,
THS_PAS,Thousand passengers,INTL_IN,International transport - incoming,EE,Estonia,2020,4,
THS_PAS,Thousand passengers,INTL_IN,International transport - incoming,EE,Estonia,2021,0,
THS_PAS,Thousand passengers,INTL_IN,International transport - incoming,EE,Estonia,2022,0,
THS_PAS,Thousand passengers,INTL_IN,International transport - incoming,EE,Estonia,2023,0,
THS_PAS,Thousand passengers,INTL_IN,International transport - incoming,EE,Estonia,2024,9,
THS_PAS,Thousand passengers,INTL_IN,International transport - incoming,EL,Greece,2004,78,
THS_PAS,Thousand passengers,INTL_IN,International transport - incoming,EL,Greece,2005,108,
THS_PAS,Thousand passengers,INTL_IN,International transport - incoming,EL,Greece,2006,142,
THS_PAS,Thousand passengers,INTL_IN,International transport - incoming,EL,Greece,2007,177,
THS_PAS,Thousand passengers,INTL_IN,International transport - incoming,EL,Greece,2008,144,
THS_PAS,Thousand passengers,INTL_IN,International transport - incoming,EL,Greece,2009,130,
THS_PAS,Thousand passengers,INTL_IN,International transport - incoming,EL,Greece,2010,110,
THS_PAS,Thousand passengers,INTL_IN,International transport - incoming,EL,Greece,2011,9,
THS_PAS,Thousand passengers,INTL_IN,International transport - incoming,EL,Greece,2012,0,
THS_PAS,Thousand passengers,INTL_IN,International transport - incoming,EL,Greece,2013,2,
THS_PAS,Thousand passengers,INTL_IN,International transport - incoming,EL,Greece,2014,23,
THS_PAS,Thousand passengers,INTL_IN,International transport - incoming,EL,Greece,2015,16,
THS_PAS,Thousand passengers,INTL_IN,International transport - incoming,EL,Greece,2016,10,
THS_PAS,Thousand passengers,INTL_IN,International transport - incoming,EL,Greece,2017,11,
THS_PAS,Thousand passengers,INTL_IN,International transport - incoming,EL,Greece,2018,8,
THS_PAS,Thousand passengers,INTL_IN,International transport - incoming,EL,Greece,2019,4,
THS_PAS,Thousand passengers,INTL_IN,International transport - incoming,EL,Greece,2020,0,
THS_PAS,Thousand passengers,INTL_IN,International transport - incoming,ES,Spain,2004,423,
THS_PAS,Thousand passengers,INTL_IN,International transport - incoming,ES,Spain,2005,419,
THS_PAS,Thousand passengers,INTL_IN,International transport - incoming,ES,Spain,2006,421,
THS_PAS,Thousand passengers,INTL_IN,International transport - incoming,ES,Spain,2007,351,
THS_PAS,Thousand passengers,INTL_IN,International transport - incoming,ES,Spain,2008,382,
THS_PAS,Thousand passengers,INTL_IN,International transport - incoming,ES,Spain,2009,340,
THS_PAS,Thousand passengers,INTL_IN,International transport - incoming,ES,Spain,2010,353,
THS_PAS,Thousand passengers,INTL_IN,International transport - incoming,ES,Spain,2011,248,
THS_PAS,Thousand passengers,INTL_IN,International transport - incoming,ES,Spain,2012,226,
THS_PAS,Thousand passengers,INTL_IN,International transport - incoming,ES,Spain,2013,195,
THS_PAS,Thousand passengers,INTL_IN,International transport - incoming,ES,Spain,2014,516,
THS_PAS,Thousand passengers,INTL_IN,International transport - incoming,ES,Spain,2015,507,
THS_PAS,Thousand passengers,INTL_IN,International transport - incoming,ES,Spain,2016,541,
THS_PAS,Thousand passengers,INTL_IN,International transport - incoming,ES,Spain,2017,531,
THS_PAS,Thousand passengers,INTL_IN,International transport - incoming,ES,Spain,2018,505,
THS_PAS,Thousand passengers,INTL_IN,International transport - incoming,ES,Spain,2019,520,
THS_PAS,Thousand passengers,INTL_IN,International transport - incoming,ES,Spain,2020,135,
THS_PAS,Thousand passengers,INTL_IN,International transport - incoming,ES,Spain,2021,191,
THS_PAS,Thousand passengers,INTL_IN,International transport - incoming,ES,Spain,2022,392,
THS_PAS,Thousand passengers,INTL_IN,International transport - incoming,ES,Spain,2023,492,
THS_PAS,Thousand passengers,INTL_IN,International transport - incoming,ES,Spain,2024,658,
THS_PAS,Thousand passengers,INTL_IN,International transport - incoming,ES,Spain,2025,627,
THS_PAS,Thousand passengers,INTL_IN,International transport - incoming,EU27_2007,European Union - 27 countries (2007-2013),2008,63359,
THS_PAS,Thousand passengers,INTL_IN,International transport - incoming,EU27_2007,European Union - 27 countries (2007-2013),2009,65444,
THS_PAS,Thousand passengers,INTL_IN,International transport - incoming,EU27_2007,European Union - 27 countries (2007-2013),2010,67102,
THS_PAS,Thousand passengers,INTL_IN,International transport - incoming,EU27_2007,European Union - 27 countries (2007-2013),2011,73764,
THS_PAS,Thousand passengers,INTL_IN,International transport - incoming,EU27_2007,European Union - 27 countries (2007-2013),2013,73157,
THS_PAS,Thousand passengers,INTL_IN,International transport - incoming,EU27_2007,European Union - 27 countries (2007-2013),2014,73477,
THS_PAS,Thousand passengers,INTL_IN,International transport - incoming,EU27_2007,European Union - 27 countries (2007-2013),2015,73682,
THS_PAS,Thousand passengers,INTL_IN,International transport - incoming,EU27_2007,European Union - 27 countries (2007-2013),2016,71162,
THS_PAS,Thousand passengers,INTL_IN,International transport - incoming,EU27_2007,European Union - 27 countries (2007-2013),2017,73593,
THS_PAS,Thousand passengers,INTL_IN,International transport - incoming,EU27_2007,European Union - 27 countries (2007-2013),2018,75499,
THS_PAS,Thousand passengers,INTL_IN,International transport - incoming,EU27_2007,European Union - 27 countries (2007-2013),2019,80346,
THS_PAS,Thousand passengers,INTL_IN,International transport - incoming,EU27_2020,European Union - 27 countries (from 2020),2008,55099,
THS_PAS,Thousand passengers,INTL_IN,International transport - incoming,EU27_2020,European Union - 27 countries (from 2020),2009,57325,
THS_PAS,Thousand passengers,INTL_IN,International transport - incoming,EU27_2020,European Union - 27 countries (from 2020),2010,58444,
THS_PAS,Thousand passengers,INTL_IN,International transport - incoming,EU27_2020,European Union - 27 countries (from 2020),2011,64900,
THS_PAS,Thousand passengers,INTL_IN,International transport - incoming,EU27_2020,European Union - 27 countries (from 2020),2013,63548,
THS_PAS,Thousand passengers,INTL_IN,International transport - incoming,EU27_2020,European Union - 27 countries (from 2020),2014,63611,
THS_PAS,Thousand passengers,INTL_IN,International transport - incoming,EU27_2020,European Union - 27 countries (from 2020),2015,63937,
THS_PAS,Thousand passengers,INTL_IN,International transport - incoming,EU27_2020,European Union - 27 countries (from 2020),2016,61614,
THS_PAS,Thousand passengers,INTL_IN,International transport - incoming,EU27_2020,European Union - 27 countries (from 2020),2017,63942,
THS_PAS,Thousand passengers,INTL_IN,International transport - incoming,EU27_2020,European Union - 27 countries (from 2020),2018,65404,
THS_PAS,Thousand passengers,INTL_IN,International transport - incoming,EU27_2020,European Union - 27 countries (from 2020),2019,70241,
THS_PAS,Thousand passengers,INTL_IN,International transport - incoming,EU27_2020,European Union - 27 countries (from 2020),2020,31341,
THS_PAS,Thousand passengers,INTL_IN,International transport - incoming,EU27_2020,European Union - 27 countries (from 2020),2021,31372,
THS_PAS,Thousand passengers,INTL_IN,International transport - incoming,EU27_2020,European Union - 27 countries (from 2020),2022,65161,
THS_PAS,Thousand passengers,INTL_IN,International transport - incoming,EU27_2020,European Union - 27 countries (from 2020),2023,76122,
THS_PAS,Thousand passengers,INTL_IN,International transport - incoming,EU27_2020,European Union - 27 countries (from 2020),2024,79573,
THS_PAS,Thousand passengers,INTL_IN,International transport - incoming,EU28,European Union - 28 countries (2013-2020),2008,63675,
THS_PAS,Thousand passengers,INTL_IN,International transport - incoming,EU28,European Union - 28 countries (2013-2020),2009,65730,
THS_PAS,Thousand passengers,INTL_IN,International transport - incoming,EU28,European Union - 28 countries (2013-2020),2010,67362,
THS_PAS,Thousand passengers,INTL_IN,International transport - incoming,EU28,European Union - 28 countries (2013-2020),2011,74025,
THS_PAS,Thousand passengers,INTL_IN,International transport - incoming,EU28,European Union - 28 countries (2013-2020),2013,73369,
THS_PAS,Thousand passengers,INTL_IN,International transport - incoming,EU28,European Union - 28 countries (2013-2020),2014,73666,
THS_PAS,Thousand passengers,INTL_IN,International transport - incoming,EU28,European Union - 28 countries (2013-2020),2015,73860,
THS_PAS,Thousand passengers,INTL_IN,International transport - incoming,EU28,European Union - 28 countries (2013-2020),2016,71328,
THS_PAS,Thousand passengers,INTL_IN,International transport - incoming,EU28,European Union - 28 countries (2013-2020),2017,73766,
THS_PAS,Thousand passengers,INTL_IN,International transport - incoming,EU28,European Union - 28 countries (2013-2020),2018,75665,
THS_PAS,Thousand passengers,INTL_IN,International transport - incoming,EU28,European Union - 28 countries (2013-2020),2019,80512,
THS_PAS,Thousand passengers,INTL_IN,International transport - incoming,FI,Finland,2004,125,
THS_PAS,Thousand passengers,INTL_IN,International transport - incoming,FI,Finland,2005,133,
THS_PAS,Thousand passengers,INTL_IN,International transport - incoming,FI,Finland,2006,168,
THS_PAS,Thousand passengers,INTL_IN,International transport - incoming,FI,Finland,2007,200,
THS_PAS,Thousand passengers,INTL_IN,International transport - incoming,FI,Finland,2008,216,
THS_PAS,Thousand passengers,INTL_IN,International transport - incoming,FI,Finland,2009,170,
THS_PAS,Thousand passengers,INTL_IN,International transport - incoming,FI,Finland,2010,173,
THS_PAS,Thousand passengers,INTL_IN,International transport - incoming,FI,Finland,2011,222,
THS_PAS,Thousand passengers,INTL_IN,International transport - incoming,FI,Finland,2012,250,
THS_PAS,Thousand passengers,INTL_IN,International transport - incoming,FI,Finland,2013,302,
THS_PAS,Thousand passengers,INTL_IN,International transport - incoming,FI,Finland,2014,258,
THS_PAS,Thousand passengers,INTL_IN,International transport - incoming,FI,Finland,2015,214,
THS_PAS,Thousand passengers,INTL_IN,International transport - incoming,FI,Finland,2016,226,
THS_PAS,Thousand passengers,INTL_IN,International transport - incoming,FI,Finland,2017,276,
THS_PAS,Thousand passengers,INTL_IN,International transport - incoming,FI,Finland,2018,277,
THS_PAS,Thousand passengers,INTL_IN,International transport - incoming,FI,Finland,2019,325,
THS_PAS,Thousand passengers,INTL_IN,International transport - incoming,FI,Finland,2020,61,
THS_PAS,Thousand passengers,INTL_IN,International transport - incoming,FI,Finland,2021,1,
THS_PAS,Thousand passengers,INTL_IN,International transport - incoming,FI,Finland,2022,19,
THS_PAS,Thousand passengers,INTL_IN,International transport - incoming,FI,Finland,2023,0,
THS_PAS,Thousand passengers,INTL_IN,International transport - incoming,FI,Finland,2024,0,
THS_PAS,Thousand passengers,INTL_IN,International transport - incoming,FR,France,2004,4949,
THS_PAS,Thousand passengers,INTL_IN,International transport - incoming,FR,France,2005,16078,
THS_PAS,Thousand passengers,INTL_IN,International transport - incoming,FR,France,2006,15368,
THS_PAS,Thousand passengers,INTL_IN,International transport - incoming,FR,France,2007,15703,
THS_PAS,Thousand passengers,INTL_IN,International transport - incoming,FR,France,2008,14765,
THS_PAS,Thousand passengers,INTL_IN,International transport - incoming,FR,France,2009,17203,
THS_PAS,Thousand passengers,INTL_IN,International transport - incoming,HR,Croatia,2004,327,
THS_PAS,Thousand passengers,INTL_IN,International transport - incoming,HR,Croatia,2005,302,
THS_PAS,Thousand passengers,INTL_IN,International transport - incoming,HR,Croatia,2006,312,
THS_PAS,Thousand passengers,INTL_IN,International transport - incoming,HR,Croatia,2007,306,
THS_PAS,Thousand passengers,INTL_IN,International transport - incoming,HR,Croatia,2008,316,
THS_PAS,Thousand passengers,INTL_IN,International transport - incoming,HR,Croatia,2009,286,
THS_PAS,Thousand passengers,INTL_IN,International transport - incoming,HR,Croatia,2010,260,
THS_PAS,Thousand passengers,INTL_IN,International transport - incoming,HR,Croatia,2011,261,
THS_PAS,Thousand passengers,INTL_IN,International transport - incoming,HR,Croatia,2012,256,
THS_PAS,Thousand passengers,INTL_IN,International transport - incoming,HR,Croatia,2013,212,
THS_PAS,Thousand passengers,INTL_IN,International transport - incoming,HR,Croatia,2014,188,
THS_PAS,Thousand passengers,INTL_IN,International transport - incoming,HR,Croatia,2015,179,
THS_PAS,Thousand passengers,INTL_IN,International transport - incoming,HR,Croatia,2016,165,
THS_PAS,Thousand passengers,INTL_IN,International transport - incoming,HR,Croatia,2017,173,
THS_PAS,Thousand passengers,INTL_IN,International transport - incoming,HR,Croatia,2018,165,
THS_PAS,Thousand passengers,INTL_IN,International transport - incoming,HR,Croatia,2019,166,
THS_PAS,Thousand passengers,INTL_IN,International transport - incoming,HR,Croatia,2020,70,
THS_PAS,Thousand passengers,INTL_IN,International transport - incoming,HR,Croatia,2021,109,
THS_PAS,Thousand passengers,INTL_IN,International transport - incoming,HR,Croatia,2022,189,
THS_PAS,Thousand passengers,INTL_IN,International transport - incoming,HR,Croatia,2023,168,
THS_PAS,Thousand passengers,INTL_IN,International transport - incoming,HR,Croatia,2024,158,
THS_PAS,Thousand passengers,INTL_IN,International transport - incoming,HR,Croatia,2025,141,
THS_PAS,Thousand passengers,INTL_IN,International transport - incoming,HU,Hungary,2004,795,
THS_PAS,Thousand passengers,INTL_IN,International transport - incoming,HU,Hungary,2005,1139,
THS_PAS,Thousand passengers,INTL_IN,International transport - incoming,HU,Hungary,2006,1135,
THS_PAS,Thousand passengers,INTL_IN,International transport - incoming,HU,Hungary,2007,1059,
THS_PAS,Thousand passengers,INTL_IN,International transport - incoming,HU,Hungary,2008,1210,
THS_PAS,Thousand passengers,INTL_IN,International transport - incoming,HU,Hungary,2009,1114,
THS_PAS,Thousand passengers,INTL_IN,International transport - incoming,HU,Hungary,2010,1151,
THS_PAS,Thousand passengers,INTL_IN,International transport - incoming,HU,Hungary,2011,1319,
THS_PAS,Thousand passengers,INTL_IN,International transport - incoming,HU,Hungary,2012,1481,
THS_PAS,Thousand passengers,INTL_IN,International transport - incoming,HU,Hungary,2013,1453,
THS_PAS,Thousand passengers,INTL_IN,International transport - incoming,HU,Hungary,2014,1291,
THS_PAS,Thousand passengers,INTL_IN,International transport - incoming,IE,Ireland,2004,409,
THS_PAS,Thousand passengers,INTL_IN,International transport - incoming,IE,Ireland,2005,444,
THS_PAS,Thousand passengers,INTL_IN,International transport - incoming,IE,Ireland,2006,505,
THS_PAS,Thousand passengers,INTL_IN,International transport - incoming,IE,Ireland,2007,502,
THS_PAS,Thousand passengers,INTL_IN,International transport - incoming,IE,Ireland,2008,397,
THS_PAS,Thousand passengers,INTL_IN,International transport - incoming,IE,Ireland,2009,297,
THS_PAS,Thousand passengers,INTL_IN,International transport - incoming,IE,Ireland,2010,344,
THS_PAS,Thousand passengers,INTL_IN,International transport - incoming,IE,Ireland,2011,396,
THS_PAS,Thousand passengers,INTL_IN,International transport - incoming,IE,Ireland,2012,381,
THS_PAS,Thousand passengers,INTL_IN,International transport - incoming,IE,Ireland,2013,313,
THS_PAS,Thousand passengers,INTL_IN,International transport - incoming,IE,Ireland,2014,307,
THS_PAS,Thousand passengers,INTL_IN,International transport - incoming,IE,Ireland,2015,0,
THS_PAS,Thousand passengers,INTL_IN,International transport - incoming,IE,Ireland,2018,0,
THS_PAS,Thousand passengers,INTL_IN,International transport - incoming,IE,Ireland,2019,0,
THS_PAS,Thousand passengers,INTL_IN,International transport - incoming,IE,Ireland,2022,0,
THS_PAS,Thousand passengers,INTL_IN,International transport - incoming,IE,Ireland,2023,0,
THS_PAS,Thousand passengers,INTL_IN,International transport - incoming,IE,Ireland,2024,0,
THS_PAS,Thousand passengers,INTL_IN,International transport - incoming,IE,Ireland,2025,0,
THS_PAS,Thousand passengers,INTL_IN,International transport - incoming,IT,Italy,2004,2118,
THS_PAS,Thousand passengers,INTL_IN,International transport - incoming,IT,Italy,2005,2275,
THS_PAS,Thousand passengers,INTL_IN,International transport - incoming,IT,Italy,2006,2764,
THS_PAS,Thousand passengers,INTL_IN,International transport - incoming,IT,Italy,2007,2481,
THS_PAS,Thousand passengers,INTL_IN,International transport - incoming,IT,Italy,2022,2270,
THS_PAS,Thousand passengers,INTL_IN,International transport - incoming,LT,Lithuania,2004,174,
THS_PAS,Thousand passengers,INTL_IN,International transport - incoming,LT,Lithuania,2005,178,
THS_PAS,Thousand passengers,INTL_IN,International transport - incoming,LT,Lithuania,2007,218,
THS_PAS,Thousand passengers,INTL_IN,International transport - incoming,LT,Lithuania,2010,168,
THS_PAS,Thousand passengers,INTL_IN,International transport - incoming,LT,Lithuania,2011,208,
THS_PAS,Thousand passengers,INTL_IN,International transport - incoming,LT,Lithuania,2012,254,
THS_PAS,Thousand passengers,INTL_IN,International transport - incoming,LT,Lithuania,2013,287,
THS_PAS,Thousand passengers,INTL_IN,International transport - incoming,LT,Lithuania,2014,231,
THS_PAS,Thousand passengers,INTL_IN,International transport - incoming,LT,Lithuania,2015,180,
THS_PAS,Thousand passengers,INTL_IN,International transport - incoming,LT,Lithuania,2016,169,
THS_PAS,Thousand passengers,INTL_IN,International transport - incoming,LT,Lithuania,2017,162,
THS_PAS,Thousand passengers,INTL_IN,International transport - incoming,LT,Lithuania,2018,187,
THS_PAS,Thousand passengers,INTL_IN,International transport - incoming,LT,Lithuania,2019,219,
THS_PAS,Thousand passengers,INTL_IN,International transport - incoming,LT,Lithuania,2020,34,
THS_PAS,Thousand passengers,INTL_IN,International transport - incoming,LT,Lithuania,2021,0,
THS_PAS,Thousand passengers,INTL_IN,International transport - incoming,LT,Lithuania,2022,2,
THS_PAS,Thousand passengers,INTL_IN,International transport - incoming,LT,Lithuania,2023,18,
THS_PAS,Thousand passengers,INTL_IN,International transport - incoming,LT,Lithuania,2024,51,
THS_PAS,Thousand passengers,INTL_IN,International transport - incoming,LT,Lithuania,2025,57,
THS_PAS,Thousand passengers,INTL_IN,International transport - incoming,LU,Luxembourg,2004,1810,
THS_PAS,Thousand passengers,INTL_IN,International transport - incoming,LU,Luxembourg,2005,1886,
THS_PAS,Thousand passengers,INTL_IN,International transport - incoming,LU,Luxembourg,2006,2074,
THS_PAS,Thousand passengers,INTL_IN,International transport - incoming,LU,Luxembourg,2007,2386,
THS_PAS,Thousand passengers,INTL_IN,International transport - incoming,LU,Luxembourg,2008,2470,
THS_PAS,Thousand passengers,INTL_IN,International transport - incoming,LU,Luxembourg,2009,2321,
THS_PAS,Thousand passengers,INTL_IN,International transport - incoming,LU,Luxembourg,2010,2795,
THS_PAS,Thousand passengers,INTL_IN,International transport - incoming,LU,Luxembourg,2011,2681,
THS_PAS,Thousand passengers,INTL_IN,International transport - incoming,LU,Luxembourg,2012,2770,
THS_PAS,Thousand passengers,INTL_IN,International transport - incoming,LU,Luxembourg,2013,2883,
THS_PAS,Thousand passengers,INTL_IN,International transport - incoming,LU,Luxembourg,2014,2976,
THS_PAS,Thousand passengers,INTL_IN,International transport - incoming,LU,Luxembourg,2015,3115,
THS_PAS,Thousand passengers,INTL_IN,International transport - incoming,LU,Luxembourg,2016,3177,
THS_PAS,Thousand passengers,INTL_IN,International transport - incoming,LU,Luxembourg,2017,3138,
THS_PAS,Thousand passengers,INTL_IN,International transport - incoming,LU,Luxembourg,2018,3217,
THS_PAS,Thousand passengers,INTL_IN,International transport - incoming,LU,Luxembourg,2019,3763,
THS_PAS,Thousand passengers,INTL_IN,International transport - incoming,LU,Luxembourg,2020,1984,
THS_PAS,Thousand passengers,INTL_IN,International transport - incoming,LU,Luxembourg,2021,2089,
THS_PAS,Thousand passengers,INTL_IN,International transport - incoming,LU,Luxembourg,2022,3061,
THS_PAS,Thousand passengers,INTL_IN,International transport - incoming,LU,Luxembourg,2023,4485,
THS_PAS,Thousand passengers,INTL_IN,International transport - incoming,LU,Luxembourg,2024,4735,
THS_PAS,Thousand passengers,INTL_IN,International transport - incoming,LV,Latvia,2004,163,
THS_PAS,Thousand passengers,INTL_IN,International transport - incoming,LV,Latvia,2005,176,
THS_PAS,Thousand passengers,INTL_IN,International transport - incoming,LV,Latvia,2006,186,
THS_PAS,Thousand passengers,INTL_IN,International transport - incoming,LV,Latvia,2007,165,
THS_PAS,Thousand passengers,INTL_IN,International transport - incoming,LV,Latvia,2008,153,
THS_PAS,Thousand passengers,INTL_IN,International transport - incoming,LV,Latvia,2009,127,
THS_PAS,Thousand passengers,INTL_IN,International transport - incoming,LV,Latvia,2010,144,
THS_PAS,Thousand passengers,INTL_IN,International transport - incoming,LV,Latvia,2011,145,
THS_PAS,Thousand passengers,INTL_IN,International transport - incoming,LV,Latvia,2012,150,
THS_PAS,Thousand passengers,INTL_IN,International transport - incoming,LV,Latvia,2013,155,
THS_PAS,Thousand passengers,INTL_IN,International transport - incoming,LV,Latvia,2014,128,
THS_PAS,Thousand passengers,INTL_IN,International transport - incoming,LV,Latvia,2015,90,
THS_PAS,Thousand passengers,INTL_IN,International transport - incoming,LV,Latvia,2016,79,
THS_PAS,Thousand passengers,INTL_IN,International transport - incoming,LV,Latvia,2017,84,
THS_PAS,Thousand passengers,INTL_IN,International transport - incoming,LV,Latvia,2018,83,
THS_PAS,Thousand passengers,INTL_IN,International transport - incoming,LV,Latvia,2019,90,
THS_PAS,Thousand passengers,INTL_IN,International transport - incoming,LV,Latvia,2020,12,
THS_PAS,Thousand passengers,INTL_IN,International transport - incoming,LV,Latvia,2021,2,
THS_PAS,Thousand passengers,INTL_IN,International transport - incoming,LV,Latvia,2022,7,
THS_PAS,Thousand passengers,INTL_IN,International transport - incoming,LV,Latvia,2023,8,
THS_PAS,Thousand passengers,INTL_IN,International transport - incoming,LV,Latvia,2024,38,
THS_PAS,Thousand passengers,INTL_IN,International transport - incoming,LV,Latvia,2025,49,
THS_PAS,Thousand passengers,INTL_IN,International transport - incoming,MK,North Macedonia,2009,7,
THS_PAS,Thousand passengers,INTL_IN,International transport - incoming,MK,North Macedonia,2010,6,
THS_PAS,Thousand passengers,INTL_IN,International transport - incoming,MK,North Macedonia,2011,5,
THS_PAS,Thousand passengers,INTL_IN,International transport - incoming,MK,North Macedonia,2012,1,
THS_PAS,Thousand passengers,INTL_IN,International transport - incoming,MK,North Macedonia,2013,0,
THS_PAS,Thousand passengers,INTL_IN,International transport - incoming,MK,North Macedonia,2014,0,
THS_PAS,Thousand passengers,INTL_IN,International transport - incoming,MK,North Macedonia,2015,3,
THS_PAS,Thousand passengers,INTL_IN,International transport - incoming,MK,North Macedonia,2016,1,
THS_PAS,Thousand passengers,INTL_IN,International transport - incoming,MK,North Macedonia,2017,1,
THS_PAS,Thousand passengers,INTL_IN,International transport - incoming,MK,North Macedonia,2018,1,
THS_PAS,Thousand passengers,INTL_IN,International transport - incoming,MK,North Macedonia,2019,1,
THS_PAS,Thousand passengers,INTL_IN,International transport - incoming,MK,North Macedonia,2020,0,
THS_PAS,Thousand passengers,INTL_IN,International transport - incoming,MK,North Macedonia,2021,0,
THS_PAS,Thousand passengers,INTL_IN,International transport - incoming,NL,Netherlands,2004,2506,
THS_PAS,Thousand passengers,INTL_IN,International transport - incoming,NL,Netherlands,2005,2525,
THS_PAS,Thousand passengers,INTL_IN,International transport - incoming,NL,Netherlands,2006,2398,
THS_PAS,Thousand passengers,INTL_IN,International transport - incoming,NL,Netherlands,2007,3017,
THS_PAS,Thousand passengers,INTL_IN,International transport - incoming,NO,Norway,2005,135,
THS_PAS,Thousand passengers,INTL_IN,International transport - incoming,NO,Norway,2006,142,
THS_PAS,Thousand passengers,INTL_IN,International transport - incoming,NO,Norway,2007,74,
THS_PAS,Thousand passengers,INTL_IN,International transport - incoming,NO,Norway,2008,110,
THS_PAS,Thousand passengers,INTL_IN,International transport - incoming,NO,Norway,2009,106,
THS_PAS,Thousand passengers,INTL_IN,International transport - incoming,NO,Norway,2010,253,
THS_PAS,Thousand passengers,INTL_IN,International transport - incoming,NO,Norway,2011,222,
THS_PAS,Thousand passengers,INTL_IN,International transport - incoming,NO,Norway,2012,238,
THS_PAS,Thousand passengers,INTL_IN,International transport - incoming,NO,Norway,2013,245,
THS_PAS,Thousand passengers,INTL_IN,International transport - incoming,NO,Norway,2014,238,
THS_PAS,Thousand passengers,INTL_IN,International transport - incoming,NO,Norway,2015,250,
THS_PAS,Thousand passengers,INTL_IN,International transport - incoming,NO,Norway,2016,268,
THS_PAS,Thousand passengers,INTL_IN,International transport - incoming,NO,Norway,2017,292,
THS_PAS,Thousand passengers,INTL_IN,International transport - incoming,NO,Norway,2018,221,
THS_PAS,Thousand passengers,INTL_IN,International transport - incoming,NO,Norway,2019,248,
THS_PAS,Thousand passengers,INTL_IN,International transport - incoming,NO,Norway,2020,38,
THS_PAS,Thousand passengers,INTL_IN,International transport - incoming,NO,Norway,2021,12,
THS_PAS,Thousand passengers,INTL_IN,International transport - incoming,NO,Norway,2022,149,
THS_PAS,Thousand passengers,INTL_IN,International transport - incoming,NO,Norway,2023,228,
THS_PAS,Thousand passengers,INTL_IN,International transport - incoming,NO,Norway,2024,298,
THS_PAS,Thousand passengers,INTL_IN,International transport - incoming,NO,Norway,2025,318,
THS_PAS,Thousand passengers,INTL_IN,International transport - incoming,PL,Poland,2004,1568,
THS_PAS,Thousand passengers,INTL_IN,International transport - incoming,PL,Poland,2005,1493,
THS_PAS,Thousand passengers,INTL_IN,International transport - incoming,PL,Poland,2006,1527,
THS_PAS,Thousand passengers,INTL_IN,International transport - incoming,PL,Poland,2007,1599,
THS_PAS,Thousand passengers,INTL_IN,International transport - incoming,PL,Poland,2008,1100,
THS_PAS,Thousand passengers,INTL_IN,International transport - incoming,PL,Poland,2009,913,
THS_PAS,Thousand passengers,INTL_IN,International transport - incoming,PL,Poland,2010,1137,
THS_PAS,Thousand passengers,INTL_IN,International transport - incoming,PL,Poland,2011,1401,
THS_PAS,Thousand passengers,INTL_IN,International transport - incoming,PL,Poland,2012,1342,
THS_PAS,Thousand passengers,INTL_IN,International transport - incoming,PL,Poland,2013,1246,
THS_PAS,Thousand passengers,INTL_IN,International transport - incoming,PL,Poland,2014,927,
THS_PAS,Thousand passengers,INTL_IN,International transport - incoming,PL,Poland,2015,755,
THS_PAS,Thousand passengers,INTL_IN,International transport - incoming,PL,Poland,2016,785,
THS_PAS,Thousand passengers,INTL_IN,International transport - incoming,PL,Poland,2017,1081,
THS_PAS,Thousand passengers,INTL_IN,International transport - incoming,PL,Poland,2018,1301,
THS_PAS,Thousand passengers,INTL_IN,International transport - incoming,PT,Portugal,2004,303,
THS_PAS,Thousand passengers,INTL_IN,International transport - incoming,PT,Portugal,2005,88,
THS_PAS,Thousand passengers,INTL_IN,International transport - incoming,PT,Portugal,2006,85,
THS_PAS,Thousand passengers,INTL_IN,International transport - incoming,PT,Portugal,2007,103,
THS_PAS,Thousand passengers,INTL_IN,International transport - incoming,PT,Portugal,2008,76,
THS_PAS,Thousand passengers,INTL_IN,International transport - incoming,PT,Portugal,2009,63,
THS_PAS,Thousand passengers,INTL_IN,International transport - incoming,PT,Portugal,2010,61,
THS_PAS,Thousand passengers,INTL_IN,International transport - incoming,PT,Portugal,2011,59,
THS_PAS,Thousand passengers,INTL_IN,International transport - incoming,PT,Portugal,2012,64,
THS_PAS,Thousand passengers,INTL_IN,International transport - incoming,PT,Portugal,2013,67,
THS_PAS,Thousand passengers,INTL_IN,International transport - incoming,PT,Portugal,2014,78,
THS_PAS,Thousand passengers,INTL_IN,International transport - incoming,PT,Portugal,2015,115,
THS_PAS,Thousand passengers,INTL_IN,International transport - incoming,PT,Portugal,2016,120,
THS_PAS,Thousand passengers,INTL_IN,International transport - incoming,PT,Portugal,2017,128,
THS_PAS,Thousand passengers,INTL_IN,International transport - incoming,PT,Portugal,2018,85,
THS_PAS,Thousand passengers,INTL_IN,International transport - incoming,PT,Portugal,2019,85,
THS_PAS,Thousand passengers,INTL_IN,International transport - incoming,PT,Portugal,2020,12,
THS_PAS,Thousand passengers,INTL_IN,International transport - incoming,PT,Portugal,2021,13,
THS_PAS,Thousand passengers,INTL_IN,International transport - incoming,PT,Portugal,2022,60,
THS_PAS,Thousand passengers,INTL_IN,International transport - incoming,PT,Portugal,2023,63,
THS_PAS,Thousand passengers,INTL_IN,International transport - incoming,PT,Portugal,2024,61,
THS_PAS,Thousand passengers,INTL_IN,International transport - incoming,RO,Romania,2004,245,
THS_PAS,Thousand passengers,INTL_IN,International transport - incoming,RO,Romania,2005,215,
THS_PAS,Thousand passengers,INTL_IN,International transport - incoming,RO,Romania,2006,249,
THS_PAS,Thousand passengers,INTL_IN,International transport - incoming,RO,Romania,2007,226,
THS_PAS,Thousand passengers,INTL_IN,International transport - incoming,RO,Romania,2008,265,
THS_PAS,Thousand passengers,INTL_IN,International transport - incoming,RO,Romania,2009,254,
THS_PAS,Thousand passengers,INTL_IN,International transport - incoming,RO,Romania,2010,280,
THS_PAS,Thousand passengers,INTL_IN,International transport - incoming,RO,Romania,2011,46,
THS_PAS,Thousand passengers,INTL_IN,International transport - incoming,RO,Romania,2012,42,
THS_PAS,Thousand passengers,INTL_IN,International transport - incoming,RO,Romania,2013,82,
THS_PAS,Thousand passengers,INTL_IN,International transport - incoming,RO,Romania,2014,90,
THS_PAS,Thousand passengers,INTL_IN,International transport - incoming,RO,Romania,2015,90,
THS_PAS,Thousand passengers,INTL_IN,International transport - incoming,RO,Romania,2016,98,
THS_PAS,Thousand passengers,INTL_IN,International transport - incoming,RO,Romania,2017,108,
THS_PAS,Thousand passengers,INTL_IN,International transport - incoming,RO,Romania,2018,101,
THS_PAS,Thousand passengers,INTL_IN,International transport - incoming,RO,Romania,2019,100,
THS_PAS,Thousand passengers,INTL_IN,International transport - incoming,RO,Romania,2020,40,
THS_PAS,Thousand passengers,INTL_IN,International transport - incoming,RO,Romania,2021,51,
THS_PAS,Thousand passengers,INTL_IN,International transport - incoming,RO,Romania,2022,118,
THS_PAS,Thousand passengers,INTL_IN,International transport - incoming,RO,Romania,2023,174,
THS_PAS,Thousand passengers,INTL_IN,International transport - incoming,RO,Romania,2024,140,
THS_PAS,Thousand passengers,INTL_IN,International transport - incoming,RO,Romania,2025,129,
THS_PAS,Thousand passengers,INTL_IN,International transport - incoming,SE,Sweden,2004,3659,
THS_PAS,Thousand passengers,INTL_IN,International transport - incoming,SE,Sweden,2005,3762,
THS_PAS,Thousand passengers,INTL_IN,International transport - incoming,SE,Sweden,2006,4261,
THS_PAS,Thousand passengers,INTL_IN,International transport - incoming,SE,Sweden,2007,5207,
THS_PAS,Thousand passengers,INTL_IN,International transport - incoming,SE,Sweden,2008,5702,
THS_PAS,Thousand passengers,INTL_IN,International transport - incoming,SE,Sweden,2009,5843,
THS_PAS,Thousand passengers,INTL_IN,International transport - incoming,SE,Sweden,2010,5473,
THS_PAS,Thousand passengers,INTL_IN,International transport - incoming,SE,Sweden,2011,5635,
THS_PAS,Thousand passengers,INTL_IN,International transport - incoming,SE,Sweden,2012,5892,
THS_PAS,Thousand passengers,INTL_IN,International transport - incoming,SE,Sweden,2013,6136,
THS_PAS,Thousand passengers,INTL_IN,International transport - incoming,SE,Sweden,2014,6135,
THS_PAS,Thousand passengers,INTL_IN,International transport - incoming,SE,Sweden,2015,6347,
THS_PAS,Thousand passengers,INTL_IN,International transport - incoming,SE,Sweden,2016,6009,
THS_PAS,Thousand passengers,INTL_IN,International transport - incoming,SE,Sweden,2017,6084,
THS_PAS,Thousand passengers,INTL_IN,International transport - incoming,SE,Sweden,2018,5569,
THS_PAS,Thousand passengers,INTL_IN,International transport - incoming,SE,Sweden,2019,6228,
THS_PAS,Thousand passengers,INTL_IN,International transport - incoming,SE,Sweden,2020,2391,
THS_PAS,Thousand passengers,INTL_IN,International transport - incoming,SE,Sweden,2021,2781,
THS_PAS,Thousand passengers,INTL_IN,International transport - incoming,SI,Slovenia,2004,267,
THS_PAS,Thousand passengers,INTL_IN,International transport - incoming,SI,Slovenia,2005,278,
THS_PAS,Thousand passengers,INTL_IN,International transport - incoming,SI,Slovenia,2006,252,
THS_PAS,Thousand passengers,INTL_IN,International transport - incoming,SI,Slovenia,2007,255,
THS_PAS,Thousand passengers,INTL_IN,International transport - incoming,SI,Slovenia,2008,241,
THS_PAS,Thousand passengers,INTL_IN,International transport - incoming,SI,Slovenia,2009,294,
THS_PAS,Thousand passengers,INTL_IN,International transport - incoming,SI,Slovenia,2010,253,
THS_PAS,Thousand passengers,INTL_IN,International transport - incoming,SI,Slovenia,2011,248,
THS_PAS,Thousand passengers,INTL_IN,International transport - incoming,SI,Slovenia,2012,248,
THS_PAS,Thousand passengers,INTL_IN,International transport - incoming,SI,Slovenia,2013,239,
THS_PAS,Thousand passengers,INTL_IN,International transport - incoming,SI,Slovenia,2014,207,
THS_PAS,Thousand passengers,INTL_IN,International transport - incoming,SI,Slovenia,2015,180,
THS_PAS,Thousand passengers,INTL_IN,International transport - incoming,SI,Slovenia,2016,259,
THS_PAS,Thousand passengers,INTL_IN,International transport - incoming,SI,Slovenia,2017,252,
THS_PAS,Thousand passengers,INTL_IN,International transport - incoming,SI,Slovenia,2018,263,
THS_PAS,Thousand passengers,INTL_IN,International transport - incoming,SI,Slovenia,2019,269,
THS_PAS,Thousand passengers,INTL_IN,International transport - incoming,SI,Slovenia,2020,36,
THS_PAS,Thousand passengers,INTL_IN,International transport - incoming,SI,Slovenia,2021,53,
THS_PAS,Thousand passengers,INTL_IN,International transport - incoming,SI,Slovenia,2022,136,
THS_PAS,Thousand passengers,INTL_IN,International transport - incoming,SI,Slovenia,2023,312,
THS_PAS,Thousand passengers,INTL_IN,International transport - incoming,SI,Slovenia,2024,368,
THS_PAS,Thousand passengers,INTL_IN,International transport - incoming,SI,Slovenia,2025,358,
THS_PAS,Thousand passengers,INTL_IN,International transport - incoming,SK,Slovakia,2004,752,
THS_PAS,Thousand passengers,INTL_IN,International transport - incoming,SK,Slovakia,2005,883,
THS_PAS,Thousand passengers,INTL_IN,International transport - incoming,SK,Slovakia,2006,1254,
THS_PAS,Thousand passengers,INTL_IN,International transport - incoming,SK,Slovakia,2007,1517,
THS_PAS,Thousand passengers,INTL_IN,International transport - incoming,SK,Slovakia,2008,1566,
THS_PAS,Thousand passengers,INTL_IN,International transport - incoming,SK,Slovakia,2009,1436,
THS_PAS,Thousand passengers,INTL_IN,International transport - incoming,SK,Slovakia,2010,1405,
THS_PAS,Thousand passengers,INTL_IN,International transport - incoming,SK,Slovakia,2011,1562,
THS_PAS,Thousand passengers,INTL_IN,International transport - incoming,SK,Slovakia,2012,1633,
THS_PAS,Thousand passengers,INTL_IN,International transport - incoming,SK,Slovakia,2013,1684,
THS_PAS,Thousand passengers,INTL_IN,International transport - incoming,SK,Slovakia,2014,1709,
THS_PAS,Thousand passengers,INTL_IN,International transport - incoming,SK,Slovakia,2015,1605,
THS_PAS,Thousand passengers,INTL_IN,International transport - incoming,SK,Slovakia,2016,1684,
THS_PAS,Thousand passengers,INTL_IN,International transport - incoming,SK,Slovakia,2017,1730,
THS_PAS,Thousand passengers,INTL_IN,International transport - incoming,SK,Slovakia,2018,1899,
THS_PAS,Thousand passengers,INTL_IN,International transport - incoming,SK,Slovakia,2019,2005,
THS_PAS,Thousand passengers,INTL_IN,International transport - incoming,SK,Slovakia,2020,694,
THS_PAS,Thousand passengers,INTL_IN,International transport - incoming,SK,Slovakia,2021,1041,
THS_PAS,Thousand passengers,INTL_IN,International transport - incoming,SK,Slovakia,2022,2078,
THS_PAS,Thousand passengers,INTL_IN,International transport - incoming,TR,Türkiye,2004,88,
THS_PAS,Thousand passengers,INTL_IN,International transport - incoming,TR,Türkiye,2005,114,
THS_PAS,Thousand passengers,INTL_IN,International transport - incoming,TR,Türkiye,2006,137,
THS_PAS,Thousand passengers,INTL_IN,International transport - incoming,TR,Türkiye,2007,179,
THS_PAS,Thousand passengers,INTL_IN,International transport - incoming,TR,Türkiye,2008,229,
THS_PAS,Thousand passengers,INTL_IN,International transport - incoming,TR,Türkiye,2009,218,
THS_PAS,Thousand passengers,INTL_IN,International transport - incoming,TR,Türkiye,2010,228,
THS_PAS,Thousand passengers,INTL_IN,International transport - incoming,TR,Türkiye,2011,170,
THS_PAS,Thousand passengers,INTL_IN,International transport - incoming,TR,Türkiye,2012,118,
THS_PAS,Thousand passengers,INTL_IN,International transport - incoming,TR,Türkiye,2013,93,
THS_PAS,Thousand passengers,INTL_IN,International transport - incoming,TR,Türkiye,2014,143,
THS_PAS,Thousand passengers,INTL_IN,International transport - incoming,TR,Türkiye,2015,121,
THS_PAS,Thousand passengers,INTL_IN,International transport - incoming,TR,Türkiye,2016,163,
THS_PAS,Thousand passengers,INTL_IN,International transport - incoming,TR,Türkiye,2017,5,
THS_PAS,Thousand passengers,INTL_IN,International transport - incoming,TR,Türkiye,2018,1,
THS_PAS,Thousand passengers,INTL_IN,International transport - incoming,TR,Türkiye,2019,2,
THS_PAS,Thousand passengers,INTL_IN,International transport - incoming,TR,Türkiye,2020,0,
THS_PAS,Thousand passengers,INTL_IN,International transport - incoming,UK,United Kingdom,2004,7932,
THS_PAS,Thousand passengers,INTL_IN,International transport - incoming,UK,United Kingdom,2005,8170,
THS_PAS,Thousand passengers,INTL_IN,International transport - incoming,UK,United Kingdom,2006,8171,
THS_PAS,Thousand passengers,INTL_IN,International transport - incoming,UK,United Kingdom,2007,8533,
THS_PAS,Thousand passengers,INTL_IN,International transport - incoming,UK,United Kingdom,2008,8576,
THS_PAS,Thousand passengers,INTL_IN,International transport - incoming,UK,United Kingdom,2009,8404,
THS_PAS,Thousand passengers,INTL_IN,International transport - incoming,UK,United Kingdom,2010,8918,
THS_PAS,Thousand passengers,INTL_IN,International transport - incoming,UK,United Kingdom,2011,9125,
THS_PAS,Thousand passengers,INTL_IN,International transport - incoming,UK,United Kingdom,2012,9532,
THS_PAS,Thousand passengers,INTL_IN,International transport - incoming,UK,United Kingdom,2013,9821,
THS_PAS,Thousand passengers,INTL_IN,International transport - incoming,UK,United Kingdom,2014,10055,
THS_PAS,Thousand passengers,INTL_IN,International transport - incoming,UK,United Kingdom,2015,9924,
THS_PAS,Thousand passengers,INTL_IN,International transport - incoming,UK,United Kingdom,2016,9714,
THS_PAS,Thousand passengers,INTL_IN,International transport - incoming,UK,United Kingdom,2017,9824,
THS_PAS,Thousand passengers,INTL_IN,International transport - incoming,UK,United Kingdom,2018,10261,
THS_PAS,Thousand passengers,INTL_IN,International transport - incoming,UK,United Kingdom,2019,10271,
THS_PAS,Thousand passengers,INTL_OUT,International transport - outgoing,BE,Belgium,2004,4256,
THS_PAS,Thousand passengers,INTL_OUT,International transport - outgoing,BE,Belgium,2005,4827,
THS_PAS,Thousand passengers,INTL_OUT,International transport - outgoing,BE,Belgium,2006,4352,
THS_PAS,Thousand passengers,INTL_OUT,International transport - outgoing,BE,Belgium,2007,4764,
THS_PAS,Thousand passengers,INTL_OUT,International transport - outgoing,BE,Belgium,2008,7703,
THS_PAS,Thousand passengers,INTL_OUT,International transport - outgoing,BE,Belgium,2009,7534,
THS_PAS,Thousand passengers,INTL_OUT,International transport - outgoing,BE,Belgium,2010,7610,
THS_PAS,Thousand passengers,INTL_OUT,International transport - outgoing,BE,Belgium,2011,7610,
THS_PAS,Thousand passengers,INTL_OUT,International transport - outgoing,BG,Bulgaria,2006,74,
THS_PAS,Thousand passengers,INTL_OUT,International transport - outgoing,BG,Bulgaria,2007,98,
THS_PAS,Thousand passengers,INTL_OUT,International transport - outgoing,BG,Bulgaria,2008,89,
THS_PAS,Thousand passengers,INTL_OUT,International transport - outgoing,BG,Bulgaria,2009,85,
THS_PAS,Thousand passengers,INTL_OUT,International transport - outgoing,BG,Bulgaria,2010,75,
THS_PAS,Thousand passengers,INTL_OUT,International transport - outgoing,BG,Bulgaria,2011,36,
THS_PAS,Thousand passengers,INTL_OUT,International transport - outgoing,BG,Bulgaria,2012,27,
THS_PAS,Thousand passengers,INTL_OUT,International transport - outgoing,BG,Bulgaria,2013,27,
THS_PAS,Thousand passengers,INTL_OUT,International transport - outgoing,BG,Bulgaria,2014,20,
THS_PAS,Thousand passengers,INTL_OUT,International transport - outgoing,BG,Bulgaria,2015,15,
THS_PAS,Thousand passengers,INTL_OUT,International transport - outgoing,BG,Bulgaria,2016,16,
THS_PAS,Thousand passengers,INTL_OUT,International transport - outgoing,BG,Bulgaria,2017,14,
THS_PAS,Thousand passengers,INTL_OUT,International transport - outgoing,BG,Bulgaria,2018,17,
THS_PAS,Thousand passengers,INTL_OUT,International transport - outgoing,BG,Bulgaria,2019,23,
THS_PAS,Thousand passengers,INTL_OUT,International transport - outgoing,BG,Bulgaria,2020,3,
THS_PAS,Thousand passengers,INTL_OUT,International transport - outgoing,BG,Bulgaria,2021,2,
THS_PAS,Thousand passengers,INTL_OUT,International transport - outgoing,BG,Bulgaria,2022,28,
THS_PAS,Thousand passengers,INTL_OUT,International transport - outgoing,BG,Bulgaria,2023,8,
THS_PAS,Thousand passengers,INTL_OUT,International transport - outgoing,BG,Bulgaria,2024,8,
THS_PAS,Thousand passengers,INTL_OUT,International transport - outgoing,BG,Bulgaria,2025,15,
THS_PAS,Thousand passengers,INTL_OUT,International transport - outgoing,CH,Switzerland,2008,5840,
THS_PAS,Thousand passengers,INTL_OUT,International transport - outgoing,CH,Switzerland,2009,5530,
THS_PAS,Thousand passengers,INTL_OUT,International transport - outgoing,CH,Switzerland,2010,6282,
THS_PAS,Thousand passengers,INTL_OUT,International transport - outgoing,CH,Switzerland,2011,6350,
THS_PAS,Thousand passengers,INTL_OUT,International transport - outgoing,CH,Switzerland,2012,7251,
THS_PAS,Thousand passengers,INTL_OUT,International transport - outgoing,CH,Switzerland,2013,7096,
THS_PAS,Thousand passengers,INTL_OUT,International transport - outgoing,CH,Switzerland,2014,6874,
THS_PAS,Thousand passengers,INTL_OUT,International transport - outgoing,CH,Switzerland,2015,5102,
THS_PAS,Thousand passengers,INTL_OUT,International transport - outgoing,CH,Switzerland,2016,4898,
THS_PAS,Thousand passengers,INTL_OUT,International transport - outgoing,CH,Switzerland,2017,4972,
THS_PAS,Thousand passengers,INTL_OUT,International transport - outgoing,CH,Switzerland,2018,5136,
THS_PAS,Thousand passengers,INTL_OUT,International transport - outgoing,CH,Switzerland,2019,5614,
THS_PAS,Thousand passengers,INTL_OUT,International transport - outgoing,CH,Switzerland,2020,2302,
THS_PAS,Thousand passengers,INTL_OUT,International transport - outgoing,CH,Switzerland,2021,2670,
THS_PAS,Thousand passengers,INTL_OUT,International transport - outgoing,CH,Switzerland,2022,5420,
THS_PAS,Thousand passengers,INTL_OUT,International transport - outgoing,CH,Switzerland,2023,6222,
THS_PAS,Thousand passengers,INTL_OUT,International transport - outgoing,CH,Switzerland,2024,5898,
THS_PAS,Thousand passengers,INTL_OUT,International transport - outgoing,CZ,Czechia,2004,702,
THS_PAS,Thousand passengers,INTL_OUT,International transport - outgoing,CZ,Czechia,2005,917,
THS_PAS,Thousand passengers,INTL_OUT,International transport - outgoing,CZ,Czechia,2006,905,
THS_PAS,Thousand passengers,INTL_OUT,International transport - outgoing,CZ,Czechia,2007,1056,
THS_PAS,Thousand passengers,INTL_OUT,International transport - outgoing,CZ,Czechia,2008,1185,
THS_PAS,Thousand passengers,INTL_OUT,International transport - outgoing,CZ,Czechia,2009,1003,
THS_PAS,Thousand passengers,INTL_OUT,International transport - outgoing,CZ,Czechia,2010,1109,
THS_PAS,Thousand passengers,INTL_OUT,International transport - outgoing,CZ,Czechia,2011,1206,
THS_PAS,Thousand passengers,INTL_OUT,International transport - outgoing,CZ,Czechia,2012,1390,
THS_PAS,Thousand passengers,INTL_OUT,International transport - outgoing,CZ,Czechia,2013,1706,
THS_PAS,Thousand passengers,INTL_OUT,International transport - outgoing,CZ,Czechia,2014,1732,
THS_PAS,Thousand passengers,INTL_OUT,International transport - outgoing,CZ,Czechia,2015,2028,
THS_PAS,Thousand passengers,INTL_OUT,International transport - outgoing,CZ,Czechia,2016,2805,
THS_PAS,Thousand passengers,INTL_OUT,International transport - outgoing,CZ,Czechia,2017,2946,
THS_PAS,Thousand passengers,INTL_OUT,International transport - outgoing,CZ,Czechia,2018,3408,
THS_PAS,Thousand passengers,INTL_OUT,International transport - outgoing,CZ,Czechia,2019,3784,
THS_PAS,Thousand passengers,INTL_OUT,International transport - outgoing,CZ,Czechia,2020,1354,
THS_PAS,Thousand passengers,INTL_OUT,International transport - outgoing,CZ,Czechia,2021,1586,
THS_PAS,Thousand passengers,INTL_OUT,International transport - outgoing,CZ,Czechia,2022,3798,
THS_PAS,Thousand passengers,INTL_OUT,International transport - outgoing,CZ,Czechia,2023,4079,
THS_PAS,Thousand passengers,INTL_OUT,International transport - outgoing,CZ,Czechia,2024,4375,
THS_PAS,Thousand passengers,INTL_OUT,International transport - outgoing,DE,Germany,2004,5538,
THS_PAS,Thousand passengers,INTL_OUT,International transport - outgoing,DE,Germany,2005,4574,
THS_PAS,Thousand passengers,INTL_OUT,International transport - outgoing,DE,Germany,2006,4882,
THS_PAS,Thousand passengers,INTL_OUT,International transport - outgoing,DE,Germany,2007,5072,
THS_PAS,Thousand passengers,INTL_OUT,International transport - outgoing,DE,Germany,2008,5801,
THS_PAS,Thousand passengers,INTL_OUT,International transport - outgoing,DE,Germany,2009,6153,
THS_PAS,Thousand passengers,INTL_OUT,International transport - outgoing,DE,Germany,2010,6036,
THS_PAS,Thousand passengers,INTL_OUT,International transport - outgoing,DE,Germany,2011,7992,
THS_PAS,Thousand passengers,INTL_OUT,International transport - outgoing,DE,Germany,2012,7674,
THS_PAS,Thousand passengers,INTL_OUT,International transport - outgoing,DE,Germany,2013,8551,
THS_PAS,Thousand passengers,INTL_OUT,International transport - outgoing,DE,Germany,2014,8322,
THS_PAS,Thousand passengers,INTL_OUT,International transport - outgoing,DE,Germany,2015,7152,
THS_PAS,Thousand passengers,INTL_OUT,International transport - outgoing,DE,Germany,2016,6293,
THS_PAS,Thousand passengers,INTL_OUT,International transport - outgoing,DE,Germany,2017,8183,
THS_PAS,Thousand passengers,INTL_OUT,International transport - outgoing,DE,Germany,2018,7160,
THS_PAS,Thousand passengers,INTL_OUT,International transport - outgoing,DE,Germany,2019,9119,
THS_PAS,Thousand passengers,INTL_OUT,International transport - outgoing,DE,Germany,2020,7546,
THS_PAS,Thousand passengers,INTL_OUT,International transport - outgoing,DE,Germany,2021,4967,
THS_PAS,Thousand passengers,INTL_OUT,International transport - outgoing,DE,Germany,2022,11206,
THS_PAS,Thousand passengers,INTL_OUT,International transport - outgoing,DE,Germany,2023,11656,
THS_PAS,Thousand passengers,INTL_OUT,International transport - outgoing,DE,Germany,2024,12882,
THS_PAS,Thousand passengers,INTL_OUT,International transport - outgoing,DK,Denmark,2004,3602,
THS_PAS,Thousand passengers,INTL_OUT,International transport - outgoing,DK,Denmark,2005,2562,
THS_PAS,Thousand passengers,INTL_OUT,International transport - outgoing,DK,Denmark,2006,4183,
THS_PAS,Thousand passengers,INTL_OUT,International transport - outgoing,DK,Denmark,2007,5037,
THS_PAS,Thousand passengers,INTL_OUT,International transport - outgoing,DK,Denmark,2008,5742,
THS_PAS,Thousand passengers,INTL_OUT,International transport - outgoing,DK,Denmark,2009,5896,
THS_PAS,Thousand passengers,INTL_OUT,International transport - outgoing,DK,Denmark,2010,5793,
THS_PAS,Thousand passengers,INTL_OUT,International transport - outgoing,DK,Denmark,2011,5772,
THS_PAS,Thousand passengers,INTL_OUT,International transport - outgoing,DK,Denmark,2012,6046,
THS_PAS,Thousand passengers,INTL_OUT,International transport - outgoing,DK,Denmark,2013,6175,
THS_PAS,Thousand passengers,INTL_OUT,International transport - outgoing,DK,Denmark,2014,6202,
THS_PAS,Thousand passengers,INTL_OUT,International transport - outgoing,DK,Denmark,2015,6522,
THS_PAS,Thousand passengers,INTL_OUT,International transport - outgoing,DK,Denmark,2016,6202,
THS_PAS,Thousand passengers,INTL_OUT,International transport - outgoing,DK,Denmark,2017,6208,
THS_PAS,Thousand passengers,INTL_OUT,International transport - outgoing,DK,Denmark,2018,6488,
THS_PAS,Thousand passengers,INTL_OUT,International transport - outgoing,DK,Denmark,2019,6430,
THS_PAS,Thousand passengers,INTL_OUT,International transport - outgoing,DK,Denmark,2020,2651,
THS_PAS,Thousand passengers,INTL_OUT,International transport - outgoing,DK,Denmark,2021,3228,
THS_PAS,Thousand passengers,INTL_OUT,International transport - outgoing,DK,Denmark,2022,6938,
THS_PAS,Thousand passengers,INTL_OUT,International transport - outgoing,DK,Denmark,2023,8452,
THS_PAS,Thousand passengers,INTL_OUT,International transport - outgoing,DK,Denmark,2024,8676,
THS_PAS,Thousand passengers,INTL_OUT,International transport - outgoing,EE,Estonia,2004,66,
THS_PAS,Thousand passengers,INTL_OUT,International transport - outgoing,EE,Estonia,2005,68,
THS_PAS,Thousand passengers,INTL_OUT,International transport - outgoing,EE,Estonia,2006,75,
THS_PAS,Thousand passengers,INTL_OUT,International transport - outgoing,EE,Estonia,2007,75,
THS_PAS,Thousand passengers,INTL_OUT,International transport - outgoing,EE,Estonia,2008,83,
THS_PAS,Thousand passengers,INTL_OUT,International transport - outgoing,EE,Estonia,2009,47,
THS_PAS,Thousand passengers,INTL_OUT,International transport - outgoing,EE,Estonia,2010,48,
THS_PAS,Thousand passengers,INTL_OUT,International transport - outgoing,EE,Estonia,2011,41,
THS_PAS,Thousand passengers,INTL_OUT,International transport - outgoing,EE,Estonia,2012,48,
THS_PAS,Thousand passengers,INTL_OUT,International transport - outgoing,EE,Estonia,2013,61,
THS_PAS,Thousand passengers,INTL_OUT,International transport - outgoing,EE,Estonia,2014,48,
THS_PAS,Thousand passengers,INTL_OUT,International transport - outgoing,EE,Estonia,2015,27,
THS_PAS,Thousand passengers,INTL_OUT,International transport - outgoing,EE,Estonia,2016,52,
THS_PAS,Thousand passengers,INTL_OUT,International transport - outgoing,EE,Estonia,2017,55,
THS_PAS,Thousand passengers,INTL_OUT,International transport - outgoing,EE,Estonia,2018,54,
THS_PAS,Thousand passengers,INTL_OUT,International transport - outgoing,EE,Estonia,2019,57,
THS_PAS,Thousand passengers,INTL_OUT,International transport - outgoing,EE,Estonia,2020,4,
THS_PAS,Thousand passengers,INTL_OUT,International transport - outgoing,EE,Estonia,2021,0,
THS_PAS,Thousand passengers,INTL_OUT,International transport - outgoing,EE,Estonia,2022,0,
THS_PAS,Thousand passengers,INTL_OUT,International transport - outgoing,EE,Estonia,2023,0,
THS_PAS,Thousand passengers,INTL_OUT,International transport - outgoing,EE,Estonia,2024,7,
THS_PAS,Thousand passengers,INTL_OUT,International transport - outgoing,EL,Greece,2004,83,
THS_PAS,Thousand passengers,INTL_OUT,International transport - outgoing,EL,Greece,2005,116,
THS_PAS,Thousand passengers,INTL_OUT,International transport - outgoing,EL,Greece,2006,146,
THS_PAS,Thousand passengers,INTL_OUT,International transport - outgoing,EL,Greece,2007,180,
THS_PAS,Thousand passengers,INTL_OUT,International transport - outgoing,EL,Greece,2008,148,
THS_PAS,Thousand passengers,INTL_OUT,International transport - outgoing,EL,Greece,2009,133,
THS_PAS,Thousand passengers,INTL_OUT,International transport - outgoing,EL,Greece,2010,113,
THS_PAS,Thousand passengers,INTL_OUT,International transport - outgoing,EL,Greece,2011,8,
THS_PAS,Thousand passengers,INTL_OUT,International transport - outgoing,EL,Greece,2012,0,
THS_PAS,Thousand passengers,INTL_OUT,International transport - outgoing,EL,Greece,2013,3,
THS_PAS,Thousand passengers,INTL_OUT,International transport - outgoing,EL,Greece,2014,20,
THS_PAS,Thousand passengers,INTL_OUT,International transport - outgoing,EL,Greece,2015,16,
THS_PAS,Thousand passengers,INTL_OUT,International transport - outgoing,EL,Greece,2016,11,
THS_PAS,Thousand passengers,INTL_OUT,International transport - outgoing,EL,Greece,2017,11,
THS_PAS,Thousand passengers,INTL_OUT,International transport - outgoing,EL,Greece,2018,9,
THS_PAS,Thousand passengers,INTL_OUT,International transport - outgoing,EL,Greece,2019,5,
THS_PAS,Thousand passengers,INTL_OUT,International transport - outgoing,EL,Greece,2020,0,
THS_PAS,Thousand passengers,INTL_OUT,International transport - outgoing,ES,Spain,2004,428,
THS_PAS,Thousand passengers,INTL_OUT,International transport - outgoing,ES,Spain,2005,418,
THS_PAS,Thousand passengers,INTL_OUT,International transport - outgoing,ES,Spain,2006,420,
THS_PAS,Thousand passengers,INTL_OUT,International transport - outgoing,ES,Spain,2007,347,
THS_PAS,Thousand passengers,INTL_OUT,International transport - outgoing,ES,Spain,2008,389,
THS_PAS,Thousand passengers,INTL_OUT,International transport - outgoing,ES,Spain,2009,336,
THS_PAS,Thousand passengers,INTL_OUT,International transport - outgoing,ES,Spain,2010,359,
THS_PAS,Thousand passengers,INTL_OUT,International transport - outgoing,ES,Spain,2011,253,
THS_PAS,Thousand passengers,INTL_OUT,International transport - outgoing,ES,Spain,2012,223,
THS_PAS,Thousand passengers,INTL_OUT,International transport - outgoing,ES,Spain,2013,192,
THS_PAS,Thousand passengers,INTL_OUT,International transport - outgoing,ES,Spain,2014,503,
THS_PAS,Thousand passengers,INTL_OUT,International transport - outgoing,ES,Spain,2015,532,
THS_PAS,Thousand passengers,INTL_OUT,International transport - outgoing,ES,Spain,2016,524,
THS_PAS,Thousand passengers,INTL_OUT,International transport - outgoing,ES,Spain,2017,539,
THS_PAS,Thousand passengers,INTL_OUT,International transport - outgoing,ES,Spain,2018,525,
THS_PAS,Thousand passengers,INTL_OUT,International transport - outgoing,ES,Spain,2019,540,
THS_PAS,Thousand passengers,INTL_OUT,International transport - outgoing,ES,Spain,2020,143,
THS_PAS,Thousand passengers,INTL_OUT,International transport - outgoing,ES,Spain,2021,199,
THS_PAS,Thousand passengers,INTL_OUT,International transport - outgoing,ES,Spain,2022,411,
THS_PAS,Thousand passengers,INTL_OUT,International transport - outgoing,ES,Spain,2023,508,
THS_PAS,Thousand passengers,INTL_OUT,International transport - outgoing,ES,Spain,2024,680,
THS_PAS,Thousand passengers,INTL_OUT,International transport - outgoing,ES,Spain,2025,645,
THS_PAS,Thousand passengers,INTL_OUT,International transport - outgoing,EU27_2007,European Union - 27 countries (2007-2013),2008,66696,
THS_PAS,Thousand passengers,INTL_OUT,International transport - outgoing,EU27_2007,European Union - 27 countries (2007-2013),2009,69033,
THS_PAS,Thousand passengers,INTL_OUT,International transport - outgoing,EU27_2007,European Union - 27 countries (2007-2013),2010,68578,
THS_PAS,Thousand passengers,INTL_OUT,International transport - outgoing,EU27_2007,European Union - 27 countries (2007-2013),2011,75086,
THS_PAS,Thousand passengers,INTL_OUT,International transport - outgoing,EU27_2007,European Union - 27 countries (2007-2013),2013,75379,
THS_PAS,Thousand passengers,INTL_OUT,International transport - outgoing,EU27_2007,European Union - 27 countries (2007-2013),2014,75936,
THS_PAS,Thousand passengers,INTL_OUT,International transport - outgoing,EU27_2007,European Union - 27 countries (2007-2013),2015,74076,
THS_PAS,Thousand passengers,INTL_OUT,International transport - outgoing,EU27_2007,European Union - 27 countries (2007-2013),2016,72678,
THS_PAS,Thousand passengers,INTL_OUT,International transport - outgoing,EU27_2007,European Union - 27 countries (2007-2013),2017,76203,
THS_PAS,Thousand passengers,INTL_OUT,International transport - outgoing,EU27_2007,European Union - 27 countries (2007-2013),2018,76697,
THS_PAS,Thousand passengers,INTL_OUT,International transport - outgoing,EU27_2007,European Union - 27 countries (2007-2013),2019,79972,
THS_PAS,Thousand passengers,INTL_OUT,International transport - outgoing,EU27_2020,European Union - 27 countries (from 2020),2008,58434,
THS_PAS,Thousand passengers,INTL_OUT,International transport - outgoing,EU27_2020,European Union - 27 countries (from 2020),2009,60898,
THS_PAS,Thousand passengers,INTL_OUT,International transport - outgoing,EU27_2020,European Union - 27 countries (from 2020),2010,59922,
THS_PAS,Thousand passengers,INTL_OUT,International transport - outgoing,EU27_2020,European Union - 27 countries (from 2020),2011,66222,
THS_PAS,Thousand passengers,INTL_OUT,International transport - outgoing,EU27_2020,European Union - 27 countries (from 2020),2013,65753,
THS_PAS,Thousand passengers,INTL_OUT,International transport - outgoing,EU27_2020,European Union - 27 countries (from 2020),2014,66055,
THS_PAS,Thousand passengers,INTL_OUT,International transport - outgoing,EU27_2020,European Union - 27 countries (from 2020),2015,64291,
THS_PAS,Thousand passengers,INTL_OUT,International transport - outgoing,EU27_2020,European Union - 27 countries (from 2020),2016,63096,
THS_PAS,Thousand passengers,INTL_OUT,International transport - outgoing,EU27_2020,European Union - 27 countries (from 2020),2017,66495,
THS_PAS,Thousand passengers,INTL_OUT,International transport - outgoing,EU27_2020,European Union - 27 countries (from 2020),2018,66572,
THS_PAS,Thousand passengers,INTL_OUT,International transport - outgoing,EU27_2020,European Union - 27 countries (from 2020),2019,69837,
THS_PAS,Thousand passengers,INTL_OUT,International transport - outgoing,EU27_2020,European Union - 27 countries (from 2020),2020,32158,
THS_PAS,Thousand passengers,INTL_OUT,International transport - outgoing,EU27_2020,European Union - 27 countries (from 2020),2021,32486,
THS_PAS,Thousand passengers,INTL_OUT,International transport - outgoing,EU27_2020,European Union - 27 countries (from 2020),2022,66366,
THS_PAS,Thousand passengers,INTL_OUT,International transport - outgoing,EU27_2020,European Union - 27 countries (from 2020),2023,74366,
THS_PAS,Thousand passengers,INTL_OUT,International transport - outgoing,EU27_2020,European Union - 27 countries (from 2020),2024,78158,
THS_PAS,Thousand passengers,INTL_OUT,International transport - outgoing,EU28,European Union - 28 countries (2013-2020),2008,67010,
THS_PAS,Thousand passengers,INTL_OUT,International transport - outgoing,EU28,European Union - 28 countries (2013-2020),2009,69302,
THS_PAS,Thousand passengers,INTL_OUT,International transport - outgoing,EU28,European Union - 28 countries (2013-2020),2010,68840,
THS_PAS,Thousand passengers,INTL_OUT,International transport - outgoing,EU28,European Union - 28 countries (2013-2020),2011,75347,
THS_PAS,Thousand passengers,INTL_OUT,International transport - outgoing,EU28,European Union - 28 countries (2013-2020),2013,75574,
THS_PAS,Thousand passengers,INTL_OUT,International transport - outgoing,EU28,European Union - 28 countries (2013-2020),2014,76110,
THS_PAS,Thousand passengers,INTL_OUT,International transport - outgoing,EU28,European Union - 28 countries (2013-2020),2015,74215,
THS_PAS,Thousand passengers,INTL_OUT,International transport - outgoing,EU28,European Union - 28 countries (2013-2020),2016,72810,
THS_PAS,Thousand passengers,INTL_OUT,International transport - outgoing,EU28,European Union - 28 countries (2013-2020),2017,76320,
THS_PAS,Thousand passengers,INTL_OUT,International transport - outgoing,EU28,European Union - 28 countries (2013-2020),2018,76833,
THS_PAS,Thousand passengers,INTL_OUT,International transport - outgoing,EU28,European Union - 28 countries (2013-2020),2019,80107,
THS_PAS,Thousand passengers,INTL_OUT,International transport - outgoing,FI,Finland,2004,127,
THS_PAS,Thousand passengers,INTL_OUT,International transport - outgoing,FI,Finland,2005,134,
THS_PAS,Thousand passengers,INTL_OUT,International transport - outgoing,FI,Finland,2006,169,
THS_PAS,Thousand passengers,INTL_OUT,International transport - outgoing,FI,Finland,2007,199,
THS_PAS,Thousand passengers,INTL_OUT,International transport - outgoing,FI,Finland,2008,217,
THS_PAS,Thousand passengers,INTL_OUT,International transport - outgoing,FI,Finland,2009,181,
THS_PAS,Thousand passengers,INTL_OUT,International transport - outgoing,FI,Finland,2010,173,
THS_PAS,Thousand passengers,INTL_OUT,International transport - outgoing,FI,Finland,2011,220,
THS_PAS,Thousand passengers,INTL_OUT,International transport - outgoing,FI,Finland,2012,245,
THS_PAS,Thousand passengers,INTL_OUT,International transport - outgoing,FI,Finland,2013,296,
THS_PAS,Thousand passengers,INTL_OUT,International transport - outgoing,FI,Finland,2014,259,
THS_PAS,Thousand passengers,INTL_OUT,International transport - outgoing,FI,Finland,2015,214,
THS_PAS,Thousand passengers,INTL_OUT,International transport - outgoing,FI,Finland,2016,226,
THS_PAS,Thousand passengers,INTL_OUT,International transport - outgoing,FI,Finland,2017,272,
THS_PAS,Thousand passengers,INTL_OUT,International transport - outgoing,FI,Finland,2018,274,
THS_PAS,Thousand passengers,INTL_OUT,International transport - outgoing,FI,Finland,2019,313,
THS_PAS,Thousand passengers,INTL_OUT,International transport - outgoing,FI,Finland,2020,58,
THS_PAS,Thousand passengers,INTL_OUT,International transport - outgoing,FI,Finland,2021,3,
THS_PAS,Thousand passengers,INTL_OUT,International transport - outgoing,FI,Finland,2022,12,
THS_PAS,Thousand passengers,INTL_OUT,International transport - outgoing,FI,Finland,2023,0,
THS_PAS,Thousand passengers,INTL_OUT,International transport - outgoing,FI,Finland,2024,0,
THS_PAS,Thousand passengers,INTL_OUT,International transport - outgoing,FR,France,2004,6302,
THS_PAS,Thousand passengers,INTL_OUT,International transport - outgoing,FR,France,2005,16222,
THS_PAS,Thousand passengers,INTL_OUT,International transport - outgoing,FR,France,2006,15513,
THS_PAS,Thousand passengers,INTL_OUT,International transport - outgoing,FR,France,2007,15832,
THS_PAS,Thousand passengers,INTL_OUT,International transport - outgoing,FR,France,2008,14954,
THS_PAS,Thousand passengers,INTL_OUT,International transport - outgoing,FR,France,2009,17824,
THS_PAS,Thousand passengers,INTL_OUT,International transport - outgoing,HR,Croatia,2004,302,
THS_PAS,Thousand passengers,INTL_OUT,International transport - outgoing,HR,Croatia,2005,300,
THS_PAS,Thousand passengers,INTL_OUT,International transport - outgoing,HR,Croatia,2006,300,
THS_PAS,Thousand passengers,INTL_OUT,International transport - outgoing,HR,Croatia,2007,300,
THS_PAS,Thousand passengers,INTL_OUT,International transport - outgoing,HR,Croatia,2008,314,
THS_PAS,Thousand passengers,INTL_OUT,International transport - outgoing,HR,Croatia,2009,269,
THS_PAS,Thousand passengers,INTL_OUT,International transport - outgoing,HR,Croatia,2010,262,
THS_PAS,Thousand passengers,INTL_OUT,International transport - outgoing,HR,Croatia,2011,261,
THS_PAS,Thousand passengers,INTL_OUT,International transport - outgoing,HR,Croatia,2012,252,
THS_PAS,Thousand passengers,INTL_OUT,International transport - outgoing,HR,Croatia,2013,194,
THS_PAS,Thousand passengers,INTL_OUT,International transport - outgoing,HR,Croatia,2014,173,
THS_PAS,Thousand passengers,INTL_OUT,International transport - outgoing,HR,Croatia,2015,139,
THS_PAS,Thousand passengers,INTL_OUT,International transport - outgoing,HR,Croatia,2016,132,
THS_PAS,Thousand passengers,INTL_OUT,International transport - outgoing,HR,Croatia,2017,117,
THS_PAS,Thousand passengers,INTL_OUT,International transport - outgoing,HR,Croatia,2018,136,
THS_PAS,Thousand passengers,INTL_OUT,International transport - outgoing,HR,Croatia,2019,135,
THS_PAS,Thousand passengers,INTL_OUT,International transport - outgoing,HR,Croatia,2020,67,
THS_PAS,Thousand passengers,INTL_OUT,International transport - outgoing,HR,Croatia,2021,104,
THS_PAS,Thousand passengers,INTL_OUT,International transport - outgoing,HR,Croatia,2022,164,
THS_PAS,Thousand passengers,INTL_OUT,International transport - outgoing,HR,Croatia,2023,162,
THS_PAS,Thousand passengers,INTL_OUT,International transport - outgoing,HR,Croatia,2024,161,
THS_PAS,Thousand passengers,INTL_OUT,International transport - outgoing,HR,Croatia,2025,147,
THS_PAS,Thousand passengers,INTL_OUT,International transport - outgoing,HU,Hungary,2004,920,
THS_PAS,Thousand passengers,INTL_OUT,International transport - outgoing,HU,Hungary,2005,785,
THS_PAS,Thousand passengers,INTL_OUT,International transport - outgoing,HU,Hungary,2006,871,
THS_PAS,Thousand passengers,INTL_OUT,International transport - outgoing,HU,Hungary,2007,808,
THS_PAS,Thousand passengers,INTL_OUT,International transport - outgoing,HU,Hungary,2008,952,
THS_PAS,Thousand passengers,INTL_OUT,International transport - outgoing,HU,Hungary,2009,970,
THS_PAS,Thousand passengers,INTL_OUT,International transport - outgoing,HU,Hungary,2010,926,
THS_PAS,Thousand passengers,INTL_OUT,International transport - outgoing,HU,Hungary,2011,1225,
THS_PAS,Thousand passengers,INTL_OUT,International transport - outgoing,HU,Hungary,2012,1335,
THS_PAS,Thousand passengers,INTL_OUT,International transport - outgoing,HU,Hungary,2013,1350,
THS_PAS,Thousand passengers,INTL_OUT,International transport - outgoing,HU,Hungary,2014,1312,
THS_PAS,Thousand passengers,INTL_OUT,International transport - outgoing,IE,Ireland,2004,390,
THS_PAS,Thousand passengers,INTL_OUT,International transport - outgoing,IE,Ireland,2005,331,
THS_PAS,Thousand passengers,INTL_OUT,International transport - outgoing,IE,Ireland,2006,379,
THS_PAS,Thousand passengers,INTL_OUT,International transport - outgoing,IE,Ireland,2007,347,
THS_PAS,Thousand passengers,INTL_OUT,International transport - outgoing,IE,Ireland,2008,417,
THS_PAS,Thousand passengers,INTL_OUT,International transport - outgoing,IE,Ireland,2009,350,
THS_PAS,Thousand passengers,INTL_OUT,International transport - outgoing,IE,Ireland,2010,375,
THS_PAS,Thousand passengers,INTL_OUT,International transport - outgoing,IE,Ireland,2011,335,
THS_PAS,Thousand passengers,INTL_OUT,International transport - outgoing,IE,Ireland,2012,426,
THS_PAS,Thousand passengers,INTL_OUT,International transport - outgoing,IE,Ireland,2013,455,
THS_PAS,Thousand passengers,INTL_OUT,International transport - outgoing,IE,Ireland,2014,406,
THS_PAS,Thousand passengers,INTL_OUT,International transport - outgoing,IE,Ireland,2015,313,
THS_PAS,Thousand passengers,INTL_OUT,International transport - outgoing,IE,Ireland,2016,342,
THS_PAS,Thousand passengers,INTL_OUT,International transport - outgoing,IE,Ireland,2017,375,
THS_PAS,Thousand passengers,INTL_OUT,International transport - outgoing,IE,Ireland,2018,414,
THS_PAS,Thousand passengers,INTL_OUT,International transport - outgoing,IE,Ireland,2019,408,
THS_PAS,Thousand passengers,INTL_OUT,International transport - outgoing,IE,Ireland,2020,139,
THS_PAS,Thousand passengers,INTL_OUT,International transport - outgoing,IE,Ireland,2021,270,
THS_PAS,Thousand passengers,INTL_OUT,International transport - outgoing,IE,Ireland,2022,541,
THS_PAS,Thousand passengers,INTL_OUT,International transport - outgoing,IE,Ireland,2023,623,
THS_PAS,Thousand passengers,INTL_OUT,International transport - outgoing,IE,Ireland,2024,665,
THS_PAS,Thousand passengers,INTL_OUT,International transport - outgoing,IE,Ireland,2025,1011,
THS_PAS,Thousand passengers,INTL_OUT,International transport - outgoing,IT,Italy,2004,1885,
THS_PAS,Thousand passengers,INTL_OUT,International transport - outgoing,IT,Italy,2005,2236,
THS_PAS,Thousand passengers,INTL_OUT,International transport - outgoing,IT,Italy,2006,2689,
THS_PAS,Thousand passengers,INTL_OUT,International transport - outgoing,IT,Italy,2007,2571,
THS_PAS,Thousand passengers,INTL_OUT,International transport - outgoing,IT,Italy,2022,2267,
THS_PAS,Thousand passengers,INTL_OUT,International transport - outgoing,LT,Lithuania,2004,137,
THS_PAS,Thousand passengers,INTL_OUT,International transport - outgoing,LT,Lithuania,2005,145,
THS_PAS,Thousand passengers,INTL_OUT,International transport - outgoing,LT,Lithuania,2007,166,
THS_PAS,Thousand passengers,INTL_OUT,International transport - outgoing,LT,Lithuania,2010,145,
THS_PAS,Thousand passengers,INTL_OUT,International transport - outgoing,LT,Lithuania,2011,171,
THS_PAS,Thousand passengers,INTL_OUT,International transport - outgoing,LT,Lithuania,2012,216,
THS_PAS,Thousand passengers,INTL_OUT,International transport - outgoing,LT,Lithuania,2013,251,
THS_PAS,Thousand passengers,INTL_OUT,International transport - outgoing,LT,Lithuania,2014,224,
THS_PAS,Thousand passengers,INTL_OUT,International transport - outgoing,LT,Lithuania,2015,181,
THS_PAS,Thousand passengers,INTL_OUT,International transport - outgoing,LT,Lithuania,2016,167,
THS_PAS,Thousand passengers,INTL_OUT,International transport - outgoing,LT,Lithuania,2017,160,
THS_PAS,Thousand passengers,INTL_OUT,International transport - outgoing,LT,Lithuania,2018,179,
THS_PAS,Thousand passengers,INTL_OUT,International transport - outgoing,LT,Lithuania,2019,207,
THS_PAS,Thousand passengers,INTL_OUT,International transport - outgoing,LT,Lithuania,2020,32,
THS_PAS,Thousand passengers,INTL_OUT,International transport - outgoing,LT,Lithuania,2021,0,
THS_PAS,Thousand passengers,INTL_OUT,International transport - outgoing,LT,Lithuania,2022,3,
THS_PAS,Thousand passengers,INTL_OUT,International transport - outgoing,LT,Lithuania,2023,21,
THS_PAS,Thousand passengers,INTL_OUT,International transport - outgoing,LT,Lithuania,2024,53,
THS_PAS,Thousand passengers,INTL_OUT,International transport - outgoing,LT,Lithuania,2025,58,
THS_PAS,Thousand passengers,INTL_OUT,International transport - outgoing,LU,Luxembourg,2004,1714,
THS_PAS,Thousand passengers,INTL_OUT,International transport - outgoing,LU,Luxembourg,2005,1758,
THS_PAS,Thousand passengers,INTL_OUT,International transport - outgoing,LU,Luxembourg,2006,1965,
THS_PAS,Thousand passengers,INTL_OUT,International transport - outgoing,LU,Luxembourg,2007,2307,
THS_PAS,Thousand passengers,INTL_OUT,International transport - outgoing,LU,Luxembourg,2008,2700,
THS_PAS,Thousand passengers,INTL_OUT,International transport - outgoing,LU,Luxembourg,2009,2570,
THS_PAS,Thousand passengers,INTL_OUT,International transport - outgoing,LU,Luxembourg,2010,2579,
THS_PAS,Thousand passengers,INTL_OUT,International transport - outgoing,LU,Luxembourg,2011,2635,
THS_PAS,Thousand passengers,INTL_OUT,International transport - outgoing,LU,Luxembourg,2012,2716,
THS_PAS,Thousand passengers,INTL_OUT,International transport - outgoing,LU,Luxembourg,2013,2828,
THS_PAS,Thousand passengers,INTL_OUT,International transport - outgoing,LU,Luxembourg,2014,3061,
THS_PAS,Thousand passengers,INTL_OUT,International transport - outgoing,LU,Luxembourg,2015,3248,
THS_PAS,Thousand passengers,INTL_OUT,International transport - outgoing,LU,Luxembourg,2016,3309,
THS_PAS,Thousand passengers,INTL_OUT,International transport - outgoing,LU,Luxembourg,2017,3269,
THS_PAS,Thousand passengers,INTL_OUT,International transport - outgoing,LU,Luxembourg,2018,2960,
THS_PAS,Thousand passengers,INTL_OUT,International transport - outgoing,LU,Luxembourg,2019,3441,
THS_PAS,Thousand passengers,INTL_OUT,International transport - outgoing,LU,Luxembourg,2020,1984,
THS_PAS,Thousand passengers,INTL_OUT,International transport - outgoing,LU,Luxembourg,2021,2089,
THS_PAS,Thousand passengers,INTL_OUT,International transport - outgoing,LU,Luxembourg,2022,3060,
THS_PAS,Thousand passengers,INTL_OUT,International transport - outgoing,LU,Luxembourg,2023,4285,
THS_PAS,Thousand passengers,INTL_OUT,International transport - outgoing,LU,Luxembourg,2024,4735,
THS_PAS,Thousand passengers,INTL_OUT,International transport - outgoing,LV,Latvia,2004,158,
THS_PAS,Thousand passengers,INTL_OUT,International transport - outgoing,LV,Latvia,2005,170,
THS_PAS,Thousand passengers,INTL_OUT,International transport - outgoing,LV,Latvia,2006,177,
THS_PAS,Thousand passengers,INTL_OUT,International transport - outgoing,LV,Latvia,2007,173,
THS_PAS,Thousand passengers,INTL_OUT,International transport - outgoing,LV,Latvia,2008,148,
THS_PAS,Thousand passengers,INTL_OUT,International transport - outgoing,LV,Latvia,2009,122,
THS_PAS,Thousand passengers,INTL_OUT,International transport - outgoing,LV,Latvia,2010,142,
THS_PAS,Thousand passengers,INTL_OUT,International transport - outgoing,LV,Latvia,2011,142,
THS_PAS,Thousand passengers,INTL_OUT,International transport - outgoing,LV,Latvia,2012,149,
THS_PAS,Thousand passengers,INTL_OUT,International transport - outgoing,LV,Latvia,2013,155,
THS_PAS,Thousand passengers,INTL_OUT,International transport - outgoing,LV,Latvia,2014,124,
THS_PAS,Thousand passengers,INTL_OUT,International transport - outgoing,LV,Latvia,2015,89,
THS_PAS,Thousand passengers,INTL_OUT,International transport - outgoing,LV,Latvia,2016,78,
THS_PAS,Thousand passengers,INTL_OUT,International transport - outgoing,LV,Latvia,2017,83,
THS_PAS,Thousand passengers,INTL_OUT,International transport - outgoing,LV,Latvia,2018,83,
THS_PAS,Thousand passengers,INTL_OUT,International transport - outgoing,LV,Latvia,2019,90,
THS_PAS,Thousand passengers,INTL_OUT,International transport - outgoing,LV,Latvia,2020,14,
THS_PAS,Thousand passengers,INTL_OUT,International transport - outgoing,LV,Latvia,2021,3,
THS_PAS,Thousand passengers,INTL_OUT,International transport - outgoing,LV,Latvia,2022,7,
THS_PAS,Thousand passengers,INTL_OUT,International transport - outgoing,LV,Latvia,2023,8,
THS_PAS,Thousand passengers,INTL_OUT,International transport - outgoing,LV,Latvia,2024,39,
THS_PAS,Thousand passengers,INTL_OUT,International transport - outgoing,LV,Latvia,2025,48,
THS_PAS,Thousand passengers,INTL_OUT,International transport - outgoing,MK,North Macedonia,2009,18,
THS_PAS,Thousand passengers,INTL_OUT,International transport - outgoing,MK,North Macedonia,2010,16,
THS_PAS,Thousand passengers,INTL_OUT,International transport - outgoing,MK,North Macedonia,2011,9,
THS_PAS,Thousand passengers,INTL_OUT,International transport - outgoing,MK,North Macedonia,2012,12,
THS_PAS,Thousand passengers,INTL_OUT,International transport - outgoing,MK,North Macedonia,2013,11,
THS_PAS,Thousand passengers,INTL_OUT,International transport - outgoing,MK,North Macedonia,2014,12,
THS_PAS,Thousand passengers,INTL_OUT,International transport - outgoing,MK,North Macedonia,2015,7,
THS_PAS,Thousand passengers,INTL_OUT,International transport - outgoing,MK,North Macedonia,2016,2,
THS_PAS,Thousand passengers,INTL_OUT,International transport - outgoing,MK,North Macedonia,2017,4,
THS_PAS,Thousand passengers,INTL_OUT,International transport - outgoing,MK,North Macedonia,2018,5,
THS_PAS,Thousand passengers,INTL_OUT,International transport - outgoing,MK,North Macedonia,2019,2,
THS_PAS,Thousand passengers,INTL_OUT,International transport - outgoing,MK,North Macedonia,2020,0,
THS_PAS,Thousand passengers,INTL_OUT,International transport - outgoing,MK,North Macedonia,2021,0,
THS_PAS,Thousand passengers,INTL_OUT,International transport - outgoing,NL,Netherlands,2004,2506,
THS_PAS,Thousand passengers,INTL_OUT,International transport - outgoing,NL,Netherlands,2005,2525,
THS_PAS,Thousand passengers,INTL_OUT,International transport - outgoing,NL,Netherlands,2006,3066,
THS_PAS,Thousand passengers,INTL_OUT,International transport - outgoing,NL,Netherlands,2007,2677,
THS_PAS,Thousand passengers,INTL_OUT,International transport - outgoing,NO,Norway,2005,135,
THS_PAS,Thousand passengers,INTL_OUT,International transport - outgoing,NO,Norway,2006,142,
THS_PAS,Thousand passengers,INTL_OUT,International transport - outgoing,NO,Norway,2007,74,
THS_PAS,Thousand passengers,INTL_OUT,International transport - outgoing,NO,Norway,2008,110,
THS_PAS,Thousand passengers,INTL_OUT,International transport - outgoing,NO,Norway,2009,106,
THS_PAS,Thousand passengers,INTL_OUT,International transport - outgoing,NO,Norway,2010,253,
THS_PAS,Thousand passengers,INTL_OUT,International transport - outgoing,NO,Norway,2011,219,
THS_PAS,Thousand passengers,INTL_OUT,International transport - outgoing,NO,Norway,2012,240,
THS_PAS,Thousand passengers,INTL_OUT,International transport - outgoing,NO,Norway,2013,244,
THS_PAS,Thousand passengers,INTL_OUT,International transport - outgoing,NO,Norway,2014,235,
THS_PAS,Thousand passengers,INTL_OUT,International transport - outgoing,NO,Norway,2015,247,
THS_PAS,Thousand passengers,INTL_OUT,International transport - outgoing,NO,Norway,2016,270,
THS_PAS,Thousand passengers,INTL_OUT,International transport - outgoing,NO,Norway,2017,301,
THS_PAS,Thousand passengers,INTL_OUT,International transport - outgoing,NO,Norway,2018,221,
THS_PAS,Thousand passengers,INTL_OUT,International transport - outgoing,NO,Norway,2019,249,
THS_PAS,Thousand passengers,INTL_OUT,International transport - outgoing,NO,Norway,2020,38,
THS_PAS,Thousand passengers,INTL_OUT,International transport - outgoing,NO,Norway,2021,11,
THS_PAS,Thousand passengers,INTL_OUT,International transport - outgoing,NO,Norway,2022,155,
THS_PAS,Thousand passengers,INTL_OUT,International transport - outgoing,NO,Norway,2023,233,
THS_PAS,Thousand passengers,INTL_OUT,International transport - outgoing,NO,Norway,2024,306,
THS_PAS,Thousand passengers,INTL_OUT,International transport - outgoing,NO,Norway,2025,325,
THS_PAS,Thousand passengers,INTL_OUT,International transport - outgoing,PL,Poland,2004,602,
THS_PAS,Thousand passengers,INTL_OUT,International transport - outgoing,PL,Poland,2005,636,
THS_PAS,Thousand passengers,INTL_OUT,International transport - outgoing,PL,Poland,2006,720,
THS_PAS,Thousand passengers,INTL_OUT,International transport - outgoing,PL,Poland,2007,852,
THS_PAS,Thousand passengers,INTL_OUT,International transport - outgoing,PL,Poland,2008,687,
THS_PAS,Thousand passengers,INTL_OUT,International transport - outgoing,PL,Poland,2009,454,
THS_PAS,Thousand passengers,INTL_OUT,International transport - outgoing,PL,Poland,2010,509,
THS_PAS,Thousand passengers,INTL_OUT,International transport - outgoing,PL,Poland,2011,585,
THS_PAS,Thousand passengers,INTL_OUT,International transport - outgoing,PL,Poland,2012,660,
THS_PAS,Thousand passengers,INTL_OUT,International transport - outgoing,PL,Poland,2013,596,
THS_PAS,Thousand passengers,INTL_OUT,International transport - outgoing,PL,Poland,2014,500,
THS_PAS,Thousand passengers,INTL_OUT,International transport - outgoing,PL,Poland,2015,388,
THS_PAS,Thousand passengers,INTL_OUT,International transport - outgoing,PL,Poland,2016,358,
THS_PAS,Thousand passengers,INTL_OUT,International transport - outgoing,PL,Poland,2017,467,
THS_PAS,Thousand passengers,INTL_OUT,International transport - outgoing,PL,Poland,2018,522,
THS_PAS,Thousand passengers,INTL_OUT,International transport - outgoing,PT,Portugal,2004,307,
THS_PAS,Thousand passengers,INTL_OUT,International transport - outgoing,PT,Portugal,2005,89,
THS_PAS,Thousand passengers,INTL_OUT,International transport - outgoing,PT,Portugal,2006,86,
THS_PAS,Thousand passengers,INTL_OUT,International transport - outgoing,PT,Portugal,2007,98,
THS_PAS,Thousand passengers,INTL_OUT,International transport - outgoing,PT,Portugal,2008,79,
THS_PAS,Thousand passengers,INTL_OUT,International transport - outgoing,PT,Portugal,2009,66,
THS_PAS,Thousand passengers,INTL_OUT,International transport - outgoing,PT,Portugal,2010,66,
THS_PAS,Thousand passengers,INTL_OUT,International transport - outgoing,PT,Portugal,2011,59,
THS_PAS,Thousand passengers,INTL_OUT,International transport - outgoing,PT,Portugal,2012,66,
THS_PAS,Thousand passengers,INTL_OUT,International transport - outgoing,PT,Portugal,2013,67,
THS_PAS,Thousand passengers,INTL_OUT,International transport - outgoing,PT,Portugal,2014,78,
THS_PAS,Thousand passengers,INTL_OUT,International transport - outgoing,PT,Portugal,2015,111,
THS_PAS,Thousand passengers,INTL_OUT,International transport - outgoing,PT,Portugal,2016,114,
THS_PAS,Thousand passengers,INTL_OUT,International transport - outgoing,PT,Portugal,2017,123,
THS_PAS,Thousand passengers,INTL_OUT,International transport - outgoing,PT,Portugal,2018,88,
THS_PAS,Thousand passengers,INTL_OUT,International transport - outgoing,PT,Portugal,2019,93,
THS_PAS,Thousand passengers,INTL_OUT,International transport - outgoing,PT,Portugal,2020,12,
THS_PAS,Thousand passengers,INTL_OUT,International transport - outgoing,PT,Portugal,2021,12,
THS_PAS,Thousand passengers,INTL_OUT,International transport - outgoing,PT,Portugal,2022,51,
THS_PAS,Thousand passengers,INTL_OUT,International transport - outgoing,PT,Portugal,2023,52,
THS_PAS,Thousand passengers,INTL_OUT,International transport - outgoing,PT,Portugal,2024,55,
THS_PAS,Thousand passengers,INTL_OUT,International transport - outgoing,RO,Romania,2004,275,
THS_PAS,Thousand passengers,INTL_OUT,International transport - outgoing,RO,Romania,2005,267,
THS_PAS,Thousand passengers,INTL_OUT,International transport - outgoing,RO,Romania,2006,296,
THS_PAS,Thousand passengers,INTL_OUT,International transport - outgoing,RO,Romania,2007,244,
THS_PAS,Thousand passengers,INTL_OUT,International transport - outgoing,RO,Romania,2008,227,
THS_PAS,Thousand passengers,INTL_OUT,International transport - outgoing,RO,Romania,2009,179,
THS_PAS,Thousand passengers,INTL_OUT,International transport - outgoing,RO,Romania,2010,162,
THS_PAS,Thousand passengers,INTL_OUT,International transport - outgoing,RO,Romania,2011,164,
THS_PAS,Thousand passengers,INTL_OUT,International transport - outgoing,RO,Romania,2012,159,
THS_PAS,Thousand passengers,INTL_OUT,International transport - outgoing,RO,Romania,2013,151,
THS_PAS,Thousand passengers,INTL_OUT,International transport - outgoing,RO,Romania,2014,135,
THS_PAS,Thousand passengers,INTL_OUT,International transport - outgoing,RO,Romania,2015,127,
THS_PAS,Thousand passengers,INTL_OUT,International transport - outgoing,RO,Romania,2016,105,
THS_PAS,Thousand passengers,INTL_OUT,International transport - outgoing,RO,Romania,2017,80,
THS_PAS,Thousand passengers,INTL_OUT,International transport - outgoing,RO,Romania,2018,75,
THS_PAS,Thousand passengers,INTL_OUT,International transport - outgoing,RO,Romania,2019,104,
THS_PAS,Thousand passengers,INTL_OUT,International transport - outgoing,RO,Romania,2020,38,
THS_PAS,Thousand passengers,INTL_OUT,International transport - outgoing,RO,Romania,2021,51,
THS_PAS,Thousand passengers,INTL_OUT,International transport - outgoing,RO,Romania,2022,183,
THS_PAS,Thousand passengers,INTL_OUT,International transport - outgoing,RO,Romania,2023,180,
THS_PAS,Thousand passengers,INTL_OUT,International transport - outgoing,RO,Romania,2024,160,
THS_PAS,Thousand passengers,INTL_OUT,International transport - outgoing,RO,Romania,2025,139,
THS_PAS,Thousand passengers,INTL_OUT,International transport - outgoing,SE,Sweden,2004,3793,
THS_PAS,Thousand passengers,INTL_OUT,International transport - outgoing,SE,Sweden,2005,3942,
THS_PAS,Thousand passengers,INTL_OUT,International transport - outgoing,SE,Sweden,2006,4428,
THS_PAS,Thousand passengers,INTL_OUT,International transport - outgoing,SE,Sweden,2007,5207,
THS_PAS,Thousand passengers,INTL_OUT,International transport - outgoing,SE,Sweden,2008,5702,
THS_PAS,Thousand passengers,INTL_OUT,International transport - outgoing,SE,Sweden,2009,5855,
THS_PAS,Thousand passengers,INTL_OUT,International transport - outgoing,SE,Sweden,2010,5480,
THS_PAS,Thousand passengers,INTL_OUT,International transport - outgoing,SE,Sweden,2011,5639,
THS_PAS,Thousand passengers,INTL_OUT,International transport - outgoing,SE,Sweden,2012,5876,
THS_PAS,Thousand passengers,INTL_OUT,International transport - outgoing,SE,Sweden,2013,6120,
THS_PAS,Thousand passengers,INTL_OUT,International transport - outgoing,SE,Sweden,2014,6123,
THS_PAS,Thousand passengers,INTL_OUT,International transport - outgoing,SE,Sweden,2015,6342,
THS_PAS,Thousand passengers,INTL_OUT,International transport - outgoing,SE,Sweden,2016,5992,
THS_PAS,Thousand passengers,INTL_OUT,International transport - outgoing,SE,Sweden,2017,6065,
THS_PAS,Thousand passengers,INTL_OUT,International transport - outgoing,SE,Sweden,2018,5591,
THS_PAS,Thousand passengers,INTL_OUT,International transport - outgoing,SE,Sweden,2019,6244,
THS_PAS,Thousand passengers,INTL_OUT,International transport - outgoing,SE,Sweden,2020,2391,
THS_PAS,Thousand passengers,INTL_OUT,International transport - outgoing,SE,Sweden,2021,2783,
THS_PAS,Thousand passengers,INTL_OUT,International transport - outgoing,SI,Slovenia,2004,203,
THS_PAS,Thousand passengers,INTL_OUT,International transport - outgoing,SI,Slovenia,2005,207,
THS_PAS,Thousand passengers,INTL_OUT,International transport - outgoing,SI,Slovenia,2006,223,
THS_PAS,Thousand passengers,INTL_OUT,International transport - outgoing,SI,Slovenia,2007,228,
THS_PAS,Thousand passengers,INTL_OUT,International transport - outgoing,SI,Slovenia,2008,263,
THS_PAS,Thousand passengers,INTL_OUT,International transport - outgoing,SI,Slovenia,2009,243,
THS_PAS,Thousand passengers,INTL_OUT,International transport - outgoing,SI,Slovenia,2010,235,
THS_PAS,Thousand passengers,INTL_OUT,International transport - outgoing,SI,Slovenia,2011,230,
THS_PAS,Thousand passengers,INTL_OUT,International transport - outgoing,SI,Slovenia,2012,215,
THS_PAS,Thousand passengers,INTL_OUT,International transport - outgoing,SI,Slovenia,2013,194,
THS_PAS,Thousand passengers,INTL_OUT,International transport - outgoing,SI,Slovenia,2014,174,
THS_PAS,Thousand passengers,INTL_OUT,International transport - outgoing,SI,Slovenia,2015,162,
THS_PAS,Thousand passengers,INTL_OUT,International transport - outgoing,SI,Slovenia,2016,160,
THS_PAS,Thousand passengers,INTL_OUT,International transport - outgoing,SI,Slovenia,2017,159,
THS_PAS,Thousand passengers,INTL_OUT,International transport - outgoing,SI,Slovenia,2018,164,
THS_PAS,Thousand passengers,INTL_OUT,International transport - outgoing,SI,Slovenia,2019,154,
THS_PAS,Thousand passengers,INTL_OUT,International transport - outgoing,SI,Slovenia,2020,103,
THS_PAS,Thousand passengers,INTL_OUT,International transport - outgoing,SI,Slovenia,2021,90,
THS_PAS,Thousand passengers,INTL_OUT,International transport - outgoing,SI,Slovenia,2022,230,
THS_PAS,Thousand passengers,INTL_OUT,International transport - outgoing,SI,Slovenia,2023,131,
THS_PAS,Thousand passengers,INTL_OUT,International transport - outgoing,SI,Slovenia,2024,131,
THS_PAS,Thousand passengers,INTL_OUT,International transport - outgoing,SI,Slovenia,2025,122,
THS_PAS,Thousand passengers,INTL_OUT,International transport - outgoing,SK,Slovakia,2004,1230,
THS_PAS,Thousand passengers,INTL_OUT,International transport - outgoing,SK,Slovakia,2005,1557,
THS_PAS,Thousand passengers,INTL_OUT,International transport - outgoing,SK,Slovakia,2006,1515,
THS_PAS,Thousand passengers,INTL_OUT,International transport - outgoing,SK,Slovakia,2007,1477,
THS_PAS,Thousand passengers,INTL_OUT,International transport - outgoing,SK,Slovakia,2008,1498,
THS_PAS,Thousand passengers,INTL_OUT,International transport - outgoing,SK,Slovakia,2009,1401,
THS_PAS,Thousand passengers,INTL_OUT,International transport - outgoing,SK,Slovakia,2010,1380,
THS_PAS,Thousand passengers,INTL_OUT,International transport - outgoing,SK,Slovakia,2011,1300,
THS_PAS,Thousand passengers,INTL_OUT,International transport - outgoing,SK,Slovakia,2012,1521,
THS_PAS,Thousand passengers,INTL_OUT,International transport - outgoing,SK,Slovakia,2013,1654,
THS_PAS,Thousand passengers,INTL_OUT,International transport - outgoing,SK,Slovakia,2014,1684,
THS_PAS,Thousand passengers,INTL_OUT,International transport - outgoing,SK,Slovakia,2015,1696,
THS_PAS,Thousand passengers,INTL_OUT,International transport - outgoing,SK,Slovakia,2016,1659,
THS_PAS,Thousand passengers,INTL_OUT,International transport - outgoing,SK,Slovakia,2017,1712,
THS_PAS,Thousand passengers,INTL_OUT,International transport - outgoing,SK,Slovakia,2018,1986,
THS_PAS,Thousand passengers,INTL_OUT,International transport - outgoing,SK,Slovakia,2019,2179,
THS_PAS,Thousand passengers,INTL_OUT,International transport - outgoing,SK,Slovakia,2020,747,
THS_PAS,Thousand passengers,INTL_OUT,International transport - outgoing,SK,Slovakia,2021,1247,
THS_PAS,Thousand passengers,INTL_OUT,International transport - outgoing,SK,Slovakia,2022,2488,
THS_PAS,Thousand passengers,INTL_OUT,International transport - outgoing,TR,Türkiye,2004,27,
THS_PAS,Thousand passengers,INTL_OUT,International transport - outgoing,TR,Türkiye,2005,29,
THS_PAS,Thousand passengers,INTL_OUT,International transport - outgoing,TR,Türkiye,2006,46,
THS_PAS,Thousand passengers,INTL_OUT,International transport - outgoing,TR,Türkiye,2007,29,
THS_PAS,Thousand passengers,INTL_OUT,International transport - outgoing,TR,Türkiye,2008,26,
THS_PAS,Thousand passengers,INTL_OUT,International transport - outgoing,TR,Türkiye,2009,23,
THS_PAS,Thousand passengers,INTL_OUT,International transport - outgoing,TR,Türkiye,2010,32,
THS_PAS,Thousand passengers,INTL_OUT,International transport - outgoing,TR,Türkiye,2011,11,
THS_PAS,Thousand passengers,INTL_OUT,International transport - outgoing,TR,Türkiye,2012,7,
THS_PAS,Thousand passengers,INTL_OUT,International transport - outgoing,TR,Türkiye,2013,6,
THS_PAS,Thousand passengers,INTL_OUT,International transport - outgoing,TR,Türkiye,2014,13,
THS_PAS,Thousand passengers,INTL_OUT,International transport - outgoing,TR,Türkiye,2015,11,
THS_PAS,Thousand passengers,INTL_OUT,International transport - outgoing,TR,Türkiye,2016,6,
THS_PAS,Thousand passengers,INTL_OUT,International transport - outgoing,TR,Türkiye,2017,128,
THS_PAS,Thousand passengers,INTL_OUT,International transport - outgoing,TR,Türkiye,2018,199,
THS_PAS,Thousand passengers,INTL_OUT,International transport - outgoing,TR,Türkiye,2019,228,
THS_PAS,Thousand passengers,INTL_OUT,International transport - outgoing,TR,Türkiye,2020,4,
THS_PAS,Thousand passengers,INTL_OUT,International transport - outgoing,UK,United Kingdom,2004,7932,
THS_PAS,Thousand passengers,INTL_OUT,International transport - outgoing,UK,United Kingdom,2005,8170,
THS_PAS,Thousand passengers,INTL_OUT,International transport - outgoing,UK,United Kingdom,2006,8171,
THS_PAS,Thousand passengers,INTL_OUT,International transport - outgoing,UK,United Kingdom,2007,8533,
THS_PAS,Thousand passengers,INTL_OUT,International transport - outgoing,UK,United Kingdom,2008,8576,
THS_PAS,Thousand passengers,INTL_OUT,International transport - outgoing,UK,United Kingdom,2009,8404,
THS_PAS,Thousand passengers,INTL_OUT,International transport - outgoing,UK,United Kingdom,2010,8918,
THS_PAS,Thousand passengers,INTL_OUT,International transport - outgoing,UK,United Kingdom,2011,9125,
THS_PAS,Thousand passengers,INTL_OUT,International transport - outgoing,UK,United Kingdom,2012,9532,
THS_PAS,Thousand passengers,INTL_OUT,International transport - outgoing,UK,United Kingdom,2013,9821,
THS_PAS,Thousand passengers,INTL_OUT,International transport - outgoing,UK,United Kingdom,2014,10055,
THS_PAS,Thousand passengers,INTL_OUT,International transport - outgoing,UK,United Kingdom,2015,9924,
THS_PAS,Thousand passengers,INTL_OUT,International transport - outgoing,UK,United Kingdom,2016,9714,
THS_PAS,Thousand passengers,INTL_OUT,International transport - outgoing,UK,United Kingdom,2017,9824,
THS_PAS,Thousand passengers,INTL_OUT,International transport - outgoing,UK,United Kingdom,2018,10261,
THS_PAS,Thousand passengers,INTL_OUT,International transport - outgoing,UK,United Kingdom,2019,10271,
THS_PAS,Thousand passengers,NAT,National transport,AT,Austria,2004,181043,
THS_PAS,Thousand passengers,NAT,National transport,AT,Austria,2005,184460,
THS_PAS,Thousand passengers,NAT,National transport,AT,Austria,2006,187902,
THS_PAS,Thousand passengers,NAT,National transport,AT,Austria,2007,191552,
THS_PAS,Thousand passengers,NAT,National transport,AT,Austria,2008,199308,
THS_PAS,Thousand passengers,NAT,National transport,AT,Austria,2009,197483,
THS_PAS,Thousand passengers,NAT,National transport,AT,Austria,2010,201343,
THS_PAS,Thousand passengers,NAT,National transport,AT,Austria,2011,196882,
THS_PAS,Thousand passengers,NAT,National transport,AT,Austria,2012,214620,
THS_PAS,Thousand passengers,NAT,National transport,AT,Austria,2013,225063,
THS_PAS,Thousand passengers,NAT,National transport,AT,Austria,2014,222381,
THS_PAS,Thousand passengers,NAT,National transport,AT,Austria,2015,230921,
THS_PAS,Thousand passengers,NAT,National transport,AT,Austria,2016,243898,
THS_PAS,Thousand passengers,NAT,National transport,AT,Austria,2017,245224,
THS_PAS,Thousand passengers,NAT,National transport,AT,Austria,2018,262719,
THS_PAS,Thousand passengers,NAT,National transport,AT,Austria,2019,267274,
THS_PAS,Thousand passengers,NAT,National transport,AT,Austria,2020,159448,
THS_PAS,Thousand passengers,NAT,National transport,AT,Austria,2021,184720,
THS_PAS,Thousand passengers,NAT,National transport,AT,Austria,2022,249099,
THS_PAS,Thousand passengers,NAT,National transport,AT,Austria,2023,291275,
THS_PAS,Thousand passengers,NAT,National transport,AT,Austria,2024,312842,
THS_PAS,Thousand passengers,NAT,National transport,BE,Belgium,2004,178422,
THS_PAS,Thousand passengers,NAT,National transport,BE,Belgium,2005,172884,
THS_PAS,Thousand passengers,NAT,National transport,BE,Belgium,2006,182849,
THS_PAS,Thousand passengers,NAT,National transport,BE,Belgium,2007,192246,
THS_PAS,Thousand passengers,NAT,National transport,BE,Belgium,2008,200926,
THS_PAS,Thousand passengers,NAT,National transport,BE,Belgium,2009,204430,
THS_PAS,Thousand passengers,NAT,National transport,BE,Belgium,2010,209930,
THS_PAS,Thousand passengers,NAT,National transport,BE,Belgium,2011,209930,
THS_PAS,Thousand passengers,NAT,National transport,BG,Bulgaria,2006,33905,
THS_PAS,Thousand passengers,NAT,National transport,BG,Bulgaria,2007,32978,
THS_PAS,Thousand passengers,NAT,National transport,BG,Bulgaria,2008,33302,
THS_PAS,Thousand passengers,NAT,National transport,BG,Bulgaria,2009,30929,
THS_PAS,Thousand passengers,NAT,National transport,BG,Bulgaria,2010,29671,
THS_PAS,Thousand passengers,NAT,National transport,BG,Bulgaria,2011,28920,
THS_PAS,Thousand passengers,NAT,National transport,BG,Bulgaria,2012,26174,
THS_PAS,Thousand passengers,NAT,National transport,BG,Bulgaria,2013,25727,
THS_PAS,Thousand passengers,NAT,National transport,BG,Bulgaria,2014,24325,
THS_PAS,Thousand passengers,NAT,National transport,BG,Bulgaria,2015,22284,
THS_PAS,Thousand passengers,NAT,National transport,BG,Bulgaria,2016,20911,
THS_PAS,Thousand passengers,NAT,National transport,BG,Bulgaria,2017,20411,
THS_PAS,Thousand passengers,NAT,National transport,BG,Bulgaria,2018,20534,
THS_PAS,Thousand passengers,NAT,National transport,BG,Bulgaria,2019,20285,
THS_PAS,Thousand passengers,NAT,National transport,BG,Bulgaria,2020,16510,
THS_PAS,Thousand passengers,NAT,National transport,BG,Bulgaria,2021,16869,
THS_PAS,Thousand passengers,NAT,National transport,BG,Bulgaria,2022,21425,
THS_PAS,Thousand passengers,NAT,National transport,BG,Bulgaria,2023,19748,
THS_PAS,Thousand passengers,NAT,National transport,BG,Bulgaria,2024,19351,
THS_PAS,Thousand passengers,NAT,National transport,BG,Bulgaria,2025,19094,
THS_PAS,Thousand passengers,NAT,National transport,CH,Switzerland,2008,344237,
THS_PAS,Thousand passengers,NAT,National transport,CH,Switzerland,2009,352893,
THS_PAS,Thousand passengers,NAT,National transport,CH,Switzerland,2010,369804,
THS_PAS,Thousand passengers,NAT,National transport,CH,Switzerland,2011,396101,
THS_PAS,Thousand passengers,NAT,National transport,CH,Switzerland,2012,397955,
THS_PAS,Thousand passengers,NAT,National transport,CH,Switzerland,2013,418455,
THS_PAS,Thousand passengers,NAT,National transport,CH,Switzerland,2014,445086,
THS_PAS,Thousand passengers,NAT,National transport,CH,Switzerland,2015,464575,
THS_PAS,Thousand passengers,NAT,National transport,CH,Switzerland,2016,487551,
THS_PAS,Thousand passengers,NAT,National transport,CH,Switzerland,2017,490259,
THS_PAS,Thousand passengers,NAT,National transport,CH,Switzerland,2018,482376,
THS_PAS,Thousand passengers,NAT,National transport,CH,Switzerland,2019,507666,
THS_PAS,Thousand passengers,NAT,National transport,CH,Switzerland,2020,317888,
THS_PAS,Thousand passengers,NAT,National transport,CH,Switzerland,2021,331217,
THS_PAS,Thousand passengers,NAT,National transport,CH,Switzerland,2022,421987,
THS_PAS,Thousand passengers,NAT,National transport,CH,Switzerland,2023,482670,
THS_PAS,Thousand passengers,NAT,National transport,CH,Switzerland,2024,508783,
THS_PAS,Thousand passengers,NAT,National transport,CZ,Czechia,2004,178644,
THS_PAS,Thousand passengers,NAT,National transport,CZ,Czechia,2005,178543,
THS_PAS,Thousand passengers,NAT,National transport,CZ,Czechia,2006,181016,
THS_PAS,Thousand passengers,NAT,National transport,CZ,Czechia,2007,182194,
THS_PAS,Thousand passengers,NAT,National transport,CZ,Czechia,2008,174902,
THS_PAS,Thousand passengers,NAT,National transport,CZ,Czechia,2009,162933,
THS_PAS,Thousand passengers,NAT,National transport,CZ,Czechia,2010,162414,
THS_PAS,Thousand passengers,NAT,National transport,CZ,Czechia,2011,165384,
THS_PAS,Thousand passengers,NAT,National transport,CZ,Czechia,2012,169771,
THS_PAS,Thousand passengers,NAT,National transport,CZ,Czechia,2013,170790,
THS_PAS,Thousand passengers,NAT,National transport,CZ,Czechia,2014,172255,
THS_PAS,Thousand passengers,NAT,National transport,CZ,Czechia,2015,171976,
THS_PAS,Thousand passengers,NAT,National transport,CZ,Czechia,2016,173701,
THS_PAS,Thousand passengers,NAT,National transport,CZ,Czechia,2017,176932,
THS_PAS,Thousand passengers,NAT,National transport,CZ,Czechia,2018,182513,
THS_PAS,Thousand passengers,NAT,National transport,CZ,Czechia,2019,186150,
THS_PAS,Thousand passengers,NAT,National transport,CZ,Czechia,2020,126678,
THS_PAS,Thousand passengers,NAT,National transport,CZ,Czechia,2021,132044,
THS_PAS,Thousand passengers,NAT,National transport,CZ,Czechia,2022,166755,
THS_PAS,Thousand passengers,NAT,National transport,CZ,Czechia,2023,175971,
THS_PAS,Thousand passengers,NAT,National transport,CZ,Czechia,2024,182428,
THS_PAS,Thousand passengers,NAT,National transport,DE,Germany,2004,2080427,
THS_PAS,Thousand passengers,NAT,National transport,DE,Germany,2005,2121610,
THS_PAS,Thousand passengers,NAT,National transport,DE,Germany,2006,2219529,
THS_PAS,Thousand passengers,NAT,National transport,DE,Germany,2007,2217086,
THS_PAS,Thousand passengers,NAT,National transport,DE,Germany,2008,2325875,
THS_PAS,Thousand passengers,NAT,National transport,DE,Germany,2009,2311591,
THS_PAS,Thousand passengers,NAT,National transport,DE,Germany,2010,2357102,
THS_PAS,Thousand passengers,NAT,National transport,DE,Germany,2011,2514485,
THS_PAS,Thousand passengers,NAT,National transport,DE,Germany,2012,2550122,
THS_PAS,Thousand passengers,NAT,National transport,DE,Germany,2013,2597616,
THS_PAS,Thousand passengers,NAT,National transport,DE,Germany,2014,2678025,
THS_PAS,Thousand passengers,NAT,National transport,DE,Germany,2015,2670893,
THS_PAS,Thousand passengers,NAT,National transport,DE,Germany,2016,2799851,
THS_PAS,Thousand passengers,NAT,National transport,DE,Germany,2017,2815592,
THS_PAS,Thousand passengers,NAT,National transport,DE,Germany,2018,2865171,
THS_PAS,Thousand passengers,NAT,National transport,DE,Germany,2019,2921000,
THS_PAS,Thousand passengers,NAT,National transport,DE,Germany,2020,1737771,
THS_PAS,Thousand passengers,NAT,National transport,DE,Germany,2021,1752072,
THS_PAS,Thousand passengers,NAT,National transport,DE,Germany,2022,2485824,
THS_PAS,Thousand passengers,NAT,National transport,DE,Germany,2023,2706433,
THS_PAS,Thousand passengers,NAT,National transport,DE,Germany,2024,2906426,
THS_PAS,Thousand passengers,NAT,National transport,DK,Denmark,2004,150705,
THS_PAS,Thousand passengers,NAT,National transport,DK,Denmark,2005,153135,
THS_PAS,Thousand passengers,NAT,National transport,DK,Denmark,2006,155124,
THS_PAS,Thousand passengers,NAT,National transport,DK,Denmark,2007,154221,
THS_PAS,Thousand passengers,NAT,National transport,DK,Denmark,2008,157617,
THS_PAS,Thousand passengers,NAT,National transport,DK,Denmark,2009,161322,
THS_PAS,Thousand passengers,NAT,National transport,DK,Denmark,2010,163186,
THS_PAS,Thousand passengers,NAT,National transport,DK,Denmark,2011,170783,
THS_PAS,Thousand passengers,NAT,National transport,DK,Denmark,2012,177707,
THS_PAS,Thousand passengers,NAT,National transport,DK,Denmark,2013,181151,
THS_PAS,Thousand passengers,NAT,National transport,DK,Denmark,2014,195908,
THS_PAS,Thousand passengers,NAT,National transport,DK,Denmark,2015,199212,
THS_PAS,Thousand passengers,NAT,National transport,DK,Denmark,2016,198682,
THS_PAS,Thousand passengers,NAT,National transport,DK,Denmark,2017,193928,
THS_PAS,Thousand passengers,NAT,National transport,DK,Denmark,2018,192211,
THS_PAS,Thousand passengers,NAT,National transport,DK,Denmark,2019,193053,
THS_PAS,Thousand passengers,NAT,National transport,DK,Denmark,2020,128514,
THS_PAS,Thousand passengers,NAT,National transport,DK,Denmark,2021,127630,
THS_PAS,Thousand passengers,NAT,National transport,DK,Denmark,2022,170901,
THS_PAS,Thousand passengers,NAT,National transport,DK,Denmark,2023,185951,
THS_PAS,Thousand passengers,NAT,National transport,DK,Denmark,2024,193094,
THS_PAS,Thousand passengers,NAT,National transport,EE,Estonia,2004,5150,
THS_PAS,Thousand passengers,NAT,National transport,EE,Estonia,2005,5019,
THS_PAS,Thousand passengers,NAT,National transport,EE,Estonia,2006,5158,
THS_PAS,Thousand passengers,NAT,National transport,EE,Estonia,2007,5292,
THS_PAS,Thousand passengers,NAT,National transport,EE,Estonia,2008,5124,
THS_PAS,Thousand passengers,NAT,National transport,EE,Estonia,2009,4798,
THS_PAS,Thousand passengers,NAT,National transport,EE,Estonia,2010,4701,
THS_PAS,Thousand passengers,NAT,National transport,EE,Estonia,2011,4674,
THS_PAS,Thousand passengers,NAT,National transport,EE,Estonia,2012,4314,
THS_PAS,Thousand passengers,NAT,National transport,EE,Estonia,2013,4077,
THS_PAS,Thousand passengers,NAT,National transport,EE,Estonia,2014,5808,
THS_PAS,Thousand passengers,NAT,National transport,EE,Estonia,2015,6604,
THS_PAS,Thousand passengers,NAT,National transport,EE,Estonia,2016,6823,
THS_PAS,Thousand passengers,NAT,National transport,EE,Estonia,2017,7326,
THS_PAS,Thousand passengers,NAT,National transport,EE,Estonia,2018,7652,
THS_PAS,Thousand passengers,NAT,National transport,EE,Estonia,2019,8261,
THS_PAS,Thousand passengers,NAT,National transport,EE,Estonia,2020,5976,
THS_PAS,Thousand passengers,NAT,National transport,EE,Estonia,2021,6077,
THS_PAS,Thousand passengers,NAT,National transport,EE,Estonia,2022,7129,
THS_PAS,Thousand passengers,NAT,National transport,EE,Estonia,2023,7805,
THS_PAS,Thousand passengers,NAT,National transport,EE,Estonia,2024,7929,
THS_PAS,Thousand passengers,NAT,National transport,EL,Greece,2004,9322,
THS_PAS,Thousand passengers,NAT,National transport,EL,Greece,2005,9734,
THS_PAS,Thousand passengers,NAT,National transport,EL,Greece,2006,9233,
THS_PAS,Thousand passengers,NAT,National transport,EL,Greece,2007,12855,
THS_PAS,Thousand passengers,NAT,National transport,EL,Greece,2008,15758,
THS_PAS,Thousand passengers,NAT,National transport,EL,Greece,2009,14017,
THS_PAS,Thousand passengers,NAT,National transport,EL,Greece,2010,13594,
THS_PAS,Thousand passengers,NAT,National transport,EL,Greece,2011,13288,
THS_PAS,Thousand passengers,NAT,National transport,EL,Greece,2012,12658,
THS_PAS,Thousand passengers,NAT,National transport,EL,Greece,2013,13191,
THS_PAS,Thousand passengers,NAT,National transport,EL,Greece,2014,13356,
THS_PAS,Thousand passengers,NAT,National transport,EL,Greece,2015,16008,
THS_PAS,Thousand passengers,NAT,National transport,EL,Greece,2016,15561,
THS_PAS,Thousand passengers,NAT,National transport,EL,Greece,2017,15337,
THS_PAS,Thousand passengers,NAT,National transport,EL,Greece,2018,16778,
THS_PAS,Thousand passengers,NAT,National transport,EL,Greece,2019,19590,
THS_PAS,Thousand passengers,NAT,National transport,EL,Greece,2020,10220,
THS_PAS,Thousand passengers,NAT,National transport,EL,Greece,2021,10029,
THS_PAS,Thousand passengers,NAT,National transport,EL,Greece,2022,15421,
THS_PAS,Thousand passengers,NAT,National transport,EL,Greece,2023,12807,
THS_PAS,Thousand passengers,NAT,National transport,EL,Greece,2024,14053,
THS_PAS,Thousand passengers,NAT,National transport,ES,Spain,2004,588136,
THS_PAS,Thousand passengers,NAT,National transport,ES,Spain,2005,609620,
THS_PAS,Thousand passengers,NAT,National transport,ES,Spain,2006,622793,
THS_PAS,Thousand passengers,NAT,National transport,ES,Spain,2007,614173,
THS_PAS,Thousand passengers,NAT,National transport,ES,Spain,2008,608326,
THS_PAS,Thousand passengers,NAT,National transport,ES,Spain,2009,562944,
THS_PAS,Thousand passengers,NAT,National transport,ES,Spain,2010,549502,
THS_PAS,Thousand passengers,NAT,National transport,ES,Spain,2011,565943,
THS_PAS,Thousand passengers,NAT,National transport,ES,Spain,2012,554905,
THS_PAS,Thousand passengers,NAT,National transport,ES,Spain,2013,558239,
THS_PAS,Thousand passengers,NAT,National transport,ES,Spain,2014,558301,
THS_PAS,Thousand passengers,NAT,National transport,ES,Spain,2015,560934,
THS_PAS,Thousand passengers,NAT,National transport,ES,Spain,2016,568756,
THS_PAS,Thousand passengers,NAT,National transport,ES,Spain,2017,592284,
THS_PAS,Thousand passengers,NAT,National transport,ES,Spain,2018,595114,
THS_PAS,Thousand passengers,NAT,National transport,ES,Spain,2019,626584,
THS_PAS,Thousand passengers,NAT,National transport,ES,Spain,2020,329443,
THS_PAS,Thousand passengers,NAT,National transport,ES,Spain,2021,418112,
THS_PAS,Thousand passengers,NAT,National transport,ES,Spain,2022,553352,
THS_PAS,Thousand passengers,NAT,National transport,ES,Spain,2023,665205,
THS_PAS,Thousand passengers,NAT,National transport,ES,Spain,2024,690400,
THS_PAS,Thousand passengers,NAT,National transport,ES,Spain,2025,694113,
THS_PAS,Thousand passengers,NAT,National transport,EU27_2007,European Union - 27 countries (2007-2013),2006,7606983,
THS_PAS,Thousand passengers,NAT,National transport,EU27_2007,European Union - 27 countries (2007-2013),2007,7777150,
THS_PAS,Thousand passengers,NAT,National transport,EU27_2020,European Union - 27 countries (from 2020),2006,6512031,
THS_PAS,Thousand passengers,NAT,National transport,EU27_2020,European Union - 27 countries (from 2020),2007,6618398,
THS_PAS,Thousand passengers,NAT,National transport,EU28,European Union - 28 countries (2013-2020),2006,7652415,
THS_PAS,Thousand passengers,NAT,National transport,EU28,European Union - 28 countries (2013-2020),2007,7839517,
THS_PAS,Thousand passengers,NAT,National transport,FI,Finland,2004,59882,
THS_PAS,Thousand passengers,NAT,National transport,FI,Finland,2005,63226,
THS_PAS,Thousand passengers,NAT,National transport,FI,Finland,2006,63466,
THS_PAS,Thousand passengers,NAT,National transport,FI,Finland,2007,66286,
THS_PAS,Thousand passengers,NAT,National transport,FI,Finland,2008,69505,
THS_PAS,Thousand passengers,NAT,National transport,FI,Finland,2009,67205,
THS_PAS,Thousand passengers,NAT,National transport,FI,Finland,2010,68604,
THS_PAS,Thousand passengers,NAT,National transport,FI,Finland,2011,67933,
THS_PAS,Thousand passengers,NAT,National transport,FI,Finland,2012,68836,
THS_PAS,Thousand passengers,NAT,National transport,FI,Finland,2013,68720,
THS_PAS,Thousand passengers,NAT,National transport,FI,Finland,2014,67744,
THS_PAS,Thousand passengers,NAT,National transport,FI,Finland,2015,75524,
THS_PAS,Thousand passengers,NAT,National transport,FI,Finland,2016,81662,
THS_PAS,Thousand passengers,NAT,National transport,FI,Finland,2017,85155,
THS_PAS,Thousand passengers,NAT,National transport,FI,Finland,2018,86951,
THS_PAS,Thousand passengers,NAT,National transport,FI,Finland,2019,92162,
THS_PAS,Thousand passengers,NAT,National transport,FI,Finland,2020,59432,
THS_PAS,Thousand passengers,NAT,National transport,FI,Finland,2021,55005,
THS_PAS,Thousand passengers,NAT,National transport,FI,Finland,2022,76058,
THS_PAS,Thousand passengers,NAT,National transport,FI,Finland,2023,82406,
THS_PAS,Thousand passengers,NAT,National transport,FI,Finland,2024,84574,
THS_PAS,Thousand passengers,NAT,National transport,FR,France,2004,919675,
THS_PAS,Thousand passengers,NAT,National transport,FR,France,2005,951467,
THS_PAS,Thousand passengers,NAT,National transport,FR,France,2006,991050,
THS_PAS,Thousand passengers,NAT,National transport,FR,France,2007,1033887,
THS_PAS,Thousand passengers,NAT,National transport,FR,France,2008,1063314,
THS_PAS,Thousand passengers,NAT,National transport,FR,France,2009,1066613,
THS_PAS,Thousand passengers,NAT,National transport,FR,France,2011,1085178,
THS_PAS,Thousand passengers,NAT,National transport,FR,France,2012,1108068,
THS_PAS,Thousand passengers,NAT,National transport,FR,France,2013,1122265,
THS_PAS,Thousand passengers,NAT,National transport,FR,France,2014,1114684,
THS_PAS,Thousand passengers,NAT,National transport,FR,France,2015,1163681,
THS_PAS,Thousand passengers,NAT,National transport,FR,France,2016,1196923,
THS_PAS,Thousand passengers,NAT,National transport,FR,France,2017,1238071,
THS_PAS,Thousand passengers,NAT,National transport,FR,France,2018,1207232,
THS_PAS,Thousand passengers,NAT,National transport,FR,France,2019,1225497,
THS_PAS,Thousand passengers,NAT,National transport,FR,France,2020,707374,
THS_PAS,Thousand passengers,NAT,National transport,FR,France,2021,879004,
THS_PAS,Thousand passengers,NAT,National transport,FR,France,2022,1112558,
THS_PAS,Thousand passengers,NAT,National transport,FR,France,2023,1194639,
THS_PAS,Thousand passengers,NAT,National transport,FR,France,2024,1289785,
THS_PAS,Thousand passengers,NAT,National transport,HR,Croatia,2004,35972,
THS_PAS,Thousand passengers,NAT,National transport,HR,Croatia,2005,39104,
THS_PAS,Thousand passengers,NAT,National transport,HR,Croatia,2006,45432,
THS_PAS,Thousand passengers,NAT,National transport,HR,Croatia,2007,62367,
THS_PAS,Thousand passengers,NAT,National transport,HR,Croatia,2008,70170,
THS_PAS,Thousand passengers,NAT,National transport,HR,Croatia,2009,72846,
THS_PAS,Thousand passengers,NAT,National transport,HR,Croatia,2010,68898,
THS_PAS,Thousand passengers,NAT,National transport,HR,Croatia,2011,49330,
THS_PAS,Thousand passengers,NAT,National transport,HR,Croatia,2012,27068,
THS_PAS,Thousand passengers,NAT,National transport,HR,Croatia,2013,23810,
THS_PAS,Thousand passengers,NAT,National transport,HR,Croatia,2014,21528,
THS_PAS,Thousand passengers,NAT,National transport,HR,Croatia,2015,21331,
THS_PAS,Thousand passengers,NAT,National transport,HR,Croatia,2016,20412,
THS_PAS,Thousand passengers,NAT,National transport,HR,Croatia,2017,19513,
THS_PAS,Thousand passengers,NAT,National transport,HR,Croatia,2018,19942,
THS_PAS,Thousand passengers,NAT,National transport,HR,Croatia,2019,19525,
THS_PAS,Thousand passengers,NAT,National transport,HR,Croatia,2020,12963,
THS_PAS,Thousand passengers,NAT,National transport,HR,Croatia,2021,13322,
THS_PAS,Thousand passengers,NAT,National transport,HR,Croatia,2022,18228,
THS_PAS,Thousand passengers,NAT,National transport,HR,Croatia,2023,23522,
THS_PAS,Thousand passengers,NAT,National transport,HR,Croatia,2024,24272,
THS_PAS,Thousand passengers,NAT,National transport,HR,Croatia,2025,26108,
THS_PAS,Thousand passengers,NAT,National transport,HU,Hungary,2004,158276,
THS_PAS,Thousand passengers,NAT,National transport,HU,Hungary,2005,151585,
THS_PAS,Thousand passengers,NAT,National transport,HU,Hungary,2006,154622,
THS_PAS,Thousand passengers,NAT,National transport,HU,Hungary,2007,147684,
THS_PAS,Thousand passengers,NAT,National transport,HU,Hungary,2008,142738,
THS_PAS,Thousand passengers,NAT,National transport,HU,Hungary,2009,140598,
THS_PAS,Thousand passengers,NAT,National transport,HU,Hungary,2010,138322,
THS_PAS,Thousand passengers,NAT,National transport,HU,Hungary,2011,143018,
THS_PAS,Thousand passengers,NAT,National transport,HU,Hungary,2012,144873,
THS_PAS,Thousand passengers,NAT,National transport,HU,Hungary,2013,145575,
THS_PAS,Thousand passengers,NAT,National transport,HU,Hungary,2014,143407,
THS_PAS,Thousand passengers,NAT,National transport,HU,Hungary,2024,300878,
THS_PAS,Thousand passengers,NAT,National transport,IE,Ireland,2004,33756,
THS_PAS,Thousand passengers,NAT,National transport,IE,Ireland,2005,36880,
THS_PAS,Thousand passengers,NAT,National transport,IE,Ireland,2006,42468,
THS_PAS,Thousand passengers,NAT,National transport,IE,Ireland,2007,44661,
THS_PAS,Thousand passengers,NAT,National transport,IE,Ireland,2008,43834,
THS_PAS,Thousand passengers,NAT,National transport,IE,Ireland,2009,38165,
THS_PAS,Thousand passengers,NAT,National transport,IE,Ireland,2010,37507,
THS_PAS,Thousand passengers,NAT,National transport,IE,Ireland,2011,36644,
THS_PAS,Thousand passengers,NAT,National transport,IE,Ireland,2012,36112,
THS_PAS,Thousand passengers,NAT,National transport,IE,Ireland,2013,36361,
THS_PAS,Thousand passengers,NAT,National transport,IE,Ireland,2014,37804,
THS_PAS,Thousand passengers,NAT,National transport,IE,Ireland,2015,39347,
THS_PAS,Thousand passengers,NAT,National transport,IE,Ireland,2016,42478,
THS_PAS,Thousand passengers,NAT,National transport,IE,Ireland,2017,45130,
THS_PAS,Thousand passengers,NAT,National transport,IE,Ireland,2018,47546,
THS_PAS,Thousand passengers,NAT,National transport,IE,Ireland,2019,49652,
THS_PAS,Thousand passengers,NAT,National transport,IE,Ireland,2020,17792,
THS_PAS,Thousand passengers,NAT,National transport,IE,Ireland,2021,17142,
THS_PAS,Thousand passengers,NAT,National transport,IE,Ireland,2022,35304,
THS_PAS,Thousand passengers,NAT,National transport,IE,Ireland,2023,45443,
THS_PAS,Thousand passengers,NAT,National transport,IE,Ireland,2024,49999,
THS_PAS,Thousand passengers,NAT,National transport,IE,Ireland,2025,54029,
THS_PAS,Thousand passengers,NAT,National transport,IT,Italy,2004,500398,
THS_PAS,Thousand passengers,NAT,National transport,IT,Italy,2005,512257,
THS_PAS,Thousand passengers,NAT,National transport,IT,Italy,2006,534845,
THS_PAS,Thousand passengers,NAT,National transport,IT,Italy,2007,552819,
THS_PAS,Thousand passengers,NAT,National transport,IT,Italy,2008,584175,
THS_PAS,Thousand passengers,NAT,National transport,IT,Italy,2009,581388,
THS_PAS,Thousand passengers,NAT,National transport,IT,Italy,2010,618406,
THS_PAS,Thousand passengers,NAT,National transport,IT,Italy,2011,805822,
THS_PAS,Thousand passengers,NAT,National transport,IT,Italy,2012,812314,
THS_PAS,Thousand passengers,NAT,National transport,IT,Italy,2013,811391,
THS_PAS,Thousand passengers,NAT,National transport,IT,Italy,2014,818577,
THS_PAS,Thousand passengers,NAT,National transport,IT,Italy,2015,826020,
THS_PAS,Thousand passengers,NAT,National transport,IT,Italy,2016,849248,
THS_PAS,Thousand passengers,NAT,National transport,IT,Italy,2017,846081,
THS_PAS,Thousand passengers,NAT,National transport,IT,Italy,2018,863992,
THS_PAS,Thousand passengers,NAT,National transport,IT,Italy,2019,880437,
THS_PAS,Thousand passengers,NAT,National transport,IT,Italy,2020,381352,
THS_PAS,Thousand passengers,NAT,National transport,IT,Italy,2021,481270,
THS_PAS,Thousand passengers,NAT,National transport,IT,Italy,2022,677040,
THS_PAS,Thousand passengers,NAT,National transport,IT,Italy,2023,809498,
THS_PAS,Thousand passengers,NAT,National transport,IT,Italy,2024,838776,
THS_PAS,Thousand passengers,NAT,National transport,LT,Lithuania,2004,5971,
THS_PAS,Thousand passengers,NAT,National transport,LT,Lithuania,2005,5758,
THS_PAS,Thousand passengers,NAT,National transport,LT,Lithuania,2006,5134,
THS_PAS,Thousand passengers,NAT,National transport,LT,Lithuania,2007,4095,
THS_PAS,Thousand passengers,NAT,National transport,LT,Lithuania,2008,4081,
THS_PAS,Thousand passengers,NAT,National transport,LT,Lithuania,2009,3525,
THS_PAS,Thousand passengers,NAT,National transport,LT,Lithuania,2010,3482,
THS_PAS,Thousand passengers,NAT,National transport,LT,Lithuania,2011,3748,
THS_PAS,Thousand passengers,NAT,National transport,LT,Lithuania,2012,3781,
THS_PAS,Thousand passengers,NAT,National transport,LT,Lithuania,2013,3807,
THS_PAS,Thousand passengers,NAT,National transport,LT,Lithuania,2014,3672,
THS_PAS,Thousand passengers,NAT,National transport,LT,Lithuania,2015,3430,
THS_PAS,Thousand passengers,NAT,National transport,LT,Lithuania,2016,3580,
THS_PAS,Thousand passengers,NAT,National transport,LT,Lithuania,2017,3855,
THS_PAS,Thousand passengers,NAT,National transport,LT,Lithuania,2018,4300,
THS_PAS,Thousand passengers,NAT,National transport,LT,Lithuania,2019,4565,
THS_PAS,Thousand passengers,NAT,National transport,LT,Lithuania,2020,3171,
THS_PAS,Thousand passengers,NAT,National transport,LT,Lithuania,2021,3948,
THS_PAS,Thousand passengers,NAT,National transport,LT,Lithuania,2022,4460,
THS_PAS,Thousand passengers,NAT,National transport,LT,Lithuania,2023,4680,
THS_PAS,Thousand passengers,NAT,National transport,LT,Lithuania,2024,5010,
THS_PAS,Thousand passengers,NAT,National transport,LT,Lithuania,2025,5283,
THS_PAS,Thousand passengers,NAT,National transport,LU,Luxembourg,2004,9996,
THS_PAS,Thousand passengers,NAT,National transport,LU,Luxembourg,2005,10293,
THS_PAS,Thousand passengers,NAT,National transport,LU,Luxembourg,2006,10754,
THS_PAS,Thousand passengers,NAT,National transport,LU,Luxembourg,2007,11748,
THS_PAS,Thousand passengers,NAT,National transport,LU,Luxembourg,2008,12505,
THS_PAS,Thousand passengers,NAT,National transport,LU,Luxembourg,2009,12148,
THS_PAS,Thousand passengers,NAT,National transport,LU,Luxembourg,2010,12621,
THS_PAS,Thousand passengers,NAT,National transport,LU,Luxembourg,2011,12885,
THS_PAS,Thousand passengers,NAT,National transport,LU,Luxembourg,2012,14205,
THS_PAS,Thousand passengers,NAT,National transport,LU,Luxembourg,2013,14838,
THS_PAS,Thousand passengers,NAT,National transport,LU,Luxembourg,2014,15466,
THS_PAS,Thousand passengers,NAT,National transport,LU,Luxembourg,2015,16133,
THS_PAS,Thousand passengers,NAT,National transport,LU,Luxembourg,2016,16081,
THS_PAS,Thousand passengers,NAT,National transport,LU,Luxembourg,2017,16523,
THS_PAS,Thousand passengers,NAT,National transport,LU,Luxembourg,2018,17155,
THS_PAS,Thousand passengers,NAT,National transport,LU,Luxembourg,2019,17812,
THS_PAS,Thousand passengers,NAT,National transport,LU,Luxembourg,2020,10558,
THS_PAS,Thousand passengers,NAT,National transport,LU,Luxembourg,2021,12417,
THS_PAS,Thousand passengers,NAT,National transport,LU,Luxembourg,2022,15916,
THS_PAS,Thousand passengers,NAT,National transport,LU,Luxembourg,2023,19917,
THS_PAS,Thousand passengers,NAT,National transport,LU,Luxembourg,2024,21794,
THS_PAS,Thousand passengers,NAT,National transport,LV,Latvia,2004,23504,
THS_PAS,Thousand passengers,NAT,National transport,LV,Latvia,2005,25569,
THS_PAS,Thousand passengers,NAT,National transport,LV,Latvia,2006,27024,
THS_PAS,Thousand passengers,NAT,National transport,LV,Latvia,2007,27042,
THS_PAS,Thousand passengers,NAT,National transport,LV,Latvia,2008,26401,
THS_PAS,Thousand passengers,NAT,National transport,LV,Latvia,2009,21256,
THS_PAS,Thousand passengers,NAT,National transport,LV,Latvia,2010,20518,
THS_PAS,Thousand passengers,NAT,National transport,LV,Latvia,2011,20160,
THS_PAS,Thousand passengers,NAT,National transport,LV,Latvia,2012,19409,
THS_PAS,Thousand passengers,NAT,National transport,LV,Latvia,2013,19419,
THS_PAS,Thousand passengers,NAT,National transport,LV,Latvia,2014,18938,
THS_PAS,Thousand passengers,NAT,National transport,LV,Latvia,2015,16885,
THS_PAS,Thousand passengers,NAT,National transport,LV,Latvia,2016,17071,
THS_PAS,Thousand passengers,NAT,National transport,LV,Latvia,2017,17327,
THS_PAS,Thousand passengers,NAT,National transport,LV,Latvia,2018,18075,
THS_PAS,Thousand passengers,NAT,National transport,LV,Latvia,2019,18442,
THS_PAS,Thousand passengers,NAT,National transport,LV,Latvia,2020,12835,
THS_PAS,Thousand passengers,NAT,National transport,LV,Latvia,2021,11189,
THS_PAS,Thousand passengers,NAT,National transport,LV,Latvia,2022,15679,
THS_PAS,Thousand passengers,NAT,National transport,LV,Latvia,2023,17117,
THS_PAS,Thousand passengers,NAT,National transport,LV,Latvia,2024,19431,
THS_PAS,Thousand passengers,NAT,National transport,LV,Latvia,2025,21302,
THS_PAS,Thousand passengers,NAT,National transport,MK,North Macedonia,2009,1499,
THS_PAS,Thousand passengers,NAT,National transport,MK,North Macedonia,2010,1489,
THS_PAS,Thousand passengers,NAT,National transport,MK,North Macedonia,2011,1408,
THS_PAS,Thousand passengers,NAT,National transport,MK,North Macedonia,2012,1000,
THS_PAS,Thousand passengers,NAT,National transport,MK,North Macedonia,2013,842,
THS_PAS,Thousand passengers,NAT,National transport,MK,North Macedonia,2014,791,
THS_PAS,Thousand passengers,NAT,National transport,MK,North Macedonia,2015,1013,
THS_PAS,Thousand passengers,NAT,National transport,MK,North Macedonia,2016,660,
THS_PAS,Thousand passengers,NAT,National transport,MK,North Macedonia,2017,495,
THS_PAS,Thousand passengers,NAT,National transport,MK,North Macedonia,2018,534,
THS_PAS,Thousand passengers,NAT,National transport,MK,North Macedonia,2019,546,
THS_PAS,Thousand passengers,NAT,National transport,MK,North Macedonia,2020,253,
THS_PAS,Thousand passengers,NAT,National transport,MK,North Macedonia,2021,252,
THS_PAS,Thousand passengers,NAT,National transport,MK,North Macedonia,2022,406,
THS_PAS,Thousand passengers,NAT,National transport,MK,North Macedonia,2023,280,
THS_PAS,Thousand passengers,NAT,National transport,MK,North Macedonia,2024,238,
THS_PAS,Thousand passengers,NAT,National transport,MK,North Macedonia,2025,178,
THS_PAS,Thousand passengers,NAT,National transport,NL,Netherlands,2004,314498,
THS_PAS,Thousand passengers,NAT,National transport,NL,Netherlands,2005,325860,
THS_PAS,Thousand passengers,NAT,National transport,NL,Netherlands,2006,333115,
THS_PAS,Thousand passengers,NAT,National transport,NL,Netherlands,2007,342027,
THS_PAS,Thousand passengers,NAT,National transport,NL,Netherlands,2024,371475,b
THS_PAS,Thousand passengers,NAT,National transport,NL,Netherlands,2025,376304,
THS_PAS,Thousand passengers,NAT,National transport,NO,Norway,2004,50650,
THS_PAS,Thousand passengers,NAT,National transport,NO,Norway,2005,51712,
THS_PAS,Thousand passengers,NAT,National transport,NO,Norway,2006,53783,
THS_PAS,Thousand passengers,NAT,National transport,NO,Norway,2007,54621,
THS_PAS,Thousand passengers,NAT,National transport,NO,Norway,2008,56788,
THS_PAS,Thousand passengers,NAT,National transport,NO,Norway,2009,55674,
THS_PAS,Thousand passengers,NAT,National transport,NO,Norway,2010,56726,
THS_PAS,Thousand passengers,NAT,National transport,NO,Norway,2011,58943,
THS_PAS,Thousand passengers,NAT,National transport,NO,Norway,2012,62210,
THS_PAS,Thousand passengers,NAT,National transport,NO,Norway,2013,66762,
THS_PAS,Thousand passengers,NAT,National transport,NO,Norway,2014,69867,
THS_PAS,Thousand passengers,NAT,National transport,NO,Norway,2015,73339,
THS_PAS,Thousand passengers,NAT,National transport,NO,Norway,2016,73756,
THS_PAS,Thousand passengers,NAT,National transport,NO,Norway,2017,72968,
THS_PAS,Thousand passengers,NAT,National transport,NO,Norway,2018,77298,
THS_PAS,Thousand passengers,NAT,National transport,NO,Norway,2019,79905,
THS_PAS,Thousand passengers,NAT,National transport,NO,Norway,2020,42523,
THS_PAS,Thousand passengers,NAT,National transport,NO,Norway,2021,41379,
THS_PAS,Thousand passengers,NAT,National transport,NO,Norway,2022,66391,
THS_PAS,Thousand passengers,NAT,National transport,NO,Norway,2023,77759,
THS_PAS,Thousand passengers,NAT,National transport,NO,Norway,2024,81329,
THS_PAS,Thousand passengers,NAT,National transport,NO,Norway,2025,83501,
THS_PAS,Thousand passengers,NAT,National transport,PL,Poland,2004,263507,
THS_PAS,Thousand passengers,NAT,National transport,PL,Poland,2005,249250,
THS_PAS,Thousand passengers,NAT,National transport,PL,Poland,2006,252530,
THS_PAS,Thousand passengers,NAT,National transport,PL,Poland,2007,263544,
THS_PAS,Thousand passengers,NAT,National transport,PL,Poland,2008,271071,
THS_PAS,Thousand passengers,NAT,National transport,PL,Poland,2009,262811,
THS_PAS,Thousand passengers,NAT,National transport,PL,Poland,2010,240330,
THS_PAS,Thousand passengers,NAT,National transport,PL,Poland,2011,237068,
THS_PAS,Thousand passengers,NAT,National transport,PL,Poland,2012,247343,
THS_PAS,Thousand passengers,NAT,National transport,PL,Poland,2013,255619,
THS_PAS,Thousand passengers,NAT,National transport,PL,Poland,2014,250460,
THS_PAS,Thousand passengers,NAT,National transport,PL,Poland,2015,263178,
THS_PAS,Thousand passengers,NAT,National transport,PL,Poland,2016,274302,
THS_PAS,Thousand passengers,NAT,National transport,PL,Poland,2017,291500,
THS_PAS,Thousand passengers,NAT,National transport,PL,Poland,2018,297230,
THS_PAS,Thousand passengers,NAT,National transport,PL,Poland,2019,322281,
THS_PAS,Thousand passengers,NAT,National transport,PL,Poland,2020,202005,
THS_PAS,Thousand passengers,NAT,National transport,PL,Poland,2021,237776,
THS_PAS,Thousand passengers,NAT,National transport,PL,Poland,2022,330805,
THS_PAS,Thousand passengers,NAT,National transport,PL,Poland,2023,361212,
THS_PAS,Thousand passengers,NAT,National transport,PL,Poland,2024,394681,
THS_PAS,Thousand passengers,NAT,National transport,PT,Portugal,2004,152350,
THS_PAS,Thousand passengers,NAT,National transport,PT,Portugal,2005,151175,
THS_PAS,Thousand passengers,NAT,National transport,PT,Portugal,2006,150164,
THS_PAS,Thousand passengers,NAT,National transport,PT,Portugal,2007,156511,
THS_PAS,Thousand passengers,NAT,National transport,PT,Portugal,2008,158300,
THS_PAS,Thousand passengers,NAT,National transport,PT,Portugal,2009,153665,
THS_PAS,Thousand passengers,NAT,National transport,PT,Portugal,2010,152870,
THS_PAS,Thousand passengers,NAT,National transport,PT,Portugal,2011,149060,
THS_PAS,Thousand passengers,NAT,National transport,PT,Portugal,2012,132082,
THS_PAS,Thousand passengers,NAT,National transport,PT,Portugal,2013,125945,
THS_PAS,Thousand passengers,NAT,National transport,PT,Portugal,2014,128139,
THS_PAS,Thousand passengers,NAT,National transport,PT,Portugal,2015,130195,
THS_PAS,Thousand passengers,NAT,National transport,PT,Portugal,2016,133238,
THS_PAS,Thousand passengers,NAT,National transport,PT,Portugal,2017,141876,
THS_PAS,Thousand passengers,NAT,National transport,PT,Portugal,2018,147408,
THS_PAS,Thousand passengers,NAT,National transport,PT,Portugal,2019,175333,
THS_PAS,Thousand passengers,NAT,National transport,PT,Portugal,2020,102224,
THS_PAS,Thousand passengers,NAT,National transport,PT,Portugal,2021,120676,
THS_PAS,Thousand passengers,NAT,National transport,PT,Portugal,2022,171542,
THS_PAS,Thousand passengers,NAT,National transport,PT,Portugal,2023,200345,
THS_PAS,Thousand passengers,NAT,National transport,PT,Portugal,2024,218770,
THS_PAS,Thousand passengers,NAT,National transport,RO,Romania,2004,98155,
THS_PAS,Thousand passengers,NAT,National transport,RO,Romania,2005,91025,
THS_PAS,Thousand passengers,NAT,National transport,RO,Romania,2006,92702,
THS_PAS,Thousand passengers,NAT,National transport,RO,Romania,2007,85284,
THS_PAS,Thousand passengers,NAT,National transport,RO,Romania,2008,74851,
THS_PAS,Thousand passengers,NAT,National transport,RO,Romania,2009,65105,
THS_PAS,Thousand passengers,NAT,National transport,RO,Romania,2010,57228,
THS_PAS,Thousand passengers,NAT,National transport,RO,Romania,2011,59945,
THS_PAS,Thousand passengers,NAT,National transport,RO,Romania,2012,56218,
THS_PAS,Thousand passengers,NAT,National transport,RO,Romania,2013,56188,
THS_PAS,Thousand passengers,NAT,National transport,RO,Romania,2014,64525,
THS_PAS,Thousand passengers,NAT,National transport,RO,Romania,2015,61001,
THS_PAS,Thousand passengers,NAT,National transport,RO,Romania,2016,58656,
THS_PAS,Thousand passengers,NAT,National transport,RO,Romania,2017,67142,
THS_PAS,Thousand passengers,NAT,National transport,RO,Romania,2018,64539,
THS_PAS,Thousand passengers,NAT,National transport,RO,Romania,2019,67707,
THS_PAS,Thousand passengers,NAT,National transport,RO,Romania,2020,49010,
THS_PAS,Thousand passengers,NAT,National transport,RO,Romania,2021,52457,
THS_PAS,Thousand passengers,NAT,National transport,RO,Romania,2022,69015,
THS_PAS,Thousand passengers,NAT,National transport,RO,Romania,2023,72842,
THS_PAS,Thousand passengers,NAT,National transport,RO,Romania,2024,69336,
THS_PAS,Thousand passengers,NAT,National transport,RO,Romania,2025,62988,
THS_PAS,Thousand passengers,NAT,National transport,SE,Sweden,2004,139163,
THS_PAS,Thousand passengers,NAT,National transport,SE,Sweden,2005,142354,
THS_PAS,Thousand passengers,NAT,National transport,SE,Sweden,2006,150378,
THS_PAS,Thousand passengers,NAT,National transport,SE,Sweden,2007,158621,
THS_PAS,Thousand passengers,NAT,National transport,SE,Sweden,2008,167525,
THS_PAS,Thousand passengers,NAT,National transport,SE,Sweden,2009,167397,
THS_PAS,Thousand passengers,NAT,National transport,SE,Sweden,2010,168390,
THS_PAS,Thousand passengers,NAT,National transport,SE,Sweden,2011,175781,
THS_PAS,Thousand passengers,NAT,National transport,SE,Sweden,2012,181395,
THS_PAS,Thousand passengers,NAT,National transport,SE,Sweden,2013,188450,
THS_PAS,Thousand passengers,NAT,National transport,SE,Sweden,2014,195022,
THS_PAS,Thousand passengers,NAT,National transport,SE,Sweden,2015,201745,
THS_PAS,Thousand passengers,NAT,National transport,SE,Sweden,2016,208944,
THS_PAS,Thousand passengers,NAT,National transport,SE,Sweden,2017,217668,
THS_PAS,Thousand passengers,NAT,National transport,SE,Sweden,2018,235330,
THS_PAS,Thousand passengers,NAT,National transport,SE,Sweden,2019,252131,
THS_PAS,Thousand passengers,NAT,National transport,SE,Sweden,2020,164381,
THS_PAS,Thousand passengers,NAT,National transport,SE,Sweden,2021,158926,
THS_PAS,Thousand passengers,NAT,National transport,SE,Sweden,2022,231916,
THS_PAS,Thousand passengers,NAT,National transport,SE,Sweden,2023,229093,
THS_PAS,Thousand passengers,NAT,National transport,SE,Sweden,2024,236335,
THS_PAS,Thousand passengers,NAT,National transport,SE,Sweden,2025,226024,
THS_PAS,Thousand passengers,NAT,National transport,SI,Slovenia,2004,13985,
THS_PAS,Thousand passengers,NAT,National transport,SI,Slovenia,2005,14917,
THS_PAS,Thousand passengers,NAT,National transport,SI,Slovenia,2006,15275,
THS_PAS,Thousand passengers,NAT,National transport,SI,Slovenia,2007,15232,
THS_PAS,Thousand passengers,NAT,National transport,SI,Slovenia,2008,15753,
THS_PAS,Thousand passengers,NAT,National transport,SI,Slovenia,2009,15434,
THS_PAS,Thousand passengers,NAT,National transport,SI,Slovenia,2010,15294,
THS_PAS,Thousand passengers,NAT,National transport,SI,Slovenia,2011,14838,
THS_PAS,Thousand passengers,NAT,National transport,SI,Slovenia,2012,14622,
THS_PAS,Thousand passengers,NAT,National transport,SI,Slovenia,2013,15563,
THS_PAS,Thousand passengers,NAT,National transport,SI,Slovenia,2014,14054,
THS_PAS,Thousand passengers,NAT,National transport,SI,Slovenia,2015,13792,
THS_PAS,Thousand passengers,NAT,National transport,SI,Slovenia,2016,13231,
THS_PAS,Thousand passengers,NAT,National transport,SI,Slovenia,2017,12592,
THS_PAS,Thousand passengers,NAT,National transport,SI,Slovenia,2018,12677,
THS_PAS,Thousand passengers,NAT,National transport,SI,Slovenia,2019,12837,
THS_PAS,Thousand passengers,NAT,National transport,SI,Slovenia,2020,7785,
THS_PAS,Thousand passengers,NAT,National transport,SI,Slovenia,2021,11519,
THS_PAS,Thousand passengers,NAT,National transport,SI,Slovenia,2022,13543,
THS_PAS,Thousand passengers,NAT,National transport,SI,Slovenia,2023,14039,
THS_PAS,Thousand passengers,NAT,National transport,SI,Slovenia,2024,15205,
THS_PAS,Thousand passengers,NAT,National transport,SI,Slovenia,2025,19386,
THS_PAS,Thousand passengers,NAT,National transport,SK,Slovakia,2004,48193,
THS_PAS,Thousand passengers,NAT,National transport,SK,Slovakia,2005,47911,
THS_PAS,Thousand passengers,NAT,National transport,SK,Slovakia,2006,45566,
THS_PAS,Thousand passengers,NAT,National transport,SK,Slovakia,2007,43990,
THS_PAS,Thousand passengers,NAT,National transport,SK,Slovakia,2008,45591,
THS_PAS,Thousand passengers,NAT,National transport,SK,Slovakia,2009,43761,
THS_PAS,Thousand passengers,NAT,National transport,SK,Slovakia,2010,43725,
THS_PAS,Thousand passengers,NAT,National transport,SK,Slovakia,2011,44591,
THS_PAS,Thousand passengers,NAT,National transport,SK,Slovakia,2012,41454,
THS_PAS,Thousand passengers,NAT,National transport,SK,Slovakia,2013,42608,
THS_PAS,Thousand passengers,NAT,National transport,SK,Slovakia,2014,45706,
THS_PAS,Thousand passengers,NAT,National transport,SK,Slovakia,2015,56991,
THS_PAS,Thousand passengers,NAT,National transport,SK,Slovakia,2016,65807,
THS_PAS,Thousand passengers,NAT,National transport,SK,Slovakia,2017,71474,
THS_PAS,Thousand passengers,NAT,National transport,SK,Slovakia,2018,73380,
THS_PAS,Thousand passengers,NAT,National transport,SK,Slovakia,2019,76488,
THS_PAS,Thousand passengers,NAT,National transport,SK,Slovakia,2020,47980,
THS_PAS,Thousand passengers,NAT,National transport,SK,Slovakia,2021,43570,
THS_PAS,Thousand passengers,NAT,National transport,SK,Slovakia,2022,62139,
THS_PAS,Thousand passengers,NAT,National transport,SK,Slovakia,2023,66635,
THS_PAS,Thousand passengers,NAT,National transport,SK,Slovakia,2024,67209,
THS_PAS,Thousand passengers,NAT,National transport,SK,Slovakia,2025,69294,
THS_PAS,Thousand passengers,NAT,National transport,TR,Türkiye,2004,76640,
THS_PAS,Thousand passengers,NAT,National transport,TR,Türkiye,2005,76163,
THS_PAS,Thousand passengers,NAT,National transport,TR,Türkiye,2006,77232,
THS_PAS,Thousand passengers,NAT,National transport,TR,Türkiye,2007,81052,
THS_PAS,Thousand passengers,NAT,National transport,TR,Türkiye,2008,78931,
THS_PAS,Thousand passengers,NAT,National transport,TR,Türkiye,2009,79852,
THS_PAS,Thousand passengers,NAT,National transport,TR,Türkiye,2010,83914,
THS_PAS,Thousand passengers,NAT,National transport,TR,Türkiye,2011,26190,
THS_PAS,Thousand passengers,NAT,National transport,TR,Türkiye,2012,19746,
THS_PAS,Thousand passengers,NAT,National transport,TR,Türkiye,2013,20890,
THS_PAS,Thousand passengers,NAT,National transport,TR,Türkiye,2014,22848,
THS_PAS,Thousand passengers,NAT,National transport,TR,Türkiye,2015,23145,
THS_PAS,Thousand passengers,NAT,National transport,TR,Türkiye,2016,20790,
THS_PAS,Thousand passengers,NAT,National transport,TR,Türkiye,2017,22430,
THS_PAS,Thousand passengers,NAT,National transport,TR,Türkiye,2018,24089,
THS_PAS,Thousand passengers,NAT,National transport,TR,Türkiye,2019,26014,
THS_PAS,Thousand passengers,NAT,National transport,TR,Türkiye,2020,6426,
THS_PAS,Thousand passengers,NAT,National transport,TR,Türkiye,2021,10020,
THS_PAS,Thousand passengers,NAT,National transport,TR,Türkiye,2022,26411,
THS_PAS,Thousand passengers,NAT,National transport,TR,Türkiye,2023,24870,
THS_PAS,Thousand passengers,NAT,National transport,TR,Türkiye,2024,23348,
THS_PAS,Thousand passengers,NAT,National transport,UK,United Kingdom,2004,1053810,
THS_PAS,Thousand passengers,NAT,National transport,UK,United Kingdom,2005,1087270,
THS_PAS,Thousand passengers,NAT,National transport,UK,United Kingdom,2006,1140384,
THS_PAS,Thousand passengers,NAT,National transport,UK,United Kingdom,2007,1221120,
THS_PAS,Thousand passengers,NAT,National transport,UK,United Kingdom,2008,1286968,
THS_PAS,Thousand passengers,NAT,National transport,UK,United Kingdom,2009,1254125,
THS_PAS,Thousand passengers,NAT,National transport,UK,United Kingdom,2010,1348082,
THS_PAS,Thousand passengers,NAT,National transport,UK,United Kingdom,2011,1444819,
THS_PAS,Thousand passengers,NAT,National transport,UK,United Kingdom,2012,1524197,
THS_PAS,Thousand passengers,NAT,National transport,UK,United Kingdom,2013,1579843,
THS_PAS,Thousand passengers,NAT,National transport,UK,United Kingdom,2014,1659637,
THS_PAS,Thousand passengers,NAT,National transport,UK,United Kingdom,2015,1721715,
THS_PAS,Thousand passengers,NAT,National transport,UK,United Kingdom,2016,1753135,
THS_PAS,Thousand passengers,NAT,National transport,UK,United Kingdom,2017,1737710,
THS_PAS,Thousand passengers,NAT,National transport,UK,United Kingdom,2018,1762710,
THS_PAS,Thousand passengers,NAT,National transport,UK,United Kingdom,2019,1816345,
THS_PAS,Thousand passengers,TOTAL,Total transport,AT,Austria,2004,186083,
THS_PAS,Thousand passengers,TOTAL,Total transport,AT,Austria,2005,189778,
THS_PAS,Thousand passengers,TOTAL,Total transport,AT,Austria,2006,193955,
THS_PAS,Thousand passengers,TOTAL,Total transport,AT,Austria,2007,197731,
THS_PAS,Thousand passengers,TOTAL,Total transport,AT,Austria,2008,205561,
THS_PAS,Thousand passengers,TOTAL,Total transport,AT,Austria,2009,203676,
THS_PAS,Thousand passengers,TOTAL,Total transport,AT,Austria,2010,207658,
THS_PAS,Thousand passengers,TOTAL,Total transport,AT,Austria,2011,206869,
THS_PAS,Thousand passengers,TOTAL,Total transport,AT,Austria,2012,224838,
THS_PAS,Thousand passengers,TOTAL,Total transport,AT,Austria,2013,235434,
THS_PAS,Thousand passengers,TOTAL,Total transport,AT,Austria,2014,232616,
THS_PAS,Thousand passengers,TOTAL,Total transport,AT,Austria,2015,240588,
THS_PAS,Thousand passengers,TOTAL,Total transport,AT,Austria,2016,253196,
THS_PAS,Thousand passengers,TOTAL,Total transport,AT,Austria,2017,254493,
THS_PAS,Thousand passengers,TOTAL,Total transport,AT,Austria,2018,272637,
THS_PAS,Thousand passengers,TOTAL,Total transport,AT,Austria,2019,278066,
THS_PAS,Thousand passengers,TOTAL,Total transport,AT,Austria,2020,164061,
THS_PAS,Thousand passengers,TOTAL,Total transport,AT,Austria,2021,190278,
THS_PAS,Thousand passengers,TOTAL,Total transport,AT,Austria,2022,260992,
THS_PAS,Thousand passengers,TOTAL,Total transport,AT,Austria,2023,304857,
THS_PAS,Thousand passengers,TOTAL,Total transport,AT,Austria,2024,326466,
THS_PAS,Thousand passengers,TOTAL,Total transport,BE,Belgium,2004,184033,
THS_PAS,Thousand passengers,TOTAL,Total transport,BE,Belgium,2005,180431,
THS_PAS,Thousand passengers,TOTAL,Total transport,BE,Belgium,2006,190865,
THS_PAS,Thousand passengers,TOTAL,Total transport,BE,Belgium,2007,201054,
THS_PAS,Thousand passengers,TOTAL,Total transport,BE,Belgium,2008,213934,
THS_PAS,Thousand passengers,TOTAL,Total transport,BE,Belgium,2009,217639,
THS_PAS,Thousand passengers,TOTAL,Total transport,BE,Belgium,2010,223198,
THS_PAS,Thousand passengers,TOTAL,Total transport,BE,Belgium,2011,223198,
THS_PAS,Thousand passengers,TOTAL,Total transport,BG,Bulgaria,2006,34089,
THS_PAS,Thousand passengers,TOTAL,Total transport,BG,Bulgaria,2007,33242,
THS_PAS,Thousand passengers,TOTAL,Total transport,BG,Bulgaria,2008,33724,
THS_PAS,Thousand passengers,TOTAL,Total transport,BG,Bulgaria,2009,31348,
THS_PAS,Thousand passengers,TOTAL,Total transport,BG,Bulgaria,2010,30079,
THS_PAS,Thousand passengers,TOTAL,Total transport,BG,Bulgaria,2011,29287,
THS_PAS,Thousand passengers,TOTAL,Total transport,BG,Bulgaria,2012,26508,
THS_PAS,Thousand passengers,TOTAL,Total transport,BG,Bulgaria,2013,26059,
THS_PAS,Thousand passengers,TOTAL,Total transport,BG,Bulgaria,2014,24615,
THS_PAS,Thousand passengers,TOTAL,Total transport,BG,Bulgaria,2015,22518,
THS_PAS,Thousand passengers,TOTAL,Total transport,BG,Bulgaria,2016,21425,
THS_PAS,Thousand passengers,TOTAL,Total transport,BG,Bulgaria,2017,21195,
THS_PAS,Thousand passengers,TOTAL,Total transport,BG,Bulgaria,2018,21329,
THS_PAS,Thousand passengers,TOTAL,Total transport,BG,Bulgaria,2019,21329,
THS_PAS,Thousand passengers,TOTAL,Total transport,BG,Bulgaria,2020,16808,
THS_PAS,Thousand passengers,TOTAL,Total transport,BG,Bulgaria,2021,17142,
THS_PAS,Thousand passengers,TOTAL,Total transport,BG,Bulgaria,2022,23065,
THS_PAS,Thousand passengers,TOTAL,Total transport,BG,Bulgaria,2023,21811,
THS_PAS,Thousand passengers,TOTAL,Total transport,BG,Bulgaria,2024,21141,
THS_PAS,Thousand passengers,TOTAL,Total transport,BG,Bulgaria,2025,20979,
THS_PAS,Thousand passengers,TOTAL,Total transport,CH,Switzerland,2008,355697,
THS_PAS,Thousand passengers,TOTAL,Total transport,CH,Switzerland,2009,363759,
THS_PAS,Thousand passengers,TOTAL,Total transport,CH,Switzerland,2010,382148,
THS_PAS,Thousand passengers,TOTAL,Total transport,CH,Switzerland,2011,408580,
THS_PAS,Thousand passengers,TOTAL,Total transport,CH,Switzerland,2012,412272,
THS_PAS,Thousand passengers,TOTAL,Total transport,CH,Switzerland,2013,432462,
THS_PAS,Thousand passengers,TOTAL,Total transport,CH,Switzerland,2014,458715,
THS_PAS,Thousand passengers,TOTAL,Total transport,CH,Switzerland,2015,475183,
THS_PAS,Thousand passengers,TOTAL,Total transport,CH,Switzerland,2016,497735,
THS_PAS,Thousand passengers,TOTAL,Total transport,CH,Switzerland,2017,500595,
THS_PAS,Thousand passengers,TOTAL,Total transport,CH,Switzerland,2018,493053,
THS_PAS,Thousand passengers,TOTAL,Total transport,CH,Switzerland,2019,519337,
THS_PAS,Thousand passengers,TOTAL,Total transport,CH,Switzerland,2020,322673,
THS_PAS,Thousand passengers,TOTAL,Total transport,CH,Switzerland,2021,336767,
THS_PAS,Thousand passengers,TOTAL,Total transport,CH,Switzerland,2022,433254,
THS_PAS,Thousand passengers,TOTAL,Total transport,CH,Switzerland,2023,495604,
THS_PAS,Thousand passengers,TOTAL,Total transport,CH,Switzerland,2024,521045,
THS_PAS,Thousand passengers,TOTAL,Total transport,CZ,Czechia,2004,180282,
THS_PAS,Thousand passengers,TOTAL,Total transport,CZ,Czechia,2005,180266,
THS_PAS,Thousand passengers,TOTAL,Total transport,CZ,Czechia,2006,183027,
THS_PAS,Thousand passengers,TOTAL,Total transport,CZ,Czechia,2007,184184,
THS_PAS,Thousand passengers,TOTAL,Total transport,CZ,Czechia,2008,177257,
THS_PAS,Thousand passengers,TOTAL,Total transport,CZ,Czechia,2009,164813,
THS_PAS,Thousand passengers,TOTAL,Total transport,CZ,Czechia,2010,164642,
THS_PAS,Thousand passengers,TOTAL,Total transport,CZ,Czechia,2011,167789,
THS_PAS,Thousand passengers,TOTAL,Total transport,CZ,Czechia,2012,172580,
THS_PAS,Thousand passengers,TOTAL,Total transport,CZ,Czechia,2013,174189,
THS_PAS,Thousand passengers,TOTAL,Total transport,CZ,Czechia,2014,175705,
THS_PAS,Thousand passengers,TOTAL,Total transport,CZ,Czechia,2015,176146,
THS_PAS,Thousand passengers,TOTAL,Total transport,CZ,Czechia,2016,178766,
THS_PAS,Thousand passengers,TOTAL,Total transport,CZ,Czechia,2017,182724,
THS_PAS,Thousand passengers,TOTAL,Total transport,CZ,Czechia,2018,189288,
THS_PAS,Thousand passengers,TOTAL,Total transport,CZ,Czechia,2019,193569,
THS_PAS,Thousand passengers,TOTAL,Total transport,CZ,Czechia,2020,129308,
THS_PAS,Thousand passengers,TOTAL,Total transport,CZ,Czechia,2021,135083,
THS_PAS,Thousand passengers,TOTAL,Total transport,CZ,Czechia,2022,174327,
THS_PAS,Thousand passengers,TOTAL,Total transport,CZ,Czechia,2023,183979,
THS_PAS,Thousand passengers,TOTAL,Total transport,CZ,Czechia,2024,191171,
THS_PAS,Thousand passengers,TOTAL,Total transport,DE,Germany,2004,2091268,
THS_PAS,Thousand passengers,TOTAL,Total transport,DE,Germany,2005,2130469,
THS_PAS,Thousand passengers,TOTAL,Total transport,DE,Germany,2006,2228926,
THS_PAS,Thousand passengers,TOTAL,Total transport,DE,Germany,2007,2226952,
THS_PAS,Thousand passengers,TOTAL,Total transport,DE,Germany,2008,2336683,
THS_PAS,Thousand passengers,TOTAL,Total transport,DE,Germany,2009,2323243,
THS_PAS,Thousand passengers,TOTAL,Total transport,DE,Germany,2010,2368375,
THS_PAS,Thousand passengers,TOTAL,Total transport,DE,Germany,2011,2530284,
THS_PAS,Thousand passengers,TOTAL,Total transport,DE,Germany,2012,2564498,
THS_PAS,Thousand passengers,TOTAL,Total transport,DE,Germany,2013,2612764,
THS_PAS,Thousand passengers,TOTAL,Total transport,DE,Germany,2014,2693080,
THS_PAS,Thousand passengers,TOTAL,Total transport,DE,Germany,2015,2684908,
THS_PAS,Thousand passengers,TOTAL,Total transport,DE,Germany,2016,2813782,
THS_PAS,Thousand passengers,TOTAL,Total transport,DE,Germany,2017,2831443,
THS_PAS,Thousand passengers,TOTAL,Total transport,DE,Germany,2018,2880558,
THS_PAS,Thousand passengers,TOTAL,Total transport,DE,Germany,2019,2938023,
THS_PAS,Thousand passengers,TOTAL,Total transport,DE,Germany,2020,1752198,
THS_PAS,Thousand passengers,TOTAL,Total transport,DE,Germany,2021,1761388,
THS_PAS,Thousand passengers,TOTAL,Total transport,DE,Germany,2022,2505856,
THS_PAS,Thousand passengers,TOTAL,Total transport,DE,Germany,2023,2727923,
THS_PAS,Thousand passengers,TOTAL,Total transport,DE,Germany,2024,2929624,
THS_PAS,Thousand passengers,TOTAL,Total transport,DK,Denmark,2004,157364,
THS_PAS,Thousand passengers,TOTAL,Total transport,DK,Denmark,2005,160227,
THS_PAS,Thousand passengers,TOTAL,Total transport,DK,Denmark,2006,163435,
THS_PAS,Thousand passengers,TOTAL,Total transport,DK,Denmark,2007,164321,
THS_PAS,Thousand passengers,TOTAL,Total transport,DK,Denmark,2008,169101,
THS_PAS,Thousand passengers,TOTAL,Total transport,DK,Denmark,2009,173114,
THS_PAS,Thousand passengers,TOTAL,Total transport,DK,Denmark,2010,174771,
THS_PAS,Thousand passengers,TOTAL,Total transport,DK,Denmark,2011,182327,
THS_PAS,Thousand passengers,TOTAL,Total transport,DK,Denmark,2012,189798,
THS_PAS,Thousand passengers,TOTAL,Total transport,DK,Denmark,2013,193500,
THS_PAS,Thousand passengers,TOTAL,Total transport,DK,Denmark,2014,208311,
THS_PAS,Thousand passengers,TOTAL,Total transport,DK,Denmark,2015,212253,
THS_PAS,Thousand passengers,TOTAL,Total transport,DK,Denmark,2016,211399,
THS_PAS,Thousand passengers,TOTAL,Total transport,DK,Denmark,2017,206566,
THS_PAS,Thousand passengers,TOTAL,Total transport,DK,Denmark,2018,205307,
THS_PAS,Thousand passengers,TOTAL,Total transport,DK,Denmark,2019,206601,
THS_PAS,Thousand passengers,TOTAL,Total transport,DK,Denmark,2020,133900,
THS_PAS,Thousand passengers,TOTAL,Total transport,DK,Denmark,2021,134076,
THS_PAS,Thousand passengers,TOTAL,Total transport,DK,Denmark,2022,184897,
THS_PAS,Thousand passengers,TOTAL,Total transport,DK,Denmark,2023,202866,
THS_PAS,Thousand passengers,TOTAL,Total transport,DK,Denmark,2024,210447,
THS_PAS,Thousand passengers,TOTAL,Total transport,EE,Estonia,2004,5274,
THS_PAS,Thousand passengers,TOTAL,Total transport,EE,Estonia,2005,5159,
THS_PAS,Thousand passengers,TOTAL,Total transport,EE,Estonia,2006,5302,
THS_PAS,Thousand passengers,TOTAL,Total transport,EE,Estonia,2007,5442,
THS_PAS,Thousand passengers,TOTAL,Total transport,EE,Estonia,2008,5285,
THS_PAS,Thousand passengers,TOTAL,Total transport,EE,Estonia,2009,4894,
THS_PAS,Thousand passengers,TOTAL,Total transport,EE,Estonia,2010,4799,
THS_PAS,Thousand passengers,TOTAL,Total transport,EE,Estonia,2011,4758,
THS_PAS,Thousand passengers,TOTAL,Total transport,EE,Estonia,2012,4411,
THS_PAS,Thousand passengers,TOTAL,Total transport,EE,Estonia,2013,4199,
THS_PAS,Thousand passengers,TOTAL,Total transport,EE,Estonia,2014,5905,
THS_PAS,Thousand passengers,TOTAL,Total transport,EE,Estonia,2015,6659,
THS_PAS,Thousand passengers,TOTAL,Total transport,EE,Estonia,2016,6926,
THS_PAS,Thousand passengers,TOTAL,Total transport,EE,Estonia,2017,7433,
THS_PAS,Thousand passengers,TOTAL,Total transport,EE,Estonia,2018,7759,
THS_PAS,Thousand passengers,TOTAL,Total transport,EE,Estonia,2019,8373,
THS_PAS,Thousand passengers,TOTAL,Total transport,EE,Estonia,2020,5984,
THS_PAS,Thousand passengers,TOTAL,Total transport,EE,Estonia,2021,6077,
THS_PAS,Thousand passengers,TOTAL,Total transport,EE,Estonia,2022,7129,
THS_PAS,Thousand passengers,TOTAL,Total transport,EE,Estonia,2023,7805,
THS_PAS,Thousand passengers,TOTAL,Total transport,EE,Estonia,2024,7944,
THS_PAS,Thousand passengers,TOTAL,Total transport,EL,Greece,2004,9483,
THS_PAS,Thousand passengers,TOTAL,Total transport,EL,Greece,2005,9959,
THS_PAS,Thousand passengers,TOTAL,Total transport,EL,Greece,2006,9520,
THS_PAS,Thousand passengers,TOTAL,Total transport,EL,Greece,2007,13212,
THS_PAS,Thousand passengers,TOTAL,Total transport,EL,Greece,2008,16050,
THS_PAS,Thousand passengers,TOTAL,Total transport,EL,Greece,2009,14281,
THS_PAS,Thousand passengers,TOTAL,Total transport,EL,Greece,2010,13817,
THS_PAS,Thousand passengers,TOTAL,Total transport,EL,Greece,2011,13305,
THS_PAS,Thousand passengers,TOTAL,Total transport,EL,Greece,2012,12658,
THS_PAS,Thousand passengers,TOTAL,Total transport,EL,Greece,2013,13195,
THS_PAS,Thousand passengers,TOTAL,Total transport,EL,Greece,2014,13399,
THS_PAS,Thousand passengers,TOTAL,Total transport,EL,Greece,2015,16040,
THS_PAS,Thousand passengers,TOTAL,Total transport,EL,Greece,2016,15582,
THS_PAS,Thousand passengers,TOTAL,Total transport,EL,Greece,2017,15359,
THS_PAS,Thousand passengers,TOTAL,Total transport,EL,Greece,2018,16795,
THS_PAS,Thousand passengers,TOTAL,Total transport,EL,Greece,2019,19599,
THS_PAS,Thousand passengers,TOTAL,Total transport,EL,Greece,2020,10220,
THS_PAS,Thousand passengers,TOTAL,Total transport,EL,Greece,2021,10029,
THS_PAS,Thousand passengers,TOTAL,Total transport,EL,Greece,2022,15421,
THS_PAS,Thousand passengers,TOTAL,Total transport,EL,Greece,2023,12807,
THS_PAS,Thousand passengers,TOTAL,Total transport,EL,Greece,2024,14053,
THS_PAS,Thousand passengers,TOTAL,Total transport,ES,Spain,2004,588987,
THS_PAS,Thousand passengers,TOTAL,Total transport,ES,Spain,2005,610457,
THS_PAS,Thousand passengers,TOTAL,Total transport,ES,Spain,2006,623634,
THS_PAS,Thousand passengers,TOTAL,Total transport,ES,Spain,2007,614871,
THS_PAS,Thousand passengers,TOTAL,Total transport,ES,Spain,2008,609097,
THS_PAS,Thousand passengers,TOTAL,Total transport,ES,Spain,2009,563620,
THS_PAS,Thousand passengers,TOTAL,Total transport,ES,Spain,2010,550214,
THS_PAS,Thousand passengers,TOTAL,Total transport,ES,Spain,2011,566444,
THS_PAS,Thousand passengers,TOTAL,Total transport,ES,Spain,2012,555354,
THS_PAS,Thousand passengers,TOTAL,Total transport,ES,Spain,2013,558625,
THS_PAS,Thousand passengers,TOTAL,Total transport,ES,Spain,2014,559320,
THS_PAS,Thousand passengers,TOTAL,Total transport,ES,Spain,2015,561973,
THS_PAS,Thousand passengers,TOTAL,Total transport,ES,Spain,2016,569822,
THS_PAS,Thousand passengers,TOTAL,Total transport,ES,Spain,2017,593354,
THS_PAS,Thousand passengers,TOTAL,Total transport,ES,Spain,2018,596143,
THS_PAS,Thousand passengers,TOTAL,Total transport,ES,Spain,2019,627644,
THS_PAS,Thousand passengers,TOTAL,Total transport,ES,Spain,2020,329721,
THS_PAS,Thousand passengers,TOTAL,Total transport,ES,Spain,2021,418501,
THS_PAS,Thousand passengers,TOTAL,Total transport,ES,Spain,2022,554154,
THS_PAS,Thousand passengers,TOTAL,Total transport,ES,Spain,2023,666205,
THS_PAS,Thousand passengers,TOTAL,Total transport,ES,Spain,2024,691733,
THS_PAS,Thousand passengers,TOTAL,Total transport,ES,Spain,2025,695385,
THS_PAS,Thousand passengers,TOTAL,Total transport,EU27_2007,European Union - 27 countries (2007-2013),2006,7672433,
THS_PAS,Thousand passengers,TOTAL,Total transport,EU27_2007,European Union - 27 countries (2007-2013),2007,7846329,
THS_PAS,Thousand passengers,TOTAL,Total transport,EU27_2007,European Union - 27 countries (2007-2013),2008,8093038,
THS_PAS,Thousand passengers,TOTAL,Total transport,EU27_2007,European Union - 27 countries (2007-2013),2009,7957420,
THS_PAS,Thousand passengers,TOTAL,Total transport,EU27_2007,European Union - 27 countries (2007-2013),2010,8091465,
THS_PAS,Thousand passengers,TOTAL,Total transport,EU27_2007,European Union - 27 countries (2007-2013),2011,8583938,
THS_PAS,Thousand passengers,TOTAL,Total transport,EU27_2007,European Union - 27 countries (2007-2013),2013,8936785,
THS_PAS,Thousand passengers,TOTAL,Total transport,EU27_2007,European Union - 27 countries (2007-2013),2014,9096726,
THS_PAS,Thousand passengers,TOTAL,Total transport,EU27_2007,European Union - 27 countries (2007-2013),2015,9268478,
THS_PAS,Thousand passengers,TOTAL,Total transport,EU27_2007,European Union - 27 countries (2007-2013),2016,9546781,
THS_PAS,Thousand passengers,TOTAL,Total transport,EU27_2007,European Union - 27 countries (2007-2013),2017,9697449,
THS_PAS,Thousand passengers,TOTAL,Total transport,EU27_2007,European Union - 27 countries (2007-2013),2018,9829050,
THS_PAS,Thousand passengers,TOTAL,Total transport,EU27_2007,European Union - 27 countries (2007-2013),2019,10113694,
THS_PAS,Thousand passengers,TOTAL,Total transport,EU27_2020,European Union - 27 countries (from 2020),2006,6578423,
THS_PAS,Thousand passengers,TOTAL,Total transport,EU27_2020,European Union - 27 countries (from 2020),2007,6688725,
THS_PAS,Thousand passengers,TOTAL,Total transport,EU27_2020,European Union - 27 countries (from 2020),2008,6876504,
THS_PAS,Thousand passengers,TOTAL,Total transport,EU27_2020,European Union - 27 countries (from 2020),2009,6776863,
THS_PAS,Thousand passengers,TOTAL,Total transport,EU27_2020,European Union - 27 countries (from 2020),2010,6813596,
THS_PAS,Thousand passengers,TOTAL,Total transport,EU27_2020,European Union - 27 countries (from 2020),2011,7189578,
THS_PAS,Thousand passengers,TOTAL,Total transport,EU27_2020,European Union - 27 countries (from 2020),2013,7380719,
THS_PAS,Thousand passengers,TOTAL,Total transport,EU27_2020,European Union - 27 countries (from 2020),2014,7458507,
THS_PAS,Thousand passengers,TOTAL,Total transport,EU27_2020,European Union - 27 countries (from 2020),2015,7568054,
THS_PAS,Thousand passengers,TOTAL,Total transport,EU27_2020,European Union - 27 countries (from 2020),2016,7814209,
THS_PAS,Thousand passengers,TOTAL,Total transport,EU27_2020,European Union - 27 countries (from 2020),2017,7979380,
THS_PAS,Thousand passengers,TOTAL,Total transport,EU27_2020,European Union - 27 countries (from 2020),2018,8086236,
THS_PAS,Thousand passengers,TOTAL,Total transport,EU27_2020,European Union - 27 countries (from 2020),2019,8316511,
THS_PAS,Thousand passengers,TOTAL,Total transport,EU27_2020,European Union - 27 countries (from 2020),2020,4792543,
THS_PAS,Thousand passengers,TOTAL,Total transport,EU27_2020,European Union - 27 countries (from 2020),2021,5257368,
THS_PAS,Thousand passengers,TOTAL,Total transport,EU27_2020,European Union - 27 countries (from 2020),2022,7254950,
THS_PAS,Thousand passengers,TOTAL,Total transport,EU27_2020,European Union - 27 countries (from 2020),2023,8073367,
THS_PAS,Thousand passengers,TOTAL,Total transport,EU27_2020,European Union - 27 countries (from 2020),2024,8667358,
THS_PAS,Thousand passengers,TOTAL,Total transport,EU28,European Union - 28 countries (2013-2020),2006,7718093,
THS_PAS,Thousand passengers,TOTAL,Total transport,EU28,European Union - 28 countries (2013-2020),2007,7908899,
THS_PAS,Thousand passengers,TOTAL,Total transport,EU28,European Union - 28 countries (2013-2020),2008,8163243,
THS_PAS,Thousand passengers,TOTAL,Total transport,EU28,European Union - 28 countries (2013-2020),2009,8030274,
THS_PAS,Thousand passengers,TOTAL,Total transport,EU28,European Union - 28 countries (2013-2020),2010,8160303,
THS_PAS,Thousand passengers,TOTAL,Total transport,EU28,European Union - 28 countries (2013-2020),2011,8633437,
THS_PAS,Thousand passengers,TOTAL,Total transport,EU28,European Union - 28 countries (2013-2020),2013,8960712,
THS_PAS,Thousand passengers,TOTAL,Total transport,EU28,European Union - 28 countries (2013-2020),2014,9118333,
THS_PAS,Thousand passengers,TOTAL,Total transport,EU28,European Union - 28 countries (2013-2020),2015,9289885,
THS_PAS,Thousand passengers,TOTAL,Total transport,EU28,European Union - 28 countries (2013-2020),2016,9567247,
THS_PAS,Thousand passengers,TOTAL,Total transport,EU28,European Union - 28 countries (2013-2020),2017,9717031,
THS_PAS,Thousand passengers,TOTAL,Total transport,EU28,European Union - 28 countries (2013-2020),2018,9849058,
THS_PAS,Thousand passengers,TOTAL,Total transport,EU28,European Union - 28 countries (2013-2020),2019,10133291,
THS_PAS,Thousand passengers,TOTAL,Total transport,FI,Finland,2004,60134,
THS_PAS,Thousand passengers,TOTAL,Total transport,FI,Finland,2005,63493,
THS_PAS,Thousand passengers,TOTAL,Total transport,FI,Finland,2006,63803,
THS_PAS,Thousand passengers,TOTAL,Total transport,FI,Finland,2007,66685,
THS_PAS,Thousand passengers,TOTAL,Total transport,FI,Finland,2008,69937,
THS_PAS,Thousand passengers,TOTAL,Total transport,FI,Finland,2009,67555,
THS_PAS,Thousand passengers,TOTAL,Total transport,FI,Finland,2010,68950,
THS_PAS,Thousand passengers,TOTAL,Total transport,FI,Finland,2011,68376,
THS_PAS,Thousand passengers,TOTAL,Total transport,FI,Finland,2012,69331,
THS_PAS,Thousand passengers,TOTAL,Total transport,FI,Finland,2013,69318,
THS_PAS,Thousand passengers,TOTAL,Total transport,FI,Finland,2014,68262,
THS_PAS,Thousand passengers,TOTAL,Total transport,FI,Finland,2015,75952,
THS_PAS,Thousand passengers,TOTAL,Total transport,FI,Finland,2016,82114,
THS_PAS,Thousand passengers,TOTAL,Total transport,FI,Finland,2017,85703,
THS_PAS,Thousand passengers,TOTAL,Total transport,FI,Finland,2018,87502,
THS_PAS,Thousand passengers,TOTAL,Total transport,FI,Finland,2019,92801,
THS_PAS,Thousand passengers,TOTAL,Total transport,FI,Finland,2020,59550,
THS_PAS,Thousand passengers,TOTAL,Total transport,FI,Finland,2021,55009,
THS_PAS,Thousand passengers,TOTAL,Total transport,FI,Finland,2022,76089,
THS_PAS,Thousand passengers,TOTAL,Total transport,FI,Finland,2023,82406,
THS_PAS,Thousand passengers,TOTAL,Total transport,FI,Finland,2024,84574,
THS_PAS,Thousand passengers,TOTAL,Total transport,FR,France,2004,943899,
THS_PAS,Thousand passengers,TOTAL,Total transport,FR,France,2005,983766,
THS_PAS,Thousand passengers,TOTAL,Total transport,FR,France,2006,1021931,
THS_PAS,Thousand passengers,TOTAL,Total transport,FR,France,2007,1065423,
THS_PAS,Thousand passengers,TOTAL,Total transport,FR,France,2008,1093033,
THS_PAS,Thousand passengers,TOTAL,Total transport,FR,France,2009,1101640,
THS_PAS,Thousand passengers,TOTAL,Total transport,FR,France,2011,1125274,
THS_PAS,Thousand passengers,TOTAL,Total transport,FR,France,2012,1150297,
THS_PAS,Thousand passengers,TOTAL,Total transport,FR,France,2013,1164822,
THS_PAS,Thousand passengers,TOTAL,Total transport,FR,France,2014,1157679,
THS_PAS,Thousand passengers,TOTAL,Total transport,FR,France,2015,1204201,
THS_PAS,Thousand passengers,TOTAL,Total transport,FR,France,2016,1234996,
THS_PAS,Thousand passengers,TOTAL,Total transport,FR,France,2017,1277193,
THS_PAS,Thousand passengers,TOTAL,Total transport,FR,France,2018,1246580,
THS_PAS,Thousand passengers,TOTAL,Total transport,FR,France,2019,1265492,
THS_PAS,Thousand passengers,TOTAL,Total transport,FR,France,2020,723809,
THS_PAS,Thousand passengers,TOTAL,Total transport,FR,France,2021,894536,
THS_PAS,Thousand passengers,TOTAL,Total transport,FR,France,2022,1141822,
THS_PAS,Thousand passengers,TOTAL,Total transport,FR,France,2023,1226405,
THS_PAS,Thousand passengers,TOTAL,Total transport,FR,France,2024,1320115,
THS_PAS,Thousand passengers,TOTAL,Total transport,HR,Croatia,2004,36600,
THS_PAS,Thousand passengers,TOTAL,Total transport,HR,Croatia,2005,39706,
THS_PAS,Thousand passengers,TOTAL,Total transport,HR,Croatia,2006,46044,
THS_PAS,Thousand passengers,TOTAL,Total transport,HR,Croatia,2007,62973,
THS_PAS,Thousand passengers,TOTAL,Total transport,HR,Croatia,2008,70800,
THS_PAS,Thousand passengers,TOTAL,Total transport,HR,Croatia,2009,73402,
THS_PAS,Thousand passengers,TOTAL,Total transport,HR,Croatia,2010,69421,
THS_PAS,Thousand passengers,TOTAL,Total transport,HR,Croatia,2011,49852,
THS_PAS,Thousand passengers,TOTAL,Total transport,HR,Croatia,2012,27576,
THS_PAS,Thousand passengers,TOTAL,Total transport,HR,Croatia,2013,24216,
THS_PAS,Thousand passengers,TOTAL,Total transport,HR,Croatia,2014,21889,
THS_PAS,Thousand passengers,TOTAL,Total transport,HR,Croatia,2015,21649,
THS_PAS,Thousand passengers,TOTAL,Total transport,HR,Croatia,2016,20709,
THS_PAS,Thousand passengers,TOTAL,Total transport,HR,Croatia,2017,19803,
THS_PAS,Thousand passengers,TOTAL,Total transport,HR,Croatia,2018,20244,
THS_PAS,Thousand passengers,TOTAL,Total transport,HR,Croatia,2019,19827,
THS_PAS,Thousand passengers,TOTAL,Total transport,HR,Croatia,2020,13100,
THS_PAS,Thousand passengers,TOTAL,Total transport,HR,Croatia,2021,13534,
THS_PAS,Thousand passengers,TOTAL,Total transport,HR,Croatia,2022,18581,
THS_PAS,Thousand passengers,TOTAL,Total transport,HR,Croatia,2023,23851,
THS_PAS,Thousand passengers,TOTAL,Total transport,HR,Croatia,2024,24590,
THS_PAS,Thousand passengers,TOTAL,Total transport,HR,Croatia,2025,26395,
THS_PAS,Thousand passengers,TOTAL,Total transport,HU,Hungary,2004,159991,
THS_PAS,Thousand passengers,TOTAL,Total transport,HU,Hungary,2005,153508,
THS_PAS,Thousand passengers,TOTAL,Total transport,HU,Hungary,2006,156628,
THS_PAS,Thousand passengers,TOTAL,Total transport,HU,Hungary,2007,149551,
THS_PAS,Thousand passengers,TOTAL,Total transport,HU,Hungary,2008,144900,
THS_PAS,Thousand passengers,TOTAL,Total transport,HU,Hungary,2009,142683,
THS_PAS,Thousand passengers,TOTAL,Total transport,HU,Hungary,2010,140398,
THS_PAS,Thousand passengers,TOTAL,Total transport,HU,Hungary,2011,145561,
THS_PAS,Thousand passengers,TOTAL,Total transport,HU,Hungary,2012,147688,
THS_PAS,Thousand passengers,TOTAL,Total transport,HU,Hungary,2013,148379,
THS_PAS,Thousand passengers,TOTAL,Total transport,HU,Hungary,2014,146010,
THS_PAS,Thousand passengers,TOTAL,Total transport,HU,Hungary,2024,304902,
THS_PAS,Thousand passengers,TOTAL,Total transport,IE,Ireland,2004,34555,
THS_PAS,Thousand passengers,TOTAL,Total transport,IE,Ireland,2005,37655,
THS_PAS,Thousand passengers,TOTAL,Total transport,IE,Ireland,2006,43352,
THS_PAS,Thousand passengers,TOTAL,Total transport,IE,Ireland,2007,45511,
THS_PAS,Thousand passengers,TOTAL,Total transport,IE,Ireland,2008,44647,
THS_PAS,Thousand passengers,TOTAL,Total transport,IE,Ireland,2009,38812,
THS_PAS,Thousand passengers,TOTAL,Total transport,IE,Ireland,2010,38226,
THS_PAS,Thousand passengers,TOTAL,Total transport,IE,Ireland,2011,37375,
THS_PAS,Thousand passengers,TOTAL,Total transport,IE,Ireland,2012,36918,
THS_PAS,Thousand passengers,TOTAL,Total transport,IE,Ireland,2013,37130,
THS_PAS,Thousand passengers,TOTAL,Total transport,IE,Ireland,2014,38517,
THS_PAS,Thousand passengers,TOTAL,Total transport,IE,Ireland,2015,39660,
THS_PAS,Thousand passengers,TOTAL,Total transport,IE,Ireland,2016,42820,
THS_PAS,Thousand passengers,TOTAL,Total transport,IE,Ireland,2017,45505,
THS_PAS,Thousand passengers,TOTAL,Total transport,IE,Ireland,2018,47960,
THS_PAS,Thousand passengers,TOTAL,Total transport,IE,Ireland,2019,50060,
THS_PAS,Thousand passengers,TOTAL,Total transport,IE,Ireland,2020,17930,
THS_PAS,Thousand passengers,TOTAL,Total transport,IE,Ireland,2021,17411,
THS_PAS,Thousand passengers,TOTAL,Total transport,IE,Ireland,2022,35845,
THS_PAS,Thousand passengers,TOTAL,Total transport,IE,Ireland,2023,46066,
THS_PAS,Thousand passengers,TOTAL,Total transport,IE,Ireland,2024,50664,
THS_PAS,Thousand passengers,TOTAL,Total transport,IE,Ireland,2025,55039,
THS_PAS,Thousand passengers,TOTAL,Total transport,IT,Italy,2004,504402,
THS_PAS,Thousand passengers,TOTAL,Total transport,IT,Italy,2005,516768,
THS_PAS,Thousand passengers,TOTAL,Total transport,IT,Italy,2006,540298,
THS_PAS,Thousand passengers,TOTAL,Total transport,IT,Italy,2007,557871,
THS_PAS,Thousand passengers,TOTAL,Total transport,IT,Italy,2008,589005,
THS_PAS,Thousand passengers,TOTAL,Total transport,IT,Italy,2009,586015,
THS_PAS,Thousand passengers,TOTAL,Total transport,IT,Italy,2010,622283,
THS_PAS,Thousand passengers,TOTAL,Total transport,IT,Italy,2011,810046,
THS_PAS,Thousand passengers,TOTAL,Total transport,IT,Italy,2012,815594,
THS_PAS,Thousand passengers,TOTAL,Total transport,IT,Italy,2013,814517,
THS_PAS,Thousand passengers,TOTAL,Total transport,IT,Italy,2014,821722,
THS_PAS,Thousand passengers,TOTAL,Total transport,IT,Italy,2015,829494,
THS_PAS,Thousand passengers,TOTAL,Total transport,IT,Italy,2016,852220,
THS_PAS,Thousand passengers,TOTAL,Total transport,IT,Italy,2017,848757,
THS_PAS,Thousand passengers,TOTAL,Total transport,IT,Italy,2018,866588,
THS_PAS,Thousand passengers,TOTAL,Total transport,IT,Italy,2019,883300,
THS_PAS,Thousand passengers,TOTAL,Total transport,IT,Italy,2020,382374,
THS_PAS,Thousand passengers,TOTAL,Total transport,IT,Italy,2021,483101,
THS_PAS,Thousand passengers,TOTAL,Total transport,IT,Italy,2022,681577,
THS_PAS,Thousand passengers,TOTAL,Total transport,IT,Italy,2023,814441,
THS_PAS,Thousand passengers,TOTAL,Total transport,IT,Italy,2024,842822,
THS_PAS,Thousand passengers,TOTAL,Total transport,LT,Lithuania,2004,6282,
THS_PAS,Thousand passengers,TOTAL,Total transport,LT,Lithuania,2005,6081,
THS_PAS,Thousand passengers,TOTAL,Total transport,LT,Lithuania,2006,5489,
THS_PAS,Thousand passengers,TOTAL,Total transport,LT,Lithuania,2007,4478,
THS_PAS,Thousand passengers,TOTAL,Total transport,LT,Lithuania,2008,4447,
THS_PAS,Thousand passengers,TOTAL,Total transport,LT,Lithuania,2009,3819,
THS_PAS,Thousand passengers,TOTAL,Total transport,LT,Lithuania,2010,3795,
THS_PAS,Thousand passengers,TOTAL,Total transport,LT,Lithuania,2011,4127,
THS_PAS,Thousand passengers,TOTAL,Total transport,LT,Lithuania,2012,4251,
THS_PAS,Thousand passengers,TOTAL,Total transport,LT,Lithuania,2013,4346,
THS_PAS,Thousand passengers,TOTAL,Total transport,LT,Lithuania,2014,4126,
THS_PAS,Thousand passengers,TOTAL,Total transport,LT,Lithuania,2015,3790,
THS_PAS,Thousand passengers,TOTAL,Total transport,LT,Lithuania,2016,3916,
THS_PAS,Thousand passengers,TOTAL,Total transport,LT,Lithuania,2017,4176,
THS_PAS,Thousand passengers,TOTAL,Total transport,LT,Lithuania,2018,4665,
THS_PAS,Thousand passengers,TOTAL,Total transport,LT,Lithuania,2019,4991,
THS_PAS,Thousand passengers,TOTAL,Total transport,LT,Lithuania,2020,3238,
THS_PAS,Thousand passengers,TOTAL,Total transport,LT,Lithuania,2021,3948,
THS_PAS,Thousand passengers,TOTAL,Total transport,LT,Lithuania,2022,4464,
THS_PAS,Thousand passengers,TOTAL,Total transport,LT,Lithuania,2023,4719,
THS_PAS,Thousand passengers,TOTAL,Total transport,LT,Lithuania,2024,5114,
THS_PAS,Thousand passengers,TOTAL,Total transport,LT,Lithuania,2025,5398,
THS_PAS,Thousand passengers,TOTAL,Total transport,LU,Luxembourg,2004,13520,
THS_PAS,Thousand passengers,TOTAL,Total transport,LU,Luxembourg,2005,13937,
THS_PAS,Thousand passengers,TOTAL,Total transport,LU,Luxembourg,2006,14793,
THS_PAS,Thousand passengers,TOTAL,Total transport,LU,Luxembourg,2007,16442,
THS_PAS,Thousand passengers,TOTAL,Total transport,LU,Luxembourg,2008,17676,
THS_PAS,Thousand passengers,TOTAL,Total transport,LU,Luxembourg,2009,17039,
THS_PAS,Thousand passengers,TOTAL,Total transport,LU,Luxembourg,2010,17995,
THS_PAS,Thousand passengers,TOTAL,Total transport,LU,Luxembourg,2011,18200,
THS_PAS,Thousand passengers,TOTAL,Total transport,LU,Luxembourg,2012,19691,
THS_PAS,Thousand passengers,TOTAL,Total transport,LU,Luxembourg,2013,20549,
THS_PAS,Thousand passengers,TOTAL,Total transport,LU,Luxembourg,2014,21503,
THS_PAS,Thousand passengers,TOTAL,Total transport,LU,Luxembourg,2015,22496,
THS_PAS,Thousand passengers,TOTAL,Total transport,LU,Luxembourg,2016,22459,
THS_PAS,Thousand passengers,TOTAL,Total transport,LU,Luxembourg,2017,22930,
THS_PAS,Thousand passengers,TOTAL,Total transport,LU,Luxembourg,2018,23331,
THS_PAS,Thousand passengers,TOTAL,Total transport,LU,Luxembourg,2019,25016,
THS_PAS,Thousand passengers,TOTAL,Total transport,LU,Luxembourg,2020,14527,
THS_PAS,Thousand passengers,TOTAL,Total transport,LU,Luxembourg,2021,16595,
THS_PAS,Thousand passengers,TOTAL,Total transport,LU,Luxembourg,2022,22038,
THS_PAS,Thousand passengers,TOTAL,Total transport,LU,Luxembourg,2023,28688,
THS_PAS,Thousand passengers,TOTAL,Total transport,LU,Luxembourg,2024,31263,
THS_PAS,Thousand passengers,TOTAL,Total transport,LV,Latvia,2004,23825,
THS_PAS,Thousand passengers,TOTAL,Total transport,LV,Latvia,2005,25915,
THS_PAS,Thousand passengers,TOTAL,Total transport,LV,Latvia,2006,27387,
THS_PAS,Thousand passengers,TOTAL,Total transport,LV,Latvia,2007,27380,
THS_PAS,Thousand passengers,TOTAL,Total transport,LV,Latvia,2008,26702,
THS_PAS,Thousand passengers,TOTAL,Total transport,LV,Latvia,2009,21504,
THS_PAS,Thousand passengers,TOTAL,Total transport,LV,Latvia,2010,20804,
THS_PAS,Thousand passengers,TOTAL,Total transport,LV,Latvia,2011,20447,
THS_PAS,Thousand passengers,TOTAL,Total transport,LV,Latvia,2012,19707,
THS_PAS,Thousand passengers,TOTAL,Total transport,LV,Latvia,2013,19730,
THS_PAS,Thousand passengers,TOTAL,Total transport,LV,Latvia,2014,19190,
THS_PAS,Thousand passengers,TOTAL,Total transport,LV,Latvia,2015,17065,
THS_PAS,Thousand passengers,TOTAL,Total transport,LV,Latvia,2016,17228,
THS_PAS,Thousand passengers,TOTAL,Total transport,LV,Latvia,2017,17494,
THS_PAS,Thousand passengers,TOTAL,Total transport,LV,Latvia,2018,18242,
THS_PAS,Thousand passengers,TOTAL,Total transport,LV,Latvia,2019,18623,
THS_PAS,Thousand passengers,TOTAL,Total transport,LV,Latvia,2020,12862,
THS_PAS,Thousand passengers,TOTAL,Total transport,LV,Latvia,2021,11194,
THS_PAS,Thousand passengers,TOTAL,Total transport,LV,Latvia,2022,15694,
THS_PAS,Thousand passengers,TOTAL,Total transport,LV,Latvia,2023,17134,
THS_PAS,Thousand passengers,TOTAL,Total transport,LV,Latvia,2024,19508,
THS_PAS,Thousand passengers,TOTAL,Total transport,LV,Latvia,2025,21399,
THS_PAS,Thousand passengers,TOTAL,Total transport,MK,North Macedonia,2009,1524,
THS_PAS,Thousand passengers,TOTAL,Total transport,MK,North Macedonia,2010,1512,
THS_PAS,Thousand passengers,TOTAL,Total transport,MK,North Macedonia,2011,1421,
THS_PAS,Thousand passengers,TOTAL,Total transport,MK,North Macedonia,2012,1013,
THS_PAS,Thousand passengers,TOTAL,Total transport,MK,North Macedonia,2013,853,
THS_PAS,Thousand passengers,TOTAL,Total transport,MK,North Macedonia,2014,803,
THS_PAS,Thousand passengers,TOTAL,Total transport,MK,North Macedonia,2015,1022,
THS_PAS,Thousand passengers,TOTAL,Total transport,MK,North Macedonia,2016,663,
THS_PAS,Thousand passengers,TOTAL,Total transport,MK,North Macedonia,2017,500,
THS_PAS,Thousand passengers,TOTAL,Total transport,MK,North Macedonia,2018,540,
THS_PAS,Thousand passengers,TOTAL,Total transport,MK,North Macedonia,2019,549,
THS_PAS,Thousand passengers,TOTAL,Total transport,MK,North Macedonia,2020,253,
THS_PAS,Thousand passengers,TOTAL,Total transport,MK,North Macedonia,2021,252,
THS_PAS,Thousand passengers,TOTAL,Total transport,MK,North Macedonia,2022,406,
THS_PAS,Thousand passengers,TOTAL,Total transport,MK,North Macedonia,2023,280,
THS_PAS,Thousand passengers,TOTAL,Total transport,MK,North Macedonia,2024,238,
THS_PAS,Thousand passengers,TOTAL,Total transport,MK,North Macedonia,2025,178,
THS_PAS,Thousand passengers,TOTAL,Total transport,NL,Netherlands,2004,319510,
THS_PAS,Thousand passengers,TOTAL,Total transport,NL,Netherlands,2005,330910,
THS_PAS,Thousand passengers,TOTAL,Total transport,NL,Netherlands,2006,338578,
THS_PAS,Thousand passengers,TOTAL,Total transport,NL,Netherlands,2007,347722,
THS_PAS,Thousand passengers,TOTAL,Total transport,NL,Netherlands,2015,361392,
THS_PAS,Thousand passengers,TOTAL,Total transport,NL,Netherlands,2016,367079,
THS_PAS,Thousand passengers,TOTAL,Total transport,NL,Netherlands,2017,390568,
THS_PAS,Thousand passengers,TOTAL,Total transport,NL,Netherlands,2018,389776,
THS_PAS,Thousand passengers,TOTAL,Total transport,NL,Netherlands,2019,388984,
THS_PAS,Thousand passengers,TOTAL,Total transport,NL,Netherlands,2020,181541,
THS_PAS,Thousand passengers,TOTAL,Total transport,NL,Netherlands,2021,207165,
THS_PAS,Thousand passengers,TOTAL,Total transport,NL,Netherlands,2022,318943,
THS_PAS,Thousand passengers,TOTAL,Total transport,NL,Netherlands,2023,358458,
THS_PAS,Thousand passengers,TOTAL,Total transport,NL,Netherlands,2024,382687,b
THS_PAS,Thousand passengers,TOTAL,Total transport,NL,Netherlands,2025,388675,
THS_PAS,Thousand passengers,TOTAL,Total transport,NO,Norway,2004,50650,
THS_PAS,Thousand passengers,TOTAL,Total transport,NO,Norway,2005,51982,
THS_PAS,Thousand passengers,TOTAL,Total transport,NO,Norway,2006,54066,
THS_PAS,Thousand passengers,TOTAL,Total transport,NO,Norway,2007,54769,
THS_PAS,Thousand passengers,TOTAL,Total transport,NO,Norway,2008,57007,
THS_PAS,Thousand passengers,TOTAL,Total transport,NO,Norway,2009,55886,
THS_PAS,Thousand passengers,TOTAL,Total transport,NO,Norway,2010,57233,
THS_PAS,Thousand passengers,TOTAL,Total transport,NO,Norway,2011,59384,
THS_PAS,Thousand passengers,TOTAL,Total transport,NO,Norway,2012,62689,
THS_PAS,Thousand passengers,TOTAL,Total transport,NO,Norway,2013,67251,
THS_PAS,Thousand passengers,TOTAL,Total transport,NO,Norway,2014,70341,
THS_PAS,Thousand passengers,TOTAL,Total transport,NO,Norway,2015,73836,
THS_PAS,Thousand passengers,TOTAL,Total transport,NO,Norway,2016,74293,
THS_PAS,Thousand passengers,TOTAL,Total transport,NO,Norway,2017,73561,
THS_PAS,Thousand passengers,TOTAL,Total transport,NO,Norway,2018,77740,
THS_PAS,Thousand passengers,TOTAL,Total transport,NO,Norway,2019,80402,
THS_PAS,Thousand passengers,TOTAL,Total transport,NO,Norway,2020,42599,
THS_PAS,Thousand passengers,TOTAL,Total transport,NO,Norway,2021,41401,
THS_PAS,Thousand passengers,TOTAL,Total transport,NO,Norway,2022,66695,
THS_PAS,Thousand passengers,TOTAL,Total transport,NO,Norway,2023,78220,
THS_PAS,Thousand passengers,TOTAL,Total transport,NO,Norway,2024,81933,
THS_PAS,Thousand passengers,TOTAL,Total transport,NO,Norway,2025,84144,
THS_PAS,Thousand passengers,TOTAL,Total transport,PL,Poland,2004,265677,
THS_PAS,Thousand passengers,TOTAL,Total transport,PL,Poland,2005,251383,
THS_PAS,Thousand passengers,TOTAL,Total transport,PL,Poland,2006,254777,
THS_PAS,Thousand passengers,TOTAL,Total transport,PL,Poland,2007,265995,
THS_PAS,Thousand passengers,TOTAL,Total transport,PL,Poland,2008,272859,
THS_PAS,Thousand passengers,TOTAL,Total transport,PL,Poland,2009,264177,
THS_PAS,Thousand passengers,TOTAL,Total transport,PL,Poland,2010,241976,
THS_PAS,Thousand passengers,TOTAL,Total transport,PL,Poland,2011,239054,
THS_PAS,Thousand passengers,TOTAL,Total transport,PL,Poland,2012,249345,
THS_PAS,Thousand passengers,TOTAL,Total transport,PL,Poland,2013,257461,
THS_PAS,Thousand passengers,TOTAL,Total transport,PL,Poland,2014,251887,
THS_PAS,Thousand passengers,TOTAL,Total transport,PL,Poland,2015,264322,
THS_PAS,Thousand passengers,TOTAL,Total transport,PL,Poland,2016,275445,
THS_PAS,Thousand passengers,TOTAL,Total transport,PL,Poland,2017,293048,
THS_PAS,Thousand passengers,TOTAL,Total transport,PL,Poland,2018,299053,
THS_PAS,Thousand passengers,TOTAL,Total transport,PL,Poland,2019,324129,
THS_PAS,Thousand passengers,TOTAL,Total transport,PL,Poland,2020,202519,
THS_PAS,Thousand passengers,TOTAL,Total transport,PL,Poland,2021,238425,
THS_PAS,Thousand passengers,TOTAL,Total transport,PL,Poland,2022,333176,
THS_PAS,Thousand passengers,TOTAL,Total transport,PL,Poland,2023,364676,
THS_PAS,Thousand passengers,TOTAL,Total transport,PL,Poland,2024,398524,
THS_PAS,Thousand passengers,TOTAL,Total transport,PT,Portugal,2004,152568,
THS_PAS,Thousand passengers,TOTAL,Total transport,PT,Portugal,2005,151384,
THS_PAS,Thousand passengers,TOTAL,Total transport,PT,Portugal,2006,150365,
THS_PAS,Thousand passengers,TOTAL,Total transport,PT,Portugal,2007,156712,
THS_PAS,Thousand passengers,TOTAL,Total transport,PT,Portugal,2008,158455,
THS_PAS,Thousand passengers,TOTAL,Total transport,PT,Portugal,2009,153794,
THS_PAS,Thousand passengers,TOTAL,Total transport,PT,Portugal,2010,152997,
THS_PAS,Thousand passengers,TOTAL,Total transport,PT,Portugal,2011,149189,
THS_PAS,Thousand passengers,TOTAL,Total transport,PT,Portugal,2012,132212,
THS_PAS,Thousand passengers,TOTAL,Total transport,PT,Portugal,2013,126079,
THS_PAS,Thousand passengers,TOTAL,Total transport,PT,Portugal,2014,128295,
THS_PAS,Thousand passengers,TOTAL,Total transport,PT,Portugal,2015,130421,
THS_PAS,Thousand passengers,TOTAL,Total transport,PT,Portugal,2016,133472,
THS_PAS,Thousand passengers,TOTAL,Total transport,PT,Portugal,2017,142127,
THS_PAS,Thousand passengers,TOTAL,Total transport,PT,Portugal,2018,147581,
THS_PAS,Thousand passengers,TOTAL,Total transport,PT,Portugal,2019,175511,
THS_PAS,Thousand passengers,TOTAL,Total transport,PT,Portugal,2020,102247,
THS_PAS,Thousand passengers,TOTAL,Total transport,PT,Portugal,2021,120702,
THS_PAS,Thousand passengers,TOTAL,Total transport,PT,Portugal,2022,171653,
THS_PAS,Thousand passengers,TOTAL,Total transport,PT,Portugal,2023,200459,
THS_PAS,Thousand passengers,TOTAL,Total transport,PT,Portugal,2024,218886,
THS_PAS,Thousand passengers,TOTAL,Total transport,RO,Romania,2004,98674,
THS_PAS,Thousand passengers,TOTAL,Total transport,RO,Romania,2005,91506,
THS_PAS,Thousand passengers,TOTAL,Total transport,RO,Romania,2006,93246,
THS_PAS,Thousand passengers,TOTAL,Total transport,RO,Romania,2007,85753,
THS_PAS,Thousand passengers,TOTAL,Total transport,RO,Romania,2008,75343,
THS_PAS,Thousand passengers,TOTAL,Total transport,RO,Romania,2009,65538,
THS_PAS,Thousand passengers,TOTAL,Total transport,RO,Romania,2010,57670,
THS_PAS,Thousand passengers,TOTAL,Total transport,RO,Romania,2011,60155,
THS_PAS,Thousand passengers,TOTAL,Total transport,RO,Romania,2012,56418,
THS_PAS,Thousand passengers,TOTAL,Total transport,RO,Romania,2013,56422,
THS_PAS,Thousand passengers,TOTAL,Total transport,RO,Romania,2014,64751,
THS_PAS,Thousand passengers,TOTAL,Total transport,RO,Romania,2015,61218,
THS_PAS,Thousand passengers,TOTAL,Total transport,RO,Romania,2016,58859,
THS_PAS,Thousand passengers,TOTAL,Total transport,RO,Romania,2017,67330,
THS_PAS,Thousand passengers,TOTAL,Total transport,RO,Romania,2018,64715,
THS_PAS,Thousand passengers,TOTAL,Total transport,RO,Romania,2019,67911,
THS_PAS,Thousand passengers,TOTAL,Total transport,RO,Romania,2020,49087,
THS_PAS,Thousand passengers,TOTAL,Total transport,RO,Romania,2021,52559,
THS_PAS,Thousand passengers,TOTAL,Total transport,RO,Romania,2022,69316,
THS_PAS,Thousand passengers,TOTAL,Total transport,RO,Romania,2023,73196,
THS_PAS,Thousand passengers,TOTAL,Total transport,RO,Romania,2024,69636,
THS_PAS,Thousand passengers,TOTAL,Total transport,RO,Romania,2025,63256,
THS_PAS,Thousand passengers,TOTAL,Total transport,SE,Sweden,2004,146615,
THS_PAS,Thousand passengers,TOTAL,Total transport,SE,Sweden,2005,150058,
THS_PAS,Thousand passengers,TOTAL,Total transport,SE,Sweden,2006,159067,
THS_PAS,Thousand passengers,TOTAL,Total transport,SE,Sweden,2007,169061,
THS_PAS,Thousand passengers,TOTAL,Total transport,SE,Sweden,2008,178929,
THS_PAS,Thousand passengers,TOTAL,Total transport,SE,Sweden,2009,179095,
THS_PAS,Thousand passengers,TOTAL,Total transport,SE,Sweden,2010,179343,
THS_PAS,Thousand passengers,TOTAL,Total transport,SE,Sweden,2011,187055,
THS_PAS,Thousand passengers,TOTAL,Total transport,SE,Sweden,2012,193163,
THS_PAS,Thousand passengers,TOTAL,Total transport,SE,Sweden,2013,200706,
THS_PAS,Thousand passengers,TOTAL,Total transport,SE,Sweden,2014,207280,
THS_PAS,Thousand passengers,TOTAL,Total transport,SE,Sweden,2015,214434,
THS_PAS,Thousand passengers,TOTAL,Total transport,SE,Sweden,2016,220945,
THS_PAS,Thousand passengers,TOTAL,Total transport,SE,Sweden,2017,229817,
THS_PAS,Thousand passengers,TOTAL,Total transport,SE,Sweden,2018,246490,
THS_PAS,Thousand passengers,TOTAL,Total transport,SE,Sweden,2019,264603,
THS_PAS,Thousand passengers,TOTAL,Total transport,SE,Sweden,2020,169163,
THS_PAS,Thousand passengers,TOTAL,Total transport,SE,Sweden,2021,164490,
THS_PAS,Thousand passengers,TOTAL,Total transport,SE,Sweden,2022,243972,
THS_PAS,Thousand passengers,TOTAL,Total transport,SE,Sweden,2023,243442,
THS_PAS,Thousand passengers,TOTAL,Total transport,SE,Sweden,2024,252371,
THS_PAS,Thousand passengers,TOTAL,Total transport,SE,Sweden,2025,243308,
THS_PAS,Thousand passengers,TOTAL,Total transport,SI,Slovenia,2004,14455,
THS_PAS,Thousand passengers,TOTAL,Total transport,SI,Slovenia,2005,15402,
THS_PAS,Thousand passengers,TOTAL,Total transport,SI,Slovenia,2006,15750,
THS_PAS,Thousand passengers,TOTAL,Total transport,SI,Slovenia,2007,15716,
THS_PAS,Thousand passengers,TOTAL,Total transport,SI,Slovenia,2008,16257,
THS_PAS,Thousand passengers,TOTAL,Total transport,SI,Slovenia,2009,15971,
THS_PAS,Thousand passengers,TOTAL,Total transport,SI,Slovenia,2010,15782,
THS_PAS,Thousand passengers,TOTAL,Total transport,SI,Slovenia,2011,15317,
THS_PAS,Thousand passengers,TOTAL,Total transport,SI,Slovenia,2012,15086,
THS_PAS,Thousand passengers,TOTAL,Total transport,SI,Slovenia,2013,15995,
THS_PAS,Thousand passengers,TOTAL,Total transport,SI,Slovenia,2014,14435,
THS_PAS,Thousand passengers,TOTAL,Total transport,SI,Slovenia,2015,14135,
THS_PAS,Thousand passengers,TOTAL,Total transport,SI,Slovenia,2016,13650,
THS_PAS,Thousand passengers,TOTAL,Total transport,SI,Slovenia,2017,13002,
THS_PAS,Thousand passengers,TOTAL,Total transport,SI,Slovenia,2018,13105,
THS_PAS,Thousand passengers,TOTAL,Total transport,SI,Slovenia,2019,13259,
THS_PAS,Thousand passengers,TOTAL,Total transport,SI,Slovenia,2020,7924,
THS_PAS,Thousand passengers,TOTAL,Total transport,SI,Slovenia,2021,11663,
THS_PAS,Thousand passengers,TOTAL,Total transport,SI,Slovenia,2022,13909,
THS_PAS,Thousand passengers,TOTAL,Total transport,SI,Slovenia,2023,14483,
THS_PAS,Thousand passengers,TOTAL,Total transport,SI,Slovenia,2024,15704,
THS_PAS,Thousand passengers,TOTAL,Total transport,SI,Slovenia,2025,19865,
THS_PAS,Thousand passengers,TOTAL,Total transport,SK,Slovakia,2004,50268,
THS_PAS,Thousand passengers,TOTAL,Total transport,SK,Slovakia,2005,50458,
THS_PAS,Thousand passengers,TOTAL,Total transport,SK,Slovakia,2006,48438,
THS_PAS,Thousand passengers,TOTAL,Total transport,SK,Slovakia,2007,46984,
THS_PAS,Thousand passengers,TOTAL,Total transport,SK,Slovakia,2008,48655,
THS_PAS,Thousand passengers,TOTAL,Total transport,SK,Slovakia,2009,46597,
THS_PAS,Thousand passengers,TOTAL,Total transport,SK,Slovakia,2010,46509,
THS_PAS,Thousand passengers,TOTAL,Total transport,SK,Slovakia,2011,47453,
THS_PAS,Thousand passengers,TOTAL,Total transport,SK,Slovakia,2012,44609,
THS_PAS,Thousand passengers,TOTAL,Total transport,SK,Slovakia,2013,45946,
THS_PAS,Thousand passengers,TOTAL,Total transport,SK,Slovakia,2014,49098,
THS_PAS,Thousand passengers,TOTAL,Total transport,SK,Slovakia,2015,60292,
THS_PAS,Thousand passengers,TOTAL,Total transport,SK,Slovakia,2016,69150,
THS_PAS,Thousand passengers,TOTAL,Total transport,SK,Slovakia,2017,74916,
THS_PAS,Thousand passengers,TOTAL,Total transport,SK,Slovakia,2018,77265,
THS_PAS,Thousand passengers,TOTAL,Total transport,SK,Slovakia,2019,80671,
THS_PAS,Thousand passengers,TOTAL,Total transport,SK,Slovakia,2020,49421,
THS_PAS,Thousand passengers,TOTAL,Total transport,SK,Slovakia,2021,45858,
THS_PAS,Thousand passengers,TOTAL,Total transport,SK,Slovakia,2022,66705,
THS_PAS,Thousand passengers,TOTAL,Total transport,SK,Slovakia,2023,71689,
THS_PAS,Thousand passengers,TOTAL,Total transport,SK,Slovakia,2024,72056,
THS_PAS,Thousand passengers,TOTAL,Total transport,SK,Slovakia,2025,74238,
THS_PAS,Thousand passengers,TOTAL,Total transport,TR,Türkiye,2004,76756,
THS_PAS,Thousand passengers,TOTAL,Total transport,TR,Türkiye,2005,76306,
THS_PAS,Thousand passengers,TOTAL,Total transport,TR,Türkiye,2006,77414,
THS_PAS,Thousand passengers,TOTAL,Total transport,TR,Türkiye,2007,81260,
THS_PAS,Thousand passengers,TOTAL,Total transport,TR,Türkiye,2008,79187,
THS_PAS,Thousand passengers,TOTAL,Total transport,TR,Türkiye,2009,80093,
THS_PAS,Thousand passengers,TOTAL,Total transport,TR,Türkiye,2010,84174,
THS_PAS,Thousand passengers,TOTAL,Total transport,TR,Türkiye,2011,26371,
THS_PAS,Thousand passengers,TOTAL,Total transport,TR,Türkiye,2012,19871,
THS_PAS,Thousand passengers,TOTAL,Total transport,TR,Türkiye,2013,20989,
THS_PAS,Thousand passengers,TOTAL,Total transport,TR,Türkiye,2014,23003,
THS_PAS,Thousand passengers,TOTAL,Total transport,TR,Türkiye,2015,23278,
THS_PAS,Thousand passengers,TOTAL,Total transport,TR,Türkiye,2016,20960,
THS_PAS,Thousand passengers,TOTAL,Total transport,TR,Türkiye,2017,22563,
THS_PAS,Thousand passengers,TOTAL,Total transport,TR,Türkiye,2018,24289,
THS_PAS,Thousand passengers,TOTAL,Total transport,TR,Türkiye,2019,26204,
THS_PAS,Thousand passengers,TOTAL,Total transport,TR,Türkiye,2020,6446,
THS_PAS,Thousand passengers,TOTAL,Total transport,TR,Türkiye,2021,10020,
THS_PAS,Thousand passengers,TOTAL,Total transport,TR,Türkiye,2022,27031,
THS_PAS,Thousand passengers,TOTAL,Total transport,TR,Türkiye,2023,25610,
THS_PAS,Thousand passengers,TOTAL,Total transport,TR,Türkiye,2024,24021,
THS_PAS,Thousand passengers,TOTAL,Total transport,UK,United Kingdom,2004,1069673,
THS_PAS,Thousand passengers,TOTAL,Total transport,UK,United Kingdom,2005,1103610,
THS_PAS,Thousand passengers,TOTAL,Total transport,UK,United Kingdom,2006,1156726,
THS_PAS,Thousand passengers,TOTAL,Total transport,UK,United Kingdom,2007,1238186,
THS_PAS,Thousand passengers,TOTAL,Total transport,UK,United Kingdom,2008,1304120,
THS_PAS,Thousand passengers,TOTAL,Total transport,UK,United Kingdom,2009,1270934,
THS_PAS,Thousand passengers,TOTAL,Total transport,UK,United Kingdom,2010,1365918,
THS_PAS,Thousand passengers,TOTAL,Total transport,UK,United Kingdom,2011,1463068,
THS_PAS,Thousand passengers,TOTAL,Total transport,UK,United Kingdom,2012,1543261,
THS_PAS,Thousand passengers,TOTAL,Total transport,UK,United Kingdom,2013,1599484,
THS_PAS,Thousand passengers,TOTAL,Total transport,UK,United Kingdom,2014,1679746,
THS_PAS,Thousand passengers,TOTAL,Total transport,UK,United Kingdom,2015,1741562,
THS_PAS,Thousand passengers,TOTAL,Total transport,UK,United Kingdom,2016,1772563,
THS_PAS,Thousand passengers,TOTAL,Total transport,UK,United Kingdom,2017,1757359,
THS_PAS,Thousand passengers,TOTAL,Total transport,UK,United Kingdom,2018,1783232,
THS_PAS,Thousand passengers,TOTAL,Total transport,UK,United Kingdom,2019,1836886,
