tra_infr,tra_infr_label,geo,geo_label,period,value,flag
RT_ELC,Electrified railway tracks,AL,Albania,1990,0,
RT_ELC,Electrified railway tracks,AL,Albania,1991,1,
RT_ELC,Electrified railway tracks,AL,Albania,1992,2,
RT_ELC,Electrified railway tracks,AL,Albania,1993,0,
RT_ELC,Electrified railway tracks,AL,Albania,1994,0,
RT_ELC,Electrified railway tracks,AL,Albania,1995,0,
RT_ELC,Electrified railway tracks,AL,Albania,1998,0,
RT_ELC,Electrified railway tracks,AL,Albania,1999,0,
RT_ELC,Electrified railway tracks,AL,Albania,2000,0,
RT_ELC,Electrified railway tracks,AL,Albania,2001,0,
RT_ELC,Electrified railway tracks,AL,Albania,2002,0,
RT_ELC,Electrified railway tracks,AL,Albania,2003,0,
RT_ELC,Electrified railway tracks,AL,Albania,2004,0,
RT_ELC,Electrified railway tracks,AL,Albania,2005,0,
RT_ELC,Electrified railway tracks,AL,Albania,2006,0,
RT_ELC,Electrified railway tracks,AL,Albania,2007,0,
RT_ELC,Electrified railway tracks,AL,Albania,2008,0,
RT_ELC,Electrified railway tracks,AL,Albania,2009,0,
RT_ELC,Electrified railway tracks,AL,Albania,2010,0,
RT_ELC,Electrified railway tracks,AL,Albania,2011,0,
RT_ELC,Electrified railway tracks,AL,Albania,2012,0,
RT_ELC,Electrified railway tracks,AL,Albania,2013,0,
RT_ELC,Electrified railway tracks,AL,Albania,2014,0,
RT_ELC,Electrified railway tracks,AL,Albania,2015,0,
RT_ELC,Electrified railway tracks,AL,Albania,2016,0,
RT_ELC,Electrified railway tracks,AL,Albania,2017,0,
RT_ELC,Electrified railway tracks,AL,Albania,2018,0,
RT_ELC,Electrified railway tracks,AL,Albania,2019,0,
RT_ELC,Electrified railway tracks,AL,Albania,2020,0,
RT_ELC,Electrified railway tracks,AL,Albania,2021,0,
RT_ELC,Electrified railway tracks,AL,Albania,2022,0,
RT_ELC,Electrified railway tracks,AL,Albania,2023,0,
RT_ELC,Electrified railway tracks,AL,Albania,2024,0,
RT_ELC,Electrified railway tracks,AT,Austria,2002,7241,i
RT_ELC,Electrified railway tracks,AT,Austria,2003,7220,i
RT_ELC,Electrified railway tracks,AT,Austria,2004,7419,i
RT_ELC,Electrified railway tracks,AT,Austria,2005,7113,i
RT_ELC,Electrified railway tracks,AT,Austria,2006,7263,i
RT_ELC,Electrified railway tracks,AT,Austria,2009,7612,i
RT_ELC,Electrified railway tracks,AT,Austria,2010,7918,i
RT_ELC,Electrified railway tracks,AT,Austria,2011,7915,i
RT_ELC,Electrified railway tracks,AT,Austria,2012,8036,i
RT_ELC,Electrified railway tracks,AT,Austria,2013,8041,i
RT_ELC,Electrified railway tracks,AT,Austria,2014,8048,i
RT_ELC,Electrified railway tracks,AT,Austria,2015,8066,i
RT_ELC,Electrified railway tracks,AT,Austria,2016,8087,i
RT_ELC,Electrified railway tracks,AT,Austria,2017,8107,i
RT_ELC,Electrified railway tracks,AT,Austria,2018,7756,i
RT_ELC,Electrified railway tracks,AT,Austria,2019,7773,
RT_ELC,Electrified railway tracks,AT,Austria,2020,7773,
RT_ELC,Electrified railway tracks,BA,Bosnia and Herzegovina,2000,803,i
RT_ELC,Electrified railway tracks,BA,Bosnia and Herzegovina,2001,803,i
RT_ELC,Electrified railway tracks,BA,Bosnia and Herzegovina,2002,803,i
RT_ELC,Electrified railway tracks,BA,Bosnia and Herzegovina,2003,803,i
RT_ELC,Electrified railway tracks,BA,Bosnia and Herzegovina,2004,771,i
RT_ELC,Electrified railway tracks,BA,Bosnia and Herzegovina,2005,771,i
RT_ELC,Electrified railway tracks,BA,Bosnia and Herzegovina,2006,771,i
RT_ELC,Electrified railway tracks,BA,Bosnia and Herzegovina,2007,771,i
RT_ELC,Electrified railway tracks,BA,Bosnia and Herzegovina,2008,771,i
RT_ELC,Electrified railway tracks,BA,Bosnia and Herzegovina,2009,771,i
RT_ELC,Electrified railway tracks,BA,Bosnia and Herzegovina,2010,905,i
RT_ELC,Electrified railway tracks,BA,Bosnia and Herzegovina,2011,906,i
RT_ELC,Electrified railway tracks,BA,Bosnia and Herzegovina,2012,906,i
RT_ELC,Electrified railway tracks,BA,Bosnia and Herzegovina,2013,1091,
RT_ELC,Electrified railway tracks,BA,Bosnia and Herzegovina,2014,1091,
RT_ELC,Electrified railway tracks,BA,Bosnia and Herzegovina,2015,1091,
RT_ELC,Electrified railway tracks,BA,Bosnia and Herzegovina,2016,1025,
RT_ELC,Electrified railway tracks,BA,Bosnia and Herzegovina,2017,1058,
RT_ELC,Electrified railway tracks,BA,Bosnia and Herzegovina,2018,1058,
RT_ELC,Electrified railway tracks,BA,Bosnia and Herzegovina,2019,1058,
RT_ELC,Electrified railway tracks,BA,Bosnia and Herzegovina,2020,1058,
RT_ELC,Electrified railway tracks,BA,Bosnia and Herzegovina,2021,1058,
RT_ELC,Electrified railway tracks,BA,Bosnia and Herzegovina,2022,1058,
RT_ELC,Electrified railway tracks,BA,Bosnia and Herzegovina,2023,1066,
RT_ELC,Electrified railway tracks,BA,Bosnia and Herzegovina,2024,1066,
RT_ELC,Electrified railway tracks,BE,Belgium,1993,4606,
RT_ELC,Electrified railway tracks,BE,Belgium,1994,4606,
RT_ELC,Electrified railway tracks,BE,Belgium,1995,4624,
RT_ELC,Electrified railway tracks,BE,Belgium,1996,4789,
RT_ELC,Electrified railway tracks,BE,Belgium,1997,4855,
RT_ELC,Electrified railway tracks,BE,Belgium,1998,4740,
RT_ELC,Electrified railway tracks,BE,Belgium,1999,4791,
RT_ELC,Electrified railway tracks,BE,Belgium,2000,4987,
RT_ELC,Electrified railway tracks,BE,Belgium,2001,5023,
RT_ELC,Electrified railway tracks,BE,Belgium,2002,5152,
RT_ELC,Electrified railway tracks,BE,Belgium,2003,5161,
RT_ELC,Electrified railway tracks,BE,Belgium,2004,5483,
RT_ELC,Electrified railway tracks,BE,Belgium,2005,5444,
RT_ELC,Electrified railway tracks,BE,Belgium,2006,5462,
RT_ELC,Electrified railway tracks,BE,Belgium,2007,5454,
RT_ELC,Electrified railway tracks,BE,Belgium,2008,5601,
RT_ELC,Electrified railway tracks,BE,Belgium,2009,5661,
RT_ELC,Electrified railway tracks,BE,Belgium,2024,5763,i
RT_ELC,Electrified railway tracks,BG,Bulgaria,1990,3754,
RT_ELC,Electrified railway tracks,BG,Bulgaria,1991,3754,
RT_ELC,Electrified railway tracks,BG,Bulgaria,1992,3762,
RT_ELC,Electrified railway tracks,BG,Bulgaria,1993,3759,
RT_ELC,Electrified railway tracks,BG,Bulgaria,1994,3714,
RT_ELC,Electrified railway tracks,BG,Bulgaria,1995,3727,
RT_ELC,Electrified railway tracks,BG,Bulgaria,1996,3796,
RT_ELC,Electrified railway tracks,BG,Bulgaria,1997,3845,
RT_ELC,Electrified railway tracks,BG,Bulgaria,1998,3842,
RT_ELC,Electrified railway tracks,BG,Bulgaria,1999,3839,
RT_ELC,Electrified railway tracks,BG,Bulgaria,2000,3867,
RT_ELC,Electrified railway tracks,BG,Bulgaria,2001,3928.5,
RT_ELC,Electrified railway tracks,BG,Bulgaria,2002,3920.2,
RT_ELC,Electrified railway tracks,BG,Bulgaria,2003,3912.9,
RT_ELC,Electrified railway tracks,BG,Bulgaria,2004,3894.3,
RT_ELC,Electrified railway tracks,BG,Bulgaria,2005,3910,
RT_ELC,Electrified railway tracks,BG,Bulgaria,2006,3942,
RT_ELC,Electrified railway tracks,BG,Bulgaria,2007,3880,
RT_ELC,Electrified railway tracks,BG,Bulgaria,2008,3866,
RT_ELC,Electrified railway tracks,BG,Bulgaria,2009,3847,
RT_ELC,Electrified railway tracks,BG,Bulgaria,2010,3795,
RT_ELC,Electrified railway tracks,BG,Bulgaria,2011,3813,
RT_ELC,Electrified railway tracks,BG,Bulgaria,2012,3812,
RT_ELC,Electrified railway tracks,CZ,Czechia,1993,6723,
RT_ELC,Electrified railway tracks,CZ,Czechia,1994,6547,
RT_ELC,Electrified railway tracks,CZ,Czechia,1995,6547,
RT_ELC,Electrified railway tracks,CZ,Czechia,1996,6651,
RT_ELC,Electrified railway tracks,CZ,Czechia,1997,6733,
RT_ELC,Electrified railway tracks,CZ,Czechia,1998,6733,
RT_ELC,Electrified railway tracks,CZ,Czechia,1999,6760,
RT_ELC,Electrified railway tracks,CZ,Czechia,2000,6082,
RT_ELC,Electrified railway tracks,CZ,Czechia,2001,6253,
RT_ELC,Electrified railway tracks,CZ,Czechia,2002,6526,
RT_ELC,Electrified railway tracks,CZ,Czechia,2003,6473,
RT_ELC,Electrified railway tracks,CZ,Czechia,2004,6462,
RT_ELC,Electrified railway tracks,CZ,Czechia,2005,6426,
RT_ELC,Electrified railway tracks,CZ,Czechia,2006,6589,
RT_ELC,Electrified railway tracks,CZ,Czechia,2007,6602,
RT_ELC,Electrified railway tracks,CZ,Czechia,2008,6645,
RT_ELC,Electrified railway tracks,CZ,Czechia,2009,6703,
RT_ELC,Electrified railway tracks,CZ,Czechia,2010,6815,
RT_ELC,Electrified railway tracks,CZ,Czechia,2011,6895,
RT_ELC,Electrified railway tracks,CZ,Czechia,2012,6903,
RT_ELC,Electrified railway tracks,CZ,Czechia,2013,6926,
RT_ELC,Electrified railway tracks,CZ,Czechia,2014,6915,
RT_ELC,Electrified railway tracks,CZ,Czechia,2015,6939,
RT_ELC,Electrified railway tracks,CZ,Czechia,2016,6939,
RT_ELC,Electrified railway tracks,CZ,Czechia,2017,6955,
RT_ELC,Electrified railway tracks,CZ,Czechia,2018,6908,
RT_ELC,Electrified railway tracks,CZ,Czechia,2019,6932,
RT_ELC,Electrified railway tracks,CZ,Czechia,2020,6917,
RT_ELC,Electrified railway tracks,CZ,Czechia,2021,6897,
RT_ELC,Electrified railway tracks,CZ,Czechia,2022,6922,
RT_ELC,Electrified railway tracks,CZ,Czechia,2023,6967,
RT_ELC,Electrified railway tracks,CZ,Czechia,2024,6967,
RT_ELC,Electrified railway tracks,DE,Germany,1991,42142,
RT_ELC,Electrified railway tracks,DE,Germany,1992,42189,
RT_ELC,Electrified railway tracks,DE,Germany,1993,42562,
RT_ELC,Electrified railway tracks,DE,Germany,1995,43494,
RT_ELC,Electrified railway tracks,DE,Germany,1996,43494,
RT_ELC,Electrified railway tracks,DE,Germany,1997,44117,
RT_ELC,Electrified railway tracks,DE,Germany,1998,45754,
RT_ELC,Electrified railway tracks,DE,Germany,1999,45300,
RT_ELC,Electrified railway tracks,DE,Germany,2000,44308.67,
RT_ELC,Electrified railway tracks,DE,Germany,2001,45725.4,
RT_ELC,Electrified railway tracks,DE,Germany,2002,45042,
RT_ELC,Electrified railway tracks,DE,Germany,2003,42675,b
RT_ELC,Electrified railway tracks,DE,Germany,2004,43351,
RT_ELC,Electrified railway tracks,DE,Germany,2005,43123,
RT_ELC,Electrified railway tracks,DE,Germany,2006,43123,
RT_ELC,Electrified railway tracks,DE,Germany,2007,43123,
RT_ELC,Electrified railway tracks,DE,Germany,2008,43123,
RT_ELC,Electrified railway tracks,DE,Germany,2009,43123,
RT_ELC,Electrified railway tracks,DE,Germany,2010,43318,i
RT_ELC,Electrified railway tracks,DE,Germany,2011,41681,i
RT_ELC,Electrified railway tracks,DE,Germany,2012,41702,i
RT_ELC,Electrified railway tracks,DE,Germany,2013,41423.245,i
RT_ELC,Electrified railway tracks,DE,Germany,2014,42130.245,i
RT_ELC,Electrified railway tracks,DE,Germany,2015,41927.436,i
RT_ELC,Electrified railway tracks,DE,Germany,2016,42113.513,i
RT_ELC,Electrified railway tracks,DE,Germany,2017,42348.641,i
RT_ELC,Electrified railway tracks,DE,Germany,2018,42527.45,i
RT_ELC,Electrified railway tracks,DE,Germany,2019,42644.18,i
RT_ELC,Electrified railway tracks,DE,Germany,2020,42819.751,
RT_ELC,Electrified railway tracks,DE,Germany,2021,43355.25,i
RT_ELC,Electrified railway tracks,DK,Denmark,1992,730,
RT_ELC,Electrified railway tracks,DK,Denmark,1993,740,
RT_ELC,Electrified railway tracks,DK,Denmark,1994,740,
RT_ELC,Electrified railway tracks,DK,Denmark,1997,584,
RT_ELC,Electrified railway tracks,DK,Denmark,1998,617,
RT_ELC,Electrified railway tracks,DK,Denmark,1999,612,
RT_ELC,Electrified railway tracks,DK,Denmark,2000,624,
RT_ELC,Electrified railway tracks,EE,Estonia,1992,264.4,
RT_ELC,Electrified railway tracks,EE,Estonia,1993,264.4,
RT_ELC,Electrified railway tracks,EE,Estonia,1994,264.4,
RT_ELC,Electrified railway tracks,EE,Estonia,1995,264.4,
RT_ELC,Electrified railway tracks,EE,Estonia,1996,264.4,
RT_ELC,Electrified railway tracks,EE,Estonia,1997,264.4,
RT_ELC,Electrified railway tracks,EE,Estonia,1998,264.4,
RT_ELC,Electrified railway tracks,EE,Estonia,1999,264.2,
RT_ELC,Electrified railway tracks,EE,Estonia,2000,264.2,
RT_ELC,Electrified railway tracks,EE,Estonia,2001,264.2,
RT_ELC,Electrified railway tracks,EE,Estonia,2002,263,
RT_ELC,Electrified railway tracks,EE,Estonia,2003,263,
RT_ELC,Electrified railway tracks,EE,Estonia,2004,131,
RT_ELC,Electrified railway tracks,EE,Estonia,2005,131,
RT_ELC,Electrified railway tracks,EE,Estonia,2006,131,
RT_ELC,Electrified railway tracks,EE,Estonia,2007,132,
RT_ELC,Electrified railway tracks,EE,Estonia,2008,130,
RT_ELC,Electrified railway tracks,EE,Estonia,2009,130,
RT_ELC,Electrified railway tracks,EE,Estonia,2010,132,
RT_ELC,Electrified railway tracks,EE,Estonia,2011,132,
RT_ELC,Electrified railway tracks,EE,Estonia,2012,132,
RT_ELC,Electrified railway tracks,EE,Estonia,2013,132,
RT_ELC,Electrified railway tracks,EE,Estonia,2014,132,
RT_ELC,Electrified railway tracks,EE,Estonia,2015,132,
RT_ELC,Electrified railway tracks,EE,Estonia,2016,132,
RT_ELC,Electrified railway tracks,EE,Estonia,2017,132,
RT_ELC,Electrified railway tracks,EE,Estonia,2018,132,
RT_ELC,Electrified railway tracks,EE,Estonia,2019,138,
RT_ELC,Electrified railway tracks,EE,Estonia,2020,138,
RT_ELC,Electrified railway tracks,EE,Estonia,2021,225,
RT_ELC,Electrified railway tracks,EE,Estonia,2022,233,
RT_ELC,Electrified railway tracks,EE,Estonia,2023,233,
RT_ELC,Electrified railway tracks,EE,Estonia,2024,233,
RT_ELC,Electrified railway tracks,EL,Greece,1990,0,i
RT_ELC,Electrified railway tracks,EL,Greece,1991,0,i
RT_ELC,Electrified railway tracks,EL,Greece,1992,0,i
RT_ELC,Electrified railway tracks,EL,Greece,1993,0,i
RT_ELC,Electrified railway tracks,EL,Greece,1994,0,i
RT_ELC,Electrified railway tracks,EL,Greece,1995,0,i
RT_ELC,Electrified railway tracks,EL,Greece,1996,0,i
RT_ELC,Electrified railway tracks,EL,Greece,1997,82,i
RT_ELC,Electrified railway tracks,EL,Greece,1998,82,i
RT_ELC,Electrified railway tracks,EL,Greece,1999,82,
RT_ELC,Electrified railway tracks,EL,Greece,2000,82,
RT_ELC,Electrified railway tracks,EL,Greece,2001,82,
RT_ELC,Electrified railway tracks,EL,Greece,2002,82,
RT_ELC,Electrified railway tracks,EL,Greece,2003,83,
RT_ELC,Electrified railway tracks,EL,Greece,2004,83,
RT_ELC,Electrified railway tracks,EL,Greece,2005,83,
RT_ELC,Electrified railway tracks,EL,Greece,2006,132,
RT_ELC,Electrified railway tracks,EL,Greece,2007,319,
RT_ELC,Electrified railway tracks,EL,Greece,2008,449,
RT_ELC,Electrified railway tracks,EL,Greece,2009,449,
RT_ELC,Electrified railway tracks,EL,Greece,2010,657,
RT_ELC,Electrified railway tracks,EL,Greece,2011,797,
RT_ELC,Electrified railway tracks,EL,Greece,2012,797,
RT_ELC,Electrified railway tracks,EL,Greece,2013,792,
RT_ELC,Electrified railway tracks,EL,Greece,2014,881,
RT_ELC,Electrified railway tracks,EL,Greece,2015,881,
RT_ELC,Electrified railway tracks,EL,Greece,2016,933,
RT_ELC,Electrified railway tracks,EL,Greece,2017,957,
RT_ELC,Electrified railway tracks,EL,Greece,2018,1251,
RT_ELC,Electrified railway tracks,EL,Greece,2019,1355,
RT_ELC,Electrified railway tracks,EL,Greece,2020,1355,
RT_ELC,Electrified railway tracks,EL,Greece,2021,1355,
RT_ELC,Electrified railway tracks,EL,Greece,2022,1365,
RT_ELC,Electrified railway tracks,EL,Greece,2023,1301,
RT_ELC,Electrified railway tracks,EL,Greece,2024,1312,
RT_ELC,Electrified railway tracks,ES,Spain,2005,12290,
RT_ELC,Electrified railway tracks,ES,Spain,2006,12646,
RT_ELC,Electrified railway tracks,ES,Spain,2007,13334,
RT_ELC,Electrified railway tracks,ES,Spain,2008,13382,
RT_ELC,Electrified railway tracks,ES,Spain,2009,13389,
RT_ELC,Electrified railway tracks,ES,Spain,2010,14321,
RT_ELC,Electrified railway tracks,ES,Spain,2011,14625,
RT_ELC,Electrified railway tracks,ES,Spain,2012,14748,
RT_ELC,Electrified railway tracks,ES,Spain,2013,14777,
RT_ELC,Electrified railway tracks,ES,Spain,2014,14730,
RT_ELC,Electrified railway tracks,ES,Spain,2015,15434,
RT_ELC,Electrified railway tracks,ES,Spain,2016,16223,
RT_ELC,Electrified railway tracks,ES,Spain,2017,15993,
RT_ELC,Electrified railway tracks,ES,Spain,2018,16050,
RT_ELC,Electrified railway tracks,ES,Spain,2019,16204.304,
RT_ELC,Electrified railway tracks,ES,Spain,2020,16527.748,
RT_ELC,Electrified railway tracks,ES,Spain,2021,16827.452,
RT_ELC,Electrified railway tracks,ES,Spain,2022,16840.294,
RT_ELC,Electrified railway tracks,ES,Spain,2023,17218.058,
RT_ELC,Electrified railway tracks,ES,Spain,2024,17161.153,
RT_ELC,Electrified railway tracks,FI,Finland,1990,2812,
RT_ELC,Electrified railway tracks,FI,Finland,1991,2828,
RT_ELC,Electrified railway tracks,FI,Finland,1992,2851,
RT_ELC,Electrified railway tracks,FI,Finland,1993,2913,
RT_ELC,Electrified railway tracks,FI,Finland,1994,3235,
RT_ELC,Electrified railway tracks,FI,Finland,1995,3371,
RT_ELC,Electrified railway tracks,FI,Finland,1996,3382,
RT_ELC,Electrified railway tracks,FI,Finland,1997,3396,
RT_ELC,Electrified railway tracks,FI,Finland,1998,3578,
RT_ELC,Electrified railway tracks,FI,Finland,1999,3623,
RT_ELC,Electrified railway tracks,FI,Finland,2000,3769,
RT_ELC,Electrified railway tracks,FI,Finland,2001,3830,
RT_ELC,Electrified railway tracks,FI,Finland,2002,3832,
RT_ELC,Electrified railway tracks,FI,Finland,2003,3838,
RT_ELC,Electrified railway tracks,FI,Finland,2004,4095,
RT_ELC,Electrified railway tracks,FI,Finland,2005,4093,
RT_ELC,Electrified railway tracks,FI,Finland,2006,4596,
RT_ELC,Electrified railway tracks,FI,Finland,2007,4596,
RT_ELC,Electrified railway tracks,FI,Finland,2008,4629,
RT_ELC,Electrified railway tracks,FI,Finland,2009,4631,
RT_ELC,Electrified railway tracks,FI,Finland,2010,4672,
RT_ELC,Electrified railway tracks,FI,Finland,2011,4775,
RT_ELC,Electrified railway tracks,FI,Finland,2012,4785,
RT_ELC,Electrified railway tracks,FI,Finland,2013,4842,
RT_ELC,Electrified railway tracks,FI,Finland,2014,4954,
RT_ELC,Electrified railway tracks,FI,Finland,2015,4988,b
RT_ELC,Electrified railway tracks,FI,Finland,2016,4041,
RT_ELC,Electrified railway tracks,FI,Finland,2017,4063,
RT_ELC,Electrified railway tracks,FI,Finland,2018,4114,
RT_ELC,Electrified railway tracks,FI,Finland,2019,4117,
RT_ELC,Electrified railway tracks,FI,Finland,2020,4135,
RT_ELC,Electrified railway tracks,FI,Finland,2021,4145,
RT_ELC,Electrified railway tracks,FI,Finland,2022,4235,
RT_ELC,Electrified railway tracks,FI,Finland,2023,4236,
RT_ELC,Electrified railway tracks,FI,Finland,2024,4454,
RT_ELC,Electrified railway tracks,FR,France,1993,28515,
RT_ELC,Electrified railway tracks,FR,France,1994,29054,
RT_ELC,Electrified railway tracks,FR,France,1995,29828,
RT_ELC,Electrified railway tracks,FR,France,1996,29908,
RT_ELC,Electrified railway tracks,FR,France,1997,29980,
RT_ELC,Electrified railway tracks,FR,France,1998,30003,
RT_ELC,Electrified railway tracks,FR,France,1999,30080,
RT_ELC,Electrified railway tracks,FR,France,2000,30060,
RT_ELC,Electrified railway tracks,FR,France,2001,30530,
RT_ELC,Electrified railway tracks,FR,France,2002,30567,
RT_ELC,Electrified railway tracks,FR,France,2003,30531,
RT_ELC,Electrified railway tracks,FR,France,2004,30616,
RT_ELC,Electrified railway tracks,FR,France,2005,30972,
RT_ELC,Electrified railway tracks,FR,France,2006,30972,
RT_ELC,Electrified railway tracks,FR,France,2007,31669,
RT_ELC,Electrified railway tracks,FR,France,2009,31247,
RT_ELC,Electrified railway tracks,FR,France,2017,35866.728,
RT_ELC,Electrified railway tracks,FR,France,2018,35220.07,
RT_ELC,Electrified railway tracks,FR,France,2019,35083.703,
RT_ELC,Electrified railway tracks,FR,France,2020,34792,
RT_ELC,Electrified railway tracks,FR,France,2021,34868,
RT_ELC,Electrified railway tracks,FR,France,2022,34994,
RT_ELC,Electrified railway tracks,FR,France,2023,34972,
RT_ELC,Electrified railway tracks,FR,France,2024,34999,
RT_ELC,Electrified railway tracks,GE,Georgia,2010,2170,
RT_ELC,Electrified railway tracks,GE,Georgia,2015,2390.42,
RT_ELC,Electrified railway tracks,GE,Georgia,2016,2388.228,
RT_ELC,Electrified railway tracks,GE,Georgia,2017,2383.097,
RT_ELC,Electrified railway tracks,GE,Georgia,2018,2391.224,
RT_ELC,Electrified railway tracks,GE,Georgia,2019,2390.351,
RT_ELC,Electrified railway tracks,GE,Georgia,2020,2388.979,
RT_ELC,Electrified railway tracks,GE,Georgia,2021,2363.5,
RT_ELC,Electrified railway tracks,GE,Georgia,2022,2363.5,
RT_ELC,Electrified railway tracks,GE,Georgia,2023,2363.5,
RT_ELC,Electrified railway tracks,GE,Georgia,2024,2363.5,
RT_ELC,Electrified railway tracks,HR,Croatia,1992,1208,
RT_ELC,Electrified railway tracks,HR,Croatia,1993,983,
RT_ELC,Electrified railway tracks,HR,Croatia,1994,1227,
RT_ELC,Electrified railway tracks,HR,Croatia,1995,1228,
RT_ELC,Electrified railway tracks,HR,Croatia,1996,1993,
RT_ELC,Electrified railway tracks,HR,Croatia,1997,1611,
RT_ELC,Electrified railway tracks,HR,Croatia,1998,1611,
RT_ELC,Electrified railway tracks,HR,Croatia,1999,1611,
RT_ELC,Electrified railway tracks,HR,Croatia,2000,1616,
RT_ELC,Electrified railway tracks,HR,Croatia,2001,1616,
RT_ELC,Electrified railway tracks,HR,Croatia,2002,1622,
RT_ELC,Electrified railway tracks,HR,Croatia,2003,1622,
RT_ELC,Electrified railway tracks,HR,Croatia,2004,1622,
RT_ELC,Electrified railway tracks,HR,Croatia,2005,1622,
RT_ELC,Electrified railway tracks,HR,Croatia,2006,1624,
RT_ELC,Electrified railway tracks,HR,Croatia,2007,1624,
RT_ELC,Electrified railway tracks,HR,Croatia,2008,1655,
RT_ELC,Electrified railway tracks,HR,Croatia,2009,1655,
RT_ELC,Electrified railway tracks,HR,Croatia,2010,1656,
RT_ELC,Electrified railway tracks,HR,Croatia,2011,1656,
RT_ELC,Electrified railway tracks,HR,Croatia,2012,1650,
RT_ELC,Electrified railway tracks,HR,Croatia,2013,1656,
RT_ELC,Electrified railway tracks,HR,Croatia,2014,1650,
RT_ELC,Electrified railway tracks,HR,Croatia,2015,1654,
RT_ELC,Electrified railway tracks,HR,Croatia,2016,1639,
RT_ELC,Electrified railway tracks,HR,Croatia,2017,1639,
RT_ELC,Electrified railway tracks,HR,Croatia,2018,1640,
RT_ELC,Electrified railway tracks,HR,Croatia,2019,1638,
RT_ELC,Electrified railway tracks,HR,Croatia,2020,1635,
RT_ELC,Electrified railway tracks,HR,Croatia,2021,1649,
RT_ELC,Electrified railway tracks,HR,Croatia,2022,1640,
RT_ELC,Electrified railway tracks,HR,Croatia,2023,1656,
RT_ELC,Electrified railway tracks,HR,Croatia,2024,1684,
RT_ELC,Electrified railway tracks,HU,Hungary,1990,4996,
RT_ELC,Electrified railway tracks,HU,Hungary,1991,4631,
RT_ELC,Electrified railway tracks,HU,Hungary,1992,5482,
RT_ELC,Electrified railway tracks,HU,Hungary,1993,5482,
RT_ELC,Electrified railway tracks,HU,Hungary,1994,5544,
RT_ELC,Electrified railway tracks,HU,Hungary,1995,5574,
RT_ELC,Electrified railway tracks,HU,Hungary,1996,5707,
RT_ELC,Electrified railway tracks,HU,Hungary,1997,4910,
RT_ELC,Electrified railway tracks,HU,Hungary,1998,5579,
RT_ELC,Electrified railway tracks,HU,Hungary,1999,5606,
RT_ELC,Electrified railway tracks,HU,Hungary,2000,5803,
RT_ELC,Electrified railway tracks,HU,Hungary,2001,5803,
RT_ELC,Electrified railway tracks,HU,Hungary,2002,5873,
RT_ELC,Electrified railway tracks,HU,Hungary,2003,5873,
RT_ELC,Electrified railway tracks,HU,Hungary,2004,5890,
RT_ELC,Electrified railway tracks,HU,Hungary,2005,5890,
RT_ELC,Electrified railway tracks,HU,Hungary,2006,3956,
RT_ELC,Electrified railway tracks,HU,Hungary,2007,3956,
RT_ELC,Electrified railway tracks,HU,Hungary,2008,3956,
RT_ELC,Electrified railway tracks,HU,Hungary,2009,3956,
RT_ELC,Electrified railway tracks,HU,Hungary,2010,4026,
RT_ELC,Electrified railway tracks,HU,Hungary,2011,4106.8,
RT_ELC,Electrified railway tracks,HU,Hungary,2012,4106.8,
RT_ELC,Electrified railway tracks,HU,Hungary,2013,4106.8,
RT_ELC,Electrified railway tracks,HU,Hungary,2014,4033,
RT_ELC,Electrified railway tracks,HU,Hungary,2015,4099,
RT_ELC,Electrified railway tracks,HU,Hungary,2016,5421,
RT_ELC,Electrified railway tracks,HU,Hungary,2017,5506,
RT_ELC,Electrified railway tracks,HU,Hungary,2018,5509,
RT_ELC,Electrified railway tracks,HU,Hungary,2019,5560,
RT_ELC,Electrified railway tracks,HU,Hungary,2020,5560,
RT_ELC,Electrified railway tracks,HU,Hungary,2021,5762,
RT_ELC,Electrified railway tracks,HU,Hungary,2022,5762,
RT_ELC,Electrified railway tracks,HU,Hungary,2023,4672,
RT_ELC,Electrified railway tracks,HU,Hungary,2024,4689,
RT_ELC,Electrified railway tracks,IE,Ireland,2013,107.5,
RT_ELC,Electrified railway tracks,IE,Ireland,2014,107.5,
RT_ELC,Electrified railway tracks,IE,Ireland,2015,107.5,
RT_ELC,Electrified railway tracks,IE,Ireland,2016,107.5,
RT_ELC,Electrified railway tracks,IE,Ireland,2017,107.5,
RT_ELC,Electrified railway tracks,IE,Ireland,2018,107.5,
RT_ELC,Electrified railway tracks,IE,Ireland,2019,107.5,
RT_ELC,Electrified railway tracks,IE,Ireland,2020,107.5,
RT_ELC,Electrified railway tracks,IE,Ireland,2021,107.5,
RT_ELC,Electrified railway tracks,IE,Ireland,2022,107.5,
RT_ELC,Electrified railway tracks,IE,Ireland,2023,107.5,i
RT_ELC,Electrified railway tracks,IE,Ireland,2024,107.5,
RT_ELC,Electrified railway tracks,IT,Italy,1995,16116,
RT_ELC,Electrified railway tracks,IT,Italy,1996,16317,
RT_ELC,Electrified railway tracks,IT,Italy,1997,16420,
RT_ELC,Electrified railway tracks,IT,Italy,1998,16582,
RT_ELC,Electrified railway tracks,IT,Italy,1999,16820,
RT_ELC,Electrified railway tracks,IT,Italy,2000,16853,
RT_ELC,Electrified railway tracks,IT,Italy,2001,17050,
RT_ELC,Electrified railway tracks,IT,Italy,2002,17112,
RT_ELC,Electrified railway tracks,IT,Italy,2003,17219,
RT_ELC,Electrified railway tracks,IT,Italy,2004,17361,
RT_ELC,Electrified railway tracks,IT,Italy,2005,18103,
RT_ELC,Electrified railway tracks,IT,Italy,2006,18286,
RT_ELC,Electrified railway tracks,IT,Italy,2007,18501,
RT_ELC,Electrified railway tracks,IT,Italy,2008,18953,
RT_ELC,Electrified railway tracks,IT,Italy,2009,19304,
RT_ELC,Electrified railway tracks,IT,Italy,2010,19341,
RT_ELC,Electrified railway tracks,IT,Italy,2011,19362,
RT_ELC,Electrified railway tracks,IT,Italy,2012,19390,
RT_ELC,Electrified railway tracks,IT,Italy,2013,19432,i
RT_ELC,Electrified railway tracks,IT,Italy,2014,19418,i
RT_ELC,Electrified railway tracks,IT,Italy,2015,19427,i
RT_ELC,Electrified railway tracks,IT,Italy,2016,19593,i
RT_ELC,Electrified railway tracks,IT,Italy,2017,19641,
RT_ELC,Electrified railway tracks,IT,Italy,2018,19663,
RT_ELC,Electrified railway tracks,IT,Italy,2019,19660,
RT_ELC,Electrified railway tracks,IT,Italy,2020,19720,
RT_ELC,Electrified railway tracks,IT,Italy,2021,19816,
RT_ELC,Electrified railway tracks,IT,Italy,2022,19839,
RT_ELC,Electrified railway tracks,IT,Italy,2023,19863,
RT_ELC,Electrified railway tracks,IT,Italy,2024,19957,
RT_ELC,Electrified railway tracks,LI,Liechtenstein,2013,9,
RT_ELC,Electrified railway tracks,LI,Liechtenstein,2014,9,
RT_ELC,Electrified railway tracks,LI,Liechtenstein,2015,9,
RT_ELC,Electrified railway tracks,LI,Liechtenstein,2016,9,
RT_ELC,Electrified railway tracks,LI,Liechtenstein,2017,9,
RT_ELC,Electrified railway tracks,LI,Liechtenstein,2018,9,
RT_ELC,Electrified railway tracks,LI,Liechtenstein,2019,9,
RT_ELC,Electrified railway tracks,LI,Liechtenstein,2020,9,
RT_ELC,Electrified railway tracks,LI,Liechtenstein,2021,9,
RT_ELC,Electrified railway tracks,LI,Liechtenstein,2022,9,
RT_ELC,Electrified railway tracks,LI,Liechtenstein,2023,9,
RT_ELC,Electrified railway tracks,LI,Liechtenstein,2024,9,
RT_ELC,Electrified railway tracks,LT,Lithuania,1992,240.3,
RT_ELC,Electrified railway tracks,LT,Lithuania,1993,280.8,
RT_ELC,Electrified railway tracks,LT,Lithuania,1994,208.7,
RT_ELC,Electrified railway tracks,LT,Lithuania,1995,208.7,
RT_ELC,Electrified railway tracks,LT,Lithuania,1996,281,
RT_ELC,Electrified railway tracks,LT,Lithuania,1997,280.8,
RT_ELC,Electrified railway tracks,LT,Lithuania,1998,281,
RT_ELC,Electrified railway tracks,LT,Lithuania,1999,281,
RT_ELC,Electrified railway tracks,LT,Lithuania,2000,242.5,
RT_ELC,Electrified railway tracks,LT,Lithuania,2001,242.5,
RT_ELC,Electrified railway tracks,LT,Lithuania,2002,242.5,
RT_ELC,Electrified railway tracks,LT,Lithuania,2003,242.5,
RT_ELC,Electrified railway tracks,LT,Lithuania,2004,242.5,
RT_ELC,Electrified railway tracks,LT,Lithuania,2005,242.5,
RT_ELC,Electrified railway tracks,LT,Lithuania,2006,242.5,
RT_ELC,Electrified railway tracks,LT,Lithuania,2007,242.5,
RT_ELC,Electrified railway tracks,LT,Lithuania,2008,242.5,
RT_ELC,Electrified railway tracks,LT,Lithuania,2009,242.5,
RT_ELC,Electrified railway tracks,LT,Lithuania,2010,242.5,
RT_ELC,Electrified railway tracks,LT,Lithuania,2011,242.3,
RT_ELC,Electrified railway tracks,LT,Lithuania,2012,242.3,
RT_ELC,Electrified railway tracks,LT,Lithuania,2013,242.3,
RT_ELC,Electrified railway tracks,LT,Lithuania,2014,242.3,
RT_ELC,Electrified railway tracks,LT,Lithuania,2015,242.3,
RT_ELC,Electrified railway tracks,LT,Lithuania,2016,242.3,
RT_ELC,Electrified railway tracks,LT,Lithuania,2017,302.9,
RT_ELC,Electrified railway tracks,LT,Lithuania,2018,302.9,
RT_ELC,Electrified railway tracks,LT,Lithuania,2019,317.5,
RT_ELC,Electrified railway tracks,LT,Lithuania,2020,317.5,
RT_ELC,Electrified railway tracks,LT,Lithuania,2021,317.5,
RT_ELC,Electrified railway tracks,LT,Lithuania,2022,317.5,
RT_ELC,Electrified railway tracks,LT,Lithuania,2023,317.5,
RT_ELC,Electrified railway tracks,LT,Lithuania,2024,267.9,
RT_ELC,Electrified railway tracks,LU,Luxembourg,1995,528,
RT_ELC,Electrified railway tracks,LU,Luxembourg,1996,526,
RT_ELC,Electrified railway tracks,LU,Luxembourg,1997,526,
RT_ELC,Electrified railway tracks,LU,Luxembourg,1998,526,
RT_ELC,Electrified railway tracks,LU,Luxembourg,1999,526,
RT_ELC,Electrified railway tracks,LU,Luxembourg,2000,574,
RT_ELC,Electrified railway tracks,LU,Luxembourg,2001,574,
RT_ELC,Electrified railway tracks,LU,Luxembourg,2002,573,
RT_ELC,Electrified railway tracks,LU,Luxembourg,2003,574,
RT_ELC,Electrified railway tracks,LU,Luxembourg,2004,575,
RT_ELC,Electrified railway tracks,LU,Luxembourg,2005,576,
RT_ELC,Electrified railway tracks,LU,Luxembourg,2006,576,
RT_ELC,Electrified railway tracks,LU,Luxembourg,2007,576,
RT_ELC,Electrified railway tracks,LU,Luxembourg,2008,576,
RT_ELC,Electrified railway tracks,LU,Luxembourg,2009,583,
RT_ELC,Electrified railway tracks,LU,Luxembourg,2010,583,
RT_ELC,Electrified railway tracks,LU,Luxembourg,2011,583,
RT_ELC,Electrified railway tracks,LU,Luxembourg,2012,590,
RT_ELC,Electrified railway tracks,LU,Luxembourg,2013,590,
RT_ELC,Electrified railway tracks,LU,Luxembourg,2014,590,
RT_ELC,Electrified railway tracks,LU,Luxembourg,2015,590,
RT_ELC,Electrified railway tracks,LU,Luxembourg,2016,590,
RT_ELC,Electrified railway tracks,LU,Luxembourg,2017,590,
RT_ELC,Electrified railway tracks,LU,Luxembourg,2018,590,
RT_ELC,Electrified railway tracks,LU,Luxembourg,2019,596,
RT_ELC,Electrified railway tracks,LU,Luxembourg,2020,596,
RT_ELC,Electrified railway tracks,LU,Luxembourg,2021,596,
RT_ELC,Electrified railway tracks,LU,Luxembourg,2022,596,
RT_ELC,Electrified railway tracks,LU,Luxembourg,2023,596,
RT_ELC,Electrified railway tracks,LU,Luxembourg,2024,596,
RT_ELC,Electrified railway tracks,LV,Latvia,1990,522,
RT_ELC,Electrified railway tracks,LV,Latvia,1992,271,
RT_ELC,Electrified railway tracks,LV,Latvia,1993,271,
RT_ELC,Electrified railway tracks,LV,Latvia,1994,271,
RT_ELC,Electrified railway tracks,LV,Latvia,1995,271,
RT_ELC,Electrified railway tracks,LV,Latvia,1996,271,
RT_ELC,Electrified railway tracks,LV,Latvia,1997,271,
RT_ELC,Electrified railway tracks,LV,Latvia,1998,270,
RT_ELC,Electrified railway tracks,LV,Latvia,1999,258,
RT_ELC,Electrified railway tracks,LV,Latvia,2000,258,
RT_ELC,Electrified railway tracks,LV,Latvia,2001,257,
RT_ELC,Electrified railway tracks,LV,Latvia,2002,257,
RT_ELC,Electrified railway tracks,LV,Latvia,2003,257,
RT_ELC,Electrified railway tracks,LV,Latvia,2004,257,
RT_ELC,Electrified railway tracks,LV,Latvia,2005,257,
RT_ELC,Electrified railway tracks,LV,Latvia,2006,257,
RT_ELC,Electrified railway tracks,LV,Latvia,2007,257,
RT_ELC,Electrified railway tracks,LV,Latvia,2008,648,
RT_ELC,Electrified railway tracks,LV,Latvia,2009,648,
RT_ELC,Electrified railway tracks,LV,Latvia,2010,648,
RT_ELC,Electrified railway tracks,LV,Latvia,2011,648,
RT_ELC,Electrified railway tracks,LV,Latvia,2012,499,
RT_ELC,Electrified railway tracks,LV,Latvia,2013,494,
RT_ELC,Electrified railway tracks,LV,Latvia,2014,502,
RT_ELC,Electrified railway tracks,LV,Latvia,2015,502,
RT_ELC,Electrified railway tracks,LV,Latvia,2016,502,
RT_ELC,Electrified railway tracks,LV,Latvia,2017,502,
RT_ELC,Electrified railway tracks,LV,Latvia,2018,502,
RT_ELC,Electrified railway tracks,LV,Latvia,2019,502,
RT_ELC,Electrified railway tracks,LV,Latvia,2020,502.3,
RT_ELC,Electrified railway tracks,LV,Latvia,2021,502.3,
RT_ELC,Electrified railway tracks,LV,Latvia,2022,502.3,
RT_ELC,Electrified railway tracks,LV,Latvia,2023,498.3,
RT_ELC,Electrified railway tracks,LV,Latvia,2024,498.3,
RT_ELC,Electrified railway tracks,MD,Moldova,1990,0,
RT_ELC,Electrified railway tracks,MD,Moldova,1991,0,
RT_ELC,Electrified railway tracks,MD,Moldova,1992,0,
RT_ELC,Electrified railway tracks,MD,Moldova,1993,0,
RT_ELC,Electrified railway tracks,MD,Moldova,1994,0,
RT_ELC,Electrified railway tracks,MD,Moldova,1995,0,
RT_ELC,Electrified railway tracks,MD,Moldova,1996,0,
RT_ELC,Electrified railway tracks,MD,Moldova,1997,0,
RT_ELC,Electrified railway tracks,MD,Moldova,1998,0,
RT_ELC,Electrified railway tracks,MD,Moldova,1999,0,
RT_ELC,Electrified railway tracks,MD,Moldova,2000,0,
RT_ELC,Electrified railway tracks,MD,Moldova,2001,0,
RT_ELC,Electrified railway tracks,MD,Moldova,2002,0,
RT_ELC,Electrified railway tracks,MD,Moldova,2004,0,
RT_ELC,Electrified railway tracks,MD,Moldova,2009,0,
RT_ELC,Electrified railway tracks,MD,Moldova,2010,0,
RT_ELC,Electrified railway tracks,MD,Moldova,2011,0,
RT_ELC,Electrified railway tracks,MD,Moldova,2012,0,
RT_ELC,Electrified railway tracks,MD,Moldova,2013,0,
RT_ELC,Electrified railway tracks,MD,Moldova,2014,0,
RT_ELC,Electrified railway tracks,MD,Moldova,2015,0,
RT_ELC,Electrified railway tracks,MD,Moldova,2016,0,
RT_ELC,Electrified railway tracks,MD,Moldova,2017,0,
RT_ELC,Electrified railway tracks,MD,Moldova,2018,0,
RT_ELC,Electrified railway tracks,MD,Moldova,2019,0,
RT_ELC,Electrified railway tracks,MD,Moldova,2020,0,
RT_ELC,Electrified railway tracks,MD,Moldova,2021,0,
RT_ELC,Electrified railway tracks,MD,Moldova,2022,0,
RT_ELC,Electrified railway tracks,MD,Moldova,2023,0,
RT_ELC,Electrified railway tracks,MD,Moldova,2024,0,
RT_ELC,Electrified railway tracks,ME,Montenegro,2011,301.27,i
RT_ELC,Electrified railway tracks,ME,Montenegro,2012,301.27,i
RT_ELC,Electrified railway tracks,ME,Montenegro,2013,301.27,i
RT_ELC,Electrified railway tracks,ME,Montenegro,2014,301,i
RT_ELC,Electrified railway tracks,ME,Montenegro,2015,301,i
RT_ELC,Electrified railway tracks,ME,Montenegro,2016,303,
RT_ELC,Electrified railway tracks,ME,Montenegro,2017,303,
RT_ELC,Electrified railway tracks,ME,Montenegro,2018,303,
RT_ELC,Electrified railway tracks,ME,Montenegro,2019,303,
RT_ELC,Electrified railway tracks,ME,Montenegro,2020,303,
RT_ELC,Electrified railway tracks,ME,Montenegro,2021,302.7,
RT_ELC,Electrified railway tracks,ME,Montenegro,2022,303,
RT_ELC,Electrified railway tracks,ME,Montenegro,2023,303,
RT_ELC,Electrified railway tracks,ME,Montenegro,2024,303,
RT_ELC,Electrified railway tracks,MK,North Macedonia,1990,233,
RT_ELC,Electrified railway tracks,MK,North Macedonia,1992,231,
RT_ELC,Electrified railway tracks,MK,North Macedonia,1993,231,
RT_ELC,Electrified railway tracks,MK,North Macedonia,1994,233,
RT_ELC,Electrified railway tracks,MK,North Macedonia,1995,233,
RT_ELC,Electrified railway tracks,MK,North Macedonia,1996,233,
RT_ELC,Electrified railway tracks,MK,North Macedonia,1997,316,
RT_ELC,Electrified railway tracks,MK,North Macedonia,1998,316,
RT_ELC,Electrified railway tracks,MK,North Macedonia,1999,316,
RT_ELC,Electrified railway tracks,MK,North Macedonia,2000,316,
RT_ELC,Electrified railway tracks,MK,North Macedonia,2001,316,
RT_ELC,Electrified railway tracks,MK,North Macedonia,2002,316,
RT_ELC,Electrified railway tracks,MK,North Macedonia,2004,316,
RT_ELC,Electrified railway tracks,MK,North Macedonia,2005,316,
RT_ELC,Electrified railway tracks,MK,North Macedonia,2006,316,
RT_ELC,Electrified railway tracks,MK,North Macedonia,2007,320,
RT_ELC,Electrified railway tracks,MK,North Macedonia,2008,327,
RT_ELC,Electrified railway tracks,MK,North Macedonia,2009,327,
RT_ELC,Electrified railway tracks,MK,North Macedonia,2010,327,
RT_ELC,Electrified railway tracks,MK,North Macedonia,2011,327,
RT_ELC,Electrified railway tracks,MK,North Macedonia,2012,327,
RT_ELC,Electrified railway tracks,MK,North Macedonia,2013,327,
RT_ELC,Electrified railway tracks,MK,North Macedonia,2014,327,
RT_ELC,Electrified railway tracks,MK,North Macedonia,2015,327,
RT_ELC,Electrified railway tracks,MK,North Macedonia,2016,327,
RT_ELC,Electrified railway tracks,MK,North Macedonia,2017,327,
RT_ELC,Electrified railway tracks,MK,North Macedonia,2018,327,
RT_ELC,Electrified railway tracks,MK,North Macedonia,2019,327,
RT_ELC,Electrified railway tracks,MK,North Macedonia,2020,327,
RT_ELC,Electrified railway tracks,MK,North Macedonia,2021,327,
RT_ELC,Electrified railway tracks,MK,North Macedonia,2022,327,
RT_ELC,Electrified railway tracks,MK,North Macedonia,2023,327,
RT_ELC,Electrified railway tracks,MK,North Macedonia,2024,327,
RT_ELC,Electrified railway tracks,NL,Netherlands,2013,4227,
RT_ELC,Electrified railway tracks,NL,Netherlands,2014,4311,
RT_ELC,Electrified railway tracks,NL,Netherlands,2015,4300,
RT_ELC,Electrified railway tracks,NL,Netherlands,2016,4319,
RT_ELC,Electrified railway tracks,NL,Netherlands,2017,4318,
RT_ELC,Electrified railway tracks,NL,Netherlands,2018,4181,
RT_ELC,Electrified railway tracks,NL,Netherlands,2019,4181,
RT_ELC,Electrified railway tracks,NL,Netherlands,2020,4183,
RT_ELC,Electrified railway tracks,NL,Netherlands,2021,4223,
RT_ELC,Electrified railway tracks,NL,Netherlands,2022,4227,
RT_ELC,Electrified railway tracks,NL,Netherlands,2023,4223,
RT_ELC,Electrified railway tracks,NL,Netherlands,2024,4219,
RT_ELC,Electrified railway tracks,NO,Norway,1990,2426,
RT_ELC,Electrified railway tracks,NO,Norway,1991,2426,
RT_ELC,Electrified railway tracks,NO,Norway,1992,2426,
RT_ELC,Electrified railway tracks,NO,Norway,1993,2422,
RT_ELC,Electrified railway tracks,NO,Norway,1994,2422,
RT_ELC,Electrified railway tracks,NO,Norway,1995,2422,
RT_ELC,Electrified railway tracks,NO,Norway,1996,2551,
RT_ELC,Electrified railway tracks,NO,Norway,1997,2587,
RT_ELC,Electrified railway tracks,NO,Norway,1998,2587,
RT_ELC,Electrified railway tracks,NO,Norway,2000,2733,
RT_ELC,Electrified railway tracks,NO,Norway,2001,2745,
RT_ELC,Electrified railway tracks,NO,Norway,2002,2745,
RT_ELC,Electrified railway tracks,NO,Norway,2003,2755,
RT_ELC,Electrified railway tracks,NO,Norway,2004,2755,
RT_ELC,Electrified railway tracks,NO,Norway,2005,2765,
RT_ELC,Electrified railway tracks,NO,Norway,2006,2759,
RT_ELC,Electrified railway tracks,NO,Norway,2007,2792,
RT_ELC,Electrified railway tracks,NO,Norway,2008,2779,
RT_ELC,Electrified railway tracks,NO,Norway,2009,2746,
RT_ELC,Electrified railway tracks,NO,Norway,2010,2765,
RT_ELC,Electrified railway tracks,NO,Norway,2011,2757,
RT_ELC,Electrified railway tracks,NO,Norway,2012,2743,
RT_ELC,Electrified railway tracks,NO,Norway,2013,2746,
RT_ELC,Electrified railway tracks,NO,Norway,2014,2716,
RT_ELC,Electrified railway tracks,NO,Norway,2015,2716,
RT_ELC,Electrified railway tracks,NO,Norway,2016,2728,
RT_ELC,Electrified railway tracks,NO,Norway,2017,2728,
RT_ELC,Electrified railway tracks,NO,Norway,2018,2770,
RT_ELC,Electrified railway tracks,NO,Norway,2019,2773,
RT_ELC,Electrified railway tracks,NO,Norway,2023,2846,
RT_ELC,Electrified railway tracks,NO,Norway,2024,2846,
RT_ELC,Electrified railway tracks,PL,Poland,1990,26542,
RT_ELC,Electrified railway tracks,PL,Poland,1991,27167,
RT_ELC,Electrified railway tracks,PL,Poland,1992,27110,
RT_ELC,Electrified railway tracks,PL,Poland,1993,26896,
RT_ELC,Electrified railway tracks,PL,Poland,1994,26896,i
RT_ELC,Electrified railway tracks,PL,Poland,1995,26897,
RT_ELC,Electrified railway tracks,PL,Poland,1996,26877,
RT_ELC,Electrified railway tracks,PL,Poland,1997,26831,
RT_ELC,Electrified railway tracks,PL,Poland,1998,26697,
RT_ELC,Electrified railway tracks,PL,Poland,1999,26006,
RT_ELC,Electrified railway tracks,PL,Poland,2000,25682,
RT_ELC,Electrified railway tracks,PL,Poland,2001,25776,
RT_ELC,Electrified railway tracks,PL,Poland,2002,25940,
RT_ELC,Electrified railway tracks,PL,Poland,2003,24541,i
RT_ELC,Electrified railway tracks,PL,Poland,2004,25210,
RT_ELC,Electrified railway tracks,PL,Poland,2005,25515,
RT_ELC,Electrified railway tracks,PL,Poland,2006,25370,
RT_ELC,Electrified railway tracks,PL,Poland,2007,25428,
RT_ELC,Electrified railway tracks,PL,Poland,2008,25333,
RT_ELC,Electrified railway tracks,PL,Poland,2009,25273,
RT_ELC,Electrified railway tracks,PL,Poland,2010,25233,
RT_ELC,Electrified railway tracks,PL,Poland,2011,25155,
RT_ELC,Electrified railway tracks,PL,Poland,2012,25088,
RT_ELC,Electrified railway tracks,PL,Poland,2013,25000,
RT_ELC,Electrified railway tracks,PL,Poland,2014,25020,
RT_ELC,Electrified railway tracks,PL,Poland,2015,24908,
RT_ELC,Electrified railway tracks,PL,Poland,2016,24930,
RT_ELC,Electrified railway tracks,PL,Poland,2017,24899,
RT_ELC,Electrified railway tracks,PL,Poland,2018,24906,
RT_ELC,Electrified railway tracks,PL,Poland,2019,25153,
RT_ELC,Electrified railway tracks,PL,Poland,2020,25145,
RT_ELC,Electrified railway tracks,PL,Poland,2021,25267,
RT_ELC,Electrified railway tracks,PL,Poland,2022,25243,
RT_ELC,Electrified railway tracks,PL,Poland,2023,25337,
RT_ELC,Electrified railway tracks,PL,Poland,2024,25330,
RT_ELC,Electrified railway tracks,PT,Portugal,1992,870,
RT_ELC,Electrified railway tracks,PT,Portugal,1993,872,
RT_ELC,Electrified railway tracks,PT,Portugal,1994,872,
RT_ELC,Electrified railway tracks,PT,Portugal,1995,930,
RT_ELC,Electrified railway tracks,PT,Portugal,1996,1045,
RT_ELC,Electrified railway tracks,PT,Portugal,1998,1304,
RT_ELC,Electrified railway tracks,PT,Portugal,1999,901,
RT_ELC,Electrified railway tracks,PT,Portugal,2000,904,
RT_ELC,Electrified railway tracks,PT,Portugal,2001,905,
RT_ELC,Electrified railway tracks,PT,Portugal,2002,1047,
RT_ELC,Electrified railway tracks,PT,Portugal,2007,2106.2,
RT_ELC,Electrified railway tracks,PT,Portugal,2008,2145.7,
RT_ELC,Electrified railway tracks,PT,Portugal,2009,2145.5,
RT_ELC,Electrified railway tracks,PT,Portugal,2010,2176.4,
RT_ELC,Electrified railway tracks,PT,Portugal,2011,2318.5,
RT_ELC,Electrified railway tracks,PT,Portugal,2012,2328,
RT_ELC,Electrified railway tracks,PT,Portugal,2013,2328,
RT_ELC,Electrified railway tracks,PT,Portugal,2014,2328.4,
RT_ELC,Electrified railway tracks,PT,Portugal,2015,2337.2,
RT_ELC,Electrified railway tracks,PT,Portugal,2016,2337.2,
RT_ELC,Electrified railway tracks,PT,Portugal,2017,2337.2,
RT_ELC,Electrified railway tracks,PT,Portugal,2018,2337.2,
RT_ELC,Electrified railway tracks,PT,Portugal,2019,2393.69,
RT_ELC,Electrified railway tracks,PT,Portugal,2020,2393.69,
RT_ELC,Electrified railway tracks,PT,Portugal,2021,2489.211,
RT_ELC,Electrified railway tracks,PT,Portugal,2022,2489.211,
RT_ELC,Electrified railway tracks,PT,Portugal,2023,2489.211,
RT_ELC,Electrified railway tracks,PT,Portugal,2024,2488,
RT_ELC,Electrified railway tracks,RO,Romania,1990,8039,
RT_ELC,Electrified railway tracks,RO,Romania,1991,8632,
RT_ELC,Electrified railway tracks,RO,Romania,1992,8633,
RT_ELC,Electrified railway tracks,RO,Romania,1993,8594,
RT_ELC,Electrified railway tracks,RO,Romania,1994,8594,
RT_ELC,Electrified railway tracks,RO,Romania,1995,8680,
RT_ELC,Electrified railway tracks,RO,Romania,1996,8702,
RT_ELC,Electrified railway tracks,RO,Romania,1997,8700,
RT_ELC,Electrified railway tracks,RO,Romania,1998,8700,
RT_ELC,Electrified railway tracks,RO,Romania,1999,8700,
RT_ELC,Electrified railway tracks,RO,Romania,2000,8700,
RT_ELC,Electrified railway tracks,RO,Romania,2001,8700,
RT_ELC,Electrified railway tracks,RO,Romania,2002,8700,
RT_ELC,Electrified railway tracks,RO,Romania,2003,8600,
RT_ELC,Electrified railway tracks,RO,Romania,2004,8656,
RT_ELC,Electrified railway tracks,RO,Romania,2005,8531,
RT_ELC,Electrified railway tracks,RO,Romania,2006,8513,
RT_ELC,Electrified railway tracks,RO,Romania,2007,8509,
RT_ELC,Electrified railway tracks,RO,Romania,2008,8484,
RT_ELC,Electrified railway tracks,RO,Romania,2009,8510,
RT_ELC,Electrified railway tracks,RO,Romania,2010,8570,
RT_ELC,Electrified railway tracks,RO,Romania,2011,8513,
RT_ELC,Electrified railway tracks,RO,Romania,2012,8511,
RT_ELC,Electrified railway tracks,RO,Romania,2013,8549,
RT_ELC,Electrified railway tracks,RO,Romania,2014,8533,
RT_ELC,Electrified railway tracks,RO,Romania,2015,8525,
RT_ELC,Electrified railway tracks,RO,Romania,2016,8525,
RT_ELC,Electrified railway tracks,RO,Romania,2017,8523,
RT_ELC,Electrified railway tracks,RO,Romania,2018,8522,
RT_ELC,Electrified railway tracks,RO,Romania,2019,8519,
RT_ELC,Electrified railway tracks,RO,Romania,2020,8528,
RT_ELC,Electrified railway tracks,RO,Romania,2021,8530,
RT_ELC,Electrified railway tracks,RO,Romania,2022,8500,
RT_ELC,Electrified railway tracks,RO,Romania,2023,8501,
RT_ELC,Electrified railway tracks,RO,Romania,2024,8501,
RT_ELC,Electrified railway tracks,RS,Serbia,2006,1254,
RT_ELC,Electrified railway tracks,RS,Serbia,2007,1254,
RT_ELC,Electrified railway tracks,RS,Serbia,2008,1254,
RT_ELC,Electrified railway tracks,RS,Serbia,2009,1254,
RT_ELC,Electrified railway tracks,RS,Serbia,2010,1279,
RT_ELC,Electrified railway tracks,RS,Serbia,2011,2289,
RT_ELC,Electrified railway tracks,RS,Serbia,2012,2269,
RT_ELC,Electrified railway tracks,RS,Serbia,2013,2269,
RT_ELC,Electrified railway tracks,RS,Serbia,2014,2266,
RT_ELC,Electrified railway tracks,RS,Serbia,2015,2399,
RT_ELC,Electrified railway tracks,RS,Serbia,2016,2399,
RT_ELC,Electrified railway tracks,RS,Serbia,2017,2398,
RT_ELC,Electrified railway tracks,RS,Serbia,2018,2398,
RT_ELC,Electrified railway tracks,RS,Serbia,2019,2384,
RT_ELC,Electrified railway tracks,RS,Serbia,2020,2356,
RT_ELC,Electrified railway tracks,RS,Serbia,2021,2356,
RT_ELC,Electrified railway tracks,RS,Serbia,2022,2415,
RT_ELC,Electrified railway tracks,RS,Serbia,2023,2415,
RT_ELC,Electrified railway tracks,RS,Serbia,2024,2415,
RT_ELC,Electrified railway tracks,SE,Sweden,1990,11025,
RT_ELC,Electrified railway tracks,SE,Sweden,1991,11394,
RT_ELC,Electrified railway tracks,SE,Sweden,1992,11380,
RT_ELC,Electrified railway tracks,SE,Sweden,1993,8529,
RT_ELC,Electrified railway tracks,SE,Sweden,1994,8558,
RT_ELC,Electrified railway tracks,SE,Sweden,1995,8824,
RT_ELC,Electrified railway tracks,SE,Sweden,1996,8909,
RT_ELC,Electrified railway tracks,SE,Sweden,1997,8928,
RT_ELC,Electrified railway tracks,SE,Sweden,1998,8953,
RT_ELC,Electrified railway tracks,SE,Sweden,1999,8986,
RT_ELC,Electrified railway tracks,SE,Sweden,2002,10714,
RT_ELC,Electrified railway tracks,SE,Sweden,2003,10672,
RT_ELC,Electrified railway tracks,SE,Sweden,2004,10796,
RT_ELC,Electrified railway tracks,SE,Sweden,2005,10942,
RT_ELC,Electrified railway tracks,SE,Sweden,2006,11064,
RT_ELC,Electrified railway tracks,SE,Sweden,2007,11254,
RT_ELC,Electrified railway tracks,SE,Sweden,2008,11314,
RT_ELC,Electrified railway tracks,SE,Sweden,2009,11467,
RT_ELC,Electrified railway tracks,SE,Sweden,2010,11513,
RT_ELC,Electrified railway tracks,SE,Sweden,2011,11740,
RT_ELC,Electrified railway tracks,SE,Sweden,2012,11952,
RT_ELC,Electrified railway tracks,SE,Sweden,2013,12035,
RT_ELC,Electrified railway tracks,SE,Sweden,2014,12139,
RT_ELC,Electrified railway tracks,SE,Sweden,2015,12144,
RT_ELC,Electrified railway tracks,SE,Sweden,2016,12089,
RT_ELC,Electrified railway tracks,SE,Sweden,2017,12121,
RT_ELC,Electrified railway tracks,SE,Sweden,2018,12146,
RT_ELC,Electrified railway tracks,SE,Sweden,2019,12143,
RT_ELC,Electrified railway tracks,SE,Sweden,2020,12166,
RT_ELC,Electrified railway tracks,SE,Sweden,2021,12152,
RT_ELC,Electrified railway tracks,SE,Sweden,2022,12155,
RT_ELC,Electrified railway tracks,SE,Sweden,2023,12339,
RT_ELC,Electrified railway tracks,SE,Sweden,2024,12371,
RT_ELC,Electrified railway tracks,SI,Slovenia,1992,1094,
RT_ELC,Electrified railway tracks,SI,Slovenia,1993,1094,
RT_ELC,Electrified railway tracks,SI,Slovenia,1994,1094,
RT_ELC,Electrified railway tracks,SI,Slovenia,1995,1094,
RT_ELC,Electrified railway tracks,SI,Slovenia,1996,1094,
RT_ELC,Electrified railway tracks,SI,Slovenia,1997,1094,
RT_ELC,Electrified railway tracks,SI,Slovenia,1998,1095,
RT_ELC,Electrified railway tracks,SI,Slovenia,1999,1294,
RT_ELC,Electrified railway tracks,SI,Slovenia,2000,1279,
RT_ELC,Electrified railway tracks,SI,Slovenia,2001,1286,
RT_ELC,Electrified railway tracks,SI,Slovenia,2002,1283.1,
RT_ELC,Electrified railway tracks,SI,Slovenia,2003,1282.9,
RT_ELC,Electrified railway tracks,SI,Slovenia,2004,1282.9,
RT_ELC,Electrified railway tracks,SI,Slovenia,2005,1281.6,
RT_ELC,Electrified railway tracks,SI,Slovenia,2006,1277.74,
RT_ELC,Electrified railway tracks,SI,Slovenia,2007,1281.59,
RT_ELC,Electrified railway tracks,SI,Slovenia,2008,1281.6,
RT_ELC,Electrified railway tracks,SI,Slovenia,2009,1281.6,
RT_ELC,Electrified railway tracks,SI,Slovenia,2010,1281.07,
RT_ELC,Electrified railway tracks,SI,Slovenia,2011,1288,
RT_ELC,Electrified railway tracks,SI,Slovenia,2012,1289,
RT_ELC,Electrified railway tracks,SI,Slovenia,2013,1289,
RT_ELC,Electrified railway tracks,SI,Slovenia,2014,1289,
RT_ELC,Electrified railway tracks,SI,Slovenia,2015,1289,
RT_ELC,Electrified railway tracks,SI,Slovenia,2016,1289,
RT_ELC,Electrified railway tracks,SI,Slovenia,2017,1465,
RT_ELC,Electrified railway tracks,SI,Slovenia,2018,1465,
RT_ELC,Electrified railway tracks,SI,Slovenia,2019,1465,
RT_ELC,Electrified railway tracks,SI,Slovenia,2020,1579,
RT_ELC,Electrified railway tracks,SI,Slovenia,2021,1579,
RT_ELC,Electrified railway tracks,SI,Slovenia,2022,1455,
RT_ELC,Electrified railway tracks,SI,Slovenia,2023,1455,
RT_ELC,Electrified railway tracks,SI,Slovenia,2024,1455,
RT_ELC,Electrified railway tracks,SK,Slovakia,1990,1330,
RT_ELC,Electrified railway tracks,SK,Slovakia,1991,1373,
RT_ELC,Electrified railway tracks,SK,Slovakia,1992,1373,
RT_ELC,Electrified railway tracks,SK,Slovakia,1993,1415,
RT_ELC,Electrified railway tracks,SK,Slovakia,1994,1430,
RT_ELC,Electrified railway tracks,SK,Slovakia,1995,1472,
RT_ELC,Electrified railway tracks,SK,Slovakia,1996,1516,
RT_ELC,Electrified railway tracks,SK,Slovakia,1997,1516,
RT_ELC,Electrified railway tracks,SK,Slovakia,1998,1535,
RT_ELC,Electrified railway tracks,SK,Slovakia,1999,1535,
RT_ELC,Electrified railway tracks,SK,Slovakia,2000,1536,
RT_ELC,Electrified railway tracks,SK,Slovakia,2001,1536,
RT_ELC,Electrified railway tracks,SK,Slovakia,2002,1556,
RT_ELC,Electrified railway tracks,SK,Slovakia,2003,1558,
RT_ELC,Electrified railway tracks,SK,Slovakia,2004,1556,
RT_ELC,Electrified railway tracks,SK,Slovakia,2005,1556,
RT_ELC,Electrified railway tracks,SK,Slovakia,2006,1557,
RT_ELC,Electrified railway tracks,SK,Slovakia,2007,1578,
RT_ELC,Electrified railway tracks,TR,Türkiye,1990,721,
RT_ELC,Electrified railway tracks,TR,Türkiye,1991,877,i
RT_ELC,Electrified railway tracks,TR,Türkiye,1992,1033,
RT_ELC,Electrified railway tracks,TR,Türkiye,1993,1033,
RT_ELC,Electrified railway tracks,TR,Türkiye,1994,1093,
RT_ELC,Electrified railway tracks,TR,Türkiye,1995,1093,
RT_ELC,Electrified railway tracks,TR,Türkiye,1996,1824,
RT_ELC,Electrified railway tracks,TR,Türkiye,1997,1945,i
RT_ELC,Electrified railway tracks,TR,Türkiye,1998,2065,
RT_ELC,Electrified railway tracks,TR,Türkiye,1999,2133,
RT_ELC,Electrified railway tracks,TR,Türkiye,2000,2122,
RT_ELC,Electrified railway tracks,TR,Türkiye,2001,2122,
RT_ELC,Electrified railway tracks,TR,Türkiye,2002,2122,
RT_ELC,Electrified railway tracks,TR,Türkiye,2003,2082,
RT_ELC,Electrified railway tracks,TR,Türkiye,2004,2274,
RT_ELC,Electrified railway tracks,TR,Türkiye,2005,2274,
RT_ELC,Electrified railway tracks,TR,Türkiye,2006,2274,
RT_ELC,Electrified railway tracks,TR,Türkiye,2007,2274,
RT_ELC,Electrified railway tracks,TR,Türkiye,2008,2282,
RT_ELC,Electrified railway tracks,TR,Türkiye,2009,2670,
RT_ELC,Electrified railway tracks,TR,Türkiye,2010,3161,
RT_ELC,Electrified railway tracks,TR,Türkiye,2011,3159,
RT_ELC,Electrified railway tracks,TR,Türkiye,2012,3216,
RT_ELC,Electrified railway tracks,TR,Türkiye,2013,3304,
RT_ELC,Electrified railway tracks,TR,Türkiye,2014,3748,
RT_ELC,Electrified railway tracks,TR,Türkiye,2015,3854,
RT_ELC,Electrified railway tracks,TR,Türkiye,2016,4350,
RT_ELC,Electrified railway tracks,TR,Türkiye,2017,4660,
RT_ELC,Electrified railway tracks,TR,Türkiye,2018,5467,
RT_ELC,Electrified railway tracks,TR,Türkiye,2019,5753,
RT_ELC,Electrified railway tracks,TR,Türkiye,2020,5828,i
RT_ELC,Electrified railway tracks,TR,Türkiye,2021,5986,i
RT_ELC,Electrified railway tracks,TR,Türkiye,2023,7131,
RT_ELC,Electrified railway tracks,TR,Türkiye,2024,7263,
RT_ELC,Electrified railway tracks,UA,Ukraine,1990,8113.1,
RT_ELC,Electrified railway tracks,UA,Ukraine,1991,8319,
RT_ELC,Electrified railway tracks,UA,Ukraine,1992,8364.9,
RT_ELC,Electrified railway tracks,UA,Ukraine,1993,8344.2,
RT_ELC,Electrified railway tracks,UA,Ukraine,1994,8508.1,
RT_ELC,Electrified railway tracks,UA,Ukraine,1995,8546.1,
RT_ELC,Electrified railway tracks,UK,United Kingdom,1992,12385,
RT_ELC,Electrified railway tracks,UK,United Kingdom,1993,12498,
RT_ELC,Electrified railway tracks,UK,United Kingdom,1994,12357,
RT_ELC,Electrified railway tracks,UK,United Kingdom,1995,12553,
RT_ELC,Electrified railway tracks,UK,United Kingdom,1996,12553,
RT_ELC,Electrified railway tracks,UK,United Kingdom,1997,12553,
RT_ELC,Electrified railway tracks,UK,United Kingdom,1998,12553,
RT_ELC,Electrified railway tracks,UK,United Kingdom,1999,12553,
RT_ELC,Electrified railway tracks,UK,United Kingdom,2000,12162,
RT_ELC,Electrified railway tracks,UK,United Kingdom,2001,12000,p
RT_ELC,Electrified railway tracks,UK,United Kingdom,2002,12000,p
RT_ELC,Electrified railway tracks,UK,United Kingdom,2003,12000,p
RT_ELC,Electrified railway tracks,UK,United Kingdom,2004,12000,
RT_ELC,Electrified railway tracks,UK,United Kingdom,2005,12319,
RT_ELC,Electrified railway tracks,UK,United Kingdom,2006,12453,
RT_ELC,Electrified railway tracks,UK,United Kingdom,2007,12541,
RT_ELC,Electrified railway tracks,UK,United Kingdom,2008,12534,
RT_ELC,Electrified railway tracks,UK,United Kingdom,2009,12560,
RT_ELC,Electrified railway tracks,UK,United Kingdom,2010,12821,
RT_ELC,Electrified railway tracks,UK,United Kingdom,2011,12821,i
RT_ELC,Electrified railway tracks,UK,United Kingdom,2012,13028,
RT_ELC,Electrified railway tracks,UK,United Kingdom,2013,13105,
RT_ELC,Electrified railway tracks,UK,United Kingdom,2014,13252,
RT_ELC,Electrified railway tracks,UK,United Kingdom,2015,13281,
RT_ELC,Electrified railway tracks,UK,United Kingdom,2016,13264,
RT_ELC,Electrified railway tracks,UK,United Kingdom,2017,14347,
RT_ELC,Electrified railway tracks,UK,United Kingdom,2018,14292,
RT_ELC,Electrified railway tracks,UK,United Kingdom,2019,14474,
RT_ELC,Electrified railway tracks,UK,United Kingdom,2020,14532,
RT_ELC,Electrified railway tracks,UK,United Kingdom,2021,14539,
RT_ELC,Electrified railway tracks,UK,United Kingdom,2022,14578,
RT_ELC,Electrified railway tracks,UK,United Kingdom,2023,14760,
RT_ELC,Electrified railway tracks,UK,United Kingdom,2024,14881,
RT_ELC,Electrified railway tracks,XK,Kosovo*,2017,0,
RT_ELC,Electrified railway tracks,XK,Kosovo*,2018,0,
RT_ELC,Electrified railway tracks,XK,Kosovo*,2019,0,
RT_ELC,Electrified railway tracks,XK,Kosovo*,2020,0,
RT_ELC,Electrified railway tracks,XK,Kosovo*,2021,0,
RT_ELC,Electrified railway tracks,XK,Kosovo*,2022,0,
RT_ELC,Electrified railway tracks,XK,Kosovo*,2023,0,i
RT_ELC,Electrified railway tracks,XK,Kosovo*,2024,0,i
RT_NELC,Non-electrified railway tracks,AL,Albania,1993,720,
RT_NELC,Non-electrified railway tracks,AL,Albania,1994,720,
RT_NELC,Non-electrified railway tracks,AL,Albania,1995,720,
RT_NELC,Non-electrified railway tracks,AL,Albania,1998,667,
RT_NELC,Non-electrified railway tracks,AL,Albania,1999,667,
RT_NELC,Non-electrified railway tracks,AL,Albania,2000,667,
RT_NELC,Non-electrified railway tracks,AL,Albania,2001,543,
RT_NELC,Non-electrified railway tracks,AL,Albania,2002,597.3,
RT_NELC,Non-electrified railway tracks,AL,Albania,2013,346,
RT_NELC,Non-electrified railway tracks,AL,Albania,2014,346,
RT_NELC,Non-electrified railway tracks,AL,Albania,2015,379,
RT_NELC,Non-electrified railway tracks,AL,Albania,2016,334,
RT_NELC,Non-electrified railway tracks,AL,Albania,2017,334,
RT_NELC,Non-electrified railway tracks,AL,Albania,2018,334,
RT_NELC,Non-electrified railway tracks,AL,Albania,2019,234.85,
RT_NELC,Non-electrified railway tracks,AL,Albania,2020,204.15,
RT_NELC,Non-electrified railway tracks,AL,Albania,2021,224,
RT_NELC,Non-electrified railway tracks,AL,Albania,2022,204.15,
RT_NELC,Non-electrified railway tracks,AL,Albania,2023,252.95,
RT_NELC,Non-electrified railway tracks,AL,Albania,2024,252.95,
RT_NELC,Non-electrified railway tracks,AT,Austria,2002,3694,i
RT_NELC,Non-electrified railway tracks,AT,Austria,2003,3712,i
RT_NELC,Non-electrified railway tracks,AT,Austria,2004,2399,i
RT_NELC,Non-electrified railway tracks,AT,Austria,2005,2724,i
RT_NELC,Non-electrified railway tracks,AT,Austria,2006,2561,i
RT_NELC,Non-electrified railway tracks,AT,Austria,2009,2575,i
RT_NELC,Non-electrified railway tracks,AT,Austria,2010,1814,i
RT_NELC,Non-electrified railway tracks,AT,Austria,2011,1824,i
RT_NELC,Non-electrified railway tracks,AT,Austria,2012,1722,i
RT_NELC,Non-electrified railway tracks,AT,Austria,2013,1667,i
RT_NELC,Non-electrified railway tracks,AT,Austria,2014,1704,i
RT_NELC,Non-electrified railway tracks,AT,Austria,2015,1580,i
RT_NELC,Non-electrified railway tracks,AT,Austria,2016,1601,i
RT_NELC,Non-electrified railway tracks,AT,Austria,2017,1675,i
RT_NELC,Non-electrified railway tracks,AT,Austria,2018,2029,i
RT_NELC,Non-electrified railway tracks,AT,Austria,2019,2015,
RT_NELC,Non-electrified railway tracks,AT,Austria,2020,1989,
RT_NELC,Non-electrified railway tracks,BA,Bosnia and Herzegovina,2000,253,i
RT_NELC,Non-electrified railway tracks,BA,Bosnia and Herzegovina,2001,253,i
RT_NELC,Non-electrified railway tracks,BA,Bosnia and Herzegovina,2002,253,i
RT_NELC,Non-electrified railway tracks,BA,Bosnia and Herzegovina,2003,253,i
RT_NELC,Non-electrified railway tracks,BA,Bosnia and Herzegovina,2004,246,i
RT_NELC,Non-electrified railway tracks,BA,Bosnia and Herzegovina,2005,246,i
RT_NELC,Non-electrified railway tracks,BA,Bosnia and Herzegovina,2006,415,i
RT_NELC,Non-electrified railway tracks,BA,Bosnia and Herzegovina,2007,408,i
RT_NELC,Non-electrified railway tracks,BA,Bosnia and Herzegovina,2008,408,i
RT_NELC,Non-electrified railway tracks,BA,Bosnia and Herzegovina,2009,408,i
RT_NELC,Non-electrified railway tracks,BA,Bosnia and Herzegovina,2010,285,i
RT_NELC,Non-electrified railway tracks,BA,Bosnia and Herzegovina,2011,284,i
RT_NELC,Non-electrified railway tracks,BA,Bosnia and Herzegovina,2012,284,i
RT_NELC,Non-electrified railway tracks,BA,Bosnia and Herzegovina,2013,353,
RT_NELC,Non-electrified railway tracks,BA,Bosnia and Herzegovina,2014,353,
RT_NELC,Non-electrified railway tracks,BA,Bosnia and Herzegovina,2015,353,
RT_NELC,Non-electrified railway tracks,BA,Bosnia and Herzegovina,2016,385,
RT_NELC,Non-electrified railway tracks,BA,Bosnia and Herzegovina,2017,418,
RT_NELC,Non-electrified railway tracks,BA,Bosnia and Herzegovina,2018,418,
RT_NELC,Non-electrified railway tracks,BA,Bosnia and Herzegovina,2019,418,
RT_NELC,Non-electrified railway tracks,BA,Bosnia and Herzegovina,2020,418,
RT_NELC,Non-electrified railway tracks,BA,Bosnia and Herzegovina,2021,418,
RT_NELC,Non-electrified railway tracks,BA,Bosnia and Herzegovina,2022,418,
RT_NELC,Non-electrified railway tracks,BA,Bosnia and Herzegovina,2023,418,
RT_NELC,Non-electrified railway tracks,BA,Bosnia and Herzegovina,2024,418,
RT_NELC,Non-electrified railway tracks,BE,Belgium,1993,1436,
RT_NELC,Non-electrified railway tracks,BE,Belgium,1994,1423,
RT_NELC,Non-electrified railway tracks,BE,Belgium,1995,1368,
RT_NELC,Non-electrified railway tracks,BE,Belgium,1996,1240,
RT_NELC,Non-electrified railway tracks,BE,Belgium,1997,1235,
RT_NELC,Non-electrified railway tracks,BE,Belgium,1998,1385,
RT_NELC,Non-electrified railway tracks,BE,Belgium,1999,1354,
RT_NELC,Non-electrified railway tracks,BE,Belgium,2000,1108,
RT_NELC,Non-electrified railway tracks,BE,Belgium,2001,1107,
RT_NELC,Non-electrified railway tracks,BE,Belgium,2002,1076,
RT_NELC,Non-electrified railway tracks,BE,Belgium,2003,1049,
RT_NELC,Non-electrified railway tracks,BE,Belgium,2004,808,
RT_NELC,Non-electrified railway tracks,BE,Belgium,2005,771,
RT_NELC,Non-electrified railway tracks,BE,Belgium,2006,605,
RT_NELC,Non-electrified railway tracks,BE,Belgium,2007,507,
RT_NELC,Non-electrified railway tracks,BE,Belgium,2008,682,
RT_NELC,Non-electrified railway tracks,BE,Belgium,2009,775,
RT_NELC,Non-electrified railway tracks,BE,Belgium,2024,579,i
RT_NELC,Non-electrified railway tracks,BG,Bulgaria,1990,2850,
RT_NELC,Non-electrified railway tracks,BG,Bulgaria,1991,2853,
RT_NELC,Non-electrified railway tracks,BG,Bulgaria,1992,2798,
RT_NELC,Non-electrified railway tracks,BG,Bulgaria,1993,2797,
RT_NELC,Non-electrified railway tracks,BG,Bulgaria,1994,2794,
RT_NELC,Non-electrified railway tracks,BG,Bulgaria,1995,2780,
RT_NELC,Non-electrified railway tracks,BG,Bulgaria,1996,2694,
RT_NELC,Non-electrified railway tracks,BG,Bulgaria,1997,3608,
RT_NELC,Non-electrified railway tracks,BG,Bulgaria,1998,2628,
RT_NELC,Non-electrified railway tracks,BG,Bulgaria,1999,2628,
RT_NELC,Non-electrified railway tracks,BG,Bulgaria,2000,2651,
RT_NELC,Non-electrified railway tracks,BG,Bulgaria,2001,2473.9,
RT_NELC,Non-electrified railway tracks,BG,Bulgaria,2002,2463.3,
RT_NELC,Non-electrified railway tracks,BG,Bulgaria,2003,2445.2,
RT_NELC,Non-electrified railway tracks,BG,Bulgaria,2004,2343.8,
RT_NELC,Non-electrified railway tracks,BG,Bulgaria,2005,2115,
RT_NELC,Non-electrified railway tracks,BG,Bulgaria,2006,2048,
RT_NELC,Non-electrified railway tracks,BG,Bulgaria,2007,2087,
RT_NELC,Non-electrified railway tracks,BG,Bulgaria,2008,2057,
RT_NELC,Non-electrified railway tracks,BG,Bulgaria,2009,2041,
RT_NELC,Non-electrified railway tracks,BG,Bulgaria,2010,2036,
RT_NELC,Non-electrified railway tracks,BG,Bulgaria,2011,1848,
RT_NELC,Non-electrified railway tracks,BG,Bulgaria,2012,1846,
RT_NELC,Non-electrified railway tracks,CZ,Czechia,1993,10526,
RT_NELC,Non-electrified railway tracks,CZ,Czechia,1994,11028,
RT_NELC,Non-electrified railway tracks,CZ,Czechia,1995,10337,
RT_NELC,Non-electrified railway tracks,CZ,Czechia,1996,10226,
RT_NELC,Non-electrified railway tracks,CZ,Czechia,1997,9981,
RT_NELC,Non-electrified railway tracks,CZ,Czechia,1998,9981,
RT_NELC,Non-electrified railway tracks,CZ,Czechia,1999,10265,
RT_NELC,Non-electrified railway tracks,CZ,Czechia,2000,10412,
RT_NELC,Non-electrified railway tracks,CZ,Czechia,2001,10194,
RT_NELC,Non-electrified railway tracks,CZ,Czechia,2002,9980,
RT_NELC,Non-electrified railway tracks,CZ,Czechia,2003,9817,
RT_NELC,Non-electrified railway tracks,CZ,Czechia,2004,9463,
RT_NELC,Non-electrified railway tracks,CZ,Czechia,2005,9730,
RT_NELC,Non-electrified railway tracks,CZ,Czechia,2006,9255,
RT_NELC,Non-electrified railway tracks,CZ,Czechia,2007,9208,
RT_NELC,Non-electrified railway tracks,CZ,Czechia,2008,9071,
RT_NELC,Non-electrified railway tracks,CZ,Czechia,2009,8974,
RT_NELC,Non-electrified railway tracks,CZ,Czechia,2010,8851,
RT_NELC,Non-electrified railway tracks,CZ,Czechia,2011,8761,
RT_NELC,Non-electrified railway tracks,CZ,Czechia,2012,8733,
RT_NELC,Non-electrified railway tracks,CZ,Czechia,2013,8681,
RT_NELC,Non-electrified railway tracks,CZ,Czechia,2014,8663,
RT_NELC,Non-electrified railway tracks,CZ,Czechia,2015,8631,
RT_NELC,Non-electrified railway tracks,CZ,Czechia,2016,8600,
RT_NELC,Non-electrified railway tracks,CZ,Czechia,2017,8564,
RT_NELC,Non-electrified railway tracks,CZ,Czechia,2018,8580,
RT_NELC,Non-electrified railway tracks,CZ,Czechia,2019,8486,
RT_NELC,Non-electrified railway tracks,CZ,Czechia,2020,8443,
RT_NELC,Non-electrified railway tracks,CZ,Czechia,2021,8364,
RT_NELC,Non-electrified railway tracks,CZ,Czechia,2022,8351,
RT_NELC,Non-electrified railway tracks,CZ,Czechia,2023,8202,
RT_NELC,Non-electrified railway tracks,CZ,Czechia,2024,8202,
RT_NELC,Non-electrified railway tracks,DE,Germany,1991,44600,
RT_NELC,Non-electrified railway tracks,DE,Germany,1992,43809,
RT_NELC,Non-electrified railway tracks,DE,Germany,1993,40898,
RT_NELC,Non-electrified railway tracks,DE,Germany,1995,38571,
RT_NELC,Non-electrified railway tracks,DE,Germany,1996,38571,
RT_NELC,Non-electrified railway tracks,DE,Germany,1997,34817,
RT_NELC,Non-electrified railway tracks,DE,Germany,1998,32344,
RT_NELC,Non-electrified railway tracks,DE,Germany,1999,29809,
RT_NELC,Non-electrified railway tracks,DE,Germany,2000,30669.13,
RT_NELC,Non-electrified railway tracks,DE,Germany,2001,26943,
RT_NELC,Non-electrified railway tracks,DE,Germany,2002,25833,
RT_NELC,Non-electrified railway tracks,DE,Germany,2003,32171,b
RT_NELC,Non-electrified railway tracks,DE,Germany,2004,31089,
RT_NELC,Non-electrified railway tracks,DE,Germany,2005,27434,
RT_NELC,Non-electrified railway tracks,DE,Germany,2006,27434,
RT_NELC,Non-electrified railway tracks,DE,Germany,2007,27434,
RT_NELC,Non-electrified railway tracks,DE,Germany,2008,27434,
RT_NELC,Non-electrified railway tracks,DE,Germany,2009,27434,
RT_NELC,Non-electrified railway tracks,DE,Germany,2010,29663,i
RT_NELC,Non-electrified railway tracks,DE,Germany,2011,28968,i
RT_NELC,Non-electrified railway tracks,DE,Germany,2012,28805,i
RT_NELC,Non-electrified railway tracks,DE,Germany,2013,29001.915,i
RT_NELC,Non-electrified railway tracks,DE,Germany,2014,28237.883,i
RT_NELC,Non-electrified railway tracks,DE,Germany,2015,27958.691,i
RT_NELC,Non-electrified railway tracks,DE,Germany,2016,27788.134,i
RT_NELC,Non-electrified railway tracks,DE,Germany,2017,28052.418,i
RT_NELC,Non-electrified railway tracks,DE,Germany,2018,28005.513,i
RT_NELC,Non-electrified railway tracks,DE,Germany,2019,28096.877,i
RT_NELC,Non-electrified railway tracks,DE,Germany,2020,27362.66,
RT_NELC,Non-electrified railway tracks,DE,Germany,2021,26753.085,i
RT_NELC,Non-electrified railway tracks,DK,Denmark,1992,4338,
RT_NELC,Non-electrified railway tracks,DK,Denmark,1993,4338,
RT_NELC,Non-electrified railway tracks,DK,Denmark,1994,4338,
RT_NELC,Non-electrified railway tracks,DK,Denmark,1997,2564,
RT_NELC,Non-electrified railway tracks,DK,Denmark,1998,2564,
RT_NELC,Non-electrified railway tracks,EE,Estonia,1992,1657.4,
RT_NELC,Non-electrified railway tracks,EE,Estonia,1993,1657.4,
RT_NELC,Non-electrified railway tracks,EE,Estonia,1994,1649.8,
RT_NELC,Non-electrified railway tracks,EE,Estonia,1995,1601.8,
RT_NELC,Non-electrified railway tracks,EE,Estonia,1996,1584.7,
RT_NELC,Non-electrified railway tracks,EE,Estonia,1997,1546.6,
RT_NELC,Non-electrified railway tracks,EE,Estonia,1998,1564,
RT_NELC,Non-electrified railway tracks,EE,Estonia,1999,1564,
RT_NELC,Non-electrified railway tracks,EE,Estonia,2000,1372,
RT_NELC,Non-electrified railway tracks,EE,Estonia,2001,1390,
RT_NELC,Non-electrified railway tracks,EE,Estonia,2002,1299.8,
RT_NELC,Non-electrified railway tracks,EE,Estonia,2003,1358.5,
RT_NELC,Non-electrified railway tracks,EE,Estonia,2004,1456,
RT_NELC,Non-electrified railway tracks,EE,Estonia,2005,1667,
RT_NELC,Non-electrified railway tracks,EE,Estonia,2006,2602,
RT_NELC,Non-electrified railway tracks,EE,Estonia,2007,2068,
RT_NELC,Non-electrified railway tracks,EE,Estonia,2008,2011,
RT_NELC,Non-electrified railway tracks,EE,Estonia,2009,2036,
RT_NELC,Non-electrified railway tracks,EE,Estonia,2010,2035,
RT_NELC,Non-electrified railway tracks,EE,Estonia,2011,2032,
RT_NELC,Non-electrified railway tracks,EE,Estonia,2012,2032,
RT_NELC,Non-electrified railway tracks,EE,Estonia,2013,2014,
RT_NELC,Non-electrified railway tracks,EE,Estonia,2014,2014,
RT_NELC,Non-electrified railway tracks,EE,Estonia,2015,2012,
RT_NELC,Non-electrified railway tracks,EE,Estonia,2016,2009,
RT_NELC,Non-electrified railway tracks,EE,Estonia,2017,2012,
RT_NELC,Non-electrified railway tracks,EE,Estonia,2018,2008,
RT_NELC,Non-electrified railway tracks,EE,Estonia,2019,2006,
RT_NELC,Non-electrified railway tracks,EE,Estonia,2020,2005,
RT_NELC,Non-electrified railway tracks,EE,Estonia,2021,1918,
RT_NELC,Non-electrified railway tracks,EE,Estonia,2022,1918,
RT_NELC,Non-electrified railway tracks,EE,Estonia,2023,1902,
RT_NELC,Non-electrified railway tracks,EE,Estonia,2024,1891,
RT_NELC,Non-electrified railway tracks,EL,Greece,1990,2729,i
RT_NELC,Non-electrified railway tracks,EL,Greece,1991,2729,i
RT_NELC,Non-electrified railway tracks,EL,Greece,1992,2729,i
RT_NELC,Non-electrified railway tracks,EL,Greece,1993,2719,i
RT_NELC,Non-electrified railway tracks,EL,Greece,1994,2745,i
RT_NELC,Non-electrified railway tracks,EL,Greece,1995,2768,i
RT_NELC,Non-electrified railway tracks,EL,Greece,1996,2778,i
RT_NELC,Non-electrified railway tracks,EL,Greece,1997,2725,i
RT_NELC,Non-electrified railway tracks,EL,Greece,1998,2538,i
RT_NELC,Non-electrified railway tracks,EL,Greece,1999,2538,
RT_NELC,Non-electrified railway tracks,EL,Greece,2000,2657,
RT_NELC,Non-electrified railway tracks,EL,Greece,2001,2651,
RT_NELC,Non-electrified railway tracks,EL,Greece,2002,2657,
RT_NELC,Non-electrified railway tracks,EL,Greece,2003,2739,
RT_NELC,Non-electrified railway tracks,EL,Greece,2004,2797,
RT_NELC,Non-electrified railway tracks,EL,Greece,2005,3010,
RT_NELC,Non-electrified railway tracks,EL,Greece,2006,2865,
RT_NELC,Non-electrified railway tracks,EL,Greece,2007,2741,
RT_NELC,Non-electrified railway tracks,EL,Greece,2008,2613,
RT_NELC,Non-electrified railway tracks,EL,Greece,2009,2621,
RT_NELC,Non-electrified railway tracks,EL,Greece,2010,2413,
RT_NELC,Non-electrified railway tracks,EL,Greece,2011,2279,
RT_NELC,Non-electrified railway tracks,EL,Greece,2012,2279,
RT_NELC,Non-electrified railway tracks,EL,Greece,2013,2317,
RT_NELC,Non-electrified railway tracks,EL,Greece,2014,1881,
RT_NELC,Non-electrified railway tracks,EL,Greece,2015,1883,
RT_NELC,Non-electrified railway tracks,EL,Greece,2016,1831,
RT_NELC,Non-electrified railway tracks,EL,Greece,2017,1807,
RT_NELC,Non-electrified railway tracks,EL,Greece,2018,1619,
RT_NELC,Non-electrified railway tracks,EL,Greece,2019,1554,
RT_NELC,Non-electrified railway tracks,EL,Greece,2020,1684,
RT_NELC,Non-electrified railway tracks,EL,Greece,2021,1684,
RT_NELC,Non-electrified railway tracks,EL,Greece,2022,1323,
RT_NELC,Non-electrified railway tracks,EL,Greece,2023,1155,
RT_NELC,Non-electrified railway tracks,EL,Greece,2024,1151,
RT_NELC,Non-electrified railway tracks,ES,Spain,2005,6309,
RT_NELC,Non-electrified railway tracks,ES,Spain,2006,6297,
RT_NELC,Non-electrified railway tracks,ES,Spain,2007,6314,
RT_NELC,Non-electrified railway tracks,ES,Spain,2008,6298,
RT_NELC,Non-electrified railway tracks,ES,Spain,2009,6261,
RT_NELC,Non-electrified railway tracks,ES,Spain,2010,6281,
RT_NELC,Non-electrified railway tracks,ES,Spain,2011,6134,
RT_NELC,Non-electrified railway tracks,ES,Spain,2012,6088,
RT_NELC,Non-electrified railway tracks,ES,Spain,2013,6085,
RT_NELC,Non-electrified railway tracks,ES,Spain,2014,6032,
RT_NELC,Non-electrified railway tracks,ES,Spain,2015,5687,
RT_NELC,Non-electrified railway tracks,ES,Spain,2016,5857,
RT_NELC,Non-electrified railway tracks,ES,Spain,2017,5860,
RT_NELC,Non-electrified railway tracks,ES,Spain,2018,5831,
RT_NELC,Non-electrified railway tracks,ES,Spain,2019,5783.709,
RT_NELC,Non-electrified railway tracks,ES,Spain,2020,5746.048,
RT_NELC,Non-electrified railway tracks,ES,Spain,2021,5699.019,
RT_NELC,Non-electrified railway tracks,ES,Spain,2022,5885.502,
RT_NELC,Non-electrified railway tracks,ES,Spain,2023,5395.879,
RT_NELC,Non-electrified railway tracks,ES,Spain,2024,5391.993,
RT_NELC,Non-electrified railway tracks,FI,Finland,1990,6032,
RT_NELC,Non-electrified railway tracks,FI,Finland,1991,5848,
RT_NELC,Non-electrified railway tracks,FI,Finland,1992,5895,
RT_NELC,Non-electrified railway tracks,FI,Finland,1993,6078,
RT_NELC,Non-electrified railway tracks,FI,Finland,1994,5680,
RT_NELC,Non-electrified railway tracks,FI,Finland,1995,5606,
RT_NELC,Non-electrified railway tracks,FI,Finland,1996,5558,
RT_NELC,Non-electrified railway tracks,FI,Finland,1997,5334,
RT_NELC,Non-electrified railway tracks,FI,Finland,1998,5147,
RT_NELC,Non-electrified railway tracks,FI,Finland,1999,5057,
RT_NELC,Non-electrified railway tracks,FI,Finland,2000,4936,
RT_NELC,Non-electrified railway tracks,FI,Finland,2001,4904,
RT_NELC,Non-electrified railway tracks,FI,Finland,2002,4904,
RT_NELC,Non-electrified railway tracks,FI,Finland,2003,4869,
RT_NELC,Non-electrified railway tracks,FI,Finland,2004,4501,
RT_NELC,Non-electrified railway tracks,FI,Finland,2005,4494,
RT_NELC,Non-electrified railway tracks,FI,Finland,2006,4234,
RT_NELC,Non-electrified railway tracks,FI,Finland,2007,4220,
RT_NELC,Non-electrified railway tracks,FI,Finland,2008,4219,
RT_NELC,Non-electrified railway tracks,FI,Finland,2009,4216,
RT_NELC,Non-electrified railway tracks,FI,Finland,2010,4189,
RT_NELC,Non-electrified railway tracks,FI,Finland,2011,4111,
RT_NELC,Non-electrified railway tracks,FI,Finland,2012,4098,
RT_NELC,Non-electrified railway tracks,FI,Finland,2013,3681,
RT_NELC,Non-electrified railway tracks,FI,Finland,2014,3531,
RT_NELC,Non-electrified railway tracks,FI,Finland,2015,3495,b
RT_NELC,Non-electrified railway tracks,FI,Finland,2016,2660,
RT_NELC,Non-electrified railway tracks,FI,Finland,2017,2645,
RT_NELC,Non-electrified railway tracks,FI,Finland,2018,2598,
RT_NELC,Non-electrified railway tracks,FI,Finland,2019,2595,
RT_NELC,Non-electrified railway tracks,FI,Finland,2020,2573,
RT_NELC,Non-electrified railway tracks,FI,Finland,2021,2562,
RT_NELC,Non-electrified railway tracks,FI,Finland,2022,2493,
RT_NELC,Non-electrified railway tracks,FI,Finland,2023,2495,
RT_NELC,Non-electrified railway tracks,FI,Finland,2024,2285,
RT_NELC,Non-electrified railway tracks,FR,France,1993,23962,
RT_NELC,Non-electrified railway tracks,FR,France,1994,23302,
RT_NELC,Non-electrified railway tracks,FR,France,1995,22158,
RT_NELC,Non-electrified railway tracks,FR,France,1996,21907,
RT_NELC,Non-electrified railway tracks,FR,France,1997,19413,
RT_NELC,Non-electrified railway tracks,FR,France,1998,19317,
RT_NELC,Non-electrified railway tracks,FR,France,1999,19210,
RT_NELC,Non-electrified railway tracks,FR,France,2000,19041,
RT_NELC,Non-electrified railway tracks,FR,France,2001,18819,
RT_NELC,Non-electrified railway tracks,FR,France,2002,18704,
RT_NELC,Non-electrified railway tracks,FR,France,2003,18703,
RT_NELC,Non-electrified railway tracks,FR,France,2004,18600,
RT_NELC,Non-electrified railway tracks,FR,France,2005,18292,
RT_NELC,Non-electrified railway tracks,FR,France,2006,18292,
RT_NELC,Non-electrified railway tracks,FR,France,2007,18128,
RT_NELC,Non-electrified railway tracks,FR,France,2009,20123,
RT_NELC,Non-electrified railway tracks,FR,France,2017,15465.643,
RT_NELC,Non-electrified railway tracks,FR,France,2018,15182,
RT_NELC,Non-electrified railway tracks,FR,France,2019,15123,
RT_NELC,Non-electrified railway tracks,FR,France,2020,14978,
RT_NELC,Non-electrified railway tracks,FR,France,2021,14745,
RT_NELC,Non-electrified railway tracks,FR,France,2022,14375,
RT_NELC,Non-electrified railway tracks,FR,France,2023,14357,
RT_NELC,Non-electrified railway tracks,FR,France,2024,13894,
RT_NELC,Non-electrified railway tracks,GE,Georgia,2010,174,
RT_NELC,Non-electrified railway tracks,GE,Georgia,2015,42.1,
RT_NELC,Non-electrified railway tracks,GE,Georgia,2016,42.052,
RT_NELC,Non-electrified railway tracks,GE,Georgia,2017,41.894,
RT_NELC,Non-electrified railway tracks,GE,Georgia,2018,42,
RT_NELC,Non-electrified railway tracks,GE,Georgia,2019,41.9,
RT_NELC,Non-electrified railway tracks,GE,Georgia,2020,41.721,
RT_NELC,Non-electrified railway tracks,GE,Georgia,2021,37.8,
RT_NELC,Non-electrified railway tracks,GE,Georgia,2022,37.8,
RT_NELC,Non-electrified railway tracks,GE,Georgia,2023,37.8,
RT_NELC,Non-electrified railway tracks,GE,Georgia,2024,37.7,
RT_NELC,Non-electrified railway tracks,HR,Croatia,1992,2889,
RT_NELC,Non-electrified railway tracks,HR,Croatia,1993,1716,
RT_NELC,Non-electrified railway tracks,HR,Croatia,1994,2811,
RT_NELC,Non-electrified railway tracks,HR,Croatia,1995,2839,
RT_NELC,Non-electrified railway tracks,HR,Croatia,1996,2074,
RT_NELC,Non-electrified railway tracks,HR,Croatia,1997,2453,
RT_NELC,Non-electrified railway tracks,HR,Croatia,1998,2452,
RT_NELC,Non-electrified railway tracks,HR,Croatia,1999,2452,
RT_NELC,Non-electrified railway tracks,HR,Croatia,2000,2444,
RT_NELC,Non-electrified railway tracks,HR,Croatia,2001,2441,
RT_NELC,Non-electrified railway tracks,HR,Croatia,2002,2412,
RT_NELC,Non-electrified railway tracks,HR,Croatia,2003,2438,
RT_NELC,Non-electrified railway tracks,HR,Croatia,2004,2482,
RT_NELC,Non-electrified railway tracks,HR,Croatia,2005,2482,
RT_NELC,Non-electrified railway tracks,HR,Croatia,2006,2474,
RT_NELC,Non-electrified railway tracks,HR,Croatia,2007,2472,
RT_NELC,Non-electrified railway tracks,HR,Croatia,2008,2449,
RT_NELC,Non-electrified railway tracks,HR,Croatia,2009,2448,
RT_NELC,Non-electrified railway tracks,HR,Croatia,2010,2446,
RT_NELC,Non-electrified railway tracks,HR,Croatia,2011,2445,
RT_NELC,Non-electrified railway tracks,HR,Croatia,2012,2455,
RT_NELC,Non-electrified railway tracks,HR,Croatia,2013,2434,
RT_NELC,Non-electrified railway tracks,HR,Croatia,2014,2364,
RT_NELC,Non-electrified railway tracks,HR,Croatia,2015,2314,
RT_NELC,Non-electrified railway tracks,HR,Croatia,2016,2311,
RT_NELC,Non-electrified railway tracks,HR,Croatia,2017,2303,
RT_NELC,Non-electrified railway tracks,HR,Croatia,2018,2300,
RT_NELC,Non-electrified railway tracks,HR,Croatia,2019,2307,
RT_NELC,Non-electrified railway tracks,HR,Croatia,2020,2315,
RT_NELC,Non-electrified railway tracks,HR,Croatia,2021,2295,
RT_NELC,Non-electrified railway tracks,HR,Croatia,2022,2288,
RT_NELC,Non-electrified railway tracks,HR,Croatia,2023,2267,
RT_NELC,Non-electrified railway tracks,HR,Croatia,2024,2256,
RT_NELC,Non-electrified railway tracks,HU,Hungary,1990,8234,
RT_NELC,Non-electrified railway tracks,HU,Hungary,1991,8578,
RT_NELC,Non-electrified railway tracks,HU,Hungary,1992,7676,
RT_NELC,Non-electrified railway tracks,HU,Hungary,1993,7754,
RT_NELC,Non-electrified railway tracks,HU,Hungary,1994,7636,
RT_NELC,Non-electrified railway tracks,HU,Hungary,1995,7500,
RT_NELC,Non-electrified railway tracks,HU,Hungary,1996,7265,
RT_NELC,Non-electrified railway tracks,HU,Hungary,1997,7986,
RT_NELC,Non-electrified railway tracks,HU,Hungary,1998,7170,
RT_NELC,Non-electrified railway tracks,HU,Hungary,1999,7144,
RT_NELC,Non-electrified railway tracks,HU,Hungary,2000,6936,
RT_NELC,Non-electrified railway tracks,HU,Hungary,2001,6954,
RT_NELC,Non-electrified railway tracks,HU,Hungary,2002,6864,
RT_NELC,Non-electrified railway tracks,HU,Hungary,2003,6862,
RT_NELC,Non-electrified railway tracks,HU,Hungary,2004,6844,
RT_NELC,Non-electrified railway tracks,HU,Hungary,2005,6845,
RT_NELC,Non-electrified railway tracks,HU,Hungary,2006,5557,
RT_NELC,Non-electrified railway tracks,HU,Hungary,2007,5267,
RT_NELC,Non-electrified railway tracks,HU,Hungary,2008,5252,
RT_NELC,Non-electrified railway tracks,HU,Hungary,2009,5252,
RT_NELC,Non-electrified railway tracks,HU,Hungary,2010,5152,
RT_NELC,Non-electrified railway tracks,HU,Hungary,2011,5339.1,
RT_NELC,Non-electrified railway tracks,HU,Hungary,2012,5309.4,
RT_NELC,Non-electrified railway tracks,HU,Hungary,2013,5416.4,
RT_NELC,Non-electrified railway tracks,HU,Hungary,2014,5326,
RT_NELC,Non-electrified railway tracks,HU,Hungary,2015,5259,
RT_NELC,Non-electrified railway tracks,HU,Hungary,2016,6003,
RT_NELC,Non-electrified railway tracks,HU,Hungary,2017,6018,
RT_NELC,Non-electrified railway tracks,HU,Hungary,2018,5827,
RT_NELC,Non-electrified railway tracks,HU,Hungary,2019,5785,
RT_NELC,Non-electrified railway tracks,HU,Hungary,2020,5833,
RT_NELC,Non-electrified railway tracks,HU,Hungary,2021,5824,
RT_NELC,Non-electrified railway tracks,HU,Hungary,2022,5841,
RT_NELC,Non-electrified railway tracks,HU,Hungary,2023,4094,
RT_NELC,Non-electrified railway tracks,HU,Hungary,2024,4081,
RT_NELC,Non-electrified railway tracks,IE,Ireland,2013,2318.5,
RT_NELC,Non-electrified railway tracks,IE,Ireland,2014,2318.5,
RT_NELC,Non-electrified railway tracks,IE,Ireland,2015,2318.5,
RT_NELC,Non-electrified railway tracks,IE,Ireland,2016,2318.5,
RT_NELC,Non-electrified railway tracks,IE,Ireland,2017,2318.5,
RT_NELC,Non-electrified railway tracks,IE,Ireland,2018,2318.5,
RT_NELC,Non-electrified railway tracks,IE,Ireland,2019,2318.5,
RT_NELC,Non-electrified railway tracks,IE,Ireland,2020,2318.5,
RT_NELC,Non-electrified railway tracks,IE,Ireland,2021,2318.5,
RT_NELC,Non-electrified railway tracks,IE,Ireland,2022,2318.5,
RT_NELC,Non-electrified railway tracks,IE,Ireland,2023,2318.5,i
RT_NELC,Non-electrified railway tracks,IE,Ireland,2024,2318.5,
RT_NELC,Non-electrified railway tracks,IT,Italy,1995,5912,
RT_NELC,Non-electrified railway tracks,IT,Italy,1996,5742,
RT_NELC,Non-electrified railway tracks,IT,Italy,1997,5716,
RT_NELC,Non-electrified railway tracks,IT,Italy,1998,5633,
RT_NELC,Non-electrified railway tracks,IT,Italy,1999,5475,
RT_NELC,Non-electrified railway tracks,IT,Italy,2000,5458,
RT_NELC,Non-electrified railway tracks,IT,Italy,2001,5215,
RT_NELC,Non-electrified railway tracks,IT,Italy,2002,5138,
RT_NELC,Non-electrified railway tracks,IT,Italy,2003,5043,
RT_NELC,Non-electrified railway tracks,IT,Italy,2004,4916,
RT_NELC,Non-electrified railway tracks,IT,Italy,2005,4895,
RT_NELC,Non-electrified railway tracks,IT,Italy,2006,4907,
RT_NELC,Non-electrified railway tracks,IT,Italy,2007,4885,
RT_NELC,Non-electrified railway tracks,IT,Italy,2008,4882,
RT_NELC,Non-electrified railway tracks,IT,Italy,2009,4875,
RT_NELC,Non-electrified railway tracks,IT,Italy,2010,4875,
RT_NELC,Non-electrified railway tracks,IT,Italy,2011,4878,
RT_NELC,Non-electrified railway tracks,IT,Italy,2012,4887,
RT_NELC,Non-electrified railway tracks,IT,Italy,2013,4860,i
RT_NELC,Non-electrified railway tracks,IT,Italy,2014,4860,i
RT_NELC,Non-electrified railway tracks,IT,Italy,2015,4859,i
RT_NELC,Non-electrified railway tracks,IT,Italy,2016,4842,i
RT_NELC,Non-electrified railway tracks,IT,Italy,2017,4842,
RT_NELC,Non-electrified railway tracks,IT,Italy,2018,4840,
RT_NELC,Non-electrified railway tracks,IT,Italy,2019,4840,
RT_NELC,Non-electrified railway tracks,IT,Italy,2020,4794,
RT_NELC,Non-electrified railway tracks,IT,Italy,2021,4748,
RT_NELC,Non-electrified railway tracks,IT,Italy,2022,4722,
RT_NELC,Non-electrified railway tracks,IT,Italy,2023,4627,
RT_NELC,Non-electrified railway tracks,IT,Italy,2024,4679,
RT_NELC,Non-electrified railway tracks,LI,Liechtenstein,2013,0,
RT_NELC,Non-electrified railway tracks,LI,Liechtenstein,2014,0,
RT_NELC,Non-electrified railway tracks,LI,Liechtenstein,2015,0,
RT_NELC,Non-electrified railway tracks,LI,Liechtenstein,2016,0,
RT_NELC,Non-electrified railway tracks,LI,Liechtenstein,2017,0,
RT_NELC,Non-electrified railway tracks,LI,Liechtenstein,2018,0,
RT_NELC,Non-electrified railway tracks,LI,Liechtenstein,2019,0,
RT_NELC,Non-electrified railway tracks,LI,Liechtenstein,2020,0,
RT_NELC,Non-electrified railway tracks,LI,Liechtenstein,2021,0,
RT_NELC,Non-electrified railway tracks,LI,Liechtenstein,2022,0,
RT_NELC,Non-electrified railway tracks,LI,Liechtenstein,2023,0,
RT_NELC,Non-electrified railway tracks,LI,Liechtenstein,2024,0,
RT_NELC,Non-electrified railway tracks,LT,Lithuania,1992,2425.2,
RT_NELC,Non-electrified railway tracks,LT,Lithuania,1993,2384.7,
RT_NELC,Non-electrified railway tracks,LT,Lithuania,1994,2456.7,
RT_NELC,Non-electrified railway tracks,LT,Lithuania,1995,2456.7,
RT_NELC,Non-electrified railway tracks,LT,Lithuania,1996,2318.3,
RT_NELC,Non-electrified railway tracks,LT,Lithuania,1997,2318.4,
RT_NELC,Non-electrified railway tracks,LT,Lithuania,1998,2318,
RT_NELC,Non-electrified railway tracks,LT,Lithuania,1999,2225,
RT_NELC,Non-electrified railway tracks,LT,Lithuania,2000,2259.1,
RT_NELC,Non-electrified railway tracks,LT,Lithuania,2001,2014,
RT_NELC,Non-electrified railway tracks,LT,Lithuania,2002,1990.4,
RT_NELC,Non-electrified railway tracks,LT,Lithuania,2003,1962.8,
RT_NELC,Non-electrified railway tracks,LT,Lithuania,2004,1957.2,
RT_NELC,Non-electrified railway tracks,LT,Lithuania,2005,1944.9,
RT_NELC,Non-electrified railway tracks,LT,Lithuania,2006,1944.9,
RT_NELC,Non-electrified railway tracks,LT,Lithuania,2007,1937.8,
RT_NELC,Non-electrified railway tracks,LT,Lithuania,2008,1937.1,
RT_NELC,Non-electrified railway tracks,LT,Lithuania,2009,1939.8,
RT_NELC,Non-electrified railway tracks,LT,Lithuania,2010,1941.6,
RT_NELC,Non-electrified railway tracks,LT,Lithuania,2011,1941.7,
RT_NELC,Non-electrified railway tracks,LT,Lithuania,2012,1946.4,
RT_NELC,Non-electrified railway tracks,LT,Lithuania,2013,1946.4,
RT_NELC,Non-electrified railway tracks,LT,Lithuania,2014,1946.2,
RT_NELC,Non-electrified railway tracks,LT,Lithuania,2015,2093.2,
RT_NELC,Non-electrified railway tracks,LT,Lithuania,2016,2093.4,
RT_NELC,Non-electrified railway tracks,LT,Lithuania,2017,2032.8,
RT_NELC,Non-electrified railway tracks,LT,Lithuania,2018,2032.2,
RT_NELC,Non-electrified railway tracks,LT,Lithuania,2019,2028.4,
RT_NELC,Non-electrified railway tracks,LT,Lithuania,2020,2028.5,
RT_NELC,Non-electrified railway tracks,LT,Lithuania,2021,2028.5,
RT_NELC,Non-electrified railway tracks,LT,Lithuania,2022,2088.6,
RT_NELC,Non-electrified railway tracks,LT,Lithuania,2023,2093.7,
RT_NELC,Non-electrified railway tracks,LT,Lithuania,2024,2097.7,
RT_NELC,Non-electrified railway tracks,LU,Luxembourg,1995,92,
RT_NELC,Non-electrified railway tracks,LU,Luxembourg,1996,92,
RT_NELC,Non-electrified railway tracks,LU,Luxembourg,1997,92,
RT_NELC,Non-electrified railway tracks,LU,Luxembourg,1998,92,
RT_NELC,Non-electrified railway tracks,LU,Luxembourg,1999,92,
RT_NELC,Non-electrified railway tracks,LU,Luxembourg,2000,43,
RT_NELC,Non-electrified railway tracks,LU,Luxembourg,2001,43,
RT_NELC,Non-electrified railway tracks,LU,Luxembourg,2002,44,
RT_NELC,Non-electrified railway tracks,LU,Luxembourg,2003,44,
RT_NELC,Non-electrified railway tracks,LU,Luxembourg,2004,43,
RT_NELC,Non-electrified railway tracks,LU,Luxembourg,2005,43,
RT_NELC,Non-electrified railway tracks,LU,Luxembourg,2006,43,
RT_NELC,Non-electrified railway tracks,LU,Luxembourg,2007,43,
RT_NELC,Non-electrified railway tracks,LU,Luxembourg,2008,43,
RT_NELC,Non-electrified railway tracks,LU,Luxembourg,2009,31,
RT_NELC,Non-electrified railway tracks,LU,Luxembourg,2010,31,
RT_NELC,Non-electrified railway tracks,LU,Luxembourg,2011,31,
RT_NELC,Non-electrified railway tracks,LU,Luxembourg,2012,31,
RT_NELC,Non-electrified railway tracks,LU,Luxembourg,2013,31,
RT_NELC,Non-electrified railway tracks,LU,Luxembourg,2014,31,
RT_NELC,Non-electrified railway tracks,LU,Luxembourg,2015,36,
RT_NELC,Non-electrified railway tracks,LU,Luxembourg,2016,36,
RT_NELC,Non-electrified railway tracks,LU,Luxembourg,2017,32,
RT_NELC,Non-electrified railway tracks,LU,Luxembourg,2018,32,
RT_NELC,Non-electrified railway tracks,LU,Luxembourg,2019,32,
RT_NELC,Non-electrified railway tracks,LU,Luxembourg,2020,32,
RT_NELC,Non-electrified railway tracks,LU,Luxembourg,2021,36,
RT_NELC,Non-electrified railway tracks,LU,Luxembourg,2022,32,
RT_NELC,Non-electrified railway tracks,LU,Luxembourg,2023,32,
RT_NELC,Non-electrified railway tracks,LU,Luxembourg,2024,32,
RT_NELC,Non-electrified railway tracks,LV,Latvia,1990,3458,
RT_NELC,Non-electrified railway tracks,LV,Latvia,1993,2142,
RT_NELC,Non-electrified railway tracks,LV,Latvia,1994,2433,
RT_NELC,Non-electrified railway tracks,LV,Latvia,1995,2433,
RT_NELC,Non-electrified railway tracks,LV,Latvia,1996,2433,
RT_NELC,Non-electrified railway tracks,LV,Latvia,1997,2433,
RT_NELC,Non-electrified railway tracks,LV,Latvia,1998,2434,
RT_NELC,Non-electrified railway tracks,LV,Latvia,1999,2446,
RT_NELC,Non-electrified railway tracks,LV,Latvia,2000,2364,
RT_NELC,Non-electrified railway tracks,LV,Latvia,2001,2336,
RT_NELC,Non-electrified railway tracks,LV,Latvia,2002,2326,
RT_NELC,Non-electrified railway tracks,LV,Latvia,2003,2326,
RT_NELC,Non-electrified railway tracks,LV,Latvia,2004,2326,
RT_NELC,Non-electrified railway tracks,LV,Latvia,2005,2326,
RT_NELC,Non-electrified railway tracks,LV,Latvia,2006,2326,
RT_NELC,Non-electrified railway tracks,LV,Latvia,2007,2326,
RT_NELC,Non-electrified railway tracks,LV,Latvia,2008,1917,
RT_NELC,Non-electrified railway tracks,LV,Latvia,2009,1558,
RT_NELC,Non-electrified railway tracks,LV,Latvia,2010,1554,
RT_NELC,Non-electrified railway tracks,LV,Latvia,2011,1554,
RT_NELC,Non-electrified railway tracks,LV,Latvia,2012,1662,
RT_NELC,Non-electrified railway tracks,LV,Latvia,2013,1667,
RT_NELC,Non-electrified railway tracks,LV,Latvia,2014,1712,
RT_NELC,Non-electrified railway tracks,LV,Latvia,2015,1715,
RT_NELC,Non-electrified railway tracks,LV,Latvia,2016,1715,
RT_NELC,Non-electrified railway tracks,LV,Latvia,2017,1715,
RT_NELC,Non-electrified railway tracks,LV,Latvia,2018,1715,
RT_NELC,Non-electrified railway tracks,LV,Latvia,2019,1715,
RT_NELC,Non-electrified railway tracks,LV,Latvia,2020,1713.8,
RT_NELC,Non-electrified railway tracks,LV,Latvia,2021,1710.8,
RT_NELC,Non-electrified railway tracks,LV,Latvia,2022,1710.7,
RT_NELC,Non-electrified railway tracks,LV,Latvia,2023,1718.2,
RT_NELC,Non-electrified railway tracks,LV,Latvia,2024,1718.2,
RT_NELC,Non-electrified railway tracks,MD,Moldova,1992,1328.3,
RT_NELC,Non-electrified railway tracks,MD,Moldova,1993,1318.3,
RT_NELC,Non-electrified railway tracks,MD,Moldova,1994,1318.3,
RT_NELC,Non-electrified railway tracks,MD,Moldova,1995,1326.3,
RT_NELC,Non-electrified railway tracks,MD,Moldova,1996,1326.3,
RT_NELC,Non-electrified railway tracks,MD,Moldova,1997,1322.3,
RT_NELC,Non-electrified railway tracks,MD,Moldova,1998,1219.6,
RT_NELC,Non-electrified railway tracks,MD,Moldova,1999,1140.3,
RT_NELC,Non-electrified railway tracks,MD,Moldova,2000,1139.3,
RT_NELC,Non-electrified railway tracks,MD,Moldova,2001,1121.2,
RT_NELC,Non-electrified railway tracks,MD,Moldova,2002,1120.5,
RT_NELC,Non-electrified railway tracks,MD,Moldova,2004,1075,
RT_NELC,Non-electrified railway tracks,MD,Moldova,2009,2034,
RT_NELC,Non-electrified railway tracks,MD,Moldova,2010,2039.6,
RT_NELC,Non-electrified railway tracks,MD,Moldova,2011,2029.8,
RT_NELC,Non-electrified railway tracks,MD,Moldova,2012,2024.6,
RT_NELC,Non-electrified railway tracks,MD,Moldova,2013,2020,
RT_NELC,Non-electrified railway tracks,MD,Moldova,2014,2015.1,
RT_NELC,Non-electrified railway tracks,MD,Moldova,2015,2006.9,
RT_NELC,Non-electrified railway tracks,MD,Moldova,2016,2006,
RT_NELC,Non-electrified railway tracks,MD,Moldova,2017,2006.3,
RT_NELC,Non-electrified railway tracks,MD,Moldova,2018,2001.3,
RT_NELC,Non-electrified railway tracks,MD,Moldova,2019,1997.8,
RT_NELC,Non-electrified railway tracks,MD,Moldova,2020,1997.1,
RT_NELC,Non-electrified railway tracks,MD,Moldova,2021,1996.7,
RT_NELC,Non-electrified railway tracks,MD,Moldova,2022,1997.1,
RT_NELC,Non-electrified railway tracks,MD,Moldova,2023,1991.6,
RT_NELC,Non-electrified railway tracks,MD,Moldova,2024,1988.8,
RT_NELC,Non-electrified railway tracks,ME,Montenegro,2011,24.7,i
RT_NELC,Non-electrified railway tracks,ME,Montenegro,2012,24.7,i
RT_NELC,Non-electrified railway tracks,ME,Montenegro,2013,24.7,i
RT_NELC,Non-electrified railway tracks,ME,Montenegro,2014,25,i
RT_NELC,Non-electrified railway tracks,ME,Montenegro,2015,25,i
RT_NELC,Non-electrified railway tracks,ME,Montenegro,2016,25,
RT_NELC,Non-electrified railway tracks,ME,Montenegro,2017,25,
RT_NELC,Non-electrified railway tracks,ME,Montenegro,2018,25,
RT_NELC,Non-electrified railway tracks,ME,Montenegro,2019,25,
RT_NELC,Non-electrified railway tracks,ME,Montenegro,2020,25,
RT_NELC,Non-electrified railway tracks,ME,Montenegro,2021,25,
RT_NELC,Non-electrified railway tracks,ME,Montenegro,2022,25,
RT_NELC,Non-electrified railway tracks,ME,Montenegro,2023,25,
RT_NELC,Non-electrified railway tracks,ME,Montenegro,2024,25,
RT_NELC,Non-electrified railway tracks,MK,North Macedonia,1990,689,
RT_NELC,Non-electrified railway tracks,MK,North Macedonia,1992,691,
RT_NELC,Non-electrified railway tracks,MK,North Macedonia,1993,691,
RT_NELC,Non-electrified railway tracks,MK,North Macedonia,1994,692,
RT_NELC,Non-electrified railway tracks,MK,North Macedonia,1995,466,
RT_NELC,Non-electrified railway tracks,MK,North Macedonia,1996,466,
RT_NELC,Non-electrified railway tracks,MK,North Macedonia,1997,609,
RT_NELC,Non-electrified railway tracks,MK,North Macedonia,1998,609,
RT_NELC,Non-electrified railway tracks,MK,North Macedonia,1999,609,
RT_NELC,Non-electrified railway tracks,MK,North Macedonia,2000,609,
RT_NELC,Non-electrified railway tracks,MK,North Macedonia,2001,609,
RT_NELC,Non-electrified railway tracks,MK,North Macedonia,2002,609,
RT_NELC,Non-electrified railway tracks,MK,North Macedonia,2004,609,
RT_NELC,Non-electrified railway tracks,MK,North Macedonia,2005,609,
RT_NELC,Non-electrified railway tracks,MK,North Macedonia,2006,609,
RT_NELC,Non-electrified railway tracks,MK,North Macedonia,2007,605,
RT_NELC,Non-electrified railway tracks,MK,North Macedonia,2008,599,
RT_NELC,Non-electrified railway tracks,MK,North Macedonia,2009,599,
RT_NELC,Non-electrified railway tracks,MK,North Macedonia,2010,599,
RT_NELC,Non-electrified railway tracks,MK,North Macedonia,2011,598,
RT_NELC,Non-electrified railway tracks,MK,North Macedonia,2012,597,
RT_NELC,Non-electrified railway tracks,MK,North Macedonia,2013,596,
RT_NELC,Non-electrified railway tracks,MK,North Macedonia,2014,596,
RT_NELC,Non-electrified railway tracks,MK,North Macedonia,2015,596,
RT_NELC,Non-electrified railway tracks,MK,North Macedonia,2016,580,
RT_NELC,Non-electrified railway tracks,MK,North Macedonia,2017,580,
RT_NELC,Non-electrified railway tracks,MK,North Macedonia,2018,580,
RT_NELC,Non-electrified railway tracks,MK,North Macedonia,2019,580,
RT_NELC,Non-electrified railway tracks,MK,North Macedonia,2020,580,
RT_NELC,Non-electrified railway tracks,MK,North Macedonia,2021,580,
RT_NELC,Non-electrified railway tracks,MK,North Macedonia,2022,580,
RT_NELC,Non-electrified railway tracks,MK,North Macedonia,2023,581,
RT_NELC,Non-electrified railway tracks,MK,North Macedonia,2024,581,
RT_NELC,Non-electrified railway tracks,NL,Netherlands,2013,875,
RT_NELC,Non-electrified railway tracks,NL,Netherlands,2014,853,
RT_NELC,Non-electrified railway tracks,NL,Netherlands,2015,857,
RT_NELC,Non-electrified railway tracks,NL,Netherlands,2016,912,
RT_NELC,Non-electrified railway tracks,NL,Netherlands,2017,912,
RT_NELC,Non-electrified railway tracks,NL,Netherlands,2018,999,
RT_NELC,Non-electrified railway tracks,NL,Netherlands,2019,999,
RT_NELC,Non-electrified railway tracks,NL,Netherlands,2020,1003,
RT_NELC,Non-electrified railway tracks,NL,Netherlands,2021,962,
RT_NELC,Non-electrified railway tracks,NL,Netherlands,2022,960,
RT_NELC,Non-electrified railway tracks,NL,Netherlands,2023,964,
RT_NELC,Non-electrified railway tracks,NL,Netherlands,2024,970,
RT_NELC,Non-electrified railway tracks,NO,Norway,1990,1618,
RT_NELC,Non-electrified railway tracks,NO,Norway,1991,1601,
RT_NELC,Non-electrified railway tracks,NO,Norway,1992,1601,
RT_NELC,Non-electrified railway tracks,NO,Norway,1993,1601,
RT_NELC,Non-electrified railway tracks,NO,Norway,1994,1601,
RT_NELC,Non-electrified railway tracks,NO,Norway,1995,1601,
RT_NELC,Non-electrified railway tracks,NO,Norway,1996,1601,
RT_NELC,Non-electrified railway tracks,NO,Norway,1997,1565,
RT_NELC,Non-electrified railway tracks,NO,Norway,1998,1565,
RT_NELC,Non-electrified railway tracks,NO,Norway,2000,1680,
RT_NELC,Non-electrified railway tracks,NO,Norway,2001,1680,
RT_NELC,Non-electrified railway tracks,NO,Norway,2002,1579,
RT_NELC,Non-electrified railway tracks,NO,Norway,2003,1579,
RT_NELC,Non-electrified railway tracks,NO,Norway,2004,1579,
RT_NELC,Non-electrified railway tracks,NO,Norway,2005,1569,
RT_NELC,Non-electrified railway tracks,NO,Norway,2006,1579,
RT_NELC,Non-electrified railway tracks,NO,Norway,2007,1582,
RT_NELC,Non-electrified railway tracks,NO,Norway,2008,1562,
RT_NELC,Non-electrified railway tracks,NO,Norway,2009,1405,
RT_NELC,Non-electrified railway tracks,NO,Norway,2010,1434,
RT_NELC,Non-electrified railway tracks,NO,Norway,2011,1434,
RT_NELC,Non-electrified railway tracks,NO,Norway,2012,1393,
RT_NELC,Non-electrified railway tracks,NO,Norway,2013,1397,
RT_NELC,Non-electrified railway tracks,NO,Norway,2014,1436,
RT_NELC,Non-electrified railway tracks,NO,Norway,2015,1436,
RT_NELC,Non-electrified railway tracks,NO,Norway,2016,1436,
RT_NELC,Non-electrified railway tracks,NO,Norway,2017,1480,
RT_NELC,Non-electrified railway tracks,NO,Norway,2018,1407,
RT_NELC,Non-electrified railway tracks,NO,Norway,2019,1407,
RT_NELC,Non-electrified railway tracks,NO,Norway,2023,1433,
RT_NELC,Non-electrified railway tracks,NO,Norway,2024,1433,
RT_NELC,Non-electrified railway tracks,PL,Poland,1990,23242,
RT_NELC,Non-electrified railway tracks,PL,Poland,1991,22274,
RT_NELC,Non-electrified railway tracks,PL,Poland,1992,21200,
RT_NELC,Non-electrified railway tracks,PL,Poland,1993,21300,
RT_NELC,Non-electrified railway tracks,PL,Poland,1994,19108,i
RT_NELC,Non-electrified railway tracks,PL,Poland,1995,19481,
RT_NELC,Non-electrified railway tracks,PL,Poland,1996,19051,
RT_NELC,Non-electrified railway tracks,PL,Poland,1997,19015,
RT_NELC,Non-electrified railway tracks,PL,Poland,1998,18479,
RT_NELC,Non-electrified railway tracks,PL,Poland,1999,17424,
RT_NELC,Non-electrified railway tracks,PL,Poland,2000,16278,
RT_NELC,Non-electrified railway tracks,PL,Poland,2001,14228,
RT_NELC,Non-electrified railway tracks,PL,Poland,2002,14763,
RT_NELC,Non-electrified railway tracks,PL,Poland,2003,13358,i
RT_NELC,Non-electrified railway tracks,PL,Poland,2004,13571,
RT_NELC,Non-electrified railway tracks,PL,Poland,2005,13405,
RT_NELC,Non-electrified railway tracks,PL,Poland,2006,13433,
RT_NELC,Non-electrified railway tracks,PL,Poland,2007,13424,
RT_NELC,Non-electrified railway tracks,PL,Poland,2008,12748,
RT_NELC,Non-electrified railway tracks,PL,Poland,2009,12859,
RT_NELC,Non-electrified railway tracks,PL,Poland,2010,12607,
RT_NELC,Non-electrified railway tracks,PL,Poland,2011,12898,
RT_NELC,Non-electrified railway tracks,PL,Poland,2012,12554,
RT_NELC,Non-electrified railway tracks,PL,Poland,2013,11939,
RT_NELC,Non-electrified railway tracks,PL,Poland,2014,12435,
RT_NELC,Non-electrified railway tracks,PL,Poland,2015,12664,
RT_NELC,Non-electrified railway tracks,PL,Poland,2016,12456,
RT_NELC,Non-electrified railway tracks,PL,Poland,2017,12296,
RT_NELC,Non-electrified railway tracks,PL,Poland,2018,12114,
RT_NELC,Non-electrified railway tracks,PL,Poland,2019,12097,
RT_NELC,Non-electrified railway tracks,PL,Poland,2020,12124,
RT_NELC,Non-electrified railway tracks,PL,Poland,2021,12207,
RT_NELC,Non-electrified railway tracks,PL,Poland,2022,12543,
RT_NELC,Non-electrified railway tracks,PL,Poland,2023,12480,
RT_NELC,Non-electrified railway tracks,PL,Poland,2024,12468,
RT_NELC,Non-electrified railway tracks,PT,Portugal,1992,2613,
RT_NELC,Non-electrified railway tracks,PT,Portugal,1993,2641,
RT_NELC,Non-electrified railway tracks,PT,Portugal,1994,2648,
RT_NELC,Non-electrified railway tracks,PT,Portugal,1995,2590,
RT_NELC,Non-electrified railway tracks,PT,Portugal,1996,2496,
RT_NELC,Non-electrified railway tracks,PT,Portugal,1998,1955,
RT_NELC,Non-electrified railway tracks,PT,Portugal,1999,2677,
RT_NELC,Non-electrified railway tracks,PT,Portugal,2000,2675,
RT_NELC,Non-electrified railway tracks,PT,Portugal,2001,1908.4,
RT_NELC,Non-electrified railway tracks,PT,Portugal,2002,1754,
RT_NELC,Non-electrified railway tracks,PT,Portugal,2007,1418.3,
RT_NELC,Non-electrified railway tracks,PT,Portugal,2008,1382,
RT_NELC,Non-electrified railway tracks,PT,Portugal,2009,1382,
RT_NELC,Non-electrified railway tracks,PT,Portugal,2010,1355.4,
RT_NELC,Non-electrified railway tracks,PT,Portugal,2011,1164.2,
RT_NELC,Non-electrified railway tracks,PT,Portugal,2012,911.2,
RT_NELC,Non-electrified railway tracks,PT,Portugal,2013,914.3,
RT_NELC,Non-electrified railway tracks,PT,Portugal,2014,915.6,
RT_NELC,Non-electrified railway tracks,PT,Portugal,2015,906.9,
RT_NELC,Non-electrified railway tracks,PT,Portugal,2016,906.9,
RT_NELC,Non-electrified railway tracks,PT,Portugal,2017,906.9,
RT_NELC,Non-electrified railway tracks,PT,Portugal,2018,906.9,
RT_NELC,Non-electrified railway tracks,PT,Portugal,2019,830.5,
RT_NELC,Non-electrified railway tracks,PT,Portugal,2020,830.5,
RT_NELC,Non-electrified railway tracks,PT,Portugal,2021,735.9,
RT_NELC,Non-electrified railway tracks,PT,Portugal,2022,735.9,
RT_NELC,Non-electrified railway tracks,PT,Portugal,2023,735.9,
RT_NELC,Non-electrified railway tracks,PT,Portugal,2024,736,
RT_NELC,Non-electrified railway tracks,RO,Romania,1990,14140,
RT_NELC,Non-electrified railway tracks,RO,Romania,1991,13670,
RT_NELC,Non-electrified railway tracks,RO,Romania,1992,13712,
RT_NELC,Non-electrified railway tracks,RO,Romania,1993,13644.6,
RT_NELC,Non-electrified railway tracks,RO,Romania,1994,13644.6,
RT_NELC,Non-electrified railway tracks,RO,Romania,1995,13676,
RT_NELC,Non-electrified railway tracks,RO,Romania,1996,13663,
RT_NELC,Non-electrified railway tracks,RO,Romania,1997,13650,
RT_NELC,Non-electrified railway tracks,RO,Romania,1998,13669,
RT_NELC,Non-electrified railway tracks,RO,Romania,1999,13669,
RT_NELC,Non-electrified railway tracks,RO,Romania,2000,13663,
RT_NELC,Non-electrified railway tracks,RO,Romania,2001,13609,
RT_NELC,Non-electrified railway tracks,RO,Romania,2002,13598,
RT_NELC,Non-electrified railway tracks,RO,Romania,2003,12758,
RT_NELC,Non-electrified railway tracks,RO,Romania,2004,12704,
RT_NELC,Non-electrified railway tracks,RO,Romania,2005,12697,
RT_NELC,Non-electrified railway tracks,RO,Romania,2006,12164,
RT_NELC,Non-electrified railway tracks,RO,Romania,2007,12159,
RT_NELC,Non-electrified railway tracks,RO,Romania,2008,12164,
RT_NELC,Non-electrified railway tracks,RO,Romania,2009,12010,
RT_NELC,Non-electrified railway tracks,RO,Romania,2010,11912,
RT_NELC,Non-electrified railway tracks,RO,Romania,2011,11616,
RT_NELC,Non-electrified railway tracks,RO,Romania,2012,11566,
RT_NELC,Non-electrified railway tracks,RO,Romania,2013,11735,
RT_NELC,Non-electrified railway tracks,RO,Romania,2014,11708,
RT_NELC,Non-electrified railway tracks,RO,Romania,2015,11630,
RT_NELC,Non-electrified railway tracks,RO,Romania,2016,11632,
RT_NELC,Non-electrified railway tracks,RO,Romania,2017,11621,
RT_NELC,Non-electrified railway tracks,RO,Romania,2018,11582,
RT_NELC,Non-electrified railway tracks,RO,Romania,2019,11560,
RT_NELC,Non-electrified railway tracks,RO,Romania,2020,11543,
RT_NELC,Non-electrified railway tracks,RO,Romania,2021,11535,
RT_NELC,Non-electrified railway tracks,RO,Romania,2022,11129,
RT_NELC,Non-electrified railway tracks,RO,Romania,2023,11124,
RT_NELC,Non-electrified railway tracks,RO,Romania,2024,11124,
RT_NELC,Non-electrified railway tracks,RS,Serbia,2006,2555,
RT_NELC,Non-electrified railway tracks,RS,Serbia,2007,2555,
RT_NELC,Non-electrified railway tracks,RS,Serbia,2008,2555,
RT_NELC,Non-electrified railway tracks,RS,Serbia,2009,2555,
RT_NELC,Non-electrified railway tracks,RS,Serbia,2010,2530,
RT_NELC,Non-electrified railway tracks,RS,Serbia,2011,3252,
RT_NELC,Non-electrified railway tracks,RS,Serbia,2012,3272,
RT_NELC,Non-electrified railway tracks,RS,Serbia,2013,3272,
RT_NELC,Non-electrified railway tracks,RS,Serbia,2014,3211,
RT_NELC,Non-electrified railway tracks,RS,Serbia,2015,2993,
RT_NELC,Non-electrified railway tracks,RS,Serbia,2016,2993,
RT_NELC,Non-electrified railway tracks,RS,Serbia,2017,2976,
RT_NELC,Non-electrified railway tracks,RS,Serbia,2018,2976,
RT_NELC,Non-electrified railway tracks,RS,Serbia,2019,2947,
RT_NELC,Non-electrified railway tracks,RS,Serbia,2020,2571,
RT_NELC,Non-electrified railway tracks,RS,Serbia,2021,2573,
RT_NELC,Non-electrified railway tracks,RS,Serbia,2022,2580,
RT_NELC,Non-electrified railway tracks,RS,Serbia,2023,2580,
RT_NELC,Non-electrified railway tracks,RS,Serbia,2024,2580,
RT_NELC,Non-electrified railway tracks,SE,Sweden,1990,5520,
RT_NELC,Non-electrified railway tracks,SE,Sweden,1991,5390,
RT_NELC,Non-electrified railway tracks,SE,Sweden,1992,3680,
RT_NELC,Non-electrified railway tracks,SE,Sweden,1993,2560,
RT_NELC,Non-electrified railway tracks,SE,Sweden,1994,2479,
RT_NELC,Non-electrified railway tracks,SE,Sweden,1995,2465,
RT_NELC,Non-electrified railway tracks,SE,Sweden,1996,2436,
RT_NELC,Non-electrified railway tracks,SE,Sweden,1997,2438,
RT_NELC,Non-electrified railway tracks,SE,Sweden,1998,2495,
RT_NELC,Non-electrified railway tracks,SE,Sweden,1999,2512,
RT_NELC,Non-electrified railway tracks,SE,Sweden,2002,4758,
RT_NELC,Non-electrified railway tracks,SE,Sweden,2003,4693,
RT_NELC,Non-electrified railway tracks,SE,Sweden,2004,4585,
RT_NELC,Non-electrified railway tracks,SE,Sweden,2005,4418,
RT_NELC,Non-electrified railway tracks,SE,Sweden,2006,4254,
RT_NELC,Non-electrified railway tracks,SE,Sweden,2007,4043,
RT_NELC,Non-electrified railway tracks,SE,Sweden,2008,4037,
RT_NELC,Non-electrified railway tracks,SE,Sweden,2009,4020,
RT_NELC,Non-electrified railway tracks,SE,Sweden,2010,3984,
RT_NELC,Non-electrified railway tracks,SE,Sweden,2011,3861,
RT_NELC,Non-electrified railway tracks,SE,Sweden,2012,3681,
RT_NELC,Non-electrified railway tracks,SE,Sweden,2013,3433,
RT_NELC,Non-electrified railway tracks,SE,Sweden,2014,3231,
RT_NELC,Non-electrified railway tracks,SE,Sweden,2015,3280,
RT_NELC,Non-electrified railway tracks,SE,Sweden,2016,3370,
RT_NELC,Non-electrified railway tracks,SE,Sweden,2017,3447,
RT_NELC,Non-electrified railway tracks,SE,Sweden,2018,3425,
RT_NELC,Non-electrified railway tracks,SE,Sweden,2019,3399,
RT_NELC,Non-electrified railway tracks,SE,Sweden,2020,3391,
RT_NELC,Non-electrified railway tracks,SE,Sweden,2021,3391,
RT_NELC,Non-electrified railway tracks,SE,Sweden,2022,3390,
RT_NELC,Non-electrified railway tracks,SE,Sweden,2023,3404,
RT_NELC,Non-electrified railway tracks,SE,Sweden,2024,3398,
RT_NELC,Non-electrified railway tracks,SI,Slovenia,1992,1101,
RT_NELC,Non-electrified railway tracks,SI,Slovenia,1993,1103,
RT_NELC,Non-electrified railway tracks,SI,Slovenia,1994,1103,
RT_NELC,Non-electrified railway tracks,SI,Slovenia,1995,1102,
RT_NELC,Non-electrified railway tracks,SI,Slovenia,1996,1102,
RT_NELC,Non-electrified railway tracks,SI,Slovenia,1997,1102,
RT_NELC,Non-electrified railway tracks,SI,Slovenia,1998,1098,
RT_NELC,Non-electrified railway tracks,SI,Slovenia,1999,868,
RT_NELC,Non-electrified railway tracks,SI,Slovenia,2000,883,
RT_NELC,Non-electrified railway tracks,SI,Slovenia,2001,906.3,
RT_NELC,Non-electrified railway tracks,SI,Slovenia,2002,911.6,
RT_NELC,Non-electrified railway tracks,SI,Slovenia,2003,909.8,
RT_NELC,Non-electrified railway tracks,SI,Slovenia,2004,909.8,
RT_NELC,Non-electrified railway tracks,SI,Slovenia,2005,911.2,
RT_NELC,Non-electrified railway tracks,SI,Slovenia,2006,914.98,
RT_NELC,Non-electrified railway tracks,SI,Slovenia,2007,910.52,
RT_NELC,Non-electrified railway tracks,SI,Slovenia,2008,911,
RT_NELC,Non-electrified railway tracks,SI,Slovenia,2009,905.5,
RT_NELC,Non-electrified railway tracks,SI,Slovenia,2010,906.05,
RT_NELC,Non-electrified railway tracks,SI,Slovenia,2011,889,
RT_NELC,Non-electrified railway tracks,SI,Slovenia,2012,888,
RT_NELC,Non-electrified railway tracks,SI,Slovenia,2013,889,
RT_NELC,Non-electrified railway tracks,SI,Slovenia,2014,889,
RT_NELC,Non-electrified railway tracks,SI,Slovenia,2015,889,
RT_NELC,Non-electrified railway tracks,SI,Slovenia,2016,889,
RT_NELC,Non-electrified railway tracks,SI,Slovenia,2017,713,
RT_NELC,Non-electrified railway tracks,SI,Slovenia,2018,713,
RT_NELC,Non-electrified railway tracks,SI,Slovenia,2019,713,
RT_NELC,Non-electrified railway tracks,SI,Slovenia,2020,599,
RT_NELC,Non-electrified railway tracks,SI,Slovenia,2021,599,
RT_NELC,Non-electrified railway tracks,SI,Slovenia,2022,714,
RT_NELC,Non-electrified railway tracks,SI,Slovenia,2023,714,
RT_NELC,Non-electrified railway tracks,SI,Slovenia,2024,714,
RT_NELC,Non-electrified railway tracks,SK,Slovakia,1990,2330,
RT_NELC,Non-electrified railway tracks,SK,Slovakia,1991,2288,
RT_NELC,Non-electrified railway tracks,SK,Slovakia,1992,2288,
RT_NELC,Non-electrified railway tracks,SK,Slovakia,1993,2246,
RT_NELC,Non-electrified railway tracks,SK,Slovakia,1994,2231,
RT_NELC,Non-electrified railway tracks,SK,Slovakia,1995,2193,
RT_NELC,Non-electrified railway tracks,SK,Slovakia,1996,2157,
RT_NELC,Non-electrified railway tracks,SK,Slovakia,1997,2157,
RT_NELC,Non-electrified railway tracks,SK,Slovakia,1998,2130,
RT_NELC,Non-electrified railway tracks,SK,Slovakia,1999,2130,
RT_NELC,Non-electrified railway tracks,SK,Slovakia,2000,2126,
RT_NELC,Non-electrified railway tracks,SK,Slovakia,2001,2126,
RT_NELC,Non-electrified railway tracks,SK,Slovakia,2002,2101,
RT_NELC,Non-electrified railway tracks,SK,Slovakia,2003,2099,
RT_NELC,Non-electrified railway tracks,SK,Slovakia,2004,2104,
RT_NELC,Non-electrified railway tracks,SK,Slovakia,2005,2102,
RT_NELC,Non-electrified railway tracks,SK,Slovakia,2006,2101,
RT_NELC,Non-electrified railway tracks,SK,Slovakia,2007,2051,
RT_NELC,Non-electrified railway tracks,TR,Türkiye,1990,9668,
RT_NELC,Non-electrified railway tracks,TR,Türkiye,1991,9524,i
RT_NELC,Non-electrified railway tracks,TR,Türkiye,1992,9380,
RT_NELC,Non-electrified railway tracks,TR,Türkiye,1993,9380,
RT_NELC,Non-electrified railway tracks,TR,Türkiye,1994,9293,
RT_NELC,Non-electrified railway tracks,TR,Türkiye,1995,9373,
RT_NELC,Non-electrified railway tracks,TR,Türkiye,1996,8684,
RT_NELC,Non-electrified railway tracks,TR,Türkiye,1997,8563,i
RT_NELC,Non-electrified railway tracks,TR,Türkiye,1998,8443,
RT_NELC,Non-electrified railway tracks,TR,Türkiye,1999,8800,
RT_NELC,Non-electrified railway tracks,TR,Türkiye,2000,8426,
RT_NELC,Non-electrified railway tracks,TR,Türkiye,2001,8433,
RT_NELC,Non-electrified railway tracks,TR,Türkiye,2002,8437,
RT_NELC,Non-electrified railway tracks,TR,Türkiye,2003,8487,
RT_NELC,Non-electrified railway tracks,TR,Türkiye,2004,8295,
RT_NELC,Non-electrified railway tracks,TR,Türkiye,2005,8295,
RT_NELC,Non-electrified railway tracks,TR,Türkiye,2006,8295,
RT_NELC,Non-electrified railway tracks,TR,Türkiye,2007,8295,
RT_NELC,Non-electrified railway tracks,TR,Türkiye,2008,8289,
RT_NELC,Non-electrified railway tracks,TR,Türkiye,2009,8287,
RT_NELC,Non-electrified railway tracks,TR,Türkiye,2010,8327,
RT_NELC,Non-electrified railway tracks,TR,Türkiye,2011,8377,
RT_NELC,Non-electrified railway tracks,TR,Türkiye,2012,8320,
RT_NELC,Non-electrified railway tracks,TR,Türkiye,2013,8313,
RT_NELC,Non-electrified railway tracks,TR,Türkiye,2014,8305,
RT_NELC,Non-electrified railway tracks,TR,Türkiye,2015,8245,
RT_NELC,Non-electrified railway tracks,TR,Türkiye,2016,7749,
RT_NELC,Non-electrified railway tracks,TR,Türkiye,2017,7515,
RT_NELC,Non-electrified railway tracks,TR,Türkiye,2018,6942,
RT_NELC,Non-electrified railway tracks,TR,Türkiye,2019,6719,
RT_NELC,Non-electrified railway tracks,TR,Türkiye,2020,6975,i
RT_NELC,Non-electrified railway tracks,TR,Türkiye,2021,7036,i
RT_NELC,Non-electrified railway tracks,TR,Türkiye,2023,6349,
RT_NELC,Non-electrified railway tracks,TR,Türkiye,2024,6217,
RT_NELC,Non-electrified railway tracks,UA,Ukraine,1990,14685.9,
RT_NELC,Non-electrified railway tracks,UA,Ukraine,1991,14476,
RT_NELC,Non-electrified railway tracks,UA,Ukraine,1992,14573.2,
RT_NELC,Non-electrified railway tracks,UA,Ukraine,1993,14410.3,
RT_NELC,Non-electrified railway tracks,UA,Ukraine,1994,14220.7,
RT_NELC,Non-electrified railway tracks,UA,Ukraine,1995,14210.3,
RT_NELC,Non-electrified railway tracks,UK,United Kingdom,1992,21119,
RT_NELC,Non-electrified railway tracks,UK,United Kingdom,1993,21016,
RT_NELC,Non-electrified railway tracks,UK,United Kingdom,1994,20703,
RT_NELC,Non-electrified railway tracks,UK,United Kingdom,1995,21749,
RT_NELC,Non-electrified railway tracks,UK,United Kingdom,1996,21749,
RT_NELC,Non-electrified railway tracks,UK,United Kingdom,1997,21749,
RT_NELC,Non-electrified railway tracks,UK,United Kingdom,1998,21769,
RT_NELC,Non-electrified railway tracks,UK,United Kingdom,1999,22295,
RT_NELC,Non-electrified railway tracks,UK,United Kingdom,2000,21952,
RT_NELC,Non-electrified railway tracks,UK,United Kingdom,2001,22480,p
RT_NELC,Non-electrified railway tracks,UK,United Kingdom,2002,22497,p
RT_NELC,Non-electrified railway tracks,UK,United Kingdom,2003,22427,p
RT_NELC,Non-electrified railway tracks,UK,United Kingdom,2004,21000,
RT_NELC,Non-electrified railway tracks,UK,United Kingdom,2005,19163,
RT_NELC,Non-electrified railway tracks,UK,United Kingdom,2006,18652,
RT_NELC,Non-electrified railway tracks,UK,United Kingdom,2007,18522,
RT_NELC,Non-electrified railway tracks,UK,United Kingdom,2008,18548,
RT_NELC,Non-electrified railway tracks,UK,United Kingdom,2009,18559,
RT_NELC,Non-electrified railway tracks,UK,United Kingdom,2010,18503,
RT_NELC,Non-electrified railway tracks,UK,United Kingdom,2011,18931,i
RT_NELC,Non-electrified railway tracks,UK,United Kingdom,2012,18736,
RT_NELC,Non-electrified railway tracks,UK,United Kingdom,2013,18676,
RT_NELC,Non-electrified railway tracks,UK,United Kingdom,2014,18558,
RT_NELC,Non-electrified railway tracks,UK,United Kingdom,2015,18602,
RT_NELC,Non-electrified railway tracks,UK,United Kingdom,2016,18646,
RT_NELC,Non-electrified railway tracks,UK,United Kingdom,2017,17380,
RT_NELC,Non-electrified railway tracks,UK,United Kingdom,2018,17488,
RT_NELC,Non-electrified railway tracks,UK,United Kingdom,2019,17433,
RT_NELC,Non-electrified railway tracks,UK,United Kingdom,2020,17408,
RT_NELC,Non-electrified railway tracks,UK,United Kingdom,2021,17359,
RT_NELC,Non-electrified railway tracks,UK,United Kingdom,2022,17314,
RT_NELC,Non-electrified railway tracks,UK,United Kingdom,2023,17187,
RT_NELC,Non-electrified railway tracks,UK,United Kingdom,2024,17044,
RT_NELC,Non-electrified railway tracks,XK,Kosovo*,2017,440,
RT_NELC,Non-electrified railway tracks,XK,Kosovo*,2018,440,
RT_NELC,Non-electrified railway tracks,XK,Kosovo*,2019,440,
RT_NELC,Non-electrified railway tracks,XK,Kosovo*,2020,440,
RT_NELC,Non-electrified railway tracks,XK,Kosovo*,2021,440,
RT_NELC,Non-electrified railway tracks,XK,Kosovo*,2022,440,
TOTAL,Total,AL,Albania,1993,720,
TOTAL,Total,AL,Albania,1994,720,
TOTAL,Total,AL,Albania,1995,720,
TOTAL,Total,AL,Albania,1998,667,
TOTAL,Total,AL,Albania,1999,667,
TOTAL,Total,AL,Albania,2000,667,
TOTAL,Total,AL,Albania,2001,543,
TOTAL,Total,AL,Albania,2002,597.3,
TOTAL,Total,AL,Albania,2013,346,
TOTAL,Total,AL,Albania,2014,346,
TOTAL,Total,AL,Albania,2015,379,
TOTAL,Total,AL,Albania,2016,334,
TOTAL,Total,AL,Albania,2017,334,
TOTAL,Total,AL,Albania,2018,334,
TOTAL,Total,AL,Albania,2019,234.85,
TOTAL,Total,AL,Albania,2020,204.15,
TOTAL,Total,AL,Albania,2021,224,
TOTAL,Total,AL,Albania,2022,204.15,
TOTAL,Total,AL,Albania,2023,252.95,
TOTAL,Total,AL,Albania,2024,252.95,
TOTAL,Total,AT,Austria,2002,10935,i
TOTAL,Total,AT,Austria,2003,10932,i
TOTAL,Total,AT,Austria,2004,9818,i
TOTAL,Total,AT,Austria,2005,9837,i
TOTAL,Total,AT,Austria,2006,9824,i
TOTAL,Total,AT,Austria,2009,10187,i
TOTAL,Total,AT,Austria,2010,9732,i
TOTAL,Total,AT,Austria,2011,9739,i
TOTAL,Total,AT,Austria,2012,9758,i
TOTAL,Total,AT,Austria,2013,9708,i
TOTAL,Total,AT,Austria,2014,9752,i
TOTAL,Total,AT,Austria,2015,9646,i
TOTAL,Total,AT,Austria,2016,9688,i
TOTAL,Total,AT,Austria,2017,9782,i
TOTAL,Total,AT,Austria,2018,9785,i
TOTAL,Total,AT,Austria,2019,9788,
TOTAL,Total,AT,Austria,2020,9762,
TOTAL,Total,AT,Austria,2023,10073,i
TOTAL,Total,AT,Austria,2024,10073,i
TOTAL,Total,BA,Bosnia and Herzegovina,2000,1056,i
TOTAL,Total,BA,Bosnia and Herzegovina,2001,1056,i
TOTAL,Total,BA,Bosnia and Herzegovina,2002,1056,i
TOTAL,Total,BA,Bosnia and Herzegovina,2003,1056,i
TOTAL,Total,BA,Bosnia and Herzegovina,2004,1017,i
TOTAL,Total,BA,Bosnia and Herzegovina,2005,1017,i
TOTAL,Total,BA,Bosnia and Herzegovina,2006,1186,i
TOTAL,Total,BA,Bosnia and Herzegovina,2007,1179,i
TOTAL,Total,BA,Bosnia and Herzegovina,2008,1179,i
TOTAL,Total,BA,Bosnia and Herzegovina,2009,1179,i
TOTAL,Total,BA,Bosnia and Herzegovina,2010,1190,i
TOTAL,Total,BA,Bosnia and Herzegovina,2011,1190,i
TOTAL,Total,BA,Bosnia and Herzegovina,2012,1190,i
TOTAL,Total,BA,Bosnia and Herzegovina,2013,1444,
TOTAL,Total,BA,Bosnia and Herzegovina,2014,1444,
TOTAL,Total,BA,Bosnia and Herzegovina,2015,1444,
TOTAL,Total,BA,Bosnia and Herzegovina,2016,1410,
TOTAL,Total,BA,Bosnia and Herzegovina,2017,1476,
TOTAL,Total,BA,Bosnia and Herzegovina,2018,1476,
TOTAL,Total,BA,Bosnia and Herzegovina,2019,1476,
TOTAL,Total,BA,Bosnia and Herzegovina,2020,1476,
TOTAL,Total,BA,Bosnia and Herzegovina,2021,1476,
TOTAL,Total,BA,Bosnia and Herzegovina,2022,1476,
TOTAL,Total,BA,Bosnia and Herzegovina,2023,1484,
TOTAL,Total,BA,Bosnia and Herzegovina,2024,1484,
TOTAL,Total,BE,Belgium,1993,6042,
TOTAL,Total,BE,Belgium,1994,6029,
TOTAL,Total,BE,Belgium,1995,5992,
TOTAL,Total,BE,Belgium,1996,6029,
TOTAL,Total,BE,Belgium,1997,6090,
TOTAL,Total,BE,Belgium,1998,6125,
TOTAL,Total,BE,Belgium,1999,6145,
TOTAL,Total,BE,Belgium,2000,6095,
TOTAL,Total,BE,Belgium,2001,6130,
TOTAL,Total,BE,Belgium,2002,6228,
TOTAL,Total,BE,Belgium,2003,6210,
TOTAL,Total,BE,Belgium,2004,6291,
TOTAL,Total,BE,Belgium,2005,6215,
TOTAL,Total,BE,Belgium,2006,6067,
TOTAL,Total,BE,Belgium,2007,5961,
TOTAL,Total,BE,Belgium,2008,6283,
TOTAL,Total,BE,Belgium,2009,6436,
TOTAL,Total,BE,Belgium,2010,6442,
TOTAL,Total,BE,Belgium,2011,6246,
TOTAL,Total,BE,Belgium,2012,6338,
TOTAL,Total,BE,Belgium,2013,6256,
TOTAL,Total,BE,Belgium,2014,6250,
TOTAL,Total,BE,Belgium,2015,6284,
TOTAL,Total,BE,Belgium,2016,6284,
TOTAL,Total,BE,Belgium,2017,6266,
TOTAL,Total,BE,Belgium,2018,6301,
TOTAL,Total,BE,Belgium,2019,6307,
TOTAL,Total,BE,Belgium,2020,6298,
TOTAL,Total,BE,Belgium,2021,6301,
TOTAL,Total,BE,Belgium,2022,6308,
TOTAL,Total,BE,Belgium,2023,6325,
TOTAL,Total,BE,Belgium,2024,6342,
TOTAL,Total,BG,Bulgaria,1990,6604,
TOTAL,Total,BG,Bulgaria,1991,6607,
TOTAL,Total,BG,Bulgaria,1992,6560,
TOTAL,Total,BG,Bulgaria,1993,6556,
TOTAL,Total,BG,Bulgaria,1994,6508,
TOTAL,Total,BG,Bulgaria,1995,6507,
TOTAL,Total,BG,Bulgaria,1996,6490,
TOTAL,Total,BG,Bulgaria,1997,7453,
TOTAL,Total,BG,Bulgaria,1998,6470,
TOTAL,Total,BG,Bulgaria,1999,6467,
TOTAL,Total,BG,Bulgaria,2000,6518,
TOTAL,Total,BG,Bulgaria,2001,6402.4,
TOTAL,Total,BG,Bulgaria,2002,6383.5,
TOTAL,Total,BG,Bulgaria,2003,6358.1,
TOTAL,Total,BG,Bulgaria,2004,6238,
TOTAL,Total,BG,Bulgaria,2005,6025,
TOTAL,Total,BG,Bulgaria,2006,5990,
TOTAL,Total,BG,Bulgaria,2007,5967,
TOTAL,Total,BG,Bulgaria,2008,5923,
TOTAL,Total,BG,Bulgaria,2009,5888,
TOTAL,Total,BG,Bulgaria,2010,5831,
TOTAL,Total,BG,Bulgaria,2011,5661,
TOTAL,Total,BG,Bulgaria,2012,5658,
TOTAL,Total,BG,Bulgaria,2013,6517,i
TOTAL,Total,BG,Bulgaria,2014,6481,i
TOTAL,Total,BG,Bulgaria,2015,6474,i
TOTAL,Total,BG,Bulgaria,2016,6475,i
TOTAL,Total,BG,Bulgaria,2017,6475,i
TOTAL,Total,BG,Bulgaria,2018,6460,i
TOTAL,Total,BG,Bulgaria,2019,6456,i
TOTAL,Total,BG,Bulgaria,2020,6454,i
TOTAL,Total,BG,Bulgaria,2021,6455,i
TOTAL,Total,BG,Bulgaria,2022,6446,i
TOTAL,Total,BG,Bulgaria,2023,6446,
TOTAL,Total,BG,Bulgaria,2024,6440,
TOTAL,Total,CZ,Czechia,1993,17249,
TOTAL,Total,CZ,Czechia,1994,17575,
TOTAL,Total,CZ,Czechia,1995,16884,
TOTAL,Total,CZ,Czechia,1996,16877,
TOTAL,Total,CZ,Czechia,1997,16714,
TOTAL,Total,CZ,Czechia,1998,16714,
TOTAL,Total,CZ,Czechia,1999,17025,
TOTAL,Total,CZ,Czechia,2000,16494,
TOTAL,Total,CZ,Czechia,2001,16447,
TOTAL,Total,CZ,Czechia,2002,16506,
TOTAL,Total,CZ,Czechia,2003,16290,
TOTAL,Total,CZ,Czechia,2004,15925,
TOTAL,Total,CZ,Czechia,2005,16156,
TOTAL,Total,CZ,Czechia,2006,15844,
TOTAL,Total,CZ,Czechia,2007,15810,
TOTAL,Total,CZ,Czechia,2008,15716,
TOTAL,Total,CZ,Czechia,2009,15677,
TOTAL,Total,CZ,Czechia,2010,15666,
TOTAL,Total,CZ,Czechia,2011,15656,
TOTAL,Total,CZ,Czechia,2012,15636,
TOTAL,Total,CZ,Czechia,2013,15607,
TOTAL,Total,CZ,Czechia,2014,15578,
TOTAL,Total,CZ,Czechia,2015,15570,
TOTAL,Total,CZ,Czechia,2016,15539,
TOTAL,Total,CZ,Czechia,2017,15519,
TOTAL,Total,CZ,Czechia,2018,15488,
TOTAL,Total,CZ,Czechia,2019,15418,
TOTAL,Total,CZ,Czechia,2020,15360,
TOTAL,Total,CZ,Czechia,2021,15261,
TOTAL,Total,CZ,Czechia,2022,15272,
TOTAL,Total,CZ,Czechia,2023,15169,
TOTAL,Total,CZ,Czechia,2024,15169,
TOTAL,Total,DE,Germany,1991,86742,
TOTAL,Total,DE,Germany,1992,85998,
TOTAL,Total,DE,Germany,1993,83460,
TOTAL,Total,DE,Germany,1995,82065,
TOTAL,Total,DE,Germany,1996,82065,
TOTAL,Total,DE,Germany,1997,78934,
TOTAL,Total,DE,Germany,1998,78098,
TOTAL,Total,DE,Germany,1999,75109,
TOTAL,Total,DE,Germany,2000,74977.8,
TOTAL,Total,DE,Germany,2001,72668.4,
TOTAL,Total,DE,Germany,2002,70875,
TOTAL,Total,DE,Germany,2003,74846,b
TOTAL,Total,DE,Germany,2004,74440,
TOTAL,Total,DE,Germany,2005,70557,
TOTAL,Total,DE,Germany,2006,70557,
TOTAL,Total,DE,Germany,2007,70557,
TOTAL,Total,DE,Germany,2008,70557,
TOTAL,Total,DE,Germany,2009,70557,
TOTAL,Total,DE,Germany,2010,72981,i
TOTAL,Total,DE,Germany,2011,70649,i
TOTAL,Total,DE,Germany,2012,70507,i
TOTAL,Total,DE,Germany,2013,70425.16,i
TOTAL,Total,DE,Germany,2014,70368.128,i
TOTAL,Total,DE,Germany,2015,69886.127,i
TOTAL,Total,DE,Germany,2016,69901.647,i
TOTAL,Total,DE,Germany,2017,70401.059,i
TOTAL,Total,DE,Germany,2018,70532.964,i
TOTAL,Total,DE,Germany,2019,70741.056,i
TOTAL,Total,DE,Germany,2020,70182.411,
TOTAL,Total,DE,Germany,2021,70108.335,
TOTAL,Total,DK,Denmark,1992,5068,
TOTAL,Total,DK,Denmark,1993,5078,
TOTAL,Total,DK,Denmark,1994,5078,
TOTAL,Total,DK,Denmark,1997,3148,
TOTAL,Total,DK,Denmark,1998,3181,
TOTAL,Total,DK,Denmark,2023,3732,i
TOTAL,Total,DK,Denmark,2024,3732,i
TOTAL,Total,EE,Estonia,1992,1921.8,
TOTAL,Total,EE,Estonia,1993,1921.8,
TOTAL,Total,EE,Estonia,1994,1914.2,
TOTAL,Total,EE,Estonia,1995,1866.2,
TOTAL,Total,EE,Estonia,1996,1849.1,
TOTAL,Total,EE,Estonia,1997,1811,
TOTAL,Total,EE,Estonia,1998,1696,
TOTAL,Total,EE,Estonia,1999,1696,
TOTAL,Total,EE,Estonia,2000,1504,
TOTAL,Total,EE,Estonia,2001,1523,
TOTAL,Total,EE,Estonia,2002,1562.8,
TOTAL,Total,EE,Estonia,2003,1621.5,
TOTAL,Total,EE,Estonia,2004,1587,
TOTAL,Total,EE,Estonia,2005,1798,
TOTAL,Total,EE,Estonia,2006,2733,
TOTAL,Total,EE,Estonia,2007,2200,
TOTAL,Total,EE,Estonia,2008,2141,
TOTAL,Total,EE,Estonia,2009,2166,
TOTAL,Total,EE,Estonia,2010,2167,
TOTAL,Total,EE,Estonia,2011,2164,
TOTAL,Total,EE,Estonia,2012,2164,
TOTAL,Total,EE,Estonia,2013,2146,
TOTAL,Total,EE,Estonia,2014,2146,
TOTAL,Total,EE,Estonia,2015,2144,
TOTAL,Total,EE,Estonia,2016,2141,
TOTAL,Total,EE,Estonia,2017,2141,
TOTAL,Total,EE,Estonia,2018,2140,
TOTAL,Total,EE,Estonia,2019,2144,
TOTAL,Total,EE,Estonia,2020,2143,
TOTAL,Total,EE,Estonia,2021,2143,
TOTAL,Total,EE,Estonia,2022,2151,
TOTAL,Total,EE,Estonia,2023,2135,
TOTAL,Total,EE,Estonia,2024,2124,
TOTAL,Total,EL,Greece,1990,2729,i
TOTAL,Total,EL,Greece,1991,2729,i
TOTAL,Total,EL,Greece,1992,2729,i
TOTAL,Total,EL,Greece,1993,2719,i
TOTAL,Total,EL,Greece,1994,2745,i
TOTAL,Total,EL,Greece,1995,2768,i
TOTAL,Total,EL,Greece,1996,2778,i
TOTAL,Total,EL,Greece,1997,2807,i
TOTAL,Total,EL,Greece,1998,2620,i
TOTAL,Total,EL,Greece,1999,2620,
TOTAL,Total,EL,Greece,2000,2739,
TOTAL,Total,EL,Greece,2001,2733,
TOTAL,Total,EL,Greece,2002,2739,
TOTAL,Total,EL,Greece,2003,2822,
TOTAL,Total,EL,Greece,2004,2880,
TOTAL,Total,EL,Greece,2005,3093,
TOTAL,Total,EL,Greece,2006,2997,
TOTAL,Total,EL,Greece,2007,3060,
TOTAL,Total,EL,Greece,2008,3062,
TOTAL,Total,EL,Greece,2009,3070,
TOTAL,Total,EL,Greece,2010,3070,
TOTAL,Total,EL,Greece,2011,3076,
TOTAL,Total,EL,Greece,2012,3076,
TOTAL,Total,EL,Greece,2013,3109,
TOTAL,Total,EL,Greece,2014,2762,
TOTAL,Total,EL,Greece,2015,2764,
TOTAL,Total,EL,Greece,2016,2764,
TOTAL,Total,EL,Greece,2017,2764,
TOTAL,Total,EL,Greece,2018,2870,
TOTAL,Total,EL,Greece,2019,2909,
TOTAL,Total,EL,Greece,2020,3039,
TOTAL,Total,EL,Greece,2021,3039,
TOTAL,Total,EL,Greece,2022,2688,
TOTAL,Total,EL,Greece,2023,2456,
TOTAL,Total,EL,Greece,2024,2463,
TOTAL,Total,ES,Spain,2005,18599,
TOTAL,Total,ES,Spain,2006,18943,
TOTAL,Total,ES,Spain,2007,19648,
TOTAL,Total,ES,Spain,2008,19680,
TOTAL,Total,ES,Spain,2009,19650,
TOTAL,Total,ES,Spain,2010,20602,
TOTAL,Total,ES,Spain,2011,20759,
TOTAL,Total,ES,Spain,2012,20835,
TOTAL,Total,ES,Spain,2013,20861,
TOTAL,Total,ES,Spain,2014,20761,
TOTAL,Total,ES,Spain,2015,21122,
TOTAL,Total,ES,Spain,2016,22080,
TOTAL,Total,ES,Spain,2017,21853,
TOTAL,Total,ES,Spain,2018,21882,
TOTAL,Total,ES,Spain,2019,21988.013,
TOTAL,Total,ES,Spain,2020,22273.796,
TOTAL,Total,ES,Spain,2021,22526.471,
TOTAL,Total,ES,Spain,2022,22725.796,
TOTAL,Total,ES,Spain,2023,22613.937,
TOTAL,Total,ES,Spain,2024,22553.146,
TOTAL,Total,EU27_2020,European Union - 27 countries (from 2020),2023,332580.748,
TOTAL,Total,EU27_2020,European Union - 27 countries (from 2020),2024,331819.246,
TOTAL,Total,FI,Finland,1990,8844,
TOTAL,Total,FI,Finland,1991,8676,
TOTAL,Total,FI,Finland,1992,8836,
TOTAL,Total,FI,Finland,1993,8991,
TOTAL,Total,FI,Finland,1994,8915,
TOTAL,Total,FI,Finland,1995,8977,
TOTAL,Total,FI,Finland,1996,8940,
TOTAL,Total,FI,Finland,1997,8730,
TOTAL,Total,FI,Finland,1998,8725,
TOTAL,Total,FI,Finland,1999,8680,
TOTAL,Total,FI,Finland,2000,8705,
TOTAL,Total,FI,Finland,2001,8734,
TOTAL,Total,FI,Finland,2002,8736,
TOTAL,Total,FI,Finland,2003,8707,
TOTAL,Total,FI,Finland,2004,8596,
TOTAL,Total,FI,Finland,2005,8587,
TOTAL,Total,FI,Finland,2006,8830,
TOTAL,Total,FI,Finland,2007,8816,
TOTAL,Total,FI,Finland,2008,8848,
TOTAL,Total,FI,Finland,2009,8847,
TOTAL,Total,FI,Finland,2010,8862,
TOTAL,Total,FI,Finland,2011,8885,
TOTAL,Total,FI,Finland,2012,8883,
TOTAL,Total,FI,Finland,2013,8523,
TOTAL,Total,FI,Finland,2014,8485,
TOTAL,Total,FI,Finland,2015,8483,b
TOTAL,Total,FI,Finland,2016,6701,
TOTAL,Total,FI,Finland,2017,6708,
TOTAL,Total,FI,Finland,2018,6712,
TOTAL,Total,FI,Finland,2019,6712,
TOTAL,Total,FI,Finland,2020,6707,
TOTAL,Total,FI,Finland,2021,6707,
TOTAL,Total,FI,Finland,2022,6728,
TOTAL,Total,FI,Finland,2023,6731,
TOTAL,Total,FI,Finland,2024,6739,
TOTAL,Total,FR,France,1993,52477,
TOTAL,Total,FR,France,1994,52356,
TOTAL,Total,FR,France,1995,51986,
TOTAL,Total,FR,France,1996,51815,
TOTAL,Total,FR,France,1997,49393,
TOTAL,Total,FR,France,1998,49320,
TOTAL,Total,FR,France,1999,49290,
TOTAL,Total,FR,France,2000,49101,
TOTAL,Total,FR,France,2001,49349,
TOTAL,Total,FR,France,2002,49271,
TOTAL,Total,FR,France,2003,49234,
TOTAL,Total,FR,France,2004,49216,
TOTAL,Total,FR,France,2005,49264,
TOTAL,Total,FR,France,2006,49264,
TOTAL,Total,FR,France,2007,49797,
TOTAL,Total,FR,France,2009,51370,
TOTAL,Total,FR,France,2013,53892,
TOTAL,Total,FR,France,2014,52157,
TOTAL,Total,FR,France,2015,51227,
TOTAL,Total,FR,France,2016,50443,
TOTAL,Total,FR,France,2017,51332,
TOTAL,Total,FR,France,2018,50402,
TOTAL,Total,FR,France,2019,50207,
TOTAL,Total,FR,France,2020,49770,
TOTAL,Total,FR,France,2021,49613,
TOTAL,Total,FR,France,2022,49369,
TOTAL,Total,FR,France,2023,49329,
TOTAL,Total,FR,France,2024,48893,
TOTAL,Total,GE,Georgia,2010,2344,
TOTAL,Total,GE,Georgia,2015,2432.54,
TOTAL,Total,GE,Georgia,2016,2430.28,
TOTAL,Total,GE,Georgia,2017,2424.99,
TOTAL,Total,GE,Georgia,2018,2433.2,
TOTAL,Total,GE,Georgia,2019,2432.3,
TOTAL,Total,GE,Georgia,2020,2430.7,
TOTAL,Total,GE,Georgia,2021,2401.3,
TOTAL,Total,GE,Georgia,2022,2401.3,
TOTAL,Total,GE,Georgia,2023,2401.3,
TOTAL,Total,GE,Georgia,2024,2401.3,
TOTAL,Total,HR,Croatia,1992,4097,
TOTAL,Total,HR,Croatia,1993,2699,
TOTAL,Total,HR,Croatia,1994,4038,
TOTAL,Total,HR,Croatia,1995,4067,
TOTAL,Total,HR,Croatia,1996,4067,
TOTAL,Total,HR,Croatia,1997,4064,
TOTAL,Total,HR,Croatia,1998,4063,
TOTAL,Total,HR,Croatia,1999,4063,
TOTAL,Total,HR,Croatia,2000,4060,
TOTAL,Total,HR,Croatia,2001,4057,
TOTAL,Total,HR,Croatia,2002,4034,
TOTAL,Total,HR,Croatia,2003,4060,
TOTAL,Total,HR,Croatia,2004,4104,
TOTAL,Total,HR,Croatia,2005,4104,
TOTAL,Total,HR,Croatia,2006,4098,
TOTAL,Total,HR,Croatia,2007,4096,
TOTAL,Total,HR,Croatia,2008,4104,
TOTAL,Total,HR,Croatia,2009,4103,
TOTAL,Total,HR,Croatia,2010,4102,
TOTAL,Total,HR,Croatia,2011,4101,
TOTAL,Total,HR,Croatia,2012,4105,
TOTAL,Total,HR,Croatia,2013,4090,
TOTAL,Total,HR,Croatia,2014,4014,
TOTAL,Total,HR,Croatia,2015,3968,
TOTAL,Total,HR,Croatia,2016,3950,
TOTAL,Total,HR,Croatia,2017,3942,
TOTAL,Total,HR,Croatia,2018,3940,
TOTAL,Total,HR,Croatia,2019,3945,
TOTAL,Total,HR,Croatia,2020,3950,
TOTAL,Total,HR,Croatia,2021,3944,
TOTAL,Total,HR,Croatia,2022,3928,
TOTAL,Total,HR,Croatia,2023,3923,
TOTAL,Total,HR,Croatia,2024,3940,
TOTAL,Total,HU,Hungary,1990,13230,
TOTAL,Total,HU,Hungary,1991,13209,
TOTAL,Total,HU,Hungary,1992,13158,
TOTAL,Total,HU,Hungary,1993,13236,
TOTAL,Total,HU,Hungary,1994,13180,
TOTAL,Total,HU,Hungary,1995,13074,
TOTAL,Total,HU,Hungary,1996,12972,
TOTAL,Total,HU,Hungary,1997,12896,
TOTAL,Total,HU,Hungary,1998,12749,
TOTAL,Total,HU,Hungary,1999,12750,
TOTAL,Total,HU,Hungary,2000,12739,
TOTAL,Total,HU,Hungary,2001,12757,
TOTAL,Total,HU,Hungary,2002,12737,
TOTAL,Total,HU,Hungary,2003,12735,
TOTAL,Total,HU,Hungary,2004,12735,
TOTAL,Total,HU,Hungary,2005,12735,
TOTAL,Total,HU,Hungary,2006,9513,
TOTAL,Total,HU,Hungary,2007,9223,
TOTAL,Total,HU,Hungary,2008,9208,
TOTAL,Total,HU,Hungary,2009,9208,
TOTAL,Total,HU,Hungary,2010,9178,
TOTAL,Total,HU,Hungary,2011,9445.9,
TOTAL,Total,HU,Hungary,2012,9421.3,
TOTAL,Total,HU,Hungary,2013,9523.2,
TOTAL,Total,HU,Hungary,2014,9359,
TOTAL,Total,HU,Hungary,2015,9358,
TOTAL,Total,HU,Hungary,2016,11424,
TOTAL,Total,HU,Hungary,2017,11524,
TOTAL,Total,HU,Hungary,2018,11336,
TOTAL,Total,HU,Hungary,2019,11345,
TOTAL,Total,HU,Hungary,2020,11393,
TOTAL,Total,HU,Hungary,2021,11586,
TOTAL,Total,HU,Hungary,2022,11603,
TOTAL,Total,HU,Hungary,2023,8766,
TOTAL,Total,HU,Hungary,2024,8770,
TOTAL,Total,IE,Ireland,1990,2810,
TOTAL,Total,IE,Ireland,1991,2810,
TOTAL,Total,IE,Ireland,1992,2810,
TOTAL,Total,IE,Ireland,2013,2426,
TOTAL,Total,IE,Ireland,2014,2426,
TOTAL,Total,IE,Ireland,2015,2426,
TOTAL,Total,IE,Ireland,2016,2426,
TOTAL,Total,IE,Ireland,2017,2426,
TOTAL,Total,IE,Ireland,2018,2426,
TOTAL,Total,IE,Ireland,2019,2426,
TOTAL,Total,IE,Ireland,2020,2426,
TOTAL,Total,IE,Ireland,2021,2426,
TOTAL,Total,IE,Ireland,2022,2426,
TOTAL,Total,IE,Ireland,2023,2426,i
TOTAL,Total,IE,Ireland,2024,2426,
TOTAL,Total,IT,Italy,1995,22028,
TOTAL,Total,IT,Italy,1996,22058,
TOTAL,Total,IT,Italy,1997,22136,
TOTAL,Total,IT,Italy,1998,22215,
TOTAL,Total,IT,Italy,1999,22295,
TOTAL,Total,IT,Italy,2000,22130,
TOTAL,Total,IT,Italy,2001,22265,
TOTAL,Total,IT,Italy,2002,22250,
TOTAL,Total,IT,Italy,2003,22262,
TOTAL,Total,IT,Italy,2004,22277,
TOTAL,Total,IT,Italy,2005,22999,
TOTAL,Total,IT,Italy,2006,23193,
TOTAL,Total,IT,Italy,2007,23385,
TOTAL,Total,IT,Italy,2008,23835,
TOTAL,Total,IT,Italy,2009,24179,
TOTAL,Total,IT,Italy,2010,24216,
TOTAL,Total,IT,Italy,2011,24240,
TOTAL,Total,IT,Italy,2012,24277,
TOTAL,Total,IT,Italy,2013,24292,
TOTAL,Total,IT,Italy,2014,24278,
TOTAL,Total,IT,Italy,2015,24286,
TOTAL,Total,IT,Italy,2016,24435,
TOTAL,Total,IT,Italy,2017,24483,
TOTAL,Total,IT,Italy,2018,24502,
TOTAL,Total,IT,Italy,2019,24500,
TOTAL,Total,IT,Italy,2020,24515,
TOTAL,Total,IT,Italy,2021,24564,
TOTAL,Total,IT,Italy,2022,24560,
TOTAL,Total,IT,Italy,2023,24567,
TOTAL,Total,IT,Italy,2024,24636,
TOTAL,Total,LI,Liechtenstein,2013,9,
TOTAL,Total,LI,Liechtenstein,2014,9,
TOTAL,Total,LI,Liechtenstein,2015,9,
TOTAL,Total,LI,Liechtenstein,2016,9,
TOTAL,Total,LI,Liechtenstein,2017,9,
TOTAL,Total,LI,Liechtenstein,2018,9,
TOTAL,Total,LI,Liechtenstein,2019,9,
TOTAL,Total,LI,Liechtenstein,2020,9,
TOTAL,Total,LI,Liechtenstein,2021,9,
TOTAL,Total,LI,Liechtenstein,2022,9,
TOTAL,Total,LI,Liechtenstein,2023,9,
TOTAL,Total,LI,Liechtenstein,2024,9,
TOTAL,Total,LT,Lithuania,1991,2670,
TOTAL,Total,LT,Lithuania,1992,2665.5,
TOTAL,Total,LT,Lithuania,1993,2665.5,
TOTAL,Total,LT,Lithuania,1994,2665.4,
TOTAL,Total,LT,Lithuania,1995,2665.4,
TOTAL,Total,LT,Lithuania,1996,2599.3,
TOTAL,Total,LT,Lithuania,1997,2599.2,
TOTAL,Total,LT,Lithuania,1998,2599,
TOTAL,Total,LT,Lithuania,1999,2506,
TOTAL,Total,LT,Lithuania,2000,2501.6,
TOTAL,Total,LT,Lithuania,2001,2256.5,
TOTAL,Total,LT,Lithuania,2002,2232.9,
TOTAL,Total,LT,Lithuania,2003,2205.3,
TOTAL,Total,LT,Lithuania,2004,2199.7,
TOTAL,Total,LT,Lithuania,2005,2187.4,
TOTAL,Total,LT,Lithuania,2006,2187.4,
TOTAL,Total,LT,Lithuania,2007,2180.3,
TOTAL,Total,LT,Lithuania,2008,2179.6,
TOTAL,Total,LT,Lithuania,2009,2182.3,
TOTAL,Total,LT,Lithuania,2010,2184.1,
TOTAL,Total,LT,Lithuania,2011,2184,
TOTAL,Total,LT,Lithuania,2012,2188.7,
TOTAL,Total,LT,Lithuania,2013,2188.7,
TOTAL,Total,LT,Lithuania,2014,2188.5,
TOTAL,Total,LT,Lithuania,2015,2335.5,
TOTAL,Total,LT,Lithuania,2016,2335.7,
TOTAL,Total,LT,Lithuania,2017,2335.7,
TOTAL,Total,LT,Lithuania,2018,2335.1,
TOTAL,Total,LT,Lithuania,2019,2345.9,
TOTAL,Total,LT,Lithuania,2020,2346,
TOTAL,Total,LT,Lithuania,2021,2346,
TOTAL,Total,LT,Lithuania,2022,2406.1,
TOTAL,Total,LT,Lithuania,2023,2411.2,
TOTAL,Total,LT,Lithuania,2024,2365.6,
TOTAL,Total,LU,Luxembourg,1995,620,
TOTAL,Total,LU,Luxembourg,1996,618,
TOTAL,Total,LU,Luxembourg,1997,618,
TOTAL,Total,LU,Luxembourg,1998,618,
TOTAL,Total,LU,Luxembourg,1999,618,
TOTAL,Total,LU,Luxembourg,2000,617,
TOTAL,Total,LU,Luxembourg,2001,617,
TOTAL,Total,LU,Luxembourg,2002,617,
TOTAL,Total,LU,Luxembourg,2003,618,
TOTAL,Total,LU,Luxembourg,2004,618,
TOTAL,Total,LU,Luxembourg,2005,619,
TOTAL,Total,LU,Luxembourg,2006,619,
TOTAL,Total,LU,Luxembourg,2007,619,
TOTAL,Total,LU,Luxembourg,2008,619,
TOTAL,Total,LU,Luxembourg,2009,614,
TOTAL,Total,LU,Luxembourg,2010,614,
TOTAL,Total,LU,Luxembourg,2011,614,
TOTAL,Total,LU,Luxembourg,2012,621,
TOTAL,Total,LU,Luxembourg,2013,621,
TOTAL,Total,LU,Luxembourg,2014,621,
TOTAL,Total,LU,Luxembourg,2015,626,
TOTAL,Total,LU,Luxembourg,2016,626,
TOTAL,Total,LU,Luxembourg,2017,622,
TOTAL,Total,LU,Luxembourg,2018,622,
TOTAL,Total,LU,Luxembourg,2019,628,
TOTAL,Total,LU,Luxembourg,2020,628,
TOTAL,Total,LU,Luxembourg,2021,628,
TOTAL,Total,LU,Luxembourg,2022,628,
TOTAL,Total,LU,Luxembourg,2023,628,
TOTAL,Total,LU,Luxembourg,2024,628,
TOTAL,Total,LV,Latvia,1990,3980,
TOTAL,Total,LV,Latvia,1993,2413,
TOTAL,Total,LV,Latvia,1994,2704,
TOTAL,Total,LV,Latvia,1995,2704,
TOTAL,Total,LV,Latvia,1996,2704,
TOTAL,Total,LV,Latvia,1997,2704,
TOTAL,Total,LV,Latvia,1998,2704,
TOTAL,Total,LV,Latvia,1999,2704,
TOTAL,Total,LV,Latvia,2000,2622,
TOTAL,Total,LV,Latvia,2001,2593,
TOTAL,Total,LV,Latvia,2002,2583,
TOTAL,Total,LV,Latvia,2003,2583,
TOTAL,Total,LV,Latvia,2004,2583,
TOTAL,Total,LV,Latvia,2005,2583,
TOTAL,Total,LV,Latvia,2006,2583,
TOTAL,Total,LV,Latvia,2007,2583,
TOTAL,Total,LV,Latvia,2008,2565,
TOTAL,Total,LV,Latvia,2009,2206,
TOTAL,Total,LV,Latvia,2010,2202,
TOTAL,Total,LV,Latvia,2011,2202,
TOTAL,Total,LV,Latvia,2012,2161,
TOTAL,Total,LV,Latvia,2013,2161,
TOTAL,Total,LV,Latvia,2014,2214,
TOTAL,Total,LV,Latvia,2015,2217,
TOTAL,Total,LV,Latvia,2016,2217,
TOTAL,Total,LV,Latvia,2017,2217,
TOTAL,Total,LV,Latvia,2018,2217,
TOTAL,Total,LV,Latvia,2019,2217,
TOTAL,Total,LV,Latvia,2020,2216.1,
TOTAL,Total,LV,Latvia,2021,2213.1,
TOTAL,Total,LV,Latvia,2022,2213,
TOTAL,Total,LV,Latvia,2023,2216.5,
TOTAL,Total,LV,Latvia,2024,2216.5,
TOTAL,Total,MD,Moldova,1992,1328.3,
TOTAL,Total,MD,Moldova,1993,1318.3,
TOTAL,Total,MD,Moldova,1994,1318.3,
TOTAL,Total,MD,Moldova,1995,1326.3,
TOTAL,Total,MD,Moldova,1996,1326.3,
TOTAL,Total,MD,Moldova,1997,1322.3,
TOTAL,Total,MD,Moldova,1998,1219.6,
TOTAL,Total,MD,Moldova,1999,1140.3,
TOTAL,Total,MD,Moldova,2000,1139.3,
TOTAL,Total,MD,Moldova,2001,1121.2,
TOTAL,Total,MD,Moldova,2002,1120.5,
TOTAL,Total,MD,Moldova,2004,1075,
TOTAL,Total,MD,Moldova,2009,2034,
TOTAL,Total,MD,Moldova,2010,2039.6,
TOTAL,Total,MD,Moldova,2011,2029.8,
TOTAL,Total,MD,Moldova,2012,2024.6,
TOTAL,Total,MD,Moldova,2013,2020,
TOTAL,Total,MD,Moldova,2014,2015.1,
TOTAL,Total,MD,Moldova,2015,2006.9,
TOTAL,Total,MD,Moldova,2016,2006,
TOTAL,Total,MD,Moldova,2017,2006.3,
TOTAL,Total,MD,Moldova,2018,2001.3,
TOTAL,Total,MD,Moldova,2019,1997.8,
TOTAL,Total,MD,Moldova,2020,1997.1,
TOTAL,Total,MD,Moldova,2021,1996.7,
TOTAL,Total,MD,Moldova,2022,1997.1,
TOTAL,Total,MD,Moldova,2023,1991.6,
TOTAL,Total,MD,Moldova,2024,1988.8,
TOTAL,Total,ME,Montenegro,2011,325.97,i
TOTAL,Total,ME,Montenegro,2012,325.97,i
TOTAL,Total,ME,Montenegro,2013,325.97,i
TOTAL,Total,ME,Montenegro,2014,326,i
TOTAL,Total,ME,Montenegro,2015,326,i
TOTAL,Total,ME,Montenegro,2016,328,
TOTAL,Total,ME,Montenegro,2017,328,
TOTAL,Total,ME,Montenegro,2018,328,
TOTAL,Total,ME,Montenegro,2019,328,
TOTAL,Total,ME,Montenegro,2020,327.7,
TOTAL,Total,ME,Montenegro,2021,327.7,
TOTAL,Total,ME,Montenegro,2022,327.7,
TOTAL,Total,ME,Montenegro,2023,327.7,
TOTAL,Total,ME,Montenegro,2024,327.7,
TOTAL,Total,MK,North Macedonia,1990,922,
TOTAL,Total,MK,North Macedonia,1991,922,
TOTAL,Total,MK,North Macedonia,1992,922,
TOTAL,Total,MK,North Macedonia,1993,922,
TOTAL,Total,MK,North Macedonia,1994,925,
TOTAL,Total,MK,North Macedonia,1995,699,
TOTAL,Total,MK,North Macedonia,1996,699,
TOTAL,Total,MK,North Macedonia,1997,925,
TOTAL,Total,MK,North Macedonia,1998,925,
TOTAL,Total,MK,North Macedonia,1999,925,
TOTAL,Total,MK,North Macedonia,2000,925,
TOTAL,Total,MK,North Macedonia,2001,925,
TOTAL,Total,MK,North Macedonia,2002,925,
TOTAL,Total,MK,North Macedonia,2004,925,
TOTAL,Total,MK,North Macedonia,2005,925,
TOTAL,Total,MK,North Macedonia,2006,925,
TOTAL,Total,MK,North Macedonia,2007,925,
TOTAL,Total,MK,North Macedonia,2008,926,
TOTAL,Total,MK,North Macedonia,2009,926,
TOTAL,Total,MK,North Macedonia,2010,926,
TOTAL,Total,MK,North Macedonia,2011,925,
TOTAL,Total,MK,North Macedonia,2012,924,
TOTAL,Total,MK,North Macedonia,2013,923,
TOTAL,Total,MK,North Macedonia,2014,923,
TOTAL,Total,MK,North Macedonia,2015,923,
TOTAL,Total,MK,North Macedonia,2016,907,
TOTAL,Total,MK,North Macedonia,2017,907,
TOTAL,Total,MK,North Macedonia,2018,907,
TOTAL,Total,MK,North Macedonia,2019,907,
TOTAL,Total,MK,North Macedonia,2020,907,
TOTAL,Total,MK,North Macedonia,2021,907,
TOTAL,Total,MK,North Macedonia,2022,907,
TOTAL,Total,MK,North Macedonia,2023,908,
TOTAL,Total,MK,North Macedonia,2024,908,
TOTAL,Total,NL,Netherlands,2013,5102,
TOTAL,Total,NL,Netherlands,2014,5164,
TOTAL,Total,NL,Netherlands,2015,5157,
TOTAL,Total,NL,Netherlands,2016,5231,
TOTAL,Total,NL,Netherlands,2017,5230,
TOTAL,Total,NL,Netherlands,2018,5180,
TOTAL,Total,NL,Netherlands,2019,5180,
TOTAL,Total,NL,Netherlands,2020,5186,
TOTAL,Total,NL,Netherlands,2021,5185,
TOTAL,Total,NL,Netherlands,2022,5187,
TOTAL,Total,NL,Netherlands,2023,5187,
TOTAL,Total,NL,Netherlands,2024,5189,
TOTAL,Total,NO,Norway,1990,4044,
TOTAL,Total,NO,Norway,1991,4027,
TOTAL,Total,NO,Norway,1992,4027,
TOTAL,Total,NO,Norway,1993,4023,
TOTAL,Total,NO,Norway,1994,4023,
TOTAL,Total,NO,Norway,1995,4023,
TOTAL,Total,NO,Norway,1996,4152,
TOTAL,Total,NO,Norway,1997,4152,
TOTAL,Total,NO,Norway,1998,4152,
TOTAL,Total,NO,Norway,2000,4413,
TOTAL,Total,NO,Norway,2001,4425,
TOTAL,Total,NO,Norway,2002,4324,
TOTAL,Total,NO,Norway,2003,4334,
TOTAL,Total,NO,Norway,2004,4334,
TOTAL,Total,NO,Norway,2005,4334,
TOTAL,Total,NO,Norway,2006,4338,
TOTAL,Total,NO,Norway,2007,4374,
TOTAL,Total,NO,Norway,2008,4341,
TOTAL,Total,NO,Norway,2009,4151,
TOTAL,Total,NO,Norway,2010,4199,
TOTAL,Total,NO,Norway,2011,4191,
TOTAL,Total,NO,Norway,2012,4136,
TOTAL,Total,NO,Norway,2013,4143,
TOTAL,Total,NO,Norway,2014,4152,
TOTAL,Total,NO,Norway,2015,4152,
TOTAL,Total,NO,Norway,2016,4164,
TOTAL,Total,NO,Norway,2017,4208,
TOTAL,Total,NO,Norway,2018,4177,
TOTAL,Total,NO,Norway,2019,4180,
TOTAL,Total,NO,Norway,2020,4196,
TOTAL,Total,NO,Norway,2021,4196,
TOTAL,Total,NO,Norway,2022,4240,
TOTAL,Total,NO,Norway,2023,4279,
TOTAL,Total,NO,Norway,2024,4279,
TOTAL,Total,PL,Poland,1990,49784,
TOTAL,Total,PL,Poland,1991,49441,
TOTAL,Total,PL,Poland,1992,48310,
TOTAL,Total,PL,Poland,1993,48196,
TOTAL,Total,PL,Poland,1994,46004,
TOTAL,Total,PL,Poland,1995,46378,
TOTAL,Total,PL,Poland,1996,45928,
TOTAL,Total,PL,Poland,1997,45846,
TOTAL,Total,PL,Poland,1998,45176,
TOTAL,Total,PL,Poland,1999,43430,
TOTAL,Total,PL,Poland,2000,41960,
TOTAL,Total,PL,Poland,2001,40004,
TOTAL,Total,PL,Poland,2002,40703,
TOTAL,Total,PL,Poland,2003,37899,i
TOTAL,Total,PL,Poland,2004,38781,
TOTAL,Total,PL,Poland,2005,38920,
TOTAL,Total,PL,Poland,2006,38803,
TOTAL,Total,PL,Poland,2007,38852,
TOTAL,Total,PL,Poland,2008,38081,
TOTAL,Total,PL,Poland,2009,38132,
TOTAL,Total,PL,Poland,2010,37840,
TOTAL,Total,PL,Poland,2011,38053,
TOTAL,Total,PL,Poland,2012,37642,
TOTAL,Total,PL,Poland,2013,36939,
TOTAL,Total,PL,Poland,2014,37455,
TOTAL,Total,PL,Poland,2015,37572,
TOTAL,Total,PL,Poland,2016,37386,
TOTAL,Total,PL,Poland,2017,37195,
TOTAL,Total,PL,Poland,2018,37020,
TOTAL,Total,PL,Poland,2019,37250,
TOTAL,Total,PL,Poland,2020,37269,
TOTAL,Total,PL,Poland,2021,37474,
TOTAL,Total,PL,Poland,2022,37786,
TOTAL,Total,PL,Poland,2023,37817,
TOTAL,Total,PL,Poland,2024,37798,
TOTAL,Total,PT,Portugal,1992,3483,
TOTAL,Total,PT,Portugal,1993,3513,
TOTAL,Total,PT,Portugal,1994,3520,
TOTAL,Total,PT,Portugal,1995,3520,
TOTAL,Total,PT,Portugal,1996,3541,
TOTAL,Total,PT,Portugal,1997,3510,
TOTAL,Total,PT,Portugal,1998,3259,
TOTAL,Total,PT,Portugal,1999,3579,
TOTAL,Total,PT,Portugal,2000,3579,
TOTAL,Total,PT,Portugal,2001,2813.7,
TOTAL,Total,PT,Portugal,2002,2801.2,
TOTAL,Total,PT,Portugal,2007,3524.6,
TOTAL,Total,PT,Portugal,2008,3527.7,
TOTAL,Total,PT,Portugal,2009,3527.5,
TOTAL,Total,PT,Portugal,2010,3531.7,
TOTAL,Total,PT,Portugal,2011,3482.7,
TOTAL,Total,PT,Portugal,2012,3239.1,
TOTAL,Total,PT,Portugal,2013,3242.2,
TOTAL,Total,PT,Portugal,2014,3244.1,
TOTAL,Total,PT,Portugal,2015,3244.1,
TOTAL,Total,PT,Portugal,2016,3244.1,
TOTAL,Total,PT,Portugal,2017,3244.1,
TOTAL,Total,PT,Portugal,2018,3244.1,
TOTAL,Total,PT,Portugal,2019,3224.19,
TOTAL,Total,PT,Portugal,2020,3224.19,
TOTAL,Total,PT,Portugal,2021,3225.111,
TOTAL,Total,PT,Portugal,2022,3225.111,
TOTAL,Total,PT,Portugal,2023,3225.111,
TOTAL,Total,PT,Portugal,2024,3224,
TOTAL,Total,RO,Romania,1990,22179,
TOTAL,Total,RO,Romania,1991,22302,
TOTAL,Total,RO,Romania,1992,22345,
TOTAL,Total,RO,Romania,1993,22239,
TOTAL,Total,RO,Romania,1994,22239,
TOTAL,Total,RO,Romania,1995,22356,
TOTAL,Total,RO,Romania,1996,22365,
TOTAL,Total,RO,Romania,1997,22350,
TOTAL,Total,RO,Romania,1998,22369,
TOTAL,Total,RO,Romania,1999,22369,
TOTAL,Total,RO,Romania,2000,22363,
TOTAL,Total,RO,Romania,2001,22309,
TOTAL,Total,RO,Romania,2002,22298,
TOTAL,Total,RO,Romania,2003,21358,
TOTAL,Total,RO,Romania,2004,21360,
TOTAL,Total,RO,Romania,2005,21228,
TOTAL,Total,RO,Romania,2006,20677,
TOTAL,Total,RO,Romania,2007,20668,
TOTAL,Total,RO,Romania,2008,20648,
TOTAL,Total,RO,Romania,2009,20520,
TOTAL,Total,RO,Romania,2010,20482,
TOTAL,Total,RO,Romania,2011,20129,
TOTAL,Total,RO,Romania,2012,20077,
TOTAL,Total,RO,Romania,2013,20284,
TOTAL,Total,RO,Romania,2014,20241,
TOTAL,Total,RO,Romania,2015,20155,
TOTAL,Total,RO,Romania,2016,20157,
TOTAL,Total,RO,Romania,2017,20144,
TOTAL,Total,RO,Romania,2018,20104,
TOTAL,Total,RO,Romania,2019,20079,
TOTAL,Total,RO,Romania,2020,20071,
TOTAL,Total,RO,Romania,2021,20065,
TOTAL,Total,RO,Romania,2022,19629,
TOTAL,Total,RO,Romania,2023,19625,
TOTAL,Total,RO,Romania,2024,19625,
TOTAL,Total,RS,Serbia,2006,3809,
TOTAL,Total,RS,Serbia,2007,3809,
TOTAL,Total,RS,Serbia,2008,3809,
TOTAL,Total,RS,Serbia,2009,3809,
TOTAL,Total,RS,Serbia,2010,3809,
TOTAL,Total,RS,Serbia,2011,5541,
TOTAL,Total,RS,Serbia,2012,5541,
TOTAL,Total,RS,Serbia,2013,5541,
TOTAL,Total,RS,Serbia,2014,5477,
TOTAL,Total,RS,Serbia,2015,5392,
TOTAL,Total,RS,Serbia,2016,5392,
TOTAL,Total,RS,Serbia,2017,5374,
TOTAL,Total,RS,Serbia,2018,5374,
TOTAL,Total,RS,Serbia,2019,5331,
TOTAL,Total,RS,Serbia,2020,4927,
TOTAL,Total,RS,Serbia,2021,4929,
TOTAL,Total,RS,Serbia,2022,4995,
TOTAL,Total,RS,Serbia,2023,4995,
TOTAL,Total,RS,Serbia,2024,4995,
TOTAL,Total,SE,Sweden,1990,16545,
TOTAL,Total,SE,Sweden,1991,16784,
TOTAL,Total,SE,Sweden,1992,15060,
TOTAL,Total,SE,Sweden,1993,11089,
TOTAL,Total,SE,Sweden,1994,11037,
TOTAL,Total,SE,Sweden,1995,11289,
TOTAL,Total,SE,Sweden,1996,11345,
TOTAL,Total,SE,Sweden,1997,11366,
TOTAL,Total,SE,Sweden,1998,11448,
TOTAL,Total,SE,Sweden,1999,11498,
TOTAL,Total,SE,Sweden,2000,15137,
TOTAL,Total,SE,Sweden,2001,15275,
TOTAL,Total,SE,Sweden,2002,15472,
TOTAL,Total,SE,Sweden,2003,15365,
TOTAL,Total,SE,Sweden,2004,15381,
TOTAL,Total,SE,Sweden,2005,15360,
TOTAL,Total,SE,Sweden,2006,15318,
TOTAL,Total,SE,Sweden,2007,15297,
TOTAL,Total,SE,Sweden,2008,15351,
TOTAL,Total,SE,Sweden,2009,15487,
TOTAL,Total,SE,Sweden,2010,15497,
TOTAL,Total,SE,Sweden,2011,15601,
TOTAL,Total,SE,Sweden,2012,15633,
TOTAL,Total,SE,Sweden,2013,15468,
TOTAL,Total,SE,Sweden,2014,15370,
TOTAL,Total,SE,Sweden,2015,15424,
TOTAL,Total,SE,Sweden,2016,15459,
TOTAL,Total,SE,Sweden,2017,15568,
TOTAL,Total,SE,Sweden,2018,15571,
TOTAL,Total,SE,Sweden,2019,15542,
TOTAL,Total,SE,Sweden,2020,15557,
TOTAL,Total,SE,Sweden,2021,15543,
TOTAL,Total,SE,Sweden,2022,15545,
TOTAL,Total,SE,Sweden,2023,15743,
TOTAL,Total,SE,Sweden,2024,15769,
TOTAL,Total,SI,Slovenia,1992,2195,
TOTAL,Total,SI,Slovenia,1993,2197,
TOTAL,Total,SI,Slovenia,1994,2197,
TOTAL,Total,SI,Slovenia,1995,2196,
TOTAL,Total,SI,Slovenia,1996,2196,
TOTAL,Total,SI,Slovenia,1997,2196,
TOTAL,Total,SI,Slovenia,1998,2193,
TOTAL,Total,SI,Slovenia,1999,2162,
TOTAL,Total,SI,Slovenia,2000,2162,
TOTAL,Total,SI,Slovenia,2001,2192.3,
TOTAL,Total,SI,Slovenia,2002,2194.7,
TOTAL,Total,SI,Slovenia,2003,2192.7,
TOTAL,Total,SI,Slovenia,2004,2192.7,
TOTAL,Total,SI,Slovenia,2005,2192.8,
TOTAL,Total,SI,Slovenia,2006,2192.72,
TOTAL,Total,SI,Slovenia,2007,2192.11,
TOTAL,Total,SI,Slovenia,2008,2192.6,
TOTAL,Total,SI,Slovenia,2009,2187.1,
TOTAL,Total,SI,Slovenia,2010,2187.12,
TOTAL,Total,SI,Slovenia,2011,2177,
TOTAL,Total,SI,Slovenia,2012,2177,
TOTAL,Total,SI,Slovenia,2013,2178,
TOTAL,Total,SI,Slovenia,2014,2178,
TOTAL,Total,SI,Slovenia,2015,2178,
TOTAL,Total,SI,Slovenia,2016,2178,
TOTAL,Total,SI,Slovenia,2017,2178,
TOTAL,Total,SI,Slovenia,2018,2178,
TOTAL,Total,SI,Slovenia,2019,2178,
TOTAL,Total,SI,Slovenia,2020,2178,
TOTAL,Total,SI,Slovenia,2021,2178,
TOTAL,Total,SI,Slovenia,2022,2169,
TOTAL,Total,SI,Slovenia,2023,2169,
TOTAL,Total,SI,Slovenia,2024,2169,
TOTAL,Total,SK,Slovakia,1990,3660,
TOTAL,Total,SK,Slovakia,1991,3661,
TOTAL,Total,SK,Slovakia,1992,3661,
TOTAL,Total,SK,Slovakia,1993,3661,
TOTAL,Total,SK,Slovakia,1994,3661,
TOTAL,Total,SK,Slovakia,1995,3665,
TOTAL,Total,SK,Slovakia,1996,3673,
TOTAL,Total,SK,Slovakia,1997,3673,
TOTAL,Total,SK,Slovakia,1998,3665,
TOTAL,Total,SK,Slovakia,1999,3665,
TOTAL,Total,SK,Slovakia,2000,3662,
TOTAL,Total,SK,Slovakia,2001,3662,
TOTAL,Total,SK,Slovakia,2002,3657,
TOTAL,Total,SK,Slovakia,2003,3657,
TOTAL,Total,SK,Slovakia,2004,3660,
TOTAL,Total,SK,Slovakia,2005,3658,
TOTAL,Total,SK,Slovakia,2006,3658,
TOTAL,Total,SK,Slovakia,2007,3629,
TOTAL,Total,SK,Slovakia,2013,6887.6,i
TOTAL,Total,SK,Slovakia,2014,6872,i
TOTAL,Total,SK,Slovakia,2015,6871,i
TOTAL,Total,SK,Slovakia,2016,6871,i
TOTAL,Total,SK,Slovakia,2017,6868.3,i
TOTAL,Total,SK,Slovakia,2018,6863.7,i
TOTAL,Total,SK,Slovakia,2019,6871.8,i
TOTAL,Total,SK,Slovakia,2020,6865.8,i
TOTAL,Total,SK,Slovakia,2021,6820,i
TOTAL,Total,SK,Slovakia,2022,6815.7,i
TOTAL,Total,SK,Slovakia,2023,6816,i
TOTAL,Total,SK,Slovakia,2024,6816,i
TOTAL,Total,TR,Türkiye,1990,10389,
TOTAL,Total,TR,Türkiye,1991,10401,i
TOTAL,Total,TR,Türkiye,1992,10413,
TOTAL,Total,TR,Türkiye,1993,10413,
TOTAL,Total,TR,Türkiye,1994,10386,
TOTAL,Total,TR,Türkiye,1995,10466,
TOTAL,Total,TR,Türkiye,1996,10508,
TOTAL,Total,TR,Türkiye,1997,10508,
TOTAL,Total,TR,Türkiye,1998,10508,
TOTAL,Total,TR,Türkiye,1999,10933,
TOTAL,Total,TR,Türkiye,2000,10548,
TOTAL,Total,TR,Türkiye,2001,10555,
TOTAL,Total,TR,Türkiye,2002,10559,
TOTAL,Total,TR,Türkiye,2003,10569,
TOTAL,Total,TR,Türkiye,2004,10569,
TOTAL,Total,TR,Türkiye,2005,10569,
TOTAL,Total,TR,Türkiye,2006,10569,
TOTAL,Total,TR,Türkiye,2007,10569,
TOTAL,Total,TR,Türkiye,2008,10571,
TOTAL,Total,TR,Türkiye,2009,10957,
TOTAL,Total,TR,Türkiye,2010,11488,
TOTAL,Total,TR,Türkiye,2011,11536,
TOTAL,Total,TR,Türkiye,2012,11536,
TOTAL,Total,TR,Türkiye,2013,11617,
TOTAL,Total,TR,Türkiye,2014,12053,
TOTAL,Total,TR,Türkiye,2015,12099,
TOTAL,Total,TR,Türkiye,2016,12099,
TOTAL,Total,TR,Türkiye,2017,12175,
TOTAL,Total,TR,Türkiye,2018,12307,
TOTAL,Total,TR,Türkiye,2019,12370,
TOTAL,Total,TR,Türkiye,2020,12803,i
TOTAL,Total,TR,Türkiye,2021,13022,i
TOTAL,Total,TR,Türkiye,2023,13480,
TOTAL,Total,TR,Türkiye,2024,13480,
TOTAL,Total,UA,Ukraine,1990,22799,
TOTAL,Total,UA,Ukraine,1991,22795,
TOTAL,Total,UA,Ukraine,1992,22938.1,
TOTAL,Total,UA,Ukraine,1993,22754.5,
TOTAL,Total,UA,Ukraine,1994,22728.8,
TOTAL,Total,UA,Ukraine,1995,22756.4,
TOTAL,Total,UA,Ukraine,1996,22757.2,
TOTAL,Total,UA,Ukraine,1997,22701.5,
TOTAL,Total,UA,Ukraine,1998,22600.1,
TOTAL,Total,UA,Ukraine,1999,22471.7,
TOTAL,Total,UA,Ukraine,2000,22300.7,
TOTAL,Total,UA,Ukraine,2001,22217.7,
TOTAL,Total,UA,Ukraine,2002,22078,
TOTAL,Total,UK,United Kingdom,1992,33015,
TOTAL,Total,UK,United Kingdom,1993,33040,
TOTAL,Total,UK,United Kingdom,1994,33060,
TOTAL,Total,UK,United Kingdom,1995,34301,
TOTAL,Total,UK,United Kingdom,1996,34301,
TOTAL,Total,UK,United Kingdom,1997,34301,
TOTAL,Total,UK,United Kingdom,1998,34321,
TOTAL,Total,UK,United Kingdom,1999,34847,
TOTAL,Total,UK,United Kingdom,2000,34661,
TOTAL,Total,UK,United Kingdom,2001,34480,p
TOTAL,Total,UK,United Kingdom,2002,34497,p
TOTAL,Total,UK,United Kingdom,2003,34427,p
TOTAL,Total,UK,United Kingdom,2004,33000,
TOTAL,Total,UK,United Kingdom,2005,31482,
TOTAL,Total,UK,United Kingdom,2006,31105,
TOTAL,Total,UK,United Kingdom,2007,31063,
TOTAL,Total,UK,United Kingdom,2008,31082,
TOTAL,Total,UK,United Kingdom,2009,31119,
TOTAL,Total,UK,United Kingdom,2010,31324,
TOTAL,Total,UK,United Kingdom,2011,31752,i
TOTAL,Total,UK,United Kingdom,2012,31764,
TOTAL,Total,UK,United Kingdom,2013,31781,
TOTAL,Total,UK,United Kingdom,2014,31809,
TOTAL,Total,UK,United Kingdom,2015,31883,
TOTAL,Total,UK,United Kingdom,2016,31910,
TOTAL,Total,UK,United Kingdom,2017,31727,
TOTAL,Total,UK,United Kingdom,2018,31780,
TOTAL,Total,UK,United Kingdom,2019,31907,
TOTAL,Total,UK,United Kingdom,2020,31940,
TOTAL,Total,UK,United Kingdom,2021,31898,
TOTAL,Total,UK,United Kingdom,2022,31892,
TOTAL,Total,UK,United Kingdom,2023,31947,
TOTAL,Total,UK,United Kingdom,2024,31925,
TOTAL,Total,XK,Kosovo*,2017,440,
TOTAL,Total,XK,Kosovo*,2018,440,
TOTAL,Total,XK,Kosovo*,2019,440,
TOTAL,Total,XK,Kosovo*,2020,440,
TOTAL,Total,XK,Kosovo*,2021,440,
TOTAL,Total,XK,Kosovo*,2022,440,
