power,power_label,geo,geo_label,period,value,flag
AC15000,Alternating current - 16 2/3 Hz / 15 000 V,AL,Albania,1990,0,
AC15000,Alternating current - 16 2/3 Hz / 15 000 V,AL,Albania,1991,0,
AC15000,Alternating current - 16 2/3 Hz / 15 000 V,AL,Albania,1992,0,
AC15000,Alternating current - 16 2/3 Hz / 15 000 V,AL,Albania,1993,0,
AC15000,Alternating current - 16 2/3 Hz / 15 000 V,AL,Albania,1994,0,
AC15000,Alternating current - 16 2/3 Hz / 15 000 V,AL,Albania,1995,0,
AC15000,Alternating current - 16 2/3 Hz / 15 000 V,AL,Albania,1996,0,
AC15000,Alternating current - 16 2/3 Hz / 15 000 V,AL,Albania,1997,0,
AC15000,Alternating current - 16 2/3 Hz / 15 000 V,AL,Albania,1998,0,
AC15000,Alternating current - 16 2/3 Hz / 15 000 V,AL,Albania,1999,0,
AC15000,Alternating current - 16 2/3 Hz / 15 000 V,AL,Albania,2000,0,
AC15000,Alternating current - 16 2/3 Hz / 15 000 V,AL,Albania,2003,0,
AC15000,Alternating current - 16 2/3 Hz / 15 000 V,AL,Albania,2004,0,
AC15000,Alternating current - 16 2/3 Hz / 15 000 V,AL,Albania,2005,0,
AC15000,Alternating current - 16 2/3 Hz / 15 000 V,AL,Albania,2006,0,
AC15000,Alternating current - 16 2/3 Hz / 15 000 V,AL,Albania,2007,0,
AC15000,Alternating current - 16 2/3 Hz / 15 000 V,AL,Albania,2008,0,
AC15000,Alternating current - 16 2/3 Hz / 15 000 V,AL,Albania,2009,0,
AC15000,Alternating current - 16 2/3 Hz / 15 000 V,AL,Albania,2010,0,
AC15000,Alternating current - 16 2/3 Hz / 15 000 V,AL,Albania,2011,0,
AC15000,Alternating current - 16 2/3 Hz / 15 000 V,AL,Albania,2012,0,
AC15000,Alternating current - 16 2/3 Hz / 15 000 V,AL,Albania,2013,0,
AC15000,Alternating current - 16 2/3 Hz / 15 000 V,AL,Albania,2014,0,
AC15000,Alternating current - 16 2/3 Hz / 15 000 V,AL,Albania,2015,0,
AC15000,Alternating current - 16 2/3 Hz / 15 000 V,AL,Albania,2016,0,
AC15000,Alternating current - 16 2/3 Hz / 15 000 V,AL,Albania,2017,0,
AC15000,Alternating current - 16 2/3 Hz / 15 000 V,AL,Albania,2018,0,
AC15000,Alternating current - 16 2/3 Hz / 15 000 V,AL,Albania,2019,0,
AC15000,Alternating current - 16 2/3 Hz / 15 000 V,AL,Albania,2020,0,
AC15000,Alternating current - 16 2/3 Hz / 15 000 V,AL,Albania,2021,0,
AC15000,Alternating current - 16 2/3 Hz / 15 000 V,AL,Albania,2022,0,
AC15000,Alternating current - 16 2/3 Hz / 15 000 V,AL,Albania,2023,0,
AC15000,Alternating current - 16 2/3 Hz / 15 000 V,AL,Albania,2024,0,
AC15000,Alternating current - 16 2/3 Hz / 15 000 V,AT,Austria,1990,3160,
AC15000,Alternating current - 16 2/3 Hz / 15 000 V,AT,Austria,2007,3466,
AC15000,Alternating current - 16 2/3 Hz / 15 000 V,AT,Austria,2008,3161,i
AC15000,Alternating current - 16 2/3 Hz / 15 000 V,AT,Austria,2009,3573,i
AC15000,Alternating current - 16 2/3 Hz / 15 000 V,AT,Austria,2010,3498,
AC15000,Alternating current - 16 2/3 Hz / 15 000 V,AT,Austria,2011,3363,
AC15000,Alternating current - 16 2/3 Hz / 15 000 V,AT,Austria,2012,3521,
AC15000,Alternating current - 16 2/3 Hz / 15 000 V,AT,Austria,2013,3483,
AC15000,Alternating current - 16 2/3 Hz / 15 000 V,AT,Austria,2014,3483,
AC15000,Alternating current - 16 2/3 Hz / 15 000 V,AT,Austria,2015,3581,
AC15000,Alternating current - 16 2/3 Hz / 15 000 V,AT,Austria,2016,3543,
AC15000,Alternating current - 16 2/3 Hz / 15 000 V,AT,Austria,2017,3585,
AC15000,Alternating current - 16 2/3 Hz / 15 000 V,AT,Austria,2018,3586,
AC15000,Alternating current - 16 2/3 Hz / 15 000 V,AT,Austria,2019,3609,
AC15000,Alternating current - 16 2/3 Hz / 15 000 V,AT,Austria,2020,3625,
AC15000,Alternating current - 16 2/3 Hz / 15 000 V,AT,Austria,2021,3635,
AC15000,Alternating current - 16 2/3 Hz / 15 000 V,AT,Austria,2022,3647,
AC15000,Alternating current - 16 2/3 Hz / 15 000 V,AT,Austria,2023,3687,
AC15000,Alternating current - 16 2/3 Hz / 15 000 V,AT,Austria,2024,3791.281,
AC15000,Alternating current - 16 2/3 Hz / 15 000 V,BA,Bosnia and Herzegovina,1990,0,
AC15000,Alternating current - 16 2/3 Hz / 15 000 V,BA,Bosnia and Herzegovina,1991,0,
AC15000,Alternating current - 16 2/3 Hz / 15 000 V,BA,Bosnia and Herzegovina,1992,0,
AC15000,Alternating current - 16 2/3 Hz / 15 000 V,BA,Bosnia and Herzegovina,1993,0,
AC15000,Alternating current - 16 2/3 Hz / 15 000 V,BA,Bosnia and Herzegovina,1994,0,
AC15000,Alternating current - 16 2/3 Hz / 15 000 V,BA,Bosnia and Herzegovina,1995,0,
AC15000,Alternating current - 16 2/3 Hz / 15 000 V,BA,Bosnia and Herzegovina,1996,0,
AC15000,Alternating current - 16 2/3 Hz / 15 000 V,BA,Bosnia and Herzegovina,1997,0,
AC15000,Alternating current - 16 2/3 Hz / 15 000 V,BA,Bosnia and Herzegovina,1998,0,
AC15000,Alternating current - 16 2/3 Hz / 15 000 V,BA,Bosnia and Herzegovina,1999,0,
AC15000,Alternating current - 16 2/3 Hz / 15 000 V,BA,Bosnia and Herzegovina,2000,0,
AC15000,Alternating current - 16 2/3 Hz / 15 000 V,BA,Bosnia and Herzegovina,2001,0,
AC15000,Alternating current - 16 2/3 Hz / 15 000 V,BA,Bosnia and Herzegovina,2002,0,
AC15000,Alternating current - 16 2/3 Hz / 15 000 V,BA,Bosnia and Herzegovina,2003,0,
AC15000,Alternating current - 16 2/3 Hz / 15 000 V,BA,Bosnia and Herzegovina,2004,0,
AC15000,Alternating current - 16 2/3 Hz / 15 000 V,BA,Bosnia and Herzegovina,2005,0,
AC15000,Alternating current - 16 2/3 Hz / 15 000 V,BA,Bosnia and Herzegovina,2006,0,
AC15000,Alternating current - 16 2/3 Hz / 15 000 V,BA,Bosnia and Herzegovina,2007,0,
AC15000,Alternating current - 16 2/3 Hz / 15 000 V,BA,Bosnia and Herzegovina,2008,0,
AC15000,Alternating current - 16 2/3 Hz / 15 000 V,BA,Bosnia and Herzegovina,2009,0,
AC15000,Alternating current - 16 2/3 Hz / 15 000 V,BA,Bosnia and Herzegovina,2010,0,
AC15000,Alternating current - 16 2/3 Hz / 15 000 V,BA,Bosnia and Herzegovina,2011,0,
AC15000,Alternating current - 16 2/3 Hz / 15 000 V,BA,Bosnia and Herzegovina,2012,0,
AC15000,Alternating current - 16 2/3 Hz / 15 000 V,BA,Bosnia and Herzegovina,2013,0,
AC15000,Alternating current - 16 2/3 Hz / 15 000 V,BA,Bosnia and Herzegovina,2014,0,
AC15000,Alternating current - 16 2/3 Hz / 15 000 V,BA,Bosnia and Herzegovina,2015,0,
AC15000,Alternating current - 16 2/3 Hz / 15 000 V,BA,Bosnia and Herzegovina,2016,0,
AC15000,Alternating current - 16 2/3 Hz / 15 000 V,BA,Bosnia and Herzegovina,2017,0,
AC15000,Alternating current - 16 2/3 Hz / 15 000 V,BA,Bosnia and Herzegovina,2018,0,
AC15000,Alternating current - 16 2/3 Hz / 15 000 V,BA,Bosnia and Herzegovina,2019,0,
AC15000,Alternating current - 16 2/3 Hz / 15 000 V,BA,Bosnia and Herzegovina,2020,0,
AC15000,Alternating current - 16 2/3 Hz / 15 000 V,BA,Bosnia and Herzegovina,2021,0,
AC15000,Alternating current - 16 2/3 Hz / 15 000 V,BA,Bosnia and Herzegovina,2022,0,
AC15000,Alternating current - 16 2/3 Hz / 15 000 V,BA,Bosnia and Herzegovina,2023,0,
AC15000,Alternating current - 16 2/3 Hz / 15 000 V,BA,Bosnia and Herzegovina,2024,0,
AC15000,Alternating current - 16 2/3 Hz / 15 000 V,BE,Belgium,2003,0,
AC15000,Alternating current - 16 2/3 Hz / 15 000 V,BE,Belgium,2004,0,
AC15000,Alternating current - 16 2/3 Hz / 15 000 V,BE,Belgium,2005,0,
AC15000,Alternating current - 16 2/3 Hz / 15 000 V,BE,Belgium,2006,0,
AC15000,Alternating current - 16 2/3 Hz / 15 000 V,BE,Belgium,2007,0,
AC15000,Alternating current - 16 2/3 Hz / 15 000 V,BE,Belgium,2008,0,
AC15000,Alternating current - 16 2/3 Hz / 15 000 V,BE,Belgium,2009,0,
AC15000,Alternating current - 16 2/3 Hz / 15 000 V,BE,Belgium,2010,0,
AC15000,Alternating current - 16 2/3 Hz / 15 000 V,BE,Belgium,2011,0,
AC15000,Alternating current - 16 2/3 Hz / 15 000 V,BE,Belgium,2012,0,
AC15000,Alternating current - 16 2/3 Hz / 15 000 V,BE,Belgium,2013,0,
AC15000,Alternating current - 16 2/3 Hz / 15 000 V,BE,Belgium,2014,0,
AC15000,Alternating current - 16 2/3 Hz / 15 000 V,BE,Belgium,2015,0,
AC15000,Alternating current - 16 2/3 Hz / 15 000 V,BE,Belgium,2016,0,
AC15000,Alternating current - 16 2/3 Hz / 15 000 V,BE,Belgium,2017,0,
AC15000,Alternating current - 16 2/3 Hz / 15 000 V,BE,Belgium,2018,0,
AC15000,Alternating current - 16 2/3 Hz / 15 000 V,BE,Belgium,2019,0,
AC15000,Alternating current - 16 2/3 Hz / 15 000 V,BE,Belgium,2020,0,i
AC15000,Alternating current - 16 2/3 Hz / 15 000 V,BE,Belgium,2021,0,i
AC15000,Alternating current - 16 2/3 Hz / 15 000 V,BE,Belgium,2022,7,i
AC15000,Alternating current - 16 2/3 Hz / 15 000 V,BE,Belgium,2023,7,i
AC15000,Alternating current - 16 2/3 Hz / 15 000 V,BE,Belgium,2024,7,i
AC15000,Alternating current - 16 2/3 Hz / 15 000 V,BG,Bulgaria,1990,0,
AC15000,Alternating current - 16 2/3 Hz / 15 000 V,BG,Bulgaria,1991,0,
AC15000,Alternating current - 16 2/3 Hz / 15 000 V,BG,Bulgaria,2008,0,
AC15000,Alternating current - 16 2/3 Hz / 15 000 V,BG,Bulgaria,2009,0,
AC15000,Alternating current - 16 2/3 Hz / 15 000 V,BG,Bulgaria,2010,0,
AC15000,Alternating current - 16 2/3 Hz / 15 000 V,BG,Bulgaria,2011,0,
AC15000,Alternating current - 16 2/3 Hz / 15 000 V,BG,Bulgaria,2012,0,
AC15000,Alternating current - 16 2/3 Hz / 15 000 V,BG,Bulgaria,2013,0,
AC15000,Alternating current - 16 2/3 Hz / 15 000 V,BG,Bulgaria,2014,0,
AC15000,Alternating current - 16 2/3 Hz / 15 000 V,BG,Bulgaria,2015,0,
AC15000,Alternating current - 16 2/3 Hz / 15 000 V,BG,Bulgaria,2016,0,
AC15000,Alternating current - 16 2/3 Hz / 15 000 V,BG,Bulgaria,2017,0,
AC15000,Alternating current - 16 2/3 Hz / 15 000 V,BG,Bulgaria,2018,0,
AC15000,Alternating current - 16 2/3 Hz / 15 000 V,BG,Bulgaria,2019,0,
AC15000,Alternating current - 16 2/3 Hz / 15 000 V,BG,Bulgaria,2020,0,
AC15000,Alternating current - 16 2/3 Hz / 15 000 V,BG,Bulgaria,2021,0,
AC15000,Alternating current - 16 2/3 Hz / 15 000 V,BG,Bulgaria,2022,0,
AC15000,Alternating current - 16 2/3 Hz / 15 000 V,BG,Bulgaria,2023,0,
AC15000,Alternating current - 16 2/3 Hz / 15 000 V,BG,Bulgaria,2024,0,
AC15000,Alternating current - 16 2/3 Hz / 15 000 V,CH,Switzerland,1990,4145,i
AC15000,Alternating current - 16 2/3 Hz / 15 000 V,CH,Switzerland,1991,4149,i
AC15000,Alternating current - 16 2/3 Hz / 15 000 V,CH,Switzerland,1992,4149,i
AC15000,Alternating current - 16 2/3 Hz / 15 000 V,CH,Switzerland,1993,4147,i
AC15000,Alternating current - 16 2/3 Hz / 15 000 V,CH,Switzerland,1994,4147,i
AC15000,Alternating current - 16 2/3 Hz / 15 000 V,CH,Switzerland,1995,4151,i
AC15000,Alternating current - 16 2/3 Hz / 15 000 V,CH,Switzerland,1996,4155,i
AC15000,Alternating current - 16 2/3 Hz / 15 000 V,CH,Switzerland,1997,4111,i
AC15000,Alternating current - 16 2/3 Hz / 15 000 V,CH,Switzerland,1998,4078,i
AC15000,Alternating current - 16 2/3 Hz / 15 000 V,CH,Switzerland,1999,4374,i
AC15000,Alternating current - 16 2/3 Hz / 15 000 V,CH,Switzerland,2000,4287,i
AC15000,Alternating current - 16 2/3 Hz / 15 000 V,CH,Switzerland,2001,4288,i
AC15000,Alternating current - 16 2/3 Hz / 15 000 V,CH,Switzerland,2002,4283,i
AC15000,Alternating current - 16 2/3 Hz / 15 000 V,CH,Switzerland,2003,4281,i
AC15000,Alternating current - 16 2/3 Hz / 15 000 V,CH,Switzerland,2004,4315,i
AC15000,Alternating current - 16 2/3 Hz / 15 000 V,CH,Switzerland,2005,4314,i
AC15000,Alternating current - 16 2/3 Hz / 15 000 V,CH,Switzerland,2006,4317,i
AC15000,Alternating current - 16 2/3 Hz / 15 000 V,CH,Switzerland,2007,4359,i
AC15000,Alternating current - 16 2/3 Hz / 15 000 V,CH,Switzerland,2008,4397,i
AC15000,Alternating current - 16 2/3 Hz / 15 000 V,CH,Switzerland,2009,4439,i
AC15000,Alternating current - 16 2/3 Hz / 15 000 V,CH,Switzerland,2010,4398,i
AC15000,Alternating current - 16 2/3 Hz / 15 000 V,CH,Switzerland,2011,4391,i
AC15000,Alternating current - 16 2/3 Hz / 15 000 V,CH,Switzerland,2012,4397,i
AC15000,Alternating current - 16 2/3 Hz / 15 000 V,CH,Switzerland,2013,4450,i
AC15000,Alternating current - 16 2/3 Hz / 15 000 V,CH,Switzerland,2014,4456,i
AC15000,Alternating current - 16 2/3 Hz / 15 000 V,CH,Switzerland,2015,4498,i
AC15000,Alternating current - 16 2/3 Hz / 15 000 V,CH,Switzerland,2016,4519,i
AC15000,Alternating current - 16 2/3 Hz / 15 000 V,CH,Switzerland,2017,4528,i
AC15000,Alternating current - 16 2/3 Hz / 15 000 V,CH,Switzerland,2018,4524,i
AC15000,Alternating current - 16 2/3 Hz / 15 000 V,CH,Switzerland,2019,4565,i
AC15000,Alternating current - 16 2/3 Hz / 15 000 V,CH,Switzerland,2020,4603,i
AC15000,Alternating current - 16 2/3 Hz / 15 000 V,CH,Switzerland,2021,4589,i
AC15000,Alternating current - 16 2/3 Hz / 15 000 V,CH,Switzerland,2022,4595,i
AC15000,Alternating current - 16 2/3 Hz / 15 000 V,CH,Switzerland,2023,4605,i
AC15000,Alternating current - 16 2/3 Hz / 15 000 V,CH,Switzerland,2024,4595,i
AC15000,Alternating current - 16 2/3 Hz / 15 000 V,CZ,Czechia,1993,0,
AC15000,Alternating current - 16 2/3 Hz / 15 000 V,CZ,Czechia,1994,0,
AC15000,Alternating current - 16 2/3 Hz / 15 000 V,CZ,Czechia,1995,0,
AC15000,Alternating current - 16 2/3 Hz / 15 000 V,CZ,Czechia,1996,0,
AC15000,Alternating current - 16 2/3 Hz / 15 000 V,CZ,Czechia,1997,0,
AC15000,Alternating current - 16 2/3 Hz / 15 000 V,CZ,Czechia,1998,0,
AC15000,Alternating current - 16 2/3 Hz / 15 000 V,CZ,Czechia,1999,0,
AC15000,Alternating current - 16 2/3 Hz / 15 000 V,CZ,Czechia,2000,0,
AC15000,Alternating current - 16 2/3 Hz / 15 000 V,CZ,Czechia,2001,0,
AC15000,Alternating current - 16 2/3 Hz / 15 000 V,CZ,Czechia,2002,0,
AC15000,Alternating current - 16 2/3 Hz / 15 000 V,CZ,Czechia,2003,0,
AC15000,Alternating current - 16 2/3 Hz / 15 000 V,CZ,Czechia,2004,0,
AC15000,Alternating current - 16 2/3 Hz / 15 000 V,CZ,Czechia,2005,0,
AC15000,Alternating current - 16 2/3 Hz / 15 000 V,CZ,Czechia,2006,0,
AC15000,Alternating current - 16 2/3 Hz / 15 000 V,CZ,Czechia,2007,0,
AC15000,Alternating current - 16 2/3 Hz / 15 000 V,CZ,Czechia,2008,0,
AC15000,Alternating current - 16 2/3 Hz / 15 000 V,CZ,Czechia,2009,14,
AC15000,Alternating current - 16 2/3 Hz / 15 000 V,CZ,Czechia,2010,14,
AC15000,Alternating current - 16 2/3 Hz / 15 000 V,CZ,Czechia,2011,14,
AC15000,Alternating current - 16 2/3 Hz / 15 000 V,CZ,Czechia,2012,14,
AC15000,Alternating current - 16 2/3 Hz / 15 000 V,CZ,Czechia,2013,14,
AC15000,Alternating current - 16 2/3 Hz / 15 000 V,CZ,Czechia,2014,0,
AC15000,Alternating current - 16 2/3 Hz / 15 000 V,CZ,Czechia,2015,14,
AC15000,Alternating current - 16 2/3 Hz / 15 000 V,CZ,Czechia,2016,14,
AC15000,Alternating current - 16 2/3 Hz / 15 000 V,CZ,Czechia,2017,14,
AC15000,Alternating current - 16 2/3 Hz / 15 000 V,CZ,Czechia,2018,14,
AC15000,Alternating current - 16 2/3 Hz / 15 000 V,CZ,Czechia,2019,14,
AC15000,Alternating current - 16 2/3 Hz / 15 000 V,CZ,Czechia,2020,14,
AC15000,Alternating current - 16 2/3 Hz / 15 000 V,CZ,Czechia,2021,14,
AC15000,Alternating current - 16 2/3 Hz / 15 000 V,CZ,Czechia,2022,14,
AC15000,Alternating current - 16 2/3 Hz / 15 000 V,CZ,Czechia,2023,14,
AC15000,Alternating current - 16 2/3 Hz / 15 000 V,CZ,Czechia,2024,14,
AC15000,Alternating current - 16 2/3 Hz / 15 000 V,DE,Germany,1990,11555,
AC15000,Alternating current - 16 2/3 Hz / 15 000 V,DE,Germany,1991,11910,
AC15000,Alternating current - 16 2/3 Hz / 15 000 V,DE,Germany,1992,16106,
AC15000,Alternating current - 16 2/3 Hz / 15 000 V,DE,Germany,1993,16393,
AC15000,Alternating current - 16 2/3 Hz / 15 000 V,DE,Germany,1994,17355,
AC15000,Alternating current - 16 2/3 Hz / 15 000 V,DE,Germany,1998,18396,
AC15000,Alternating current - 16 2/3 Hz / 15 000 V,DE,Germany,1999,18449,
AC15000,Alternating current - 16 2/3 Hz / 15 000 V,DE,Germany,2000,18709.65,
AC15000,Alternating current - 16 2/3 Hz / 15 000 V,DE,Germany,2001,18750,
AC15000,Alternating current - 16 2/3 Hz / 15 000 V,DE,Germany,2002,18885,
AC15000,Alternating current - 16 2/3 Hz / 15 000 V,DE,Germany,2008,19877,i
AC15000,Alternating current - 16 2/3 Hz / 15 000 V,DE,Germany,2009,19933,i
AC15000,Alternating current - 16 2/3 Hz / 15 000 V,DE,Germany,2010,19874,i
AC15000,Alternating current - 16 2/3 Hz / 15 000 V,DE,Germany,2011,19965,i
AC15000,Alternating current - 16 2/3 Hz / 15 000 V,DE,Germany,2012,19971,i
AC15000,Alternating current - 16 2/3 Hz / 15 000 V,DE,Germany,2013,20053.088,i
AC15000,Alternating current - 16 2/3 Hz / 15 000 V,DE,Germany,2014,20171.798,i
AC15000,Alternating current - 16 2/3 Hz / 15 000 V,DE,Germany,2015,20164.753,i
AC15000,Alternating current - 16 2/3 Hz / 15 000 V,DE,Germany,2016,20284.82,i
AC15000,Alternating current - 16 2/3 Hz / 15 000 V,DE,Germany,2017,20310.065,i
AC15000,Alternating current - 16 2/3 Hz / 15 000 V,DE,Germany,2018,20307.53,i
AC15000,Alternating current - 16 2/3 Hz / 15 000 V,DE,Germany,2019,20585.488,i
AC15000,Alternating current - 16 2/3 Hz / 15 000 V,DE,Germany,2020,20615.87,i
AC15000,Alternating current - 16 2/3 Hz / 15 000 V,DE,Germany,2021,20808.607,i
AC15000,Alternating current - 16 2/3 Hz / 15 000 V,DK,Denmark,1990,0,i
AC15000,Alternating current - 16 2/3 Hz / 15 000 V,DK,Denmark,1991,0,i
AC15000,Alternating current - 16 2/3 Hz / 15 000 V,DK,Denmark,1992,0,i
AC15000,Alternating current - 16 2/3 Hz / 15 000 V,DK,Denmark,1993,0,i
AC15000,Alternating current - 16 2/3 Hz / 15 000 V,DK,Denmark,1994,0,i
AC15000,Alternating current - 16 2/3 Hz / 15 000 V,DK,Denmark,1995,0,i
AC15000,Alternating current - 16 2/3 Hz / 15 000 V,DK,Denmark,1996,0,i
AC15000,Alternating current - 16 2/3 Hz / 15 000 V,DK,Denmark,1997,0,i
AC15000,Alternating current - 16 2/3 Hz / 15 000 V,DK,Denmark,1998,0,i
AC15000,Alternating current - 16 2/3 Hz / 15 000 V,DK,Denmark,1999,0,i
AC15000,Alternating current - 16 2/3 Hz / 15 000 V,DK,Denmark,2000,0,i
AC15000,Alternating current - 16 2/3 Hz / 15 000 V,DK,Denmark,2001,0,i
AC15000,Alternating current - 16 2/3 Hz / 15 000 V,DK,Denmark,2002,0,i
AC15000,Alternating current - 16 2/3 Hz / 15 000 V,DK,Denmark,2003,0,i
AC15000,Alternating current - 16 2/3 Hz / 15 000 V,DK,Denmark,2004,0,i
AC15000,Alternating current - 16 2/3 Hz / 15 000 V,DK,Denmark,2005,0,i
AC15000,Alternating current - 16 2/3 Hz / 15 000 V,DK,Denmark,2006,0,i
AC15000,Alternating current - 16 2/3 Hz / 15 000 V,DK,Denmark,2007,0,i
AC15000,Alternating current - 16 2/3 Hz / 15 000 V,DK,Denmark,2008,0,i
AC15000,Alternating current - 16 2/3 Hz / 15 000 V,DK,Denmark,2009,0,i
AC15000,Alternating current - 16 2/3 Hz / 15 000 V,DK,Denmark,2010,0,i
AC15000,Alternating current - 16 2/3 Hz / 15 000 V,DK,Denmark,2011,0,i
AC15000,Alternating current - 16 2/3 Hz / 15 000 V,DK,Denmark,2012,0,i
AC15000,Alternating current - 16 2/3 Hz / 15 000 V,DK,Denmark,2013,0,
AC15000,Alternating current - 16 2/3 Hz / 15 000 V,DK,Denmark,2014,0,
AC15000,Alternating current - 16 2/3 Hz / 15 000 V,DK,Denmark,2015,0,
AC15000,Alternating current - 16 2/3 Hz / 15 000 V,DK,Denmark,2016,0,
AC15000,Alternating current - 16 2/3 Hz / 15 000 V,DK,Denmark,2017,0,
AC15000,Alternating current - 16 2/3 Hz / 15 000 V,DK,Denmark,2018,0,
AC15000,Alternating current - 16 2/3 Hz / 15 000 V,DK,Denmark,2019,0,
AC15000,Alternating current - 16 2/3 Hz / 15 000 V,DK,Denmark,2020,0,
AC15000,Alternating current - 16 2/3 Hz / 15 000 V,DK,Denmark,2021,0,
AC15000,Alternating current - 16 2/3 Hz / 15 000 V,DK,Denmark,2022,0,
AC15000,Alternating current - 16 2/3 Hz / 15 000 V,DK,Denmark,2023,0,
AC15000,Alternating current - 16 2/3 Hz / 15 000 V,DK,Denmark,2024,0,
AC15000,Alternating current - 16 2/3 Hz / 15 000 V,EE,Estonia,1990,0,
AC15000,Alternating current - 16 2/3 Hz / 15 000 V,EE,Estonia,1991,0,
AC15000,Alternating current - 16 2/3 Hz / 15 000 V,EE,Estonia,1992,0,
AC15000,Alternating current - 16 2/3 Hz / 15 000 V,EE,Estonia,1993,0,
AC15000,Alternating current - 16 2/3 Hz / 15 000 V,EE,Estonia,1994,0,
AC15000,Alternating current - 16 2/3 Hz / 15 000 V,EE,Estonia,1995,0,
AC15000,Alternating current - 16 2/3 Hz / 15 000 V,EE,Estonia,1996,0,
AC15000,Alternating current - 16 2/3 Hz / 15 000 V,EE,Estonia,1997,0,
AC15000,Alternating current - 16 2/3 Hz / 15 000 V,EE,Estonia,1998,0,
AC15000,Alternating current - 16 2/3 Hz / 15 000 V,EE,Estonia,1999,0,
AC15000,Alternating current - 16 2/3 Hz / 15 000 V,EE,Estonia,2000,0,
AC15000,Alternating current - 16 2/3 Hz / 15 000 V,EE,Estonia,2001,0,
AC15000,Alternating current - 16 2/3 Hz / 15 000 V,EE,Estonia,2002,0,
AC15000,Alternating current - 16 2/3 Hz / 15 000 V,EE,Estonia,2003,0,
AC15000,Alternating current - 16 2/3 Hz / 15 000 V,EE,Estonia,2004,0,
AC15000,Alternating current - 16 2/3 Hz / 15 000 V,EE,Estonia,2005,0,
AC15000,Alternating current - 16 2/3 Hz / 15 000 V,EE,Estonia,2006,0,
AC15000,Alternating current - 16 2/3 Hz / 15 000 V,EE,Estonia,2007,0,
AC15000,Alternating current - 16 2/3 Hz / 15 000 V,EE,Estonia,2008,0,
AC15000,Alternating current - 16 2/3 Hz / 15 000 V,EE,Estonia,2009,0,
AC15000,Alternating current - 16 2/3 Hz / 15 000 V,EE,Estonia,2010,0,
AC15000,Alternating current - 16 2/3 Hz / 15 000 V,EE,Estonia,2011,0,
AC15000,Alternating current - 16 2/3 Hz / 15 000 V,EE,Estonia,2012,0,
AC15000,Alternating current - 16 2/3 Hz / 15 000 V,EE,Estonia,2013,0,
AC15000,Alternating current - 16 2/3 Hz / 15 000 V,EE,Estonia,2014,0,
AC15000,Alternating current - 16 2/3 Hz / 15 000 V,EE,Estonia,2015,0,
AC15000,Alternating current - 16 2/3 Hz / 15 000 V,EE,Estonia,2016,0,
AC15000,Alternating current - 16 2/3 Hz / 15 000 V,EE,Estonia,2017,0,
AC15000,Alternating current - 16 2/3 Hz / 15 000 V,EE,Estonia,2018,0,
AC15000,Alternating current - 16 2/3 Hz / 15 000 V,EE,Estonia,2019,0,
AC15000,Alternating current - 16 2/3 Hz / 15 000 V,EE,Estonia,2020,0,
AC15000,Alternating current - 16 2/3 Hz / 15 000 V,EE,Estonia,2021,0,
AC15000,Alternating current - 16 2/3 Hz / 15 000 V,EE,Estonia,2022,0,
AC15000,Alternating current - 16 2/3 Hz / 15 000 V,EE,Estonia,2023,0,
AC15000,Alternating current - 16 2/3 Hz / 15 000 V,EE,Estonia,2024,0,
AC15000,Alternating current - 16 2/3 Hz / 15 000 V,EL,Greece,1990,0,
AC15000,Alternating current - 16 2/3 Hz / 15 000 V,EL,Greece,1991,0,
AC15000,Alternating current - 16 2/3 Hz / 15 000 V,EL,Greece,1992,0,
AC15000,Alternating current - 16 2/3 Hz / 15 000 V,EL,Greece,1993,0,
AC15000,Alternating current - 16 2/3 Hz / 15 000 V,EL,Greece,1994,0,
AC15000,Alternating current - 16 2/3 Hz / 15 000 V,EL,Greece,1995,0,
AC15000,Alternating current - 16 2/3 Hz / 15 000 V,EL,Greece,1996,0,
AC15000,Alternating current - 16 2/3 Hz / 15 000 V,EL,Greece,1997,0,
AC15000,Alternating current - 16 2/3 Hz / 15 000 V,EL,Greece,1998,0,
AC15000,Alternating current - 16 2/3 Hz / 15 000 V,EL,Greece,1999,0,
AC15000,Alternating current - 16 2/3 Hz / 15 000 V,EL,Greece,2000,0,
AC15000,Alternating current - 16 2/3 Hz / 15 000 V,EL,Greece,2001,0,
AC15000,Alternating current - 16 2/3 Hz / 15 000 V,EL,Greece,2002,0,
AC15000,Alternating current - 16 2/3 Hz / 15 000 V,EL,Greece,2003,0,
AC15000,Alternating current - 16 2/3 Hz / 15 000 V,EL,Greece,2004,0,
AC15000,Alternating current - 16 2/3 Hz / 15 000 V,EL,Greece,2005,0,
AC15000,Alternating current - 16 2/3 Hz / 15 000 V,EL,Greece,2006,0,
AC15000,Alternating current - 16 2/3 Hz / 15 000 V,EL,Greece,2007,0,
AC15000,Alternating current - 16 2/3 Hz / 15 000 V,EL,Greece,2008,0,
AC15000,Alternating current - 16 2/3 Hz / 15 000 V,EL,Greece,2009,0,
AC15000,Alternating current - 16 2/3 Hz / 15 000 V,EL,Greece,2010,0,
AC15000,Alternating current - 16 2/3 Hz / 15 000 V,EL,Greece,2011,0,
AC15000,Alternating current - 16 2/3 Hz / 15 000 V,EL,Greece,2012,0,
AC15000,Alternating current - 16 2/3 Hz / 15 000 V,EL,Greece,2013,0,
AC15000,Alternating current - 16 2/3 Hz / 15 000 V,EL,Greece,2014,0,
AC15000,Alternating current - 16 2/3 Hz / 15 000 V,EL,Greece,2015,0,
AC15000,Alternating current - 16 2/3 Hz / 15 000 V,EL,Greece,2016,0,
AC15000,Alternating current - 16 2/3 Hz / 15 000 V,EL,Greece,2017,0,
AC15000,Alternating current - 16 2/3 Hz / 15 000 V,EL,Greece,2018,0,
AC15000,Alternating current - 16 2/3 Hz / 15 000 V,EL,Greece,2019,0,
AC15000,Alternating current - 16 2/3 Hz / 15 000 V,EL,Greece,2020,0,
AC15000,Alternating current - 16 2/3 Hz / 15 000 V,EL,Greece,2021,0,
AC15000,Alternating current - 16 2/3 Hz / 15 000 V,EL,Greece,2022,0,
AC15000,Alternating current - 16 2/3 Hz / 15 000 V,EL,Greece,2023,0,
AC15000,Alternating current - 16 2/3 Hz / 15 000 V,EL,Greece,2024,0,
AC15000,Alternating current - 16 2/3 Hz / 15 000 V,ES,Spain,1990,0,
AC15000,Alternating current - 16 2/3 Hz / 15 000 V,ES,Spain,1991,0,
AC15000,Alternating current - 16 2/3 Hz / 15 000 V,ES,Spain,1992,0,
AC15000,Alternating current - 16 2/3 Hz / 15 000 V,ES,Spain,1993,0,
AC15000,Alternating current - 16 2/3 Hz / 15 000 V,ES,Spain,1994,0,
AC15000,Alternating current - 16 2/3 Hz / 15 000 V,ES,Spain,1995,0,
AC15000,Alternating current - 16 2/3 Hz / 15 000 V,ES,Spain,1996,0,
AC15000,Alternating current - 16 2/3 Hz / 15 000 V,ES,Spain,1997,0,
AC15000,Alternating current - 16 2/3 Hz / 15 000 V,ES,Spain,1998,0,
AC15000,Alternating current - 16 2/3 Hz / 15 000 V,ES,Spain,1999,0,
AC15000,Alternating current - 16 2/3 Hz / 15 000 V,ES,Spain,2000,0,
AC15000,Alternating current - 16 2/3 Hz / 15 000 V,ES,Spain,2001,0,
AC15000,Alternating current - 16 2/3 Hz / 15 000 V,ES,Spain,2002,0,
AC15000,Alternating current - 16 2/3 Hz / 15 000 V,ES,Spain,2003,0,
AC15000,Alternating current - 16 2/3 Hz / 15 000 V,ES,Spain,2004,0,
AC15000,Alternating current - 16 2/3 Hz / 15 000 V,ES,Spain,2005,0,
AC15000,Alternating current - 16 2/3 Hz / 15 000 V,ES,Spain,2006,0,
AC15000,Alternating current - 16 2/3 Hz / 15 000 V,ES,Spain,2007,0,
AC15000,Alternating current - 16 2/3 Hz / 15 000 V,ES,Spain,2008,0,
AC15000,Alternating current - 16 2/3 Hz / 15 000 V,ES,Spain,2009,0,
AC15000,Alternating current - 16 2/3 Hz / 15 000 V,ES,Spain,2010,0,
AC15000,Alternating current - 16 2/3 Hz / 15 000 V,ES,Spain,2011,0,
AC15000,Alternating current - 16 2/3 Hz / 15 000 V,ES,Spain,2012,0,
AC15000,Alternating current - 16 2/3 Hz / 15 000 V,ES,Spain,2013,0,
AC15000,Alternating current - 16 2/3 Hz / 15 000 V,ES,Spain,2014,0,
AC15000,Alternating current - 16 2/3 Hz / 15 000 V,ES,Spain,2015,0,
AC15000,Alternating current - 16 2/3 Hz / 15 000 V,ES,Spain,2016,0,
AC15000,Alternating current - 16 2/3 Hz / 15 000 V,ES,Spain,2017,0,
AC15000,Alternating current - 16 2/3 Hz / 15 000 V,ES,Spain,2018,0,
AC15000,Alternating current - 16 2/3 Hz / 15 000 V,ES,Spain,2019,0,
AC15000,Alternating current - 16 2/3 Hz / 15 000 V,ES,Spain,2020,0,
AC15000,Alternating current - 16 2/3 Hz / 15 000 V,ES,Spain,2021,0,
AC15000,Alternating current - 16 2/3 Hz / 15 000 V,ES,Spain,2022,0,
AC15000,Alternating current - 16 2/3 Hz / 15 000 V,ES,Spain,2023,0,
AC15000,Alternating current - 16 2/3 Hz / 15 000 V,ES,Spain,2024,0,
AC15000,Alternating current - 16 2/3 Hz / 15 000 V,EU27_2020,European Union - 27 countries (from 2020),2008,30938.6,
AC15000,Alternating current - 16 2/3 Hz / 15 000 V,EU27_2020,European Union - 27 countries (from 2020),2009,31516.6,
AC15000,Alternating current - 16 2/3 Hz / 15 000 V,EU27_2020,European Union - 27 countries (from 2020),2010,31384.62,
AC15000,Alternating current - 16 2/3 Hz / 15 000 V,EU27_2020,European Union - 27 countries (from 2020),2012,31733,
AC15000,Alternating current - 16 2/3 Hz / 15 000 V,EU27_2020,European Union - 27 countries (from 2020),2013,31798.088,
AC15000,Alternating current - 16 2/3 Hz / 15 000 V,EU27_2020,European Union - 27 countries (from 2020),2014,31920.808,
AC15000,Alternating current - 16 2/3 Hz / 15 000 V,EU27_2020,European Union - 27 countries (from 2020),2015,32028.753,
AC15000,Alternating current - 16 2/3 Hz / 15 000 V,EU27_2020,European Union - 27 countries (from 2020),2016,32059.82,
AC15000,Alternating current - 16 2/3 Hz / 15 000 V,EU27_2020,European Union - 27 countries (from 2020),2017,32129.065,
AC15000,Alternating current - 16 2/3 Hz / 15 000 V,EU27_2020,European Union - 27 countries (from 2020),2018,32155.53,
AC15000,Alternating current - 16 2/3 Hz / 15 000 V,EU27_2020,European Union - 27 countries (from 2020),2019,32424.488,
AC15000,Alternating current - 16 2/3 Hz / 15 000 V,EU27_2020,European Union - 27 countries (from 2020),2020,32469.87,
AC15000,Alternating current - 16 2/3 Hz / 15 000 V,EU27_2020,European Union - 27 countries (from 2020),2021,32674.607,
AC15000,Alternating current - 16 2/3 Hz / 15 000 V,EU27_2020,European Union - 27 countries (from 2020),2022,32823.453,
AC15000,Alternating current - 16 2/3 Hz / 15 000 V,EU27_2020,European Union - 27 countries (from 2020),2023,32411.2,
AC15000,Alternating current - 16 2/3 Hz / 15 000 V,EU27_2020,European Union - 27 countries (from 2020),2024,32764.543,
AC15000,Alternating current - 16 2/3 Hz / 15 000 V,FI,Finland,2008,0,
AC15000,Alternating current - 16 2/3 Hz / 15 000 V,FI,Finland,2009,0,
AC15000,Alternating current - 16 2/3 Hz / 15 000 V,FI,Finland,2010,0,
AC15000,Alternating current - 16 2/3 Hz / 15 000 V,FI,Finland,2012,0,
AC15000,Alternating current - 16 2/3 Hz / 15 000 V,FI,Finland,2013,0,
AC15000,Alternating current - 16 2/3 Hz / 15 000 V,FI,Finland,2014,0,
AC15000,Alternating current - 16 2/3 Hz / 15 000 V,FI,Finland,2015,0,b
AC15000,Alternating current - 16 2/3 Hz / 15 000 V,FI,Finland,2016,0,
AC15000,Alternating current - 16 2/3 Hz / 15 000 V,FI,Finland,2017,0,
AC15000,Alternating current - 16 2/3 Hz / 15 000 V,FI,Finland,2018,0,
AC15000,Alternating current - 16 2/3 Hz / 15 000 V,FI,Finland,2019,0,
AC15000,Alternating current - 16 2/3 Hz / 15 000 V,FI,Finland,2020,0,
AC15000,Alternating current - 16 2/3 Hz / 15 000 V,FI,Finland,2021,0,
AC15000,Alternating current - 16 2/3 Hz / 15 000 V,FI,Finland,2022,0,
AC15000,Alternating current - 16 2/3 Hz / 15 000 V,FI,Finland,2023,0,
AC15000,Alternating current - 16 2/3 Hz / 15 000 V,FI,Finland,2024,0,
AC15000,Alternating current - 16 2/3 Hz / 15 000 V,FR,France,1990,1,
AC15000,Alternating current - 16 2/3 Hz / 15 000 V,FR,France,1991,1,
AC15000,Alternating current - 16 2/3 Hz / 15 000 V,FR,France,1992,1,
AC15000,Alternating current - 16 2/3 Hz / 15 000 V,FR,France,1994,1,
AC15000,Alternating current - 16 2/3 Hz / 15 000 V,FR,France,1995,1,
AC15000,Alternating current - 16 2/3 Hz / 15 000 V,FR,France,1996,1,
AC15000,Alternating current - 16 2/3 Hz / 15 000 V,FR,France,1997,1,
AC15000,Alternating current - 16 2/3 Hz / 15 000 V,FR,France,1998,1,
AC15000,Alternating current - 16 2/3 Hz / 15 000 V,FR,France,1999,1,
AC15000,Alternating current - 16 2/3 Hz / 15 000 V,FR,France,2000,1,
AC15000,Alternating current - 16 2/3 Hz / 15 000 V,FR,France,2001,1,
AC15000,Alternating current - 16 2/3 Hz / 15 000 V,FR,France,2002,1,
AC15000,Alternating current - 16 2/3 Hz / 15 000 V,FR,France,2003,1,
AC15000,Alternating current - 16 2/3 Hz / 15 000 V,FR,France,2008,12,
AC15000,Alternating current - 16 2/3 Hz / 15 000 V,FR,France,2009,12,
AC15000,Alternating current - 16 2/3 Hz / 15 000 V,FR,France,2010,12,
AC15000,Alternating current - 16 2/3 Hz / 15 000 V,FR,France,2011,12,
AC15000,Alternating current - 16 2/3 Hz / 15 000 V,FR,France,2012,12,
AC15000,Alternating current - 16 2/3 Hz / 15 000 V,FR,France,2013,13,
AC15000,Alternating current - 16 2/3 Hz / 15 000 V,FR,France,2014,13,
AC15000,Alternating current - 16 2/3 Hz / 15 000 V,FR,France,2015,13,
AC15000,Alternating current - 16 2/3 Hz / 15 000 V,FR,France,2016,13,
AC15000,Alternating current - 16 2/3 Hz / 15 000 V,FR,France,2017,13,
AC15000,Alternating current - 16 2/3 Hz / 15 000 V,FR,France,2018,13,
AC15000,Alternating current - 16 2/3 Hz / 15 000 V,FR,France,2019,13,
AC15000,Alternating current - 16 2/3 Hz / 15 000 V,FR,France,2020,13,
AC15000,Alternating current - 16 2/3 Hz / 15 000 V,FR,France,2021,13,
AC15000,Alternating current - 16 2/3 Hz / 15 000 V,FR,France,2022,13,
AC15000,Alternating current - 16 2/3 Hz / 15 000 V,FR,France,2023,14,
AC15000,Alternating current - 16 2/3 Hz / 15 000 V,FR,France,2024,14.062,
AC15000,Alternating current - 16 2/3 Hz / 15 000 V,GE,Georgia,1995,0,
AC15000,Alternating current - 16 2/3 Hz / 15 000 V,GE,Georgia,1996,0,
AC15000,Alternating current - 16 2/3 Hz / 15 000 V,GE,Georgia,1997,0,
AC15000,Alternating current - 16 2/3 Hz / 15 000 V,GE,Georgia,1998,0,
AC15000,Alternating current - 16 2/3 Hz / 15 000 V,GE,Georgia,1999,0,
AC15000,Alternating current - 16 2/3 Hz / 15 000 V,GE,Georgia,2012,0,
AC15000,Alternating current - 16 2/3 Hz / 15 000 V,GE,Georgia,2013,0,
AC15000,Alternating current - 16 2/3 Hz / 15 000 V,GE,Georgia,2014,0,
AC15000,Alternating current - 16 2/3 Hz / 15 000 V,GE,Georgia,2015,0,
AC15000,Alternating current - 16 2/3 Hz / 15 000 V,GE,Georgia,2016,0,
AC15000,Alternating current - 16 2/3 Hz / 15 000 V,GE,Georgia,2017,0,
AC15000,Alternating current - 16 2/3 Hz / 15 000 V,GE,Georgia,2018,0,
AC15000,Alternating current - 16 2/3 Hz / 15 000 V,GE,Georgia,2019,0,
AC15000,Alternating current - 16 2/3 Hz / 15 000 V,GE,Georgia,2020,0,
AC15000,Alternating current - 16 2/3 Hz / 15 000 V,GE,Georgia,2021,0,
AC15000,Alternating current - 16 2/3 Hz / 15 000 V,GE,Georgia,2022,0,
AC15000,Alternating current - 16 2/3 Hz / 15 000 V,GE,Georgia,2023,0,
AC15000,Alternating current - 16 2/3 Hz / 15 000 V,GE,Georgia,2024,0,
AC15000,Alternating current - 16 2/3 Hz / 15 000 V,HR,Croatia,2008,0,
AC15000,Alternating current - 16 2/3 Hz / 15 000 V,HR,Croatia,2009,0,
AC15000,Alternating current - 16 2/3 Hz / 15 000 V,HR,Croatia,2010,0,
AC15000,Alternating current - 16 2/3 Hz / 15 000 V,HR,Croatia,2011,0,
AC15000,Alternating current - 16 2/3 Hz / 15 000 V,HR,Croatia,2012,0,
AC15000,Alternating current - 16 2/3 Hz / 15 000 V,HR,Croatia,2013,0,
AC15000,Alternating current - 16 2/3 Hz / 15 000 V,HR,Croatia,2014,0,
AC15000,Alternating current - 16 2/3 Hz / 15 000 V,HR,Croatia,2015,0,
AC15000,Alternating current - 16 2/3 Hz / 15 000 V,HR,Croatia,2016,0,
AC15000,Alternating current - 16 2/3 Hz / 15 000 V,HR,Croatia,2017,0,
AC15000,Alternating current - 16 2/3 Hz / 15 000 V,HR,Croatia,2018,0,
AC15000,Alternating current - 16 2/3 Hz / 15 000 V,HR,Croatia,2019,0,
AC15000,Alternating current - 16 2/3 Hz / 15 000 V,HR,Croatia,2020,0,
AC15000,Alternating current - 16 2/3 Hz / 15 000 V,HR,Croatia,2021,0,
AC15000,Alternating current - 16 2/3 Hz / 15 000 V,HR,Croatia,2022,0,
AC15000,Alternating current - 16 2/3 Hz / 15 000 V,HR,Croatia,2023,0,
AC15000,Alternating current - 16 2/3 Hz / 15 000 V,HR,Croatia,2024,0,
AC15000,Alternating current - 16 2/3 Hz / 15 000 V,HU,Hungary,1990,0,
AC15000,Alternating current - 16 2/3 Hz / 15 000 V,HU,Hungary,1991,0,
AC15000,Alternating current - 16 2/3 Hz / 15 000 V,HU,Hungary,1992,0,
AC15000,Alternating current - 16 2/3 Hz / 15 000 V,HU,Hungary,1993,0,
AC15000,Alternating current - 16 2/3 Hz / 15 000 V,HU,Hungary,1994,0,
AC15000,Alternating current - 16 2/3 Hz / 15 000 V,HU,Hungary,1995,0,
AC15000,Alternating current - 16 2/3 Hz / 15 000 V,HU,Hungary,1996,0,
AC15000,Alternating current - 16 2/3 Hz / 15 000 V,HU,Hungary,1997,0,
AC15000,Alternating current - 16 2/3 Hz / 15 000 V,HU,Hungary,1998,0,
AC15000,Alternating current - 16 2/3 Hz / 15 000 V,HU,Hungary,1999,0,
AC15000,Alternating current - 16 2/3 Hz / 15 000 V,HU,Hungary,2000,0,
AC15000,Alternating current - 16 2/3 Hz / 15 000 V,HU,Hungary,2001,0,
AC15000,Alternating current - 16 2/3 Hz / 15 000 V,HU,Hungary,2002,0,
AC15000,Alternating current - 16 2/3 Hz / 15 000 V,HU,Hungary,2004,0,
AC15000,Alternating current - 16 2/3 Hz / 15 000 V,HU,Hungary,2005,0,
AC15000,Alternating current - 16 2/3 Hz / 15 000 V,HU,Hungary,2006,0,
AC15000,Alternating current - 16 2/3 Hz / 15 000 V,HU,Hungary,2007,3,
AC15000,Alternating current - 16 2/3 Hz / 15 000 V,HU,Hungary,2008,3,
AC15000,Alternating current - 16 2/3 Hz / 15 000 V,HU,Hungary,2009,3,
AC15000,Alternating current - 16 2/3 Hz / 15 000 V,HU,Hungary,2010,3,
AC15000,Alternating current - 16 2/3 Hz / 15 000 V,HU,Hungary,2011,3,
AC15000,Alternating current - 16 2/3 Hz / 15 000 V,HU,Hungary,2012,3,
AC15000,Alternating current - 16 2/3 Hz / 15 000 V,HU,Hungary,2013,3,
AC15000,Alternating current - 16 2/3 Hz / 15 000 V,HU,Hungary,2014,3.01,
AC15000,Alternating current - 16 2/3 Hz / 15 000 V,HU,Hungary,2015,3,
AC15000,Alternating current - 16 2/3 Hz / 15 000 V,HU,Hungary,2016,3,
AC15000,Alternating current - 16 2/3 Hz / 15 000 V,HU,Hungary,2017,0,
AC15000,Alternating current - 16 2/3 Hz / 15 000 V,HU,Hungary,2018,0,
AC15000,Alternating current - 16 2/3 Hz / 15 000 V,HU,Hungary,2019,0,
AC15000,Alternating current - 16 2/3 Hz / 15 000 V,HU,Hungary,2020,0,
AC15000,Alternating current - 16 2/3 Hz / 15 000 V,HU,Hungary,2021,0,
AC15000,Alternating current - 16 2/3 Hz / 15 000 V,HU,Hungary,2022,0,
AC15000,Alternating current - 16 2/3 Hz / 15 000 V,HU,Hungary,2023,3,
AC15000,Alternating current - 16 2/3 Hz / 15 000 V,HU,Hungary,2024,3,
AC15000,Alternating current - 16 2/3 Hz / 15 000 V,IE,Ireland,1990,0,
AC15000,Alternating current - 16 2/3 Hz / 15 000 V,IE,Ireland,1991,0,
AC15000,Alternating current - 16 2/3 Hz / 15 000 V,IE,Ireland,1992,0,
AC15000,Alternating current - 16 2/3 Hz / 15 000 V,IE,Ireland,1993,0,
AC15000,Alternating current - 16 2/3 Hz / 15 000 V,IE,Ireland,1994,0,
AC15000,Alternating current - 16 2/3 Hz / 15 000 V,IE,Ireland,1995,0,
AC15000,Alternating current - 16 2/3 Hz / 15 000 V,IE,Ireland,1996,0,
AC15000,Alternating current - 16 2/3 Hz / 15 000 V,IE,Ireland,1997,0,
AC15000,Alternating current - 16 2/3 Hz / 15 000 V,IE,Ireland,1998,0,
AC15000,Alternating current - 16 2/3 Hz / 15 000 V,IE,Ireland,1999,0,
AC15000,Alternating current - 16 2/3 Hz / 15 000 V,IE,Ireland,2000,0,
AC15000,Alternating current - 16 2/3 Hz / 15 000 V,IE,Ireland,2001,0,
AC15000,Alternating current - 16 2/3 Hz / 15 000 V,IE,Ireland,2002,0,
AC15000,Alternating current - 16 2/3 Hz / 15 000 V,IE,Ireland,2003,0,
AC15000,Alternating current - 16 2/3 Hz / 15 000 V,IE,Ireland,2004,0,
AC15000,Alternating current - 16 2/3 Hz / 15 000 V,IE,Ireland,2005,0,
AC15000,Alternating current - 16 2/3 Hz / 15 000 V,IE,Ireland,2006,0,
AC15000,Alternating current - 16 2/3 Hz / 15 000 V,IE,Ireland,2007,0,
AC15000,Alternating current - 16 2/3 Hz / 15 000 V,IE,Ireland,2008,0,
AC15000,Alternating current - 16 2/3 Hz / 15 000 V,IE,Ireland,2009,0,
AC15000,Alternating current - 16 2/3 Hz / 15 000 V,IE,Ireland,2010,0,
AC15000,Alternating current - 16 2/3 Hz / 15 000 V,IE,Ireland,2011,0,
AC15000,Alternating current - 16 2/3 Hz / 15 000 V,IE,Ireland,2012,0,
AC15000,Alternating current - 16 2/3 Hz / 15 000 V,IE,Ireland,2013,0,
AC15000,Alternating current - 16 2/3 Hz / 15 000 V,IE,Ireland,2014,0,
AC15000,Alternating current - 16 2/3 Hz / 15 000 V,IE,Ireland,2015,0,
AC15000,Alternating current - 16 2/3 Hz / 15 000 V,IE,Ireland,2016,0,
AC15000,Alternating current - 16 2/3 Hz / 15 000 V,IE,Ireland,2017,0,
AC15000,Alternating current - 16 2/3 Hz / 15 000 V,IE,Ireland,2018,0,
AC15000,Alternating current - 16 2/3 Hz / 15 000 V,IE,Ireland,2019,0,
AC15000,Alternating current - 16 2/3 Hz / 15 000 V,IE,Ireland,2020,0,
AC15000,Alternating current - 16 2/3 Hz / 15 000 V,IE,Ireland,2021,0,
AC15000,Alternating current - 16 2/3 Hz / 15 000 V,IE,Ireland,2022,0,
AC15000,Alternating current - 16 2/3 Hz / 15 000 V,IE,Ireland,2023,0,i
AC15000,Alternating current - 16 2/3 Hz / 15 000 V,IE,Ireland,2024,0,
AC15000,Alternating current - 16 2/3 Hz / 15 000 V,IT,Italy,1990,0,
AC15000,Alternating current - 16 2/3 Hz / 15 000 V,IT,Italy,1991,0,
AC15000,Alternating current - 16 2/3 Hz / 15 000 V,IT,Italy,1992,0,
AC15000,Alternating current - 16 2/3 Hz / 15 000 V,IT,Italy,1993,0,
AC15000,Alternating current - 16 2/3 Hz / 15 000 V,IT,Italy,1994,0,
AC15000,Alternating current - 16 2/3 Hz / 15 000 V,IT,Italy,1995,0,
AC15000,Alternating current - 16 2/3 Hz / 15 000 V,IT,Italy,1996,0,
AC15000,Alternating current - 16 2/3 Hz / 15 000 V,IT,Italy,1997,0,
AC15000,Alternating current - 16 2/3 Hz / 15 000 V,IT,Italy,1998,0,
AC15000,Alternating current - 16 2/3 Hz / 15 000 V,IT,Italy,1999,0,
AC15000,Alternating current - 16 2/3 Hz / 15 000 V,IT,Italy,2000,0,
AC15000,Alternating current - 16 2/3 Hz / 15 000 V,IT,Italy,2001,0,
AC15000,Alternating current - 16 2/3 Hz / 15 000 V,IT,Italy,2002,0,
AC15000,Alternating current - 16 2/3 Hz / 15 000 V,IT,Italy,2003,0,
AC15000,Alternating current - 16 2/3 Hz / 15 000 V,IT,Italy,2004,0,
AC15000,Alternating current - 16 2/3 Hz / 15 000 V,IT,Italy,2005,0,
AC15000,Alternating current - 16 2/3 Hz / 15 000 V,IT,Italy,2006,0,
AC15000,Alternating current - 16 2/3 Hz / 15 000 V,IT,Italy,2007,0,
AC15000,Alternating current - 16 2/3 Hz / 15 000 V,IT,Italy,2008,0,
AC15000,Alternating current - 16 2/3 Hz / 15 000 V,IT,Italy,2009,0,
AC15000,Alternating current - 16 2/3 Hz / 15 000 V,IT,Italy,2010,0,
AC15000,Alternating current - 16 2/3 Hz / 15 000 V,IT,Italy,2011,0,
AC15000,Alternating current - 16 2/3 Hz / 15 000 V,IT,Italy,2012,0,
AC15000,Alternating current - 16 2/3 Hz / 15 000 V,IT,Italy,2013,0,
AC15000,Alternating current - 16 2/3 Hz / 15 000 V,IT,Italy,2014,0,
AC15000,Alternating current - 16 2/3 Hz / 15 000 V,IT,Italy,2015,0,
AC15000,Alternating current - 16 2/3 Hz / 15 000 V,IT,Italy,2016,0,
AC15000,Alternating current - 16 2/3 Hz / 15 000 V,IT,Italy,2017,0,
AC15000,Alternating current - 16 2/3 Hz / 15 000 V,IT,Italy,2018,0,
AC15000,Alternating current - 16 2/3 Hz / 15 000 V,IT,Italy,2019,0,
AC15000,Alternating current - 16 2/3 Hz / 15 000 V,IT,Italy,2020,0,
AC15000,Alternating current - 16 2/3 Hz / 15 000 V,IT,Italy,2021,0,
AC15000,Alternating current - 16 2/3 Hz / 15 000 V,IT,Italy,2022,0,
AC15000,Alternating current - 16 2/3 Hz / 15 000 V,IT,Italy,2023,0,
AC15000,Alternating current - 16 2/3 Hz / 15 000 V,IT,Italy,2024,0,
AC15000,Alternating current - 16 2/3 Hz / 15 000 V,LI,Liechtenstein,2013,9,
AC15000,Alternating current - 16 2/3 Hz / 15 000 V,LI,Liechtenstein,2014,9,
AC15000,Alternating current - 16 2/3 Hz / 15 000 V,LI,Liechtenstein,2015,9,
AC15000,Alternating current - 16 2/3 Hz / 15 000 V,LI,Liechtenstein,2016,9,
AC15000,Alternating current - 16 2/3 Hz / 15 000 V,LI,Liechtenstein,2017,9,
AC15000,Alternating current - 16 2/3 Hz / 15 000 V,LI,Liechtenstein,2018,9,
AC15000,Alternating current - 16 2/3 Hz / 15 000 V,LI,Liechtenstein,2019,9,
AC15000,Alternating current - 16 2/3 Hz / 15 000 V,LI,Liechtenstein,2020,9,
AC15000,Alternating current - 16 2/3 Hz / 15 000 V,LI,Liechtenstein,2021,9,
AC15000,Alternating current - 16 2/3 Hz / 15 000 V,LI,Liechtenstein,2022,9,
AC15000,Alternating current - 16 2/3 Hz / 15 000 V,LI,Liechtenstein,2023,9,
AC15000,Alternating current - 16 2/3 Hz / 15 000 V,LI,Liechtenstein,2024,9,
AC15000,Alternating current - 16 2/3 Hz / 15 000 V,LT,Lithuania,1990,0,
AC15000,Alternating current - 16 2/3 Hz / 15 000 V,LT,Lithuania,1991,0,
AC15000,Alternating current - 16 2/3 Hz / 15 000 V,LT,Lithuania,1992,0,
AC15000,Alternating current - 16 2/3 Hz / 15 000 V,LT,Lithuania,1993,0,
AC15000,Alternating current - 16 2/3 Hz / 15 000 V,LT,Lithuania,1994,0,
AC15000,Alternating current - 16 2/3 Hz / 15 000 V,LT,Lithuania,1995,0,
AC15000,Alternating current - 16 2/3 Hz / 15 000 V,LT,Lithuania,1996,0,
AC15000,Alternating current - 16 2/3 Hz / 15 000 V,LT,Lithuania,1997,0,
AC15000,Alternating current - 16 2/3 Hz / 15 000 V,LT,Lithuania,1998,0,
AC15000,Alternating current - 16 2/3 Hz / 15 000 V,LT,Lithuania,1999,0,
AC15000,Alternating current - 16 2/3 Hz / 15 000 V,LT,Lithuania,2000,0,
AC15000,Alternating current - 16 2/3 Hz / 15 000 V,LT,Lithuania,2001,0,
AC15000,Alternating current - 16 2/3 Hz / 15 000 V,LT,Lithuania,2002,0,
AC15000,Alternating current - 16 2/3 Hz / 15 000 V,LT,Lithuania,2004,0,
AC15000,Alternating current - 16 2/3 Hz / 15 000 V,LT,Lithuania,2005,0,
AC15000,Alternating current - 16 2/3 Hz / 15 000 V,LT,Lithuania,2006,0,
AC15000,Alternating current - 16 2/3 Hz / 15 000 V,LT,Lithuania,2007,0,
AC15000,Alternating current - 16 2/3 Hz / 15 000 V,LT,Lithuania,2008,0,
AC15000,Alternating current - 16 2/3 Hz / 15 000 V,LT,Lithuania,2009,0,
AC15000,Alternating current - 16 2/3 Hz / 15 000 V,LT,Lithuania,2010,0,
AC15000,Alternating current - 16 2/3 Hz / 15 000 V,LT,Lithuania,2011,0,
AC15000,Alternating current - 16 2/3 Hz / 15 000 V,LT,Lithuania,2012,0,
AC15000,Alternating current - 16 2/3 Hz / 15 000 V,LT,Lithuania,2013,0,
AC15000,Alternating current - 16 2/3 Hz / 15 000 V,LT,Lithuania,2014,0,
AC15000,Alternating current - 16 2/3 Hz / 15 000 V,LT,Lithuania,2015,0,
AC15000,Alternating current - 16 2/3 Hz / 15 000 V,LT,Lithuania,2016,0,
AC15000,Alternating current - 16 2/3 Hz / 15 000 V,LT,Lithuania,2017,0,
AC15000,Alternating current - 16 2/3 Hz / 15 000 V,LT,Lithuania,2018,0,
AC15000,Alternating current - 16 2/3 Hz / 15 000 V,LT,Lithuania,2019,0,
AC15000,Alternating current - 16 2/3 Hz / 15 000 V,LT,Lithuania,2020,0,
AC15000,Alternating current - 16 2/3 Hz / 15 000 V,LT,Lithuania,2021,0,
AC15000,Alternating current - 16 2/3 Hz / 15 000 V,LT,Lithuania,2022,0,
AC15000,Alternating current - 16 2/3 Hz / 15 000 V,LT,Lithuania,2023,0,
AC15000,Alternating current - 16 2/3 Hz / 15 000 V,LT,Lithuania,2024,0,
AC15000,Alternating current - 16 2/3 Hz / 15 000 V,LU,Luxembourg,1990,0,
AC15000,Alternating current - 16 2/3 Hz / 15 000 V,LU,Luxembourg,1991,0,
AC15000,Alternating current - 16 2/3 Hz / 15 000 V,LU,Luxembourg,1992,0,
AC15000,Alternating current - 16 2/3 Hz / 15 000 V,LU,Luxembourg,1993,0,
AC15000,Alternating current - 16 2/3 Hz / 15 000 V,LU,Luxembourg,1994,0,
AC15000,Alternating current - 16 2/3 Hz / 15 000 V,LU,Luxembourg,1995,0,
AC15000,Alternating current - 16 2/3 Hz / 15 000 V,LU,Luxembourg,1996,0,
AC15000,Alternating current - 16 2/3 Hz / 15 000 V,LU,Luxembourg,1997,0,
AC15000,Alternating current - 16 2/3 Hz / 15 000 V,LU,Luxembourg,1998,0,
AC15000,Alternating current - 16 2/3 Hz / 15 000 V,LU,Luxembourg,1999,0,
AC15000,Alternating current - 16 2/3 Hz / 15 000 V,LU,Luxembourg,2000,0,
AC15000,Alternating current - 16 2/3 Hz / 15 000 V,LU,Luxembourg,2001,0,
AC15000,Alternating current - 16 2/3 Hz / 15 000 V,LU,Luxembourg,2002,0,
AC15000,Alternating current - 16 2/3 Hz / 15 000 V,LU,Luxembourg,2003,0,
AC15000,Alternating current - 16 2/3 Hz / 15 000 V,LU,Luxembourg,2004,0,
AC15000,Alternating current - 16 2/3 Hz / 15 000 V,LU,Luxembourg,2005,0,
AC15000,Alternating current - 16 2/3 Hz / 15 000 V,LU,Luxembourg,2006,0,
AC15000,Alternating current - 16 2/3 Hz / 15 000 V,LU,Luxembourg,2007,0,
AC15000,Alternating current - 16 2/3 Hz / 15 000 V,LU,Luxembourg,2008,0,
AC15000,Alternating current - 16 2/3 Hz / 15 000 V,LU,Luxembourg,2009,0,
AC15000,Alternating current - 16 2/3 Hz / 15 000 V,LU,Luxembourg,2010,0,
AC15000,Alternating current - 16 2/3 Hz / 15 000 V,LU,Luxembourg,2011,0,
AC15000,Alternating current - 16 2/3 Hz / 15 000 V,LU,Luxembourg,2012,0,
AC15000,Alternating current - 16 2/3 Hz / 15 000 V,LU,Luxembourg,2013,0,
AC15000,Alternating current - 16 2/3 Hz / 15 000 V,LU,Luxembourg,2014,0,
AC15000,Alternating current - 16 2/3 Hz / 15 000 V,LU,Luxembourg,2015,0,
AC15000,Alternating current - 16 2/3 Hz / 15 000 V,LU,Luxembourg,2016,0,
AC15000,Alternating current - 16 2/3 Hz / 15 000 V,LU,Luxembourg,2017,0,
AC15000,Alternating current - 16 2/3 Hz / 15 000 V,LU,Luxembourg,2018,0,
AC15000,Alternating current - 16 2/3 Hz / 15 000 V,LU,Luxembourg,2019,0,
AC15000,Alternating current - 16 2/3 Hz / 15 000 V,LU,Luxembourg,2020,0,
AC15000,Alternating current - 16 2/3 Hz / 15 000 V,LU,Luxembourg,2021,0,
AC15000,Alternating current - 16 2/3 Hz / 15 000 V,LU,Luxembourg,2022,0,
AC15000,Alternating current - 16 2/3 Hz / 15 000 V,LU,Luxembourg,2023,0,
AC15000,Alternating current - 16 2/3 Hz / 15 000 V,LU,Luxembourg,2024,0,
AC15000,Alternating current - 16 2/3 Hz / 15 000 V,LV,Latvia,1990,0,
AC15000,Alternating current - 16 2/3 Hz / 15 000 V,LV,Latvia,1991,0,
AC15000,Alternating current - 16 2/3 Hz / 15 000 V,LV,Latvia,1992,0,
AC15000,Alternating current - 16 2/3 Hz / 15 000 V,LV,Latvia,1993,0,
AC15000,Alternating current - 16 2/3 Hz / 15 000 V,LV,Latvia,1994,0,
AC15000,Alternating current - 16 2/3 Hz / 15 000 V,LV,Latvia,1995,0,
AC15000,Alternating current - 16 2/3 Hz / 15 000 V,LV,Latvia,1996,0,
AC15000,Alternating current - 16 2/3 Hz / 15 000 V,LV,Latvia,1997,0,
AC15000,Alternating current - 16 2/3 Hz / 15 000 V,LV,Latvia,1998,0,
AC15000,Alternating current - 16 2/3 Hz / 15 000 V,LV,Latvia,1999,0,
AC15000,Alternating current - 16 2/3 Hz / 15 000 V,LV,Latvia,2000,0,
AC15000,Alternating current - 16 2/3 Hz / 15 000 V,LV,Latvia,2001,0,
AC15000,Alternating current - 16 2/3 Hz / 15 000 V,LV,Latvia,2002,0,
AC15000,Alternating current - 16 2/3 Hz / 15 000 V,LV,Latvia,2003,0,
AC15000,Alternating current - 16 2/3 Hz / 15 000 V,LV,Latvia,2004,0,
AC15000,Alternating current - 16 2/3 Hz / 15 000 V,LV,Latvia,2005,0,
AC15000,Alternating current - 16 2/3 Hz / 15 000 V,LV,Latvia,2006,0,
AC15000,Alternating current - 16 2/3 Hz / 15 000 V,LV,Latvia,2007,0,
AC15000,Alternating current - 16 2/3 Hz / 15 000 V,LV,Latvia,2008,0,
AC15000,Alternating current - 16 2/3 Hz / 15 000 V,LV,Latvia,2009,0,
AC15000,Alternating current - 16 2/3 Hz / 15 000 V,LV,Latvia,2010,0,
AC15000,Alternating current - 16 2/3 Hz / 15 000 V,LV,Latvia,2011,0,
AC15000,Alternating current - 16 2/3 Hz / 15 000 V,LV,Latvia,2012,0,
AC15000,Alternating current - 16 2/3 Hz / 15 000 V,LV,Latvia,2013,0,
AC15000,Alternating current - 16 2/3 Hz / 15 000 V,LV,Latvia,2014,0,
AC15000,Alternating current - 16 2/3 Hz / 15 000 V,LV,Latvia,2015,0,
AC15000,Alternating current - 16 2/3 Hz / 15 000 V,LV,Latvia,2016,0,
AC15000,Alternating current - 16 2/3 Hz / 15 000 V,LV,Latvia,2017,0,
AC15000,Alternating current - 16 2/3 Hz / 15 000 V,LV,Latvia,2018,0,
AC15000,Alternating current - 16 2/3 Hz / 15 000 V,LV,Latvia,2019,0,
AC15000,Alternating current - 16 2/3 Hz / 15 000 V,LV,Latvia,2020,0,
AC15000,Alternating current - 16 2/3 Hz / 15 000 V,LV,Latvia,2021,0,
AC15000,Alternating current - 16 2/3 Hz / 15 000 V,LV,Latvia,2022,0,
AC15000,Alternating current - 16 2/3 Hz / 15 000 V,LV,Latvia,2023,0,
AC15000,Alternating current - 16 2/3 Hz / 15 000 V,LV,Latvia,2024,0,
AC15000,Alternating current - 16 2/3 Hz / 15 000 V,MD,Moldova,1990,0,
AC15000,Alternating current - 16 2/3 Hz / 15 000 V,MD,Moldova,1991,0,
AC15000,Alternating current - 16 2/3 Hz / 15 000 V,MD,Moldova,1992,0,
AC15000,Alternating current - 16 2/3 Hz / 15 000 V,MD,Moldova,1993,0,
AC15000,Alternating current - 16 2/3 Hz / 15 000 V,MD,Moldova,1994,0,
AC15000,Alternating current - 16 2/3 Hz / 15 000 V,MD,Moldova,1995,0,
AC15000,Alternating current - 16 2/3 Hz / 15 000 V,MD,Moldova,1996,0,
AC15000,Alternating current - 16 2/3 Hz / 15 000 V,MD,Moldova,1997,0,
AC15000,Alternating current - 16 2/3 Hz / 15 000 V,MD,Moldova,1998,0,
AC15000,Alternating current - 16 2/3 Hz / 15 000 V,MD,Moldova,1999,0,
AC15000,Alternating current - 16 2/3 Hz / 15 000 V,MD,Moldova,2000,0,
AC15000,Alternating current - 16 2/3 Hz / 15 000 V,MD,Moldova,2001,0,
AC15000,Alternating current - 16 2/3 Hz / 15 000 V,MD,Moldova,2002,0,
AC15000,Alternating current - 16 2/3 Hz / 15 000 V,MD,Moldova,2004,0,
AC15000,Alternating current - 16 2/3 Hz / 15 000 V,MD,Moldova,2009,0,
AC15000,Alternating current - 16 2/3 Hz / 15 000 V,MD,Moldova,2010,0,
AC15000,Alternating current - 16 2/3 Hz / 15 000 V,MD,Moldova,2011,0,
AC15000,Alternating current - 16 2/3 Hz / 15 000 V,MD,Moldova,2012,0,
AC15000,Alternating current - 16 2/3 Hz / 15 000 V,MD,Moldova,2013,0,
AC15000,Alternating current - 16 2/3 Hz / 15 000 V,MD,Moldova,2014,0,
AC15000,Alternating current - 16 2/3 Hz / 15 000 V,MD,Moldova,2015,0,
AC15000,Alternating current - 16 2/3 Hz / 15 000 V,MD,Moldova,2016,0,
AC15000,Alternating current - 16 2/3 Hz / 15 000 V,MD,Moldova,2017,0,
AC15000,Alternating current - 16 2/3 Hz / 15 000 V,MD,Moldova,2018,0,
AC15000,Alternating current - 16 2/3 Hz / 15 000 V,MD,Moldova,2019,0,
AC15000,Alternating current - 16 2/3 Hz / 15 000 V,MD,Moldova,2020,0,
AC15000,Alternating current - 16 2/3 Hz / 15 000 V,MD,Moldova,2021,0,
AC15000,Alternating current - 16 2/3 Hz / 15 000 V,MD,Moldova,2022,0,
AC15000,Alternating current - 16 2/3 Hz / 15 000 V,MD,Moldova,2023,0,
AC15000,Alternating current - 16 2/3 Hz / 15 000 V,MD,Moldova,2024,0,
AC15000,Alternating current - 16 2/3 Hz / 15 000 V,ME,Montenegro,2011,0,
AC15000,Alternating current - 16 2/3 Hz / 15 000 V,ME,Montenegro,2012,0,
AC15000,Alternating current - 16 2/3 Hz / 15 000 V,ME,Montenegro,2013,0,
AC15000,Alternating current - 16 2/3 Hz / 15 000 V,ME,Montenegro,2014,0,
AC15000,Alternating current - 16 2/3 Hz / 15 000 V,ME,Montenegro,2015,0,
AC15000,Alternating current - 16 2/3 Hz / 15 000 V,ME,Montenegro,2016,0,
AC15000,Alternating current - 16 2/3 Hz / 15 000 V,ME,Montenegro,2017,0,
AC15000,Alternating current - 16 2/3 Hz / 15 000 V,ME,Montenegro,2018,0,
AC15000,Alternating current - 16 2/3 Hz / 15 000 V,ME,Montenegro,2020,0,
AC15000,Alternating current - 16 2/3 Hz / 15 000 V,ME,Montenegro,2021,0,
AC15000,Alternating current - 16 2/3 Hz / 15 000 V,ME,Montenegro,2022,0,
AC15000,Alternating current - 16 2/3 Hz / 15 000 V,ME,Montenegro,2023,0,
AC15000,Alternating current - 16 2/3 Hz / 15 000 V,ME,Montenegro,2024,0,
AC15000,Alternating current - 16 2/3 Hz / 15 000 V,MK,North Macedonia,1990,0,
AC15000,Alternating current - 16 2/3 Hz / 15 000 V,MK,North Macedonia,1992,0,
AC15000,Alternating current - 16 2/3 Hz / 15 000 V,MK,North Macedonia,1993,0,
AC15000,Alternating current - 16 2/3 Hz / 15 000 V,MK,North Macedonia,1994,0,
AC15000,Alternating current - 16 2/3 Hz / 15 000 V,MK,North Macedonia,1995,0,
AC15000,Alternating current - 16 2/3 Hz / 15 000 V,MK,North Macedonia,1996,0,
AC15000,Alternating current - 16 2/3 Hz / 15 000 V,MK,North Macedonia,1997,0,
AC15000,Alternating current - 16 2/3 Hz / 15 000 V,MK,North Macedonia,1998,0,
AC15000,Alternating current - 16 2/3 Hz / 15 000 V,MK,North Macedonia,1999,0,
AC15000,Alternating current - 16 2/3 Hz / 15 000 V,MK,North Macedonia,2000,0,
AC15000,Alternating current - 16 2/3 Hz / 15 000 V,MK,North Macedonia,2001,0,
AC15000,Alternating current - 16 2/3 Hz / 15 000 V,MK,North Macedonia,2002,0,
AC15000,Alternating current - 16 2/3 Hz / 15 000 V,MK,North Macedonia,2004,0,
AC15000,Alternating current - 16 2/3 Hz / 15 000 V,MK,North Macedonia,2008,0,
AC15000,Alternating current - 16 2/3 Hz / 15 000 V,MK,North Macedonia,2009,0,
AC15000,Alternating current - 16 2/3 Hz / 15 000 V,MK,North Macedonia,2010,0,
AC15000,Alternating current - 16 2/3 Hz / 15 000 V,MK,North Macedonia,2011,0,
AC15000,Alternating current - 16 2/3 Hz / 15 000 V,MK,North Macedonia,2012,0,
AC15000,Alternating current - 16 2/3 Hz / 15 000 V,MK,North Macedonia,2013,0,
AC15000,Alternating current - 16 2/3 Hz / 15 000 V,MK,North Macedonia,2014,0,
AC15000,Alternating current - 16 2/3 Hz / 15 000 V,MK,North Macedonia,2015,0,
AC15000,Alternating current - 16 2/3 Hz / 15 000 V,MK,North Macedonia,2016,0,
AC15000,Alternating current - 16 2/3 Hz / 15 000 V,MK,North Macedonia,2017,0,
AC15000,Alternating current - 16 2/3 Hz / 15 000 V,MK,North Macedonia,2018,0,
AC15000,Alternating current - 16 2/3 Hz / 15 000 V,MK,North Macedonia,2019,0,
AC15000,Alternating current - 16 2/3 Hz / 15 000 V,MK,North Macedonia,2020,0,
AC15000,Alternating current - 16 2/3 Hz / 15 000 V,MK,North Macedonia,2021,0,
AC15000,Alternating current - 16 2/3 Hz / 15 000 V,MK,North Macedonia,2022,0,
AC15000,Alternating current - 16 2/3 Hz / 15 000 V,MK,North Macedonia,2023,0,
AC15000,Alternating current - 16 2/3 Hz / 15 000 V,MK,North Macedonia,2024,0,
AC15000,Alternating current - 16 2/3 Hz / 15 000 V,NL,Netherlands,1990,3,
AC15000,Alternating current - 16 2/3 Hz / 15 000 V,NL,Netherlands,2008,9,i
AC15000,Alternating current - 16 2/3 Hz / 15 000 V,NL,Netherlands,2009,9,i
AC15000,Alternating current - 16 2/3 Hz / 15 000 V,NL,Netherlands,2010,9,i
AC15000,Alternating current - 16 2/3 Hz / 15 000 V,NL,Netherlands,2011,9,i
AC15000,Alternating current - 16 2/3 Hz / 15 000 V,NL,Netherlands,2012,9,i
AC15000,Alternating current - 16 2/3 Hz / 15 000 V,NL,Netherlands,2013,9,i
AC15000,Alternating current - 16 2/3 Hz / 15 000 V,NL,Netherlands,2014,9,i
AC15000,Alternating current - 16 2/3 Hz / 15 000 V,NL,Netherlands,2015,9,i
AC15000,Alternating current - 16 2/3 Hz / 15 000 V,NL,Netherlands,2016,9,i
AC15000,Alternating current - 16 2/3 Hz / 15 000 V,NL,Netherlands,2017,9,i
AC15000,Alternating current - 16 2/3 Hz / 15 000 V,NL,Netherlands,2018,9,i
AC15000,Alternating current - 16 2/3 Hz / 15 000 V,NL,Netherlands,2019,9,i
AC15000,Alternating current - 16 2/3 Hz / 15 000 V,NL,Netherlands,2020,9,i
AC15000,Alternating current - 16 2/3 Hz / 15 000 V,NL,Netherlands,2021,9,i
AC15000,Alternating current - 16 2/3 Hz / 15 000 V,NL,Netherlands,2022,9,i
AC15000,Alternating current - 16 2/3 Hz / 15 000 V,NL,Netherlands,2023,9,i
AC15000,Alternating current - 16 2/3 Hz / 15 000 V,NL,Netherlands,2024,9,i
AC15000,Alternating current - 16 2/3 Hz / 15 000 V,NO,Norway,1990,2426,
AC15000,Alternating current - 16 2/3 Hz / 15 000 V,NO,Norway,1991,2426,
AC15000,Alternating current - 16 2/3 Hz / 15 000 V,NO,Norway,1992,2426,
AC15000,Alternating current - 16 2/3 Hz / 15 000 V,NO,Norway,1993,2422,
AC15000,Alternating current - 16 2/3 Hz / 15 000 V,NO,Norway,1994,2422,
AC15000,Alternating current - 16 2/3 Hz / 15 000 V,NO,Norway,1995,2422,
AC15000,Alternating current - 16 2/3 Hz / 15 000 V,NO,Norway,1996,2420,
AC15000,Alternating current - 16 2/3 Hz / 15 000 V,NO,Norway,1997,2456,
AC15000,Alternating current - 16 2/3 Hz / 15 000 V,NO,Norway,1998,2477,i
AC15000,Alternating current - 16 2/3 Hz / 15 000 V,NO,Norway,1999,2498,i
AC15000,Alternating current - 16 2/3 Hz / 15 000 V,NO,Norway,2000,2519,
AC15000,Alternating current - 16 2/3 Hz / 15 000 V,NO,Norway,2001,2518,
AC15000,Alternating current - 16 2/3 Hz / 15 000 V,NO,Norway,2002,2518,
AC15000,Alternating current - 16 2/3 Hz / 15 000 V,NO,Norway,2003,2518,
AC15000,Alternating current - 16 2/3 Hz / 15 000 V,NO,Norway,2004,2518,
AC15000,Alternating current - 16 2/3 Hz / 15 000 V,NO,Norway,2005,2552,
AC15000,Alternating current - 16 2/3 Hz / 15 000 V,NO,Norway,2006,2552,
AC15000,Alternating current - 16 2/3 Hz / 15 000 V,NO,Norway,2007,2552,
AC15000,Alternating current - 16 2/3 Hz / 15 000 V,NO,Norway,2008,2552,
AC15000,Alternating current - 16 2/3 Hz / 15 000 V,NO,Norway,2009,2505,
AC15000,Alternating current - 16 2/3 Hz / 15 000 V,NO,Norway,2010,2524,
AC15000,Alternating current - 16 2/3 Hz / 15 000 V,NO,Norway,2011,2516,
AC15000,Alternating current - 16 2/3 Hz / 15 000 V,NO,Norway,2012,2498,
AC15000,Alternating current - 16 2/3 Hz / 15 000 V,NO,Norway,2013,2500,
AC15000,Alternating current - 16 2/3 Hz / 15 000 V,NO,Norway,2014,2470,
AC15000,Alternating current - 16 2/3 Hz / 15 000 V,NO,Norway,2015,2460,
AC15000,Alternating current - 16 2/3 Hz / 15 000 V,NO,Norway,2016,2459,
AC15000,Alternating current - 16 2/3 Hz / 15 000 V,NO,Norway,2017,2459,
AC15000,Alternating current - 16 2/3 Hz / 15 000 V,NO,Norway,2018,2480,
AC15000,Alternating current - 16 2/3 Hz / 15 000 V,NO,Norway,2019,2483,
AC15000,Alternating current - 16 2/3 Hz / 15 000 V,NO,Norway,2020,2491,
AC15000,Alternating current - 16 2/3 Hz / 15 000 V,NO,Norway,2021,2491,
AC15000,Alternating current - 16 2/3 Hz / 15 000 V,NO,Norway,2022,2513,
AC15000,Alternating current - 16 2/3 Hz / 15 000 V,NO,Norway,2023,2529,
AC15000,Alternating current - 16 2/3 Hz / 15 000 V,NO,Norway,2024,2529,
AC15000,Alternating current - 16 2/3 Hz / 15 000 V,PL,Poland,1995,0,
AC15000,Alternating current - 16 2/3 Hz / 15 000 V,PL,Poland,1996,0,
AC15000,Alternating current - 16 2/3 Hz / 15 000 V,PL,Poland,1997,0,
AC15000,Alternating current - 16 2/3 Hz / 15 000 V,PL,Poland,1998,0,
AC15000,Alternating current - 16 2/3 Hz / 15 000 V,PL,Poland,1999,0,
AC15000,Alternating current - 16 2/3 Hz / 15 000 V,PL,Poland,2000,0,
AC15000,Alternating current - 16 2/3 Hz / 15 000 V,PL,Poland,2001,0,
AC15000,Alternating current - 16 2/3 Hz / 15 000 V,PL,Poland,2002,0,
AC15000,Alternating current - 16 2/3 Hz / 15 000 V,PL,Poland,2003,0,i
AC15000,Alternating current - 16 2/3 Hz / 15 000 V,PL,Poland,2004,0,
AC15000,Alternating current - 16 2/3 Hz / 15 000 V,PL,Poland,2005,0,
AC15000,Alternating current - 16 2/3 Hz / 15 000 V,PL,Poland,2006,0,
AC15000,Alternating current - 16 2/3 Hz / 15 000 V,PL,Poland,2007,0,
AC15000,Alternating current - 16 2/3 Hz / 15 000 V,PL,Poland,2008,0,
AC15000,Alternating current - 16 2/3 Hz / 15 000 V,PL,Poland,2009,0,
AC15000,Alternating current - 16 2/3 Hz / 15 000 V,PL,Poland,2010,0,
AC15000,Alternating current - 16 2/3 Hz / 15 000 V,PL,Poland,2011,0,
AC15000,Alternating current - 16 2/3 Hz / 15 000 V,PL,Poland,2012,0,
AC15000,Alternating current - 16 2/3 Hz / 15 000 V,PL,Poland,2013,0,
AC15000,Alternating current - 16 2/3 Hz / 15 000 V,PL,Poland,2014,0,
AC15000,Alternating current - 16 2/3 Hz / 15 000 V,PL,Poland,2015,0,
AC15000,Alternating current - 16 2/3 Hz / 15 000 V,PL,Poland,2016,0,
AC15000,Alternating current - 16 2/3 Hz / 15 000 V,PL,Poland,2017,0,
AC15000,Alternating current - 16 2/3 Hz / 15 000 V,PL,Poland,2018,0,
AC15000,Alternating current - 16 2/3 Hz / 15 000 V,PL,Poland,2019,0,
AC15000,Alternating current - 16 2/3 Hz / 15 000 V,PL,Poland,2020,0,
AC15000,Alternating current - 16 2/3 Hz / 15 000 V,PL,Poland,2021,0,
AC15000,Alternating current - 16 2/3 Hz / 15 000 V,PL,Poland,2022,0,
AC15000,Alternating current - 16 2/3 Hz / 15 000 V,PL,Poland,2023,0,
AC15000,Alternating current - 16 2/3 Hz / 15 000 V,PL,Poland,2024,0,
AC15000,Alternating current - 16 2/3 Hz / 15 000 V,PT,Portugal,1990,0,
AC15000,Alternating current - 16 2/3 Hz / 15 000 V,PT,Portugal,1991,0,
AC15000,Alternating current - 16 2/3 Hz / 15 000 V,PT,Portugal,1992,0,
AC15000,Alternating current - 16 2/3 Hz / 15 000 V,PT,Portugal,1993,0,
AC15000,Alternating current - 16 2/3 Hz / 15 000 V,PT,Portugal,1994,0,
AC15000,Alternating current - 16 2/3 Hz / 15 000 V,PT,Portugal,1995,0,
AC15000,Alternating current - 16 2/3 Hz / 15 000 V,PT,Portugal,1996,0,
AC15000,Alternating current - 16 2/3 Hz / 15 000 V,PT,Portugal,1997,0,
AC15000,Alternating current - 16 2/3 Hz / 15 000 V,PT,Portugal,1998,0,
AC15000,Alternating current - 16 2/3 Hz / 15 000 V,PT,Portugal,1999,0,
AC15000,Alternating current - 16 2/3 Hz / 15 000 V,PT,Portugal,2000,0,
AC15000,Alternating current - 16 2/3 Hz / 15 000 V,PT,Portugal,2001,0,
AC15000,Alternating current - 16 2/3 Hz / 15 000 V,PT,Portugal,2002,0,
AC15000,Alternating current - 16 2/3 Hz / 15 000 V,PT,Portugal,2003,0,
AC15000,Alternating current - 16 2/3 Hz / 15 000 V,PT,Portugal,2004,0,
AC15000,Alternating current - 16 2/3 Hz / 15 000 V,PT,Portugal,2005,0,
AC15000,Alternating current - 16 2/3 Hz / 15 000 V,PT,Portugal,2006,0,
AC15000,Alternating current - 16 2/3 Hz / 15 000 V,PT,Portugal,2007,0,
AC15000,Alternating current - 16 2/3 Hz / 15 000 V,PT,Portugal,2008,0,
AC15000,Alternating current - 16 2/3 Hz / 15 000 V,PT,Portugal,2009,0,
AC15000,Alternating current - 16 2/3 Hz / 15 000 V,PT,Portugal,2010,0,
AC15000,Alternating current - 16 2/3 Hz / 15 000 V,PT,Portugal,2011,0,
AC15000,Alternating current - 16 2/3 Hz / 15 000 V,PT,Portugal,2012,0,
AC15000,Alternating current - 16 2/3 Hz / 15 000 V,PT,Portugal,2013,0,
AC15000,Alternating current - 16 2/3 Hz / 15 000 V,PT,Portugal,2014,0,
AC15000,Alternating current - 16 2/3 Hz / 15 000 V,PT,Portugal,2015,0,
AC15000,Alternating current - 16 2/3 Hz / 15 000 V,PT,Portugal,2016,0,
AC15000,Alternating current - 16 2/3 Hz / 15 000 V,PT,Portugal,2017,0,
AC15000,Alternating current - 16 2/3 Hz / 15 000 V,PT,Portugal,2018,0,
AC15000,Alternating current - 16 2/3 Hz / 15 000 V,PT,Portugal,2019,0,
AC15000,Alternating current - 16 2/3 Hz / 15 000 V,PT,Portugal,2020,0,
AC15000,Alternating current - 16 2/3 Hz / 15 000 V,PT,Portugal,2021,0,
AC15000,Alternating current - 16 2/3 Hz / 15 000 V,PT,Portugal,2022,0,
AC15000,Alternating current - 16 2/3 Hz / 15 000 V,PT,Portugal,2023,0,
AC15000,Alternating current - 16 2/3 Hz / 15 000 V,PT,Portugal,2024,0,
AC15000,Alternating current - 16 2/3 Hz / 15 000 V,RO,Romania,1990,0,
AC15000,Alternating current - 16 2/3 Hz / 15 000 V,RO,Romania,1991,0,
AC15000,Alternating current - 16 2/3 Hz / 15 000 V,RO,Romania,1992,0,
AC15000,Alternating current - 16 2/3 Hz / 15 000 V,RO,Romania,1993,0,
AC15000,Alternating current - 16 2/3 Hz / 15 000 V,RO,Romania,1994,0,
AC15000,Alternating current - 16 2/3 Hz / 15 000 V,RO,Romania,1995,0,
AC15000,Alternating current - 16 2/3 Hz / 15 000 V,RO,Romania,1996,0,
AC15000,Alternating current - 16 2/3 Hz / 15 000 V,RO,Romania,1997,0,
AC15000,Alternating current - 16 2/3 Hz / 15 000 V,RO,Romania,1998,0,
AC15000,Alternating current - 16 2/3 Hz / 15 000 V,RO,Romania,1999,0,
AC15000,Alternating current - 16 2/3 Hz / 15 000 V,RO,Romania,2000,0,
AC15000,Alternating current - 16 2/3 Hz / 15 000 V,RO,Romania,2001,0,
AC15000,Alternating current - 16 2/3 Hz / 15 000 V,RO,Romania,2002,0,
AC15000,Alternating current - 16 2/3 Hz / 15 000 V,RO,Romania,2004,0,
AC15000,Alternating current - 16 2/3 Hz / 15 000 V,RO,Romania,2008,0,
AC15000,Alternating current - 16 2/3 Hz / 15 000 V,RO,Romania,2009,0,
AC15000,Alternating current - 16 2/3 Hz / 15 000 V,RO,Romania,2010,0,
AC15000,Alternating current - 16 2/3 Hz / 15 000 V,RO,Romania,2011,0,
AC15000,Alternating current - 16 2/3 Hz / 15 000 V,RO,Romania,2012,0,
AC15000,Alternating current - 16 2/3 Hz / 15 000 V,RO,Romania,2013,0,
AC15000,Alternating current - 16 2/3 Hz / 15 000 V,RO,Romania,2014,0,
AC15000,Alternating current - 16 2/3 Hz / 15 000 V,RO,Romania,2015,0,
AC15000,Alternating current - 16 2/3 Hz / 15 000 V,RO,Romania,2016,0,
AC15000,Alternating current - 16 2/3 Hz / 15 000 V,RO,Romania,2017,0,
AC15000,Alternating current - 16 2/3 Hz / 15 000 V,RO,Romania,2018,0,
AC15000,Alternating current - 16 2/3 Hz / 15 000 V,RO,Romania,2019,0,
AC15000,Alternating current - 16 2/3 Hz / 15 000 V,RO,Romania,2020,0,
AC15000,Alternating current - 16 2/3 Hz / 15 000 V,RO,Romania,2021,0,
AC15000,Alternating current - 16 2/3 Hz / 15 000 V,RO,Romania,2022,0,
AC15000,Alternating current - 16 2/3 Hz / 15 000 V,RO,Romania,2023,0,
AC15000,Alternating current - 16 2/3 Hz / 15 000 V,RO,Romania,2024,0,
AC15000,Alternating current - 16 2/3 Hz / 15 000 V,RS,Serbia,2006,0,
AC15000,Alternating current - 16 2/3 Hz / 15 000 V,RS,Serbia,2007,0,
AC15000,Alternating current - 16 2/3 Hz / 15 000 V,RS,Serbia,2008,0,
AC15000,Alternating current - 16 2/3 Hz / 15 000 V,RS,Serbia,2009,0,
AC15000,Alternating current - 16 2/3 Hz / 15 000 V,RS,Serbia,2010,0,
AC15000,Alternating current - 16 2/3 Hz / 15 000 V,RS,Serbia,2011,0,
AC15000,Alternating current - 16 2/3 Hz / 15 000 V,RS,Serbia,2012,0,
AC15000,Alternating current - 16 2/3 Hz / 15 000 V,RS,Serbia,2013,0,
AC15000,Alternating current - 16 2/3 Hz / 15 000 V,RS,Serbia,2014,0,
AC15000,Alternating current - 16 2/3 Hz / 15 000 V,RS,Serbia,2015,0,
AC15000,Alternating current - 16 2/3 Hz / 15 000 V,RS,Serbia,2016,0,
AC15000,Alternating current - 16 2/3 Hz / 15 000 V,RS,Serbia,2017,0,
AC15000,Alternating current - 16 2/3 Hz / 15 000 V,RS,Serbia,2018,0,
AC15000,Alternating current - 16 2/3 Hz / 15 000 V,RS,Serbia,2019,0,
AC15000,Alternating current - 16 2/3 Hz / 15 000 V,RS,Serbia,2020,0,
AC15000,Alternating current - 16 2/3 Hz / 15 000 V,RS,Serbia,2021,0,
AC15000,Alternating current - 16 2/3 Hz / 15 000 V,RS,Serbia,2022,0,
AC15000,Alternating current - 16 2/3 Hz / 15 000 V,RS,Serbia,2023,0,
AC15000,Alternating current - 16 2/3 Hz / 15 000 V,RS,Serbia,2024,0,
AC15000,Alternating current - 16 2/3 Hz / 15 000 V,SE,Sweden,1990,7382,
AC15000,Alternating current - 16 2/3 Hz / 15 000 V,SE,Sweden,1991,7336,
AC15000,Alternating current - 16 2/3 Hz / 15 000 V,SE,Sweden,1992,7352,
AC15000,Alternating current - 16 2/3 Hz / 15 000 V,SE,Sweden,1993,7359,
AC15000,Alternating current - 16 2/3 Hz / 15 000 V,SE,Sweden,1994,7266,
AC15000,Alternating current - 16 2/3 Hz / 15 000 V,SE,Sweden,1995,7402,
AC15000,Alternating current - 16 2/3 Hz / 15 000 V,SE,Sweden,1996,7470,
AC15000,Alternating current - 16 2/3 Hz / 15 000 V,SE,Sweden,1997,7445,
AC15000,Alternating current - 16 2/3 Hz / 15 000 V,SE,Sweden,1998,7444,
AC15000,Alternating current - 16 2/3 Hz / 15 000 V,SE,Sweden,1999,7474,
AC15000,Alternating current - 16 2/3 Hz / 15 000 V,SE,Sweden,2000,7487,
AC15000,Alternating current - 16 2/3 Hz / 15 000 V,SE,Sweden,2001,7681,
AC15000,Alternating current - 16 2/3 Hz / 15 000 V,SE,Sweden,2002,7758,
AC15000,Alternating current - 16 2/3 Hz / 15 000 V,SE,Sweden,2003,7739,
AC15000,Alternating current - 16 2/3 Hz / 15 000 V,SE,Sweden,2004,7745,
AC15000,Alternating current - 16 2/3 Hz / 15 000 V,SE,Sweden,2005,7737,
AC15000,Alternating current - 16 2/3 Hz / 15 000 V,SE,Sweden,2006,7749,
AC15000,Alternating current - 16 2/3 Hz / 15 000 V,SE,Sweden,2007,7848,
AC15000,Alternating current - 16 2/3 Hz / 15 000 V,SE,Sweden,2008,7867,
AC15000,Alternating current - 16 2/3 Hz / 15 000 V,SE,Sweden,2009,7963,
AC15000,Alternating current - 16 2/3 Hz / 15 000 V,SE,Sweden,2010,7965,
AC15000,Alternating current - 16 2/3 Hz / 15 000 V,SE,Sweden,2011,8119,
AC15000,Alternating current - 16 2/3 Hz / 15 000 V,SE,Sweden,2012,8194,
AC15000,Alternating current - 16 2/3 Hz / 15 000 V,SE,Sweden,2013,8214,
AC15000,Alternating current - 16 2/3 Hz / 15 000 V,SE,Sweden,2014,8232,
AC15000,Alternating current - 16 2/3 Hz / 15 000 V,SE,Sweden,2015,8235,
AC15000,Alternating current - 16 2/3 Hz / 15 000 V,SE,Sweden,2016,8184,
AC15000,Alternating current - 16 2/3 Hz / 15 000 V,SE,Sweden,2017,8189,
AC15000,Alternating current - 16 2/3 Hz / 15 000 V,SE,Sweden,2018,8217,
AC15000,Alternating current - 16 2/3 Hz / 15 000 V,SE,Sweden,2019,8185,
AC15000,Alternating current - 16 2/3 Hz / 15 000 V,SE,Sweden,2020,8184,
AC15000,Alternating current - 16 2/3 Hz / 15 000 V,SE,Sweden,2021,8186,
AC15000,Alternating current - 16 2/3 Hz / 15 000 V,SE,Sweden,2022,8185,
AC15000,Alternating current - 16 2/3 Hz / 15 000 V,SE,Sweden,2023,8189,
AC15000,Alternating current - 16 2/3 Hz / 15 000 V,SE,Sweden,2024,8191,
AC15000,Alternating current - 16 2/3 Hz / 15 000 V,SI,Slovenia,1992,1,
AC15000,Alternating current - 16 2/3 Hz / 15 000 V,SI,Slovenia,1993,1,
AC15000,Alternating current - 16 2/3 Hz / 15 000 V,SI,Slovenia,1994,1,
AC15000,Alternating current - 16 2/3 Hz / 15 000 V,SI,Slovenia,1995,1,
AC15000,Alternating current - 16 2/3 Hz / 15 000 V,SI,Slovenia,1996,1,
AC15000,Alternating current - 16 2/3 Hz / 15 000 V,SI,Slovenia,1997,1,
AC15000,Alternating current - 16 2/3 Hz / 15 000 V,SI,Slovenia,1998,2,
AC15000,Alternating current - 16 2/3 Hz / 15 000 V,SI,Slovenia,1999,8,
AC15000,Alternating current - 16 2/3 Hz / 15 000 V,SI,Slovenia,2000,8,
AC15000,Alternating current - 16 2/3 Hz / 15 000 V,SI,Slovenia,2001,8,
AC15000,Alternating current - 16 2/3 Hz / 15 000 V,SI,Slovenia,2002,8,
AC15000,Alternating current - 16 2/3 Hz / 15 000 V,SI,Slovenia,2003,8,
AC15000,Alternating current - 16 2/3 Hz / 15 000 V,SI,Slovenia,2004,7.6,
AC15000,Alternating current - 16 2/3 Hz / 15 000 V,SI,Slovenia,2005,7.6,
AC15000,Alternating current - 16 2/3 Hz / 15 000 V,SI,Slovenia,2006,7.6,
AC15000,Alternating current - 16 2/3 Hz / 15 000 V,SI,Slovenia,2007,8,
AC15000,Alternating current - 16 2/3 Hz / 15 000 V,SI,Slovenia,2008,7.6,
AC15000,Alternating current - 16 2/3 Hz / 15 000 V,SI,Slovenia,2009,7.6,
AC15000,Alternating current - 16 2/3 Hz / 15 000 V,SI,Slovenia,2010,7.62,
AC15000,Alternating current - 16 2/3 Hz / 15 000 V,SI,Slovenia,2011,6.9,
AC15000,Alternating current - 16 2/3 Hz / 15 000 V,SI,Slovenia,2012,7,
AC15000,Alternating current - 16 2/3 Hz / 15 000 V,SI,Slovenia,2013,7,
AC15000,Alternating current - 16 2/3 Hz / 15 000 V,SI,Slovenia,2014,7,
AC15000,Alternating current - 16 2/3 Hz / 15 000 V,SI,Slovenia,2015,7,
AC15000,Alternating current - 16 2/3 Hz / 15 000 V,SI,Slovenia,2016,7,
AC15000,Alternating current - 16 2/3 Hz / 15 000 V,SI,Slovenia,2017,7,
AC15000,Alternating current - 16 2/3 Hz / 15 000 V,SI,Slovenia,2018,7,
AC15000,Alternating current - 16 2/3 Hz / 15 000 V,SI,Slovenia,2019,7,
AC15000,Alternating current - 16 2/3 Hz / 15 000 V,SI,Slovenia,2020,7,
AC15000,Alternating current - 16 2/3 Hz / 15 000 V,SI,Slovenia,2021,7,
AC15000,Alternating current - 16 2/3 Hz / 15 000 V,SI,Slovenia,2022,7,
AC15000,Alternating current - 16 2/3 Hz / 15 000 V,SI,Slovenia,2023,7,
AC15000,Alternating current - 16 2/3 Hz / 15 000 V,SI,Slovenia,2024,7,
AC15000,Alternating current - 16 2/3 Hz / 15 000 V,SK,Slovakia,1995,0,
AC15000,Alternating current - 16 2/3 Hz / 15 000 V,SK,Slovakia,1996,0,
AC15000,Alternating current - 16 2/3 Hz / 15 000 V,SK,Slovakia,1997,0,
AC15000,Alternating current - 16 2/3 Hz / 15 000 V,SK,Slovakia,1998,0,
AC15000,Alternating current - 16 2/3 Hz / 15 000 V,SK,Slovakia,1999,0,
AC15000,Alternating current - 16 2/3 Hz / 15 000 V,SK,Slovakia,2000,0,
AC15000,Alternating current - 16 2/3 Hz / 15 000 V,SK,Slovakia,2001,0,
AC15000,Alternating current - 16 2/3 Hz / 15 000 V,SK,Slovakia,2002,2,
AC15000,Alternating current - 16 2/3 Hz / 15 000 V,SK,Slovakia,2008,2,
AC15000,Alternating current - 16 2/3 Hz / 15 000 V,SK,Slovakia,2009,2,
AC15000,Alternating current - 16 2/3 Hz / 15 000 V,SK,Slovakia,2010,2,
AC15000,Alternating current - 16 2/3 Hz / 15 000 V,SK,Slovakia,2011,2,
AC15000,Alternating current - 16 2/3 Hz / 15 000 V,SK,Slovakia,2012,2,
AC15000,Alternating current - 16 2/3 Hz / 15 000 V,SK,Slovakia,2013,2,
AC15000,Alternating current - 16 2/3 Hz / 15 000 V,SK,Slovakia,2014,2,
AC15000,Alternating current - 16 2/3 Hz / 15 000 V,SK,Slovakia,2015,2,
AC15000,Alternating current - 16 2/3 Hz / 15 000 V,SK,Slovakia,2016,2,
AC15000,Alternating current - 16 2/3 Hz / 15 000 V,SK,Slovakia,2017,2,
AC15000,Alternating current - 16 2/3 Hz / 15 000 V,SK,Slovakia,2018,2,
AC15000,Alternating current - 16 2/3 Hz / 15 000 V,SK,Slovakia,2019,2,
AC15000,Alternating current - 16 2/3 Hz / 15 000 V,SK,Slovakia,2020,2,
AC15000,Alternating current - 16 2/3 Hz / 15 000 V,SK,Slovakia,2021,2,
AC15000,Alternating current - 16 2/3 Hz / 15 000 V,SK,Slovakia,2022,2,
AC15000,Alternating current - 16 2/3 Hz / 15 000 V,SK,Slovakia,2023,2,
AC15000,Alternating current - 16 2/3 Hz / 15 000 V,SK,Slovakia,2024,2,
AC15000,Alternating current - 16 2/3 Hz / 15 000 V,TR,Türkiye,1990,0,
AC15000,Alternating current - 16 2/3 Hz / 15 000 V,TR,Türkiye,1991,0,
AC15000,Alternating current - 16 2/3 Hz / 15 000 V,TR,Türkiye,1992,0,
AC15000,Alternating current - 16 2/3 Hz / 15 000 V,TR,Türkiye,1993,0,
AC15000,Alternating current - 16 2/3 Hz / 15 000 V,TR,Türkiye,1994,0,
AC15000,Alternating current - 16 2/3 Hz / 15 000 V,TR,Türkiye,1995,0,
AC15000,Alternating current - 16 2/3 Hz / 15 000 V,TR,Türkiye,1996,0,
AC15000,Alternating current - 16 2/3 Hz / 15 000 V,TR,Türkiye,1997,0,
AC15000,Alternating current - 16 2/3 Hz / 15 000 V,TR,Türkiye,1998,0,
AC15000,Alternating current - 16 2/3 Hz / 15 000 V,TR,Türkiye,1999,0,
AC15000,Alternating current - 16 2/3 Hz / 15 000 V,TR,Türkiye,2005,0,
AC15000,Alternating current - 16 2/3 Hz / 15 000 V,TR,Türkiye,2006,0,
AC15000,Alternating current - 16 2/3 Hz / 15 000 V,TR,Türkiye,2007,0,
AC15000,Alternating current - 16 2/3 Hz / 15 000 V,TR,Türkiye,2008,0,
AC15000,Alternating current - 16 2/3 Hz / 15 000 V,TR,Türkiye,2009,0,
AC15000,Alternating current - 16 2/3 Hz / 15 000 V,TR,Türkiye,2010,0,
AC15000,Alternating current - 16 2/3 Hz / 15 000 V,TR,Türkiye,2011,0,
AC15000,Alternating current - 16 2/3 Hz / 15 000 V,TR,Türkiye,2012,0,
AC15000,Alternating current - 16 2/3 Hz / 15 000 V,TR,Türkiye,2013,0,
AC15000,Alternating current - 16 2/3 Hz / 15 000 V,TR,Türkiye,2014,0,
AC15000,Alternating current - 16 2/3 Hz / 15 000 V,TR,Türkiye,2015,0,
AC15000,Alternating current - 16 2/3 Hz / 15 000 V,TR,Türkiye,2016,0,
AC15000,Alternating current - 16 2/3 Hz / 15 000 V,TR,Türkiye,2017,0,
AC15000,Alternating current - 16 2/3 Hz / 15 000 V,TR,Türkiye,2018,0,
AC15000,Alternating current - 16 2/3 Hz / 15 000 V,TR,Türkiye,2019,0,
AC15000,Alternating current - 16 2/3 Hz / 15 000 V,TR,Türkiye,2020,0,
AC15000,Alternating current - 16 2/3 Hz / 15 000 V,TR,Türkiye,2021,0,
AC15000,Alternating current - 16 2/3 Hz / 15 000 V,TR,Türkiye,2022,0,
AC15000,Alternating current - 16 2/3 Hz / 15 000 V,TR,Türkiye,2023,0,
AC15000,Alternating current - 16 2/3 Hz / 15 000 V,TR,Türkiye,2024,0,
AC15000,Alternating current - 16 2/3 Hz / 15 000 V,UA,Ukraine,1990,0,
AC15000,Alternating current - 16 2/3 Hz / 15 000 V,UA,Ukraine,1991,0,
AC15000,Alternating current - 16 2/3 Hz / 15 000 V,UA,Ukraine,1992,0,
AC15000,Alternating current - 16 2/3 Hz / 15 000 V,UA,Ukraine,1993,0,
AC15000,Alternating current - 16 2/3 Hz / 15 000 V,UA,Ukraine,1994,0,
AC15000,Alternating current - 16 2/3 Hz / 15 000 V,UA,Ukraine,1995,0,
AC15000,Alternating current - 16 2/3 Hz / 15 000 V,UA,Ukraine,1996,0,
AC15000,Alternating current - 16 2/3 Hz / 15 000 V,UA,Ukraine,1997,0,
AC15000,Alternating current - 16 2/3 Hz / 15 000 V,UA,Ukraine,1998,0,
AC15000,Alternating current - 16 2/3 Hz / 15 000 V,UA,Ukraine,1999,0,
AC15000,Alternating current - 16 2/3 Hz / 15 000 V,UA,Ukraine,2020,0,i
AC15000,Alternating current - 16 2/3 Hz / 15 000 V,UK,United Kingdom,2008,0,
AC15000,Alternating current - 16 2/3 Hz / 15 000 V,UK,United Kingdom,2009,0,
AC15000,Alternating current - 16 2/3 Hz / 15 000 V,UK,United Kingdom,2010,0,
AC15000,Alternating current - 16 2/3 Hz / 15 000 V,UK,United Kingdom,2011,0,
AC15000,Alternating current - 16 2/3 Hz / 15 000 V,UK,United Kingdom,2012,0,
AC15000,Alternating current - 16 2/3 Hz / 15 000 V,UK,United Kingdom,2013,0,
AC15000,Alternating current - 16 2/3 Hz / 15 000 V,UK,United Kingdom,2014,0,
AC15000,Alternating current - 16 2/3 Hz / 15 000 V,UK,United Kingdom,2015,0,
AC15000,Alternating current - 16 2/3 Hz / 15 000 V,XK,Kosovo*,2017,0,
AC15000,Alternating current - 16 2/3 Hz / 15 000 V,XK,Kosovo*,2018,0,
AC15000,Alternating current - 16 2/3 Hz / 15 000 V,XK,Kosovo*,2019,0,
AC15000,Alternating current - 16 2/3 Hz / 15 000 V,XK,Kosovo*,2020,0,
AC15000,Alternating current - 16 2/3 Hz / 15 000 V,XK,Kosovo*,2021,0,
AC15000,Alternating current - 16 2/3 Hz / 15 000 V,XK,Kosovo*,2022,0,
AC15000,Alternating current - 16 2/3 Hz / 15 000 V,XK,Kosovo*,2023,0,i
AC15000,Alternating current - 16 2/3 Hz / 15 000 V,XK,Kosovo*,2024,0,i
AC25000,Alternating current - 50 Hz / 25 000 V,AL,Albania,1990,0,
AC25000,Alternating current - 50 Hz / 25 000 V,AL,Albania,1991,0,
AC25000,Alternating current - 50 Hz / 25 000 V,AL,Albania,1992,0,
AC25000,Alternating current - 50 Hz / 25 000 V,AL,Albania,1993,0,
AC25000,Alternating current - 50 Hz / 25 000 V,AL,Albania,1994,0,
AC25000,Alternating current - 50 Hz / 25 000 V,AL,Albania,1995,0,
AC25000,Alternating current - 50 Hz / 25 000 V,AL,Albania,1996,0,
AC25000,Alternating current - 50 Hz / 25 000 V,AL,Albania,1997,0,
AC25000,Alternating current - 50 Hz / 25 000 V,AL,Albania,1998,0,
AC25000,Alternating current - 50 Hz / 25 000 V,AL,Albania,1999,0,
AC25000,Alternating current - 50 Hz / 25 000 V,AL,Albania,2000,0,
AC25000,Alternating current - 50 Hz / 25 000 V,AL,Albania,2003,0,
AC25000,Alternating current - 50 Hz / 25 000 V,AL,Albania,2004,0,
AC25000,Alternating current - 50 Hz / 25 000 V,AL,Albania,2005,0,
AC25000,Alternating current - 50 Hz / 25 000 V,AL,Albania,2006,0,
AC25000,Alternating current - 50 Hz / 25 000 V,AL,Albania,2007,0,
AC25000,Alternating current - 50 Hz / 25 000 V,AL,Albania,2008,0,
AC25000,Alternating current - 50 Hz / 25 000 V,AL,Albania,2009,0,
AC25000,Alternating current - 50 Hz / 25 000 V,AL,Albania,2010,0,
AC25000,Alternating current - 50 Hz / 25 000 V,AL,Albania,2011,0,
AC25000,Alternating current - 50 Hz / 25 000 V,AL,Albania,2012,0,
AC25000,Alternating current - 50 Hz / 25 000 V,AL,Albania,2013,0,
AC25000,Alternating current - 50 Hz / 25 000 V,AL,Albania,2014,0,
AC25000,Alternating current - 50 Hz / 25 000 V,AL,Albania,2015,0,
AC25000,Alternating current - 50 Hz / 25 000 V,AL,Albania,2016,0,
AC25000,Alternating current - 50 Hz / 25 000 V,AL,Albania,2017,0,
AC25000,Alternating current - 50 Hz / 25 000 V,AL,Albania,2018,0,
AC25000,Alternating current - 50 Hz / 25 000 V,AL,Albania,2019,0,
AC25000,Alternating current - 50 Hz / 25 000 V,AL,Albania,2020,0,
AC25000,Alternating current - 50 Hz / 25 000 V,AL,Albania,2021,0,
AC25000,Alternating current - 50 Hz / 25 000 V,AL,Albania,2022,0,
AC25000,Alternating current - 50 Hz / 25 000 V,AL,Albania,2023,0,
AC25000,Alternating current - 50 Hz / 25 000 V,AL,Albania,2024,0,
AC25000,Alternating current - 50 Hz / 25 000 V,AT,Austria,2007,64,
AC25000,Alternating current - 50 Hz / 25 000 V,AT,Austria,2008,67,i
AC25000,Alternating current - 50 Hz / 25 000 V,AT,Austria,2009,70,i
AC25000,Alternating current - 50 Hz / 25 000 V,AT,Austria,2010,73,
AC25000,Alternating current - 50 Hz / 25 000 V,AT,Austria,2011,72,
AC25000,Alternating current - 50 Hz / 25 000 V,AT,Austria,2012,72,
AC25000,Alternating current - 50 Hz / 25 000 V,AT,Austria,2013,76,
AC25000,Alternating current - 50 Hz / 25 000 V,AT,Austria,2014,76,
AC25000,Alternating current - 50 Hz / 25 000 V,AT,Austria,2015,64,
AC25000,Alternating current - 50 Hz / 25 000 V,AT,Austria,2016,64,
AC25000,Alternating current - 50 Hz / 25 000 V,AT,Austria,2017,64,
AC25000,Alternating current - 50 Hz / 25 000 V,AT,Austria,2018,64,
AC25000,Alternating current - 50 Hz / 25 000 V,AT,Austria,2019,64,
AC25000,Alternating current - 50 Hz / 25 000 V,AT,Austria,2020,64,
AC25000,Alternating current - 50 Hz / 25 000 V,AT,Austria,2021,64,
AC25000,Alternating current - 50 Hz / 25 000 V,AT,Austria,2022,64,
AC25000,Alternating current - 50 Hz / 25 000 V,AT,Austria,2023,64,
AC25000,Alternating current - 50 Hz / 25 000 V,AT,Austria,2024,63.544,
AC25000,Alternating current - 50 Hz / 25 000 V,BA,Bosnia and Herzegovina,1990,751,i
AC25000,Alternating current - 50 Hz / 25 000 V,BA,Bosnia and Herzegovina,1991,751,i
AC25000,Alternating current - 50 Hz / 25 000 V,BA,Bosnia and Herzegovina,1992,751,i
AC25000,Alternating current - 50 Hz / 25 000 V,BA,Bosnia and Herzegovina,1993,751,i
AC25000,Alternating current - 50 Hz / 25 000 V,BA,Bosnia and Herzegovina,1994,751,i
AC25000,Alternating current - 50 Hz / 25 000 V,BA,Bosnia and Herzegovina,1995,751,i
AC25000,Alternating current - 50 Hz / 25 000 V,BA,Bosnia and Herzegovina,1996,777,i
AC25000,Alternating current - 50 Hz / 25 000 V,BA,Bosnia and Herzegovina,1997,777,i
AC25000,Alternating current - 50 Hz / 25 000 V,BA,Bosnia and Herzegovina,1998,777,i
AC25000,Alternating current - 50 Hz / 25 000 V,BA,Bosnia and Herzegovina,1999,777,i
AC25000,Alternating current - 50 Hz / 25 000 V,BA,Bosnia and Herzegovina,2000,779,i
AC25000,Alternating current - 50 Hz / 25 000 V,BA,Bosnia and Herzegovina,2001,779,i
AC25000,Alternating current - 50 Hz / 25 000 V,BA,Bosnia and Herzegovina,2002,779,i
AC25000,Alternating current - 50 Hz / 25 000 V,BA,Bosnia and Herzegovina,2003,779,i
AC25000,Alternating current - 50 Hz / 25 000 V,BA,Bosnia and Herzegovina,2004,746,i
AC25000,Alternating current - 50 Hz / 25 000 V,BA,Bosnia and Herzegovina,2005,746,i
AC25000,Alternating current - 50 Hz / 25 000 V,BA,Bosnia and Herzegovina,2006,747,i
AC25000,Alternating current - 50 Hz / 25 000 V,BA,Bosnia and Herzegovina,2007,771,i
AC25000,Alternating current - 50 Hz / 25 000 V,BA,Bosnia and Herzegovina,2008,771,i
AC25000,Alternating current - 50 Hz / 25 000 V,BA,Bosnia and Herzegovina,2009,771,i
AC25000,Alternating current - 50 Hz / 25 000 V,BA,Bosnia and Herzegovina,2010,772,i
AC25000,Alternating current - 50 Hz / 25 000 V,BA,Bosnia and Herzegovina,2011,772,i
AC25000,Alternating current - 50 Hz / 25 000 V,BA,Bosnia and Herzegovina,2012,772,i
AC25000,Alternating current - 50 Hz / 25 000 V,BA,Bosnia and Herzegovina,2013,772,
AC25000,Alternating current - 50 Hz / 25 000 V,BA,Bosnia and Herzegovina,2014,772,
AC25000,Alternating current - 50 Hz / 25 000 V,BA,Bosnia and Herzegovina,2015,772,
AC25000,Alternating current - 50 Hz / 25 000 V,BA,Bosnia and Herzegovina,2016,748,
AC25000,Alternating current - 50 Hz / 25 000 V,BA,Bosnia and Herzegovina,2017,748,
AC25000,Alternating current - 50 Hz / 25 000 V,BA,Bosnia and Herzegovina,2018,748,
AC25000,Alternating current - 50 Hz / 25 000 V,BA,Bosnia and Herzegovina,2019,749,
AC25000,Alternating current - 50 Hz / 25 000 V,BA,Bosnia and Herzegovina,2020,749,
AC25000,Alternating current - 50 Hz / 25 000 V,BA,Bosnia and Herzegovina,2021,748,
AC25000,Alternating current - 50 Hz / 25 000 V,BA,Bosnia and Herzegovina,2022,748,
AC25000,Alternating current - 50 Hz / 25 000 V,BA,Bosnia and Herzegovina,2023,755,
AC25000,Alternating current - 50 Hz / 25 000 V,BA,Bosnia and Herzegovina,2024,755,
AC25000,Alternating current - 50 Hz / 25 000 V,BE,Belgium,1996,12,
AC25000,Alternating current - 50 Hz / 25 000 V,BE,Belgium,1997,71,
AC25000,Alternating current - 50 Hz / 25 000 V,BE,Belgium,1998,76,
AC25000,Alternating current - 50 Hz / 25 000 V,BE,Belgium,1999,76,
AC25000,Alternating current - 50 Hz / 25 000 V,BE,Belgium,2000,144,
AC25000,Alternating current - 50 Hz / 25 000 V,BE,Belgium,2001,146,
AC25000,Alternating current - 50 Hz / 25 000 V,BE,Belgium,2002,369,
AC25000,Alternating current - 50 Hz / 25 000 V,BE,Belgium,2003,395,
AC25000,Alternating current - 50 Hz / 25 000 V,BE,Belgium,2004,418,
AC25000,Alternating current - 50 Hz / 25 000 V,BE,Belgium,2005,418,
AC25000,Alternating current - 50 Hz / 25 000 V,BE,Belgium,2006,418,
AC25000,Alternating current - 50 Hz / 25 000 V,BE,Belgium,2007,418,
AC25000,Alternating current - 50 Hz / 25 000 V,BE,Belgium,2008,418,
AC25000,Alternating current - 50 Hz / 25 000 V,BE,Belgium,2009,448,
AC25000,Alternating current - 50 Hz / 25 000 V,BE,Belgium,2010,462,
AC25000,Alternating current - 50 Hz / 25 000 V,BE,Belgium,2011,462,
AC25000,Alternating current - 50 Hz / 25 000 V,BE,Belgium,2012,462,
AC25000,Alternating current - 50 Hz / 25 000 V,BE,Belgium,2013,462,i
AC25000,Alternating current - 50 Hz / 25 000 V,BE,Belgium,2014,462,i
AC25000,Alternating current - 50 Hz / 25 000 V,BE,Belgium,2015,462,i
AC25000,Alternating current - 50 Hz / 25 000 V,BE,Belgium,2016,462,i
AC25000,Alternating current - 50 Hz / 25 000 V,BE,Belgium,2017,462,i
AC25000,Alternating current - 50 Hz / 25 000 V,BE,Belgium,2018,462,i
AC25000,Alternating current - 50 Hz / 25 000 V,BE,Belgium,2019,462,i
AC25000,Alternating current - 50 Hz / 25 000 V,BE,Belgium,2020,463,i
AC25000,Alternating current - 50 Hz / 25 000 V,BE,Belgium,2021,463,i
AC25000,Alternating current - 50 Hz / 25 000 V,BE,Belgium,2022,463,i
AC25000,Alternating current - 50 Hz / 25 000 V,BE,Belgium,2023,460,i
AC25000,Alternating current - 50 Hz / 25 000 V,BE,Belgium,2024,515,i
AC25000,Alternating current - 50 Hz / 25 000 V,BG,Bulgaria,1990,2640,
AC25000,Alternating current - 50 Hz / 25 000 V,BG,Bulgaria,1991,2640,
AC25000,Alternating current - 50 Hz / 25 000 V,BG,Bulgaria,1992,2650,
AC25000,Alternating current - 50 Hz / 25 000 V,BG,Bulgaria,1993,2650,
AC25000,Alternating current - 50 Hz / 25 000 V,BG,Bulgaria,1994,2645,
AC25000,Alternating current - 50 Hz / 25 000 V,BG,Bulgaria,1995,2656,
AC25000,Alternating current - 50 Hz / 25 000 V,BG,Bulgaria,1996,2710,
AC25000,Alternating current - 50 Hz / 25 000 V,BG,Bulgaria,1997,2711,
AC25000,Alternating current - 50 Hz / 25 000 V,BG,Bulgaria,1998,2708,
AC25000,Alternating current - 50 Hz / 25 000 V,BG,Bulgaria,1999,2708,
AC25000,Alternating current - 50 Hz / 25 000 V,BG,Bulgaria,2000,2744,
AC25000,Alternating current - 50 Hz / 25 000 V,BG,Bulgaria,2001,2846.5,
AC25000,Alternating current - 50 Hz / 25 000 V,BG,Bulgaria,2002,2846.5,
AC25000,Alternating current - 50 Hz / 25 000 V,BG,Bulgaria,2003,2870.8,
AC25000,Alternating current - 50 Hz / 25 000 V,BG,Bulgaria,2004,2854.4,
AC25000,Alternating current - 50 Hz / 25 000 V,BG,Bulgaria,2005,2880,
AC25000,Alternating current - 50 Hz / 25 000 V,BG,Bulgaria,2006,2912,
AC25000,Alternating current - 50 Hz / 25 000 V,BG,Bulgaria,2007,2806,
AC25000,Alternating current - 50 Hz / 25 000 V,BG,Bulgaria,2008,2827,
AC25000,Alternating current - 50 Hz / 25 000 V,BG,Bulgaria,2009,2833,
AC25000,Alternating current - 50 Hz / 25 000 V,BG,Bulgaria,2010,2785,
AC25000,Alternating current - 50 Hz / 25 000 V,BG,Bulgaria,2011,2862,
AC25000,Alternating current - 50 Hz / 25 000 V,BG,Bulgaria,2012,2862,
AC25000,Alternating current - 50 Hz / 25 000 V,BG,Bulgaria,2013,2869,
AC25000,Alternating current - 50 Hz / 25 000 V,BG,Bulgaria,2014,2861,
AC25000,Alternating current - 50 Hz / 25 000 V,BG,Bulgaria,2015,2859,
AC25000,Alternating current - 50 Hz / 25 000 V,BG,Bulgaria,2016,2869,
AC25000,Alternating current - 50 Hz / 25 000 V,BG,Bulgaria,2017,2870,
AC25000,Alternating current - 50 Hz / 25 000 V,BG,Bulgaria,2018,2870,
AC25000,Alternating current - 50 Hz / 25 000 V,BG,Bulgaria,2019,2869,
AC25000,Alternating current - 50 Hz / 25 000 V,BG,Bulgaria,2020,2871,
AC25000,Alternating current - 50 Hz / 25 000 V,BG,Bulgaria,2021,3001,
AC25000,Alternating current - 50 Hz / 25 000 V,BG,Bulgaria,2022,3005,
AC25000,Alternating current - 50 Hz / 25 000 V,BG,Bulgaria,2023,3001,
AC25000,Alternating current - 50 Hz / 25 000 V,BG,Bulgaria,2024,3001,
AC25000,Alternating current - 50 Hz / 25 000 V,CH,Switzerland,1990,0,i
AC25000,Alternating current - 50 Hz / 25 000 V,CH,Switzerland,1991,0,i
AC25000,Alternating current - 50 Hz / 25 000 V,CH,Switzerland,1992,0,i
AC25000,Alternating current - 50 Hz / 25 000 V,CH,Switzerland,1993,0,i
AC25000,Alternating current - 50 Hz / 25 000 V,CH,Switzerland,1994,0,i
AC25000,Alternating current - 50 Hz / 25 000 V,CH,Switzerland,1995,0,i
AC25000,Alternating current - 50 Hz / 25 000 V,CH,Switzerland,1996,0,i
AC25000,Alternating current - 50 Hz / 25 000 V,CH,Switzerland,1997,0,i
AC25000,Alternating current - 50 Hz / 25 000 V,CH,Switzerland,1998,0,i
AC25000,Alternating current - 50 Hz / 25 000 V,CH,Switzerland,1999,0,i
AC25000,Alternating current - 50 Hz / 25 000 V,CH,Switzerland,2000,0,i
AC25000,Alternating current - 50 Hz / 25 000 V,CH,Switzerland,2001,0,i
AC25000,Alternating current - 50 Hz / 25 000 V,CH,Switzerland,2002,0,i
AC25000,Alternating current - 50 Hz / 25 000 V,CH,Switzerland,2003,0,i
AC25000,Alternating current - 50 Hz / 25 000 V,CH,Switzerland,2004,0,i
AC25000,Alternating current - 50 Hz / 25 000 V,CH,Switzerland,2005,0,i
AC25000,Alternating current - 50 Hz / 25 000 V,CH,Switzerland,2006,0,i
AC25000,Alternating current - 50 Hz / 25 000 V,CH,Switzerland,2007,0,i
AC25000,Alternating current - 50 Hz / 25 000 V,CH,Switzerland,2008,0,i
AC25000,Alternating current - 50 Hz / 25 000 V,CH,Switzerland,2009,0,i
AC25000,Alternating current - 50 Hz / 25 000 V,CH,Switzerland,2010,0,i
AC25000,Alternating current - 50 Hz / 25 000 V,CH,Switzerland,2011,0,i
AC25000,Alternating current - 50 Hz / 25 000 V,CH,Switzerland,2012,0,i
AC25000,Alternating current - 50 Hz / 25 000 V,CH,Switzerland,2013,0,i
AC25000,Alternating current - 50 Hz / 25 000 V,CH,Switzerland,2014,0,i
AC25000,Alternating current - 50 Hz / 25 000 V,CH,Switzerland,2015,0,i
AC25000,Alternating current - 50 Hz / 25 000 V,CH,Switzerland,2016,0,i
AC25000,Alternating current - 50 Hz / 25 000 V,CH,Switzerland,2017,22,i
AC25000,Alternating current - 50 Hz / 25 000 V,CH,Switzerland,2018,22,i
AC25000,Alternating current - 50 Hz / 25 000 V,CH,Switzerland,2019,22,i
AC25000,Alternating current - 50 Hz / 25 000 V,CH,Switzerland,2020,22,i
AC25000,Alternating current - 50 Hz / 25 000 V,CH,Switzerland,2021,22,i
AC25000,Alternating current - 50 Hz / 25 000 V,CH,Switzerland,2022,22,i
AC25000,Alternating current - 50 Hz / 25 000 V,CH,Switzerland,2023,22,i
AC25000,Alternating current - 50 Hz / 25 000 V,CH,Switzerland,2024,22,i
AC25000,Alternating current - 50 Hz / 25 000 V,CZ,Czechia,1993,1014,
AC25000,Alternating current - 50 Hz / 25 000 V,CZ,Czechia,1994,1014,
AC25000,Alternating current - 50 Hz / 25 000 V,CZ,Czechia,1995,975,
AC25000,Alternating current - 50 Hz / 25 000 V,CZ,Czechia,1996,1193,
AC25000,Alternating current - 50 Hz / 25 000 V,CZ,Czechia,1997,1193,
AC25000,Alternating current - 50 Hz / 25 000 V,CZ,Czechia,1998,1192.6,
AC25000,Alternating current - 50 Hz / 25 000 V,CZ,Czechia,1999,1152,
AC25000,Alternating current - 50 Hz / 25 000 V,CZ,Czechia,2000,1152,
AC25000,Alternating current - 50 Hz / 25 000 V,CZ,Czechia,2001,1256,
AC25000,Alternating current - 50 Hz / 25 000 V,CZ,Czechia,2002,1254,
AC25000,Alternating current - 50 Hz / 25 000 V,CZ,Czechia,2003,1263,
AC25000,Alternating current - 50 Hz / 25 000 V,CZ,Czechia,2004,1265,
AC25000,Alternating current - 50 Hz / 25 000 V,CZ,Czechia,2005,1267,
AC25000,Alternating current - 50 Hz / 25 000 V,CZ,Czechia,2006,1306,
AC25000,Alternating current - 50 Hz / 25 000 V,CZ,Czechia,2007,1301,
AC25000,Alternating current - 50 Hz / 25 000 V,CZ,Czechia,2008,1327,
AC25000,Alternating current - 50 Hz / 25 000 V,CZ,Czechia,2009,1375,
AC25000,Alternating current - 50 Hz / 25 000 V,CZ,Czechia,2010,1389,
AC25000,Alternating current - 50 Hz / 25 000 V,CZ,Czechia,2011,1390,
AC25000,Alternating current - 50 Hz / 25 000 V,CZ,Czechia,2012,1391,
AC25000,Alternating current - 50 Hz / 25 000 V,CZ,Czechia,2013,1383,
AC25000,Alternating current - 50 Hz / 25 000 V,CZ,Czechia,2014,1397,
AC25000,Alternating current - 50 Hz / 25 000 V,CZ,Czechia,2015,1401,
AC25000,Alternating current - 50 Hz / 25 000 V,CZ,Czechia,2016,1381,
AC25000,Alternating current - 50 Hz / 25 000 V,CZ,Czechia,2017,1381,
AC25000,Alternating current - 50 Hz / 25 000 V,CZ,Czechia,2018,1381,
AC25000,Alternating current - 50 Hz / 25 000 V,CZ,Czechia,2019,1372,
AC25000,Alternating current - 50 Hz / 25 000 V,CZ,Czechia,2020,1383,
AC25000,Alternating current - 50 Hz / 25 000 V,CZ,Czechia,2021,1393,
AC25000,Alternating current - 50 Hz / 25 000 V,CZ,Czechia,2022,1438,
AC25000,Alternating current - 50 Hz / 25 000 V,CZ,Czechia,2023,1439,
AC25000,Alternating current - 50 Hz / 25 000 V,CZ,Czechia,2024,1439,
AC25000,Alternating current - 50 Hz / 25 000 V,DE,Germany,1990,1,
AC25000,Alternating current - 50 Hz / 25 000 V,DE,Germany,1991,1,
AC25000,Alternating current - 50 Hz / 25 000 V,DE,Germany,1992,27,
AC25000,Alternating current - 50 Hz / 25 000 V,DE,Germany,1993,27,
AC25000,Alternating current - 50 Hz / 25 000 V,DE,Germany,1994,24,
AC25000,Alternating current - 50 Hz / 25 000 V,DE,Germany,1998,24,
AC25000,Alternating current - 50 Hz / 25 000 V,DE,Germany,1999,24,
AC25000,Alternating current - 50 Hz / 25 000 V,DE,Germany,2000,24,
AC25000,Alternating current - 50 Hz / 25 000 V,DE,Germany,2001,24,
AC25000,Alternating current - 50 Hz / 25 000 V,DE,Germany,2002,24,
AC25000,Alternating current - 50 Hz / 25 000 V,DE,Germany,2008,13,i
AC25000,Alternating current - 50 Hz / 25 000 V,DE,Germany,2009,13,i
AC25000,Alternating current - 50 Hz / 25 000 V,DE,Germany,2010,13,i
AC25000,Alternating current - 50 Hz / 25 000 V,DE,Germany,2011,13,i
AC25000,Alternating current - 50 Hz / 25 000 V,DE,Germany,2012,13,i
AC25000,Alternating current - 50 Hz / 25 000 V,DE,Germany,2013,14.248,i
AC25000,Alternating current - 50 Hz / 25 000 V,DE,Germany,2014,14.248,i
AC25000,Alternating current - 50 Hz / 25 000 V,DE,Germany,2015,14.429,i
AC25000,Alternating current - 50 Hz / 25 000 V,DE,Germany,2016,14.839,i
AC25000,Alternating current - 50 Hz / 25 000 V,DE,Germany,2017,16.21,i
AC25000,Alternating current - 50 Hz / 25 000 V,DE,Germany,2018,16.029,i
AC25000,Alternating current - 50 Hz / 25 000 V,DE,Germany,2019,17.357,i
AC25000,Alternating current - 50 Hz / 25 000 V,DE,Germany,2020,17.9,i
AC25000,Alternating current - 50 Hz / 25 000 V,DE,Germany,2021,18.9,i
AC25000,Alternating current - 50 Hz / 25 000 V,DK,Denmark,1990,77,
AC25000,Alternating current - 50 Hz / 25 000 V,DK,Denmark,1991,110,
AC25000,Alternating current - 50 Hz / 25 000 V,DK,Denmark,1992,170,
AC25000,Alternating current - 50 Hz / 25 000 V,DK,Denmark,1993,175,
AC25000,Alternating current - 50 Hz / 25 000 V,DK,Denmark,1994,175,
AC25000,Alternating current - 50 Hz / 25 000 V,DK,Denmark,1995,250,i
AC25000,Alternating current - 50 Hz / 25 000 V,DK,Denmark,1996,250,i
AC25000,Alternating current - 50 Hz / 25 000 V,DK,Denmark,1997,432,
AC25000,Alternating current - 50 Hz / 25 000 V,DK,Denmark,1998,448,
AC25000,Alternating current - 50 Hz / 25 000 V,DK,Denmark,1999,443,i
AC25000,Alternating current - 50 Hz / 25 000 V,DK,Denmark,2000,455,i
AC25000,Alternating current - 50 Hz / 25 000 V,DK,Denmark,2001,455,i
AC25000,Alternating current - 50 Hz / 25 000 V,DK,Denmark,2002,455,i
AC25000,Alternating current - 50 Hz / 25 000 V,DK,Denmark,2003,455,i
AC25000,Alternating current - 50 Hz / 25 000 V,DK,Denmark,2004,450,i
AC25000,Alternating current - 50 Hz / 25 000 V,DK,Denmark,2005,450,i
AC25000,Alternating current - 50 Hz / 25 000 V,DK,Denmark,2006,450,
AC25000,Alternating current - 50 Hz / 25 000 V,DK,Denmark,2007,450,
AC25000,Alternating current - 50 Hz / 25 000 V,DK,Denmark,2008,452,i
AC25000,Alternating current - 50 Hz / 25 000 V,DK,Denmark,2009,452,i
AC25000,Alternating current - 50 Hz / 25 000 V,DK,Denmark,2010,452,i
AC25000,Alternating current - 50 Hz / 25 000 V,DK,Denmark,2011,452,i
AC25000,Alternating current - 50 Hz / 25 000 V,DK,Denmark,2012,452,i
AC25000,Alternating current - 50 Hz / 25 000 V,DK,Denmark,2013,449,
AC25000,Alternating current - 50 Hz / 25 000 V,DK,Denmark,2014,449,
AC25000,Alternating current - 50 Hz / 25 000 V,DK,Denmark,2015,449,
AC25000,Alternating current - 50 Hz / 25 000 V,DK,Denmark,2016,449,
AC25000,Alternating current - 50 Hz / 25 000 V,DK,Denmark,2017,454,
AC25000,Alternating current - 50 Hz / 25 000 V,DK,Denmark,2018,558,
AC25000,Alternating current - 50 Hz / 25 000 V,DK,Denmark,2019,558,
AC25000,Alternating current - 50 Hz / 25 000 V,DK,Denmark,2020,604,
AC25000,Alternating current - 50 Hz / 25 000 V,DK,Denmark,2021,631,
AC25000,Alternating current - 50 Hz / 25 000 V,DK,Denmark,2022,631,
AC25000,Alternating current - 50 Hz / 25 000 V,DK,Denmark,2023,660,
AC25000,Alternating current - 50 Hz / 25 000 V,DK,Denmark,2024,695,
AC25000,Alternating current - 50 Hz / 25 000 V,EE,Estonia,1990,0,
AC25000,Alternating current - 50 Hz / 25 000 V,EE,Estonia,1991,0,
AC25000,Alternating current - 50 Hz / 25 000 V,EE,Estonia,1992,0,
AC25000,Alternating current - 50 Hz / 25 000 V,EE,Estonia,1993,0,
AC25000,Alternating current - 50 Hz / 25 000 V,EE,Estonia,1994,0,
AC25000,Alternating current - 50 Hz / 25 000 V,EE,Estonia,1995,0,
AC25000,Alternating current - 50 Hz / 25 000 V,EE,Estonia,1996,0,
AC25000,Alternating current - 50 Hz / 25 000 V,EE,Estonia,1997,0,
AC25000,Alternating current - 50 Hz / 25 000 V,EE,Estonia,1998,0,
AC25000,Alternating current - 50 Hz / 25 000 V,EE,Estonia,1999,0,
AC25000,Alternating current - 50 Hz / 25 000 V,EE,Estonia,2000,0,
AC25000,Alternating current - 50 Hz / 25 000 V,EE,Estonia,2001,0,
AC25000,Alternating current - 50 Hz / 25 000 V,EE,Estonia,2002,0,
AC25000,Alternating current - 50 Hz / 25 000 V,EE,Estonia,2003,0,
AC25000,Alternating current - 50 Hz / 25 000 V,EE,Estonia,2004,0,
AC25000,Alternating current - 50 Hz / 25 000 V,EE,Estonia,2005,0,
AC25000,Alternating current - 50 Hz / 25 000 V,EE,Estonia,2006,0,
AC25000,Alternating current - 50 Hz / 25 000 V,EE,Estonia,2007,0,
AC25000,Alternating current - 50 Hz / 25 000 V,EE,Estonia,2008,0,
AC25000,Alternating current - 50 Hz / 25 000 V,EE,Estonia,2009,0,
AC25000,Alternating current - 50 Hz / 25 000 V,EE,Estonia,2010,0,
AC25000,Alternating current - 50 Hz / 25 000 V,EE,Estonia,2011,0,
AC25000,Alternating current - 50 Hz / 25 000 V,EE,Estonia,2012,0,
AC25000,Alternating current - 50 Hz / 25 000 V,EE,Estonia,2013,0,
AC25000,Alternating current - 50 Hz / 25 000 V,EE,Estonia,2014,0,
AC25000,Alternating current - 50 Hz / 25 000 V,EE,Estonia,2015,0,
AC25000,Alternating current - 50 Hz / 25 000 V,EE,Estonia,2016,0,
AC25000,Alternating current - 50 Hz / 25 000 V,EE,Estonia,2017,0,
AC25000,Alternating current - 50 Hz / 25 000 V,EE,Estonia,2018,0,
AC25000,Alternating current - 50 Hz / 25 000 V,EE,Estonia,2019,0,
AC25000,Alternating current - 50 Hz / 25 000 V,EE,Estonia,2020,0,
AC25000,Alternating current - 50 Hz / 25 000 V,EE,Estonia,2021,0,
AC25000,Alternating current - 50 Hz / 25 000 V,EE,Estonia,2022,0,
AC25000,Alternating current - 50 Hz / 25 000 V,EE,Estonia,2023,0,
AC25000,Alternating current - 50 Hz / 25 000 V,EE,Estonia,2024,0,
AC25000,Alternating current - 50 Hz / 25 000 V,EL,Greece,1990,0,
AC25000,Alternating current - 50 Hz / 25 000 V,EL,Greece,1991,0,
AC25000,Alternating current - 50 Hz / 25 000 V,EL,Greece,1992,0,
AC25000,Alternating current - 50 Hz / 25 000 V,EL,Greece,1993,0,
AC25000,Alternating current - 50 Hz / 25 000 V,EL,Greece,1994,0,
AC25000,Alternating current - 50 Hz / 25 000 V,EL,Greece,1995,0,
AC25000,Alternating current - 50 Hz / 25 000 V,EL,Greece,1996,0,
AC25000,Alternating current - 50 Hz / 25 000 V,EL,Greece,1997,82,
AC25000,Alternating current - 50 Hz / 25 000 V,EL,Greece,1998,82,
AC25000,Alternating current - 50 Hz / 25 000 V,EL,Greece,1999,82,
AC25000,Alternating current - 50 Hz / 25 000 V,EL,Greece,2000,82,
AC25000,Alternating current - 50 Hz / 25 000 V,EL,Greece,2001,82,
AC25000,Alternating current - 50 Hz / 25 000 V,EL,Greece,2002,82,
AC25000,Alternating current - 50 Hz / 25 000 V,EL,Greece,2003,83,
AC25000,Alternating current - 50 Hz / 25 000 V,EL,Greece,2004,83,
AC25000,Alternating current - 50 Hz / 25 000 V,EL,Greece,2005,83,
AC25000,Alternating current - 50 Hz / 25 000 V,EL,Greece,2006,106,
AC25000,Alternating current - 50 Hz / 25 000 V,EL,Greece,2007,199,
AC25000,Alternating current - 50 Hz / 25 000 V,EL,Greece,2008,264,
AC25000,Alternating current - 50 Hz / 25 000 V,EL,Greece,2009,264,
AC25000,Alternating current - 50 Hz / 25 000 V,EL,Greece,2010,368,
AC25000,Alternating current - 50 Hz / 25 000 V,EL,Greece,2011,438,
AC25000,Alternating current - 50 Hz / 25 000 V,EL,Greece,2012,438,
AC25000,Alternating current - 50 Hz / 25 000 V,EL,Greece,2013,437,
AC25000,Alternating current - 50 Hz / 25 000 V,EL,Greece,2014,494,
AC25000,Alternating current - 50 Hz / 25 000 V,EL,Greece,2015,494,
AC25000,Alternating current - 50 Hz / 25 000 V,EL,Greece,2016,520,
AC25000,Alternating current - 50 Hz / 25 000 V,EL,Greece,2017,532,
AC25000,Alternating current - 50 Hz / 25 000 V,EL,Greece,2018,679,
AC25000,Alternating current - 50 Hz / 25 000 V,EL,Greece,2019,731,
AC25000,Alternating current - 50 Hz / 25 000 V,EL,Greece,2020,731,
AC25000,Alternating current - 50 Hz / 25 000 V,EL,Greece,2021,731,
AC25000,Alternating current - 50 Hz / 25 000 V,EL,Greece,2022,738,
AC25000,Alternating current - 50 Hz / 25 000 V,EL,Greece,2023,738,
AC25000,Alternating current - 50 Hz / 25 000 V,EL,Greece,2024,738,
AC25000,Alternating current - 50 Hz / 25 000 V,ES,Spain,1990,0,
AC25000,Alternating current - 50 Hz / 25 000 V,ES,Spain,1991,0,
AC25000,Alternating current - 50 Hz / 25 000 V,ES,Spain,1992,480,
AC25000,Alternating current - 50 Hz / 25 000 V,ES,Spain,1993,480,
AC25000,Alternating current - 50 Hz / 25 000 V,ES,Spain,1994,480,
AC25000,Alternating current - 50 Hz / 25 000 V,ES,Spain,1995,480,
AC25000,Alternating current - 50 Hz / 25 000 V,ES,Spain,1996,480,
AC25000,Alternating current - 50 Hz / 25 000 V,ES,Spain,1997,481,
AC25000,Alternating current - 50 Hz / 25 000 V,ES,Spain,1998,481,
AC25000,Alternating current - 50 Hz / 25 000 V,ES,Spain,1999,481,
AC25000,Alternating current - 50 Hz / 25 000 V,ES,Spain,2000,481,
AC25000,Alternating current - 50 Hz / 25 000 V,ES,Spain,2001,481,
AC25000,Alternating current - 50 Hz / 25 000 V,ES,Spain,2002,481,
AC25000,Alternating current - 50 Hz / 25 000 V,ES,Spain,2003,1024,
AC25000,Alternating current - 50 Hz / 25 000 V,ES,Spain,2004,1033,
AC25000,Alternating current - 50 Hz / 25 000 V,ES,Spain,2005,1058,
AC25000,Alternating current - 50 Hz / 25 000 V,ES,Spain,2006,1267,
AC25000,Alternating current - 50 Hz / 25 000 V,ES,Spain,2007,1632,
AC25000,Alternating current - 50 Hz / 25 000 V,ES,Spain,2008,1614,
AC25000,Alternating current - 50 Hz / 25 000 V,ES,Spain,2009,1606,
AC25000,Alternating current - 50 Hz / 25 000 V,ES,Spain,2010,2094,
AC25000,Alternating current - 50 Hz / 25 000 V,ES,Spain,2011,2304,
AC25000,Alternating current - 50 Hz / 25 000 V,ES,Spain,2012,2324,
AC25000,Alternating current - 50 Hz / 25 000 V,ES,Spain,2013,2489,
AC25000,Alternating current - 50 Hz / 25 000 V,ES,Spain,2014,2510,
AC25000,Alternating current - 50 Hz / 25 000 V,ES,Spain,2015,2923,
AC25000,Alternating current - 50 Hz / 25 000 V,ES,Spain,2016,2926,
AC25000,Alternating current - 50 Hz / 25 000 V,ES,Spain,2017,2936,
AC25000,Alternating current - 50 Hz / 25 000 V,ES,Spain,2018,2908,
AC25000,Alternating current - 50 Hz / 25 000 V,ES,Spain,2019,3049.371,
AC25000,Alternating current - 50 Hz / 25 000 V,ES,Spain,2020,3214.83,
AC25000,Alternating current - 50 Hz / 25 000 V,ES,Spain,2021,3375.047,
AC25000,Alternating current - 50 Hz / 25 000 V,ES,Spain,2022,3483.074,
AC25000,Alternating current - 50 Hz / 25 000 V,ES,Spain,2023,3731.705,
AC25000,Alternating current - 50 Hz / 25 000 V,ES,Spain,2024,3740.679,
AC25000,Alternating current - 50 Hz / 25 000 V,EU27_2020,European Union - 27 countries (from 2020),2008,30297,
AC25000,Alternating current - 50 Hz / 25 000 V,EU27_2020,European Union - 27 countries (from 2020),2009,30701.9,
AC25000,Alternating current - 50 Hz / 25 000 V,EU27_2020,European Union - 27 countries (from 2020),2010,31678.9,
AC25000,Alternating current - 50 Hz / 25 000 V,EU27_2020,European Union - 27 countries (from 2020),2011,32463.4,
AC25000,Alternating current - 50 Hz / 25 000 V,EU27_2020,European Union - 27 countries (from 2020),2012,32934.6,
AC25000,Alternating current - 50 Hz / 25 000 V,EU27_2020,European Union - 27 countries (from 2020),2013,33047.448,
AC25000,Alternating current - 50 Hz / 25 000 V,EU27_2020,European Union - 27 countries (from 2020),2014,33369.088,
AC25000,Alternating current - 50 Hz / 25 000 V,EU27_2020,European Union - 27 countries (from 2020),2015,33759.029,
AC25000,Alternating current - 50 Hz / 25 000 V,EU27_2020,European Union - 27 countries (from 2020),2016,33911.439,
AC25000,Alternating current - 50 Hz / 25 000 V,EU27_2020,European Union - 27 countries (from 2020),2017,34751.23,
AC25000,Alternating current - 50 Hz / 25 000 V,EU27_2020,European Union - 27 countries (from 2020),2018,34958.369,
AC25000,Alternating current - 50 Hz / 25 000 V,EU27_2020,European Union - 27 countries (from 2020),2019,35194.068,
AC25000,Alternating current - 50 Hz / 25 000 V,EU27_2020,European Union - 27 countries (from 2020),2020,35459.75,
AC25000,Alternating current - 50 Hz / 25 000 V,EU27_2020,European Union - 27 countries (from 2020),2021,36026.071,
AC25000,Alternating current - 50 Hz / 25 000 V,EU27_2020,European Union - 27 countries (from 2020),2022,36333.098,
AC25000,Alternating current - 50 Hz / 25 000 V,EU27_2020,European Union - 27 countries (from 2020),2023,36753.729,
AC25000,Alternating current - 50 Hz / 25 000 V,EU27_2020,European Union - 27 countries (from 2020),2024,37098.456,
AC25000,Alternating current - 50 Hz / 25 000 V,FI,Finland,1990,1663,
AC25000,Alternating current - 50 Hz / 25 000 V,FI,Finland,1991,1664,
AC25000,Alternating current - 50 Hz / 25 000 V,FI,Finland,1992,1664,
AC25000,Alternating current - 50 Hz / 25 000 V,FI,Finland,1993,1713,
AC25000,Alternating current - 50 Hz / 25 000 V,FI,Finland,1994,1950,
AC25000,Alternating current - 50 Hz / 25 000 V,FI,Finland,1995,2054,
AC25000,Alternating current - 50 Hz / 25 000 V,FI,Finland,1996,2061,
AC25000,Alternating current - 50 Hz / 25 000 V,FI,Finland,1997,2061,
AC25000,Alternating current - 50 Hz / 25 000 V,FI,Finland,1998,2197,
AC25000,Alternating current - 50 Hz / 25 000 V,FI,Finland,1999,2234,
AC25000,Alternating current - 50 Hz / 25 000 V,FI,Finland,2000,2372,
AC25000,Alternating current - 50 Hz / 25 000 V,FI,Finland,2001,2400,
AC25000,Alternating current - 50 Hz / 25 000 V,FI,Finland,2002,2400,
AC25000,Alternating current - 50 Hz / 25 000 V,FI,Finland,2003,2400,
AC25000,Alternating current - 50 Hz / 25 000 V,FI,Finland,2004,2619,
AC25000,Alternating current - 50 Hz / 25 000 V,FI,Finland,2005,2617,
AC25000,Alternating current - 50 Hz / 25 000 V,FI,Finland,2006,3047,
AC25000,Alternating current - 50 Hz / 25 000 V,FI,Finland,2007,3047,
AC25000,Alternating current - 50 Hz / 25 000 V,FI,Finland,2008,3067,
AC25000,Alternating current - 50 Hz / 25 000 V,FI,Finland,2009,3067,
AC25000,Alternating current - 50 Hz / 25 000 V,FI,Finland,2010,3073,
AC25000,Alternating current - 50 Hz / 25 000 V,FI,Finland,2011,3172,
AC25000,Alternating current - 50 Hz / 25 000 V,FI,Finland,2012,3172,
AC25000,Alternating current - 50 Hz / 25 000 V,FI,Finland,2013,3172,
AC25000,Alternating current - 50 Hz / 25 000 V,FI,Finland,2014,3256,
AC25000,Alternating current - 50 Hz / 25 000 V,FI,Finland,2015,3262,b
AC25000,Alternating current - 50 Hz / 25 000 V,FI,Finland,2016,3270,
AC25000,Alternating current - 50 Hz / 25 000 V,FI,Finland,2017,3331,
AC25000,Alternating current - 50 Hz / 25 000 V,FI,Finland,2018,3330,
AC25000,Alternating current - 50 Hz / 25 000 V,FI,Finland,2019,3331,
AC25000,Alternating current - 50 Hz / 25 000 V,FI,Finland,2020,3349,
AC25000,Alternating current - 50 Hz / 25 000 V,FI,Finland,2021,3359,
AC25000,Alternating current - 50 Hz / 25 000 V,FI,Finland,2022,3428,
AC25000,Alternating current - 50 Hz / 25 000 V,FI,Finland,2023,3424,
AC25000,Alternating current - 50 Hz / 25 000 V,FI,Finland,2024,3635,
AC25000,Alternating current - 50 Hz / 25 000 V,FR,France,1990,6626,
AC25000,Alternating current - 50 Hz / 25 000 V,FR,France,1991,6844,
AC25000,Alternating current - 50 Hz / 25 000 V,FR,France,1992,6977,
AC25000,Alternating current - 50 Hz / 25 000 V,FR,France,1993,7566,
AC25000,Alternating current - 50 Hz / 25 000 V,FR,France,1994,7761,
AC25000,Alternating current - 50 Hz / 25 000 V,FR,France,1995,7865,
AC25000,Alternating current - 50 Hz / 25 000 V,FR,France,1996,8241,
AC25000,Alternating current - 50 Hz / 25 000 V,FR,France,1997,8217,
AC25000,Alternating current - 50 Hz / 25 000 V,FR,France,1998,8219,
AC25000,Alternating current - 50 Hz / 25 000 V,FR,France,1999,8271,
AC25000,Alternating current - 50 Hz / 25 000 V,FR,France,2000,8287,
AC25000,Alternating current - 50 Hz / 25 000 V,FR,France,2001,8541,
AC25000,Alternating current - 50 Hz / 25 000 V,FR,France,2002,8541,
AC25000,Alternating current - 50 Hz / 25 000 V,FR,France,2003,8542,
AC25000,Alternating current - 50 Hz / 25 000 V,FR,France,2004,8655,
AC25000,Alternating current - 50 Hz / 25 000 V,FR,France,2005,8748,
AC25000,Alternating current - 50 Hz / 25 000 V,FR,France,2007,9131,
AC25000,Alternating current - 50 Hz / 25 000 V,FR,France,2008,9348,
AC25000,Alternating current - 50 Hz / 25 000 V,FR,France,2009,9480,
AC25000,Alternating current - 50 Hz / 25 000 V,FR,France,2010,9700,
AC25000,Alternating current - 50 Hz / 25 000 V,FR,France,2011,9824,
AC25000,Alternating current - 50 Hz / 25 000 V,FR,France,2012,10123,
AC25000,Alternating current - 50 Hz / 25 000 V,FR,France,2013,10068,
AC25000,Alternating current - 50 Hz / 25 000 V,FR,France,2014,10178,
AC25000,Alternating current - 50 Hz / 25 000 V,FR,France,2015,10150,
AC25000,Alternating current - 50 Hz / 25 000 V,FR,France,2016,10220,
AC25000,Alternating current - 50 Hz / 25 000 V,FR,France,2017,10851,
AC25000,Alternating current - 50 Hz / 25 000 V,FR,France,2018,10852,
AC25000,Alternating current - 50 Hz / 25 000 V,FR,France,2019,10860,
AC25000,Alternating current - 50 Hz / 25 000 V,FR,France,2020,10847,
AC25000,Alternating current - 50 Hz / 25 000 V,FR,France,2021,10897,
AC25000,Alternating current - 50 Hz / 25 000 V,FR,France,2022,10973,
AC25000,Alternating current - 50 Hz / 25 000 V,FR,France,2023,10968,
AC25000,Alternating current - 50 Hz / 25 000 V,FR,France,2024,10978.333,
AC25000,Alternating current - 50 Hz / 25 000 V,GE,Georgia,1995,0,
AC25000,Alternating current - 50 Hz / 25 000 V,GE,Georgia,1996,0,
AC25000,Alternating current - 50 Hz / 25 000 V,GE,Georgia,1997,0,
AC25000,Alternating current - 50 Hz / 25 000 V,GE,Georgia,1998,0,
AC25000,Alternating current - 50 Hz / 25 000 V,GE,Georgia,1999,0,
AC25000,Alternating current - 50 Hz / 25 000 V,GE,Georgia,2012,0,
AC25000,Alternating current - 50 Hz / 25 000 V,GE,Georgia,2013,0,
AC25000,Alternating current - 50 Hz / 25 000 V,GE,Georgia,2014,0,
AC25000,Alternating current - 50 Hz / 25 000 V,GE,Georgia,2015,0,
AC25000,Alternating current - 50 Hz / 25 000 V,GE,Georgia,2016,0,
AC25000,Alternating current - 50 Hz / 25 000 V,GE,Georgia,2017,0,
AC25000,Alternating current - 50 Hz / 25 000 V,GE,Georgia,2018,0,
AC25000,Alternating current - 50 Hz / 25 000 V,GE,Georgia,2019,0,
AC25000,Alternating current - 50 Hz / 25 000 V,GE,Georgia,2020,0,
AC25000,Alternating current - 50 Hz / 25 000 V,GE,Georgia,2021,0,
AC25000,Alternating current - 50 Hz / 25 000 V,GE,Georgia,2022,0,
AC25000,Alternating current - 50 Hz / 25 000 V,GE,Georgia,2023,0,
AC25000,Alternating current - 50 Hz / 25 000 V,GE,Georgia,2024,0,
AC25000,Alternating current - 50 Hz / 25 000 V,HR,Croatia,1992,826,
AC25000,Alternating current - 50 Hz / 25 000 V,HR,Croatia,1993,846,
AC25000,Alternating current - 50 Hz / 25 000 V,HR,Croatia,1994,846,
AC25000,Alternating current - 50 Hz / 25 000 V,HR,Croatia,1995,846,
AC25000,Alternating current - 50 Hz / 25 000 V,HR,Croatia,1996,846,
AC25000,Alternating current - 50 Hz / 25 000 V,HR,Croatia,1997,846,
AC25000,Alternating current - 50 Hz / 25 000 V,HR,Croatia,1998,846,
AC25000,Alternating current - 50 Hz / 25 000 V,HR,Croatia,1999,846,
AC25000,Alternating current - 50 Hz / 25 000 V,HR,Croatia,2000,846,
AC25000,Alternating current - 50 Hz / 25 000 V,HR,Croatia,2001,846,
AC25000,Alternating current - 50 Hz / 25 000 V,HR,Croatia,2002,846,
AC25000,Alternating current - 50 Hz / 25 000 V,HR,Croatia,2003,846,
AC25000,Alternating current - 50 Hz / 25 000 V,HR,Croatia,2004,847,
AC25000,Alternating current - 50 Hz / 25 000 V,HR,Croatia,2005,847,
AC25000,Alternating current - 50 Hz / 25 000 V,HR,Croatia,2006,842,
AC25000,Alternating current - 50 Hz / 25 000 V,HR,Croatia,2007,842,
AC25000,Alternating current - 50 Hz / 25 000 V,HR,Croatia,2008,847,
AC25000,Alternating current - 50 Hz / 25 000 V,HR,Croatia,2009,847,
AC25000,Alternating current - 50 Hz / 25 000 V,HR,Croatia,2010,846,
AC25000,Alternating current - 50 Hz / 25 000 V,HR,Croatia,2011,846,
AC25000,Alternating current - 50 Hz / 25 000 V,HR,Croatia,2012,981,
AC25000,Alternating current - 50 Hz / 25 000 V,HR,Croatia,2013,982,
AC25000,Alternating current - 50 Hz / 25 000 V,HR,Croatia,2014,967,
AC25000,Alternating current - 50 Hz / 25 000 V,HR,Croatia,2015,967,
AC25000,Alternating current - 50 Hz / 25 000 V,HR,Croatia,2016,967,
AC25000,Alternating current - 50 Hz / 25 000 V,HR,Croatia,2017,967,
AC25000,Alternating current - 50 Hz / 25 000 V,HR,Croatia,2018,967,
AC25000,Alternating current - 50 Hz / 25 000 V,HR,Croatia,2019,967,
AC25000,Alternating current - 50 Hz / 25 000 V,HR,Croatia,2020,967,
AC25000,Alternating current - 50 Hz / 25 000 V,HR,Croatia,2021,991,
AC25000,Alternating current - 50 Hz / 25 000 V,HR,Croatia,2022,992,
AC25000,Alternating current - 50 Hz / 25 000 V,HR,Croatia,2023,1010,
AC25000,Alternating current - 50 Hz / 25 000 V,HR,Croatia,2024,1010,
AC25000,Alternating current - 50 Hz / 25 000 V,HU,Hungary,1990,2249,
AC25000,Alternating current - 50 Hz / 25 000 V,HU,Hungary,1991,2247,
AC25000,Alternating current - 50 Hz / 25 000 V,HU,Hungary,1992,2277,
AC25000,Alternating current - 50 Hz / 25 000 V,HU,Hungary,1993,2277,
AC25000,Alternating current - 50 Hz / 25 000 V,HU,Hungary,1994,2283,
AC25000,Alternating current - 50 Hz / 25 000 V,HU,Hungary,1995,2353,
AC25000,Alternating current - 50 Hz / 25 000 V,HU,Hungary,1996,2353,
AC25000,Alternating current - 50 Hz / 25 000 V,HU,Hungary,1997,2378,
AC25000,Alternating current - 50 Hz / 25 000 V,HU,Hungary,1998,2594,
AC25000,Alternating current - 50 Hz / 25 000 V,HU,Hungary,1999,2620,
AC25000,Alternating current - 50 Hz / 25 000 V,HU,Hungary,2000,2718,
AC25000,Alternating current - 50 Hz / 25 000 V,HU,Hungary,2001,2718,
AC25000,Alternating current - 50 Hz / 25 000 V,HU,Hungary,2002,2780,
AC25000,Alternating current - 50 Hz / 25 000 V,HU,Hungary,2003,2780,
AC25000,Alternating current - 50 Hz / 25 000 V,HU,Hungary,2004,2791,
AC25000,Alternating current - 50 Hz / 25 000 V,HU,Hungary,2005,2790,
AC25000,Alternating current - 50 Hz / 25 000 V,HU,Hungary,2006,2792,
AC25000,Alternating current - 50 Hz / 25 000 V,HU,Hungary,2007,2735,
AC25000,Alternating current - 50 Hz / 25 000 V,HU,Hungary,2008,2735,
AC25000,Alternating current - 50 Hz / 25 000 V,HU,Hungary,2009,2789,
AC25000,Alternating current - 50 Hz / 25 000 V,HU,Hungary,2010,2926,
AC25000,Alternating current - 50 Hz / 25 000 V,HU,Hungary,2011,2978.9,
AC25000,Alternating current - 50 Hz / 25 000 V,HU,Hungary,2012,2978.9,
AC25000,Alternating current - 50 Hz / 25 000 V,HU,Hungary,2013,2965.5,
AC25000,Alternating current - 50 Hz / 25 000 V,HU,Hungary,2014,2964.94,
AC25000,Alternating current - 50 Hz / 25 000 V,HU,Hungary,2015,2960,
AC25000,Alternating current - 50 Hz / 25 000 V,HU,Hungary,2016,3015,
AC25000,Alternating current - 50 Hz / 25 000 V,HU,Hungary,2017,3103,
AC25000,Alternating current - 50 Hz / 25 000 V,HU,Hungary,2018,3069,
AC25000,Alternating current - 50 Hz / 25 000 V,HU,Hungary,2019,3111,
AC25000,Alternating current - 50 Hz / 25 000 V,HU,Hungary,2020,3111,
AC25000,Alternating current - 50 Hz / 25 000 V,HU,Hungary,2021,3111,
AC25000,Alternating current - 50 Hz / 25 000 V,HU,Hungary,2022,3111,
AC25000,Alternating current - 50 Hz / 25 000 V,HU,Hungary,2023,3251,
AC25000,Alternating current - 50 Hz / 25 000 V,HU,Hungary,2024,3250,
AC25000,Alternating current - 50 Hz / 25 000 V,IE,Ireland,1990,0,
AC25000,Alternating current - 50 Hz / 25 000 V,IE,Ireland,1991,0,
AC25000,Alternating current - 50 Hz / 25 000 V,IE,Ireland,1992,0,
AC25000,Alternating current - 50 Hz / 25 000 V,IE,Ireland,1993,0,
AC25000,Alternating current - 50 Hz / 25 000 V,IE,Ireland,1994,0,
AC25000,Alternating current - 50 Hz / 25 000 V,IE,Ireland,1995,0,
AC25000,Alternating current - 50 Hz / 25 000 V,IE,Ireland,1996,0,
AC25000,Alternating current - 50 Hz / 25 000 V,IE,Ireland,1997,0,
AC25000,Alternating current - 50 Hz / 25 000 V,IE,Ireland,1998,0,
AC25000,Alternating current - 50 Hz / 25 000 V,IE,Ireland,1999,0,
AC25000,Alternating current - 50 Hz / 25 000 V,IE,Ireland,2000,0,
AC25000,Alternating current - 50 Hz / 25 000 V,IE,Ireland,2001,0,
AC25000,Alternating current - 50 Hz / 25 000 V,IE,Ireland,2002,0,
AC25000,Alternating current - 50 Hz / 25 000 V,IE,Ireland,2003,0,
AC25000,Alternating current - 50 Hz / 25 000 V,IE,Ireland,2004,0,
AC25000,Alternating current - 50 Hz / 25 000 V,IE,Ireland,2005,0,
AC25000,Alternating current - 50 Hz / 25 000 V,IE,Ireland,2006,0,
AC25000,Alternating current - 50 Hz / 25 000 V,IE,Ireland,2007,0,
AC25000,Alternating current - 50 Hz / 25 000 V,IE,Ireland,2008,0,
AC25000,Alternating current - 50 Hz / 25 000 V,IE,Ireland,2009,0,
AC25000,Alternating current - 50 Hz / 25 000 V,IE,Ireland,2010,0,
AC25000,Alternating current - 50 Hz / 25 000 V,IE,Ireland,2011,0,
AC25000,Alternating current - 50 Hz / 25 000 V,IE,Ireland,2012,0,
AC25000,Alternating current - 50 Hz / 25 000 V,IE,Ireland,2013,0,
AC25000,Alternating current - 50 Hz / 25 000 V,IE,Ireland,2014,0,
AC25000,Alternating current - 50 Hz / 25 000 V,IE,Ireland,2015,0,
AC25000,Alternating current - 50 Hz / 25 000 V,IE,Ireland,2016,0,
AC25000,Alternating current - 50 Hz / 25 000 V,IE,Ireland,2017,0,
AC25000,Alternating current - 50 Hz / 25 000 V,IE,Ireland,2018,0,
AC25000,Alternating current - 50 Hz / 25 000 V,IE,Ireland,2019,0,
AC25000,Alternating current - 50 Hz / 25 000 V,IE,Ireland,2020,0,
AC25000,Alternating current - 50 Hz / 25 000 V,IE,Ireland,2021,0,
AC25000,Alternating current - 50 Hz / 25 000 V,IE,Ireland,2022,0,
AC25000,Alternating current - 50 Hz / 25 000 V,IE,Ireland,2023,0,i
AC25000,Alternating current - 50 Hz / 25 000 V,IE,Ireland,2024,0,
AC25000,Alternating current - 50 Hz / 25 000 V,IT,Italy,1990,0,
AC25000,Alternating current - 50 Hz / 25 000 V,IT,Italy,1991,0,
AC25000,Alternating current - 50 Hz / 25 000 V,IT,Italy,1992,237,
AC25000,Alternating current - 50 Hz / 25 000 V,IT,Italy,1993,237,
AC25000,Alternating current - 50 Hz / 25 000 V,IT,Italy,1994,237,
AC25000,Alternating current - 50 Hz / 25 000 V,IT,Italy,1995,237,
AC25000,Alternating current - 50 Hz / 25 000 V,IT,Italy,1996,237,
AC25000,Alternating current - 50 Hz / 25 000 V,IT,Italy,1997,237,
AC25000,Alternating current - 50 Hz / 25 000 V,IT,Italy,1998,237,
AC25000,Alternating current - 50 Hz / 25 000 V,IT,Italy,1999,237,
AC25000,Alternating current - 50 Hz / 25 000 V,IT,Italy,2000,237,
AC25000,Alternating current - 50 Hz / 25 000 V,IT,Italy,2001,237,
AC25000,Alternating current - 50 Hz / 25 000 V,IT,Italy,2002,237,
AC25000,Alternating current - 50 Hz / 25 000 V,IT,Italy,2003,237,
AC25000,Alternating current - 50 Hz / 25 000 V,IT,Italy,2004,237,
AC25000,Alternating current - 50 Hz / 25 000 V,IT,Italy,2005,296,
AC25000,Alternating current - 50 Hz / 25 000 V,IT,Italy,2006,331,
AC25000,Alternating current - 50 Hz / 25 000 V,IT,Italy,2007,352,
AC25000,Alternating current - 50 Hz / 25 000 V,IT,Italy,2008,532,
AC25000,Alternating current - 50 Hz / 25 000 V,IT,Italy,2009,644,
AC25000,Alternating current - 50 Hz / 25 000 V,IT,Italy,2010,638,
AC25000,Alternating current - 50 Hz / 25 000 V,IT,Italy,2011,652,
AC25000,Alternating current - 50 Hz / 25 000 V,IT,Italy,2012,671,
AC25000,Alternating current - 50 Hz / 25 000 V,IT,Italy,2013,675,i
AC25000,Alternating current - 50 Hz / 25 000 V,IT,Italy,2014,733,i
AC25000,Alternating current - 50 Hz / 25 000 V,IT,Italy,2015,733,i
AC25000,Alternating current - 50 Hz / 25 000 V,IT,Italy,2016,733,i
AC25000,Alternating current - 50 Hz / 25 000 V,IT,Italy,2017,733,
AC25000,Alternating current - 50 Hz / 25 000 V,IT,Italy,2018,733,
AC25000,Alternating current - 50 Hz / 25 000 V,IT,Italy,2019,733,
AC25000,Alternating current - 50 Hz / 25 000 V,IT,Italy,2020,733,
AC25000,Alternating current - 50 Hz / 25 000 V,IT,Italy,2021,734,
AC25000,Alternating current - 50 Hz / 25 000 V,IT,Italy,2022,734,
AC25000,Alternating current - 50 Hz / 25 000 V,IT,Italy,2023,734,
AC25000,Alternating current - 50 Hz / 25 000 V,IT,Italy,2024,734,
AC25000,Alternating current - 50 Hz / 25 000 V,LI,Liechtenstein,2013,0,
AC25000,Alternating current - 50 Hz / 25 000 V,LI,Liechtenstein,2014,0,
AC25000,Alternating current - 50 Hz / 25 000 V,LI,Liechtenstein,2015,0,
AC25000,Alternating current - 50 Hz / 25 000 V,LI,Liechtenstein,2016,0,
AC25000,Alternating current - 50 Hz / 25 000 V,LI,Liechtenstein,2017,0,
AC25000,Alternating current - 50 Hz / 25 000 V,LI,Liechtenstein,2018,0,
AC25000,Alternating current - 50 Hz / 25 000 V,LI,Liechtenstein,2019,0,
AC25000,Alternating current - 50 Hz / 25 000 V,LI,Liechtenstein,2020,0,
AC25000,Alternating current - 50 Hz / 25 000 V,LI,Liechtenstein,2021,0,
AC25000,Alternating current - 50 Hz / 25 000 V,LI,Liechtenstein,2022,0,
AC25000,Alternating current - 50 Hz / 25 000 V,LI,Liechtenstein,2023,0,
AC25000,Alternating current - 50 Hz / 25 000 V,LI,Liechtenstein,2024,0,
AC25000,Alternating current - 50 Hz / 25 000 V,LT,Lithuania,1990,122,
AC25000,Alternating current - 50 Hz / 25 000 V,LT,Lithuania,1991,122,
AC25000,Alternating current - 50 Hz / 25 000 V,LT,Lithuania,1992,122,
AC25000,Alternating current - 50 Hz / 25 000 V,LT,Lithuania,1993,122,
AC25000,Alternating current - 50 Hz / 25 000 V,LT,Lithuania,1994,122,
AC25000,Alternating current - 50 Hz / 25 000 V,LT,Lithuania,1995,122,
AC25000,Alternating current - 50 Hz / 25 000 V,LT,Lithuania,1996,122,
AC25000,Alternating current - 50 Hz / 25 000 V,LT,Lithuania,1997,122,
AC25000,Alternating current - 50 Hz / 25 000 V,LT,Lithuania,1998,122,
AC25000,Alternating current - 50 Hz / 25 000 V,LT,Lithuania,1999,122,
AC25000,Alternating current - 50 Hz / 25 000 V,LT,Lithuania,2000,122,
AC25000,Alternating current - 50 Hz / 25 000 V,LT,Lithuania,2001,122,
AC25000,Alternating current - 50 Hz / 25 000 V,LT,Lithuania,2002,122,
AC25000,Alternating current - 50 Hz / 25 000 V,LT,Lithuania,2003,122,
AC25000,Alternating current - 50 Hz / 25 000 V,LT,Lithuania,2004,122,
AC25000,Alternating current - 50 Hz / 25 000 V,LT,Lithuania,2005,122,
AC25000,Alternating current - 50 Hz / 25 000 V,LT,Lithuania,2006,122,
AC25000,Alternating current - 50 Hz / 25 000 V,LT,Lithuania,2007,122,
AC25000,Alternating current - 50 Hz / 25 000 V,LT,Lithuania,2008,122,
AC25000,Alternating current - 50 Hz / 25 000 V,LT,Lithuania,2009,122,
AC25000,Alternating current - 50 Hz / 25 000 V,LT,Lithuania,2010,122,
AC25000,Alternating current - 50 Hz / 25 000 V,LT,Lithuania,2011,122,
AC25000,Alternating current - 50 Hz / 25 000 V,LT,Lithuania,2012,122,
AC25000,Alternating current - 50 Hz / 25 000 V,LT,Lithuania,2013,122,
AC25000,Alternating current - 50 Hz / 25 000 V,LT,Lithuania,2014,122,
AC25000,Alternating current - 50 Hz / 25 000 V,LT,Lithuania,2015,122,
AC25000,Alternating current - 50 Hz / 25 000 V,LT,Lithuania,2016,122,
AC25000,Alternating current - 50 Hz / 25 000 V,LT,Lithuania,2017,152.4,
AC25000,Alternating current - 50 Hz / 25 000 V,LT,Lithuania,2018,152.4,
AC25000,Alternating current - 50 Hz / 25 000 V,LT,Lithuania,2019,152.4,
AC25000,Alternating current - 50 Hz / 25 000 V,LT,Lithuania,2020,152.4,
AC25000,Alternating current - 50 Hz / 25 000 V,LT,Lithuania,2021,152.4,
AC25000,Alternating current - 50 Hz / 25 000 V,LT,Lithuania,2022,152.4,
AC25000,Alternating current - 50 Hz / 25 000 V,LT,Lithuania,2023,152.4,
AC25000,Alternating current - 50 Hz / 25 000 V,LT,Lithuania,2024,156,
AC25000,Alternating current - 50 Hz / 25 000 V,LU,Luxembourg,1990,178,
AC25000,Alternating current - 50 Hz / 25 000 V,LU,Luxembourg,1991,201,
AC25000,Alternating current - 50 Hz / 25 000 V,LU,Luxembourg,1992,201,
AC25000,Alternating current - 50 Hz / 25 000 V,LU,Luxembourg,1993,243,
AC25000,Alternating current - 50 Hz / 25 000 V,LU,Luxembourg,1994,243,
AC25000,Alternating current - 50 Hz / 25 000 V,LU,Luxembourg,1995,243,
AC25000,Alternating current - 50 Hz / 25 000 V,LU,Luxembourg,1996,242,
AC25000,Alternating current - 50 Hz / 25 000 V,LU,Luxembourg,1997,242,
AC25000,Alternating current - 50 Hz / 25 000 V,LU,Luxembourg,1998,242,
AC25000,Alternating current - 50 Hz / 25 000 V,LU,Luxembourg,1999,242,
AC25000,Alternating current - 50 Hz / 25 000 V,LU,Luxembourg,2000,242,
AC25000,Alternating current - 50 Hz / 25 000 V,LU,Luxembourg,2001,242,
AC25000,Alternating current - 50 Hz / 25 000 V,LU,Luxembourg,2002,242,
AC25000,Alternating current - 50 Hz / 25 000 V,LU,Luxembourg,2003,243,
AC25000,Alternating current - 50 Hz / 25 000 V,LU,Luxembourg,2004,243,
AC25000,Alternating current - 50 Hz / 25 000 V,LU,Luxembourg,2005,243,
AC25000,Alternating current - 50 Hz / 25 000 V,LU,Luxembourg,2006,243,
AC25000,Alternating current - 50 Hz / 25 000 V,LU,Luxembourg,2007,243,
AC25000,Alternating current - 50 Hz / 25 000 V,LU,Luxembourg,2008,243,
AC25000,Alternating current - 50 Hz / 25 000 V,LU,Luxembourg,2009,243,
AC25000,Alternating current - 50 Hz / 25 000 V,LU,Luxembourg,2010,243,
AC25000,Alternating current - 50 Hz / 25 000 V,LU,Luxembourg,2011,243,
AC25000,Alternating current - 50 Hz / 25 000 V,LU,Luxembourg,2012,243,
AC25000,Alternating current - 50 Hz / 25 000 V,LU,Luxembourg,2013,243,
AC25000,Alternating current - 50 Hz / 25 000 V,LU,Luxembourg,2014,243,
AC25000,Alternating current - 50 Hz / 25 000 V,LU,Luxembourg,2015,243,
AC25000,Alternating current - 50 Hz / 25 000 V,LU,Luxembourg,2016,243,
AC25000,Alternating current - 50 Hz / 25 000 V,LU,Luxembourg,2017,243,
AC25000,Alternating current - 50 Hz / 25 000 V,LU,Luxembourg,2018,262.32,
AC25000,Alternating current - 50 Hz / 25 000 V,LU,Luxembourg,2019,262.32,
AC25000,Alternating current - 50 Hz / 25 000 V,LU,Luxembourg,2020,262,
AC25000,Alternating current - 50 Hz / 25 000 V,LU,Luxembourg,2021,262,
AC25000,Alternating current - 50 Hz / 25 000 V,LU,Luxembourg,2022,262,
AC25000,Alternating current - 50 Hz / 25 000 V,LU,Luxembourg,2023,262,
AC25000,Alternating current - 50 Hz / 25 000 V,LU,Luxembourg,2024,262,
AC25000,Alternating current - 50 Hz / 25 000 V,LV,Latvia,1990,0,
AC25000,Alternating current - 50 Hz / 25 000 V,LV,Latvia,1991,0,
AC25000,Alternating current - 50 Hz / 25 000 V,LV,Latvia,1992,0,
AC25000,Alternating current - 50 Hz / 25 000 V,LV,Latvia,1993,0,
AC25000,Alternating current - 50 Hz / 25 000 V,LV,Latvia,1994,0,
AC25000,Alternating current - 50 Hz / 25 000 V,LV,Latvia,1995,0,
AC25000,Alternating current - 50 Hz / 25 000 V,LV,Latvia,1996,0,
AC25000,Alternating current - 50 Hz / 25 000 V,LV,Latvia,1997,0,
AC25000,Alternating current - 50 Hz / 25 000 V,LV,Latvia,1998,0,
AC25000,Alternating current - 50 Hz / 25 000 V,LV,Latvia,1999,0,
AC25000,Alternating current - 50 Hz / 25 000 V,LV,Latvia,2000,0,
AC25000,Alternating current - 50 Hz / 25 000 V,LV,Latvia,2001,0,
AC25000,Alternating current - 50 Hz / 25 000 V,LV,Latvia,2002,0,
AC25000,Alternating current - 50 Hz / 25 000 V,LV,Latvia,2003,0,
AC25000,Alternating current - 50 Hz / 25 000 V,LV,Latvia,2004,0,
AC25000,Alternating current - 50 Hz / 25 000 V,LV,Latvia,2005,0,
AC25000,Alternating current - 50 Hz / 25 000 V,LV,Latvia,2006,0,
AC25000,Alternating current - 50 Hz / 25 000 V,LV,Latvia,2007,0,
AC25000,Alternating current - 50 Hz / 25 000 V,LV,Latvia,2008,0,
AC25000,Alternating current - 50 Hz / 25 000 V,LV,Latvia,2009,0,
AC25000,Alternating current - 50 Hz / 25 000 V,LV,Latvia,2010,0,
AC25000,Alternating current - 50 Hz / 25 000 V,LV,Latvia,2011,0,
AC25000,Alternating current - 50 Hz / 25 000 V,LV,Latvia,2012,0,
AC25000,Alternating current - 50 Hz / 25 000 V,LV,Latvia,2013,0,
AC25000,Alternating current - 50 Hz / 25 000 V,LV,Latvia,2014,0,
AC25000,Alternating current - 50 Hz / 25 000 V,LV,Latvia,2015,0,
AC25000,Alternating current - 50 Hz / 25 000 V,LV,Latvia,2016,0,
AC25000,Alternating current - 50 Hz / 25 000 V,LV,Latvia,2017,0,
AC25000,Alternating current - 50 Hz / 25 000 V,LV,Latvia,2018,0,
AC25000,Alternating current - 50 Hz / 25 000 V,LV,Latvia,2019,0,
AC25000,Alternating current - 50 Hz / 25 000 V,LV,Latvia,2020,0,
AC25000,Alternating current - 50 Hz / 25 000 V,LV,Latvia,2021,0,
AC25000,Alternating current - 50 Hz / 25 000 V,LV,Latvia,2022,0,
AC25000,Alternating current - 50 Hz / 25 000 V,LV,Latvia,2023,0,
AC25000,Alternating current - 50 Hz / 25 000 V,LV,Latvia,2024,0,
AC25000,Alternating current - 50 Hz / 25 000 V,MD,Moldova,1990,0,
AC25000,Alternating current - 50 Hz / 25 000 V,MD,Moldova,1991,0,
AC25000,Alternating current - 50 Hz / 25 000 V,MD,Moldova,1992,0,
AC25000,Alternating current - 50 Hz / 25 000 V,MD,Moldova,1993,0,
AC25000,Alternating current - 50 Hz / 25 000 V,MD,Moldova,1994,0,
AC25000,Alternating current - 50 Hz / 25 000 V,MD,Moldova,1995,0,
AC25000,Alternating current - 50 Hz / 25 000 V,MD,Moldova,1996,0,
AC25000,Alternating current - 50 Hz / 25 000 V,MD,Moldova,1997,0,
AC25000,Alternating current - 50 Hz / 25 000 V,MD,Moldova,1998,0,
AC25000,Alternating current - 50 Hz / 25 000 V,MD,Moldova,1999,0,
AC25000,Alternating current - 50 Hz / 25 000 V,MD,Moldova,2000,0,
AC25000,Alternating current - 50 Hz / 25 000 V,MD,Moldova,2001,0,
AC25000,Alternating current - 50 Hz / 25 000 V,MD,Moldova,2002,0,
AC25000,Alternating current - 50 Hz / 25 000 V,MD,Moldova,2004,0,
AC25000,Alternating current - 50 Hz / 25 000 V,MD,Moldova,2009,0,
AC25000,Alternating current - 50 Hz / 25 000 V,MD,Moldova,2010,0,
AC25000,Alternating current - 50 Hz / 25 000 V,MD,Moldova,2011,0,
AC25000,Alternating current - 50 Hz / 25 000 V,MD,Moldova,2012,0,
AC25000,Alternating current - 50 Hz / 25 000 V,MD,Moldova,2013,0,
AC25000,Alternating current - 50 Hz / 25 000 V,MD,Moldova,2014,0,
AC25000,Alternating current - 50 Hz / 25 000 V,MD,Moldova,2015,0,
AC25000,Alternating current - 50 Hz / 25 000 V,MD,Moldova,2016,0,
AC25000,Alternating current - 50 Hz / 25 000 V,MD,Moldova,2017,0,
AC25000,Alternating current - 50 Hz / 25 000 V,MD,Moldova,2018,0,
AC25000,Alternating current - 50 Hz / 25 000 V,MD,Moldova,2019,0,
AC25000,Alternating current - 50 Hz / 25 000 V,MD,Moldova,2020,0,
AC25000,Alternating current - 50 Hz / 25 000 V,MD,Moldova,2021,0,
AC25000,Alternating current - 50 Hz / 25 000 V,MD,Moldova,2022,0,
AC25000,Alternating current - 50 Hz / 25 000 V,MD,Moldova,2023,0,
AC25000,Alternating current - 50 Hz / 25 000 V,MD,Moldova,2024,0,
AC25000,Alternating current - 50 Hz / 25 000 V,ME,Montenegro,2011,224.06,i
AC25000,Alternating current - 50 Hz / 25 000 V,ME,Montenegro,2012,224.06,i
AC25000,Alternating current - 50 Hz / 25 000 V,ME,Montenegro,2013,224.06,i
AC25000,Alternating current - 50 Hz / 25 000 V,ME,Montenegro,2014,224,i
AC25000,Alternating current - 50 Hz / 25 000 V,ME,Montenegro,2015,224,i
AC25000,Alternating current - 50 Hz / 25 000 V,ME,Montenegro,2016,225,
AC25000,Alternating current - 50 Hz / 25 000 V,ME,Montenegro,2017,225,
AC25000,Alternating current - 50 Hz / 25 000 V,ME,Montenegro,2018,225,
AC25000,Alternating current - 50 Hz / 25 000 V,ME,Montenegro,2019,225,
AC25000,Alternating current - 50 Hz / 25 000 V,ME,Montenegro,2020,226.6,
AC25000,Alternating current - 50 Hz / 25 000 V,ME,Montenegro,2021,226.6,
AC25000,Alternating current - 50 Hz / 25 000 V,ME,Montenegro,2022,226.6,
AC25000,Alternating current - 50 Hz / 25 000 V,ME,Montenegro,2023,226.6,
AC25000,Alternating current - 50 Hz / 25 000 V,ME,Montenegro,2024,226.6,
AC25000,Alternating current - 50 Hz / 25 000 V,MK,North Macedonia,1990,233,
AC25000,Alternating current - 50 Hz / 25 000 V,MK,North Macedonia,1992,231,
AC25000,Alternating current - 50 Hz / 25 000 V,MK,North Macedonia,1993,231,
AC25000,Alternating current - 50 Hz / 25 000 V,MK,North Macedonia,1994,233,
AC25000,Alternating current - 50 Hz / 25 000 V,MK,North Macedonia,1995,233,
AC25000,Alternating current - 50 Hz / 25 000 V,MK,North Macedonia,1996,233,
AC25000,Alternating current - 50 Hz / 25 000 V,MK,North Macedonia,1997,233,
AC25000,Alternating current - 50 Hz / 25 000 V,MK,North Macedonia,1998,233,
AC25000,Alternating current - 50 Hz / 25 000 V,MK,North Macedonia,1999,233,
AC25000,Alternating current - 50 Hz / 25 000 V,MK,North Macedonia,2000,233,
AC25000,Alternating current - 50 Hz / 25 000 V,MK,North Macedonia,2001,233,
AC25000,Alternating current - 50 Hz / 25 000 V,MK,North Macedonia,2002,233,
AC25000,Alternating current - 50 Hz / 25 000 V,MK,North Macedonia,2004,233,
AC25000,Alternating current - 50 Hz / 25 000 V,MK,North Macedonia,2005,233,
AC25000,Alternating current - 50 Hz / 25 000 V,MK,North Macedonia,2006,234,
AC25000,Alternating current - 50 Hz / 25 000 V,MK,North Macedonia,2007,234,
AC25000,Alternating current - 50 Hz / 25 000 V,MK,North Macedonia,2008,234,
AC25000,Alternating current - 50 Hz / 25 000 V,MK,North Macedonia,2009,234,
AC25000,Alternating current - 50 Hz / 25 000 V,MK,North Macedonia,2010,234,
AC25000,Alternating current - 50 Hz / 25 000 V,MK,North Macedonia,2011,234,
AC25000,Alternating current - 50 Hz / 25 000 V,MK,North Macedonia,2012,234,
AC25000,Alternating current - 50 Hz / 25 000 V,MK,North Macedonia,2013,234,
AC25000,Alternating current - 50 Hz / 25 000 V,MK,North Macedonia,2014,234,
AC25000,Alternating current - 50 Hz / 25 000 V,MK,North Macedonia,2015,234,
AC25000,Alternating current - 50 Hz / 25 000 V,MK,North Macedonia,2016,234,
AC25000,Alternating current - 50 Hz / 25 000 V,MK,North Macedonia,2017,234,
AC25000,Alternating current - 50 Hz / 25 000 V,MK,North Macedonia,2018,234,
AC25000,Alternating current - 50 Hz / 25 000 V,MK,North Macedonia,2019,234,
AC25000,Alternating current - 50 Hz / 25 000 V,MK,North Macedonia,2020,234,
AC25000,Alternating current - 50 Hz / 25 000 V,MK,North Macedonia,2021,234,
AC25000,Alternating current - 50 Hz / 25 000 V,MK,North Macedonia,2022,234,
AC25000,Alternating current - 50 Hz / 25 000 V,MK,North Macedonia,2023,234,
AC25000,Alternating current - 50 Hz / 25 000 V,MK,North Macedonia,2024,234,
AC25000,Alternating current - 50 Hz / 25 000 V,NL,Netherlands,2008,249,i
AC25000,Alternating current - 50 Hz / 25 000 V,NL,Netherlands,2009,249,i
AC25000,Alternating current - 50 Hz / 25 000 V,NL,Netherlands,2010,249,i
AC25000,Alternating current - 50 Hz / 25 000 V,NL,Netherlands,2011,249,i
AC25000,Alternating current - 50 Hz / 25 000 V,NL,Netherlands,2012,249,i
AC25000,Alternating current - 50 Hz / 25 000 V,NL,Netherlands,2013,249,i
AC25000,Alternating current - 50 Hz / 25 000 V,NL,Netherlands,2014,249,i
AC25000,Alternating current - 50 Hz / 25 000 V,NL,Netherlands,2015,249,i
AC25000,Alternating current - 50 Hz / 25 000 V,NL,Netherlands,2016,249,i
AC25000,Alternating current - 50 Hz / 25 000 V,NL,Netherlands,2017,249,i
AC25000,Alternating current - 50 Hz / 25 000 V,NL,Netherlands,2018,249,i
AC25000,Alternating current - 50 Hz / 25 000 V,NL,Netherlands,2019,249,i
AC25000,Alternating current - 50 Hz / 25 000 V,NL,Netherlands,2020,279,i
AC25000,Alternating current - 50 Hz / 25 000 V,NL,Netherlands,2021,279,i
AC25000,Alternating current - 50 Hz / 25 000 V,NL,Netherlands,2022,279,i
AC25000,Alternating current - 50 Hz / 25 000 V,NL,Netherlands,2023,279,i
AC25000,Alternating current - 50 Hz / 25 000 V,NL,Netherlands,2024,279,i
AC25000,Alternating current - 50 Hz / 25 000 V,NO,Norway,1998,0,
AC25000,Alternating current - 50 Hz / 25 000 V,NO,Norway,1999,0,
AC25000,Alternating current - 50 Hz / 25 000 V,NO,Norway,2004,0,
AC25000,Alternating current - 50 Hz / 25 000 V,NO,Norway,2005,0,
AC25000,Alternating current - 50 Hz / 25 000 V,NO,Norway,2006,0,n
AC25000,Alternating current - 50 Hz / 25 000 V,NO,Norway,2007,0,n
AC25000,Alternating current - 50 Hz / 25 000 V,NO,Norway,2008,0,
AC25000,Alternating current - 50 Hz / 25 000 V,NO,Norway,2009,0,
AC25000,Alternating current - 50 Hz / 25 000 V,NO,Norway,2010,0,
AC25000,Alternating current - 50 Hz / 25 000 V,NO,Norway,2011,0,
AC25000,Alternating current - 50 Hz / 25 000 V,NO,Norway,2012,0,
AC25000,Alternating current - 50 Hz / 25 000 V,NO,Norway,2013,0,
AC25000,Alternating current - 50 Hz / 25 000 V,NO,Norway,2014,0,
AC25000,Alternating current - 50 Hz / 25 000 V,NO,Norway,2015,0,
AC25000,Alternating current - 50 Hz / 25 000 V,NO,Norway,2016,0,
AC25000,Alternating current - 50 Hz / 25 000 V,NO,Norway,2017,0,
AC25000,Alternating current - 50 Hz / 25 000 V,NO,Norway,2018,0,
AC25000,Alternating current - 50 Hz / 25 000 V,NO,Norway,2019,0,
AC25000,Alternating current - 50 Hz / 25 000 V,NO,Norway,2020,0,
AC25000,Alternating current - 50 Hz / 25 000 V,NO,Norway,2021,0,
AC25000,Alternating current - 50 Hz / 25 000 V,NO,Norway,2022,0,
AC25000,Alternating current - 50 Hz / 25 000 V,NO,Norway,2023,0,
AC25000,Alternating current - 50 Hz / 25 000 V,NO,Norway,2024,0,
AC25000,Alternating current - 50 Hz / 25 000 V,PL,Poland,1995,0,
AC25000,Alternating current - 50 Hz / 25 000 V,PL,Poland,1996,0,
AC25000,Alternating current - 50 Hz / 25 000 V,PL,Poland,1997,0,
AC25000,Alternating current - 50 Hz / 25 000 V,PL,Poland,1998,0,
AC25000,Alternating current - 50 Hz / 25 000 V,PL,Poland,1999,0,
AC25000,Alternating current - 50 Hz / 25 000 V,PL,Poland,2000,0,
AC25000,Alternating current - 50 Hz / 25 000 V,PL,Poland,2001,0,
AC25000,Alternating current - 50 Hz / 25 000 V,PL,Poland,2002,0,
AC25000,Alternating current - 50 Hz / 25 000 V,PL,Poland,2003,0,i
AC25000,Alternating current - 50 Hz / 25 000 V,PL,Poland,2004,0,
AC25000,Alternating current - 50 Hz / 25 000 V,PL,Poland,2005,0,
AC25000,Alternating current - 50 Hz / 25 000 V,PL,Poland,2006,0,
AC25000,Alternating current - 50 Hz / 25 000 V,PL,Poland,2007,0,
AC25000,Alternating current - 50 Hz / 25 000 V,PL,Poland,2008,0,
AC25000,Alternating current - 50 Hz / 25 000 V,PL,Poland,2009,0,
AC25000,Alternating current - 50 Hz / 25 000 V,PL,Poland,2010,0,
AC25000,Alternating current - 50 Hz / 25 000 V,PL,Poland,2011,0,
AC25000,Alternating current - 50 Hz / 25 000 V,PL,Poland,2012,0,
AC25000,Alternating current - 50 Hz / 25 000 V,PL,Poland,2013,0,
AC25000,Alternating current - 50 Hz / 25 000 V,PL,Poland,2014,0,
AC25000,Alternating current - 50 Hz / 25 000 V,PL,Poland,2015,0,
AC25000,Alternating current - 50 Hz / 25 000 V,PL,Poland,2016,0,
AC25000,Alternating current - 50 Hz / 25 000 V,PL,Poland,2017,0,
AC25000,Alternating current - 50 Hz / 25 000 V,PL,Poland,2018,0,
AC25000,Alternating current - 50 Hz / 25 000 V,PL,Poland,2019,0,
AC25000,Alternating current - 50 Hz / 25 000 V,PL,Poland,2020,0,
AC25000,Alternating current - 50 Hz / 25 000 V,PL,Poland,2021,0,
AC25000,Alternating current - 50 Hz / 25 000 V,PL,Poland,2022,0,
AC25000,Alternating current - 50 Hz / 25 000 V,PL,Poland,2023,0,
AC25000,Alternating current - 50 Hz / 25 000 V,PL,Poland,2024,0,
AC25000,Alternating current - 50 Hz / 25 000 V,PT,Portugal,1990,436,
AC25000,Alternating current - 50 Hz / 25 000 V,PT,Portugal,1991,436,
AC25000,Alternating current - 50 Hz / 25 000 V,PT,Portugal,1992,436,
AC25000,Alternating current - 50 Hz / 25 000 V,PT,Portugal,1993,436,
AC25000,Alternating current - 50 Hz / 25 000 V,PT,Portugal,1994,436,
AC25000,Alternating current - 50 Hz / 25 000 V,PT,Portugal,1995,496,
AC25000,Alternating current - 50 Hz / 25 000 V,PT,Portugal,1996,588,
AC25000,Alternating current - 50 Hz / 25 000 V,PT,Portugal,1997,705,
AC25000,Alternating current - 50 Hz / 25 000 V,PT,Portugal,1998,848,
AC25000,Alternating current - 50 Hz / 25 000 V,PT,Portugal,1999,876,
AC25000,Alternating current - 50 Hz / 25 000 V,PT,Portugal,2000,879,
AC25000,Alternating current - 50 Hz / 25 000 V,PT,Portugal,2001,879.9,
AC25000,Alternating current - 50 Hz / 25 000 V,PT,Portugal,2002,1021.8,
AC25000,Alternating current - 50 Hz / 25 000 V,PT,Portugal,2003,1050.6,i
AC25000,Alternating current - 50 Hz / 25 000 V,PT,Portugal,2004,1346.6,i
AC25000,Alternating current - 50 Hz / 25 000 V,PT,Portugal,2005,1410.6,i
AC25000,Alternating current - 50 Hz / 25 000 V,PT,Portugal,2006,1410.6,i
AC25000,Alternating current - 50 Hz / 25 000 V,PT,Portugal,2007,1410.2,i
AC25000,Alternating current - 50 Hz / 25 000 V,PT,Portugal,2008,1434.8,
AC25000,Alternating current - 50 Hz / 25 000 V,PT,Portugal,2009,1434.7,
AC25000,Alternating current - 50 Hz / 25 000 V,PT,Portugal,2010,1462.7,
AC25000,Alternating current - 50 Hz / 25 000 V,PT,Portugal,2011,1604.3,
AC25000,Alternating current - 50 Hz / 25 000 V,PT,Portugal,2012,1604.7,
AC25000,Alternating current - 50 Hz / 25 000 V,PT,Portugal,2013,1603.7,
AC25000,Alternating current - 50 Hz / 25 000 V,PT,Portugal,2014,1604.9,
AC25000,Alternating current - 50 Hz / 25 000 V,PT,Portugal,2015,1613.6,
AC25000,Alternating current - 50 Hz / 25 000 V,PT,Portugal,2016,1613.6,
AC25000,Alternating current - 50 Hz / 25 000 V,PT,Portugal,2017,1613.62,
AC25000,Alternating current - 50 Hz / 25 000 V,PT,Portugal,2018,1613.62,
AC25000,Alternating current - 50 Hz / 25 000 V,PT,Portugal,2019,1613.62,
AC25000,Alternating current - 50 Hz / 25 000 V,PT,Portugal,2020,1613.62,
AC25000,Alternating current - 50 Hz / 25 000 V,PT,Portugal,2021,1765.724,
AC25000,Alternating current - 50 Hz / 25 000 V,PT,Portugal,2022,1765.724,
AC25000,Alternating current - 50 Hz / 25 000 V,PT,Portugal,2023,1765.724,
AC25000,Alternating current - 50 Hz / 25 000 V,PT,Portugal,2024,1765,
AC25000,Alternating current - 50 Hz / 25 000 V,RO,Romania,1990,3680,
AC25000,Alternating current - 50 Hz / 25 000 V,RO,Romania,1991,3680,
AC25000,Alternating current - 50 Hz / 25 000 V,RO,Romania,1992,3782,
AC25000,Alternating current - 50 Hz / 25 000 V,RO,Romania,1993,3758,
AC25000,Alternating current - 50 Hz / 25 000 V,RO,Romania,1994,3866,
AC25000,Alternating current - 50 Hz / 25 000 V,RO,Romania,1995,3866,
AC25000,Alternating current - 50 Hz / 25 000 V,RO,Romania,1996,3888,
AC25000,Alternating current - 50 Hz / 25 000 V,RO,Romania,1997,3943,
AC25000,Alternating current - 50 Hz / 25 000 V,RO,Romania,1998,3929,
AC25000,Alternating current - 50 Hz / 25 000 V,RO,Romania,1999,3942,
AC25000,Alternating current - 50 Hz / 25 000 V,RO,Romania,2000,3950,
AC25000,Alternating current - 50 Hz / 25 000 V,RO,Romania,2001,3950,
AC25000,Alternating current - 50 Hz / 25 000 V,RO,Romania,2002,3950,
AC25000,Alternating current - 50 Hz / 25 000 V,RO,Romania,2004,3965,
AC25000,Alternating current - 50 Hz / 25 000 V,RO,Romania,2005,3999,
AC25000,Alternating current - 50 Hz / 25 000 V,RO,Romania,2008,3974,
AC25000,Alternating current - 50 Hz / 25 000 V,RO,Romania,2009,4002,
AC25000,Alternating current - 50 Hz / 25 000 V,RO,Romania,2010,4020,
AC25000,Alternating current - 50 Hz / 25 000 V,RO,Romania,2011,4020,
AC25000,Alternating current - 50 Hz / 25 000 V,RO,Romania,2012,4020,
AC25000,Alternating current - 50 Hz / 25 000 V,RO,Romania,2013,4029,
AC25000,Alternating current - 50 Hz / 25 000 V,RO,Romania,2014,4029,
AC25000,Alternating current - 50 Hz / 25 000 V,RO,Romania,2015,4030,
AC25000,Alternating current - 50 Hz / 25 000 V,RO,Romania,2016,4030,
AC25000,Alternating current - 50 Hz / 25 000 V,RO,Romania,2017,4030,
AC25000,Alternating current - 50 Hz / 25 000 V,RO,Romania,2018,4029,
AC25000,Alternating current - 50 Hz / 25 000 V,RO,Romania,2019,4029,
AC25000,Alternating current - 50 Hz / 25 000 V,RO,Romania,2020,4034,
AC25000,Alternating current - 50 Hz / 25 000 V,RO,Romania,2021,4035,
AC25000,Alternating current - 50 Hz / 25 000 V,RO,Romania,2022,4032,
AC25000,Alternating current - 50 Hz / 25 000 V,RO,Romania,2023,4032,
AC25000,Alternating current - 50 Hz / 25 000 V,RO,Romania,2024,4032,
AC25000,Alternating current - 50 Hz / 25 000 V,RS,Serbia,2006,1254,
AC25000,Alternating current - 50 Hz / 25 000 V,RS,Serbia,2007,1254,
AC25000,Alternating current - 50 Hz / 25 000 V,RS,Serbia,2008,1254,
AC25000,Alternating current - 50 Hz / 25 000 V,RS,Serbia,2009,1254,
AC25000,Alternating current - 50 Hz / 25 000 V,RS,Serbia,2010,1254,
AC25000,Alternating current - 50 Hz / 25 000 V,RS,Serbia,2011,1279,
AC25000,Alternating current - 50 Hz / 25 000 V,RS,Serbia,2012,1275,
AC25000,Alternating current - 50 Hz / 25 000 V,RS,Serbia,2013,1275,
AC25000,Alternating current - 50 Hz / 25 000 V,RS,Serbia,2014,1275,
AC25000,Alternating current - 50 Hz / 25 000 V,RS,Serbia,2015,1279,
AC25000,Alternating current - 50 Hz / 25 000 V,RS,Serbia,2016,1279,
AC25000,Alternating current - 50 Hz / 25 000 V,RS,Serbia,2017,1278,
AC25000,Alternating current - 50 Hz / 25 000 V,RS,Serbia,2018,1272,
AC25000,Alternating current - 50 Hz / 25 000 V,RS,Serbia,2019,1273,
AC25000,Alternating current - 50 Hz / 25 000 V,RS,Serbia,2020,1290,
AC25000,Alternating current - 50 Hz / 25 000 V,RS,Serbia,2021,1290,
AC25000,Alternating current - 50 Hz / 25 000 V,RS,Serbia,2022,1304,
AC25000,Alternating current - 50 Hz / 25 000 V,RS,Serbia,2023,1304,
AC25000,Alternating current - 50 Hz / 25 000 V,RS,Serbia,2024,1313,
AC25000,Alternating current - 50 Hz / 25 000 V,SE,Sweden,1990,0,
AC25000,Alternating current - 50 Hz / 25 000 V,SE,Sweden,1991,0,
AC25000,Alternating current - 50 Hz / 25 000 V,SE,Sweden,1992,0,
AC25000,Alternating current - 50 Hz / 25 000 V,SE,Sweden,1993,0,
AC25000,Alternating current - 50 Hz / 25 000 V,SE,Sweden,1994,0,
AC25000,Alternating current - 50 Hz / 25 000 V,SE,Sweden,1995,0,
AC25000,Alternating current - 50 Hz / 25 000 V,SE,Sweden,1996,0,
AC25000,Alternating current - 50 Hz / 25 000 V,SE,Sweden,1997,0,
AC25000,Alternating current - 50 Hz / 25 000 V,SE,Sweden,1998,0,
AC25000,Alternating current - 50 Hz / 25 000 V,SE,Sweden,1999,0,
AC25000,Alternating current - 50 Hz / 25 000 V,SE,Sweden,2000,0,
AC25000,Alternating current - 50 Hz / 25 000 V,SE,Sweden,2001,0,
AC25000,Alternating current - 50 Hz / 25 000 V,SE,Sweden,2002,0,
AC25000,Alternating current - 50 Hz / 25 000 V,SE,Sweden,2003,0,
AC25000,Alternating current - 50 Hz / 25 000 V,SE,Sweden,2004,0,
AC25000,Alternating current - 50 Hz / 25 000 V,SE,Sweden,2005,0,
AC25000,Alternating current - 50 Hz / 25 000 V,SE,Sweden,2006,0,
AC25000,Alternating current - 50 Hz / 25 000 V,SE,Sweden,2007,0,
AC25000,Alternating current - 50 Hz / 25 000 V,SE,Sweden,2008,0,
AC25000,Alternating current - 50 Hz / 25 000 V,SE,Sweden,2009,0,
AC25000,Alternating current - 50 Hz / 25 000 V,SE,Sweden,2010,0,
AC25000,Alternating current - 50 Hz / 25 000 V,SE,Sweden,2011,0,
AC25000,Alternating current - 50 Hz / 25 000 V,SE,Sweden,2012,0,
AC25000,Alternating current - 50 Hz / 25 000 V,SE,Sweden,2013,0,
AC25000,Alternating current - 50 Hz / 25 000 V,SE,Sweden,2014,0,
AC25000,Alternating current - 50 Hz / 25 000 V,SE,Sweden,2015,0,
AC25000,Alternating current - 50 Hz / 25 000 V,SE,Sweden,2016,0,
AC25000,Alternating current - 50 Hz / 25 000 V,SE,Sweden,2017,0,
AC25000,Alternating current - 50 Hz / 25 000 V,SE,Sweden,2018,0,
AC25000,Alternating current - 50 Hz / 25 000 V,SE,Sweden,2019,0,
AC25000,Alternating current - 50 Hz / 25 000 V,SE,Sweden,2020,0,
AC25000,Alternating current - 50 Hz / 25 000 V,SE,Sweden,2021,0,
AC25000,Alternating current - 50 Hz / 25 000 V,SE,Sweden,2022,0,
AC25000,Alternating current - 50 Hz / 25 000 V,SE,Sweden,2023,0,
AC25000,Alternating current - 50 Hz / 25 000 V,SE,Sweden,2024,0,
AC25000,Alternating current - 50 Hz / 25 000 V,SI,Slovenia,1992,9,
AC25000,Alternating current - 50 Hz / 25 000 V,SI,Slovenia,1993,9,
AC25000,Alternating current - 50 Hz / 25 000 V,SI,Slovenia,1994,9,
AC25000,Alternating current - 50 Hz / 25 000 V,SI,Slovenia,1995,9,
AC25000,Alternating current - 50 Hz / 25 000 V,SI,Slovenia,1996,9,
AC25000,Alternating current - 50 Hz / 25 000 V,SI,Slovenia,1997,9,
AC25000,Alternating current - 50 Hz / 25 000 V,SI,Slovenia,1998,8,
AC25000,Alternating current - 50 Hz / 25 000 V,SI,Slovenia,1999,2,
AC25000,Alternating current - 50 Hz / 25 000 V,SI,Slovenia,2000,2,
AC25000,Alternating current - 50 Hz / 25 000 V,SI,Slovenia,2001,2,
AC25000,Alternating current - 50 Hz / 25 000 V,SI,Slovenia,2002,2,
AC25000,Alternating current - 50 Hz / 25 000 V,SI,Slovenia,2003,2,
AC25000,Alternating current - 50 Hz / 25 000 V,SI,Slovenia,2004,2.2,
AC25000,Alternating current - 50 Hz / 25 000 V,SI,Slovenia,2005,2.2,
AC25000,Alternating current - 50 Hz / 25 000 V,SI,Slovenia,2006,2.2,
AC25000,Alternating current - 50 Hz / 25 000 V,SI,Slovenia,2007,2.2,
AC25000,Alternating current - 50 Hz / 25 000 V,SI,Slovenia,2008,2.2,
AC25000,Alternating current - 50 Hz / 25 000 V,SI,Slovenia,2009,2.2,
AC25000,Alternating current - 50 Hz / 25 000 V,SI,Slovenia,2010,2.2,
AC25000,Alternating current - 50 Hz / 25 000 V,SI,Slovenia,2011,2.2,
AC25000,Alternating current - 50 Hz / 25 000 V,SI,Slovenia,2012,2,
AC25000,Alternating current - 50 Hz / 25 000 V,SI,Slovenia,2013,2,
AC25000,Alternating current - 50 Hz / 25 000 V,SI,Slovenia,2014,2,
AC25000,Alternating current - 50 Hz / 25 000 V,SI,Slovenia,2015,2,
AC25000,Alternating current - 50 Hz / 25 000 V,SI,Slovenia,2016,2,
AC25000,Alternating current - 50 Hz / 25 000 V,SI,Slovenia,2017,2,
AC25000,Alternating current - 50 Hz / 25 000 V,SI,Slovenia,2018,2,
AC25000,Alternating current - 50 Hz / 25 000 V,SI,Slovenia,2019,2,
AC25000,Alternating current - 50 Hz / 25 000 V,SI,Slovenia,2020,2,
AC25000,Alternating current - 50 Hz / 25 000 V,SI,Slovenia,2021,2,
AC25000,Alternating current - 50 Hz / 25 000 V,SI,Slovenia,2022,2,
AC25000,Alternating current - 50 Hz / 25 000 V,SI,Slovenia,2023,2,
AC25000,Alternating current - 50 Hz / 25 000 V,SI,Slovenia,2024,2,
AC25000,Alternating current - 50 Hz / 25 000 V,SK,Slovakia,1995,728,
AC25000,Alternating current - 50 Hz / 25 000 V,SK,Slovakia,1996,730,
AC25000,Alternating current - 50 Hz / 25 000 V,SK,Slovakia,1997,737.1,
AC25000,Alternating current - 50 Hz / 25 000 V,SK,Slovakia,1998,737,
AC25000,Alternating current - 50 Hz / 25 000 V,SK,Slovakia,1999,737,
AC25000,Alternating current - 50 Hz / 25 000 V,SK,Slovakia,2000,738,
AC25000,Alternating current - 50 Hz / 25 000 V,SK,Slovakia,2001,738,
AC25000,Alternating current - 50 Hz / 25 000 V,SK,Slovakia,2002,742,
AC25000,Alternating current - 50 Hz / 25 000 V,SK,Slovakia,2003,739,
AC25000,Alternating current - 50 Hz / 25 000 V,SK,Slovakia,2004,737,
AC25000,Alternating current - 50 Hz / 25 000 V,SK,Slovakia,2005,737,
AC25000,Alternating current - 50 Hz / 25 000 V,SK,Slovakia,2006,759,
AC25000,Alternating current - 50 Hz / 25 000 V,SK,Slovakia,2007,759,
AC25000,Alternating current - 50 Hz / 25 000 V,SK,Slovakia,2008,761,
AC25000,Alternating current - 50 Hz / 25 000 V,SK,Slovakia,2009,761,
AC25000,Alternating current - 50 Hz / 25 000 V,SK,Slovakia,2010,761,
AC25000,Alternating current - 50 Hz / 25 000 V,SK,Slovakia,2011,757,
AC25000,Alternating current - 50 Hz / 25 000 V,SK,Slovakia,2012,754,
AC25000,Alternating current - 50 Hz / 25 000 V,SK,Slovakia,2013,757,
AC25000,Alternating current - 50 Hz / 25 000 V,SK,Slovakia,2014,757,
AC25000,Alternating current - 50 Hz / 25 000 V,SK,Slovakia,2015,761,
AC25000,Alternating current - 50 Hz / 25 000 V,SK,Slovakia,2016,761,
AC25000,Alternating current - 50 Hz / 25 000 V,SK,Slovakia,2017,761,
AC25000,Alternating current - 50 Hz / 25 000 V,SK,Slovakia,2018,761,
AC25000,Alternating current - 50 Hz / 25 000 V,SK,Slovakia,2019,761,
AC25000,Alternating current - 50 Hz / 25 000 V,SK,Slovakia,2020,761,
AC25000,Alternating current - 50 Hz / 25 000 V,SK,Slovakia,2021,761,
AC25000,Alternating current - 50 Hz / 25 000 V,SK,Slovakia,2022,761,
AC25000,Alternating current - 50 Hz / 25 000 V,SK,Slovakia,2023,761,
AC25000,Alternating current - 50 Hz / 25 000 V,SK,Slovakia,2024,784,
AC25000,Alternating current - 50 Hz / 25 000 V,TR,Türkiye,1990,603,
AC25000,Alternating current - 50 Hz / 25 000 V,TR,Türkiye,1991,667,
AC25000,Alternating current - 50 Hz / 25 000 V,TR,Türkiye,1992,905,
AC25000,Alternating current - 50 Hz / 25 000 V,TR,Türkiye,1993,905,
AC25000,Alternating current - 50 Hz / 25 000 V,TR,Türkiye,1994,1093,
AC25000,Alternating current - 50 Hz / 25 000 V,TR,Türkiye,1995,1093,
AC25000,Alternating current - 50 Hz / 25 000 V,TR,Türkiye,1996,1400,
AC25000,Alternating current - 50 Hz / 25 000 V,TR,Türkiye,1997,1706,
AC25000,Alternating current - 50 Hz / 25 000 V,TR,Türkiye,1998,1706,
AC25000,Alternating current - 50 Hz / 25 000 V,TR,Türkiye,1999,1763,
AC25000,Alternating current - 50 Hz / 25 000 V,TR,Türkiye,2000,1752,
AC25000,Alternating current - 50 Hz / 25 000 V,TR,Türkiye,2001,1752,
AC25000,Alternating current - 50 Hz / 25 000 V,TR,Türkiye,2002,1752,
AC25000,Alternating current - 50 Hz / 25 000 V,TR,Türkiye,2003,1752,
AC25000,Alternating current - 50 Hz / 25 000 V,TR,Türkiye,2004,1920,
AC25000,Alternating current - 50 Hz / 25 000 V,TR,Türkiye,2005,1920,
AC25000,Alternating current - 50 Hz / 25 000 V,TR,Türkiye,2006,1920,
AC25000,Alternating current - 50 Hz / 25 000 V,TR,Türkiye,2007,1920,
AC25000,Alternating current - 50 Hz / 25 000 V,TR,Türkiye,2008,1928,
AC25000,Alternating current - 50 Hz / 25 000 V,TR,Türkiye,2009,2313,
AC25000,Alternating current - 50 Hz / 25 000 V,TR,Türkiye,2010,2791,
AC25000,Alternating current - 50 Hz / 25 000 V,TR,Türkiye,2011,2789,
AC25000,Alternating current - 50 Hz / 25 000 V,TR,Türkiye,2012,2840,
AC25000,Alternating current - 50 Hz / 25 000 V,TR,Türkiye,2013,2922,
AC25000,Alternating current - 50 Hz / 25 000 V,TR,Türkiye,2014,3330,
AC25000,Alternating current - 50 Hz / 25 000 V,TR,Türkiye,2015,3423,
AC25000,Alternating current - 50 Hz / 25 000 V,TR,Türkiye,2016,3856,
AC25000,Alternating current - 50 Hz / 25 000 V,TR,Türkiye,2017,4165,
AC25000,Alternating current - 50 Hz / 25 000 V,TR,Türkiye,2018,4784,
AC25000,Alternating current - 50 Hz / 25 000 V,TR,Türkiye,2019,5070,
AC25000,Alternating current - 50 Hz / 25 000 V,TR,Türkiye,2020,5145,i
AC25000,Alternating current - 50 Hz / 25 000 V,TR,Türkiye,2021,5377,
AC25000,Alternating current - 50 Hz / 25 000 V,TR,Türkiye,2022,5597,i
AC25000,Alternating current - 50 Hz / 25 000 V,TR,Türkiye,2023,6454,
AC25000,Alternating current - 50 Hz / 25 000 V,TR,Türkiye,2024,6570,
AC25000,Alternating current - 50 Hz / 25 000 V,UA,Ukraine,1992,3779,
AC25000,Alternating current - 50 Hz / 25 000 V,UA,Ukraine,1993,3779,
AC25000,Alternating current - 50 Hz / 25 000 V,UA,Ukraine,1994,3926,
AC25000,Alternating current - 50 Hz / 25 000 V,UA,Ukraine,1995,3926,
AC25000,Alternating current - 50 Hz / 25 000 V,UA,Ukraine,1996,4009,
AC25000,Alternating current - 50 Hz / 25 000 V,UA,Ukraine,1997,4157,
AC25000,Alternating current - 50 Hz / 25 000 V,UA,Ukraine,1998,4310,
AC25000,Alternating current - 50 Hz / 25 000 V,UA,Ukraine,1999,4423,
AC25000,Alternating current - 50 Hz / 25 000 V,UA,Ukraine,2020,4927,i
AC25000,Alternating current - 50 Hz / 25 000 V,UK,United Kingdom,1990,2954,
AC25000,Alternating current - 50 Hz / 25 000 V,UK,United Kingdom,1991,2527,
AC25000,Alternating current - 50 Hz / 25 000 V,UK,United Kingdom,1992,2951,
AC25000,Alternating current - 50 Hz / 25 000 V,UK,United Kingdom,1993,3011,
AC25000,Alternating current - 50 Hz / 25 000 V,UK,United Kingdom,1994,3036,
AC25000,Alternating current - 50 Hz / 25 000 V,UK,United Kingdom,2010,3344,
AC25000,Alternating current - 50 Hz / 25 000 V,UK,United Kingdom,2012,3506,
AC25000,Alternating current - 50 Hz / 25 000 V,UK,United Kingdom,2013,3517,
AC25000,Alternating current - 50 Hz / 25 000 V,UK,United Kingdom,2014,3436,
AC25000,Alternating current - 50 Hz / 25 000 V,UK,United Kingdom,2015,3588,
AC25000,Alternating current - 50 Hz / 25 000 V,XK,Kosovo*,2017,0,
AC25000,Alternating current - 50 Hz / 25 000 V,XK,Kosovo*,2018,0,
AC25000,Alternating current - 50 Hz / 25 000 V,XK,Kosovo*,2019,0,
AC25000,Alternating current - 50 Hz / 25 000 V,XK,Kosovo*,2020,0,
AC25000,Alternating current - 50 Hz / 25 000 V,XK,Kosovo*,2021,0,
AC25000,Alternating current - 50 Hz / 25 000 V,XK,Kosovo*,2022,0,
AC25000,Alternating current - 50 Hz / 25 000 V,XK,Kosovo*,2023,0,i
AC25000,Alternating current - 50 Hz / 25 000 V,XK,Kosovo*,2024,0,i
AC_OTH,Alternating current - other,AL,Albania,1990,0,
AC_OTH,Alternating current - other,AL,Albania,1991,0,
AC_OTH,Alternating current - other,AL,Albania,1992,0,
AC_OTH,Alternating current - other,AL,Albania,1993,0,
AC_OTH,Alternating current - other,AL,Albania,1994,0,
AC_OTH,Alternating current - other,AL,Albania,1995,0,
AC_OTH,Alternating current - other,AL,Albania,1996,0,
AC_OTH,Alternating current - other,AL,Albania,1997,0,
AC_OTH,Alternating current - other,AL,Albania,1998,0,
AC_OTH,Alternating current - other,AL,Albania,1999,0,
AC_OTH,Alternating current - other,AL,Albania,2000,0,
AC_OTH,Alternating current - other,AL,Albania,2003,0,
AC_OTH,Alternating current - other,AL,Albania,2004,0,
AC_OTH,Alternating current - other,AL,Albania,2005,0,
AC_OTH,Alternating current - other,AL,Albania,2006,0,
AC_OTH,Alternating current - other,AL,Albania,2007,0,
AC_OTH,Alternating current - other,AL,Albania,2008,0,
AC_OTH,Alternating current - other,AL,Albania,2009,0,
AC_OTH,Alternating current - other,AL,Albania,2010,0,
AC_OTH,Alternating current - other,AL,Albania,2011,0,
AC_OTH,Alternating current - other,AL,Albania,2012,0,
AC_OTH,Alternating current - other,AL,Albania,2013,0,
AC_OTH,Alternating current - other,AL,Albania,2014,0,
AC_OTH,Alternating current - other,AL,Albania,2015,0,
AC_OTH,Alternating current - other,AL,Albania,2016,0,
AC_OTH,Alternating current - other,AL,Albania,2017,0,
AC_OTH,Alternating current - other,AL,Albania,2018,0,
AC_OTH,Alternating current - other,AL,Albania,2019,0,
AC_OTH,Alternating current - other,AL,Albania,2020,0,
AC_OTH,Alternating current - other,AL,Albania,2021,0,
AC_OTH,Alternating current - other,AL,Albania,2022,0,
AC_OTH,Alternating current - other,AL,Albania,2023,0,
AC_OTH,Alternating current - other,AL,Albania,2024,0,
AC_OTH,Alternating current - other,AT,Austria,1990,84,
AC_OTH,Alternating current - other,AT,Austria,1991,84,
AC_OTH,Alternating current - other,AT,Austria,1992,84,
AC_OTH,Alternating current - other,AT,Austria,1993,84,
AC_OTH,Alternating current - other,AT,Austria,1994,84,
AC_OTH,Alternating current - other,AT,Austria,1995,84,
AC_OTH,Alternating current - other,AT,Austria,1996,84,
AC_OTH,Alternating current - other,AT,Austria,1997,84,
AC_OTH,Alternating current - other,AT,Austria,1998,84,
AC_OTH,Alternating current - other,AT,Austria,1999,84,
AC_OTH,Alternating current - other,AT,Austria,2000,84,
AC_OTH,Alternating current - other,AT,Austria,2001,84,
AC_OTH,Alternating current - other,AT,Austria,2007,84,
AC_OTH,Alternating current - other,AT,Austria,2008,84,i
AC_OTH,Alternating current - other,AT,Austria,2009,84,i
AC_OTH,Alternating current - other,AT,Austria,2010,84,
AC_OTH,Alternating current - other,AT,Austria,2011,85,
AC_OTH,Alternating current - other,AT,Austria,2012,84,
AC_OTH,Alternating current - other,AT,Austria,2013,84,
AC_OTH,Alternating current - other,AT,Austria,2014,84,
AC_OTH,Alternating current - other,AT,Austria,2015,84,
AC_OTH,Alternating current - other,AT,Austria,2016,84,
AC_OTH,Alternating current - other,AT,Austria,2017,84,
AC_OTH,Alternating current - other,AT,Austria,2018,84,
AC_OTH,Alternating current - other,AT,Austria,2019,84,
AC_OTH,Alternating current - other,AT,Austria,2020,84,
AC_OTH,Alternating current - other,AT,Austria,2021,84,
AC_OTH,Alternating current - other,AT,Austria,2022,84,
AC_OTH,Alternating current - other,AT,Austria,2023,84,
AC_OTH,Alternating current - other,AT,Austria,2024,84.2,
AC_OTH,Alternating current - other,BA,Bosnia and Herzegovina,1990,0,
AC_OTH,Alternating current - other,BA,Bosnia and Herzegovina,1991,0,
AC_OTH,Alternating current - other,BA,Bosnia and Herzegovina,1992,0,
AC_OTH,Alternating current - other,BA,Bosnia and Herzegovina,1993,0,
AC_OTH,Alternating current - other,BA,Bosnia and Herzegovina,1994,0,
AC_OTH,Alternating current - other,BA,Bosnia and Herzegovina,1995,0,
AC_OTH,Alternating current - other,BA,Bosnia and Herzegovina,1996,0,
AC_OTH,Alternating current - other,BA,Bosnia and Herzegovina,1997,0,
AC_OTH,Alternating current - other,BA,Bosnia and Herzegovina,1998,0,
AC_OTH,Alternating current - other,BA,Bosnia and Herzegovina,1999,0,
AC_OTH,Alternating current - other,BA,Bosnia and Herzegovina,2000,0,
AC_OTH,Alternating current - other,BA,Bosnia and Herzegovina,2001,0,
AC_OTH,Alternating current - other,BA,Bosnia and Herzegovina,2002,0,
AC_OTH,Alternating current - other,BA,Bosnia and Herzegovina,2003,0,
AC_OTH,Alternating current - other,BA,Bosnia and Herzegovina,2004,0,
AC_OTH,Alternating current - other,BA,Bosnia and Herzegovina,2005,0,
AC_OTH,Alternating current - other,BA,Bosnia and Herzegovina,2006,0,
AC_OTH,Alternating current - other,BA,Bosnia and Herzegovina,2007,0,
AC_OTH,Alternating current - other,BA,Bosnia and Herzegovina,2008,0,
AC_OTH,Alternating current - other,BA,Bosnia and Herzegovina,2009,0,
AC_OTH,Alternating current - other,BA,Bosnia and Herzegovina,2010,0,
AC_OTH,Alternating current - other,BA,Bosnia and Herzegovina,2011,0,
AC_OTH,Alternating current - other,BA,Bosnia and Herzegovina,2012,0,
AC_OTH,Alternating current - other,BA,Bosnia and Herzegovina,2013,0,
AC_OTH,Alternating current - other,BA,Bosnia and Herzegovina,2014,0,
AC_OTH,Alternating current - other,BA,Bosnia and Herzegovina,2015,0,
AC_OTH,Alternating current - other,BA,Bosnia and Herzegovina,2016,0,
AC_OTH,Alternating current - other,BA,Bosnia and Herzegovina,2017,0,
AC_OTH,Alternating current - other,BA,Bosnia and Herzegovina,2018,0,
AC_OTH,Alternating current - other,BA,Bosnia and Herzegovina,2019,0,
AC_OTH,Alternating current - other,BA,Bosnia and Herzegovina,2020,0,
AC_OTH,Alternating current - other,BA,Bosnia and Herzegovina,2021,0,
AC_OTH,Alternating current - other,BA,Bosnia and Herzegovina,2022,0,
AC_OTH,Alternating current - other,BA,Bosnia and Herzegovina,2023,0,
AC_OTH,Alternating current - other,BA,Bosnia and Herzegovina,2024,0,
AC_OTH,Alternating current - other,BE,Belgium,2003,0,
AC_OTH,Alternating current - other,BE,Belgium,2004,0,
AC_OTH,Alternating current - other,BE,Belgium,2005,0,
AC_OTH,Alternating current - other,BE,Belgium,2006,0,
AC_OTH,Alternating current - other,BE,Belgium,2007,0,
AC_OTH,Alternating current - other,BE,Belgium,2008,0,
AC_OTH,Alternating current - other,BE,Belgium,2009,0,
AC_OTH,Alternating current - other,BE,Belgium,2010,0,
AC_OTH,Alternating current - other,BE,Belgium,2011,0,
AC_OTH,Alternating current - other,BE,Belgium,2012,0,
AC_OTH,Alternating current - other,BE,Belgium,2013,0,
AC_OTH,Alternating current - other,BE,Belgium,2014,0,
AC_OTH,Alternating current - other,BE,Belgium,2015,0,
AC_OTH,Alternating current - other,BE,Belgium,2016,0,
AC_OTH,Alternating current - other,BE,Belgium,2017,0,
AC_OTH,Alternating current - other,BE,Belgium,2018,0,
AC_OTH,Alternating current - other,BE,Belgium,2019,0,
AC_OTH,Alternating current - other,BE,Belgium,2020,0,i
AC_OTH,Alternating current - other,BE,Belgium,2021,0,i
AC_OTH,Alternating current - other,BE,Belgium,2022,0,i
AC_OTH,Alternating current - other,BE,Belgium,2023,0,i
AC_OTH,Alternating current - other,BE,Belgium,2024,0,
AC_OTH,Alternating current - other,BG,Bulgaria,1990,0,
AC_OTH,Alternating current - other,BG,Bulgaria,1991,0,
AC_OTH,Alternating current - other,BG,Bulgaria,2008,0,
AC_OTH,Alternating current - other,BG,Bulgaria,2009,0,
AC_OTH,Alternating current - other,BG,Bulgaria,2010,0,
AC_OTH,Alternating current - other,BG,Bulgaria,2011,0,
AC_OTH,Alternating current - other,BG,Bulgaria,2012,0,
AC_OTH,Alternating current - other,BG,Bulgaria,2013,0,
AC_OTH,Alternating current - other,BG,Bulgaria,2014,0,
AC_OTH,Alternating current - other,BG,Bulgaria,2015,0,
AC_OTH,Alternating current - other,BG,Bulgaria,2016,0,
AC_OTH,Alternating current - other,BG,Bulgaria,2017,0,
AC_OTH,Alternating current - other,BG,Bulgaria,2018,0,
AC_OTH,Alternating current - other,BG,Bulgaria,2019,0,
AC_OTH,Alternating current - other,BG,Bulgaria,2020,0,
AC_OTH,Alternating current - other,BG,Bulgaria,2021,0,
AC_OTH,Alternating current - other,BG,Bulgaria,2022,0,
AC_OTH,Alternating current - other,BG,Bulgaria,2023,0,
AC_OTH,Alternating current - other,BG,Bulgaria,2024,0,
AC_OTH,Alternating current - other,CH,Switzerland,1990,0,i
AC_OTH,Alternating current - other,CH,Switzerland,1991,0,i
AC_OTH,Alternating current - other,CH,Switzerland,1992,0,i
AC_OTH,Alternating current - other,CH,Switzerland,1993,0,i
AC_OTH,Alternating current - other,CH,Switzerland,1994,0,i
AC_OTH,Alternating current - other,CH,Switzerland,1995,0,i
AC_OTH,Alternating current - other,CH,Switzerland,1996,0,i
AC_OTH,Alternating current - other,CH,Switzerland,1997,0,i
AC_OTH,Alternating current - other,CH,Switzerland,1998,0,i
AC_OTH,Alternating current - other,CH,Switzerland,1999,0,i
AC_OTH,Alternating current - other,CH,Switzerland,2000,0,i
AC_OTH,Alternating current - other,CH,Switzerland,2001,0,i
AC_OTH,Alternating current - other,CH,Switzerland,2002,0,i
AC_OTH,Alternating current - other,CH,Switzerland,2003,0,i
AC_OTH,Alternating current - other,CH,Switzerland,2004,0,i
AC_OTH,Alternating current - other,CH,Switzerland,2005,0,i
AC_OTH,Alternating current - other,CH,Switzerland,2006,0,i
AC_OTH,Alternating current - other,CH,Switzerland,2007,0,i
AC_OTH,Alternating current - other,CH,Switzerland,2008,0,i
AC_OTH,Alternating current - other,CH,Switzerland,2009,0,i
AC_OTH,Alternating current - other,CH,Switzerland,2010,0,i
AC_OTH,Alternating current - other,CH,Switzerland,2011,0,i
AC_OTH,Alternating current - other,CH,Switzerland,2012,0,i
AC_OTH,Alternating current - other,CH,Switzerland,2013,0,i
AC_OTH,Alternating current - other,CH,Switzerland,2014,0,i
AC_OTH,Alternating current - other,CH,Switzerland,2015,0,i
AC_OTH,Alternating current - other,CH,Switzerland,2016,0,i
AC_OTH,Alternating current - other,CH,Switzerland,2017,0,i
AC_OTH,Alternating current - other,CH,Switzerland,2018,0,i
AC_OTH,Alternating current - other,CH,Switzerland,2019,0,i
AC_OTH,Alternating current - other,CH,Switzerland,2020,0,i
AC_OTH,Alternating current - other,CH,Switzerland,2021,0,i
AC_OTH,Alternating current - other,CH,Switzerland,2022,0,i
AC_OTH,Alternating current - other,CH,Switzerland,2023,0,i
AC_OTH,Alternating current - other,CH,Switzerland,2024,0,i
AC_OTH,Alternating current - other,CZ,Czechia,1993,0,
AC_OTH,Alternating current - other,CZ,Czechia,1994,0,
AC_OTH,Alternating current - other,CZ,Czechia,1995,0,
AC_OTH,Alternating current - other,CZ,Czechia,1996,0,
AC_OTH,Alternating current - other,CZ,Czechia,1997,0,
AC_OTH,Alternating current - other,CZ,Czechia,1998,0,
AC_OTH,Alternating current - other,CZ,Czechia,1999,0,
AC_OTH,Alternating current - other,CZ,Czechia,2000,0,
AC_OTH,Alternating current - other,CZ,Czechia,2001,0,
AC_OTH,Alternating current - other,CZ,Czechia,2002,0,
AC_OTH,Alternating current - other,CZ,Czechia,2003,0,
AC_OTH,Alternating current - other,CZ,Czechia,2004,0,
AC_OTH,Alternating current - other,CZ,Czechia,2005,0,
AC_OTH,Alternating current - other,CZ,Czechia,2006,0,
AC_OTH,Alternating current - other,CZ,Czechia,2007,0,
AC_OTH,Alternating current - other,CZ,Czechia,2008,0,
AC_OTH,Alternating current - other,CZ,Czechia,2009,0,
AC_OTH,Alternating current - other,CZ,Czechia,2010,0,
AC_OTH,Alternating current - other,CZ,Czechia,2011,0,
AC_OTH,Alternating current - other,CZ,Czechia,2012,0,
AC_OTH,Alternating current - other,CZ,Czechia,2013,0,
AC_OTH,Alternating current - other,CZ,Czechia,2014,0,
AC_OTH,Alternating current - other,CZ,Czechia,2015,0,
AC_OTH,Alternating current - other,CZ,Czechia,2016,0,
AC_OTH,Alternating current - other,CZ,Czechia,2017,0,
AC_OTH,Alternating current - other,CZ,Czechia,2018,0,
AC_OTH,Alternating current - other,CZ,Czechia,2019,0,
AC_OTH,Alternating current - other,CZ,Czechia,2020,0,
AC_OTH,Alternating current - other,CZ,Czechia,2021,0,
AC_OTH,Alternating current - other,CZ,Czechia,2022,0,
AC_OTH,Alternating current - other,CZ,Czechia,2023,0,
AC_OTH,Alternating current - other,CZ,Czechia,2024,0,
AC_OTH,Alternating current - other,DE,Germany,2008,0,i
AC_OTH,Alternating current - other,DE,Germany,2009,0,i
AC_OTH,Alternating current - other,DE,Germany,2010,0,i
AC_OTH,Alternating current - other,DE,Germany,2011,0,i
AC_OTH,Alternating current - other,DE,Germany,2012,0,i
AC_OTH,Alternating current - other,DE,Germany,2013,0,i
AC_OTH,Alternating current - other,DE,Germany,2014,0,i
AC_OTH,Alternating current - other,DE,Germany,2015,0,i
AC_OTH,Alternating current - other,DE,Germany,2016,0,i
AC_OTH,Alternating current - other,DE,Germany,2017,0,i
AC_OTH,Alternating current - other,DE,Germany,2018,0,i
AC_OTH,Alternating current - other,DE,Germany,2019,0,i
AC_OTH,Alternating current - other,DE,Germany,2020,0,i
AC_OTH,Alternating current - other,DE,Germany,2021,0,i
AC_OTH,Alternating current - other,DK,Denmark,1990,0,i
AC_OTH,Alternating current - other,DK,Denmark,1991,0,i
AC_OTH,Alternating current - other,DK,Denmark,1992,0,i
AC_OTH,Alternating current - other,DK,Denmark,1993,0,i
AC_OTH,Alternating current - other,DK,Denmark,1994,0,i
AC_OTH,Alternating current - other,DK,Denmark,1995,0,i
AC_OTH,Alternating current - other,DK,Denmark,1996,0,i
AC_OTH,Alternating current - other,DK,Denmark,1997,0,i
AC_OTH,Alternating current - other,DK,Denmark,1998,0,i
AC_OTH,Alternating current - other,DK,Denmark,1999,0,i
AC_OTH,Alternating current - other,DK,Denmark,2000,0,i
AC_OTH,Alternating current - other,DK,Denmark,2001,0,i
AC_OTH,Alternating current - other,DK,Denmark,2002,0,i
AC_OTH,Alternating current - other,DK,Denmark,2003,0,i
AC_OTH,Alternating current - other,DK,Denmark,2004,0,i
AC_OTH,Alternating current - other,DK,Denmark,2005,0,i
AC_OTH,Alternating current - other,DK,Denmark,2006,0,i
AC_OTH,Alternating current - other,DK,Denmark,2007,0,i
AC_OTH,Alternating current - other,DK,Denmark,2008,0,i
AC_OTH,Alternating current - other,DK,Denmark,2009,0,i
AC_OTH,Alternating current - other,DK,Denmark,2010,0,i
AC_OTH,Alternating current - other,DK,Denmark,2011,0,i
AC_OTH,Alternating current - other,DK,Denmark,2012,0,i
AC_OTH,Alternating current - other,DK,Denmark,2013,0,
AC_OTH,Alternating current - other,DK,Denmark,2014,0,
AC_OTH,Alternating current - other,DK,Denmark,2015,0,
AC_OTH,Alternating current - other,DK,Denmark,2016,0,
AC_OTH,Alternating current - other,DK,Denmark,2017,0,
AC_OTH,Alternating current - other,DK,Denmark,2018,0,
AC_OTH,Alternating current - other,DK,Denmark,2019,0,
AC_OTH,Alternating current - other,DK,Denmark,2020,0,
AC_OTH,Alternating current - other,DK,Denmark,2021,0,
AC_OTH,Alternating current - other,DK,Denmark,2022,0,
AC_OTH,Alternating current - other,DK,Denmark,2023,0,
AC_OTH,Alternating current - other,DK,Denmark,2024,0,
AC_OTH,Alternating current - other,EE,Estonia,1990,0,
AC_OTH,Alternating current - other,EE,Estonia,1991,0,
AC_OTH,Alternating current - other,EE,Estonia,1992,0,
AC_OTH,Alternating current - other,EE,Estonia,1993,0,
AC_OTH,Alternating current - other,EE,Estonia,1994,0,
AC_OTH,Alternating current - other,EE,Estonia,1995,0,
AC_OTH,Alternating current - other,EE,Estonia,1996,0,
AC_OTH,Alternating current - other,EE,Estonia,1997,0,
AC_OTH,Alternating current - other,EE,Estonia,1998,0,
AC_OTH,Alternating current - other,EE,Estonia,1999,0,
AC_OTH,Alternating current - other,EE,Estonia,2000,0,
AC_OTH,Alternating current - other,EE,Estonia,2001,0,
AC_OTH,Alternating current - other,EE,Estonia,2002,0,
AC_OTH,Alternating current - other,EE,Estonia,2003,0,
AC_OTH,Alternating current - other,EE,Estonia,2004,0,
AC_OTH,Alternating current - other,EE,Estonia,2005,0,
AC_OTH,Alternating current - other,EE,Estonia,2006,0,
AC_OTH,Alternating current - other,EE,Estonia,2007,0,
AC_OTH,Alternating current - other,EE,Estonia,2008,0,
AC_OTH,Alternating current - other,EE,Estonia,2009,0,
AC_OTH,Alternating current - other,EE,Estonia,2010,0,
AC_OTH,Alternating current - other,EE,Estonia,2011,0,
AC_OTH,Alternating current - other,EE,Estonia,2012,0,
AC_OTH,Alternating current - other,EE,Estonia,2013,0,
AC_OTH,Alternating current - other,EE,Estonia,2014,0,
AC_OTH,Alternating current - other,EE,Estonia,2015,0,
AC_OTH,Alternating current - other,EE,Estonia,2016,0,
AC_OTH,Alternating current - other,EE,Estonia,2017,0,
AC_OTH,Alternating current - other,EE,Estonia,2018,0,
AC_OTH,Alternating current - other,EE,Estonia,2019,0,
AC_OTH,Alternating current - other,EE,Estonia,2020,0,
AC_OTH,Alternating current - other,EE,Estonia,2021,0,
AC_OTH,Alternating current - other,EE,Estonia,2022,0,
AC_OTH,Alternating current - other,EE,Estonia,2023,0,
AC_OTH,Alternating current - other,EE,Estonia,2024,0,
AC_OTH,Alternating current - other,EL,Greece,1990,0,
AC_OTH,Alternating current - other,EL,Greece,1991,0,
AC_OTH,Alternating current - other,EL,Greece,1992,0,
AC_OTH,Alternating current - other,EL,Greece,1993,0,
AC_OTH,Alternating current - other,EL,Greece,1994,0,
AC_OTH,Alternating current - other,EL,Greece,1995,0,
AC_OTH,Alternating current - other,EL,Greece,1996,0,
AC_OTH,Alternating current - other,EL,Greece,1997,0,
AC_OTH,Alternating current - other,EL,Greece,1998,0,
AC_OTH,Alternating current - other,EL,Greece,1999,0,
AC_OTH,Alternating current - other,EL,Greece,2000,0,
AC_OTH,Alternating current - other,EL,Greece,2001,0,
AC_OTH,Alternating current - other,EL,Greece,2002,0,
AC_OTH,Alternating current - other,EL,Greece,2003,0,
AC_OTH,Alternating current - other,EL,Greece,2004,0,
AC_OTH,Alternating current - other,EL,Greece,2005,0,
AC_OTH,Alternating current - other,EL,Greece,2006,0,
AC_OTH,Alternating current - other,EL,Greece,2007,0,
AC_OTH,Alternating current - other,EL,Greece,2008,0,
AC_OTH,Alternating current - other,EL,Greece,2009,0,
AC_OTH,Alternating current - other,EL,Greece,2010,0,
AC_OTH,Alternating current - other,EL,Greece,2011,0,
AC_OTH,Alternating current - other,EL,Greece,2012,0,
AC_OTH,Alternating current - other,EL,Greece,2013,0,
AC_OTH,Alternating current - other,EL,Greece,2014,0,
AC_OTH,Alternating current - other,EL,Greece,2015,0,
AC_OTH,Alternating current - other,EL,Greece,2016,0,
AC_OTH,Alternating current - other,EL,Greece,2017,0,
AC_OTH,Alternating current - other,EL,Greece,2018,0,
AC_OTH,Alternating current - other,EL,Greece,2019,0,
AC_OTH,Alternating current - other,EL,Greece,2020,0,
AC_OTH,Alternating current - other,EL,Greece,2021,0,
AC_OTH,Alternating current - other,EL,Greece,2022,0,
AC_OTH,Alternating current - other,EL,Greece,2023,0,
AC_OTH,Alternating current - other,EL,Greece,2024,0,
AC_OTH,Alternating current - other,ES,Spain,1990,0,
AC_OTH,Alternating current - other,ES,Spain,1991,0,
AC_OTH,Alternating current - other,ES,Spain,1992,0,
AC_OTH,Alternating current - other,ES,Spain,1993,0,
AC_OTH,Alternating current - other,ES,Spain,1994,0,
AC_OTH,Alternating current - other,ES,Spain,1995,0,
AC_OTH,Alternating current - other,ES,Spain,1996,0,
AC_OTH,Alternating current - other,ES,Spain,1997,0,
AC_OTH,Alternating current - other,ES,Spain,1998,0,
AC_OTH,Alternating current - other,ES,Spain,1999,0,
AC_OTH,Alternating current - other,ES,Spain,2000,0,
AC_OTH,Alternating current - other,ES,Spain,2001,0,
AC_OTH,Alternating current - other,ES,Spain,2002,0,
AC_OTH,Alternating current - other,ES,Spain,2003,0,
AC_OTH,Alternating current - other,ES,Spain,2004,0,
AC_OTH,Alternating current - other,ES,Spain,2005,0,
AC_OTH,Alternating current - other,ES,Spain,2006,0,
AC_OTH,Alternating current - other,ES,Spain,2007,0,
AC_OTH,Alternating current - other,ES,Spain,2008,0,
AC_OTH,Alternating current - other,ES,Spain,2009,0,
AC_OTH,Alternating current - other,ES,Spain,2010,0,
AC_OTH,Alternating current - other,ES,Spain,2011,0,
AC_OTH,Alternating current - other,ES,Spain,2012,0,
AC_OTH,Alternating current - other,ES,Spain,2013,0,
AC_OTH,Alternating current - other,ES,Spain,2014,0,
AC_OTH,Alternating current - other,ES,Spain,2015,0,
AC_OTH,Alternating current - other,ES,Spain,2016,0,
AC_OTH,Alternating current - other,ES,Spain,2017,0,
AC_OTH,Alternating current - other,ES,Spain,2018,0,
AC_OTH,Alternating current - other,ES,Spain,2019,0,
AC_OTH,Alternating current - other,ES,Spain,2020,0,
AC_OTH,Alternating current - other,ES,Spain,2021,0,
AC_OTH,Alternating current - other,ES,Spain,2022,0,
AC_OTH,Alternating current - other,ES,Spain,2023,0,
AC_OTH,Alternating current - other,ES,Spain,2024,0,
AC_OTH,Alternating current - other,EU27_2020,European Union - 27 countries (from 2020),2008,84,
AC_OTH,Alternating current - other,EU27_2020,European Union - 27 countries (from 2020),2009,84,
AC_OTH,Alternating current - other,EU27_2020,European Union - 27 countries (from 2020),2010,84,
AC_OTH,Alternating current - other,EU27_2020,European Union - 27 countries (from 2020),2012,84,
AC_OTH,Alternating current - other,EU27_2020,European Union - 27 countries (from 2020),2013,84,
AC_OTH,Alternating current - other,EU27_2020,European Union - 27 countries (from 2020),2015,84,
AC_OTH,Alternating current - other,EU27_2020,European Union - 27 countries (from 2020),2016,84,
AC_OTH,Alternating current - other,EU27_2020,European Union - 27 countries (from 2020),2017,84,
AC_OTH,Alternating current - other,EU27_2020,European Union - 27 countries (from 2020),2018,84,
AC_OTH,Alternating current - other,EU27_2020,European Union - 27 countries (from 2020),2019,84,
AC_OTH,Alternating current - other,EU27_2020,European Union - 27 countries (from 2020),2020,84,
AC_OTH,Alternating current - other,EU27_2020,European Union - 27 countries (from 2020),2021,84,
AC_OTH,Alternating current - other,EU27_2020,European Union - 27 countries (from 2020),2022,84,
AC_OTH,Alternating current - other,EU27_2020,European Union - 27 countries (from 2020),2023,84,
AC_OTH,Alternating current - other,EU27_2020,European Union - 27 countries (from 2020),2024,84.2,
AC_OTH,Alternating current - other,FI,Finland,2008,0,
AC_OTH,Alternating current - other,FI,Finland,2009,0,
AC_OTH,Alternating current - other,FI,Finland,2010,0,
AC_OTH,Alternating current - other,FI,Finland,2012,0,
AC_OTH,Alternating current - other,FI,Finland,2013,0,
AC_OTH,Alternating current - other,FI,Finland,2014,0,
AC_OTH,Alternating current - other,FI,Finland,2015,0,b
AC_OTH,Alternating current - other,FI,Finland,2016,0,
AC_OTH,Alternating current - other,FI,Finland,2017,0,
AC_OTH,Alternating current - other,FI,Finland,2018,0,
AC_OTH,Alternating current - other,FI,Finland,2019,0,
AC_OTH,Alternating current - other,FI,Finland,2020,0,
AC_OTH,Alternating current - other,FI,Finland,2021,0,
AC_OTH,Alternating current - other,FI,Finland,2022,0,
AC_OTH,Alternating current - other,FI,Finland,2023,0,
AC_OTH,Alternating current - other,FI,Finland,2024,0,
AC_OTH,Alternating current - other,FR,France,1999,12,
AC_OTH,Alternating current - other,FR,France,2008,0,
AC_OTH,Alternating current - other,FR,France,2009,0,
AC_OTH,Alternating current - other,FR,France,2010,0,
AC_OTH,Alternating current - other,FR,France,2011,0,
AC_OTH,Alternating current - other,FR,France,2012,0,
AC_OTH,Alternating current - other,FR,France,2013,0,
AC_OTH,Alternating current - other,FR,France,2014,0,
AC_OTH,Alternating current - other,FR,France,2015,0,
AC_OTH,Alternating current - other,FR,France,2016,0,
AC_OTH,Alternating current - other,FR,France,2017,0,
AC_OTH,Alternating current - other,FR,France,2018,0,
AC_OTH,Alternating current - other,FR,France,2019,0,
AC_OTH,Alternating current - other,FR,France,2020,0,
AC_OTH,Alternating current - other,FR,France,2021,0,
AC_OTH,Alternating current - other,FR,France,2022,0,
AC_OTH,Alternating current - other,FR,France,2023,0,
AC_OTH,Alternating current - other,FR,France,2024,0,
AC_OTH,Alternating current - other,GE,Georgia,1995,0,
AC_OTH,Alternating current - other,GE,Georgia,1996,0,
AC_OTH,Alternating current - other,GE,Georgia,1997,0,
AC_OTH,Alternating current - other,GE,Georgia,1998,0,
AC_OTH,Alternating current - other,GE,Georgia,1999,0,
AC_OTH,Alternating current - other,GE,Georgia,2012,0,
AC_OTH,Alternating current - other,GE,Georgia,2013,0,
AC_OTH,Alternating current - other,GE,Georgia,2014,0,
AC_OTH,Alternating current - other,GE,Georgia,2015,0,
AC_OTH,Alternating current - other,GE,Georgia,2016,0,
AC_OTH,Alternating current - other,GE,Georgia,2017,0,
AC_OTH,Alternating current - other,GE,Georgia,2018,0,
AC_OTH,Alternating current - other,GE,Georgia,2019,0,
AC_OTH,Alternating current - other,GE,Georgia,2020,0,
AC_OTH,Alternating current - other,GE,Georgia,2021,0,
AC_OTH,Alternating current - other,GE,Georgia,2022,0,
AC_OTH,Alternating current - other,GE,Georgia,2023,0,
AC_OTH,Alternating current - other,GE,Georgia,2024,0,
AC_OTH,Alternating current - other,HR,Croatia,2008,0,
AC_OTH,Alternating current - other,HR,Croatia,2009,0,
AC_OTH,Alternating current - other,HR,Croatia,2010,0,
AC_OTH,Alternating current - other,HR,Croatia,2011,0,
AC_OTH,Alternating current - other,HR,Croatia,2012,0,
AC_OTH,Alternating current - other,HR,Croatia,2013,0,
AC_OTH,Alternating current - other,HR,Croatia,2014,0,
AC_OTH,Alternating current - other,HR,Croatia,2015,0,
AC_OTH,Alternating current - other,HR,Croatia,2016,0,
AC_OTH,Alternating current - other,HR,Croatia,2017,0,
AC_OTH,Alternating current - other,HR,Croatia,2018,0,
AC_OTH,Alternating current - other,HR,Croatia,2019,0,
AC_OTH,Alternating current - other,HR,Croatia,2020,0,
AC_OTH,Alternating current - other,HR,Croatia,2021,0,
AC_OTH,Alternating current - other,HR,Croatia,2022,0,
AC_OTH,Alternating current - other,HR,Croatia,2023,0,
AC_OTH,Alternating current - other,HR,Croatia,2024,0,
AC_OTH,Alternating current - other,HU,Hungary,1990,0,
AC_OTH,Alternating current - other,HU,Hungary,1991,0,
AC_OTH,Alternating current - other,HU,Hungary,1992,0,
AC_OTH,Alternating current - other,HU,Hungary,1993,0,
AC_OTH,Alternating current - other,HU,Hungary,1994,0,
AC_OTH,Alternating current - other,HU,Hungary,1995,0,
AC_OTH,Alternating current - other,HU,Hungary,1996,0,
AC_OTH,Alternating current - other,HU,Hungary,1997,0,
AC_OTH,Alternating current - other,HU,Hungary,1998,0,
AC_OTH,Alternating current - other,HU,Hungary,1999,0,
AC_OTH,Alternating current - other,HU,Hungary,2000,0,
AC_OTH,Alternating current - other,HU,Hungary,2001,0,
AC_OTH,Alternating current - other,HU,Hungary,2002,0,
AC_OTH,Alternating current - other,HU,Hungary,2004,0,
AC_OTH,Alternating current - other,HU,Hungary,2005,0,
AC_OTH,Alternating current - other,HU,Hungary,2006,0,
AC_OTH,Alternating current - other,HU,Hungary,2007,0,
AC_OTH,Alternating current - other,HU,Hungary,2008,0,
AC_OTH,Alternating current - other,HU,Hungary,2009,0,
AC_OTH,Alternating current - other,HU,Hungary,2010,0,
AC_OTH,Alternating current - other,HU,Hungary,2011,0,
AC_OTH,Alternating current - other,HU,Hungary,2012,0,
AC_OTH,Alternating current - other,HU,Hungary,2013,0,
AC_OTH,Alternating current - other,HU,Hungary,2015,0,
AC_OTH,Alternating current - other,HU,Hungary,2016,0,
AC_OTH,Alternating current - other,HU,Hungary,2017,0,
AC_OTH,Alternating current - other,HU,Hungary,2018,0,
AC_OTH,Alternating current - other,HU,Hungary,2019,0,
AC_OTH,Alternating current - other,HU,Hungary,2020,0,
AC_OTH,Alternating current - other,HU,Hungary,2021,0,
AC_OTH,Alternating current - other,HU,Hungary,2022,0,
AC_OTH,Alternating current - other,HU,Hungary,2023,0,
AC_OTH,Alternating current - other,HU,Hungary,2024,0,
AC_OTH,Alternating current - other,IE,Ireland,1990,0,
AC_OTH,Alternating current - other,IE,Ireland,1991,0,
AC_OTH,Alternating current - other,IE,Ireland,1992,0,
AC_OTH,Alternating current - other,IE,Ireland,1993,0,
AC_OTH,Alternating current - other,IE,Ireland,1994,0,
AC_OTH,Alternating current - other,IE,Ireland,1995,0,
AC_OTH,Alternating current - other,IE,Ireland,1996,0,
AC_OTH,Alternating current - other,IE,Ireland,1997,0,
AC_OTH,Alternating current - other,IE,Ireland,1998,0,
AC_OTH,Alternating current - other,IE,Ireland,1999,0,
AC_OTH,Alternating current - other,IE,Ireland,2000,0,
AC_OTH,Alternating current - other,IE,Ireland,2001,0,
AC_OTH,Alternating current - other,IE,Ireland,2002,0,
AC_OTH,Alternating current - other,IE,Ireland,2003,0,
AC_OTH,Alternating current - other,IE,Ireland,2004,0,
AC_OTH,Alternating current - other,IE,Ireland,2005,0,
AC_OTH,Alternating current - other,IE,Ireland,2006,0,
AC_OTH,Alternating current - other,IE,Ireland,2007,0,
AC_OTH,Alternating current - other,IE,Ireland,2008,0,
AC_OTH,Alternating current - other,IE,Ireland,2009,0,
AC_OTH,Alternating current - other,IE,Ireland,2010,0,
AC_OTH,Alternating current - other,IE,Ireland,2011,0,
AC_OTH,Alternating current - other,IE,Ireland,2012,0,
AC_OTH,Alternating current - other,IE,Ireland,2013,0,
AC_OTH,Alternating current - other,IE,Ireland,2014,0,
AC_OTH,Alternating current - other,IE,Ireland,2015,0,
AC_OTH,Alternating current - other,IE,Ireland,2016,0,
AC_OTH,Alternating current - other,IE,Ireland,2017,0,
AC_OTH,Alternating current - other,IE,Ireland,2018,0,
AC_OTH,Alternating current - other,IE,Ireland,2019,0,
AC_OTH,Alternating current - other,IE,Ireland,2020,0,
AC_OTH,Alternating current - other,IE,Ireland,2021,0,
AC_OTH,Alternating current - other,IE,Ireland,2022,0,
AC_OTH,Alternating current - other,IE,Ireland,2023,0,i
AC_OTH,Alternating current - other,IE,Ireland,2024,0,
AC_OTH,Alternating current - other,IT,Italy,1990,0,
AC_OTH,Alternating current - other,IT,Italy,1991,0,
AC_OTH,Alternating current - other,IT,Italy,1992,0,
AC_OTH,Alternating current - other,IT,Italy,1993,0,
AC_OTH,Alternating current - other,IT,Italy,1994,0,
AC_OTH,Alternating current - other,IT,Italy,1995,0,
AC_OTH,Alternating current - other,IT,Italy,1996,0,
AC_OTH,Alternating current - other,IT,Italy,1997,0,
AC_OTH,Alternating current - other,IT,Italy,1998,0,
AC_OTH,Alternating current - other,IT,Italy,1999,0,
AC_OTH,Alternating current - other,IT,Italy,2000,0,
AC_OTH,Alternating current - other,IT,Italy,2001,0,
AC_OTH,Alternating current - other,IT,Italy,2002,0,
AC_OTH,Alternating current - other,IT,Italy,2003,0,
AC_OTH,Alternating current - other,IT,Italy,2004,0,
AC_OTH,Alternating current - other,IT,Italy,2005,0,
AC_OTH,Alternating current - other,IT,Italy,2006,0,
AC_OTH,Alternating current - other,IT,Italy,2007,0,
AC_OTH,Alternating current - other,IT,Italy,2008,0,
AC_OTH,Alternating current - other,IT,Italy,2009,0,
AC_OTH,Alternating current - other,IT,Italy,2010,0,
AC_OTH,Alternating current - other,IT,Italy,2011,0,
AC_OTH,Alternating current - other,IT,Italy,2012,0,
AC_OTH,Alternating current - other,IT,Italy,2013,0,
AC_OTH,Alternating current - other,IT,Italy,2014,0,
AC_OTH,Alternating current - other,IT,Italy,2015,0,
AC_OTH,Alternating current - other,IT,Italy,2016,0,
AC_OTH,Alternating current - other,IT,Italy,2017,0,
AC_OTH,Alternating current - other,IT,Italy,2018,0,
AC_OTH,Alternating current - other,IT,Italy,2019,0,
AC_OTH,Alternating current - other,IT,Italy,2020,0,
AC_OTH,Alternating current - other,IT,Italy,2021,0,
AC_OTH,Alternating current - other,IT,Italy,2022,0,
AC_OTH,Alternating current - other,IT,Italy,2023,0,
AC_OTH,Alternating current - other,IT,Italy,2024,0,
AC_OTH,Alternating current - other,LI,Liechtenstein,2013,0,
AC_OTH,Alternating current - other,LI,Liechtenstein,2014,0,
AC_OTH,Alternating current - other,LI,Liechtenstein,2015,0,
AC_OTH,Alternating current - other,LI,Liechtenstein,2016,0,
AC_OTH,Alternating current - other,LI,Liechtenstein,2017,0,
AC_OTH,Alternating current - other,LI,Liechtenstein,2018,0,
AC_OTH,Alternating current - other,LI,Liechtenstein,2019,0,
AC_OTH,Alternating current - other,LI,Liechtenstein,2020,0,
AC_OTH,Alternating current - other,LI,Liechtenstein,2021,0,
AC_OTH,Alternating current - other,LI,Liechtenstein,2022,0,
AC_OTH,Alternating current - other,LI,Liechtenstein,2023,0,
AC_OTH,Alternating current - other,LI,Liechtenstein,2024,0,
AC_OTH,Alternating current - other,LT,Lithuania,1990,0,
AC_OTH,Alternating current - other,LT,Lithuania,1991,0,
AC_OTH,Alternating current - other,LT,Lithuania,1992,0,
AC_OTH,Alternating current - other,LT,Lithuania,1993,0,
AC_OTH,Alternating current - other,LT,Lithuania,1994,0,
AC_OTH,Alternating current - other,LT,Lithuania,1995,0,
AC_OTH,Alternating current - other,LT,Lithuania,1996,0,
AC_OTH,Alternating current - other,LT,Lithuania,1997,0,
AC_OTH,Alternating current - other,LT,Lithuania,1998,0,
AC_OTH,Alternating current - other,LT,Lithuania,1999,0,
AC_OTH,Alternating current - other,LT,Lithuania,2000,0,
AC_OTH,Alternating current - other,LT,Lithuania,2001,0,
AC_OTH,Alternating current - other,LT,Lithuania,2002,0,
AC_OTH,Alternating current - other,LT,Lithuania,2004,0,
AC_OTH,Alternating current - other,LT,Lithuania,2005,0,
AC_OTH,Alternating current - other,LT,Lithuania,2006,0,
AC_OTH,Alternating current - other,LT,Lithuania,2007,0,
AC_OTH,Alternating current - other,LT,Lithuania,2008,0,
AC_OTH,Alternating current - other,LT,Lithuania,2009,0,
AC_OTH,Alternating current - other,LT,Lithuania,2010,0,
AC_OTH,Alternating current - other,LT,Lithuania,2011,0,
AC_OTH,Alternating current - other,LT,Lithuania,2012,0,
AC_OTH,Alternating current - other,LT,Lithuania,2013,0,
AC_OTH,Alternating current - other,LT,Lithuania,2014,0,
AC_OTH,Alternating current - other,LT,Lithuania,2015,0,
AC_OTH,Alternating current - other,LT,Lithuania,2016,0,
AC_OTH,Alternating current - other,LT,Lithuania,2017,0,
AC_OTH,Alternating current - other,LT,Lithuania,2018,0,
AC_OTH,Alternating current - other,LT,Lithuania,2019,0,
AC_OTH,Alternating current - other,LT,Lithuania,2020,0,
AC_OTH,Alternating current - other,LT,Lithuania,2021,0,
AC_OTH,Alternating current - other,LT,Lithuania,2022,0,
AC_OTH,Alternating current - other,LT,Lithuania,2023,0,
AC_OTH,Alternating current - other,LT,Lithuania,2024,0,
AC_OTH,Alternating current - other,LU,Luxembourg,1990,0,
AC_OTH,Alternating current - other,LU,Luxembourg,1991,0,
AC_OTH,Alternating current - other,LU,Luxembourg,1992,0,
AC_OTH,Alternating current - other,LU,Luxembourg,1993,0,
AC_OTH,Alternating current - other,LU,Luxembourg,1994,0,
AC_OTH,Alternating current - other,LU,Luxembourg,1995,0,
AC_OTH,Alternating current - other,LU,Luxembourg,1996,0,
AC_OTH,Alternating current - other,LU,Luxembourg,1997,0,
AC_OTH,Alternating current - other,LU,Luxembourg,1998,0,
AC_OTH,Alternating current - other,LU,Luxembourg,1999,0,
AC_OTH,Alternating current - other,LU,Luxembourg,2000,0,
AC_OTH,Alternating current - other,LU,Luxembourg,2001,0,
AC_OTH,Alternating current - other,LU,Luxembourg,2002,0,
AC_OTH,Alternating current - other,LU,Luxembourg,2003,0,
AC_OTH,Alternating current - other,LU,Luxembourg,2004,0,
AC_OTH,Alternating current - other,LU,Luxembourg,2005,0,
AC_OTH,Alternating current - other,LU,Luxembourg,2006,0,
AC_OTH,Alternating current - other,LU,Luxembourg,2007,0,
AC_OTH,Alternating current - other,LU,Luxembourg,2008,0,
AC_OTH,Alternating current - other,LU,Luxembourg,2009,0,
AC_OTH,Alternating current - other,LU,Luxembourg,2010,0,
AC_OTH,Alternating current - other,LU,Luxembourg,2011,0,
AC_OTH,Alternating current - other,LU,Luxembourg,2012,0,
AC_OTH,Alternating current - other,LU,Luxembourg,2013,0,
AC_OTH,Alternating current - other,LU,Luxembourg,2014,0,
AC_OTH,Alternating current - other,LU,Luxembourg,2015,0,
AC_OTH,Alternating current - other,LU,Luxembourg,2016,0,
AC_OTH,Alternating current - other,LU,Luxembourg,2017,0,
AC_OTH,Alternating current - other,LU,Luxembourg,2018,0,
AC_OTH,Alternating current - other,LU,Luxembourg,2019,0,
AC_OTH,Alternating current - other,LU,Luxembourg,2020,0,
AC_OTH,Alternating current - other,LU,Luxembourg,2021,0,
AC_OTH,Alternating current - other,LU,Luxembourg,2022,0,
AC_OTH,Alternating current - other,LU,Luxembourg,2023,0,
AC_OTH,Alternating current - other,LU,Luxembourg,2024,0,
AC_OTH,Alternating current - other,LV,Latvia,1990,0,
AC_OTH,Alternating current - other,LV,Latvia,1991,0,
AC_OTH,Alternating current - other,LV,Latvia,1992,0,
AC_OTH,Alternating current - other,LV,Latvia,1993,0,
AC_OTH,Alternating current - other,LV,Latvia,1994,0,
AC_OTH,Alternating current - other,LV,Latvia,1995,0,
AC_OTH,Alternating current - other,LV,Latvia,1996,0,
AC_OTH,Alternating current - other,LV,Latvia,1997,0,
AC_OTH,Alternating current - other,LV,Latvia,1998,0,
AC_OTH,Alternating current - other,LV,Latvia,1999,0,
AC_OTH,Alternating current - other,LV,Latvia,2000,0,
AC_OTH,Alternating current - other,LV,Latvia,2001,0,
AC_OTH,Alternating current - other,LV,Latvia,2002,0,
AC_OTH,Alternating current - other,LV,Latvia,2003,0,
AC_OTH,Alternating current - other,LV,Latvia,2004,0,
AC_OTH,Alternating current - other,LV,Latvia,2005,0,
AC_OTH,Alternating current - other,LV,Latvia,2006,0,
AC_OTH,Alternating current - other,LV,Latvia,2007,0,
AC_OTH,Alternating current - other,LV,Latvia,2008,0,
AC_OTH,Alternating current - other,LV,Latvia,2009,0,
AC_OTH,Alternating current - other,LV,Latvia,2010,0,
AC_OTH,Alternating current - other,LV,Latvia,2011,0,
AC_OTH,Alternating current - other,LV,Latvia,2012,0,
AC_OTH,Alternating current - other,LV,Latvia,2013,0,
AC_OTH,Alternating current - other,LV,Latvia,2014,0,
AC_OTH,Alternating current - other,LV,Latvia,2015,0,
AC_OTH,Alternating current - other,LV,Latvia,2016,0,
AC_OTH,Alternating current - other,LV,Latvia,2017,0,
AC_OTH,Alternating current - other,LV,Latvia,2018,0,
AC_OTH,Alternating current - other,LV,Latvia,2019,0,
AC_OTH,Alternating current - other,LV,Latvia,2020,0,
AC_OTH,Alternating current - other,LV,Latvia,2021,0,
AC_OTH,Alternating current - other,LV,Latvia,2022,0,
AC_OTH,Alternating current - other,LV,Latvia,2023,0,
AC_OTH,Alternating current - other,LV,Latvia,2024,0,
AC_OTH,Alternating current - other,MD,Moldova,1990,0,
AC_OTH,Alternating current - other,MD,Moldova,1991,0,
AC_OTH,Alternating current - other,MD,Moldova,1992,0,
AC_OTH,Alternating current - other,MD,Moldova,1993,0,
AC_OTH,Alternating current - other,MD,Moldova,1994,0,
AC_OTH,Alternating current - other,MD,Moldova,1995,0,
AC_OTH,Alternating current - other,MD,Moldova,1996,0,
AC_OTH,Alternating current - other,MD,Moldova,1997,0,
AC_OTH,Alternating current - other,MD,Moldova,1998,0,
AC_OTH,Alternating current - other,MD,Moldova,1999,0,
AC_OTH,Alternating current - other,MD,Moldova,2000,0,
AC_OTH,Alternating current - other,MD,Moldova,2001,0,
AC_OTH,Alternating current - other,MD,Moldova,2002,0,
AC_OTH,Alternating current - other,MD,Moldova,2004,0,
AC_OTH,Alternating current - other,MD,Moldova,2009,0,
AC_OTH,Alternating current - other,MD,Moldova,2010,0,
AC_OTH,Alternating current - other,MD,Moldova,2011,0,
AC_OTH,Alternating current - other,MD,Moldova,2012,0,
AC_OTH,Alternating current - other,MD,Moldova,2013,0,
AC_OTH,Alternating current - other,MD,Moldova,2014,0,
AC_OTH,Alternating current - other,MD,Moldova,2015,0,
AC_OTH,Alternating current - other,MD,Moldova,2016,0,
AC_OTH,Alternating current - other,MD,Moldova,2017,0,
AC_OTH,Alternating current - other,MD,Moldova,2018,0,
AC_OTH,Alternating current - other,MD,Moldova,2019,0,
AC_OTH,Alternating current - other,MD,Moldova,2020,0,
AC_OTH,Alternating current - other,MD,Moldova,2021,0,
AC_OTH,Alternating current - other,MD,Moldova,2022,0,
AC_OTH,Alternating current - other,MD,Moldova,2023,0,
AC_OTH,Alternating current - other,MD,Moldova,2024,0,
AC_OTH,Alternating current - other,ME,Montenegro,2011,0,
AC_OTH,Alternating current - other,ME,Montenegro,2012,0,
AC_OTH,Alternating current - other,ME,Montenegro,2013,0,
AC_OTH,Alternating current - other,ME,Montenegro,2014,0,
AC_OTH,Alternating current - other,ME,Montenegro,2015,0,
AC_OTH,Alternating current - other,ME,Montenegro,2016,0,
AC_OTH,Alternating current - other,ME,Montenegro,2017,0,
AC_OTH,Alternating current - other,ME,Montenegro,2018,0,
AC_OTH,Alternating current - other,ME,Montenegro,2020,0,
AC_OTH,Alternating current - other,ME,Montenegro,2021,0,
AC_OTH,Alternating current - other,ME,Montenegro,2022,0,
AC_OTH,Alternating current - other,ME,Montenegro,2023,0,
AC_OTH,Alternating current - other,ME,Montenegro,2024,0,
AC_OTH,Alternating current - other,MK,North Macedonia,1990,0,
AC_OTH,Alternating current - other,MK,North Macedonia,1992,0,
AC_OTH,Alternating current - other,MK,North Macedonia,1993,0,
AC_OTH,Alternating current - other,MK,North Macedonia,1994,0,
AC_OTH,Alternating current - other,MK,North Macedonia,1995,0,
AC_OTH,Alternating current - other,MK,North Macedonia,1996,0,
AC_OTH,Alternating current - other,MK,North Macedonia,1997,0,
AC_OTH,Alternating current - other,MK,North Macedonia,1998,0,
AC_OTH,Alternating current - other,MK,North Macedonia,1999,0,
AC_OTH,Alternating current - other,MK,North Macedonia,2000,0,
AC_OTH,Alternating current - other,MK,North Macedonia,2001,0,
AC_OTH,Alternating current - other,MK,North Macedonia,2002,0,
AC_OTH,Alternating current - other,MK,North Macedonia,2004,0,
AC_OTH,Alternating current - other,MK,North Macedonia,2008,0,
AC_OTH,Alternating current - other,MK,North Macedonia,2009,0,
AC_OTH,Alternating current - other,MK,North Macedonia,2010,0,
AC_OTH,Alternating current - other,MK,North Macedonia,2011,0,
AC_OTH,Alternating current - other,MK,North Macedonia,2012,0,
AC_OTH,Alternating current - other,MK,North Macedonia,2013,0,
AC_OTH,Alternating current - other,MK,North Macedonia,2014,0,
AC_OTH,Alternating current - other,MK,North Macedonia,2015,0,
AC_OTH,Alternating current - other,MK,North Macedonia,2016,0,
AC_OTH,Alternating current - other,MK,North Macedonia,2017,0,
AC_OTH,Alternating current - other,MK,North Macedonia,2018,0,
AC_OTH,Alternating current - other,MK,North Macedonia,2019,0,
AC_OTH,Alternating current - other,MK,North Macedonia,2020,0,
AC_OTH,Alternating current - other,MK,North Macedonia,2021,0,
AC_OTH,Alternating current - other,MK,North Macedonia,2022,0,
AC_OTH,Alternating current - other,MK,North Macedonia,2023,0,
AC_OTH,Alternating current - other,MK,North Macedonia,2024,0,
AC_OTH,Alternating current - other,NL,Netherlands,2008,0,
AC_OTH,Alternating current - other,NL,Netherlands,2009,0,
AC_OTH,Alternating current - other,NL,Netherlands,2010,0,
AC_OTH,Alternating current - other,NL,Netherlands,2011,0,
AC_OTH,Alternating current - other,NL,Netherlands,2012,0,
AC_OTH,Alternating current - other,NL,Netherlands,2013,0,
AC_OTH,Alternating current - other,NL,Netherlands,2014,0,
AC_OTH,Alternating current - other,NL,Netherlands,2015,0,
AC_OTH,Alternating current - other,NL,Netherlands,2016,0,
AC_OTH,Alternating current - other,NL,Netherlands,2017,0,
AC_OTH,Alternating current - other,NL,Netherlands,2018,0,
AC_OTH,Alternating current - other,NL,Netherlands,2019,0,
AC_OTH,Alternating current - other,NL,Netherlands,2020,0,i
AC_OTH,Alternating current - other,NL,Netherlands,2021,0,i
AC_OTH,Alternating current - other,NL,Netherlands,2022,0,i
AC_OTH,Alternating current - other,NL,Netherlands,2023,0,
AC_OTH,Alternating current - other,NL,Netherlands,2024,0,
AC_OTH,Alternating current - other,NO,Norway,1998,0,
AC_OTH,Alternating current - other,NO,Norway,1999,0,
AC_OTH,Alternating current - other,NO,Norway,2004,0,
AC_OTH,Alternating current - other,NO,Norway,2005,0,
AC_OTH,Alternating current - other,NO,Norway,2006,0,n
AC_OTH,Alternating current - other,NO,Norway,2007,0,n
AC_OTH,Alternating current - other,NO,Norway,2008,0,
AC_OTH,Alternating current - other,NO,Norway,2009,0,
AC_OTH,Alternating current - other,NO,Norway,2010,0,
AC_OTH,Alternating current - other,NO,Norway,2011,0,
AC_OTH,Alternating current - other,NO,Norway,2012,0,
AC_OTH,Alternating current - other,NO,Norway,2013,0,
AC_OTH,Alternating current - other,NO,Norway,2014,0,
AC_OTH,Alternating current - other,NO,Norway,2015,0,
AC_OTH,Alternating current - other,NO,Norway,2016,0,
AC_OTH,Alternating current - other,NO,Norway,2017,0,
AC_OTH,Alternating current - other,NO,Norway,2018,0,
AC_OTH,Alternating current - other,NO,Norway,2019,0,
AC_OTH,Alternating current - other,NO,Norway,2020,0,
AC_OTH,Alternating current - other,NO,Norway,2021,0,
AC_OTH,Alternating current - other,NO,Norway,2022,0,
AC_OTH,Alternating current - other,NO,Norway,2023,0,
AC_OTH,Alternating current - other,NO,Norway,2024,0,
AC_OTH,Alternating current - other,PL,Poland,1995,0,
AC_OTH,Alternating current - other,PL,Poland,1996,0,
AC_OTH,Alternating current - other,PL,Poland,1997,0,
AC_OTH,Alternating current - other,PL,Poland,1998,0,
AC_OTH,Alternating current - other,PL,Poland,1999,0,
AC_OTH,Alternating current - other,PL,Poland,2000,0,
AC_OTH,Alternating current - other,PL,Poland,2001,0,
AC_OTH,Alternating current - other,PL,Poland,2002,0,
AC_OTH,Alternating current - other,PL,Poland,2003,0,i
AC_OTH,Alternating current - other,PL,Poland,2004,0,
AC_OTH,Alternating current - other,PL,Poland,2005,0,
AC_OTH,Alternating current - other,PL,Poland,2006,0,
AC_OTH,Alternating current - other,PL,Poland,2007,0,
AC_OTH,Alternating current - other,PL,Poland,2008,0,
AC_OTH,Alternating current - other,PL,Poland,2009,0,
AC_OTH,Alternating current - other,PL,Poland,2010,0,
AC_OTH,Alternating current - other,PL,Poland,2011,0,
AC_OTH,Alternating current - other,PL,Poland,2012,0,
AC_OTH,Alternating current - other,PL,Poland,2013,0,
AC_OTH,Alternating current - other,PL,Poland,2014,0,
AC_OTH,Alternating current - other,PL,Poland,2015,0,
AC_OTH,Alternating current - other,PL,Poland,2016,0,
AC_OTH,Alternating current - other,PL,Poland,2017,0,
AC_OTH,Alternating current - other,PL,Poland,2018,0,
AC_OTH,Alternating current - other,PL,Poland,2019,0,
AC_OTH,Alternating current - other,PL,Poland,2020,0,
AC_OTH,Alternating current - other,PL,Poland,2021,0,
AC_OTH,Alternating current - other,PL,Poland,2022,0,
AC_OTH,Alternating current - other,PL,Poland,2023,0,
AC_OTH,Alternating current - other,PL,Poland,2024,0,
AC_OTH,Alternating current - other,PT,Portugal,1990,0,
AC_OTH,Alternating current - other,PT,Portugal,1991,0,
AC_OTH,Alternating current - other,PT,Portugal,1992,0,
AC_OTH,Alternating current - other,PT,Portugal,1993,0,
AC_OTH,Alternating current - other,PT,Portugal,1994,0,
AC_OTH,Alternating current - other,PT,Portugal,1995,0,
AC_OTH,Alternating current - other,PT,Portugal,1996,0,
AC_OTH,Alternating current - other,PT,Portugal,1997,0,
AC_OTH,Alternating current - other,PT,Portugal,1998,0,
AC_OTH,Alternating current - other,PT,Portugal,1999,0,
AC_OTH,Alternating current - other,PT,Portugal,2000,0,
AC_OTH,Alternating current - other,PT,Portugal,2001,0,
AC_OTH,Alternating current - other,PT,Portugal,2002,0,
AC_OTH,Alternating current - other,PT,Portugal,2003,0,
AC_OTH,Alternating current - other,PT,Portugal,2004,0,
AC_OTH,Alternating current - other,PT,Portugal,2005,0,
AC_OTH,Alternating current - other,PT,Portugal,2006,0,
AC_OTH,Alternating current - other,PT,Portugal,2007,0,
AC_OTH,Alternating current - other,PT,Portugal,2008,0,
AC_OTH,Alternating current - other,PT,Portugal,2009,0,
AC_OTH,Alternating current - other,PT,Portugal,2010,0,
AC_OTH,Alternating current - other,PT,Portugal,2011,0,
AC_OTH,Alternating current - other,PT,Portugal,2012,0,
AC_OTH,Alternating current - other,PT,Portugal,2013,0,
AC_OTH,Alternating current - other,PT,Portugal,2014,0,
AC_OTH,Alternating current - other,PT,Portugal,2015,0,
AC_OTH,Alternating current - other,PT,Portugal,2016,0,
AC_OTH,Alternating current - other,PT,Portugal,2017,0,
AC_OTH,Alternating current - other,PT,Portugal,2018,0,
AC_OTH,Alternating current - other,PT,Portugal,2019,0,
AC_OTH,Alternating current - other,PT,Portugal,2020,0,
AC_OTH,Alternating current - other,PT,Portugal,2021,0,
AC_OTH,Alternating current - other,PT,Portugal,2022,0,
AC_OTH,Alternating current - other,PT,Portugal,2023,0,
AC_OTH,Alternating current - other,PT,Portugal,2024,0,
AC_OTH,Alternating current - other,RO,Romania,1990,0,
AC_OTH,Alternating current - other,RO,Romania,1991,0,
AC_OTH,Alternating current - other,RO,Romania,1992,0,
AC_OTH,Alternating current - other,RO,Romania,1993,0,
AC_OTH,Alternating current - other,RO,Romania,1994,0,
AC_OTH,Alternating current - other,RO,Romania,1995,0,
AC_OTH,Alternating current - other,RO,Romania,1996,0,
AC_OTH,Alternating current - other,RO,Romania,1997,0,
AC_OTH,Alternating current - other,RO,Romania,1998,0,
AC_OTH,Alternating current - other,RO,Romania,1999,0,
AC_OTH,Alternating current - other,RO,Romania,2000,0,
AC_OTH,Alternating current - other,RO,Romania,2001,0,
AC_OTH,Alternating current - other,RO,Romania,2002,0,
AC_OTH,Alternating current - other,RO,Romania,2004,0,
AC_OTH,Alternating current - other,RO,Romania,2008,0,
AC_OTH,Alternating current - other,RO,Romania,2009,0,
AC_OTH,Alternating current - other,RO,Romania,2010,0,
AC_OTH,Alternating current - other,RO,Romania,2011,0,
AC_OTH,Alternating current - other,RO,Romania,2012,0,
AC_OTH,Alternating current - other,RO,Romania,2013,0,
AC_OTH,Alternating current - other,RO,Romania,2014,0,
AC_OTH,Alternating current - other,RO,Romania,2015,0,
AC_OTH,Alternating current - other,RO,Romania,2016,0,
AC_OTH,Alternating current - other,RO,Romania,2017,0,
AC_OTH,Alternating current - other,RO,Romania,2018,0,
AC_OTH,Alternating current - other,RO,Romania,2019,0,
AC_OTH,Alternating current - other,RO,Romania,2020,0,
AC_OTH,Alternating current - other,RO,Romania,2021,0,
AC_OTH,Alternating current - other,RO,Romania,2022,0,
AC_OTH,Alternating current - other,RO,Romania,2023,0,
AC_OTH,Alternating current - other,RO,Romania,2024,0,
AC_OTH,Alternating current - other,RS,Serbia,2006,0,
AC_OTH,Alternating current - other,RS,Serbia,2007,0,
AC_OTH,Alternating current - other,RS,Serbia,2008,0,
AC_OTH,Alternating current - other,RS,Serbia,2009,0,
AC_OTH,Alternating current - other,RS,Serbia,2010,0,
AC_OTH,Alternating current - other,RS,Serbia,2011,0,
AC_OTH,Alternating current - other,RS,Serbia,2012,0,
AC_OTH,Alternating current - other,RS,Serbia,2013,0,
AC_OTH,Alternating current - other,RS,Serbia,2014,0,
AC_OTH,Alternating current - other,RS,Serbia,2015,0,
AC_OTH,Alternating current - other,RS,Serbia,2016,0,
AC_OTH,Alternating current - other,RS,Serbia,2017,0,
AC_OTH,Alternating current - other,RS,Serbia,2018,0,
AC_OTH,Alternating current - other,RS,Serbia,2019,0,
AC_OTH,Alternating current - other,RS,Serbia,2020,0,
AC_OTH,Alternating current - other,RS,Serbia,2021,0,
AC_OTH,Alternating current - other,RS,Serbia,2022,0,
AC_OTH,Alternating current - other,RS,Serbia,2023,0,
AC_OTH,Alternating current - other,RS,Serbia,2024,0,
AC_OTH,Alternating current - other,SE,Sweden,1990,0,
AC_OTH,Alternating current - other,SE,Sweden,1991,0,
AC_OTH,Alternating current - other,SE,Sweden,1992,0,
AC_OTH,Alternating current - other,SE,Sweden,1993,0,
AC_OTH,Alternating current - other,SE,Sweden,1994,0,
AC_OTH,Alternating current - other,SE,Sweden,1995,0,
AC_OTH,Alternating current - other,SE,Sweden,1996,0,
AC_OTH,Alternating current - other,SE,Sweden,1997,0,
AC_OTH,Alternating current - other,SE,Sweden,1998,0,
AC_OTH,Alternating current - other,SE,Sweden,1999,0,
AC_OTH,Alternating current - other,SE,Sweden,2000,0,
AC_OTH,Alternating current - other,SE,Sweden,2001,0,
AC_OTH,Alternating current - other,SE,Sweden,2002,0,
AC_OTH,Alternating current - other,SE,Sweden,2003,0,
AC_OTH,Alternating current - other,SE,Sweden,2004,0,
AC_OTH,Alternating current - other,SE,Sweden,2005,0,
AC_OTH,Alternating current - other,SE,Sweden,2006,0,
AC_OTH,Alternating current - other,SE,Sweden,2007,0,
AC_OTH,Alternating current - other,SE,Sweden,2008,0,
AC_OTH,Alternating current - other,SE,Sweden,2009,0,
AC_OTH,Alternating current - other,SE,Sweden,2010,0,
AC_OTH,Alternating current - other,SE,Sweden,2011,0,
AC_OTH,Alternating current - other,SE,Sweden,2012,0,
AC_OTH,Alternating current - other,SE,Sweden,2013,0,
AC_OTH,Alternating current - other,SE,Sweden,2014,0,
AC_OTH,Alternating current - other,SE,Sweden,2015,0,
AC_OTH,Alternating current - other,SE,Sweden,2016,0,
AC_OTH,Alternating current - other,SE,Sweden,2017,0,
AC_OTH,Alternating current - other,SE,Sweden,2018,0,
AC_OTH,Alternating current - other,SE,Sweden,2019,0,
AC_OTH,Alternating current - other,SE,Sweden,2020,0,
AC_OTH,Alternating current - other,SE,Sweden,2021,0,
AC_OTH,Alternating current - other,SE,Sweden,2022,0,
AC_OTH,Alternating current - other,SE,Sweden,2023,0,
AC_OTH,Alternating current - other,SE,Sweden,2024,0,
AC_OTH,Alternating current - other,SI,Slovenia,1992,0,
AC_OTH,Alternating current - other,SI,Slovenia,1993,0,
AC_OTH,Alternating current - other,SI,Slovenia,1994,0,
AC_OTH,Alternating current - other,SI,Slovenia,1995,0,
AC_OTH,Alternating current - other,SI,Slovenia,1996,0,
AC_OTH,Alternating current - other,SI,Slovenia,1997,0,
AC_OTH,Alternating current - other,SI,Slovenia,1998,0,
AC_OTH,Alternating current - other,SI,Slovenia,1999,0,
AC_OTH,Alternating current - other,SI,Slovenia,2000,0,
AC_OTH,Alternating current - other,SI,Slovenia,2001,0,
AC_OTH,Alternating current - other,SI,Slovenia,2002,0,
AC_OTH,Alternating current - other,SI,Slovenia,2003,0,
AC_OTH,Alternating current - other,SI,Slovenia,2008,0,
AC_OTH,Alternating current - other,SI,Slovenia,2009,0,
AC_OTH,Alternating current - other,SI,Slovenia,2010,0,
AC_OTH,Alternating current - other,SI,Slovenia,2011,0,
AC_OTH,Alternating current - other,SI,Slovenia,2012,0,
AC_OTH,Alternating current - other,SI,Slovenia,2013,0,
AC_OTH,Alternating current - other,SI,Slovenia,2014,0,
AC_OTH,Alternating current - other,SI,Slovenia,2015,0,
AC_OTH,Alternating current - other,SI,Slovenia,2016,0,
AC_OTH,Alternating current - other,SI,Slovenia,2017,0,
AC_OTH,Alternating current - other,SI,Slovenia,2018,0,
AC_OTH,Alternating current - other,SI,Slovenia,2019,0,
AC_OTH,Alternating current - other,SI,Slovenia,2020,0,
AC_OTH,Alternating current - other,SI,Slovenia,2021,0,
AC_OTH,Alternating current - other,SI,Slovenia,2022,0,
AC_OTH,Alternating current - other,SI,Slovenia,2023,0,
AC_OTH,Alternating current - other,SI,Slovenia,2024,0,
AC_OTH,Alternating current - other,SK,Slovakia,1995,0,
AC_OTH,Alternating current - other,SK,Slovakia,1996,0,
AC_OTH,Alternating current - other,SK,Slovakia,1997,0,
AC_OTH,Alternating current - other,SK,Slovakia,1998,0,
AC_OTH,Alternating current - other,SK,Slovakia,1999,0,
AC_OTH,Alternating current - other,SK,Slovakia,2000,0,
AC_OTH,Alternating current - other,SK,Slovakia,2001,0,
AC_OTH,Alternating current - other,SK,Slovakia,2002,0,
AC_OTH,Alternating current - other,SK,Slovakia,2008,0,
AC_OTH,Alternating current - other,SK,Slovakia,2009,0,
AC_OTH,Alternating current - other,SK,Slovakia,2010,0,
AC_OTH,Alternating current - other,SK,Slovakia,2011,0,
AC_OTH,Alternating current - other,SK,Slovakia,2012,0,
AC_OTH,Alternating current - other,SK,Slovakia,2013,0,
AC_OTH,Alternating current - other,SK,Slovakia,2014,0,
AC_OTH,Alternating current - other,SK,Slovakia,2015,0,
AC_OTH,Alternating current - other,SK,Slovakia,2016,0,
AC_OTH,Alternating current - other,SK,Slovakia,2017,0,
AC_OTH,Alternating current - other,SK,Slovakia,2018,0,
AC_OTH,Alternating current - other,SK,Slovakia,2019,0,
AC_OTH,Alternating current - other,SK,Slovakia,2020,0,
AC_OTH,Alternating current - other,SK,Slovakia,2021,0,
AC_OTH,Alternating current - other,SK,Slovakia,2022,0,
AC_OTH,Alternating current - other,SK,Slovakia,2023,0,
AC_OTH,Alternating current - other,SK,Slovakia,2024,0,
AC_OTH,Alternating current - other,TR,Türkiye,1990,0,
AC_OTH,Alternating current - other,TR,Türkiye,1991,0,
AC_OTH,Alternating current - other,TR,Türkiye,1992,0,
AC_OTH,Alternating current - other,TR,Türkiye,1993,0,
AC_OTH,Alternating current - other,TR,Türkiye,1994,0,
AC_OTH,Alternating current - other,TR,Türkiye,1995,0,
AC_OTH,Alternating current - other,TR,Türkiye,1996,0,
AC_OTH,Alternating current - other,TR,Türkiye,1997,0,
AC_OTH,Alternating current - other,TR,Türkiye,1998,0,
AC_OTH,Alternating current - other,TR,Türkiye,1999,0,
AC_OTH,Alternating current - other,TR,Türkiye,2005,0,
AC_OTH,Alternating current - other,TR,Türkiye,2006,0,
AC_OTH,Alternating current - other,TR,Türkiye,2007,0,
AC_OTH,Alternating current - other,TR,Türkiye,2008,0,
AC_OTH,Alternating current - other,TR,Türkiye,2009,0,
AC_OTH,Alternating current - other,TR,Türkiye,2010,0,
AC_OTH,Alternating current - other,TR,Türkiye,2011,0,
AC_OTH,Alternating current - other,TR,Türkiye,2012,0,
AC_OTH,Alternating current - other,TR,Türkiye,2013,0,
AC_OTH,Alternating current - other,TR,Türkiye,2014,0,
AC_OTH,Alternating current - other,TR,Türkiye,2015,0,
AC_OTH,Alternating current - other,TR,Türkiye,2016,0,
AC_OTH,Alternating current - other,TR,Türkiye,2017,0,
AC_OTH,Alternating current - other,TR,Türkiye,2018,0,
AC_OTH,Alternating current - other,TR,Türkiye,2019,0,
AC_OTH,Alternating current - other,TR,Türkiye,2020,0,
AC_OTH,Alternating current - other,TR,Türkiye,2021,0,
AC_OTH,Alternating current - other,TR,Türkiye,2022,0,
AC_OTH,Alternating current - other,TR,Türkiye,2023,0,
AC_OTH,Alternating current - other,TR,Türkiye,2024,0,
AC_OTH,Alternating current - other,UA,Ukraine,1990,0,
AC_OTH,Alternating current - other,UA,Ukraine,1991,0,
AC_OTH,Alternating current - other,UA,Ukraine,1992,0,
AC_OTH,Alternating current - other,UA,Ukraine,1993,0,
AC_OTH,Alternating current - other,UA,Ukraine,1994,0,
AC_OTH,Alternating current - other,UA,Ukraine,1995,0,
AC_OTH,Alternating current - other,UA,Ukraine,1996,0,
AC_OTH,Alternating current - other,UA,Ukraine,1997,0,
AC_OTH,Alternating current - other,UA,Ukraine,1998,0,
AC_OTH,Alternating current - other,UA,Ukraine,1999,0,
AC_OTH,Alternating current - other,UA,Ukraine,2020,0,i
AC_OTH,Alternating current - other,UK,United Kingdom,2008,0,
AC_OTH,Alternating current - other,UK,United Kingdom,2009,0,
AC_OTH,Alternating current - other,UK,United Kingdom,2010,0,
AC_OTH,Alternating current - other,UK,United Kingdom,2011,0,
AC_OTH,Alternating current - other,UK,United Kingdom,2012,0,
AC_OTH,Alternating current - other,UK,United Kingdom,2013,0,
AC_OTH,Alternating current - other,UK,United Kingdom,2014,0,
AC_OTH,Alternating current - other,UK,United Kingdom,2015,0,
AC_OTH,Alternating current - other,XK,Kosovo*,2017,0,
AC_OTH,Alternating current - other,XK,Kosovo*,2018,0,
AC_OTH,Alternating current - other,XK,Kosovo*,2019,0,
AC_OTH,Alternating current - other,XK,Kosovo*,2020,0,
AC_OTH,Alternating current - other,XK,Kosovo*,2021,0,
AC_OTH,Alternating current - other,XK,Kosovo*,2022,0,
AC_OTH,Alternating current - other,XK,Kosovo*,2023,0,i
AC_OTH,Alternating current - other,XK,Kosovo*,2024,0,i
DC1500,Direct current - 1 500 V,AL,Albania,1990,0,
DC1500,Direct current - 1 500 V,AL,Albania,1991,0,
DC1500,Direct current - 1 500 V,AL,Albania,1992,0,
DC1500,Direct current - 1 500 V,AL,Albania,1993,0,
DC1500,Direct current - 1 500 V,AL,Albania,1994,0,
DC1500,Direct current - 1 500 V,AL,Albania,1995,0,
DC1500,Direct current - 1 500 V,AL,Albania,1996,0,
DC1500,Direct current - 1 500 V,AL,Albania,1997,0,
DC1500,Direct current - 1 500 V,AL,Albania,1998,0,
DC1500,Direct current - 1 500 V,AL,Albania,1999,0,
DC1500,Direct current - 1 500 V,AL,Albania,2000,0,
DC1500,Direct current - 1 500 V,AL,Albania,2003,0,
DC1500,Direct current - 1 500 V,AL,Albania,2004,0,
DC1500,Direct current - 1 500 V,AL,Albania,2005,0,
DC1500,Direct current - 1 500 V,AL,Albania,2006,0,
DC1500,Direct current - 1 500 V,AL,Albania,2007,0,
DC1500,Direct current - 1 500 V,AL,Albania,2008,0,
DC1500,Direct current - 1 500 V,AL,Albania,2009,0,
DC1500,Direct current - 1 500 V,AL,Albania,2010,0,
DC1500,Direct current - 1 500 V,AL,Albania,2011,0,
DC1500,Direct current - 1 500 V,AL,Albania,2012,0,
DC1500,Direct current - 1 500 V,AL,Albania,2013,0,
DC1500,Direct current - 1 500 V,AL,Albania,2014,0,
DC1500,Direct current - 1 500 V,AL,Albania,2015,0,
DC1500,Direct current - 1 500 V,AL,Albania,2016,0,
DC1500,Direct current - 1 500 V,AL,Albania,2017,0,
DC1500,Direct current - 1 500 V,AL,Albania,2018,0,
DC1500,Direct current - 1 500 V,AL,Albania,2019,0,
DC1500,Direct current - 1 500 V,AL,Albania,2020,0,
DC1500,Direct current - 1 500 V,AL,Albania,2021,0,
DC1500,Direct current - 1 500 V,AL,Albania,2022,0,
DC1500,Direct current - 1 500 V,AL,Albania,2023,0,
DC1500,Direct current - 1 500 V,AL,Albania,2024,0,
DC1500,Direct current - 1 500 V,AT,Austria,1990,0,
DC1500,Direct current - 1 500 V,AT,Austria,1991,0,
DC1500,Direct current - 1 500 V,AT,Austria,1992,0,
DC1500,Direct current - 1 500 V,AT,Austria,1993,0,
DC1500,Direct current - 1 500 V,AT,Austria,1994,0,
DC1500,Direct current - 1 500 V,AT,Austria,1995,0,
DC1500,Direct current - 1 500 V,AT,Austria,1996,0,
DC1500,Direct current - 1 500 V,AT,Austria,1997,0,
DC1500,Direct current - 1 500 V,AT,Austria,1998,0,
DC1500,Direct current - 1 500 V,AT,Austria,1999,0,
DC1500,Direct current - 1 500 V,AT,Austria,2000,0,
DC1500,Direct current - 1 500 V,AT,Austria,2001,0,
DC1500,Direct current - 1 500 V,AT,Austria,2002,0,
DC1500,Direct current - 1 500 V,AT,Austria,2003,0,
DC1500,Direct current - 1 500 V,AT,Austria,2004,0,
DC1500,Direct current - 1 500 V,AT,Austria,2005,0,
DC1500,Direct current - 1 500 V,AT,Austria,2006,0,
DC1500,Direct current - 1 500 V,AT,Austria,2007,0,
DC1500,Direct current - 1 500 V,AT,Austria,2008,0,
DC1500,Direct current - 1 500 V,AT,Austria,2009,0,
DC1500,Direct current - 1 500 V,AT,Austria,2010,0,
DC1500,Direct current - 1 500 V,AT,Austria,2011,0,
DC1500,Direct current - 1 500 V,AT,Austria,2012,0,
DC1500,Direct current - 1 500 V,AT,Austria,2013,0,
DC1500,Direct current - 1 500 V,AT,Austria,2014,0,
DC1500,Direct current - 1 500 V,AT,Austria,2015,0,
DC1500,Direct current - 1 500 V,AT,Austria,2016,0,
DC1500,Direct current - 1 500 V,AT,Austria,2017,0,
DC1500,Direct current - 1 500 V,AT,Austria,2018,0,
DC1500,Direct current - 1 500 V,AT,Austria,2019,0,
DC1500,Direct current - 1 500 V,AT,Austria,2020,0,
DC1500,Direct current - 1 500 V,AT,Austria,2021,0,
DC1500,Direct current - 1 500 V,AT,Austria,2022,0,
DC1500,Direct current - 1 500 V,AT,Austria,2023,0,
DC1500,Direct current - 1 500 V,AT,Austria,2024,0,
DC1500,Direct current - 1 500 V,BA,Bosnia and Herzegovina,1990,0,
DC1500,Direct current - 1 500 V,BA,Bosnia and Herzegovina,1991,0,
DC1500,Direct current - 1 500 V,BA,Bosnia and Herzegovina,1992,0,
DC1500,Direct current - 1 500 V,BA,Bosnia and Herzegovina,1993,0,
DC1500,Direct current - 1 500 V,BA,Bosnia and Herzegovina,1994,0,
DC1500,Direct current - 1 500 V,BA,Bosnia and Herzegovina,1995,0,
DC1500,Direct current - 1 500 V,BA,Bosnia and Herzegovina,1996,0,
DC1500,Direct current - 1 500 V,BA,Bosnia and Herzegovina,1997,0,
DC1500,Direct current - 1 500 V,BA,Bosnia and Herzegovina,1998,0,
DC1500,Direct current - 1 500 V,BA,Bosnia and Herzegovina,1999,0,
DC1500,Direct current - 1 500 V,BA,Bosnia and Herzegovina,2000,0,
DC1500,Direct current - 1 500 V,BA,Bosnia and Herzegovina,2001,0,
DC1500,Direct current - 1 500 V,BA,Bosnia and Herzegovina,2002,0,
DC1500,Direct current - 1 500 V,BA,Bosnia and Herzegovina,2003,0,
DC1500,Direct current - 1 500 V,BA,Bosnia and Herzegovina,2004,0,
DC1500,Direct current - 1 500 V,BA,Bosnia and Herzegovina,2005,0,
DC1500,Direct current - 1 500 V,BA,Bosnia and Herzegovina,2006,0,
DC1500,Direct current - 1 500 V,BA,Bosnia and Herzegovina,2007,0,
DC1500,Direct current - 1 500 V,BA,Bosnia and Herzegovina,2008,0,
DC1500,Direct current - 1 500 V,BA,Bosnia and Herzegovina,2009,0,
DC1500,Direct current - 1 500 V,BA,Bosnia and Herzegovina,2010,0,
DC1500,Direct current - 1 500 V,BA,Bosnia and Herzegovina,2011,0,
DC1500,Direct current - 1 500 V,BA,Bosnia and Herzegovina,2012,0,
DC1500,Direct current - 1 500 V,BA,Bosnia and Herzegovina,2013,0,
DC1500,Direct current - 1 500 V,BA,Bosnia and Herzegovina,2014,0,
DC1500,Direct current - 1 500 V,BA,Bosnia and Herzegovina,2015,0,
DC1500,Direct current - 1 500 V,BA,Bosnia and Herzegovina,2016,0,
DC1500,Direct current - 1 500 V,BA,Bosnia and Herzegovina,2017,0,
DC1500,Direct current - 1 500 V,BA,Bosnia and Herzegovina,2018,0,
DC1500,Direct current - 1 500 V,BA,Bosnia and Herzegovina,2019,0,
DC1500,Direct current - 1 500 V,BA,Bosnia and Herzegovina,2020,0,
DC1500,Direct current - 1 500 V,BA,Bosnia and Herzegovina,2021,0,
DC1500,Direct current - 1 500 V,BA,Bosnia and Herzegovina,2022,0,
DC1500,Direct current - 1 500 V,BA,Bosnia and Herzegovina,2023,0,
DC1500,Direct current - 1 500 V,BA,Bosnia and Herzegovina,2024,0,
DC1500,Direct current - 1 500 V,BE,Belgium,2003,0,
DC1500,Direct current - 1 500 V,BE,Belgium,2004,0,
DC1500,Direct current - 1 500 V,BE,Belgium,2005,0,
DC1500,Direct current - 1 500 V,BE,Belgium,2006,0,
DC1500,Direct current - 1 500 V,BE,Belgium,2007,0,
DC1500,Direct current - 1 500 V,BE,Belgium,2008,0,
DC1500,Direct current - 1 500 V,BE,Belgium,2009,0,
DC1500,Direct current - 1 500 V,BE,Belgium,2010,0,
DC1500,Direct current - 1 500 V,BE,Belgium,2011,0,
DC1500,Direct current - 1 500 V,BE,Belgium,2012,0,
DC1500,Direct current - 1 500 V,BE,Belgium,2013,0,
DC1500,Direct current - 1 500 V,BE,Belgium,2014,0,
DC1500,Direct current - 1 500 V,BE,Belgium,2015,0,
DC1500,Direct current - 1 500 V,BE,Belgium,2016,0,
DC1500,Direct current - 1 500 V,BE,Belgium,2017,0,
DC1500,Direct current - 1 500 V,BE,Belgium,2018,0,
DC1500,Direct current - 1 500 V,BE,Belgium,2019,0,
DC1500,Direct current - 1 500 V,BE,Belgium,2020,0,i
DC1500,Direct current - 1 500 V,BE,Belgium,2021,0,i
DC1500,Direct current - 1 500 V,BE,Belgium,2022,0,i
DC1500,Direct current - 1 500 V,BE,Belgium,2023,0,i
DC1500,Direct current - 1 500 V,BE,Belgium,2024,0,
DC1500,Direct current - 1 500 V,BG,Bulgaria,1990,0,
DC1500,Direct current - 1 500 V,BG,Bulgaria,1991,0,
DC1500,Direct current - 1 500 V,BG,Bulgaria,2008,0,
DC1500,Direct current - 1 500 V,BG,Bulgaria,2009,0,
DC1500,Direct current - 1 500 V,BG,Bulgaria,2010,0,
DC1500,Direct current - 1 500 V,BG,Bulgaria,2011,0,
DC1500,Direct current - 1 500 V,BG,Bulgaria,2012,0,
DC1500,Direct current - 1 500 V,BG,Bulgaria,2013,0,
DC1500,Direct current - 1 500 V,BG,Bulgaria,2014,0,
DC1500,Direct current - 1 500 V,BG,Bulgaria,2015,0,
DC1500,Direct current - 1 500 V,BG,Bulgaria,2016,0,
DC1500,Direct current - 1 500 V,BG,Bulgaria,2017,0,
DC1500,Direct current - 1 500 V,BG,Bulgaria,2018,0,
DC1500,Direct current - 1 500 V,BG,Bulgaria,2019,0,
DC1500,Direct current - 1 500 V,BG,Bulgaria,2020,0,
DC1500,Direct current - 1 500 V,BG,Bulgaria,2021,0,
DC1500,Direct current - 1 500 V,BG,Bulgaria,2022,0,
DC1500,Direct current - 1 500 V,BG,Bulgaria,2023,0,
DC1500,Direct current - 1 500 V,BG,Bulgaria,2024,0,
DC1500,Direct current - 1 500 V,CH,Switzerland,1990,316,i
DC1500,Direct current - 1 500 V,CH,Switzerland,1991,316,i
DC1500,Direct current - 1 500 V,CH,Switzerland,1992,316,i
DC1500,Direct current - 1 500 V,CH,Switzerland,1993,316,i
DC1500,Direct current - 1 500 V,CH,Switzerland,1994,316,i
DC1500,Direct current - 1 500 V,CH,Switzerland,1995,316,i
DC1500,Direct current - 1 500 V,CH,Switzerland,1996,316,i
DC1500,Direct current - 1 500 V,CH,Switzerland,1997,316,i
DC1500,Direct current - 1 500 V,CH,Switzerland,1998,316,i
DC1500,Direct current - 1 500 V,CH,Switzerland,1999,316,i
DC1500,Direct current - 1 500 V,CH,Switzerland,2000,316,i
DC1500,Direct current - 1 500 V,CH,Switzerland,2001,316,i
DC1500,Direct current - 1 500 V,CH,Switzerland,2002,316,i
DC1500,Direct current - 1 500 V,CH,Switzerland,2003,316,i
DC1500,Direct current - 1 500 V,CH,Switzerland,2004,316,i
DC1500,Direct current - 1 500 V,CH,Switzerland,2005,316,i
DC1500,Direct current - 1 500 V,CH,Switzerland,2006,316,i
DC1500,Direct current - 1 500 V,CH,Switzerland,2007,316,i
DC1500,Direct current - 1 500 V,CH,Switzerland,2008,316,i
DC1500,Direct current - 1 500 V,CH,Switzerland,2009,316,i
DC1500,Direct current - 1 500 V,CH,Switzerland,2010,316,i
DC1500,Direct current - 1 500 V,CH,Switzerland,2011,316,i
DC1500,Direct current - 1 500 V,CH,Switzerland,2012,316,i
DC1500,Direct current - 1 500 V,CH,Switzerland,2013,316,i
DC1500,Direct current - 1 500 V,CH,Switzerland,2014,316,i
DC1500,Direct current - 1 500 V,CH,Switzerland,2015,316,i
DC1500,Direct current - 1 500 V,CH,Switzerland,2016,316,i
DC1500,Direct current - 1 500 V,CH,Switzerland,2017,301,i
DC1500,Direct current - 1 500 V,CH,Switzerland,2018,301,i
DC1500,Direct current - 1 500 V,CH,Switzerland,2019,301,i
DC1500,Direct current - 1 500 V,CH,Switzerland,2020,301,i
DC1500,Direct current - 1 500 V,CH,Switzerland,2021,302,i
DC1500,Direct current - 1 500 V,CH,Switzerland,2022,302,i
DC1500,Direct current - 1 500 V,CH,Switzerland,2023,316,i
DC1500,Direct current - 1 500 V,CH,Switzerland,2024,315,i
DC1500,Direct current - 1 500 V,CZ,Czechia,1993,0,
DC1500,Direct current - 1 500 V,CZ,Czechia,1994,0,
DC1500,Direct current - 1 500 V,CZ,Czechia,1995,46,
DC1500,Direct current - 1 500 V,CZ,Czechia,1996,46,
DC1500,Direct current - 1 500 V,CZ,Czechia,1997,46,
DC1500,Direct current - 1 500 V,CZ,Czechia,1998,46,
DC1500,Direct current - 1 500 V,CZ,Czechia,1999,46,
DC1500,Direct current - 1 500 V,CZ,Czechia,2000,46,
DC1500,Direct current - 1 500 V,CZ,Czechia,2001,46,
DC1500,Direct current - 1 500 V,CZ,Czechia,2002,46,
DC1500,Direct current - 1 500 V,CZ,Czechia,2003,47,
DC1500,Direct current - 1 500 V,CZ,Czechia,2004,47,
DC1500,Direct current - 1 500 V,CZ,Czechia,2005,46,
DC1500,Direct current - 1 500 V,CZ,Czechia,2006,47,
DC1500,Direct current - 1 500 V,CZ,Czechia,2007,47,
DC1500,Direct current - 1 500 V,CZ,Czechia,2008,24,
DC1500,Direct current - 1 500 V,CZ,Czechia,2009,24,
DC1500,Direct current - 1 500 V,CZ,Czechia,2010,24,
DC1500,Direct current - 1 500 V,CZ,Czechia,2011,24,
DC1500,Direct current - 1 500 V,CZ,Czechia,2012,24,
DC1500,Direct current - 1 500 V,CZ,Czechia,2013,24,
DC1500,Direct current - 1 500 V,CZ,Czechia,2014,24,
DC1500,Direct current - 1 500 V,CZ,Czechia,2015,24,
DC1500,Direct current - 1 500 V,CZ,Czechia,2016,24,
DC1500,Direct current - 1 500 V,CZ,Czechia,2017,24,
DC1500,Direct current - 1 500 V,CZ,Czechia,2018,24,
DC1500,Direct current - 1 500 V,CZ,Czechia,2019,24,
DC1500,Direct current - 1 500 V,CZ,Czechia,2020,24,
DC1500,Direct current - 1 500 V,CZ,Czechia,2021,24,
DC1500,Direct current - 1 500 V,CZ,Czechia,2022,24,
DC1500,Direct current - 1 500 V,CZ,Czechia,2023,24,
DC1500,Direct current - 1 500 V,CZ,Czechia,2024,24,
DC1500,Direct current - 1 500 V,DE,Germany,1990,20,
DC1500,Direct current - 1 500 V,DE,Germany,1991,20,
DC1500,Direct current - 1 500 V,DE,Germany,1992,20,
DC1500,Direct current - 1 500 V,DE,Germany,1993,20,
DC1500,Direct current - 1 500 V,DE,Germany,1994,20,
DC1500,Direct current - 1 500 V,DE,Germany,1998,20,
DC1500,Direct current - 1 500 V,DE,Germany,1999,20,
DC1500,Direct current - 1 500 V,DE,Germany,2000,20,
DC1500,Direct current - 1 500 V,DE,Germany,2001,20,
DC1500,Direct current - 1 500 V,DE,Germany,2002,20,
DC1500,Direct current - 1 500 V,DE,Germany,2008,22,i
DC1500,Direct current - 1 500 V,DE,Germany,2009,22,i
DC1500,Direct current - 1 500 V,DE,Germany,2010,22,i
DC1500,Direct current - 1 500 V,DE,Germany,2011,22,i
DC1500,Direct current - 1 500 V,DE,Germany,2012,22,i
DC1500,Direct current - 1 500 V,DE,Germany,2013,23.52,i
DC1500,Direct current - 1 500 V,DE,Germany,2014,23.52,i
DC1500,Direct current - 1 500 V,DE,Germany,2015,23.819,i
DC1500,Direct current - 1 500 V,DE,Germany,2016,24.496,i
DC1500,Direct current - 1 500 V,DE,Germany,2017,26.759,i
DC1500,Direct current - 1 500 V,DE,Germany,2018,26.46,i
DC1500,Direct current - 1 500 V,DE,Germany,2019,28.653,i
DC1500,Direct current - 1 500 V,DE,Germany,2020,29.55,i
DC1500,Direct current - 1 500 V,DE,Germany,2021,31.2,i
DC1500,Direct current - 1 500 V,DK,Denmark,1990,153,
DC1500,Direct current - 1 500 V,DK,Denmark,1991,167,
DC1500,Direct current - 1 500 V,DK,Denmark,1992,195,
DC1500,Direct current - 1 500 V,DK,Denmark,1993,195,
DC1500,Direct current - 1 500 V,DK,Denmark,1994,195,
DC1500,Direct current - 1 500 V,DK,Denmark,1995,120,i
DC1500,Direct current - 1 500 V,DK,Denmark,1996,120,i
DC1500,Direct current - 1 500 V,DK,Denmark,1997,169,
DC1500,Direct current - 1 500 V,DK,Denmark,1998,169,
DC1500,Direct current - 1 500 V,DK,Denmark,1999,169,i
DC1500,Direct current - 1 500 V,DK,Denmark,2000,169,i
DC1500,Direct current - 1 500 V,DK,Denmark,2001,169,i
DC1500,Direct current - 1 500 V,DK,Denmark,2002,169,i
DC1500,Direct current - 1 500 V,DK,Denmark,2003,169,i
DC1500,Direct current - 1 500 V,DK,Denmark,2004,169,i
DC1500,Direct current - 1 500 V,DK,Denmark,2005,169,i
DC1500,Direct current - 1 500 V,DK,Denmark,2006,169,
DC1500,Direct current - 1 500 V,DK,Denmark,2007,169,
DC1500,Direct current - 1 500 V,DK,Denmark,2008,169,
DC1500,Direct current - 1 500 V,DK,Denmark,2009,169,i
DC1500,Direct current - 1 500 V,DK,Denmark,2010,169,i
DC1500,Direct current - 1 500 V,DK,Denmark,2011,169,i
DC1500,Direct current - 1 500 V,DK,Denmark,2012,169,i
DC1500,Direct current - 1 500 V,DK,Denmark,2013,172,
DC1500,Direct current - 1 500 V,DK,Denmark,2014,172,
DC1500,Direct current - 1 500 V,DK,Denmark,2015,172,
DC1500,Direct current - 1 500 V,DK,Denmark,2016,172,
DC1500,Direct current - 1 500 V,DK,Denmark,2017,172,
DC1500,Direct current - 1 500 V,DK,Denmark,2018,172,
DC1500,Direct current - 1 500 V,DK,Denmark,2019,172,
DC1500,Direct current - 1 500 V,DK,Denmark,2020,172,
DC1500,Direct current - 1 500 V,DK,Denmark,2021,172,
DC1500,Direct current - 1 500 V,DK,Denmark,2022,171,
DC1500,Direct current - 1 500 V,DK,Denmark,2023,171,
DC1500,Direct current - 1 500 V,DK,Denmark,2024,171,
DC1500,Direct current - 1 500 V,EE,Estonia,1990,0,
DC1500,Direct current - 1 500 V,EE,Estonia,1991,0,
DC1500,Direct current - 1 500 V,EE,Estonia,1992,0,
DC1500,Direct current - 1 500 V,EE,Estonia,1993,0,
DC1500,Direct current - 1 500 V,EE,Estonia,1994,0,
DC1500,Direct current - 1 500 V,EE,Estonia,1995,0,
DC1500,Direct current - 1 500 V,EE,Estonia,1996,0,
DC1500,Direct current - 1 500 V,EE,Estonia,1997,0,
DC1500,Direct current - 1 500 V,EE,Estonia,1998,0,
DC1500,Direct current - 1 500 V,EE,Estonia,1999,0,
DC1500,Direct current - 1 500 V,EE,Estonia,2000,0,
DC1500,Direct current - 1 500 V,EE,Estonia,2001,0,
DC1500,Direct current - 1 500 V,EE,Estonia,2002,0,
DC1500,Direct current - 1 500 V,EE,Estonia,2003,0,
DC1500,Direct current - 1 500 V,EE,Estonia,2004,0,
DC1500,Direct current - 1 500 V,EE,Estonia,2005,0,
DC1500,Direct current - 1 500 V,EE,Estonia,2006,0,
DC1500,Direct current - 1 500 V,EE,Estonia,2007,0,
DC1500,Direct current - 1 500 V,EE,Estonia,2008,0,
DC1500,Direct current - 1 500 V,EE,Estonia,2009,0,
DC1500,Direct current - 1 500 V,EE,Estonia,2010,0,
DC1500,Direct current - 1 500 V,EE,Estonia,2011,0,
DC1500,Direct current - 1 500 V,EE,Estonia,2012,0,
DC1500,Direct current - 1 500 V,EE,Estonia,2013,0,
DC1500,Direct current - 1 500 V,EE,Estonia,2014,0,
DC1500,Direct current - 1 500 V,EE,Estonia,2015,0,
DC1500,Direct current - 1 500 V,EE,Estonia,2016,0,
DC1500,Direct current - 1 500 V,EE,Estonia,2017,0,
DC1500,Direct current - 1 500 V,EE,Estonia,2018,0,
DC1500,Direct current - 1 500 V,EE,Estonia,2019,0,
DC1500,Direct current - 1 500 V,EE,Estonia,2020,0,
DC1500,Direct current - 1 500 V,EE,Estonia,2021,0,
DC1500,Direct current - 1 500 V,EE,Estonia,2022,0,
DC1500,Direct current - 1 500 V,EE,Estonia,2023,0,
DC1500,Direct current - 1 500 V,EE,Estonia,2024,0,
DC1500,Direct current - 1 500 V,EL,Greece,1990,0,
DC1500,Direct current - 1 500 V,EL,Greece,1991,0,
DC1500,Direct current - 1 500 V,EL,Greece,1992,0,
DC1500,Direct current - 1 500 V,EL,Greece,1993,0,
DC1500,Direct current - 1 500 V,EL,Greece,1994,0,
DC1500,Direct current - 1 500 V,EL,Greece,1995,0,
DC1500,Direct current - 1 500 V,EL,Greece,1996,0,
DC1500,Direct current - 1 500 V,EL,Greece,1997,0,
DC1500,Direct current - 1 500 V,EL,Greece,1998,0,
DC1500,Direct current - 1 500 V,EL,Greece,1999,0,
DC1500,Direct current - 1 500 V,EL,Greece,2000,0,
DC1500,Direct current - 1 500 V,EL,Greece,2001,0,
DC1500,Direct current - 1 500 V,EL,Greece,2002,0,
DC1500,Direct current - 1 500 V,EL,Greece,2003,0,
DC1500,Direct current - 1 500 V,EL,Greece,2004,0,
DC1500,Direct current - 1 500 V,EL,Greece,2005,0,
DC1500,Direct current - 1 500 V,EL,Greece,2006,0,
DC1500,Direct current - 1 500 V,EL,Greece,2007,0,
DC1500,Direct current - 1 500 V,EL,Greece,2008,0,
DC1500,Direct current - 1 500 V,EL,Greece,2009,0,
DC1500,Direct current - 1 500 V,EL,Greece,2010,0,
DC1500,Direct current - 1 500 V,EL,Greece,2011,0,
DC1500,Direct current - 1 500 V,EL,Greece,2012,0,
DC1500,Direct current - 1 500 V,EL,Greece,2013,0,
DC1500,Direct current - 1 500 V,EL,Greece,2014,0,
DC1500,Direct current - 1 500 V,EL,Greece,2015,0,
DC1500,Direct current - 1 500 V,EL,Greece,2016,0,
DC1500,Direct current - 1 500 V,EL,Greece,2017,0,
DC1500,Direct current - 1 500 V,EL,Greece,2018,0,
DC1500,Direct current - 1 500 V,EL,Greece,2019,0,
DC1500,Direct current - 1 500 V,EL,Greece,2020,0,
DC1500,Direct current - 1 500 V,EL,Greece,2021,0,
DC1500,Direct current - 1 500 V,EL,Greece,2022,0,
DC1500,Direct current - 1 500 V,EL,Greece,2023,0,
DC1500,Direct current - 1 500 V,EL,Greece,2024,0,
DC1500,Direct current - 1 500 V,ES,Spain,1990,198,
DC1500,Direct current - 1 500 V,ES,Spain,1991,174,
DC1500,Direct current - 1 500 V,ES,Spain,1992,179,
DC1500,Direct current - 1 500 V,ES,Spain,1993,184,
DC1500,Direct current - 1 500 V,ES,Spain,1994,189,
DC1500,Direct current - 1 500 V,ES,Spain,1995,194,
DC1500,Direct current - 1 500 V,ES,Spain,1996,199,
DC1500,Direct current - 1 500 V,ES,Spain,1997,204,
DC1500,Direct current - 1 500 V,ES,Spain,1998,209,
DC1500,Direct current - 1 500 V,ES,Spain,1999,214,
DC1500,Direct current - 1 500 V,ES,Spain,2000,219,
DC1500,Direct current - 1 500 V,ES,Spain,2001,231,
DC1500,Direct current - 1 500 V,ES,Spain,2002,239,
DC1500,Direct current - 1 500 V,ES,Spain,2003,247,
DC1500,Direct current - 1 500 V,ES,Spain,2004,255,
DC1500,Direct current - 1 500 V,ES,Spain,2005,263,
DC1500,Direct current - 1 500 V,ES,Spain,2006,271,
DC1500,Direct current - 1 500 V,ES,Spain,2007,279,
DC1500,Direct current - 1 500 V,ES,Spain,2008,287,
DC1500,Direct current - 1 500 V,ES,Spain,2009,295,
DC1500,Direct current - 1 500 V,ES,Spain,2010,303,
DC1500,Direct current - 1 500 V,ES,Spain,2011,311,
DC1500,Direct current - 1 500 V,ES,Spain,2012,318,
DC1500,Direct current - 1 500 V,ES,Spain,2013,346,
DC1500,Direct current - 1 500 V,ES,Spain,2014,382,
DC1500,Direct current - 1 500 V,ES,Spain,2015,400,
DC1500,Direct current - 1 500 V,ES,Spain,2016,736,
DC1500,Direct current - 1 500 V,ES,Spain,2017,792,
DC1500,Direct current - 1 500 V,ES,Spain,2018,852,
DC1500,Direct current - 1 500 V,ES,Spain,2019,809.577,
DC1500,Direct current - 1 500 V,ES,Spain,2020,809.577,
DC1500,Direct current - 1 500 V,ES,Spain,2021,809.577,
DC1500,Direct current - 1 500 V,ES,Spain,2022,811.356,
DC1500,Direct current - 1 500 V,ES,Spain,2023,811.356,
DC1500,Direct current - 1 500 V,ES,Spain,2024,726.356,
DC1500,Direct current - 1 500 V,EU27_2020,European Union - 27 countries (from 2020),2008,8415.4,
DC1500,Direct current - 1 500 V,EU27_2020,European Union - 27 countries (from 2020),2009,8411.4,
DC1500,Direct current - 1 500 V,EU27_2020,European Union - 27 countries (from 2020),2010,8508.4,
DC1500,Direct current - 1 500 V,EU27_2020,European Union - 27 countries (from 2020),2012,8523.4,
DC1500,Direct current - 1 500 V,EU27_2020,European Union - 27 countries (from 2020),2013,8348.92,
DC1500,Direct current - 1 500 V,EU27_2020,European Union - 27 countries (from 2020),2015,8485.319,
DC1500,Direct current - 1 500 V,EU27_2020,European Union - 27 countries (from 2020),2016,8872.996,
DC1500,Direct current - 1 500 V,EU27_2020,European Union - 27 countries (from 2020),2017,8911.209,
DC1500,Direct current - 1 500 V,EU27_2020,European Union - 27 countries (from 2020),2018,8884.91,
DC1500,Direct current - 1 500 V,EU27_2020,European Union - 27 countries (from 2020),2019,8849.68,
DC1500,Direct current - 1 500 V,EU27_2020,European Union - 27 countries (from 2020),2020,8801.577,
DC1500,Direct current - 1 500 V,EU27_2020,European Union - 27 countries (from 2020),2021,8833.227,
DC1500,Direct current - 1 500 V,EU27_2020,European Union - 27 countries (from 2020),2022,8837.006,
DC1500,Direct current - 1 500 V,EU27_2020,European Union - 27 countries (from 2020),2023,8841.006,
DC1500,Direct current - 1 500 V,EU27_2020,European Union - 27 countries (from 2020),2024,8750.384,
DC1500,Direct current - 1 500 V,FI,Finland,2008,0,
DC1500,Direct current - 1 500 V,FI,Finland,2009,0,
DC1500,Direct current - 1 500 V,FI,Finland,2010,0,
DC1500,Direct current - 1 500 V,FI,Finland,2012,0,
DC1500,Direct current - 1 500 V,FI,Finland,2013,0,
DC1500,Direct current - 1 500 V,FI,Finland,2014,0,
DC1500,Direct current - 1 500 V,FI,Finland,2015,0,b
DC1500,Direct current - 1 500 V,FI,Finland,2016,0,
DC1500,Direct current - 1 500 V,FI,Finland,2017,0,
DC1500,Direct current - 1 500 V,FI,Finland,2018,0,
DC1500,Direct current - 1 500 V,FI,Finland,2019,0,
DC1500,Direct current - 1 500 V,FI,Finland,2020,0,
DC1500,Direct current - 1 500 V,FI,Finland,2021,0,
DC1500,Direct current - 1 500 V,FI,Finland,2022,0,
DC1500,Direct current - 1 500 V,FI,Finland,2023,0,
DC1500,Direct current - 1 500 V,FI,Finland,2024,0,
DC1500,Direct current - 1 500 V,FR,France,1990,5869,
DC1500,Direct current - 1 500 V,FR,France,1991,5871,
DC1500,Direct current - 1 500 V,FR,France,1992,5896,
DC1500,Direct current - 1 500 V,FR,France,1993,5894,
DC1500,Direct current - 1 500 V,FR,France,1994,5880,
DC1500,Direct current - 1 500 V,FR,France,1995,5833,
DC1500,Direct current - 1 500 V,FR,France,1996,5838,
DC1500,Direct current - 1 500 V,FR,France,1997,5864,
DC1500,Direct current - 1 500 V,FR,France,1998,5835,
DC1500,Direct current - 1 500 V,FR,France,1999,5835,
DC1500,Direct current - 1 500 V,FR,France,2000,5834,
DC1500,Direct current - 1 500 V,FR,France,2001,5823,
DC1500,Direct current - 1 500 V,FR,France,2002,5822,
DC1500,Direct current - 1 500 V,FR,France,2003,5822,
DC1500,Direct current - 1 500 V,FR,France,2004,5839,
DC1500,Direct current - 1 500 V,FR,France,2005,5899,
DC1500,Direct current - 1 500 V,FR,France,2006,5898,
DC1500,Direct current - 1 500 V,FR,France,2007,5897,
DC1500,Direct current - 1 500 V,FR,France,2008,5898,
DC1500,Direct current - 1 500 V,FR,France,2009,5886,
DC1500,Direct current - 1 500 V,FR,France,2010,5863,
DC1500,Direct current - 1 500 V,FR,France,2011,5863,
DC1500,Direct current - 1 500 V,FR,France,2012,5863,
DC1500,Direct current - 1 500 V,FR,France,2013,5656,
DC1500,Direct current - 1 500 V,FR,France,2014,5718,
DC1500,Direct current - 1 500 V,FR,France,2015,5702,
DC1500,Direct current - 1 500 V,FR,France,2016,5741,
DC1500,Direct current - 1 500 V,FR,France,2017,5725,
DC1500,Direct current - 1 500 V,FR,France,2018,5725,
DC1500,Direct current - 1 500 V,FR,France,2019,5730,
DC1500,Direct current - 1 500 V,FR,France,2020,5710,
DC1500,Direct current - 1 500 V,FR,France,2021,5701,
DC1500,Direct current - 1 500 V,FR,France,2022,5703,
DC1500,Direct current - 1 500 V,FR,France,2023,5705,
DC1500,Direct current - 1 500 V,FR,France,2024,5701.828,
DC1500,Direct current - 1 500 V,GE,Georgia,1995,37,
DC1500,Direct current - 1 500 V,GE,Georgia,1996,37,
DC1500,Direct current - 1 500 V,GE,Georgia,1997,37,
DC1500,Direct current - 1 500 V,GE,Georgia,1998,37,
DC1500,Direct current - 1 500 V,GE,Georgia,1999,37,
DC1500,Direct current - 1 500 V,GE,Georgia,2012,37.4,
DC1500,Direct current - 1 500 V,GE,Georgia,2013,37.4,
DC1500,Direct current - 1 500 V,GE,Georgia,2014,37.4,
DC1500,Direct current - 1 500 V,GE,Georgia,2015,37.4,
DC1500,Direct current - 1 500 V,GE,Georgia,2016,37.4,
DC1500,Direct current - 1 500 V,GE,Georgia,2017,37.4,
DC1500,Direct current - 1 500 V,GE,Georgia,2018,37.4,
DC1500,Direct current - 1 500 V,GE,Georgia,2019,37.4,
DC1500,Direct current - 1 500 V,GE,Georgia,2020,0,
DC1500,Direct current - 1 500 V,GE,Georgia,2021,0,
DC1500,Direct current - 1 500 V,GE,Georgia,2022,0,
DC1500,Direct current - 1 500 V,GE,Georgia,2023,0,
DC1500,Direct current - 1 500 V,GE,Georgia,2024,0,
DC1500,Direct current - 1 500 V,HR,Croatia,2008,0,
DC1500,Direct current - 1 500 V,HR,Croatia,2009,0,
DC1500,Direct current - 1 500 V,HR,Croatia,2010,0,
DC1500,Direct current - 1 500 V,HR,Croatia,2011,0,
DC1500,Direct current - 1 500 V,HR,Croatia,2012,0,
DC1500,Direct current - 1 500 V,HR,Croatia,2013,0,
DC1500,Direct current - 1 500 V,HR,Croatia,2014,0,
DC1500,Direct current - 1 500 V,HR,Croatia,2015,0,
DC1500,Direct current - 1 500 V,HR,Croatia,2016,0,
DC1500,Direct current - 1 500 V,HR,Croatia,2017,0,
DC1500,Direct current - 1 500 V,HR,Croatia,2018,0,
DC1500,Direct current - 1 500 V,HR,Croatia,2019,0,
DC1500,Direct current - 1 500 V,HR,Croatia,2020,0,
DC1500,Direct current - 1 500 V,HR,Croatia,2021,0,
DC1500,Direct current - 1 500 V,HR,Croatia,2022,0,
DC1500,Direct current - 1 500 V,HR,Croatia,2023,0,
DC1500,Direct current - 1 500 V,HR,Croatia,2024,0,
DC1500,Direct current - 1 500 V,HU,Hungary,1990,0,
DC1500,Direct current - 1 500 V,HU,Hungary,1991,0,
DC1500,Direct current - 1 500 V,HU,Hungary,1992,0,
DC1500,Direct current - 1 500 V,HU,Hungary,1993,0,
DC1500,Direct current - 1 500 V,HU,Hungary,1994,0,
DC1500,Direct current - 1 500 V,HU,Hungary,1995,0,
DC1500,Direct current - 1 500 V,HU,Hungary,1996,0,
DC1500,Direct current - 1 500 V,HU,Hungary,1997,0,
DC1500,Direct current - 1 500 V,HU,Hungary,1998,0,
DC1500,Direct current - 1 500 V,HU,Hungary,1999,0,
DC1500,Direct current - 1 500 V,HU,Hungary,2000,0,
DC1500,Direct current - 1 500 V,HU,Hungary,2001,0,
DC1500,Direct current - 1 500 V,HU,Hungary,2002,0,
DC1500,Direct current - 1 500 V,HU,Hungary,2004,0,
DC1500,Direct current - 1 500 V,HU,Hungary,2005,0,
DC1500,Direct current - 1 500 V,HU,Hungary,2006,0,
DC1500,Direct current - 1 500 V,HU,Hungary,2007,0,
DC1500,Direct current - 1 500 V,HU,Hungary,2008,0,
DC1500,Direct current - 1 500 V,HU,Hungary,2009,0,
DC1500,Direct current - 1 500 V,HU,Hungary,2010,0,
DC1500,Direct current - 1 500 V,HU,Hungary,2011,0,
DC1500,Direct current - 1 500 V,HU,Hungary,2012,0,
DC1500,Direct current - 1 500 V,HU,Hungary,2013,0,
DC1500,Direct current - 1 500 V,HU,Hungary,2015,0,
DC1500,Direct current - 1 500 V,HU,Hungary,2016,0,
DC1500,Direct current - 1 500 V,HU,Hungary,2017,0,
DC1500,Direct current - 1 500 V,HU,Hungary,2018,0,
DC1500,Direct current - 1 500 V,HU,Hungary,2019,0,
DC1500,Direct current - 1 500 V,HU,Hungary,2020,0,
DC1500,Direct current - 1 500 V,HU,Hungary,2021,0,
DC1500,Direct current - 1 500 V,HU,Hungary,2022,0,
DC1500,Direct current - 1 500 V,HU,Hungary,2023,0,
DC1500,Direct current - 1 500 V,HU,Hungary,2024,0,
DC1500,Direct current - 1 500 V,IE,Ireland,1990,37,
DC1500,Direct current - 1 500 V,IE,Ireland,1991,37,
DC1500,Direct current - 1 500 V,IE,Ireland,1992,37,
DC1500,Direct current - 1 500 V,IE,Ireland,1993,37,
DC1500,Direct current - 1 500 V,IE,Ireland,1994,37,
DC1500,Direct current - 1 500 V,IE,Ireland,1995,37,
DC1500,Direct current - 1 500 V,IE,Ireland,1996,37,
DC1500,Direct current - 1 500 V,IE,Ireland,1997,37,
DC1500,Direct current - 1 500 V,IE,Ireland,1998,37,
DC1500,Direct current - 1 500 V,IE,Ireland,1999,47,
DC1500,Direct current - 1 500 V,IE,Ireland,2000,47,
DC1500,Direct current - 1 500 V,IE,Ireland,2001,47,
DC1500,Direct current - 1 500 V,IE,Ireland,2002,48,
DC1500,Direct current - 1 500 V,IE,Ireland,2003,49,
DC1500,Direct current - 1 500 V,IE,Ireland,2004,50,
DC1500,Direct current - 1 500 V,IE,Ireland,2005,51,
DC1500,Direct current - 1 500 V,IE,Ireland,2006,52,
DC1500,Direct current - 1 500 V,IE,Ireland,2007,53,
DC1500,Direct current - 1 500 V,IE,Ireland,2008,53,
DC1500,Direct current - 1 500 V,IE,Ireland,2009,53,
DC1500,Direct current - 1 500 V,IE,Ireland,2010,53,
DC1500,Direct current - 1 500 V,IE,Ireland,2011,53,
DC1500,Direct current - 1 500 V,IE,Ireland,2012,53,
DC1500,Direct current - 1 500 V,IE,Ireland,2013,53,
DC1500,Direct current - 1 500 V,IE,Ireland,2014,53,
DC1500,Direct current - 1 500 V,IE,Ireland,2015,53,
DC1500,Direct current - 1 500 V,IE,Ireland,2016,53,
DC1500,Direct current - 1 500 V,IE,Ireland,2017,53,
DC1500,Direct current - 1 500 V,IE,Ireland,2018,53,
DC1500,Direct current - 1 500 V,IE,Ireland,2019,53,
DC1500,Direct current - 1 500 V,IE,Ireland,2020,53,
DC1500,Direct current - 1 500 V,IE,Ireland,2021,53,
DC1500,Direct current - 1 500 V,IE,Ireland,2022,53,
DC1500,Direct current - 1 500 V,IE,Ireland,2023,53,i
DC1500,Direct current - 1 500 V,IE,Ireland,2024,53,
DC1500,Direct current - 1 500 V,IT,Italy,1990,0,
DC1500,Direct current - 1 500 V,IT,Italy,1991,0,
DC1500,Direct current - 1 500 V,IT,Italy,1992,0,
DC1500,Direct current - 1 500 V,IT,Italy,1993,0,
DC1500,Direct current - 1 500 V,IT,Italy,1994,0,
DC1500,Direct current - 1 500 V,IT,Italy,1995,0,
DC1500,Direct current - 1 500 V,IT,Italy,1996,0,
DC1500,Direct current - 1 500 V,IT,Italy,1997,0,
DC1500,Direct current - 1 500 V,IT,Italy,1998,0,
DC1500,Direct current - 1 500 V,IT,Italy,1999,0,
DC1500,Direct current - 1 500 V,IT,Italy,2000,0,
DC1500,Direct current - 1 500 V,IT,Italy,2001,0,
DC1500,Direct current - 1 500 V,IT,Italy,2002,0,
DC1500,Direct current - 1 500 V,IT,Italy,2003,0,
DC1500,Direct current - 1 500 V,IT,Italy,2004,0,
DC1500,Direct current - 1 500 V,IT,Italy,2005,0,
DC1500,Direct current - 1 500 V,IT,Italy,2006,0,
DC1500,Direct current - 1 500 V,IT,Italy,2007,0,
DC1500,Direct current - 1 500 V,IT,Italy,2008,0,
DC1500,Direct current - 1 500 V,IT,Italy,2009,0,
DC1500,Direct current - 1 500 V,IT,Italy,2010,0,
DC1500,Direct current - 1 500 V,IT,Italy,2011,0,
DC1500,Direct current - 1 500 V,IT,Italy,2012,0,
DC1500,Direct current - 1 500 V,IT,Italy,2013,0,
DC1500,Direct current - 1 500 V,IT,Italy,2014,0,
DC1500,Direct current - 1 500 V,IT,Italy,2015,0,
DC1500,Direct current - 1 500 V,IT,Italy,2016,0,
DC1500,Direct current - 1 500 V,IT,Italy,2017,0,
DC1500,Direct current - 1 500 V,IT,Italy,2018,0,
DC1500,Direct current - 1 500 V,IT,Italy,2019,0,
DC1500,Direct current - 1 500 V,IT,Italy,2020,0,
DC1500,Direct current - 1 500 V,IT,Italy,2021,0,
DC1500,Direct current - 1 500 V,IT,Italy,2022,0,
DC1500,Direct current - 1 500 V,IT,Italy,2023,0,
DC1500,Direct current - 1 500 V,IT,Italy,2024,0,
DC1500,Direct current - 1 500 V,LI,Liechtenstein,2013,0,
DC1500,Direct current - 1 500 V,LI,Liechtenstein,2014,0,
DC1500,Direct current - 1 500 V,LI,Liechtenstein,2015,0,
DC1500,Direct current - 1 500 V,LI,Liechtenstein,2016,0,
DC1500,Direct current - 1 500 V,LI,Liechtenstein,2017,0,
DC1500,Direct current - 1 500 V,LI,Liechtenstein,2018,0,
DC1500,Direct current - 1 500 V,LI,Liechtenstein,2019,0,
DC1500,Direct current - 1 500 V,LI,Liechtenstein,2020,0,
DC1500,Direct current - 1 500 V,LI,Liechtenstein,2021,0,
DC1500,Direct current - 1 500 V,LI,Liechtenstein,2022,0,
DC1500,Direct current - 1 500 V,LI,Liechtenstein,2023,0,
DC1500,Direct current - 1 500 V,LI,Liechtenstein,2024,0,
DC1500,Direct current - 1 500 V,LT,Lithuania,1990,0,
DC1500,Direct current - 1 500 V,LT,Lithuania,1991,0,
DC1500,Direct current - 1 500 V,LT,Lithuania,1992,0,
DC1500,Direct current - 1 500 V,LT,Lithuania,1993,0,
DC1500,Direct current - 1 500 V,LT,Lithuania,1994,0,
DC1500,Direct current - 1 500 V,LT,Lithuania,1995,0,
DC1500,Direct current - 1 500 V,LT,Lithuania,1996,0,
DC1500,Direct current - 1 500 V,LT,Lithuania,1997,0,
DC1500,Direct current - 1 500 V,LT,Lithuania,1998,0,
DC1500,Direct current - 1 500 V,LT,Lithuania,1999,0,
DC1500,Direct current - 1 500 V,LT,Lithuania,2000,0,
DC1500,Direct current - 1 500 V,LT,Lithuania,2001,0,
DC1500,Direct current - 1 500 V,LT,Lithuania,2002,0,
DC1500,Direct current - 1 500 V,LT,Lithuania,2004,0,
DC1500,Direct current - 1 500 V,LT,Lithuania,2005,0,
DC1500,Direct current - 1 500 V,LT,Lithuania,2006,0,
DC1500,Direct current - 1 500 V,LT,Lithuania,2007,0,
DC1500,Direct current - 1 500 V,LT,Lithuania,2008,0,
DC1500,Direct current - 1 500 V,LT,Lithuania,2009,0,
DC1500,Direct current - 1 500 V,LT,Lithuania,2010,0,
DC1500,Direct current - 1 500 V,LT,Lithuania,2011,0,
DC1500,Direct current - 1 500 V,LT,Lithuania,2012,0,
DC1500,Direct current - 1 500 V,LT,Lithuania,2013,0,
DC1500,Direct current - 1 500 V,LT,Lithuania,2014,0,
DC1500,Direct current - 1 500 V,LT,Lithuania,2015,0,
DC1500,Direct current - 1 500 V,LT,Lithuania,2016,0,
DC1500,Direct current - 1 500 V,LT,Lithuania,2017,0,
DC1500,Direct current - 1 500 V,LT,Lithuania,2018,0,
DC1500,Direct current - 1 500 V,LT,Lithuania,2019,0,
DC1500,Direct current - 1 500 V,LT,Lithuania,2020,0,
DC1500,Direct current - 1 500 V,LT,Lithuania,2021,0,
DC1500,Direct current - 1 500 V,LT,Lithuania,2022,0,
DC1500,Direct current - 1 500 V,LT,Lithuania,2023,0,
DC1500,Direct current - 1 500 V,LT,Lithuania,2024,0,
DC1500,Direct current - 1 500 V,LU,Luxembourg,1990,0,
DC1500,Direct current - 1 500 V,LU,Luxembourg,1991,0,
DC1500,Direct current - 1 500 V,LU,Luxembourg,1992,0,
DC1500,Direct current - 1 500 V,LU,Luxembourg,1993,0,
DC1500,Direct current - 1 500 V,LU,Luxembourg,1994,0,
DC1500,Direct current - 1 500 V,LU,Luxembourg,1995,0,
DC1500,Direct current - 1 500 V,LU,Luxembourg,1996,0,
DC1500,Direct current - 1 500 V,LU,Luxembourg,1997,0,
DC1500,Direct current - 1 500 V,LU,Luxembourg,1998,0,
DC1500,Direct current - 1 500 V,LU,Luxembourg,1999,0,
DC1500,Direct current - 1 500 V,LU,Luxembourg,2000,0,
DC1500,Direct current - 1 500 V,LU,Luxembourg,2001,0,
DC1500,Direct current - 1 500 V,LU,Luxembourg,2002,0,
DC1500,Direct current - 1 500 V,LU,Luxembourg,2003,0,
DC1500,Direct current - 1 500 V,LU,Luxembourg,2004,0,
DC1500,Direct current - 1 500 V,LU,Luxembourg,2005,0,
DC1500,Direct current - 1 500 V,LU,Luxembourg,2006,0,
DC1500,Direct current - 1 500 V,LU,Luxembourg,2007,0,
DC1500,Direct current - 1 500 V,LU,Luxembourg,2008,0,
DC1500,Direct current - 1 500 V,LU,Luxembourg,2009,0,
DC1500,Direct current - 1 500 V,LU,Luxembourg,2010,0,
DC1500,Direct current - 1 500 V,LU,Luxembourg,2011,0,
DC1500,Direct current - 1 500 V,LU,Luxembourg,2012,0,
DC1500,Direct current - 1 500 V,LU,Luxembourg,2013,0,
DC1500,Direct current - 1 500 V,LU,Luxembourg,2014,0,
DC1500,Direct current - 1 500 V,LU,Luxembourg,2015,0,
DC1500,Direct current - 1 500 V,LU,Luxembourg,2016,0,
DC1500,Direct current - 1 500 V,LU,Luxembourg,2017,0,
DC1500,Direct current - 1 500 V,LU,Luxembourg,2018,0,
DC1500,Direct current - 1 500 V,LU,Luxembourg,2019,0,
DC1500,Direct current - 1 500 V,LU,Luxembourg,2020,0,
DC1500,Direct current - 1 500 V,LU,Luxembourg,2021,0,
DC1500,Direct current - 1 500 V,LU,Luxembourg,2022,0,
DC1500,Direct current - 1 500 V,LU,Luxembourg,2023,0,
DC1500,Direct current - 1 500 V,LU,Luxembourg,2024,0,
DC1500,Direct current - 1 500 V,LV,Latvia,1990,0,
DC1500,Direct current - 1 500 V,LV,Latvia,1991,0,
DC1500,Direct current - 1 500 V,LV,Latvia,1992,0,
DC1500,Direct current - 1 500 V,LV,Latvia,1993,0,
DC1500,Direct current - 1 500 V,LV,Latvia,1994,0,
DC1500,Direct current - 1 500 V,LV,Latvia,1995,0,
DC1500,Direct current - 1 500 V,LV,Latvia,1996,0,
DC1500,Direct current - 1 500 V,LV,Latvia,1997,0,
DC1500,Direct current - 1 500 V,LV,Latvia,1998,0,
DC1500,Direct current - 1 500 V,LV,Latvia,1999,0,
DC1500,Direct current - 1 500 V,LV,Latvia,2000,0,
DC1500,Direct current - 1 500 V,LV,Latvia,2001,0,
DC1500,Direct current - 1 500 V,LV,Latvia,2002,0,
DC1500,Direct current - 1 500 V,LV,Latvia,2003,0,
DC1500,Direct current - 1 500 V,LV,Latvia,2004,0,
DC1500,Direct current - 1 500 V,LV,Latvia,2005,0,
DC1500,Direct current - 1 500 V,LV,Latvia,2006,0,
DC1500,Direct current - 1 500 V,LV,Latvia,2007,0,
DC1500,Direct current - 1 500 V,LV,Latvia,2008,0,
DC1500,Direct current - 1 500 V,LV,Latvia,2009,0,
DC1500,Direct current - 1 500 V,LV,Latvia,2010,0,
DC1500,Direct current - 1 500 V,LV,Latvia,2011,0,
DC1500,Direct current - 1 500 V,LV,Latvia,2012,0,
DC1500,Direct current - 1 500 V,LV,Latvia,2013,0,
DC1500,Direct current - 1 500 V,LV,Latvia,2014,0,
DC1500,Direct current - 1 500 V,LV,Latvia,2015,0,
DC1500,Direct current - 1 500 V,LV,Latvia,2016,0,
DC1500,Direct current - 1 500 V,LV,Latvia,2017,0,
DC1500,Direct current - 1 500 V,LV,Latvia,2018,0,
DC1500,Direct current - 1 500 V,LV,Latvia,2019,0,
DC1500,Direct current - 1 500 V,LV,Latvia,2020,0,
DC1500,Direct current - 1 500 V,LV,Latvia,2021,0,
DC1500,Direct current - 1 500 V,LV,Latvia,2022,0,
DC1500,Direct current - 1 500 V,LV,Latvia,2023,0,
DC1500,Direct current - 1 500 V,LV,Latvia,2024,0,
DC1500,Direct current - 1 500 V,MD,Moldova,1990,0,
DC1500,Direct current - 1 500 V,MD,Moldova,1991,0,
DC1500,Direct current - 1 500 V,MD,Moldova,1992,0,
DC1500,Direct current - 1 500 V,MD,Moldova,1993,0,
DC1500,Direct current - 1 500 V,MD,Moldova,1994,0,
DC1500,Direct current - 1 500 V,MD,Moldova,1995,0,
DC1500,Direct current - 1 500 V,MD,Moldova,1996,0,
DC1500,Direct current - 1 500 V,MD,Moldova,1997,0,
DC1500,Direct current - 1 500 V,MD,Moldova,1998,0,
DC1500,Direct current - 1 500 V,MD,Moldova,1999,0,
DC1500,Direct current - 1 500 V,MD,Moldova,2000,0,
DC1500,Direct current - 1 500 V,MD,Moldova,2001,0,
DC1500,Direct current - 1 500 V,MD,Moldova,2002,0,
DC1500,Direct current - 1 500 V,MD,Moldova,2004,0,
DC1500,Direct current - 1 500 V,MD,Moldova,2009,0,
DC1500,Direct current - 1 500 V,MD,Moldova,2010,0,
DC1500,Direct current - 1 500 V,MD,Moldova,2011,0,
DC1500,Direct current - 1 500 V,MD,Moldova,2012,0,
DC1500,Direct current - 1 500 V,MD,Moldova,2013,0,
DC1500,Direct current - 1 500 V,MD,Moldova,2014,0,
DC1500,Direct current - 1 500 V,MD,Moldova,2015,0,
DC1500,Direct current - 1 500 V,MD,Moldova,2016,0,
DC1500,Direct current - 1 500 V,MD,Moldova,2017,0,
DC1500,Direct current - 1 500 V,MD,Moldova,2018,0,
DC1500,Direct current - 1 500 V,MD,Moldova,2019,0,
DC1500,Direct current - 1 500 V,MD,Moldova,2020,0,
DC1500,Direct current - 1 500 V,MD,Moldova,2021,0,
DC1500,Direct current - 1 500 V,MD,Moldova,2022,0,
DC1500,Direct current - 1 500 V,MD,Moldova,2023,0,
DC1500,Direct current - 1 500 V,MD,Moldova,2024,0,
DC1500,Direct current - 1 500 V,ME,Montenegro,2011,0,
DC1500,Direct current - 1 500 V,ME,Montenegro,2012,0,
DC1500,Direct current - 1 500 V,ME,Montenegro,2013,0,
DC1500,Direct current - 1 500 V,ME,Montenegro,2014,0,
DC1500,Direct current - 1 500 V,ME,Montenegro,2015,0,
DC1500,Direct current - 1 500 V,ME,Montenegro,2016,0,
DC1500,Direct current - 1 500 V,ME,Montenegro,2017,0,
DC1500,Direct current - 1 500 V,ME,Montenegro,2018,0,
DC1500,Direct current - 1 500 V,ME,Montenegro,2020,0,
DC1500,Direct current - 1 500 V,ME,Montenegro,2021,0,
DC1500,Direct current - 1 500 V,ME,Montenegro,2022,0,
DC1500,Direct current - 1 500 V,ME,Montenegro,2023,0,
DC1500,Direct current - 1 500 V,ME,Montenegro,2024,0,
DC1500,Direct current - 1 500 V,MK,North Macedonia,1990,0,
DC1500,Direct current - 1 500 V,MK,North Macedonia,1992,0,
DC1500,Direct current - 1 500 V,MK,North Macedonia,1993,0,
DC1500,Direct current - 1 500 V,MK,North Macedonia,1994,0,
DC1500,Direct current - 1 500 V,MK,North Macedonia,1995,0,
DC1500,Direct current - 1 500 V,MK,North Macedonia,1996,0,
DC1500,Direct current - 1 500 V,MK,North Macedonia,1997,0,
DC1500,Direct current - 1 500 V,MK,North Macedonia,1998,0,
DC1500,Direct current - 1 500 V,MK,North Macedonia,1999,0,
DC1500,Direct current - 1 500 V,MK,North Macedonia,2000,0,
DC1500,Direct current - 1 500 V,MK,North Macedonia,2001,0,
DC1500,Direct current - 1 500 V,MK,North Macedonia,2002,0,
DC1500,Direct current - 1 500 V,MK,North Macedonia,2004,0,
DC1500,Direct current - 1 500 V,MK,North Macedonia,2008,0,
DC1500,Direct current - 1 500 V,MK,North Macedonia,2009,0,
DC1500,Direct current - 1 500 V,MK,North Macedonia,2010,0,
DC1500,Direct current - 1 500 V,MK,North Macedonia,2011,0,
DC1500,Direct current - 1 500 V,MK,North Macedonia,2012,0,
DC1500,Direct current - 1 500 V,MK,North Macedonia,2013,0,
DC1500,Direct current - 1 500 V,MK,North Macedonia,2014,0,
DC1500,Direct current - 1 500 V,MK,North Macedonia,2015,0,
DC1500,Direct current - 1 500 V,MK,North Macedonia,2016,0,
DC1500,Direct current - 1 500 V,MK,North Macedonia,2017,0,
DC1500,Direct current - 1 500 V,MK,North Macedonia,2018,0,
DC1500,Direct current - 1 500 V,MK,North Macedonia,2019,0,
DC1500,Direct current - 1 500 V,MK,North Macedonia,2020,0,
DC1500,Direct current - 1 500 V,MK,North Macedonia,2021,0,
DC1500,Direct current - 1 500 V,MK,North Macedonia,2022,0,
DC1500,Direct current - 1 500 V,MK,North Macedonia,2023,0,
DC1500,Direct current - 1 500 V,MK,North Macedonia,2024,0,
DC1500,Direct current - 1 500 V,NL,Netherlands,1990,1923,
DC1500,Direct current - 1 500 V,NL,Netherlands,2008,1897,
DC1500,Direct current - 1 500 V,NL,Netherlands,2009,1897,
DC1500,Direct current - 1 500 V,NL,Netherlands,2010,2008,
DC1500,Direct current - 1 500 V,NL,Netherlands,2011,2008,
DC1500,Direct current - 1 500 V,NL,Netherlands,2012,2008,
DC1500,Direct current - 1 500 V,NL,Netherlands,2013,2008,i
DC1500,Direct current - 1 500 V,NL,Netherlands,2014,2049,i
DC1500,Direct current - 1 500 V,NL,Netherlands,2015,2044,i
DC1500,Direct current - 1 500 V,NL,Netherlands,2016,2056,i
DC1500,Direct current - 1 500 V,NL,Netherlands,2017,2052,i
DC1500,Direct current - 1 500 V,NL,Netherlands,2018,1966,i
DC1500,Direct current - 1 500 V,NL,Netherlands,2019,1966,i
DC1500,Direct current - 1 500 V,NL,Netherlands,2020,1937,i
DC1500,Direct current - 1 500 V,NL,Netherlands,2021,1976,i
DC1500,Direct current - 1 500 V,NL,Netherlands,2022,1977,i
DC1500,Direct current - 1 500 V,NL,Netherlands,2023,1979,i
DC1500,Direct current - 1 500 V,NL,Netherlands,2024,1977,i
DC1500,Direct current - 1 500 V,NO,Norway,1998,0,
DC1500,Direct current - 1 500 V,NO,Norway,1999,0,
DC1500,Direct current - 1 500 V,NO,Norway,2004,0,
DC1500,Direct current - 1 500 V,NO,Norway,2005,0,
DC1500,Direct current - 1 500 V,NO,Norway,2006,0,n
DC1500,Direct current - 1 500 V,NO,Norway,2007,0,n
DC1500,Direct current - 1 500 V,NO,Norway,2008,0,
DC1500,Direct current - 1 500 V,NO,Norway,2009,0,
DC1500,Direct current - 1 500 V,NO,Norway,2010,0,
DC1500,Direct current - 1 500 V,NO,Norway,2011,0,
DC1500,Direct current - 1 500 V,NO,Norway,2012,0,
DC1500,Direct current - 1 500 V,NO,Norway,2013,0,
DC1500,Direct current - 1 500 V,NO,Norway,2014,0,
DC1500,Direct current - 1 500 V,NO,Norway,2015,0,
DC1500,Direct current - 1 500 V,NO,Norway,2016,0,
DC1500,Direct current - 1 500 V,NO,Norway,2017,0,
DC1500,Direct current - 1 500 V,NO,Norway,2018,0,
DC1500,Direct current - 1 500 V,NO,Norway,2019,0,
DC1500,Direct current - 1 500 V,NO,Norway,2020,0,
DC1500,Direct current - 1 500 V,NO,Norway,2021,0,
DC1500,Direct current - 1 500 V,NO,Norway,2022,0,
DC1500,Direct current - 1 500 V,NO,Norway,2023,0,
DC1500,Direct current - 1 500 V,NO,Norway,2024,0,
DC1500,Direct current - 1 500 V,PL,Poland,1995,0,
DC1500,Direct current - 1 500 V,PL,Poland,1996,0,
DC1500,Direct current - 1 500 V,PL,Poland,1997,0,
DC1500,Direct current - 1 500 V,PL,Poland,1998,0,
DC1500,Direct current - 1 500 V,PL,Poland,1999,0,
DC1500,Direct current - 1 500 V,PL,Poland,2000,0,
DC1500,Direct current - 1 500 V,PL,Poland,2001,0,
DC1500,Direct current - 1 500 V,PL,Poland,2002,0,
DC1500,Direct current - 1 500 V,PL,Poland,2003,0,i
DC1500,Direct current - 1 500 V,PL,Poland,2004,0,
DC1500,Direct current - 1 500 V,PL,Poland,2005,0,
DC1500,Direct current - 1 500 V,PL,Poland,2006,0,
DC1500,Direct current - 1 500 V,PL,Poland,2007,0,
DC1500,Direct current - 1 500 V,PL,Poland,2008,0,
DC1500,Direct current - 1 500 V,PL,Poland,2009,0,
DC1500,Direct current - 1 500 V,PL,Poland,2010,0,
DC1500,Direct current - 1 500 V,PL,Poland,2011,0,
DC1500,Direct current - 1 500 V,PL,Poland,2012,0,
DC1500,Direct current - 1 500 V,PL,Poland,2013,0,
DC1500,Direct current - 1 500 V,PL,Poland,2014,0,
DC1500,Direct current - 1 500 V,PL,Poland,2015,0,
DC1500,Direct current - 1 500 V,PL,Poland,2016,0,
DC1500,Direct current - 1 500 V,PL,Poland,2017,0,
DC1500,Direct current - 1 500 V,PL,Poland,2018,0,
DC1500,Direct current - 1 500 V,PL,Poland,2019,0,
DC1500,Direct current - 1 500 V,PL,Poland,2020,0,
DC1500,Direct current - 1 500 V,PL,Poland,2021,0,
DC1500,Direct current - 1 500 V,PL,Poland,2022,0,
DC1500,Direct current - 1 500 V,PL,Poland,2023,0,
DC1500,Direct current - 1 500 V,PL,Poland,2024,0,
DC1500,Direct current - 1 500 V,PT,Portugal,1990,25,
DC1500,Direct current - 1 500 V,PT,Portugal,1991,25,
DC1500,Direct current - 1 500 V,PT,Portugal,1992,26,
DC1500,Direct current - 1 500 V,PT,Portugal,1993,26,
DC1500,Direct current - 1 500 V,PT,Portugal,1994,26,
DC1500,Direct current - 1 500 V,PT,Portugal,1995,26,
DC1500,Direct current - 1 500 V,PT,Portugal,1996,26,
DC1500,Direct current - 1 500 V,PT,Portugal,1997,26,
DC1500,Direct current - 1 500 V,PT,Portugal,1998,25,
DC1500,Direct current - 1 500 V,PT,Portugal,1999,25,
DC1500,Direct current - 1 500 V,PT,Portugal,2000,25,
DC1500,Direct current - 1 500 V,PT,Portugal,2001,25,
DC1500,Direct current - 1 500 V,PT,Portugal,2002,25.4,
DC1500,Direct current - 1 500 V,PT,Portugal,2003,25.4,i
DC1500,Direct current - 1 500 V,PT,Portugal,2004,25.4,i
DC1500,Direct current - 1 500 V,PT,Portugal,2005,25.4,i
DC1500,Direct current - 1 500 V,PT,Portugal,2006,25.4,i
DC1500,Direct current - 1 500 V,PT,Portugal,2007,25.4,i
DC1500,Direct current - 1 500 V,PT,Portugal,2008,25.4,
DC1500,Direct current - 1 500 V,PT,Portugal,2009,25.4,
DC1500,Direct current - 1 500 V,PT,Portugal,2010,25.4,
DC1500,Direct current - 1 500 V,PT,Portugal,2011,25.4,
DC1500,Direct current - 1 500 V,PT,Portugal,2012,25.4,
DC1500,Direct current - 1 500 V,PT,Portugal,2013,25.4,
DC1500,Direct current - 1 500 V,PT,Portugal,2014,25.5,
DC1500,Direct current - 1 500 V,PT,Portugal,2015,25.5,
DC1500,Direct current - 1 500 V,PT,Portugal,2016,25.5,
DC1500,Direct current - 1 500 V,PT,Portugal,2017,25.45,
DC1500,Direct current - 1 500 V,PT,Portugal,2018,25.45,
DC1500,Direct current - 1 500 V,PT,Portugal,2019,25.45,
DC1500,Direct current - 1 500 V,PT,Portugal,2020,25.45,
DC1500,Direct current - 1 500 V,PT,Portugal,2021,25.45,
DC1500,Direct current - 1 500 V,PT,Portugal,2022,25.45,
DC1500,Direct current - 1 500 V,PT,Portugal,2023,25.45,
DC1500,Direct current - 1 500 V,PT,Portugal,2024,25,
DC1500,Direct current - 1 500 V,RO,Romania,1990,0,
DC1500,Direct current - 1 500 V,RO,Romania,1991,0,
DC1500,Direct current - 1 500 V,RO,Romania,1992,0,
DC1500,Direct current - 1 500 V,RO,Romania,1993,0,
DC1500,Direct current - 1 500 V,RO,Romania,1994,0,
DC1500,Direct current - 1 500 V,RO,Romania,1995,0,
DC1500,Direct current - 1 500 V,RO,Romania,1996,0,
DC1500,Direct current - 1 500 V,RO,Romania,1997,0,
DC1500,Direct current - 1 500 V,RO,Romania,1998,0,
DC1500,Direct current - 1 500 V,RO,Romania,1999,0,
DC1500,Direct current - 1 500 V,RO,Romania,2000,0,
DC1500,Direct current - 1 500 V,RO,Romania,2001,0,
DC1500,Direct current - 1 500 V,RO,Romania,2002,0,
DC1500,Direct current - 1 500 V,RO,Romania,2004,0,
DC1500,Direct current - 1 500 V,RO,Romania,2008,0,
DC1500,Direct current - 1 500 V,RO,Romania,2009,0,
DC1500,Direct current - 1 500 V,RO,Romania,2010,0,
DC1500,Direct current - 1 500 V,RO,Romania,2011,0,
DC1500,Direct current - 1 500 V,RO,Romania,2012,0,
DC1500,Direct current - 1 500 V,RO,Romania,2013,0,
DC1500,Direct current - 1 500 V,RO,Romania,2014,0,
DC1500,Direct current - 1 500 V,RO,Romania,2015,0,
DC1500,Direct current - 1 500 V,RO,Romania,2016,0,
DC1500,Direct current - 1 500 V,RO,Romania,2017,0,
DC1500,Direct current - 1 500 V,RO,Romania,2018,0,
DC1500,Direct current - 1 500 V,RO,Romania,2019,0,
DC1500,Direct current - 1 500 V,RO,Romania,2020,0,
DC1500,Direct current - 1 500 V,RO,Romania,2021,0,
DC1500,Direct current - 1 500 V,RO,Romania,2022,0,
DC1500,Direct current - 1 500 V,RO,Romania,2023,0,
DC1500,Direct current - 1 500 V,RO,Romania,2024,0,
DC1500,Direct current - 1 500 V,RS,Serbia,2006,0,
DC1500,Direct current - 1 500 V,RS,Serbia,2007,0,
DC1500,Direct current - 1 500 V,RS,Serbia,2008,0,
DC1500,Direct current - 1 500 V,RS,Serbia,2009,0,
DC1500,Direct current - 1 500 V,RS,Serbia,2010,0,
DC1500,Direct current - 1 500 V,RS,Serbia,2011,0,
DC1500,Direct current - 1 500 V,RS,Serbia,2012,0,
DC1500,Direct current - 1 500 V,RS,Serbia,2013,0,
DC1500,Direct current - 1 500 V,RS,Serbia,2014,0,
DC1500,Direct current - 1 500 V,RS,Serbia,2015,0,
DC1500,Direct current - 1 500 V,RS,Serbia,2016,0,
DC1500,Direct current - 1 500 V,RS,Serbia,2017,0,
DC1500,Direct current - 1 500 V,RS,Serbia,2018,0,
DC1500,Direct current - 1 500 V,RS,Serbia,2019,0,
DC1500,Direct current - 1 500 V,RS,Serbia,2020,0,
DC1500,Direct current - 1 500 V,RS,Serbia,2021,0,
DC1500,Direct current - 1 500 V,RS,Serbia,2022,0,
DC1500,Direct current - 1 500 V,RS,Serbia,2023,0,
DC1500,Direct current - 1 500 V,RS,Serbia,2024,0,
DC1500,Direct current - 1 500 V,SE,Sweden,1990,0,
DC1500,Direct current - 1 500 V,SE,Sweden,1991,0,
DC1500,Direct current - 1 500 V,SE,Sweden,1992,0,
DC1500,Direct current - 1 500 V,SE,Sweden,1993,0,
DC1500,Direct current - 1 500 V,SE,Sweden,1994,0,
DC1500,Direct current - 1 500 V,SE,Sweden,1995,0,
DC1500,Direct current - 1 500 V,SE,Sweden,1996,0,
DC1500,Direct current - 1 500 V,SE,Sweden,1997,0,
DC1500,Direct current - 1 500 V,SE,Sweden,1998,0,
DC1500,Direct current - 1 500 V,SE,Sweden,1999,0,
DC1500,Direct current - 1 500 V,SE,Sweden,2000,0,
DC1500,Direct current - 1 500 V,SE,Sweden,2001,0,
DC1500,Direct current - 1 500 V,SE,Sweden,2002,0,
DC1500,Direct current - 1 500 V,SE,Sweden,2003,0,
DC1500,Direct current - 1 500 V,SE,Sweden,2004,0,
DC1500,Direct current - 1 500 V,SE,Sweden,2005,0,
DC1500,Direct current - 1 500 V,SE,Sweden,2006,0,
DC1500,Direct current - 1 500 V,SE,Sweden,2007,0,
DC1500,Direct current - 1 500 V,SE,Sweden,2008,0,
DC1500,Direct current - 1 500 V,SE,Sweden,2009,0,
DC1500,Direct current - 1 500 V,SE,Sweden,2010,0,
DC1500,Direct current - 1 500 V,SE,Sweden,2011,0,
DC1500,Direct current - 1 500 V,SE,Sweden,2012,0,
DC1500,Direct current - 1 500 V,SE,Sweden,2013,0,
DC1500,Direct current - 1 500 V,SE,Sweden,2014,0,
DC1500,Direct current - 1 500 V,SE,Sweden,2015,0,
DC1500,Direct current - 1 500 V,SE,Sweden,2016,0,
DC1500,Direct current - 1 500 V,SE,Sweden,2017,0,
DC1500,Direct current - 1 500 V,SE,Sweden,2018,0,
DC1500,Direct current - 1 500 V,SE,Sweden,2019,0,
DC1500,Direct current - 1 500 V,SE,Sweden,2020,0,
DC1500,Direct current - 1 500 V,SE,Sweden,2021,0,
DC1500,Direct current - 1 500 V,SE,Sweden,2022,0,
DC1500,Direct current - 1 500 V,SE,Sweden,2023,0,
DC1500,Direct current - 1 500 V,SE,Sweden,2024,0,
DC1500,Direct current - 1 500 V,SI,Slovenia,1992,0,
DC1500,Direct current - 1 500 V,SI,Slovenia,1993,0,
DC1500,Direct current - 1 500 V,SI,Slovenia,1994,0,
DC1500,Direct current - 1 500 V,SI,Slovenia,1995,0,
DC1500,Direct current - 1 500 V,SI,Slovenia,1996,0,
DC1500,Direct current - 1 500 V,SI,Slovenia,1997,0,
DC1500,Direct current - 1 500 V,SI,Slovenia,1998,0,
DC1500,Direct current - 1 500 V,SI,Slovenia,1999,0,
DC1500,Direct current - 1 500 V,SI,Slovenia,2000,0,
DC1500,Direct current - 1 500 V,SI,Slovenia,2001,0,
DC1500,Direct current - 1 500 V,SI,Slovenia,2002,0,
DC1500,Direct current - 1 500 V,SI,Slovenia,2003,0,
DC1500,Direct current - 1 500 V,SI,Slovenia,2008,0,
DC1500,Direct current - 1 500 V,SI,Slovenia,2009,0,
DC1500,Direct current - 1 500 V,SI,Slovenia,2010,0,
DC1500,Direct current - 1 500 V,SI,Slovenia,2011,0,
DC1500,Direct current - 1 500 V,SI,Slovenia,2012,0,
DC1500,Direct current - 1 500 V,SI,Slovenia,2013,0,
DC1500,Direct current - 1 500 V,SI,Slovenia,2014,0,
DC1500,Direct current - 1 500 V,SI,Slovenia,2015,0,
DC1500,Direct current - 1 500 V,SI,Slovenia,2016,0,
DC1500,Direct current - 1 500 V,SI,Slovenia,2017,0,
DC1500,Direct current - 1 500 V,SI,Slovenia,2018,0,
DC1500,Direct current - 1 500 V,SI,Slovenia,2019,0,
DC1500,Direct current - 1 500 V,SI,Slovenia,2020,0,
DC1500,Direct current - 1 500 V,SI,Slovenia,2021,0,
DC1500,Direct current - 1 500 V,SI,Slovenia,2022,0,
DC1500,Direct current - 1 500 V,SI,Slovenia,2023,0,
DC1500,Direct current - 1 500 V,SI,Slovenia,2024,0,
DC1500,Direct current - 1 500 V,SK,Slovakia,1995,42,
DC1500,Direct current - 1 500 V,SK,Slovakia,1996,42,
DC1500,Direct current - 1 500 V,SK,Slovakia,1997,41,
DC1500,Direct current - 1 500 V,SK,Slovakia,1998,41,
DC1500,Direct current - 1 500 V,SK,Slovakia,1999,41,
DC1500,Direct current - 1 500 V,SK,Slovakia,2000,41,
DC1500,Direct current - 1 500 V,SK,Slovakia,2001,41,
DC1500,Direct current - 1 500 V,SK,Slovakia,2002,39,
DC1500,Direct current - 1 500 V,SK,Slovakia,2003,40,
DC1500,Direct current - 1 500 V,SK,Slovakia,2004,40,
DC1500,Direct current - 1 500 V,SK,Slovakia,2005,40,
DC1500,Direct current - 1 500 V,SK,Slovakia,2006,40,
DC1500,Direct current - 1 500 V,SK,Slovakia,2007,40,
DC1500,Direct current - 1 500 V,SK,Slovakia,2008,40,
DC1500,Direct current - 1 500 V,SK,Slovakia,2009,40,
DC1500,Direct current - 1 500 V,SK,Slovakia,2010,41,
DC1500,Direct current - 1 500 V,SK,Slovakia,2011,40,
DC1500,Direct current - 1 500 V,SK,Slovakia,2012,41,
DC1500,Direct current - 1 500 V,SK,Slovakia,2013,41,
DC1500,Direct current - 1 500 V,SK,Slovakia,2014,119,
DC1500,Direct current - 1 500 V,SK,Slovakia,2015,41,
DC1500,Direct current - 1 500 V,SK,Slovakia,2016,41,
DC1500,Direct current - 1 500 V,SK,Slovakia,2017,41,
DC1500,Direct current - 1 500 V,SK,Slovakia,2018,41,
DC1500,Direct current - 1 500 V,SK,Slovakia,2019,41,
DC1500,Direct current - 1 500 V,SK,Slovakia,2020,41,
DC1500,Direct current - 1 500 V,SK,Slovakia,2021,41,
DC1500,Direct current - 1 500 V,SK,Slovakia,2022,41,
DC1500,Direct current - 1 500 V,SK,Slovakia,2023,41,
DC1500,Direct current - 1 500 V,SK,Slovakia,2024,41,
DC1500,Direct current - 1 500 V,TR,Türkiye,1990,0,
DC1500,Direct current - 1 500 V,TR,Türkiye,1991,0,
DC1500,Direct current - 1 500 V,TR,Türkiye,1992,0,
DC1500,Direct current - 1 500 V,TR,Türkiye,1993,0,
DC1500,Direct current - 1 500 V,TR,Türkiye,1994,0,
DC1500,Direct current - 1 500 V,TR,Türkiye,1995,0,
DC1500,Direct current - 1 500 V,TR,Türkiye,1996,0,
DC1500,Direct current - 1 500 V,TR,Türkiye,1997,0,
DC1500,Direct current - 1 500 V,TR,Türkiye,1998,0,
DC1500,Direct current - 1 500 V,TR,Türkiye,1999,0,
DC1500,Direct current - 1 500 V,TR,Türkiye,2005,0,
DC1500,Direct current - 1 500 V,TR,Türkiye,2006,0,
DC1500,Direct current - 1 500 V,TR,Türkiye,2007,0,
DC1500,Direct current - 1 500 V,TR,Türkiye,2008,0,
DC1500,Direct current - 1 500 V,TR,Türkiye,2009,0,
DC1500,Direct current - 1 500 V,TR,Türkiye,2010,0,
DC1500,Direct current - 1 500 V,TR,Türkiye,2011,0,
DC1500,Direct current - 1 500 V,TR,Türkiye,2012,0,
DC1500,Direct current - 1 500 V,TR,Türkiye,2013,0,
DC1500,Direct current - 1 500 V,TR,Türkiye,2014,0,
DC1500,Direct current - 1 500 V,TR,Türkiye,2015,0,
DC1500,Direct current - 1 500 V,TR,Türkiye,2016,0,
DC1500,Direct current - 1 500 V,TR,Türkiye,2017,0,
DC1500,Direct current - 1 500 V,TR,Türkiye,2018,0,
DC1500,Direct current - 1 500 V,TR,Türkiye,2019,0,
DC1500,Direct current - 1 500 V,TR,Türkiye,2020,0,
DC1500,Direct current - 1 500 V,TR,Türkiye,2021,0,
DC1500,Direct current - 1 500 V,TR,Türkiye,2022,0,
DC1500,Direct current - 1 500 V,TR,Türkiye,2023,0,
DC1500,Direct current - 1 500 V,TR,Türkiye,2024,0,
DC1500,Direct current - 1 500 V,UA,Ukraine,1990,0,
DC1500,Direct current - 1 500 V,UA,Ukraine,1991,0,
DC1500,Direct current - 1 500 V,UA,Ukraine,1992,0,
DC1500,Direct current - 1 500 V,UA,Ukraine,1993,0,
DC1500,Direct current - 1 500 V,UA,Ukraine,1994,0,
DC1500,Direct current - 1 500 V,UA,Ukraine,1995,0,
DC1500,Direct current - 1 500 V,UA,Ukraine,1996,0,
DC1500,Direct current - 1 500 V,UA,Ukraine,1997,0,
DC1500,Direct current - 1 500 V,UA,Ukraine,1998,0,
DC1500,Direct current - 1 500 V,UA,Ukraine,1999,0,
DC1500,Direct current - 1 500 V,UA,Ukraine,2020,0,i
DC1500,Direct current - 1 500 V,UK,United Kingdom,2008,0,
DC1500,Direct current - 1 500 V,UK,United Kingdom,2009,0,
DC1500,Direct current - 1 500 V,UK,United Kingdom,2010,0,
DC1500,Direct current - 1 500 V,UK,United Kingdom,2011,0,
DC1500,Direct current - 1 500 V,UK,United Kingdom,2012,16,
DC1500,Direct current - 1 500 V,UK,United Kingdom,2013,16,
DC1500,Direct current - 1 500 V,UK,United Kingdom,2014,16,
DC1500,Direct current - 1 500 V,UK,United Kingdom,2015,16,
DC1500,Direct current - 1 500 V,XK,Kosovo*,2017,0,
DC1500,Direct current - 1 500 V,XK,Kosovo*,2018,0,
DC1500,Direct current - 1 500 V,XK,Kosovo*,2019,0,
DC1500,Direct current - 1 500 V,XK,Kosovo*,2020,0,
DC1500,Direct current - 1 500 V,XK,Kosovo*,2021,0,
DC1500,Direct current - 1 500 V,XK,Kosovo*,2022,0,
DC1500,Direct current - 1 500 V,XK,Kosovo*,2023,0,i
DC1500,Direct current - 1 500 V,XK,Kosovo*,2024,0,i
DC3000,Direct current - 3 000 V,AL,Albania,1990,0,
DC3000,Direct current - 3 000 V,AL,Albania,1991,0,
DC3000,Direct current - 3 000 V,AL,Albania,1992,0,
DC3000,Direct current - 3 000 V,AL,Albania,1993,0,
DC3000,Direct current - 3 000 V,AL,Albania,1994,0,
DC3000,Direct current - 3 000 V,AL,Albania,1995,0,
DC3000,Direct current - 3 000 V,AL,Albania,1996,0,
DC3000,Direct current - 3 000 V,AL,Albania,1997,0,
DC3000,Direct current - 3 000 V,AL,Albania,1998,0,
DC3000,Direct current - 3 000 V,AL,Albania,1999,0,
DC3000,Direct current - 3 000 V,AL,Albania,2000,0,
DC3000,Direct current - 3 000 V,AL,Albania,2003,0,
DC3000,Direct current - 3 000 V,AL,Albania,2004,0,
DC3000,Direct current - 3 000 V,AL,Albania,2005,0,
DC3000,Direct current - 3 000 V,AL,Albania,2006,0,
DC3000,Direct current - 3 000 V,AL,Albania,2007,0,
DC3000,Direct current - 3 000 V,AL,Albania,2008,0,
DC3000,Direct current - 3 000 V,AL,Albania,2009,0,
DC3000,Direct current - 3 000 V,AL,Albania,2010,0,
DC3000,Direct current - 3 000 V,AL,Albania,2011,0,
DC3000,Direct current - 3 000 V,AL,Albania,2012,0,
DC3000,Direct current - 3 000 V,AL,Albania,2013,0,
DC3000,Direct current - 3 000 V,AL,Albania,2014,0,
DC3000,Direct current - 3 000 V,AL,Albania,2015,0,
DC3000,Direct current - 3 000 V,AL,Albania,2016,0,
DC3000,Direct current - 3 000 V,AL,Albania,2017,0,
DC3000,Direct current - 3 000 V,AL,Albania,2018,0,
DC3000,Direct current - 3 000 V,AL,Albania,2019,0,
DC3000,Direct current - 3 000 V,AL,Albania,2020,0,
DC3000,Direct current - 3 000 V,AL,Albania,2021,0,
DC3000,Direct current - 3 000 V,AL,Albania,2022,0,
DC3000,Direct current - 3 000 V,AL,Albania,2023,0,
DC3000,Direct current - 3 000 V,AL,Albania,2024,0,
DC3000,Direct current - 3 000 V,AT,Austria,1990,2,
DC3000,Direct current - 3 000 V,AT,Austria,2002,0,
DC3000,Direct current - 3 000 V,AT,Austria,2003,0,
DC3000,Direct current - 3 000 V,AT,Austria,2004,0,
DC3000,Direct current - 3 000 V,AT,Austria,2005,0,
DC3000,Direct current - 3 000 V,AT,Austria,2006,0,
DC3000,Direct current - 3 000 V,AT,Austria,2007,0,
DC3000,Direct current - 3 000 V,AT,Austria,2008,0,
DC3000,Direct current - 3 000 V,AT,Austria,2009,0,
DC3000,Direct current - 3 000 V,AT,Austria,2010,0,
DC3000,Direct current - 3 000 V,AT,Austria,2011,0,
DC3000,Direct current - 3 000 V,AT,Austria,2012,0,
DC3000,Direct current - 3 000 V,AT,Austria,2013,0,
DC3000,Direct current - 3 000 V,AT,Austria,2014,0,
DC3000,Direct current - 3 000 V,AT,Austria,2015,0,
DC3000,Direct current - 3 000 V,AT,Austria,2016,0,
DC3000,Direct current - 3 000 V,AT,Austria,2017,0,
DC3000,Direct current - 3 000 V,AT,Austria,2018,0,
DC3000,Direct current - 3 000 V,AT,Austria,2019,0,
DC3000,Direct current - 3 000 V,AT,Austria,2020,0,
DC3000,Direct current - 3 000 V,AT,Austria,2021,0,
DC3000,Direct current - 3 000 V,AT,Austria,2022,0,
DC3000,Direct current - 3 000 V,AT,Austria,2023,0,
DC3000,Direct current - 3 000 V,AT,Austria,2024,0,
DC3000,Direct current - 3 000 V,BA,Bosnia and Herzegovina,1990,0,
DC3000,Direct current - 3 000 V,BA,Bosnia and Herzegovina,1991,0,
DC3000,Direct current - 3 000 V,BA,Bosnia and Herzegovina,1992,0,
DC3000,Direct current - 3 000 V,BA,Bosnia and Herzegovina,1993,0,
DC3000,Direct current - 3 000 V,BA,Bosnia and Herzegovina,1994,0,
DC3000,Direct current - 3 000 V,BA,Bosnia and Herzegovina,1995,0,
DC3000,Direct current - 3 000 V,BA,Bosnia and Herzegovina,1996,0,
DC3000,Direct current - 3 000 V,BA,Bosnia and Herzegovina,1997,0,
DC3000,Direct current - 3 000 V,BA,Bosnia and Herzegovina,1998,0,
DC3000,Direct current - 3 000 V,BA,Bosnia and Herzegovina,1999,0,
DC3000,Direct current - 3 000 V,BA,Bosnia and Herzegovina,2000,0,
DC3000,Direct current - 3 000 V,BA,Bosnia and Herzegovina,2001,0,
DC3000,Direct current - 3 000 V,BA,Bosnia and Herzegovina,2002,0,
DC3000,Direct current - 3 000 V,BA,Bosnia and Herzegovina,2003,0,
DC3000,Direct current - 3 000 V,BA,Bosnia and Herzegovina,2004,0,
DC3000,Direct current - 3 000 V,BA,Bosnia and Herzegovina,2005,0,
DC3000,Direct current - 3 000 V,BA,Bosnia and Herzegovina,2006,0,
DC3000,Direct current - 3 000 V,BA,Bosnia and Herzegovina,2007,0,
DC3000,Direct current - 3 000 V,BA,Bosnia and Herzegovina,2008,0,
DC3000,Direct current - 3 000 V,BA,Bosnia and Herzegovina,2009,0,
DC3000,Direct current - 3 000 V,BA,Bosnia and Herzegovina,2010,0,
DC3000,Direct current - 3 000 V,BA,Bosnia and Herzegovina,2011,0,
DC3000,Direct current - 3 000 V,BA,Bosnia and Herzegovina,2012,0,
DC3000,Direct current - 3 000 V,BA,Bosnia and Herzegovina,2013,0,
DC3000,Direct current - 3 000 V,BA,Bosnia and Herzegovina,2014,0,
DC3000,Direct current - 3 000 V,BA,Bosnia and Herzegovina,2015,0,
DC3000,Direct current - 3 000 V,BA,Bosnia and Herzegovina,2016,0,
DC3000,Direct current - 3 000 V,BA,Bosnia and Herzegovina,2017,0,
DC3000,Direct current - 3 000 V,BA,Bosnia and Herzegovina,2018,0,
DC3000,Direct current - 3 000 V,BA,Bosnia and Herzegovina,2019,0,
DC3000,Direct current - 3 000 V,BA,Bosnia and Herzegovina,2020,0,
DC3000,Direct current - 3 000 V,BA,Bosnia and Herzegovina,2021,0,
DC3000,Direct current - 3 000 V,BA,Bosnia and Herzegovina,2022,0,
DC3000,Direct current - 3 000 V,BA,Bosnia and Herzegovina,2023,0,
DC3000,Direct current - 3 000 V,BA,Bosnia and Herzegovina,2024,0,
DC3000,Direct current - 3 000 V,BE,Belgium,1990,2293,
DC3000,Direct current - 3 000 V,BE,Belgium,1991,2291,
DC3000,Direct current - 3 000 V,BE,Belgium,1992,2291,
DC3000,Direct current - 3 000 V,BE,Belgium,1993,2362,
DC3000,Direct current - 3 000 V,BE,Belgium,1994,2363,
DC3000,Direct current - 3 000 V,BE,Belgium,1995,2371,
DC3000,Direct current - 3 000 V,BE,Belgium,1996,248,
DC3000,Direct current - 3 000 V,BE,Belgium,1997,2436,
DC3000,Direct current - 3 000 V,BE,Belgium,1998,2567,
DC3000,Direct current - 3 000 V,BE,Belgium,1999,2625,
DC3000,Direct current - 3 000 V,BE,Belgium,2000,2561,
DC3000,Direct current - 3 000 V,BE,Belgium,2001,2555,
DC3000,Direct current - 3 000 V,BE,Belgium,2002,2565,
DC3000,Direct current - 3 000 V,BE,Belgium,2003,2532,
DC3000,Direct current - 3 000 V,BE,Belgium,2004,2532,
DC3000,Direct current - 3 000 V,BE,Belgium,2005,2559,
DC3000,Direct current - 3 000 V,BE,Belgium,2006,2575,
DC3000,Direct current - 3 000 V,BE,Belgium,2007,2578,
DC3000,Direct current - 3 000 V,BE,Belgium,2008,2577,
DC3000,Direct current - 3 000 V,BE,Belgium,2009,2557,
DC3000,Direct current - 3 000 V,BE,Belgium,2010,2545,
DC3000,Direct current - 3 000 V,BE,Belgium,2011,2570,
DC3000,Direct current - 3 000 V,BE,Belgium,2012,2593,
DC3000,Direct current - 3 000 V,BE,Belgium,2013,2592.938,i
DC3000,Direct current - 3 000 V,BE,Belgium,2014,2626.465,i
DC3000,Direct current - 3 000 V,BE,Belgium,2015,2626.389,i
DC3000,Direct current - 3 000 V,BE,Belgium,2016,2624.121,i
DC3000,Direct current - 3 000 V,BE,Belgium,2017,2630.019,i
DC3000,Direct current - 3 000 V,BE,Belgium,2018,2633.366,i
DC3000,Direct current - 3 000 V,BE,Belgium,2019,2638.035,i
DC3000,Direct current - 3 000 V,BE,Belgium,2020,2636.332,i
DC3000,Direct current - 3 000 V,BE,Belgium,2021,2663.532,i
DC3000,Direct current - 3 000 V,BE,Belgium,2022,2715,i
DC3000,Direct current - 3 000 V,BE,Belgium,2023,2728,i
DC3000,Direct current - 3 000 V,BE,Belgium,2024,2659,i
DC3000,Direct current - 3 000 V,BG,Bulgaria,1990,0,
DC3000,Direct current - 3 000 V,BG,Bulgaria,1991,0,
DC3000,Direct current - 3 000 V,BG,Bulgaria,2008,0,
DC3000,Direct current - 3 000 V,BG,Bulgaria,2009,0,
DC3000,Direct current - 3 000 V,BG,Bulgaria,2010,0,
DC3000,Direct current - 3 000 V,BG,Bulgaria,2011,0,
DC3000,Direct current - 3 000 V,BG,Bulgaria,2012,0,
DC3000,Direct current - 3 000 V,BG,Bulgaria,2013,0,
DC3000,Direct current - 3 000 V,BG,Bulgaria,2014,0,
DC3000,Direct current - 3 000 V,BG,Bulgaria,2015,0,
DC3000,Direct current - 3 000 V,BG,Bulgaria,2016,0,
DC3000,Direct current - 3 000 V,BG,Bulgaria,2017,0,
DC3000,Direct current - 3 000 V,BG,Bulgaria,2018,0,
DC3000,Direct current - 3 000 V,BG,Bulgaria,2019,0,
DC3000,Direct current - 3 000 V,BG,Bulgaria,2020,0,
DC3000,Direct current - 3 000 V,BG,Bulgaria,2021,0,
DC3000,Direct current - 3 000 V,BG,Bulgaria,2022,0,
DC3000,Direct current - 3 000 V,BG,Bulgaria,2023,0,
DC3000,Direct current - 3 000 V,BG,Bulgaria,2024,0,
DC3000,Direct current - 3 000 V,CH,Switzerland,1990,0,i
DC3000,Direct current - 3 000 V,CH,Switzerland,1991,0,i
DC3000,Direct current - 3 000 V,CH,Switzerland,1992,0,i
DC3000,Direct current - 3 000 V,CH,Switzerland,1993,0,i
DC3000,Direct current - 3 000 V,CH,Switzerland,1994,0,i
DC3000,Direct current - 3 000 V,CH,Switzerland,1995,0,i
DC3000,Direct current - 3 000 V,CH,Switzerland,1996,0,i
DC3000,Direct current - 3 000 V,CH,Switzerland,1997,0,i
DC3000,Direct current - 3 000 V,CH,Switzerland,1998,0,i
DC3000,Direct current - 3 000 V,CH,Switzerland,1999,0,i
DC3000,Direct current - 3 000 V,CH,Switzerland,2000,0,i
DC3000,Direct current - 3 000 V,CH,Switzerland,2001,0,i
DC3000,Direct current - 3 000 V,CH,Switzerland,2002,0,i
DC3000,Direct current - 3 000 V,CH,Switzerland,2003,0,i
DC3000,Direct current - 3 000 V,CH,Switzerland,2004,0,i
DC3000,Direct current - 3 000 V,CH,Switzerland,2005,0,i
DC3000,Direct current - 3 000 V,CH,Switzerland,2006,0,i
DC3000,Direct current - 3 000 V,CH,Switzerland,2007,0,i
DC3000,Direct current - 3 000 V,CH,Switzerland,2008,0,i
DC3000,Direct current - 3 000 V,CH,Switzerland,2009,0,i
DC3000,Direct current - 3 000 V,CH,Switzerland,2010,0,i
DC3000,Direct current - 3 000 V,CH,Switzerland,2011,0,i
DC3000,Direct current - 3 000 V,CH,Switzerland,2012,0,i
DC3000,Direct current - 3 000 V,CH,Switzerland,2013,0,i
DC3000,Direct current - 3 000 V,CH,Switzerland,2014,0,i
DC3000,Direct current - 3 000 V,CH,Switzerland,2015,0,i
DC3000,Direct current - 3 000 V,CH,Switzerland,2016,0,i
DC3000,Direct current - 3 000 V,CH,Switzerland,2017,0,i
DC3000,Direct current - 3 000 V,CH,Switzerland,2018,0,i
DC3000,Direct current - 3 000 V,CH,Switzerland,2019,0,i
DC3000,Direct current - 3 000 V,CH,Switzerland,2020,0,i
DC3000,Direct current - 3 000 V,CH,Switzerland,2021,0,i
DC3000,Direct current - 3 000 V,CH,Switzerland,2022,0,i
DC3000,Direct current - 3 000 V,CH,Switzerland,2023,0,i
DC3000,Direct current - 3 000 V,CH,Switzerland,2024,0,i
DC3000,Direct current - 3 000 V,CZ,Czechia,1993,1692,
DC3000,Direct current - 3 000 V,CZ,Czechia,1994,1692,
DC3000,Direct current - 3 000 V,CZ,Czechia,1995,1619,
DC3000,Direct current - 3 000 V,CZ,Czechia,1996,1621,
DC3000,Direct current - 3 000 V,CZ,Czechia,1997,1620,
DC3000,Direct current - 3 000 V,CZ,Czechia,1998,1620,
DC3000,Direct current - 3 000 V,CZ,Czechia,1999,1645,
DC3000,Direct current - 3 000 V,CZ,Czechia,2000,1645,
DC3000,Direct current - 3 000 V,CZ,Czechia,2001,1591,
DC3000,Direct current - 3 000 V,CZ,Czechia,2002,1626,
DC3000,Direct current - 3 000 V,CZ,Czechia,2003,1633,
DC3000,Direct current - 3 000 V,CZ,Czechia,2004,1670,
DC3000,Direct current - 3 000 V,CZ,Czechia,2005,1684,
DC3000,Direct current - 3 000 V,CZ,Czechia,2006,1688,
DC3000,Direct current - 3 000 V,CZ,Czechia,2007,1712,
DC3000,Direct current - 3 000 V,CZ,Czechia,2008,1727,
DC3000,Direct current - 3 000 V,CZ,Czechia,2009,1754,
DC3000,Direct current - 3 000 V,CZ,Czechia,2010,1783,
DC3000,Direct current - 3 000 V,CZ,Czechia,2011,1779,
DC3000,Direct current - 3 000 V,CZ,Czechia,2012,1788,
DC3000,Direct current - 3 000 V,CZ,Czechia,2013,1795,
DC3000,Direct current - 3 000 V,CZ,Czechia,2014,1795,
DC3000,Direct current - 3 000 V,CZ,Czechia,2015,1798,
DC3000,Direct current - 3 000 V,CZ,Czechia,2016,1817,
DC3000,Direct current - 3 000 V,CZ,Czechia,2017,1818,
DC3000,Direct current - 3 000 V,CZ,Czechia,2018,1816,
DC3000,Direct current - 3 000 V,CZ,Czechia,2019,1822,
DC3000,Direct current - 3 000 V,CZ,Czechia,2020,1815,
DC3000,Direct current - 3 000 V,CZ,Czechia,2021,1803,
DC3000,Direct current - 3 000 V,CZ,Czechia,2022,1757,
DC3000,Direct current - 3 000 V,CZ,Czechia,2023,1800,
DC3000,Direct current - 3 000 V,CZ,Czechia,2024,1800,
DC3000,Direct current - 3 000 V,DE,Germany,1990,7,
DC3000,Direct current - 3 000 V,DE,Germany,1991,7,
DC3000,Direct current - 3 000 V,DE,Germany,1992,9,
DC3000,Direct current - 3 000 V,DE,Germany,1993,9,
DC3000,Direct current - 3 000 V,DE,Germany,1994,17,
DC3000,Direct current - 3 000 V,DE,Germany,1998,8,
DC3000,Direct current - 3 000 V,DE,Germany,1999,8,
DC3000,Direct current - 3 000 V,DE,Germany,2000,8,
DC3000,Direct current - 3 000 V,DE,Germany,2001,8,
DC3000,Direct current - 3 000 V,DE,Germany,2002,8,
DC3000,Direct current - 3 000 V,DE,Germany,2008,0,i
DC3000,Direct current - 3 000 V,DE,Germany,2009,0,i
DC3000,Direct current - 3 000 V,DE,Germany,2010,0,i
DC3000,Direct current - 3 000 V,DE,Germany,2011,0,i
DC3000,Direct current - 3 000 V,DE,Germany,2012,0,i
DC3000,Direct current - 3 000 V,DE,Germany,2013,0,i
DC3000,Direct current - 3 000 V,DE,Germany,2014,0,i
DC3000,Direct current - 3 000 V,DE,Germany,2015,0,i
DC3000,Direct current - 3 000 V,DE,Germany,2016,0,i
DC3000,Direct current - 3 000 V,DE,Germany,2017,0,i
DC3000,Direct current - 3 000 V,DE,Germany,2018,0,i
DC3000,Direct current - 3 000 V,DE,Germany,2019,0,i
DC3000,Direct current - 3 000 V,DE,Germany,2020,0,i
DC3000,Direct current - 3 000 V,DE,Germany,2021,0,i
DC3000,Direct current - 3 000 V,DK,Denmark,1990,0,i
DC3000,Direct current - 3 000 V,DK,Denmark,1991,0,i
DC3000,Direct current - 3 000 V,DK,Denmark,1992,0,i
DC3000,Direct current - 3 000 V,DK,Denmark,1993,0,i
DC3000,Direct current - 3 000 V,DK,Denmark,1994,0,i
DC3000,Direct current - 3 000 V,DK,Denmark,1995,0,i
DC3000,Direct current - 3 000 V,DK,Denmark,1996,0,i
DC3000,Direct current - 3 000 V,DK,Denmark,1997,0,i
DC3000,Direct current - 3 000 V,DK,Denmark,1998,0,i
DC3000,Direct current - 3 000 V,DK,Denmark,1999,0,i
DC3000,Direct current - 3 000 V,DK,Denmark,2000,0,i
DC3000,Direct current - 3 000 V,DK,Denmark,2001,0,i
DC3000,Direct current - 3 000 V,DK,Denmark,2002,0,i
DC3000,Direct current - 3 000 V,DK,Denmark,2003,0,i
DC3000,Direct current - 3 000 V,DK,Denmark,2004,0,i
DC3000,Direct current - 3 000 V,DK,Denmark,2005,0,i
DC3000,Direct current - 3 000 V,DK,Denmark,2006,0,i
DC3000,Direct current - 3 000 V,DK,Denmark,2007,0,i
DC3000,Direct current - 3 000 V,DK,Denmark,2008,0,i
DC3000,Direct current - 3 000 V,DK,Denmark,2009,0,i
DC3000,Direct current - 3 000 V,DK,Denmark,2010,0,i
DC3000,Direct current - 3 000 V,DK,Denmark,2011,0,i
DC3000,Direct current - 3 000 V,DK,Denmark,2012,0,i
DC3000,Direct current - 3 000 V,DK,Denmark,2013,0,
DC3000,Direct current - 3 000 V,DK,Denmark,2014,0,
DC3000,Direct current - 3 000 V,DK,Denmark,2015,0,
DC3000,Direct current - 3 000 V,DK,Denmark,2016,0,
DC3000,Direct current - 3 000 V,DK,Denmark,2017,0,
DC3000,Direct current - 3 000 V,DK,Denmark,2018,0,
DC3000,Direct current - 3 000 V,DK,Denmark,2019,0,
DC3000,Direct current - 3 000 V,DK,Denmark,2020,0,
DC3000,Direct current - 3 000 V,DK,Denmark,2021,0,
DC3000,Direct current - 3 000 V,DK,Denmark,2022,0,
DC3000,Direct current - 3 000 V,DK,Denmark,2023,0,
DC3000,Direct current - 3 000 V,DK,Denmark,2024,0,
DC3000,Direct current - 3 000 V,EE,Estonia,1990,131.8,
DC3000,Direct current - 3 000 V,EE,Estonia,1991,131.8,
DC3000,Direct current - 3 000 V,EE,Estonia,1992,131.8,
DC3000,Direct current - 3 000 V,EE,Estonia,1993,131.8,
DC3000,Direct current - 3 000 V,EE,Estonia,1994,131.8,
DC3000,Direct current - 3 000 V,EE,Estonia,1995,131.8,
DC3000,Direct current - 3 000 V,EE,Estonia,1996,131.8,
DC3000,Direct current - 3 000 V,EE,Estonia,1997,132,
DC3000,Direct current - 3 000 V,EE,Estonia,1998,132,
DC3000,Direct current - 3 000 V,EE,Estonia,1999,132,
DC3000,Direct current - 3 000 V,EE,Estonia,2000,132,
DC3000,Direct current - 3 000 V,EE,Estonia,2001,131,
DC3000,Direct current - 3 000 V,EE,Estonia,2002,131,
DC3000,Direct current - 3 000 V,EE,Estonia,2003,131,
DC3000,Direct current - 3 000 V,EE,Estonia,2004,130,
DC3000,Direct current - 3 000 V,EE,Estonia,2005,131,
DC3000,Direct current - 3 000 V,EE,Estonia,2006,131,
DC3000,Direct current - 3 000 V,EE,Estonia,2007,132,
DC3000,Direct current - 3 000 V,EE,Estonia,2008,130,
DC3000,Direct current - 3 000 V,EE,Estonia,2009,130,
DC3000,Direct current - 3 000 V,EE,Estonia,2010,132,
DC3000,Direct current - 3 000 V,EE,Estonia,2011,132,
DC3000,Direct current - 3 000 V,EE,Estonia,2012,132,
DC3000,Direct current - 3 000 V,EE,Estonia,2013,132,
DC3000,Direct current - 3 000 V,EE,Estonia,2014,132,
DC3000,Direct current - 3 000 V,EE,Estonia,2015,132,
DC3000,Direct current - 3 000 V,EE,Estonia,2016,132,
DC3000,Direct current - 3 000 V,EE,Estonia,2017,132,
DC3000,Direct current - 3 000 V,EE,Estonia,2018,132,
DC3000,Direct current - 3 000 V,EE,Estonia,2019,138,
DC3000,Direct current - 3 000 V,EE,Estonia,2020,138,
DC3000,Direct current - 3 000 V,EE,Estonia,2021,225,
DC3000,Direct current - 3 000 V,EE,Estonia,2022,140,
DC3000,Direct current - 3 000 V,EE,Estonia,2023,140,
DC3000,Direct current - 3 000 V,EE,Estonia,2024,140,
DC3000,Direct current - 3 000 V,EL,Greece,1990,0,
DC3000,Direct current - 3 000 V,EL,Greece,1991,0,
DC3000,Direct current - 3 000 V,EL,Greece,1992,0,
DC3000,Direct current - 3 000 V,EL,Greece,1993,0,
DC3000,Direct current - 3 000 V,EL,Greece,1994,0,
DC3000,Direct current - 3 000 V,EL,Greece,1995,0,
DC3000,Direct current - 3 000 V,EL,Greece,1996,0,
DC3000,Direct current - 3 000 V,EL,Greece,1997,0,
DC3000,Direct current - 3 000 V,EL,Greece,1998,0,
DC3000,Direct current - 3 000 V,EL,Greece,1999,0,
DC3000,Direct current - 3 000 V,EL,Greece,2000,0,
DC3000,Direct current - 3 000 V,EL,Greece,2001,0,
DC3000,Direct current - 3 000 V,EL,Greece,2002,0,
DC3000,Direct current - 3 000 V,EL,Greece,2003,0,
DC3000,Direct current - 3 000 V,EL,Greece,2004,0,
DC3000,Direct current - 3 000 V,EL,Greece,2005,0,
DC3000,Direct current - 3 000 V,EL,Greece,2006,0,
DC3000,Direct current - 3 000 V,EL,Greece,2007,0,
DC3000,Direct current - 3 000 V,EL,Greece,2008,0,
DC3000,Direct current - 3 000 V,EL,Greece,2009,0,
DC3000,Direct current - 3 000 V,EL,Greece,2010,0,
DC3000,Direct current - 3 000 V,EL,Greece,2011,0,
DC3000,Direct current - 3 000 V,EL,Greece,2012,0,
DC3000,Direct current - 3 000 V,EL,Greece,2013,0,
DC3000,Direct current - 3 000 V,EL,Greece,2014,0,
DC3000,Direct current - 3 000 V,EL,Greece,2015,0,
DC3000,Direct current - 3 000 V,EL,Greece,2016,0,
DC3000,Direct current - 3 000 V,EL,Greece,2017,0,
DC3000,Direct current - 3 000 V,EL,Greece,2018,0,
DC3000,Direct current - 3 000 V,EL,Greece,2019,0,
DC3000,Direct current - 3 000 V,EL,Greece,2020,0,
DC3000,Direct current - 3 000 V,EL,Greece,2021,0,
DC3000,Direct current - 3 000 V,EL,Greece,2022,0,
DC3000,Direct current - 3 000 V,EL,Greece,2023,0,
DC3000,Direct current - 3 000 V,EL,Greece,2024,0,
DC3000,Direct current - 3 000 V,ES,Spain,1990,6368,
DC3000,Direct current - 3 000 V,ES,Spain,1991,6407,
DC3000,Direct current - 3 000 V,ES,Spain,1992,6395,
DC3000,Direct current - 3 000 V,ES,Spain,1993,6395,
DC3000,Direct current - 3 000 V,ES,Spain,1994,6500,
DC3000,Direct current - 3 000 V,ES,Spain,1995,6355,
DC3000,Direct current - 3 000 V,ES,Spain,1996,6358,
DC3000,Direct current - 3 000 V,ES,Spain,1997,6450,
DC3000,Direct current - 3 000 V,ES,Spain,1998,6450,
DC3000,Direct current - 3 000 V,ES,Spain,1999,6459,
DC3000,Direct current - 3 000 V,ES,Spain,2000,6442,
DC3000,Direct current - 3 000 V,ES,Spain,2001,6442,
DC3000,Direct current - 3 000 V,ES,Spain,2002,6450,
DC3000,Direct current - 3 000 V,ES,Spain,2003,6467,
DC3000,Direct current - 3 000 V,ES,Spain,2004,6469,
DC3000,Direct current - 3 000 V,ES,Spain,2005,6446,
DC3000,Direct current - 3 000 V,ES,Spain,2006,6437,
DC3000,Direct current - 3 000 V,ES,Spain,2007,6444,
DC3000,Direct current - 3 000 V,ES,Spain,2008,6458,
DC3000,Direct current - 3 000 V,ES,Spain,2009,6464,
DC3000,Direct current - 3 000 V,ES,Spain,2010,6488,
DC3000,Direct current - 3 000 V,ES,Spain,2011,6433,
DC3000,Direct current - 3 000 V,ES,Spain,2012,6444,
DC3000,Direct current - 3 000 V,ES,Spain,2013,6440,
DC3000,Direct current - 3 000 V,ES,Spain,2014,6392,
DC3000,Direct current - 3 000 V,ES,Spain,2015,6395,
DC3000,Direct current - 3 000 V,ES,Spain,2016,6575,
DC3000,Direct current - 3 000 V,ES,Spain,2017,6394,
DC3000,Direct current - 3 000 V,ES,Spain,2018,6390,
DC3000,Direct current - 3 000 V,ES,Spain,2019,6392.571,
DC3000,Direct current - 3 000 V,ES,Spain,2020,6425.593,
DC3000,Direct current - 3 000 V,ES,Spain,2021,6423.376,
DC3000,Direct current - 3 000 V,ES,Spain,2022,6406.57,
DC3000,Direct current - 3 000 V,ES,Spain,2023,6386.939,
DC3000,Direct current - 3 000 V,ES,Spain,2024,6470.965,
DC3000,Direct current - 3 000 V,EU27_2020,European Union - 27 countries (from 2020),2008,35417.9,
DC3000,Direct current - 3 000 V,EU27_2020,European Union - 27 countries (from 2020),2009,35507.9,
DC3000,Direct current - 3 000 V,EU27_2020,European Union - 27 countries (from 2020),2010,35530.93,
DC3000,Direct current - 3 000 V,EU27_2020,European Union - 27 countries (from 2020),2012,35412,
DC3000,Direct current - 3 000 V,EU27_2020,European Union - 27 countries (from 2020),2013,35639.938,
DC3000,Direct current - 3 000 V,EU27_2020,European Union - 27 countries (from 2020),2015,35544.389,
DC3000,Direct current - 3 000 V,EU27_2020,European Union - 27 countries (from 2020),2016,35842.021,
DC3000,Direct current - 3 000 V,EU27_2020,European Union - 27 countries (from 2020),2017,35782.135,
DC3000,Direct current - 3 000 V,EU27_2020,European Union - 27 countries (from 2020),2018,35759.575,
DC3000,Direct current - 3 000 V,EU27_2020,European Union - 27 countries (from 2020),2019,35900.183,
DC3000,Direct current - 3 000 V,EU27_2020,European Union - 27 countries (from 2020),2020,36100.825,
DC3000,Direct current - 3 000 V,EU27_2020,European Union - 27 countries (from 2020),2021,36285.808,
DC3000,Direct current - 3 000 V,EU27_2020,European Union - 27 countries (from 2020),2022,36240.47,
DC3000,Direct current - 3 000 V,EU27_2020,European Union - 27 countries (from 2020),2023,36359.839,
DC3000,Direct current - 3 000 V,EU27_2020,European Union - 27 countries (from 2020),2024,36431.865,
DC3000,Direct current - 3 000 V,FI,Finland,2008,0,
DC3000,Direct current - 3 000 V,FI,Finland,2009,0,
DC3000,Direct current - 3 000 V,FI,Finland,2010,0,
DC3000,Direct current - 3 000 V,FI,Finland,2012,0,
DC3000,Direct current - 3 000 V,FI,Finland,2013,0,
DC3000,Direct current - 3 000 V,FI,Finland,2014,0,
DC3000,Direct current - 3 000 V,FI,Finland,2015,0,b
DC3000,Direct current - 3 000 V,FI,Finland,2016,0,
DC3000,Direct current - 3 000 V,FI,Finland,2017,0,
DC3000,Direct current - 3 000 V,FI,Finland,2018,0,
DC3000,Direct current - 3 000 V,FI,Finland,2019,0,
DC3000,Direct current - 3 000 V,FI,Finland,2020,0,
DC3000,Direct current - 3 000 V,FI,Finland,2021,0,
DC3000,Direct current - 3 000 V,FI,Finland,2022,0,
DC3000,Direct current - 3 000 V,FI,Finland,2023,0,
DC3000,Direct current - 3 000 V,FI,Finland,2024,0,
DC3000,Direct current - 3 000 V,FR,France,2008,11,
DC3000,Direct current - 3 000 V,FR,France,2009,11,
DC3000,Direct current - 3 000 V,FR,France,2010,11,
DC3000,Direct current - 3 000 V,FR,France,2011,12,
DC3000,Direct current - 3 000 V,FR,France,2012,12,
DC3000,Direct current - 3 000 V,FR,France,2013,13,
DC3000,Direct current - 3 000 V,FR,France,2014,13,
DC3000,Direct current - 3 000 V,FR,France,2015,13,
DC3000,Direct current - 3 000 V,FR,France,2016,13,
DC3000,Direct current - 3 000 V,FR,France,2017,12.216,
DC3000,Direct current - 3 000 V,FR,France,2018,12.309,
DC3000,Direct current - 3 000 V,FR,France,2019,12.677,
DC3000,Direct current - 3 000 V,FR,France,2020,12,
DC3000,Direct current - 3 000 V,FR,France,2021,12,
DC3000,Direct current - 3 000 V,FR,France,2022,3,
DC3000,Direct current - 3 000 V,FR,France,2023,3,
DC3000,Direct current - 3 000 V,FR,France,2024,3,
DC3000,Direct current - 3 000 V,GE,Georgia,1995,1538,
DC3000,Direct current - 3 000 V,GE,Georgia,1996,1538,
DC3000,Direct current - 3 000 V,GE,Georgia,1997,1539,
DC3000,Direct current - 3 000 V,GE,Georgia,1998,1539,
DC3000,Direct current - 3 000 V,GE,Georgia,1999,1508,
DC3000,Direct current - 3 000 V,GE,Georgia,2012,1418,
DC3000,Direct current - 3 000 V,GE,Georgia,2013,1578,
DC3000,Direct current - 3 000 V,GE,Georgia,2014,1576,
DC3000,Direct current - 3 000 V,GE,Georgia,2015,1086.679,
DC3000,Direct current - 3 000 V,GE,Georgia,2016,1124.079,
DC3000,Direct current - 3 000 V,GE,Georgia,2017,1086.679,
DC3000,Direct current - 3 000 V,GE,Georgia,2018,1088.24,
DC3000,Direct current - 3 000 V,GE,Georgia,2019,1088.24,
DC3000,Direct current - 3 000 V,GE,Georgia,2020,1121.8,
DC3000,Direct current - 3 000 V,GE,Georgia,2021,1096.865,
DC3000,Direct current - 3 000 V,GE,Georgia,2022,1096.865,
DC3000,Direct current - 3 000 V,GE,Georgia,2023,1096.865,
DC3000,Direct current - 3 000 V,GE,Georgia,2024,1096.865,
DC3000,Direct current - 3 000 V,HR,Croatia,1992,138,
DC3000,Direct current - 3 000 V,HR,Croatia,1993,138,
DC3000,Direct current - 3 000 V,HR,Croatia,1994,137,
DC3000,Direct current - 3 000 V,HR,Croatia,1995,137,
DC3000,Direct current - 3 000 V,HR,Croatia,1996,137,
DC3000,Direct current - 3 000 V,HR,Croatia,1997,137,
DC3000,Direct current - 3 000 V,HR,Croatia,1998,137,
DC3000,Direct current - 3 000 V,HR,Croatia,1999,137,
DC3000,Direct current - 3 000 V,HR,Croatia,2000,137,
DC3000,Direct current - 3 000 V,HR,Croatia,2001,137,
DC3000,Direct current - 3 000 V,HR,Croatia,2002,137,
DC3000,Direct current - 3 000 V,HR,Croatia,2003,137,
DC3000,Direct current - 3 000 V,HR,Croatia,2004,137,
DC3000,Direct current - 3 000 V,HR,Croatia,2005,137,
DC3000,Direct current - 3 000 V,HR,Croatia,2006,138,
DC3000,Direct current - 3 000 V,HR,Croatia,2007,138,
DC3000,Direct current - 3 000 V,HR,Croatia,2008,138,
DC3000,Direct current - 3 000 V,HR,Croatia,2009,138,
DC3000,Direct current - 3 000 V,HR,Croatia,2010,138,
DC3000,Direct current - 3 000 V,HR,Croatia,2011,138,
DC3000,Direct current - 3 000 V,HR,Croatia,2012,3,
DC3000,Direct current - 3 000 V,HR,Croatia,2013,3,
DC3000,Direct current - 3 000 V,HR,Croatia,2014,3,
DC3000,Direct current - 3 000 V,HR,Croatia,2015,3,
DC3000,Direct current - 3 000 V,HR,Croatia,2016,3,
DC3000,Direct current - 3 000 V,HR,Croatia,2017,3,
DC3000,Direct current - 3 000 V,HR,Croatia,2018,3,
DC3000,Direct current - 3 000 V,HR,Croatia,2019,3,
DC3000,Direct current - 3 000 V,HR,Croatia,2020,3,
DC3000,Direct current - 3 000 V,HR,Croatia,2021,3,
DC3000,Direct current - 3 000 V,HR,Croatia,2022,3,
DC3000,Direct current - 3 000 V,HR,Croatia,2023,3,
DC3000,Direct current - 3 000 V,HR,Croatia,2024,3,
DC3000,Direct current - 3 000 V,HU,Hungary,1990,0,
DC3000,Direct current - 3 000 V,HU,Hungary,1991,0,
DC3000,Direct current - 3 000 V,HU,Hungary,1992,0,
DC3000,Direct current - 3 000 V,HU,Hungary,1993,0,
DC3000,Direct current - 3 000 V,HU,Hungary,1994,0,
DC3000,Direct current - 3 000 V,HU,Hungary,1995,0,
DC3000,Direct current - 3 000 V,HU,Hungary,1996,0,
DC3000,Direct current - 3 000 V,HU,Hungary,1997,0,
DC3000,Direct current - 3 000 V,HU,Hungary,1998,0,
DC3000,Direct current - 3 000 V,HU,Hungary,1999,0,
DC3000,Direct current - 3 000 V,HU,Hungary,2000,0,
DC3000,Direct current - 3 000 V,HU,Hungary,2001,0,
DC3000,Direct current - 3 000 V,HU,Hungary,2002,0,
DC3000,Direct current - 3 000 V,HU,Hungary,2004,0,
DC3000,Direct current - 3 000 V,HU,Hungary,2005,0,
DC3000,Direct current - 3 000 V,HU,Hungary,2006,0,
DC3000,Direct current - 3 000 V,HU,Hungary,2007,0,
DC3000,Direct current - 3 000 V,HU,Hungary,2008,0,
DC3000,Direct current - 3 000 V,HU,Hungary,2009,0,
DC3000,Direct current - 3 000 V,HU,Hungary,2010,0,
DC3000,Direct current - 3 000 V,HU,Hungary,2011,0,
DC3000,Direct current - 3 000 V,HU,Hungary,2012,0,
DC3000,Direct current - 3 000 V,HU,Hungary,2013,0,
DC3000,Direct current - 3 000 V,HU,Hungary,2015,0,
DC3000,Direct current - 3 000 V,HU,Hungary,2016,0,
DC3000,Direct current - 3 000 V,HU,Hungary,2017,0,
DC3000,Direct current - 3 000 V,HU,Hungary,2018,0,
DC3000,Direct current - 3 000 V,HU,Hungary,2019,0,
DC3000,Direct current - 3 000 V,HU,Hungary,2020,0,
DC3000,Direct current - 3 000 V,HU,Hungary,2021,0,
DC3000,Direct current - 3 000 V,HU,Hungary,2022,0,
DC3000,Direct current - 3 000 V,HU,Hungary,2023,0,
DC3000,Direct current - 3 000 V,HU,Hungary,2024,0,
DC3000,Direct current - 3 000 V,IE,Ireland,1990,0,
DC3000,Direct current - 3 000 V,IE,Ireland,1991,0,
DC3000,Direct current - 3 000 V,IE,Ireland,1992,0,
DC3000,Direct current - 3 000 V,IE,Ireland,1993,0,
DC3000,Direct current - 3 000 V,IE,Ireland,1994,0,
DC3000,Direct current - 3 000 V,IE,Ireland,1995,0,
DC3000,Direct current - 3 000 V,IE,Ireland,1996,0,
DC3000,Direct current - 3 000 V,IE,Ireland,1997,0,
DC3000,Direct current - 3 000 V,IE,Ireland,1998,0,
DC3000,Direct current - 3 000 V,IE,Ireland,1999,0,
DC3000,Direct current - 3 000 V,IE,Ireland,2000,0,
DC3000,Direct current - 3 000 V,IE,Ireland,2001,0,
DC3000,Direct current - 3 000 V,IE,Ireland,2002,0,
DC3000,Direct current - 3 000 V,IE,Ireland,2003,0,
DC3000,Direct current - 3 000 V,IE,Ireland,2004,0,
DC3000,Direct current - 3 000 V,IE,Ireland,2005,0,
DC3000,Direct current - 3 000 V,IE,Ireland,2006,0,
DC3000,Direct current - 3 000 V,IE,Ireland,2007,0,
DC3000,Direct current - 3 000 V,IE,Ireland,2008,0,
DC3000,Direct current - 3 000 V,IE,Ireland,2009,0,
DC3000,Direct current - 3 000 V,IE,Ireland,2010,0,
DC3000,Direct current - 3 000 V,IE,Ireland,2011,0,
DC3000,Direct current - 3 000 V,IE,Ireland,2012,0,
DC3000,Direct current - 3 000 V,IE,Ireland,2013,0,
DC3000,Direct current - 3 000 V,IE,Ireland,2014,0,
DC3000,Direct current - 3 000 V,IE,Ireland,2015,0,
DC3000,Direct current - 3 000 V,IE,Ireland,2016,0,
DC3000,Direct current - 3 000 V,IE,Ireland,2017,0,
DC3000,Direct current - 3 000 V,IE,Ireland,2018,0,
DC3000,Direct current - 3 000 V,IE,Ireland,2019,0,
DC3000,Direct current - 3 000 V,IE,Ireland,2020,0,
DC3000,Direct current - 3 000 V,IE,Ireland,2021,0,
DC3000,Direct current - 3 000 V,IE,Ireland,2022,0,
DC3000,Direct current - 3 000 V,IE,Ireland,2023,0,i
DC3000,Direct current - 3 000 V,IE,Ireland,2024,0,
DC3000,Direct current - 3 000 V,IT,Italy,1990,9512,i
DC3000,Direct current - 3 000 V,IT,Italy,1991,9848,i
DC3000,Direct current - 3 000 V,IT,Italy,1992,9778,i
DC3000,Direct current - 3 000 V,IT,Italy,1993,9810,i
DC3000,Direct current - 3 000 V,IT,Italy,1994,9887,i
DC3000,Direct current - 3 000 V,IT,Italy,1995,10205,
DC3000,Direct current - 3 000 V,IT,Italy,1996,10318,
DC3000,Direct current - 3 000 V,IT,Italy,1997,10358,
DC3000,Direct current - 3 000 V,IT,Italy,1998,10488,
DC3000,Direct current - 3 000 V,IT,Italy,1999,10661,
DC3000,Direct current - 3 000 V,IT,Italy,2000,10734,
DC3000,Direct current - 3 000 V,IT,Italy,2002,10891,
DC3000,Direct current - 3 000 V,IT,Italy,2003,10966,
DC3000,Direct current - 3 000 V,IT,Italy,2004,11044,
DC3000,Direct current - 3 000 V,IT,Italy,2005,11068,
DC3000,Direct current - 3 000 V,IT,Italy,2006,11224,
DC3000,Direct current - 3 000 V,IT,Italy,2007,11179,
DC3000,Direct current - 3 000 V,IT,Italy,2008,11195,
DC3000,Direct current - 3 000 V,IT,Italy,2009,11243,
DC3000,Direct current - 3 000 V,IT,Italy,2010,11267,
DC3000,Direct current - 3 000 V,IT,Italy,2011,11273,
DC3000,Direct current - 3 000 V,IT,Italy,2012,11260,
DC3000,Direct current - 3 000 V,IT,Italy,2013,11294,i
DC3000,Direct current - 3 000 V,IT,Italy,2014,11207,i
DC3000,Direct current - 3 000 V,IT,Italy,2015,11208,i
DC3000,Direct current - 3 000 V,IT,Italy,2016,11290,i
DC3000,Direct current - 3 000 V,IT,Italy,2017,11289,
DC3000,Direct current - 3 000 V,IT,Italy,2018,11285,
DC3000,Direct current - 3 000 V,IT,Italy,2019,11283,
DC3000,Direct current - 3 000 V,IT,Italy,2020,11332,
DC3000,Direct current - 3 000 V,IT,Italy,2021,11427,
DC3000,Direct current - 3 000 V,IT,Italy,2022,11455,
DC3000,Direct current - 3 000 V,IT,Italy,2023,11471,
DC3000,Direct current - 3 000 V,IT,Italy,2024,11543,
DC3000,Direct current - 3 000 V,LI,Liechtenstein,2013,0,
DC3000,Direct current - 3 000 V,LI,Liechtenstein,2014,0,
DC3000,Direct current - 3 000 V,LI,Liechtenstein,2015,0,
DC3000,Direct current - 3 000 V,LI,Liechtenstein,2016,0,
DC3000,Direct current - 3 000 V,LI,Liechtenstein,2017,0,
DC3000,Direct current - 3 000 V,LI,Liechtenstein,2018,0,
DC3000,Direct current - 3 000 V,LI,Liechtenstein,2019,0,
DC3000,Direct current - 3 000 V,LI,Liechtenstein,2020,0,
DC3000,Direct current - 3 000 V,LI,Liechtenstein,2021,0,
DC3000,Direct current - 3 000 V,LI,Liechtenstein,2022,0,
DC3000,Direct current - 3 000 V,LI,Liechtenstein,2023,0,
DC3000,Direct current - 3 000 V,LI,Liechtenstein,2024,0,
DC3000,Direct current - 3 000 V,LT,Lithuania,1990,0,
DC3000,Direct current - 3 000 V,LT,Lithuania,1991,0,
DC3000,Direct current - 3 000 V,LT,Lithuania,1992,0,
DC3000,Direct current - 3 000 V,LT,Lithuania,1993,0,
DC3000,Direct current - 3 000 V,LT,Lithuania,1994,0,
DC3000,Direct current - 3 000 V,LT,Lithuania,1995,0,
DC3000,Direct current - 3 000 V,LT,Lithuania,1996,0,
DC3000,Direct current - 3 000 V,LT,Lithuania,1997,0,
DC3000,Direct current - 3 000 V,LT,Lithuania,1998,0,
DC3000,Direct current - 3 000 V,LT,Lithuania,1999,0,
DC3000,Direct current - 3 000 V,LT,Lithuania,2000,0,
DC3000,Direct current - 3 000 V,LT,Lithuania,2001,0,
DC3000,Direct current - 3 000 V,LT,Lithuania,2002,0,
DC3000,Direct current - 3 000 V,LT,Lithuania,2004,0,
DC3000,Direct current - 3 000 V,LT,Lithuania,2005,0,
DC3000,Direct current - 3 000 V,LT,Lithuania,2006,0,
DC3000,Direct current - 3 000 V,LT,Lithuania,2007,0,
DC3000,Direct current - 3 000 V,LT,Lithuania,2008,0,
DC3000,Direct current - 3 000 V,LT,Lithuania,2009,0,
DC3000,Direct current - 3 000 V,LT,Lithuania,2010,0,
DC3000,Direct current - 3 000 V,LT,Lithuania,2011,0,
DC3000,Direct current - 3 000 V,LT,Lithuania,2012,0,
DC3000,Direct current - 3 000 V,LT,Lithuania,2013,0,
DC3000,Direct current - 3 000 V,LT,Lithuania,2014,0,
DC3000,Direct current - 3 000 V,LT,Lithuania,2015,0,
DC3000,Direct current - 3 000 V,LT,Lithuania,2016,0,
DC3000,Direct current - 3 000 V,LT,Lithuania,2017,0,
DC3000,Direct current - 3 000 V,LT,Lithuania,2018,0,
DC3000,Direct current - 3 000 V,LT,Lithuania,2019,0,
DC3000,Direct current - 3 000 V,LT,Lithuania,2020,0,
DC3000,Direct current - 3 000 V,LT,Lithuania,2021,0,
DC3000,Direct current - 3 000 V,LT,Lithuania,2022,0,
DC3000,Direct current - 3 000 V,LT,Lithuania,2023,0,
DC3000,Direct current - 3 000 V,LT,Lithuania,2024,0,
DC3000,Direct current - 3 000 V,LU,Luxembourg,1990,19,
DC3000,Direct current - 3 000 V,LU,Luxembourg,1991,19,
DC3000,Direct current - 3 000 V,LU,Luxembourg,1992,19,
DC3000,Direct current - 3 000 V,LU,Luxembourg,1993,19,
DC3000,Direct current - 3 000 V,LU,Luxembourg,1994,19,
DC3000,Direct current - 3 000 V,LU,Luxembourg,1995,19,
DC3000,Direct current - 3 000 V,LU,Luxembourg,1996,19,
DC3000,Direct current - 3 000 V,LU,Luxembourg,1997,19,
DC3000,Direct current - 3 000 V,LU,Luxembourg,1998,19,
DC3000,Direct current - 3 000 V,LU,Luxembourg,1999,19,
DC3000,Direct current - 3 000 V,LU,Luxembourg,2000,19,
DC3000,Direct current - 3 000 V,LU,Luxembourg,2001,19,
DC3000,Direct current - 3 000 V,LU,Luxembourg,2002,19,
DC3000,Direct current - 3 000 V,LU,Luxembourg,2003,19,
DC3000,Direct current - 3 000 V,LU,Luxembourg,2004,19,
DC3000,Direct current - 3 000 V,LU,Luxembourg,2005,19,
DC3000,Direct current - 3 000 V,LU,Luxembourg,2006,19,
DC3000,Direct current - 3 000 V,LU,Luxembourg,2007,19,
DC3000,Direct current - 3 000 V,LU,Luxembourg,2008,19,
DC3000,Direct current - 3 000 V,LU,Luxembourg,2009,19,
DC3000,Direct current - 3 000 V,LU,Luxembourg,2010,19,
DC3000,Direct current - 3 000 V,LU,Luxembourg,2011,19,
DC3000,Direct current - 3 000 V,LU,Luxembourg,2012,19,
DC3000,Direct current - 3 000 V,LU,Luxembourg,2013,19,
DC3000,Direct current - 3 000 V,LU,Luxembourg,2014,19,
DC3000,Direct current - 3 000 V,LU,Luxembourg,2015,19,
DC3000,Direct current - 3 000 V,LU,Luxembourg,2016,19,
DC3000,Direct current - 3 000 V,LU,Luxembourg,2017,19,
DC3000,Direct current - 3 000 V,LU,Luxembourg,2018,0,
DC3000,Direct current - 3 000 V,LU,Luxembourg,2019,0,
DC3000,Direct current - 3 000 V,LU,Luxembourg,2020,0,
DC3000,Direct current - 3 000 V,LU,Luxembourg,2021,0,
DC3000,Direct current - 3 000 V,LU,Luxembourg,2022,0,
DC3000,Direct current - 3 000 V,LU,Luxembourg,2023,0,
DC3000,Direct current - 3 000 V,LU,Luxembourg,2024,0,
DC3000,Direct current - 3 000 V,LV,Latvia,1990,0,
DC3000,Direct current - 3 000 V,LV,Latvia,1991,0,
DC3000,Direct current - 3 000 V,LV,Latvia,1992,0,
DC3000,Direct current - 3 000 V,LV,Latvia,1993,0,
DC3000,Direct current - 3 000 V,LV,Latvia,1994,0,
DC3000,Direct current - 3 000 V,LV,Latvia,1995,0,
DC3000,Direct current - 3 000 V,LV,Latvia,1996,0,
DC3000,Direct current - 3 000 V,LV,Latvia,1997,0,
DC3000,Direct current - 3 000 V,LV,Latvia,1998,0,
DC3000,Direct current - 3 000 V,LV,Latvia,1999,0,
DC3000,Direct current - 3 000 V,LV,Latvia,2000,0,
DC3000,Direct current - 3 000 V,LV,Latvia,2001,0,
DC3000,Direct current - 3 000 V,LV,Latvia,2002,0,
DC3000,Direct current - 3 000 V,LV,Latvia,2003,0,
DC3000,Direct current - 3 000 V,LV,Latvia,2004,0,
DC3000,Direct current - 3 000 V,LV,Latvia,2005,0,
DC3000,Direct current - 3 000 V,LV,Latvia,2006,0,
DC3000,Direct current - 3 000 V,LV,Latvia,2007,0,
DC3000,Direct current - 3 000 V,LV,Latvia,2008,0,
DC3000,Direct current - 3 000 V,LV,Latvia,2009,0,
DC3000,Direct current - 3 000 V,LV,Latvia,2010,0,
DC3000,Direct current - 3 000 V,LV,Latvia,2011,0,
DC3000,Direct current - 3 000 V,LV,Latvia,2012,0,
DC3000,Direct current - 3 000 V,LV,Latvia,2013,248,
DC3000,Direct current - 3 000 V,LV,Latvia,2014,251,
DC3000,Direct current - 3 000 V,LV,Latvia,2015,251,
DC3000,Direct current - 3 000 V,LV,Latvia,2016,250.9,
DC3000,Direct current - 3 000 V,LV,Latvia,2017,250.9,
DC3000,Direct current - 3 000 V,LV,Latvia,2018,250.9,
DC3000,Direct current - 3 000 V,LV,Latvia,2019,250.9,
DC3000,Direct current - 3 000 V,LV,Latvia,2020,250.9,
DC3000,Direct current - 3 000 V,LV,Latvia,2021,250.9,
DC3000,Direct current - 3 000 V,LV,Latvia,2022,250.9,
DC3000,Direct current - 3 000 V,LV,Latvia,2023,250.9,
DC3000,Direct current - 3 000 V,LV,Latvia,2024,250.9,
DC3000,Direct current - 3 000 V,MD,Moldova,1990,0,
DC3000,Direct current - 3 000 V,MD,Moldova,1991,0,
DC3000,Direct current - 3 000 V,MD,Moldova,1992,0,
DC3000,Direct current - 3 000 V,MD,Moldova,1993,0,
DC3000,Direct current - 3 000 V,MD,Moldova,1994,0,
DC3000,Direct current - 3 000 V,MD,Moldova,1995,0,
DC3000,Direct current - 3 000 V,MD,Moldova,1996,0,
DC3000,Direct current - 3 000 V,MD,Moldova,1997,0,
DC3000,Direct current - 3 000 V,MD,Moldova,1998,0,
DC3000,Direct current - 3 000 V,MD,Moldova,1999,0,
DC3000,Direct current - 3 000 V,MD,Moldova,2000,0,
DC3000,Direct current - 3 000 V,MD,Moldova,2001,0,
DC3000,Direct current - 3 000 V,MD,Moldova,2002,0,
DC3000,Direct current - 3 000 V,MD,Moldova,2004,0,
DC3000,Direct current - 3 000 V,MD,Moldova,2009,0,
DC3000,Direct current - 3 000 V,MD,Moldova,2010,0,
DC3000,Direct current - 3 000 V,MD,Moldova,2011,0,
DC3000,Direct current - 3 000 V,MD,Moldova,2012,0,
DC3000,Direct current - 3 000 V,MD,Moldova,2013,0,
DC3000,Direct current - 3 000 V,MD,Moldova,2014,0,
DC3000,Direct current - 3 000 V,MD,Moldova,2015,0,
DC3000,Direct current - 3 000 V,MD,Moldova,2016,0,
DC3000,Direct current - 3 000 V,MD,Moldova,2017,0,
DC3000,Direct current - 3 000 V,MD,Moldova,2018,0,
DC3000,Direct current - 3 000 V,MD,Moldova,2019,0,
DC3000,Direct current - 3 000 V,MD,Moldova,2020,0,
DC3000,Direct current - 3 000 V,MD,Moldova,2021,0,
DC3000,Direct current - 3 000 V,MD,Moldova,2022,0,
DC3000,Direct current - 3 000 V,MD,Moldova,2023,0,
DC3000,Direct current - 3 000 V,MD,Moldova,2024,0,
DC3000,Direct current - 3 000 V,ME,Montenegro,2011,0,
DC3000,Direct current - 3 000 V,ME,Montenegro,2012,0,
DC3000,Direct current - 3 000 V,ME,Montenegro,2013,0,
DC3000,Direct current - 3 000 V,ME,Montenegro,2014,0,
DC3000,Direct current - 3 000 V,ME,Montenegro,2015,0,
DC3000,Direct current - 3 000 V,ME,Montenegro,2016,0,
DC3000,Direct current - 3 000 V,ME,Montenegro,2017,0,
DC3000,Direct current - 3 000 V,ME,Montenegro,2018,0,
DC3000,Direct current - 3 000 V,ME,Montenegro,2020,0,
DC3000,Direct current - 3 000 V,ME,Montenegro,2021,0,
DC3000,Direct current - 3 000 V,ME,Montenegro,2022,0,
DC3000,Direct current - 3 000 V,ME,Montenegro,2023,0,
DC3000,Direct current - 3 000 V,ME,Montenegro,2024,0,
DC3000,Direct current - 3 000 V,MK,North Macedonia,1990,0,
DC3000,Direct current - 3 000 V,MK,North Macedonia,1992,0,
DC3000,Direct current - 3 000 V,MK,North Macedonia,1993,0,
DC3000,Direct current - 3 000 V,MK,North Macedonia,1994,0,
DC3000,Direct current - 3 000 V,MK,North Macedonia,1995,0,
DC3000,Direct current - 3 000 V,MK,North Macedonia,1996,0,
DC3000,Direct current - 3 000 V,MK,North Macedonia,1997,0,
DC3000,Direct current - 3 000 V,MK,North Macedonia,1998,0,
DC3000,Direct current - 3 000 V,MK,North Macedonia,1999,0,
DC3000,Direct current - 3 000 V,MK,North Macedonia,2000,0,
DC3000,Direct current - 3 000 V,MK,North Macedonia,2001,0,
DC3000,Direct current - 3 000 V,MK,North Macedonia,2002,0,
DC3000,Direct current - 3 000 V,MK,North Macedonia,2004,0,
DC3000,Direct current - 3 000 V,MK,North Macedonia,2008,0,
DC3000,Direct current - 3 000 V,MK,North Macedonia,2009,0,
DC3000,Direct current - 3 000 V,MK,North Macedonia,2010,0,
DC3000,Direct current - 3 000 V,MK,North Macedonia,2011,0,
DC3000,Direct current - 3 000 V,MK,North Macedonia,2012,0,
DC3000,Direct current - 3 000 V,MK,North Macedonia,2013,0,
DC3000,Direct current - 3 000 V,MK,North Macedonia,2014,0,
DC3000,Direct current - 3 000 V,MK,North Macedonia,2015,0,
DC3000,Direct current - 3 000 V,MK,North Macedonia,2016,0,
DC3000,Direct current - 3 000 V,MK,North Macedonia,2017,0,
DC3000,Direct current - 3 000 V,MK,North Macedonia,2018,0,
DC3000,Direct current - 3 000 V,MK,North Macedonia,2019,0,
DC3000,Direct current - 3 000 V,MK,North Macedonia,2020,0,
DC3000,Direct current - 3 000 V,MK,North Macedonia,2021,0,
DC3000,Direct current - 3 000 V,MK,North Macedonia,2022,0,
DC3000,Direct current - 3 000 V,MK,North Macedonia,2023,0,
DC3000,Direct current - 3 000 V,MK,North Macedonia,2024,0,
DC3000,Direct current - 3 000 V,NL,Netherlands,1990,13,
DC3000,Direct current - 3 000 V,NL,Netherlands,2008,0,
DC3000,Direct current - 3 000 V,NL,Netherlands,2009,0,
DC3000,Direct current - 3 000 V,NL,Netherlands,2010,0,
DC3000,Direct current - 3 000 V,NL,Netherlands,2011,0,
DC3000,Direct current - 3 000 V,NL,Netherlands,2012,0,
DC3000,Direct current - 3 000 V,NL,Netherlands,2013,0,
DC3000,Direct current - 3 000 V,NL,Netherlands,2014,0,
DC3000,Direct current - 3 000 V,NL,Netherlands,2015,0,
DC3000,Direct current - 3 000 V,NL,Netherlands,2016,0,
DC3000,Direct current - 3 000 V,NL,Netherlands,2017,0,
DC3000,Direct current - 3 000 V,NL,Netherlands,2018,0,
DC3000,Direct current - 3 000 V,NL,Netherlands,2019,0,
DC3000,Direct current - 3 000 V,NL,Netherlands,2020,0,i
DC3000,Direct current - 3 000 V,NL,Netherlands,2021,0,i
DC3000,Direct current - 3 000 V,NL,Netherlands,2022,0,i
DC3000,Direct current - 3 000 V,NL,Netherlands,2023,0,
DC3000,Direct current - 3 000 V,NL,Netherlands,2024,0,
DC3000,Direct current - 3 000 V,NO,Norway,1998,0,
DC3000,Direct current - 3 000 V,NO,Norway,1999,0,
DC3000,Direct current - 3 000 V,NO,Norway,2004,0,
DC3000,Direct current - 3 000 V,NO,Norway,2005,0,
DC3000,Direct current - 3 000 V,NO,Norway,2006,0,n
DC3000,Direct current - 3 000 V,NO,Norway,2007,0,n
DC3000,Direct current - 3 000 V,NO,Norway,2008,0,
DC3000,Direct current - 3 000 V,NO,Norway,2009,0,
DC3000,Direct current - 3 000 V,NO,Norway,2010,0,
DC3000,Direct current - 3 000 V,NO,Norway,2011,0,
DC3000,Direct current - 3 000 V,NO,Norway,2012,0,
DC3000,Direct current - 3 000 V,NO,Norway,2013,0,
DC3000,Direct current - 3 000 V,NO,Norway,2014,0,
DC3000,Direct current - 3 000 V,NO,Norway,2015,0,
DC3000,Direct current - 3 000 V,NO,Norway,2016,0,
DC3000,Direct current - 3 000 V,NO,Norway,2017,0,
DC3000,Direct current - 3 000 V,NO,Norway,2018,0,
DC3000,Direct current - 3 000 V,NO,Norway,2019,0,
DC3000,Direct current - 3 000 V,NO,Norway,2020,0,
DC3000,Direct current - 3 000 V,NO,Norway,2021,0,
DC3000,Direct current - 3 000 V,NO,Norway,2022,0,
DC3000,Direct current - 3 000 V,NO,Norway,2023,0,
DC3000,Direct current - 3 000 V,NO,Norway,2024,0,
DC3000,Direct current - 3 000 V,PL,Poland,1995,11592,
DC3000,Direct current - 3 000 V,PL,Poland,1996,11591,
DC3000,Direct current - 3 000 V,PL,Poland,1997,11591,
DC3000,Direct current - 3 000 V,PL,Poland,1998,11579,
DC3000,Direct current - 3 000 V,PL,Poland,1999,11932,
DC3000,Direct current - 3 000 V,PL,Poland,2000,11791,
DC3000,Direct current - 3 000 V,PL,Poland,2001,11929,
DC3000,Direct current - 3 000 V,PL,Poland,2002,12171,
DC3000,Direct current - 3 000 V,PL,Poland,2003,11999,i
DC3000,Direct current - 3 000 V,PL,Poland,2004,11981,
DC3000,Direct current - 3 000 V,PL,Poland,2005,11823,
DC3000,Direct current - 3 000 V,PL,Poland,2006,11846,
DC3000,Direct current - 3 000 V,PL,Poland,2007,11866,
DC3000,Direct current - 3 000 V,PL,Poland,2008,11899,
DC3000,Direct current - 3 000 V,PL,Poland,2009,11931,
DC3000,Direct current - 3 000 V,PL,Poland,2010,11884,
DC3000,Direct current - 3 000 V,PL,Poland,2011,11839,
DC3000,Direct current - 3 000 V,PL,Poland,2012,11884,
DC3000,Direct current - 3 000 V,PL,Poland,2013,11832,
DC3000,Direct current - 3 000 V,PL,Poland,2014,11794,
DC3000,Direct current - 3 000 V,PL,Poland,2015,11829,
DC3000,Direct current - 3 000 V,PL,Poland,2016,11849,
DC3000,Direct current - 3 000 V,PL,Poland,2017,11854,
DC3000,Direct current - 3 000 V,PL,Poland,2018,11858,
DC3000,Direct current - 3 000 V,PL,Poland,2019,11981,
DC3000,Direct current - 3 000 V,PL,Poland,2020,12111,
DC3000,Direct current - 3 000 V,PL,Poland,2021,12101,
DC3000,Direct current - 3 000 V,PL,Poland,2022,12138,
DC3000,Direct current - 3 000 V,PL,Poland,2023,12205,
DC3000,Direct current - 3 000 V,PL,Poland,2024,12216,
DC3000,Direct current - 3 000 V,PT,Portugal,1990,0,
DC3000,Direct current - 3 000 V,PT,Portugal,1991,0,
DC3000,Direct current - 3 000 V,PT,Portugal,1992,0,
DC3000,Direct current - 3 000 V,PT,Portugal,1993,0,
DC3000,Direct current - 3 000 V,PT,Portugal,1994,0,
DC3000,Direct current - 3 000 V,PT,Portugal,1995,0,
DC3000,Direct current - 3 000 V,PT,Portugal,1996,0,
DC3000,Direct current - 3 000 V,PT,Portugal,1997,0,
DC3000,Direct current - 3 000 V,PT,Portugal,1998,0,
DC3000,Direct current - 3 000 V,PT,Portugal,1999,0,
DC3000,Direct current - 3 000 V,PT,Portugal,2000,0,
DC3000,Direct current - 3 000 V,PT,Portugal,2001,0,
DC3000,Direct current - 3 000 V,PT,Portugal,2002,0,
DC3000,Direct current - 3 000 V,PT,Portugal,2003,0,
DC3000,Direct current - 3 000 V,PT,Portugal,2004,0,
DC3000,Direct current - 3 000 V,PT,Portugal,2005,0,
DC3000,Direct current - 3 000 V,PT,Portugal,2006,0,
DC3000,Direct current - 3 000 V,PT,Portugal,2007,0,
DC3000,Direct current - 3 000 V,PT,Portugal,2008,0,
DC3000,Direct current - 3 000 V,PT,Portugal,2009,0,
DC3000,Direct current - 3 000 V,PT,Portugal,2010,0,
DC3000,Direct current - 3 000 V,PT,Portugal,2011,0,
DC3000,Direct current - 3 000 V,PT,Portugal,2012,0,
DC3000,Direct current - 3 000 V,PT,Portugal,2013,0,
DC3000,Direct current - 3 000 V,PT,Portugal,2014,0,
DC3000,Direct current - 3 000 V,PT,Portugal,2015,0,
DC3000,Direct current - 3 000 V,PT,Portugal,2016,0,
DC3000,Direct current - 3 000 V,PT,Portugal,2017,0,
DC3000,Direct current - 3 000 V,PT,Portugal,2018,0,
DC3000,Direct current - 3 000 V,PT,Portugal,2019,0,
DC3000,Direct current - 3 000 V,PT,Portugal,2020,0,
DC3000,Direct current - 3 000 V,PT,Portugal,2021,0,
DC3000,Direct current - 3 000 V,PT,Portugal,2022,0,
DC3000,Direct current - 3 000 V,PT,Portugal,2023,0,
DC3000,Direct current - 3 000 V,PT,Portugal,2024,0,
DC3000,Direct current - 3 000 V,RO,Romania,1990,0,
DC3000,Direct current - 3 000 V,RO,Romania,1991,0,
DC3000,Direct current - 3 000 V,RO,Romania,1992,0,
DC3000,Direct current - 3 000 V,RO,Romania,1993,0,
DC3000,Direct current - 3 000 V,RO,Romania,1994,0,
DC3000,Direct current - 3 000 V,RO,Romania,1995,0,
DC3000,Direct current - 3 000 V,RO,Romania,1996,0,
DC3000,Direct current - 3 000 V,RO,Romania,1997,0,
DC3000,Direct current - 3 000 V,RO,Romania,1998,0,
DC3000,Direct current - 3 000 V,RO,Romania,1999,0,
DC3000,Direct current - 3 000 V,RO,Romania,2000,0,
DC3000,Direct current - 3 000 V,RO,Romania,2001,0,
DC3000,Direct current - 3 000 V,RO,Romania,2002,0,
DC3000,Direct current - 3 000 V,RO,Romania,2004,0,
DC3000,Direct current - 3 000 V,RO,Romania,2008,0,
DC3000,Direct current - 3 000 V,RO,Romania,2009,0,
DC3000,Direct current - 3 000 V,RO,Romania,2010,0,
DC3000,Direct current - 3 000 V,RO,Romania,2011,0,
DC3000,Direct current - 3 000 V,RO,Romania,2012,0,
DC3000,Direct current - 3 000 V,RO,Romania,2013,0,
DC3000,Direct current - 3 000 V,RO,Romania,2014,0,
DC3000,Direct current - 3 000 V,RO,Romania,2015,0,
DC3000,Direct current - 3 000 V,RO,Romania,2016,0,
DC3000,Direct current - 3 000 V,RO,Romania,2017,0,
DC3000,Direct current - 3 000 V,RO,Romania,2018,0,
DC3000,Direct current - 3 000 V,RO,Romania,2019,0,
DC3000,Direct current - 3 000 V,RO,Romania,2020,0,
DC3000,Direct current - 3 000 V,RO,Romania,2021,0,
DC3000,Direct current - 3 000 V,RO,Romania,2022,0,
DC3000,Direct current - 3 000 V,RO,Romania,2023,0,
DC3000,Direct current - 3 000 V,RO,Romania,2024,0,
DC3000,Direct current - 3 000 V,RS,Serbia,2006,0,
DC3000,Direct current - 3 000 V,RS,Serbia,2007,0,
DC3000,Direct current - 3 000 V,RS,Serbia,2008,0,
DC3000,Direct current - 3 000 V,RS,Serbia,2009,0,
DC3000,Direct current - 3 000 V,RS,Serbia,2010,0,
DC3000,Direct current - 3 000 V,RS,Serbia,2011,0,
DC3000,Direct current - 3 000 V,RS,Serbia,2012,0,
DC3000,Direct current - 3 000 V,RS,Serbia,2013,0,
DC3000,Direct current - 3 000 V,RS,Serbia,2014,0,
DC3000,Direct current - 3 000 V,RS,Serbia,2015,0,
DC3000,Direct current - 3 000 V,RS,Serbia,2016,0,
DC3000,Direct current - 3 000 V,RS,Serbia,2017,0,
DC3000,Direct current - 3 000 V,RS,Serbia,2018,0,
DC3000,Direct current - 3 000 V,RS,Serbia,2019,0,
DC3000,Direct current - 3 000 V,RS,Serbia,2020,0,
DC3000,Direct current - 3 000 V,RS,Serbia,2021,0,
DC3000,Direct current - 3 000 V,RS,Serbia,2022,0,
DC3000,Direct current - 3 000 V,RS,Serbia,2023,0,
DC3000,Direct current - 3 000 V,RS,Serbia,2024,0,
DC3000,Direct current - 3 000 V,SE,Sweden,1990,0,
DC3000,Direct current - 3 000 V,SE,Sweden,1991,0,
DC3000,Direct current - 3 000 V,SE,Sweden,1992,0,
DC3000,Direct current - 3 000 V,SE,Sweden,1993,0,
DC3000,Direct current - 3 000 V,SE,Sweden,1994,0,
DC3000,Direct current - 3 000 V,SE,Sweden,1995,0,
DC3000,Direct current - 3 000 V,SE,Sweden,1996,0,
DC3000,Direct current - 3 000 V,SE,Sweden,1997,0,
DC3000,Direct current - 3 000 V,SE,Sweden,1998,0,
DC3000,Direct current - 3 000 V,SE,Sweden,1999,0,
DC3000,Direct current - 3 000 V,SE,Sweden,2000,0,
DC3000,Direct current - 3 000 V,SE,Sweden,2001,0,
DC3000,Direct current - 3 000 V,SE,Sweden,2002,0,
DC3000,Direct current - 3 000 V,SE,Sweden,2003,0,
DC3000,Direct current - 3 000 V,SE,Sweden,2004,0,
DC3000,Direct current - 3 000 V,SE,Sweden,2005,0,
DC3000,Direct current - 3 000 V,SE,Sweden,2006,0,
DC3000,Direct current - 3 000 V,SE,Sweden,2007,0,
DC3000,Direct current - 3 000 V,SE,Sweden,2008,0,
DC3000,Direct current - 3 000 V,SE,Sweden,2009,0,
DC3000,Direct current - 3 000 V,SE,Sweden,2010,0,
DC3000,Direct current - 3 000 V,SE,Sweden,2011,0,
DC3000,Direct current - 3 000 V,SE,Sweden,2012,0,
DC3000,Direct current - 3 000 V,SE,Sweden,2013,0,
DC3000,Direct current - 3 000 V,SE,Sweden,2014,0,
DC3000,Direct current - 3 000 V,SE,Sweden,2015,0,
DC3000,Direct current - 3 000 V,SE,Sweden,2016,0,
DC3000,Direct current - 3 000 V,SE,Sweden,2017,0,
DC3000,Direct current - 3 000 V,SE,Sweden,2018,0,
DC3000,Direct current - 3 000 V,SE,Sweden,2019,0,
DC3000,Direct current - 3 000 V,SE,Sweden,2020,0,
DC3000,Direct current - 3 000 V,SE,Sweden,2021,0,
DC3000,Direct current - 3 000 V,SE,Sweden,2022,0,
DC3000,Direct current - 3 000 V,SE,Sweden,2023,0,
DC3000,Direct current - 3 000 V,SE,Sweden,2024,0,
DC3000,Direct current - 3 000 V,SI,Slovenia,1992,489,
DC3000,Direct current - 3 000 V,SI,Slovenia,1993,489,
DC3000,Direct current - 3 000 V,SI,Slovenia,1994,489,
DC3000,Direct current - 3 000 V,SI,Slovenia,1995,489,
DC3000,Direct current - 3 000 V,SI,Slovenia,1996,489,
DC3000,Direct current - 3 000 V,SI,Slovenia,1997,489,
DC3000,Direct current - 3 000 V,SI,Slovenia,1998,490,
DC3000,Direct current - 3 000 V,SI,Slovenia,1999,494,
DC3000,Direct current - 3 000 V,SI,Slovenia,2000,494,
DC3000,Direct current - 3 000 V,SI,Slovenia,2001,493.7,
DC3000,Direct current - 3 000 V,SI,Slovenia,2002,493.7,
DC3000,Direct current - 3 000 V,SI,Slovenia,2003,493.7,
DC3000,Direct current - 3 000 V,SI,Slovenia,2004,493.7,
DC3000,Direct current - 3 000 V,SI,Slovenia,2005,492.9,
DC3000,Direct current - 3 000 V,SI,Slovenia,2006,492.9,
DC3000,Direct current - 3 000 V,SI,Slovenia,2007,492.9,
DC3000,Direct current - 3 000 V,SI,Slovenia,2008,492.9,
DC3000,Direct current - 3 000 V,SI,Slovenia,2009,492.9,
DC3000,Direct current - 3 000 V,SI,Slovenia,2010,492.93,
DC3000,Direct current - 3 000 V,SI,Slovenia,2011,491.31,
DC3000,Direct current - 3 000 V,SI,Slovenia,2012,491,
DC3000,Direct current - 3 000 V,SI,Slovenia,2013,491,
DC3000,Direct current - 3 000 V,SI,Slovenia,2014,491,
DC3000,Direct current - 3 000 V,SI,Slovenia,2015,491,
DC3000,Direct current - 3 000 V,SI,Slovenia,2016,491,
DC3000,Direct current - 3 000 V,SI,Slovenia,2017,601,
DC3000,Direct current - 3 000 V,SI,Slovenia,2018,601,
DC3000,Direct current - 3 000 V,SI,Slovenia,2019,601,
DC3000,Direct current - 3 000 V,SI,Slovenia,2020,601,
DC3000,Direct current - 3 000 V,SI,Slovenia,2021,601,
DC3000,Direct current - 3 000 V,SI,Slovenia,2022,596,
DC3000,Direct current - 3 000 V,SI,Slovenia,2023,596,
DC3000,Direct current - 3 000 V,SI,Slovenia,2024,596,
DC3000,Direct current - 3 000 V,SK,Slovakia,1995,744,
DC3000,Direct current - 3 000 V,SK,Slovakia,1996,740,
DC3000,Direct current - 3 000 V,SK,Slovakia,1997,733,
DC3000,Direct current - 3 000 V,SK,Slovakia,1998,752,
DC3000,Direct current - 3 000 V,SK,Slovakia,1999,752,
DC3000,Direct current - 3 000 V,SK,Slovakia,2000,752,
DC3000,Direct current - 3 000 V,SK,Slovakia,2001,752,
DC3000,Direct current - 3 000 V,SK,Slovakia,2002,641,
DC3000,Direct current - 3 000 V,SK,Slovakia,2003,773,
DC3000,Direct current - 3 000 V,SK,Slovakia,2004,773,
DC3000,Direct current - 3 000 V,SK,Slovakia,2005,773,
DC3000,Direct current - 3 000 V,SK,Slovakia,2006,773,
DC3000,Direct current - 3 000 V,SK,Slovakia,2007,773,
DC3000,Direct current - 3 000 V,SK,Slovakia,2008,771,
DC3000,Direct current - 3 000 V,SK,Slovakia,2009,768,
DC3000,Direct current - 3 000 V,SK,Slovakia,2010,771,
DC3000,Direct current - 3 000 V,SK,Slovakia,2011,779,
DC3000,Direct current - 3 000 V,SK,Slovakia,2012,786,
DC3000,Direct current - 3 000 V,SK,Slovakia,2013,780,
DC3000,Direct current - 3 000 V,SK,Slovakia,2014,702,
DC3000,Direct current - 3 000 V,SK,Slovakia,2015,779,
DC3000,Direct current - 3 000 V,SK,Slovakia,2016,778,
DC3000,Direct current - 3 000 V,SK,Slovakia,2017,779,
DC3000,Direct current - 3 000 V,SK,Slovakia,2018,778,
DC3000,Direct current - 3 000 V,SK,Slovakia,2019,778,
DC3000,Direct current - 3 000 V,SK,Slovakia,2020,776,
DC3000,Direct current - 3 000 V,SK,Slovakia,2021,776,
DC3000,Direct current - 3 000 V,SK,Slovakia,2022,776,
DC3000,Direct current - 3 000 V,SK,Slovakia,2023,776,
DC3000,Direct current - 3 000 V,SK,Slovakia,2024,750,
DC3000,Direct current - 3 000 V,TR,Türkiye,1990,0,
DC3000,Direct current - 3 000 V,TR,Türkiye,1991,0,
DC3000,Direct current - 3 000 V,TR,Türkiye,1992,0,
DC3000,Direct current - 3 000 V,TR,Türkiye,1993,0,
DC3000,Direct current - 3 000 V,TR,Türkiye,1994,0,
DC3000,Direct current - 3 000 V,TR,Türkiye,1995,0,
DC3000,Direct current - 3 000 V,TR,Türkiye,1996,0,
DC3000,Direct current - 3 000 V,TR,Türkiye,1997,0,
DC3000,Direct current - 3 000 V,TR,Türkiye,1998,0,
DC3000,Direct current - 3 000 V,TR,Türkiye,1999,0,
DC3000,Direct current - 3 000 V,TR,Türkiye,2005,0,
DC3000,Direct current - 3 000 V,TR,Türkiye,2006,0,
DC3000,Direct current - 3 000 V,TR,Türkiye,2007,0,
DC3000,Direct current - 3 000 V,TR,Türkiye,2008,0,
DC3000,Direct current - 3 000 V,TR,Türkiye,2009,0,
DC3000,Direct current - 3 000 V,TR,Türkiye,2010,0,
DC3000,Direct current - 3 000 V,TR,Türkiye,2011,0,
DC3000,Direct current - 3 000 V,TR,Türkiye,2012,0,
DC3000,Direct current - 3 000 V,TR,Türkiye,2013,0,
DC3000,Direct current - 3 000 V,TR,Türkiye,2014,0,
DC3000,Direct current - 3 000 V,TR,Türkiye,2015,0,
DC3000,Direct current - 3 000 V,TR,Türkiye,2016,0,
DC3000,Direct current - 3 000 V,TR,Türkiye,2017,0,
DC3000,Direct current - 3 000 V,TR,Türkiye,2018,0,
DC3000,Direct current - 3 000 V,TR,Türkiye,2019,0,
DC3000,Direct current - 3 000 V,TR,Türkiye,2020,0,
DC3000,Direct current - 3 000 V,TR,Türkiye,2021,0,
DC3000,Direct current - 3 000 V,TR,Türkiye,2022,0,
DC3000,Direct current - 3 000 V,TR,Türkiye,2023,0,
DC3000,Direct current - 3 000 V,TR,Türkiye,2024,0,
DC3000,Direct current - 3 000 V,UA,Ukraine,1992,4569,
DC3000,Direct current - 3 000 V,UA,Ukraine,1993,4569,
DC3000,Direct current - 3 000 V,UA,Ukraine,1994,4586,
DC3000,Direct current - 3 000 V,UA,Ukraine,1995,4624,
DC3000,Direct current - 3 000 V,UA,Ukraine,1996,4607,
DC3000,Direct current - 3 000 V,UA,Ukraine,1997,4617,
DC3000,Direct current - 3 000 V,UA,Ukraine,1998,4617,
DC3000,Direct current - 3 000 V,UA,Ukraine,1999,4681,
DC3000,Direct current - 3 000 V,UA,Ukraine,2020,4405,i
DC3000,Direct current - 3 000 V,UK,United Kingdom,2008,0,
DC3000,Direct current - 3 000 V,UK,United Kingdom,2009,0,
DC3000,Direct current - 3 000 V,UK,United Kingdom,2010,0,
DC3000,Direct current - 3 000 V,UK,United Kingdom,2011,0,
DC3000,Direct current - 3 000 V,UK,United Kingdom,2012,0,
DC3000,Direct current - 3 000 V,UK,United Kingdom,2013,0,
DC3000,Direct current - 3 000 V,UK,United Kingdom,2014,0,
DC3000,Direct current - 3 000 V,UK,United Kingdom,2015,0,
DC3000,Direct current - 3 000 V,XK,Kosovo*,2017,0,
DC3000,Direct current - 3 000 V,XK,Kosovo*,2018,0,
DC3000,Direct current - 3 000 V,XK,Kosovo*,2019,0,
DC3000,Direct current - 3 000 V,XK,Kosovo*,2020,0,
DC3000,Direct current - 3 000 V,XK,Kosovo*,2021,0,
DC3000,Direct current - 3 000 V,XK,Kosovo*,2022,0,
DC3000,Direct current - 3 000 V,XK,Kosovo*,2023,0,i
DC3000,Direct current - 3 000 V,XK,Kosovo*,2024,0,i
DC_OTH,Direct current - other,AL,Albania,1990,0,
DC_OTH,Direct current - other,AL,Albania,1991,0,
DC_OTH,Direct current - other,AL,Albania,1992,0,
DC_OTH,Direct current - other,AL,Albania,1993,0,
DC_OTH,Direct current - other,AL,Albania,1994,0,
DC_OTH,Direct current - other,AL,Albania,1995,0,
DC_OTH,Direct current - other,AL,Albania,1996,0,
DC_OTH,Direct current - other,AL,Albania,1997,0,
DC_OTH,Direct current - other,AL,Albania,1998,0,
DC_OTH,Direct current - other,AL,Albania,1999,0,
DC_OTH,Direct current - other,AL,Albania,2000,0,
DC_OTH,Direct current - other,AL,Albania,2003,0,
DC_OTH,Direct current - other,AL,Albania,2004,0,
DC_OTH,Direct current - other,AL,Albania,2005,0,
DC_OTH,Direct current - other,AL,Albania,2006,0,
DC_OTH,Direct current - other,AL,Albania,2007,0,
DC_OTH,Direct current - other,AL,Albania,2008,0,
DC_OTH,Direct current - other,AL,Albania,2009,0,
DC_OTH,Direct current - other,AL,Albania,2010,0,
DC_OTH,Direct current - other,AL,Albania,2011,0,
DC_OTH,Direct current - other,AL,Albania,2012,0,
DC_OTH,Direct current - other,AL,Albania,2013,0,
DC_OTH,Direct current - other,AL,Albania,2014,0,
DC_OTH,Direct current - other,AL,Albania,2015,0,
DC_OTH,Direct current - other,AL,Albania,2016,0,
DC_OTH,Direct current - other,AL,Albania,2017,0,
DC_OTH,Direct current - other,AL,Albania,2018,0,
DC_OTH,Direct current - other,AL,Albania,2019,0,
DC_OTH,Direct current - other,AL,Albania,2020,0,
DC_OTH,Direct current - other,AL,Albania,2021,0,
DC_OTH,Direct current - other,AL,Albania,2022,0,
DC_OTH,Direct current - other,AL,Albania,2023,0,
DC_OTH,Direct current - other,AL,Albania,2024,0,
DC_OTH,Direct current - other,AT,Austria,2007,234,
DC_OTH,Direct current - other,AT,Austria,2008,227,i
DC_OTH,Direct current - other,AT,Austria,2009,219,i
DC_OTH,Direct current - other,AT,Austria,2010,211,
DC_OTH,Direct current - other,AT,Austria,2011,213,
DC_OTH,Direct current - other,AT,Austria,2012,213,
DC_OTH,Direct current - other,AT,Austria,2013,211,
DC_OTH,Direct current - other,AT,Austria,2014,211,
DC_OTH,Direct current - other,AT,Austria,2015,214,
DC_OTH,Direct current - other,AT,Austria,2016,215,
DC_OTH,Direct current - other,AT,Austria,2017,215,
DC_OTH,Direct current - other,AT,Austria,2018,217,
DC_OTH,Direct current - other,AT,Austria,2019,219,
DC_OTH,Direct current - other,AT,Austria,2020,219,
DC_OTH,Direct current - other,AT,Austria,2021,220,
DC_OTH,Direct current - other,AT,Austria,2022,220,
DC_OTH,Direct current - other,AT,Austria,2023,284,
DC_OTH,Direct current - other,AT,Austria,2024,220.27,
DC_OTH,Direct current - other,BA,Bosnia and Herzegovina,1990,0,
DC_OTH,Direct current - other,BA,Bosnia and Herzegovina,1991,0,
DC_OTH,Direct current - other,BA,Bosnia and Herzegovina,1992,0,
DC_OTH,Direct current - other,BA,Bosnia and Herzegovina,1993,0,
DC_OTH,Direct current - other,BA,Bosnia and Herzegovina,1994,0,
DC_OTH,Direct current - other,BA,Bosnia and Herzegovina,1995,0,
DC_OTH,Direct current - other,BA,Bosnia and Herzegovina,1996,0,
DC_OTH,Direct current - other,BA,Bosnia and Herzegovina,1997,0,
DC_OTH,Direct current - other,BA,Bosnia and Herzegovina,1998,0,
DC_OTH,Direct current - other,BA,Bosnia and Herzegovina,1999,0,
DC_OTH,Direct current - other,BA,Bosnia and Herzegovina,2000,0,
DC_OTH,Direct current - other,BA,Bosnia and Herzegovina,2001,0,
DC_OTH,Direct current - other,BA,Bosnia and Herzegovina,2002,0,
DC_OTH,Direct current - other,BA,Bosnia and Herzegovina,2003,0,
DC_OTH,Direct current - other,BA,Bosnia and Herzegovina,2004,0,
DC_OTH,Direct current - other,BA,Bosnia and Herzegovina,2005,0,
DC_OTH,Direct current - other,BA,Bosnia and Herzegovina,2006,0,
DC_OTH,Direct current - other,BA,Bosnia and Herzegovina,2007,0,
DC_OTH,Direct current - other,BA,Bosnia and Herzegovina,2008,0,
DC_OTH,Direct current - other,BA,Bosnia and Herzegovina,2009,0,
DC_OTH,Direct current - other,BA,Bosnia and Herzegovina,2010,0,
DC_OTH,Direct current - other,BA,Bosnia and Herzegovina,2011,0,
DC_OTH,Direct current - other,BA,Bosnia and Herzegovina,2012,0,
DC_OTH,Direct current - other,BA,Bosnia and Herzegovina,2013,0,
DC_OTH,Direct current - other,BA,Bosnia and Herzegovina,2014,0,
DC_OTH,Direct current - other,BA,Bosnia and Herzegovina,2015,0,
DC_OTH,Direct current - other,BA,Bosnia and Herzegovina,2016,0,
DC_OTH,Direct current - other,BA,Bosnia and Herzegovina,2017,0,
DC_OTH,Direct current - other,BA,Bosnia and Herzegovina,2018,0,
DC_OTH,Direct current - other,BA,Bosnia and Herzegovina,2019,0,
DC_OTH,Direct current - other,BA,Bosnia and Herzegovina,2020,0,
DC_OTH,Direct current - other,BA,Bosnia and Herzegovina,2021,0,
DC_OTH,Direct current - other,BA,Bosnia and Herzegovina,2022,0,
DC_OTH,Direct current - other,BA,Bosnia and Herzegovina,2023,0,
DC_OTH,Direct current - other,BA,Bosnia and Herzegovina,2024,0,
DC_OTH,Direct current - other,BE,Belgium,2003,0,
DC_OTH,Direct current - other,BE,Belgium,2004,0,
DC_OTH,Direct current - other,BE,Belgium,2005,0,
DC_OTH,Direct current - other,BE,Belgium,2006,0,
DC_OTH,Direct current - other,BE,Belgium,2007,0,
DC_OTH,Direct current - other,BE,Belgium,2008,0,
DC_OTH,Direct current - other,BE,Belgium,2009,0,
DC_OTH,Direct current - other,BE,Belgium,2010,0,
DC_OTH,Direct current - other,BE,Belgium,2011,0,
DC_OTH,Direct current - other,BE,Belgium,2012,0,
DC_OTH,Direct current - other,BE,Belgium,2013,0,
DC_OTH,Direct current - other,BE,Belgium,2014,0,
DC_OTH,Direct current - other,BE,Belgium,2015,0,
DC_OTH,Direct current - other,BE,Belgium,2016,0,
DC_OTH,Direct current - other,BE,Belgium,2017,0,
DC_OTH,Direct current - other,BE,Belgium,2018,0,
DC_OTH,Direct current - other,BE,Belgium,2019,0,
DC_OTH,Direct current - other,BE,Belgium,2020,0,i
DC_OTH,Direct current - other,BE,Belgium,2021,0,i
DC_OTH,Direct current - other,BE,Belgium,2022,0,i
DC_OTH,Direct current - other,BE,Belgium,2023,0,i
DC_OTH,Direct current - other,BE,Belgium,2024,0,
DC_OTH,Direct current - other,BG,Bulgaria,1990,0,
DC_OTH,Direct current - other,BG,Bulgaria,1991,0,
DC_OTH,Direct current - other,BG,Bulgaria,2008,0,
DC_OTH,Direct current - other,BG,Bulgaria,2009,0,
DC_OTH,Direct current - other,BG,Bulgaria,2010,0,
DC_OTH,Direct current - other,BG,Bulgaria,2011,0,
DC_OTH,Direct current - other,BG,Bulgaria,2012,0,
DC_OTH,Direct current - other,BG,Bulgaria,2013,0,
DC_OTH,Direct current - other,BG,Bulgaria,2014,0,
DC_OTH,Direct current - other,BG,Bulgaria,2015,0,
DC_OTH,Direct current - other,BG,Bulgaria,2016,0,
DC_OTH,Direct current - other,BG,Bulgaria,2017,0,
DC_OTH,Direct current - other,BG,Bulgaria,2018,0,
DC_OTH,Direct current - other,BG,Bulgaria,2019,0,
DC_OTH,Direct current - other,BG,Bulgaria,2020,0,
DC_OTH,Direct current - other,BG,Bulgaria,2021,0,
DC_OTH,Direct current - other,BG,Bulgaria,2022,0,
DC_OTH,Direct current - other,BG,Bulgaria,2023,0,
DC_OTH,Direct current - other,BG,Bulgaria,2024,0,
DC_OTH,Direct current - other,CH,Switzerland,1990,382,i
DC_OTH,Direct current - other,CH,Switzerland,1991,382,i
DC_OTH,Direct current - other,CH,Switzerland,1992,382,i
DC_OTH,Direct current - other,CH,Switzerland,1993,382,i
DC_OTH,Direct current - other,CH,Switzerland,1994,382,i
DC_OTH,Direct current - other,CH,Switzerland,1995,382,i
DC_OTH,Direct current - other,CH,Switzerland,1996,382,i
DC_OTH,Direct current - other,CH,Switzerland,1997,382,i
DC_OTH,Direct current - other,CH,Switzerland,1998,382,i
DC_OTH,Direct current - other,CH,Switzerland,1999,382,i
DC_OTH,Direct current - other,CH,Switzerland,2000,382,i
DC_OTH,Direct current - other,CH,Switzerland,2001,382,i
DC_OTH,Direct current - other,CH,Switzerland,2002,382,i
DC_OTH,Direct current - other,CH,Switzerland,2003,382,i
DC_OTH,Direct current - other,CH,Switzerland,2004,382,i
DC_OTH,Direct current - other,CH,Switzerland,2005,382,i
DC_OTH,Direct current - other,CH,Switzerland,2006,382,i
DC_OTH,Direct current - other,CH,Switzerland,2007,382,i
DC_OTH,Direct current - other,CH,Switzerland,2008,382,i
DC_OTH,Direct current - other,CH,Switzerland,2009,382,i
DC_OTH,Direct current - other,CH,Switzerland,2010,382,i
DC_OTH,Direct current - other,CH,Switzerland,2011,382,i
DC_OTH,Direct current - other,CH,Switzerland,2012,382,i
DC_OTH,Direct current - other,CH,Switzerland,2013,382,i
DC_OTH,Direct current - other,CH,Switzerland,2014,382,i
DC_OTH,Direct current - other,CH,Switzerland,2015,382,i
DC_OTH,Direct current - other,CH,Switzerland,2016,382,i
DC_OTH,Direct current - other,CH,Switzerland,2017,368,i
DC_OTH,Direct current - other,CH,Switzerland,2018,368,i
DC_OTH,Direct current - other,CH,Switzerland,2019,368,i
DC_OTH,Direct current - other,CH,Switzerland,2020,368,i
DC_OTH,Direct current - other,CH,Switzerland,2021,382,i
DC_OTH,Direct current - other,CH,Switzerland,2022,377,i
DC_OTH,Direct current - other,CH,Switzerland,2023,367,i
DC_OTH,Direct current - other,CH,Switzerland,2024,367,i
DC_OTH,Direct current - other,CZ,Czechia,1993,0,
DC_OTH,Direct current - other,CZ,Czechia,1994,0,
DC_OTH,Direct current - other,CZ,Czechia,1995,0,
DC_OTH,Direct current - other,CZ,Czechia,1996,0,
DC_OTH,Direct current - other,CZ,Czechia,1997,0,
DC_OTH,Direct current - other,CZ,Czechia,1998,0,
DC_OTH,Direct current - other,CZ,Czechia,1999,0,
DC_OTH,Direct current - other,CZ,Czechia,2000,0,
DC_OTH,Direct current - other,CZ,Czechia,2001,0,
DC_OTH,Direct current - other,CZ,Czechia,2002,0,
DC_OTH,Direct current - other,CZ,Czechia,2003,0,
DC_OTH,Direct current - other,CZ,Czechia,2004,0,
DC_OTH,Direct current - other,CZ,Czechia,2005,0,
DC_OTH,Direct current - other,CZ,Czechia,2006,0,
DC_OTH,Direct current - other,CZ,Czechia,2007,0,
DC_OTH,Direct current - other,CZ,Czechia,2008,0,
DC_OTH,Direct current - other,CZ,Czechia,2009,0,
DC_OTH,Direct current - other,CZ,Czechia,2010,0,
DC_OTH,Direct current - other,CZ,Czechia,2011,0,
DC_OTH,Direct current - other,CZ,Czechia,2012,0,
DC_OTH,Direct current - other,CZ,Czechia,2013,0,
DC_OTH,Direct current - other,CZ,Czechia,2014,0,
DC_OTH,Direct current - other,CZ,Czechia,2015,0,
DC_OTH,Direct current - other,CZ,Czechia,2016,0,
DC_OTH,Direct current - other,CZ,Czechia,2017,0,
DC_OTH,Direct current - other,CZ,Czechia,2018,0,
DC_OTH,Direct current - other,CZ,Czechia,2019,0,
DC_OTH,Direct current - other,CZ,Czechia,2020,0,
DC_OTH,Direct current - other,CZ,Czechia,2021,0,
DC_OTH,Direct current - other,CZ,Czechia,2022,0,
DC_OTH,Direct current - other,CZ,Czechia,2023,0,
DC_OTH,Direct current - other,CZ,Czechia,2024,0,
DC_OTH,Direct current - other,DE,Germany,1990,110,
DC_OTH,Direct current - other,DE,Germany,1991,110,
DC_OTH,Direct current - other,DE,Germany,1992,319,
DC_OTH,Direct current - other,DE,Germany,1993,334,
DC_OTH,Direct current - other,DE,Germany,1994,332,
DC_OTH,Direct current - other,DE,Germany,1998,410,
DC_OTH,Direct current - other,DE,Germany,1999,317,
DC_OTH,Direct current - other,DE,Germany,2000,317.02,
DC_OTH,Direct current - other,DE,Germany,2001,317,
DC_OTH,Direct current - other,DE,Germany,2002,317,
DC_OTH,Direct current - other,DE,Germany,2008,240,i
DC_OTH,Direct current - other,DE,Germany,2009,240,i
DC_OTH,Direct current - other,DE,Germany,2010,240,i
DC_OTH,Direct current - other,DE,Germany,2011,240,i
DC_OTH,Direct current - other,DE,Germany,2012,240,i
DC_OTH,Direct current - other,DE,Germany,2013,253.144,i
DC_OTH,Direct current - other,DE,Germany,2014,253.434,i
DC_OTH,Direct current - other,DE,Germany,2015,255.999,i
DC_OTH,Direct current - other,DE,Germany,2016,260.433,i
DC_OTH,Direct current - other,DE,Germany,2017,275.966,i
DC_OTH,Direct current - other,DE,Germany,2018,273.981,i
DC_OTH,Direct current - other,DE,Germany,2019,288.502,i
DC_OTH,Direct current - other,DE,Germany,2020,295.68,i
DC_OTH,Direct current - other,DE,Germany,2021,307.566,i
DC_OTH,Direct current - other,DK,Denmark,1990,0,i
DC_OTH,Direct current - other,DK,Denmark,1991,0,i
DC_OTH,Direct current - other,DK,Denmark,1992,0,i
DC_OTH,Direct current - other,DK,Denmark,1993,0,i
DC_OTH,Direct current - other,DK,Denmark,1994,0,i
DC_OTH,Direct current - other,DK,Denmark,1995,0,i
DC_OTH,Direct current - other,DK,Denmark,1996,0,i
DC_OTH,Direct current - other,DK,Denmark,1997,0,i
DC_OTH,Direct current - other,DK,Denmark,1998,0,i
DC_OTH,Direct current - other,DK,Denmark,1999,0,i
DC_OTH,Direct current - other,DK,Denmark,2000,0,i
DC_OTH,Direct current - other,DK,Denmark,2001,0,i
DC_OTH,Direct current - other,DK,Denmark,2002,0,i
DC_OTH,Direct current - other,DK,Denmark,2003,0,i
DC_OTH,Direct current - other,DK,Denmark,2004,0,i
DC_OTH,Direct current - other,DK,Denmark,2005,0,i
DC_OTH,Direct current - other,DK,Denmark,2006,0,i
DC_OTH,Direct current - other,DK,Denmark,2007,0,i
DC_OTH,Direct current - other,DK,Denmark,2008,0,i
DC_OTH,Direct current - other,DK,Denmark,2009,0,i
DC_OTH,Direct current - other,DK,Denmark,2010,0,i
DC_OTH,Direct current - other,DK,Denmark,2011,0,i
DC_OTH,Direct current - other,DK,Denmark,2012,0,i
DC_OTH,Direct current - other,DK,Denmark,2013,0,
DC_OTH,Direct current - other,DK,Denmark,2014,0,
DC_OTH,Direct current - other,DK,Denmark,2015,0,
DC_OTH,Direct current - other,DK,Denmark,2016,0,
DC_OTH,Direct current - other,DK,Denmark,2017,0,
DC_OTH,Direct current - other,DK,Denmark,2018,0,
DC_OTH,Direct current - other,DK,Denmark,2019,0,
DC_OTH,Direct current - other,DK,Denmark,2020,0,
DC_OTH,Direct current - other,DK,Denmark,2021,0,
DC_OTH,Direct current - other,DK,Denmark,2022,0,
DC_OTH,Direct current - other,DK,Denmark,2023,0,
DC_OTH,Direct current - other,DK,Denmark,2024,0,
DC_OTH,Direct current - other,EE,Estonia,1990,0,
DC_OTH,Direct current - other,EE,Estonia,1991,0,
DC_OTH,Direct current - other,EE,Estonia,1992,0,
DC_OTH,Direct current - other,EE,Estonia,1993,0,
DC_OTH,Direct current - other,EE,Estonia,1994,0,
DC_OTH,Direct current - other,EE,Estonia,1995,0,
DC_OTH,Direct current - other,EE,Estonia,1996,0,
DC_OTH,Direct current - other,EE,Estonia,1997,0,
DC_OTH,Direct current - other,EE,Estonia,1998,0,
DC_OTH,Direct current - other,EE,Estonia,1999,0,
DC_OTH,Direct current - other,EE,Estonia,2000,0,
DC_OTH,Direct current - other,EE,Estonia,2001,0,
DC_OTH,Direct current - other,EE,Estonia,2002,0,
DC_OTH,Direct current - other,EE,Estonia,2003,0,
DC_OTH,Direct current - other,EE,Estonia,2004,0,
DC_OTH,Direct current - other,EE,Estonia,2005,0,
DC_OTH,Direct current - other,EE,Estonia,2006,0,
DC_OTH,Direct current - other,EE,Estonia,2007,0,
DC_OTH,Direct current - other,EE,Estonia,2008,0,
DC_OTH,Direct current - other,EE,Estonia,2009,0,
DC_OTH,Direct current - other,EE,Estonia,2010,0,
DC_OTH,Direct current - other,EE,Estonia,2011,0,
DC_OTH,Direct current - other,EE,Estonia,2012,0,
DC_OTH,Direct current - other,EE,Estonia,2013,0,
DC_OTH,Direct current - other,EE,Estonia,2014,0,
DC_OTH,Direct current - other,EE,Estonia,2015,0,
DC_OTH,Direct current - other,EE,Estonia,2016,0,
DC_OTH,Direct current - other,EE,Estonia,2017,0,
DC_OTH,Direct current - other,EE,Estonia,2018,0,
DC_OTH,Direct current - other,EE,Estonia,2019,0,
DC_OTH,Direct current - other,EE,Estonia,2020,0,
DC_OTH,Direct current - other,EE,Estonia,2021,0,
DC_OTH,Direct current - other,EE,Estonia,2022,0,
DC_OTH,Direct current - other,EE,Estonia,2023,0,
DC_OTH,Direct current - other,EE,Estonia,2024,0,
DC_OTH,Direct current - other,EL,Greece,1990,0,
DC_OTH,Direct current - other,EL,Greece,1991,0,
DC_OTH,Direct current - other,EL,Greece,1992,0,
DC_OTH,Direct current - other,EL,Greece,1993,0,
DC_OTH,Direct current - other,EL,Greece,1994,0,
DC_OTH,Direct current - other,EL,Greece,1995,0,
DC_OTH,Direct current - other,EL,Greece,1996,0,
DC_OTH,Direct current - other,EL,Greece,1997,0,
DC_OTH,Direct current - other,EL,Greece,1998,0,
DC_OTH,Direct current - other,EL,Greece,1999,0,
DC_OTH,Direct current - other,EL,Greece,2000,0,
DC_OTH,Direct current - other,EL,Greece,2001,0,
DC_OTH,Direct current - other,EL,Greece,2002,0,
DC_OTH,Direct current - other,EL,Greece,2003,0,
DC_OTH,Direct current - other,EL,Greece,2004,0,
DC_OTH,Direct current - other,EL,Greece,2005,0,
DC_OTH,Direct current - other,EL,Greece,2006,0,
DC_OTH,Direct current - other,EL,Greece,2007,0,
DC_OTH,Direct current - other,EL,Greece,2008,0,
DC_OTH,Direct current - other,EL,Greece,2009,0,
DC_OTH,Direct current - other,EL,Greece,2010,0,
DC_OTH,Direct current - other,EL,Greece,2011,0,
DC_OTH,Direct current - other,EL,Greece,2012,0,
DC_OTH,Direct current - other,EL,Greece,2013,0,
DC_OTH,Direct current - other,EL,Greece,2014,0,
DC_OTH,Direct current - other,EL,Greece,2015,0,
DC_OTH,Direct current - other,EL,Greece,2016,0,
DC_OTH,Direct current - other,EL,Greece,2017,0,
DC_OTH,Direct current - other,EL,Greece,2018,0,
DC_OTH,Direct current - other,EL,Greece,2019,0,
DC_OTH,Direct current - other,EL,Greece,2020,0,
DC_OTH,Direct current - other,EL,Greece,2021,0,
DC_OTH,Direct current - other,EL,Greece,2022,0,
DC_OTH,Direct current - other,EL,Greece,2023,0,
DC_OTH,Direct current - other,EL,Greece,2024,0,
DC_OTH,Direct current - other,ES,Spain,1990,0,
DC_OTH,Direct current - other,ES,Spain,1991,0,
DC_OTH,Direct current - other,ES,Spain,1992,0,
DC_OTH,Direct current - other,ES,Spain,1993,0,
DC_OTH,Direct current - other,ES,Spain,1994,0,
DC_OTH,Direct current - other,ES,Spain,1995,0,
DC_OTH,Direct current - other,ES,Spain,1996,0,
DC_OTH,Direct current - other,ES,Spain,1997,0,
DC_OTH,Direct current - other,ES,Spain,1998,0,
DC_OTH,Direct current - other,ES,Spain,1999,0,
DC_OTH,Direct current - other,ES,Spain,2000,0,
DC_OTH,Direct current - other,ES,Spain,2001,0,
DC_OTH,Direct current - other,ES,Spain,2002,0,
DC_OTH,Direct current - other,ES,Spain,2003,0,
DC_OTH,Direct current - other,ES,Spain,2004,0,
DC_OTH,Direct current - other,ES,Spain,2005,0,
DC_OTH,Direct current - other,ES,Spain,2006,0,
DC_OTH,Direct current - other,ES,Spain,2007,0,
DC_OTH,Direct current - other,ES,Spain,2008,0,
DC_OTH,Direct current - other,ES,Spain,2009,0,
DC_OTH,Direct current - other,ES,Spain,2010,0,
DC_OTH,Direct current - other,ES,Spain,2011,0,
DC_OTH,Direct current - other,ES,Spain,2012,0,
DC_OTH,Direct current - other,ES,Spain,2013,0,
DC_OTH,Direct current - other,ES,Spain,2014,0,
DC_OTH,Direct current - other,ES,Spain,2015,0,
DC_OTH,Direct current - other,ES,Spain,2016,105,
DC_OTH,Direct current - other,ES,Spain,2017,0,
DC_OTH,Direct current - other,ES,Spain,2018,0,
DC_OTH,Direct current - other,ES,Spain,2019,0,
DC_OTH,Direct current - other,ES,Spain,2020,0,
DC_OTH,Direct current - other,ES,Spain,2021,0,
DC_OTH,Direct current - other,ES,Spain,2022,0,
DC_OTH,Direct current - other,ES,Spain,2023,0,
DC_OTH,Direct current - other,ES,Spain,2024,0,
DC_OTH,Direct current - other,EU27_2020,European Union - 27 countries (from 2020),2008,853,
DC_OTH,Direct current - other,EU27_2020,European Union - 27 countries (from 2020),2009,848,
DC_OTH,Direct current - other,EU27_2020,European Union - 27 countries (from 2020),2010,842,
DC_OTH,Direct current - other,EU27_2020,European Union - 27 countries (from 2020),2012,841,
DC_OTH,Direct current - other,EU27_2020,European Union - 27 countries (from 2020),2013,605.144,
DC_OTH,Direct current - other,EU27_2020,European Union - 27 countries (from 2020),2015,609.999,
DC_OTH,Direct current - other,EU27_2020,European Union - 27 countries (from 2020),2016,722.433,
DC_OTH,Direct current - other,EU27_2020,European Union - 27 countries (from 2020),2017,607.966,
DC_OTH,Direct current - other,EU27_2020,European Union - 27 countries (from 2020),2018,607.981,
DC_OTH,Direct current - other,EU27_2020,European Union - 27 countries (from 2020),2019,624.502,
DC_OTH,Direct current - other,EU27_2020,European Union - 27 countries (from 2020),2020,631.68,
DC_OTH,Direct current - other,EU27_2020,European Union - 27 countries (from 2020),2021,754.566,
DC_OTH,Direct current - other,EU27_2020,European Union - 27 countries (from 2020),2022,754.566,
DC_OTH,Direct current - other,EU27_2020,European Union - 27 countries (from 2020),2023,1207.7,
DC_OTH,Direct current - other,EU27_2020,European Union - 27 countries (from 2020),2024,1143.97,
DC_OTH,Direct current - other,FI,Finland,2008,0,
DC_OTH,Direct current - other,FI,Finland,2009,0,
DC_OTH,Direct current - other,FI,Finland,2010,0,
DC_OTH,Direct current - other,FI,Finland,2012,0,
DC_OTH,Direct current - other,FI,Finland,2013,0,
DC_OTH,Direct current - other,FI,Finland,2014,0,
DC_OTH,Direct current - other,FI,Finland,2015,0,b
DC_OTH,Direct current - other,FI,Finland,2016,0,
DC_OTH,Direct current - other,FI,Finland,2017,0,
DC_OTH,Direct current - other,FI,Finland,2018,0,
DC_OTH,Direct current - other,FI,Finland,2019,0,
DC_OTH,Direct current - other,FI,Finland,2020,0,
DC_OTH,Direct current - other,FI,Finland,2021,0,
DC_OTH,Direct current - other,FI,Finland,2022,0,
DC_OTH,Direct current - other,FI,Finland,2023,0,
DC_OTH,Direct current - other,FI,Finland,2024,0,
DC_OTH,Direct current - other,FR,France,1990,113,
DC_OTH,Direct current - other,FR,France,1991,113,
DC_OTH,Direct current - other,FR,France,1992,113,
DC_OTH,Direct current - other,FR,France,1993,113,
DC_OTH,Direct current - other,FR,France,1994,101,
DC_OTH,Direct current - other,FR,France,1995,101,
DC_OTH,Direct current - other,FR,France,1996,97,
DC_OTH,Direct current - other,FR,France,1997,99,
DC_OTH,Direct current - other,FR,France,1998,99,
DC_OTH,Direct current - other,FR,France,1999,88,
DC_OTH,Direct current - other,FR,France,2000,99,
DC_OTH,Direct current - other,FR,France,2001,99,
DC_OTH,Direct current - other,FR,France,2002,99,
DC_OTH,Direct current - other,FR,France,2003,99,
DC_OTH,Direct current - other,FR,France,2004,97,
DC_OTH,Direct current - other,FR,France,2005,97,
DC_OTH,Direct current - other,FR,France,2006,97,
DC_OTH,Direct current - other,FR,France,2007,97,
DC_OTH,Direct current - other,FR,France,2008,99,
DC_OTH,Direct current - other,FR,France,2009,102,
DC_OTH,Direct current - other,FR,France,2010,104,
DC_OTH,Direct current - other,FR,France,2011,106,
DC_OTH,Direct current - other,FR,France,2012,108,
DC_OTH,Direct current - other,FR,France,2013,110,
DC_OTH,Direct current - other,FR,France,2014,111,
DC_OTH,Direct current - other,FR,France,2015,111,
DC_OTH,Direct current - other,FR,France,2016,112,
DC_OTH,Direct current - other,FR,France,2017,112,
DC_OTH,Direct current - other,FR,France,2018,112,
DC_OTH,Direct current - other,FR,France,2019,112,
DC_OTH,Direct current - other,FR,France,2020,112,
DC_OTH,Direct current - other,FR,France,2021,112,
DC_OTH,Direct current - other,FR,France,2022,112,
DC_OTH,Direct current - other,FR,France,2023,112,
DC_OTH,Direct current - other,FR,France,2024,112,
DC_OTH,Direct current - other,GE,Georgia,1995,0,
DC_OTH,Direct current - other,GE,Georgia,1996,0,
DC_OTH,Direct current - other,GE,Georgia,1997,0,
DC_OTH,Direct current - other,GE,Georgia,1998,0,
DC_OTH,Direct current - other,GE,Georgia,1999,0,
DC_OTH,Direct current - other,GE,Georgia,2012,0,
DC_OTH,Direct current - other,GE,Georgia,2013,0,
DC_OTH,Direct current - other,GE,Georgia,2014,0,
DC_OTH,Direct current - other,GE,Georgia,2015,0,
DC_OTH,Direct current - other,GE,Georgia,2016,0,
DC_OTH,Direct current - other,GE,Georgia,2017,0,
DC_OTH,Direct current - other,GE,Georgia,2018,0,
DC_OTH,Direct current - other,GE,Georgia,2019,0,
DC_OTH,Direct current - other,GE,Georgia,2020,0,
DC_OTH,Direct current - other,GE,Georgia,2021,0,
DC_OTH,Direct current - other,GE,Georgia,2022,0,
DC_OTH,Direct current - other,GE,Georgia,2023,0,
DC_OTH,Direct current - other,GE,Georgia,2024,0,
DC_OTH,Direct current - other,HR,Croatia,2008,0,
DC_OTH,Direct current - other,HR,Croatia,2009,0,
DC_OTH,Direct current - other,HR,Croatia,2010,0,
DC_OTH,Direct current - other,HR,Croatia,2011,0,
DC_OTH,Direct current - other,HR,Croatia,2012,0,
DC_OTH,Direct current - other,HR,Croatia,2013,0,
DC_OTH,Direct current - other,HR,Croatia,2014,0,
DC_OTH,Direct current - other,HR,Croatia,2015,0,
DC_OTH,Direct current - other,HR,Croatia,2016,0,
DC_OTH,Direct current - other,HR,Croatia,2017,0,
DC_OTH,Direct current - other,HR,Croatia,2018,0,
DC_OTH,Direct current - other,HR,Croatia,2019,0,
DC_OTH,Direct current - other,HR,Croatia,2020,0,
DC_OTH,Direct current - other,HR,Croatia,2021,0,
DC_OTH,Direct current - other,HR,Croatia,2022,0,
DC_OTH,Direct current - other,HR,Croatia,2023,0,
DC_OTH,Direct current - other,HR,Croatia,2024,0,
DC_OTH,Direct current - other,HU,Hungary,1990,0,
DC_OTH,Direct current - other,HU,Hungary,1991,0,
DC_OTH,Direct current - other,HU,Hungary,1992,0,
DC_OTH,Direct current - other,HU,Hungary,1993,0,
DC_OTH,Direct current - other,HU,Hungary,1994,0,
DC_OTH,Direct current - other,HU,Hungary,1995,0,
DC_OTH,Direct current - other,HU,Hungary,1996,0,
DC_OTH,Direct current - other,HU,Hungary,1997,0,
DC_OTH,Direct current - other,HU,Hungary,1998,0,
DC_OTH,Direct current - other,HU,Hungary,1999,0,
DC_OTH,Direct current - other,HU,Hungary,2000,0,
DC_OTH,Direct current - other,HU,Hungary,2001,0,
DC_OTH,Direct current - other,HU,Hungary,2002,0,
DC_OTH,Direct current - other,HU,Hungary,2004,0,
DC_OTH,Direct current - other,HU,Hungary,2005,0,
DC_OTH,Direct current - other,HU,Hungary,2006,0,
DC_OTH,Direct current - other,HU,Hungary,2007,0,
DC_OTH,Direct current - other,HU,Hungary,2008,0,
DC_OTH,Direct current - other,HU,Hungary,2009,0,
DC_OTH,Direct current - other,HU,Hungary,2010,0,
DC_OTH,Direct current - other,HU,Hungary,2011,0,
DC_OTH,Direct current - other,HU,Hungary,2012,0,
DC_OTH,Direct current - other,HU,Hungary,2013,0,
DC_OTH,Direct current - other,HU,Hungary,2015,0,
DC_OTH,Direct current - other,HU,Hungary,2016,0,
DC_OTH,Direct current - other,HU,Hungary,2017,0,
DC_OTH,Direct current - other,HU,Hungary,2018,0,
DC_OTH,Direct current - other,HU,Hungary,2019,0,
DC_OTH,Direct current - other,HU,Hungary,2020,0,
DC_OTH,Direct current - other,HU,Hungary,2021,110,
DC_OTH,Direct current - other,HU,Hungary,2022,110,
DC_OTH,Direct current - other,HU,Hungary,2023,114,
DC_OTH,Direct current - other,HU,Hungary,2024,114,
DC_OTH,Direct current - other,IE,Ireland,1990,0,
DC_OTH,Direct current - other,IE,Ireland,1991,0,
DC_OTH,Direct current - other,IE,Ireland,1992,0,
DC_OTH,Direct current - other,IE,Ireland,1993,0,
DC_OTH,Direct current - other,IE,Ireland,1994,0,
DC_OTH,Direct current - other,IE,Ireland,1995,0,
DC_OTH,Direct current - other,IE,Ireland,1996,0,
DC_OTH,Direct current - other,IE,Ireland,1997,0,
DC_OTH,Direct current - other,IE,Ireland,1998,0,
DC_OTH,Direct current - other,IE,Ireland,1999,0,
DC_OTH,Direct current - other,IE,Ireland,2000,0,
DC_OTH,Direct current - other,IE,Ireland,2001,0,
DC_OTH,Direct current - other,IE,Ireland,2002,0,
DC_OTH,Direct current - other,IE,Ireland,2003,0,
DC_OTH,Direct current - other,IE,Ireland,2004,0,
DC_OTH,Direct current - other,IE,Ireland,2005,0,
DC_OTH,Direct current - other,IE,Ireland,2006,0,
DC_OTH,Direct current - other,IE,Ireland,2007,0,
DC_OTH,Direct current - other,IE,Ireland,2008,0,
DC_OTH,Direct current - other,IE,Ireland,2009,0,
DC_OTH,Direct current - other,IE,Ireland,2010,0,
DC_OTH,Direct current - other,IE,Ireland,2011,0,
DC_OTH,Direct current - other,IE,Ireland,2012,0,
DC_OTH,Direct current - other,IE,Ireland,2013,0,
DC_OTH,Direct current - other,IE,Ireland,2014,0,
DC_OTH,Direct current - other,IE,Ireland,2015,0,
DC_OTH,Direct current - other,IE,Ireland,2016,0,
DC_OTH,Direct current - other,IE,Ireland,2017,0,
DC_OTH,Direct current - other,IE,Ireland,2018,0,
DC_OTH,Direct current - other,IE,Ireland,2019,0,
DC_OTH,Direct current - other,IE,Ireland,2020,0,
DC_OTH,Direct current - other,IE,Ireland,2021,0,
DC_OTH,Direct current - other,IE,Ireland,2022,0,
DC_OTH,Direct current - other,IE,Ireland,2023,0,i
DC_OTH,Direct current - other,IE,Ireland,2024,0,
DC_OTH,Direct current - other,IT,Italy,1990,0,
DC_OTH,Direct current - other,IT,Italy,1991,0,
DC_OTH,Direct current - other,IT,Italy,1992,0,
DC_OTH,Direct current - other,IT,Italy,1993,0,
DC_OTH,Direct current - other,IT,Italy,1994,0,
DC_OTH,Direct current - other,IT,Italy,1995,0,
DC_OTH,Direct current - other,IT,Italy,1996,0,
DC_OTH,Direct current - other,IT,Italy,1997,0,
DC_OTH,Direct current - other,IT,Italy,1998,0,
DC_OTH,Direct current - other,IT,Italy,1999,0,
DC_OTH,Direct current - other,IT,Italy,2000,0,
DC_OTH,Direct current - other,IT,Italy,2001,0,
DC_OTH,Direct current - other,IT,Italy,2002,0,
DC_OTH,Direct current - other,IT,Italy,2003,0,
DC_OTH,Direct current - other,IT,Italy,2004,0,
DC_OTH,Direct current - other,IT,Italy,2005,0,
DC_OTH,Direct current - other,IT,Italy,2006,0,
DC_OTH,Direct current - other,IT,Italy,2007,0,
DC_OTH,Direct current - other,IT,Italy,2008,0,
DC_OTH,Direct current - other,IT,Italy,2009,0,
DC_OTH,Direct current - other,IT,Italy,2010,0,
DC_OTH,Direct current - other,IT,Italy,2011,0,
DC_OTH,Direct current - other,IT,Italy,2012,0,
DC_OTH,Direct current - other,IT,Italy,2013,0,
DC_OTH,Direct current - other,IT,Italy,2014,0,
DC_OTH,Direct current - other,IT,Italy,2015,0,
DC_OTH,Direct current - other,IT,Italy,2016,0,
DC_OTH,Direct current - other,IT,Italy,2017,0,
DC_OTH,Direct current - other,IT,Italy,2018,0,
DC_OTH,Direct current - other,IT,Italy,2019,0,
DC_OTH,Direct current - other,IT,Italy,2020,0,
DC_OTH,Direct current - other,IT,Italy,2021,0,
DC_OTH,Direct current - other,IT,Italy,2022,0,
DC_OTH,Direct current - other,IT,Italy,2023,0,
DC_OTH,Direct current - other,IT,Italy,2024,0,
DC_OTH,Direct current - other,LI,Liechtenstein,2013,0,
DC_OTH,Direct current - other,LI,Liechtenstein,2014,0,
DC_OTH,Direct current - other,LI,Liechtenstein,2015,0,
DC_OTH,Direct current - other,LI,Liechtenstein,2016,0,
DC_OTH,Direct current - other,LI,Liechtenstein,2017,0,
DC_OTH,Direct current - other,LI,Liechtenstein,2018,0,
DC_OTH,Direct current - other,LI,Liechtenstein,2019,0,
DC_OTH,Direct current - other,LI,Liechtenstein,2020,0,
DC_OTH,Direct current - other,LI,Liechtenstein,2021,0,
DC_OTH,Direct current - other,LI,Liechtenstein,2022,0,
DC_OTH,Direct current - other,LI,Liechtenstein,2023,0,
DC_OTH,Direct current - other,LI,Liechtenstein,2024,0,
DC_OTH,Direct current - other,LT,Lithuania,1990,0,
DC_OTH,Direct current - other,LT,Lithuania,1991,0,
DC_OTH,Direct current - other,LT,Lithuania,1992,0,
DC_OTH,Direct current - other,LT,Lithuania,1993,0,
DC_OTH,Direct current - other,LT,Lithuania,1994,0,
DC_OTH,Direct current - other,LT,Lithuania,1995,0,
DC_OTH,Direct current - other,LT,Lithuania,1996,0,
DC_OTH,Direct current - other,LT,Lithuania,1997,0,
DC_OTH,Direct current - other,LT,Lithuania,1998,0,
DC_OTH,Direct current - other,LT,Lithuania,1999,0,
DC_OTH,Direct current - other,LT,Lithuania,2000,0,
DC_OTH,Direct current - other,LT,Lithuania,2001,0,
DC_OTH,Direct current - other,LT,Lithuania,2002,0,
DC_OTH,Direct current - other,LT,Lithuania,2004,0,
DC_OTH,Direct current - other,LT,Lithuania,2005,0,
DC_OTH,Direct current - other,LT,Lithuania,2006,0,
DC_OTH,Direct current - other,LT,Lithuania,2007,0,
DC_OTH,Direct current - other,LT,Lithuania,2008,0,
DC_OTH,Direct current - other,LT,Lithuania,2009,0,
DC_OTH,Direct current - other,LT,Lithuania,2010,0,
DC_OTH,Direct current - other,LT,Lithuania,2011,0,
DC_OTH,Direct current - other,LT,Lithuania,2012,0,
DC_OTH,Direct current - other,LT,Lithuania,2013,0,
DC_OTH,Direct current - other,LT,Lithuania,2014,0,
DC_OTH,Direct current - other,LT,Lithuania,2015,0,
DC_OTH,Direct current - other,LT,Lithuania,2016,0,
DC_OTH,Direct current - other,LT,Lithuania,2017,0,
DC_OTH,Direct current - other,LT,Lithuania,2018,0,
DC_OTH,Direct current - other,LT,Lithuania,2019,0,
DC_OTH,Direct current - other,LT,Lithuania,2020,0,
DC_OTH,Direct current - other,LT,Lithuania,2021,0,
DC_OTH,Direct current - other,LT,Lithuania,2022,0,
DC_OTH,Direct current - other,LT,Lithuania,2023,0,
DC_OTH,Direct current - other,LT,Lithuania,2024,0,
DC_OTH,Direct current - other,LU,Luxembourg,1990,0,
DC_OTH,Direct current - other,LU,Luxembourg,1991,0,
DC_OTH,Direct current - other,LU,Luxembourg,1992,0,
DC_OTH,Direct current - other,LU,Luxembourg,1993,0,
DC_OTH,Direct current - other,LU,Luxembourg,1994,0,
DC_OTH,Direct current - other,LU,Luxembourg,1995,0,
DC_OTH,Direct current - other,LU,Luxembourg,1996,0,
DC_OTH,Direct current - other,LU,Luxembourg,1997,0,
DC_OTH,Direct current - other,LU,Luxembourg,1998,0,
DC_OTH,Direct current - other,LU,Luxembourg,1999,0,
DC_OTH,Direct current - other,LU,Luxembourg,2000,0,
DC_OTH,Direct current - other,LU,Luxembourg,2001,0,
DC_OTH,Direct current - other,LU,Luxembourg,2002,0,
DC_OTH,Direct current - other,LU,Luxembourg,2003,0,
DC_OTH,Direct current - other,LU,Luxembourg,2004,0,
DC_OTH,Direct current - other,LU,Luxembourg,2005,0,
DC_OTH,Direct current - other,LU,Luxembourg,2006,0,
DC_OTH,Direct current - other,LU,Luxembourg,2007,0,
DC_OTH,Direct current - other,LU,Luxembourg,2008,0,
DC_OTH,Direct current - other,LU,Luxembourg,2009,0,
DC_OTH,Direct current - other,LU,Luxembourg,2010,0,
DC_OTH,Direct current - other,LU,Luxembourg,2011,0,
DC_OTH,Direct current - other,LU,Luxembourg,2012,0,
DC_OTH,Direct current - other,LU,Luxembourg,2013,0,
DC_OTH,Direct current - other,LU,Luxembourg,2014,0,
DC_OTH,Direct current - other,LU,Luxembourg,2015,0,
DC_OTH,Direct current - other,LU,Luxembourg,2016,0,
DC_OTH,Direct current - other,LU,Luxembourg,2017,0,
DC_OTH,Direct current - other,LU,Luxembourg,2018,0,
DC_OTH,Direct current - other,LU,Luxembourg,2019,0,
DC_OTH,Direct current - other,LU,Luxembourg,2020,0,
DC_OTH,Direct current - other,LU,Luxembourg,2021,0,
DC_OTH,Direct current - other,LU,Luxembourg,2022,0,
DC_OTH,Direct current - other,LU,Luxembourg,2023,0,
DC_OTH,Direct current - other,LU,Luxembourg,2024,0,
DC_OTH,Direct current - other,LV,Latvia,1990,271,
DC_OTH,Direct current - other,LV,Latvia,1991,271,
DC_OTH,Direct current - other,LV,Latvia,1992,271,
DC_OTH,Direct current - other,LV,Latvia,1993,271,
DC_OTH,Direct current - other,LV,Latvia,1994,271,
DC_OTH,Direct current - other,LV,Latvia,1995,271,
DC_OTH,Direct current - other,LV,Latvia,1996,271,
DC_OTH,Direct current - other,LV,Latvia,1997,271,
DC_OTH,Direct current - other,LV,Latvia,1998,270,
DC_OTH,Direct current - other,LV,Latvia,1999,258,
DC_OTH,Direct current - other,LV,Latvia,2000,258,
DC_OTH,Direct current - other,LV,Latvia,2001,257,
DC_OTH,Direct current - other,LV,Latvia,2002,257,
DC_OTH,Direct current - other,LV,Latvia,2003,257,
DC_OTH,Direct current - other,LV,Latvia,2004,257,
DC_OTH,Direct current - other,LV,Latvia,2005,257,
DC_OTH,Direct current - other,LV,Latvia,2006,257,
DC_OTH,Direct current - other,LV,Latvia,2007,257,
DC_OTH,Direct current - other,LV,Latvia,2008,257,
DC_OTH,Direct current - other,LV,Latvia,2009,257,
DC_OTH,Direct current - other,LV,Latvia,2010,257,
DC_OTH,Direct current - other,LV,Latvia,2011,257,
DC_OTH,Direct current - other,LV,Latvia,2012,250,
DC_OTH,Direct current - other,LV,Latvia,2013,0,
DC_OTH,Direct current - other,LV,Latvia,2014,0,
DC_OTH,Direct current - other,LV,Latvia,2015,0,
DC_OTH,Direct current - other,LV,Latvia,2016,0,
DC_OTH,Direct current - other,LV,Latvia,2017,0,
DC_OTH,Direct current - other,LV,Latvia,2018,0,
DC_OTH,Direct current - other,LV,Latvia,2019,0,
DC_OTH,Direct current - other,LV,Latvia,2020,0,
DC_OTH,Direct current - other,LV,Latvia,2021,0,
DC_OTH,Direct current - other,LV,Latvia,2022,0,
DC_OTH,Direct current - other,LV,Latvia,2023,0,
DC_OTH,Direct current - other,LV,Latvia,2024,0,
DC_OTH,Direct current - other,MD,Moldova,1990,0,
DC_OTH,Direct current - other,MD,Moldova,1991,0,
DC_OTH,Direct current - other,MD,Moldova,1992,0,
DC_OTH,Direct current - other,MD,Moldova,1993,0,
DC_OTH,Direct current - other,MD,Moldova,1994,0,
DC_OTH,Direct current - other,MD,Moldova,1995,0,
DC_OTH,Direct current - other,MD,Moldova,1996,0,
DC_OTH,Direct current - other,MD,Moldova,1997,0,
DC_OTH,Direct current - other,MD,Moldova,1998,0,
DC_OTH,Direct current - other,MD,Moldova,1999,0,
DC_OTH,Direct current - other,MD,Moldova,2000,0,
DC_OTH,Direct current - other,MD,Moldova,2001,0,
DC_OTH,Direct current - other,MD,Moldova,2002,0,
DC_OTH,Direct current - other,MD,Moldova,2004,0,
DC_OTH,Direct current - other,MD,Moldova,2009,0,
DC_OTH,Direct current - other,MD,Moldova,2010,0,
DC_OTH,Direct current - other,MD,Moldova,2011,0,
DC_OTH,Direct current - other,MD,Moldova,2012,0,
DC_OTH,Direct current - other,MD,Moldova,2013,0,
DC_OTH,Direct current - other,MD,Moldova,2014,0,
DC_OTH,Direct current - other,MD,Moldova,2015,0,
DC_OTH,Direct current - other,MD,Moldova,2016,0,
DC_OTH,Direct current - other,MD,Moldova,2017,0,
DC_OTH,Direct current - other,MD,Moldova,2018,0,
DC_OTH,Direct current - other,MD,Moldova,2019,0,
DC_OTH,Direct current - other,MD,Moldova,2020,0,
DC_OTH,Direct current - other,MD,Moldova,2021,0,
DC_OTH,Direct current - other,MD,Moldova,2022,0,
DC_OTH,Direct current - other,MD,Moldova,2023,0,
DC_OTH,Direct current - other,MD,Moldova,2024,0,
DC_OTH,Direct current - other,ME,Montenegro,2011,0,
DC_OTH,Direct current - other,ME,Montenegro,2012,0,
DC_OTH,Direct current - other,ME,Montenegro,2013,0,
DC_OTH,Direct current - other,ME,Montenegro,2014,0,
DC_OTH,Direct current - other,ME,Montenegro,2015,0,
DC_OTH,Direct current - other,ME,Montenegro,2016,0,
DC_OTH,Direct current - other,ME,Montenegro,2017,0,
DC_OTH,Direct current - other,ME,Montenegro,2018,0,
DC_OTH,Direct current - other,ME,Montenegro,2020,0,
DC_OTH,Direct current - other,ME,Montenegro,2021,0,
DC_OTH,Direct current - other,ME,Montenegro,2022,0,
DC_OTH,Direct current - other,ME,Montenegro,2023,0,
DC_OTH,Direct current - other,ME,Montenegro,2024,0,
DC_OTH,Direct current - other,MK,North Macedonia,1990,0,
DC_OTH,Direct current - other,MK,North Macedonia,1992,0,
DC_OTH,Direct current - other,MK,North Macedonia,1993,0,
DC_OTH,Direct current - other,MK,North Macedonia,1994,0,
DC_OTH,Direct current - other,MK,North Macedonia,1995,0,
DC_OTH,Direct current - other,MK,North Macedonia,1996,0,
DC_OTH,Direct current - other,MK,North Macedonia,1997,0,
DC_OTH,Direct current - other,MK,North Macedonia,1998,0,
DC_OTH,Direct current - other,MK,North Macedonia,1999,0,
DC_OTH,Direct current - other,MK,North Macedonia,2000,0,
DC_OTH,Direct current - other,MK,North Macedonia,2001,0,
DC_OTH,Direct current - other,MK,North Macedonia,2002,0,
DC_OTH,Direct current - other,MK,North Macedonia,2004,0,
DC_OTH,Direct current - other,MK,North Macedonia,2008,0,
DC_OTH,Direct current - other,MK,North Macedonia,2009,0,
DC_OTH,Direct current - other,MK,North Macedonia,2010,0,
DC_OTH,Direct current - other,MK,North Macedonia,2011,0,
DC_OTH,Direct current - other,MK,North Macedonia,2012,0,
DC_OTH,Direct current - other,MK,North Macedonia,2013,0,
DC_OTH,Direct current - other,MK,North Macedonia,2014,0,
DC_OTH,Direct current - other,MK,North Macedonia,2015,0,
DC_OTH,Direct current - other,MK,North Macedonia,2016,0,
DC_OTH,Direct current - other,MK,North Macedonia,2017,0,
DC_OTH,Direct current - other,MK,North Macedonia,2018,0,
DC_OTH,Direct current - other,MK,North Macedonia,2019,0,
DC_OTH,Direct current - other,MK,North Macedonia,2020,0,
DC_OTH,Direct current - other,MK,North Macedonia,2021,0,
DC_OTH,Direct current - other,MK,North Macedonia,2022,0,
DC_OTH,Direct current - other,MK,North Macedonia,2023,0,
DC_OTH,Direct current - other,MK,North Macedonia,2024,0,
DC_OTH,Direct current - other,NL,Netherlands,1990,18,
DC_OTH,Direct current - other,NL,Netherlands,2008,0,
DC_OTH,Direct current - other,NL,Netherlands,2009,0,
DC_OTH,Direct current - other,NL,Netherlands,2010,0,
DC_OTH,Direct current - other,NL,Netherlands,2011,0,
DC_OTH,Direct current - other,NL,Netherlands,2012,0,
DC_OTH,Direct current - other,NL,Netherlands,2013,0,
DC_OTH,Direct current - other,NL,Netherlands,2014,0,
DC_OTH,Direct current - other,NL,Netherlands,2015,0,
DC_OTH,Direct current - other,NL,Netherlands,2016,0,
DC_OTH,Direct current - other,NL,Netherlands,2017,0,
DC_OTH,Direct current - other,NL,Netherlands,2018,0,
DC_OTH,Direct current - other,NL,Netherlands,2019,0,
DC_OTH,Direct current - other,NL,Netherlands,2020,0,i
DC_OTH,Direct current - other,NL,Netherlands,2021,0,i
DC_OTH,Direct current - other,NL,Netherlands,2022,0,i
DC_OTH,Direct current - other,NL,Netherlands,2023,0,
DC_OTH,Direct current - other,NL,Netherlands,2024,0,
DC_OTH,Direct current - other,NO,Norway,1998,0,
DC_OTH,Direct current - other,NO,Norway,1999,0,
DC_OTH,Direct current - other,NO,Norway,2004,0,
DC_OTH,Direct current - other,NO,Norway,2005,0,
DC_OTH,Direct current - other,NO,Norway,2006,0,n
DC_OTH,Direct current - other,NO,Norway,2007,0,n
DC_OTH,Direct current - other,NO,Norway,2008,0,
DC_OTH,Direct current - other,NO,Norway,2009,0,
DC_OTH,Direct current - other,NO,Norway,2010,0,
DC_OTH,Direct current - other,NO,Norway,2011,0,
DC_OTH,Direct current - other,NO,Norway,2012,0,
DC_OTH,Direct current - other,NO,Norway,2013,0,
DC_OTH,Direct current - other,NO,Norway,2014,0,
DC_OTH,Direct current - other,NO,Norway,2015,0,
DC_OTH,Direct current - other,NO,Norway,2016,0,
DC_OTH,Direct current - other,NO,Norway,2017,0,
DC_OTH,Direct current - other,NO,Norway,2018,0,
DC_OTH,Direct current - other,NO,Norway,2019,0,
DC_OTH,Direct current - other,NO,Norway,2020,0,
DC_OTH,Direct current - other,NO,Norway,2021,0,
DC_OTH,Direct current - other,NO,Norway,2022,0,
DC_OTH,Direct current - other,NO,Norway,2023,0,
DC_OTH,Direct current - other,NO,Norway,2024,0,
DC_OTH,Direct current - other,PL,Poland,1995,35,
DC_OTH,Direct current - other,PL,Poland,1996,35,
DC_OTH,Direct current - other,PL,Poland,1997,35,
DC_OTH,Direct current - other,PL,Poland,1998,35,
DC_OTH,Direct current - other,PL,Poland,1999,35,
DC_OTH,Direct current - other,PL,Poland,2000,35,
DC_OTH,Direct current - other,PL,Poland,2001,36,
DC_OTH,Direct current - other,PL,Poland,2002,36,
DC_OTH,Direct current - other,PL,Poland,2003,36,i
DC_OTH,Direct current - other,PL,Poland,2004,36,
DC_OTH,Direct current - other,PL,Poland,2005,36,
DC_OTH,Direct current - other,PL,Poland,2006,25,
DC_OTH,Direct current - other,PL,Poland,2007,25,
DC_OTH,Direct current - other,PL,Poland,2008,25,
DC_OTH,Direct current - other,PL,Poland,2009,25,
DC_OTH,Direct current - other,PL,Poland,2010,25,
DC_OTH,Direct current - other,PL,Poland,2011,25,
DC_OTH,Direct current - other,PL,Poland,2012,25,
DC_OTH,Direct current - other,PL,Poland,2013,25,
DC_OTH,Direct current - other,PL,Poland,2014,25,
DC_OTH,Direct current - other,PL,Poland,2015,25,
DC_OTH,Direct current - other,PL,Poland,2016,25,
DC_OTH,Direct current - other,PL,Poland,2017,0,
DC_OTH,Direct current - other,PL,Poland,2018,0,
DC_OTH,Direct current - other,PL,Poland,2019,0,
DC_OTH,Direct current - other,PL,Poland,2020,0,
DC_OTH,Direct current - other,PL,Poland,2021,0,
DC_OTH,Direct current - other,PL,Poland,2022,0,
DC_OTH,Direct current - other,PL,Poland,2023,0,
DC_OTH,Direct current - other,PL,Poland,2024,0,
DC_OTH,Direct current - other,PT,Portugal,1990,0,
DC_OTH,Direct current - other,PT,Portugal,1991,0,
DC_OTH,Direct current - other,PT,Portugal,1992,0,
DC_OTH,Direct current - other,PT,Portugal,1993,0,
DC_OTH,Direct current - other,PT,Portugal,1994,0,
DC_OTH,Direct current - other,PT,Portugal,1995,0,
DC_OTH,Direct current - other,PT,Portugal,1996,0,
DC_OTH,Direct current - other,PT,Portugal,1997,0,
DC_OTH,Direct current - other,PT,Portugal,1998,0,
DC_OTH,Direct current - other,PT,Portugal,1999,0,
DC_OTH,Direct current - other,PT,Portugal,2000,0,
DC_OTH,Direct current - other,PT,Portugal,2001,0,
DC_OTH,Direct current - other,PT,Portugal,2002,0,
DC_OTH,Direct current - other,PT,Portugal,2003,0,
DC_OTH,Direct current - other,PT,Portugal,2004,0,
DC_OTH,Direct current - other,PT,Portugal,2005,0,
DC_OTH,Direct current - other,PT,Portugal,2006,0,
DC_OTH,Direct current - other,PT,Portugal,2007,0,
DC_OTH,Direct current - other,PT,Portugal,2008,0,
DC_OTH,Direct current - other,PT,Portugal,2009,0,
DC_OTH,Direct current - other,PT,Portugal,2010,0,
DC_OTH,Direct current - other,PT,Portugal,2011,0,
DC_OTH,Direct current - other,PT,Portugal,2012,0,
DC_OTH,Direct current - other,PT,Portugal,2013,0,
DC_OTH,Direct current - other,PT,Portugal,2014,0,
DC_OTH,Direct current - other,PT,Portugal,2015,0,
DC_OTH,Direct current - other,PT,Portugal,2016,0,
DC_OTH,Direct current - other,PT,Portugal,2017,0,
DC_OTH,Direct current - other,PT,Portugal,2018,0,
DC_OTH,Direct current - other,PT,Portugal,2019,0,
DC_OTH,Direct current - other,PT,Portugal,2020,0,
DC_OTH,Direct current - other,PT,Portugal,2021,0,
DC_OTH,Direct current - other,PT,Portugal,2022,0,
DC_OTH,Direct current - other,PT,Portugal,2023,0,
DC_OTH,Direct current - other,PT,Portugal,2024,0,
DC_OTH,Direct current - other,RO,Romania,1990,0,
DC_OTH,Direct current - other,RO,Romania,1991,0,
DC_OTH,Direct current - other,RO,Romania,1992,0,
DC_OTH,Direct current - other,RO,Romania,1993,0,
DC_OTH,Direct current - other,RO,Romania,1994,0,
DC_OTH,Direct current - other,RO,Romania,1995,0,
DC_OTH,Direct current - other,RO,Romania,1996,0,
DC_OTH,Direct current - other,RO,Romania,1997,0,
DC_OTH,Direct current - other,RO,Romania,1998,0,
DC_OTH,Direct current - other,RO,Romania,1999,0,
DC_OTH,Direct current - other,RO,Romania,2000,0,
DC_OTH,Direct current - other,RO,Romania,2001,0,
DC_OTH,Direct current - other,RO,Romania,2002,0,
DC_OTH,Direct current - other,RO,Romania,2004,0,
DC_OTH,Direct current - other,RO,Romania,2008,0,
DC_OTH,Direct current - other,RO,Romania,2009,0,
DC_OTH,Direct current - other,RO,Romania,2010,0,
DC_OTH,Direct current - other,RO,Romania,2011,0,
DC_OTH,Direct current - other,RO,Romania,2012,0,
DC_OTH,Direct current - other,RO,Romania,2013,0,
DC_OTH,Direct current - other,RO,Romania,2014,0,
DC_OTH,Direct current - other,RO,Romania,2015,0,
DC_OTH,Direct current - other,RO,Romania,2016,0,
DC_OTH,Direct current - other,RO,Romania,2017,0,
DC_OTH,Direct current - other,RO,Romania,2018,0,
DC_OTH,Direct current - other,RO,Romania,2019,0,
DC_OTH,Direct current - other,RO,Romania,2020,0,
DC_OTH,Direct current - other,RO,Romania,2021,0,
DC_OTH,Direct current - other,RO,Romania,2022,0,
DC_OTH,Direct current - other,RO,Romania,2023,0,
DC_OTH,Direct current - other,RO,Romania,2024,0,
DC_OTH,Direct current - other,RS,Serbia,2006,0,
DC_OTH,Direct current - other,RS,Serbia,2007,0,
DC_OTH,Direct current - other,RS,Serbia,2008,0,
DC_OTH,Direct current - other,RS,Serbia,2009,0,
DC_OTH,Direct current - other,RS,Serbia,2010,0,
DC_OTH,Direct current - other,RS,Serbia,2011,0,
DC_OTH,Direct current - other,RS,Serbia,2012,0,
DC_OTH,Direct current - other,RS,Serbia,2013,0,
DC_OTH,Direct current - other,RS,Serbia,2014,0,
DC_OTH,Direct current - other,RS,Serbia,2015,0,
DC_OTH,Direct current - other,RS,Serbia,2016,0,
DC_OTH,Direct current - other,RS,Serbia,2017,0,
DC_OTH,Direct current - other,RS,Serbia,2018,0,
DC_OTH,Direct current - other,RS,Serbia,2019,0,
DC_OTH,Direct current - other,RS,Serbia,2020,0,
DC_OTH,Direct current - other,RS,Serbia,2021,0,
DC_OTH,Direct current - other,RS,Serbia,2022,0,
DC_OTH,Direct current - other,RS,Serbia,2023,0,
DC_OTH,Direct current - other,RS,Serbia,2024,0,
DC_OTH,Direct current - other,SE,Sweden,1990,0,
DC_OTH,Direct current - other,SE,Sweden,1991,0,
DC_OTH,Direct current - other,SE,Sweden,1992,0,
DC_OTH,Direct current - other,SE,Sweden,1993,0,
DC_OTH,Direct current - other,SE,Sweden,1994,0,
DC_OTH,Direct current - other,SE,Sweden,1995,0,
DC_OTH,Direct current - other,SE,Sweden,1996,0,
DC_OTH,Direct current - other,SE,Sweden,1997,0,
DC_OTH,Direct current - other,SE,Sweden,1998,0,
DC_OTH,Direct current - other,SE,Sweden,1999,0,
DC_OTH,Direct current - other,SE,Sweden,2000,0,
DC_OTH,Direct current - other,SE,Sweden,2001,0,
DC_OTH,Direct current - other,SE,Sweden,2002,0,
DC_OTH,Direct current - other,SE,Sweden,2003,0,
DC_OTH,Direct current - other,SE,Sweden,2004,0,
DC_OTH,Direct current - other,SE,Sweden,2005,0,
DC_OTH,Direct current - other,SE,Sweden,2006,0,
DC_OTH,Direct current - other,SE,Sweden,2007,0,
DC_OTH,Direct current - other,SE,Sweden,2008,0,
DC_OTH,Direct current - other,SE,Sweden,2009,0,
DC_OTH,Direct current - other,SE,Sweden,2010,0,
DC_OTH,Direct current - other,SE,Sweden,2011,0,
DC_OTH,Direct current - other,SE,Sweden,2012,0,
DC_OTH,Direct current - other,SE,Sweden,2013,0,
DC_OTH,Direct current - other,SE,Sweden,2014,0,
DC_OTH,Direct current - other,SE,Sweden,2015,0,
DC_OTH,Direct current - other,SE,Sweden,2016,0,
DC_OTH,Direct current - other,SE,Sweden,2017,0,
DC_OTH,Direct current - other,SE,Sweden,2018,0,
DC_OTH,Direct current - other,SE,Sweden,2019,0,
DC_OTH,Direct current - other,SE,Sweden,2020,0,
DC_OTH,Direct current - other,SE,Sweden,2021,0,
DC_OTH,Direct current - other,SE,Sweden,2022,0,
DC_OTH,Direct current - other,SE,Sweden,2023,0,
DC_OTH,Direct current - other,SE,Sweden,2024,0,
DC_OTH,Direct current - other,SI,Slovenia,1992,0,
DC_OTH,Direct current - other,SI,Slovenia,1993,0,
DC_OTH,Direct current - other,SI,Slovenia,1994,0,
DC_OTH,Direct current - other,SI,Slovenia,1995,0,
DC_OTH,Direct current - other,SI,Slovenia,1996,0,
DC_OTH,Direct current - other,SI,Slovenia,1997,0,
DC_OTH,Direct current - other,SI,Slovenia,1998,0,
DC_OTH,Direct current - other,SI,Slovenia,1999,0,
DC_OTH,Direct current - other,SI,Slovenia,2000,0,
DC_OTH,Direct current - other,SI,Slovenia,2001,0,
DC_OTH,Direct current - other,SI,Slovenia,2002,0,
DC_OTH,Direct current - other,SI,Slovenia,2003,0,
DC_OTH,Direct current - other,SI,Slovenia,2008,0,
DC_OTH,Direct current - other,SI,Slovenia,2009,0,
DC_OTH,Direct current - other,SI,Slovenia,2010,0,
DC_OTH,Direct current - other,SI,Slovenia,2011,0,
DC_OTH,Direct current - other,SI,Slovenia,2012,0,
DC_OTH,Direct current - other,SI,Slovenia,2013,0,
DC_OTH,Direct current - other,SI,Slovenia,2014,0,
DC_OTH,Direct current - other,SI,Slovenia,2015,0,
DC_OTH,Direct current - other,SI,Slovenia,2016,0,
DC_OTH,Direct current - other,SI,Slovenia,2017,0,
DC_OTH,Direct current - other,SI,Slovenia,2018,0,
DC_OTH,Direct current - other,SI,Slovenia,2019,0,
DC_OTH,Direct current - other,SI,Slovenia,2020,0,
DC_OTH,Direct current - other,SI,Slovenia,2021,0,
DC_OTH,Direct current - other,SI,Slovenia,2022,0,
DC_OTH,Direct current - other,SI,Slovenia,2023,0,
DC_OTH,Direct current - other,SI,Slovenia,2024,0,
DC_OTH,Direct current - other,SK,Slovakia,1995,6,
DC_OTH,Direct current - other,SK,Slovakia,1996,4,
DC_OTH,Direct current - other,SK,Slovakia,1997,4.8,
DC_OTH,Direct current - other,SK,Slovakia,1998,5,
DC_OTH,Direct current - other,SK,Slovakia,1999,5,
DC_OTH,Direct current - other,SK,Slovakia,2000,5,
DC_OTH,Direct current - other,SK,Slovakia,2001,5,
DC_OTH,Direct current - other,SK,Slovakia,2002,132,
DC_OTH,Direct current - other,SK,Slovakia,2003,6,
DC_OTH,Direct current - other,SK,Slovakia,2004,6,
DC_OTH,Direct current - other,SK,Slovakia,2005,6,
DC_OTH,Direct current - other,SK,Slovakia,2006,5,
DC_OTH,Direct current - other,SK,Slovakia,2007,6,
DC_OTH,Direct current - other,SK,Slovakia,2008,5,
DC_OTH,Direct current - other,SK,Slovakia,2009,5,
DC_OTH,Direct current - other,SK,Slovakia,2010,5,
DC_OTH,Direct current - other,SK,Slovakia,2011,0,
DC_OTH,Direct current - other,SK,Slovakia,2012,5,
DC_OTH,Direct current - other,SK,Slovakia,2013,6,
DC_OTH,Direct current - other,SK,Slovakia,2014,6,
DC_OTH,Direct current - other,SK,Slovakia,2015,4,
DC_OTH,Direct current - other,SK,Slovakia,2016,5,
DC_OTH,Direct current - other,SK,Slovakia,2017,5,
DC_OTH,Direct current - other,SK,Slovakia,2018,5,
DC_OTH,Direct current - other,SK,Slovakia,2019,5,
DC_OTH,Direct current - other,SK,Slovakia,2020,5,
DC_OTH,Direct current - other,SK,Slovakia,2021,5,
DC_OTH,Direct current - other,SK,Slovakia,2022,5,
DC_OTH,Direct current - other,SK,Slovakia,2023,5,
DC_OTH,Direct current - other,SK,Slovakia,2024,5,
DC_OTH,Direct current - other,TR,Türkiye,1990,0,
DC_OTH,Direct current - other,TR,Türkiye,1991,0,
DC_OTH,Direct current - other,TR,Türkiye,1992,0,
DC_OTH,Direct current - other,TR,Türkiye,1993,0,
DC_OTH,Direct current - other,TR,Türkiye,1994,0,
DC_OTH,Direct current - other,TR,Türkiye,1995,0,
DC_OTH,Direct current - other,TR,Türkiye,1996,0,
DC_OTH,Direct current - other,TR,Türkiye,1997,0,
DC_OTH,Direct current - other,TR,Türkiye,1998,0,
DC_OTH,Direct current - other,TR,Türkiye,1999,0,
DC_OTH,Direct current - other,TR,Türkiye,2005,0,
DC_OTH,Direct current - other,TR,Türkiye,2006,0,
DC_OTH,Direct current - other,TR,Türkiye,2007,0,
DC_OTH,Direct current - other,TR,Türkiye,2008,0,
DC_OTH,Direct current - other,TR,Türkiye,2009,0,
DC_OTH,Direct current - other,TR,Türkiye,2010,0,
DC_OTH,Direct current - other,TR,Türkiye,2011,0,
DC_OTH,Direct current - other,TR,Türkiye,2012,0,
DC_OTH,Direct current - other,TR,Türkiye,2013,0,
DC_OTH,Direct current - other,TR,Türkiye,2014,0,
DC_OTH,Direct current - other,TR,Türkiye,2015,0,
DC_OTH,Direct current - other,TR,Türkiye,2016,0,
DC_OTH,Direct current - other,TR,Türkiye,2017,0,
DC_OTH,Direct current - other,TR,Türkiye,2018,0,
DC_OTH,Direct current - other,TR,Türkiye,2019,0,
DC_OTH,Direct current - other,TR,Türkiye,2020,0,
DC_OTH,Direct current - other,TR,Türkiye,2021,0,
DC_OTH,Direct current - other,TR,Türkiye,2022,0,
DC_OTH,Direct current - other,TR,Türkiye,2023,0,
DC_OTH,Direct current - other,TR,Türkiye,2024,0,
DC_OTH,Direct current - other,UA,Ukraine,1990,0,
DC_OTH,Direct current - other,UA,Ukraine,1991,0,
DC_OTH,Direct current - other,UA,Ukraine,1992,0,
DC_OTH,Direct current - other,UA,Ukraine,1993,0,
DC_OTH,Direct current - other,UA,Ukraine,1994,0,
DC_OTH,Direct current - other,UA,Ukraine,1995,0,
DC_OTH,Direct current - other,UA,Ukraine,1996,0,
DC_OTH,Direct current - other,UA,Ukraine,1997,0,
DC_OTH,Direct current - other,UA,Ukraine,1998,0,
DC_OTH,Direct current - other,UA,Ukraine,1999,0,
DC_OTH,Direct current - other,UA,Ukraine,2020,0,i
DC_OTH,Direct current - other,UK,United Kingdom,1990,1958,
DC_OTH,Direct current - other,UK,United Kingdom,1991,1959,
DC_OTH,Direct current - other,UK,United Kingdom,1992,1959,
DC_OTH,Direct current - other,UK,United Kingdom,1993,1957,
DC_OTH,Direct current - other,UK,United Kingdom,1994,2062,
DC_OTH,Direct current - other,UK,United Kingdom,2010,2027,
DC_OTH,Direct current - other,UK,United Kingdom,2012,1852,
DC_OTH,Direct current - other,UK,United Kingdom,2013,1843,
DC_OTH,Direct current - other,UK,United Kingdom,2014,1819,
DC_OTH,Direct current - other,UK,United Kingdom,2015,1836,
DC_OTH,Direct current - other,XK,Kosovo*,2017,0,
DC_OTH,Direct current - other,XK,Kosovo*,2018,0,
DC_OTH,Direct current - other,XK,Kosovo*,2019,0,
DC_OTH,Direct current - other,XK,Kosovo*,2020,0,
DC_OTH,Direct current - other,XK,Kosovo*,2021,0,
DC_OTH,Direct current - other,XK,Kosovo*,2022,0,
DC_OTH,Direct current - other,XK,Kosovo*,2023,0,i
DC_OTH,Direct current - other,XK,Kosovo*,2024,0,i
TOTAL,Total,AL,Albania,1990,0,
TOTAL,Total,AL,Albania,1991,0,
TOTAL,Total,AL,Albania,1992,0,
TOTAL,Total,AL,Albania,1993,0,
TOTAL,Total,AL,Albania,1994,0,
TOTAL,Total,AL,Albania,1995,0,
TOTAL,Total,AL,Albania,1996,0,
TOTAL,Total,AL,Albania,1997,0,
TOTAL,Total,AL,Albania,1998,0,
TOTAL,Total,AL,Albania,1999,0,
TOTAL,Total,AL,Albania,2000,0,
TOTAL,Total,AL,Albania,2003,0,
TOTAL,Total,AL,Albania,2004,0,
TOTAL,Total,AL,Albania,2005,0,
TOTAL,Total,AL,Albania,2006,0,
TOTAL,Total,AL,Albania,2007,0,
TOTAL,Total,AL,Albania,2008,0,
TOTAL,Total,AL,Albania,2009,0,
TOTAL,Total,AL,Albania,2010,0,
TOTAL,Total,AL,Albania,2011,0,
TOTAL,Total,AL,Albania,2012,0,
TOTAL,Total,AL,Albania,2013,0,
TOTAL,Total,AL,Albania,2014,0,
TOTAL,Total,AL,Albania,2015,0,
TOTAL,Total,AL,Albania,2016,0,
TOTAL,Total,AL,Albania,2017,0,
TOTAL,Total,AL,Albania,2018,0,
TOTAL,Total,AL,Albania,2019,0,
TOTAL,Total,AL,Albania,2020,0,
TOTAL,Total,AL,Albania,2021,0,
TOTAL,Total,AL,Albania,2022,0,
TOTAL,Total,AL,Albania,2023,0,
TOTAL,Total,AL,Albania,2024,0,
TOTAL,Total,AT,Austria,1990,3246,
TOTAL,Total,AT,Austria,1991,3246,
TOTAL,Total,AT,Austria,1992,3247,
TOTAL,Total,AT,Austria,1993,3273,
TOTAL,Total,AT,Austria,1994,3308,
TOTAL,Total,AT,Austria,1995,3418,
TOTAL,Total,AT,Austria,1996,3418,
TOTAL,Total,AT,Austria,1997,3418,
TOTAL,Total,AT,Austria,1998,3384,
TOTAL,Total,AT,Austria,1999,3236,
TOTAL,Total,AT,Austria,2000,3337,
TOTAL,Total,AT,Austria,2001,3584,
TOTAL,Total,AT,Austria,2002,3538,
TOTAL,Total,AT,Austria,2003,3416,i
TOTAL,Total,AT,Austria,2004,3545,i
TOTAL,Total,AT,Austria,2005,3515,i
TOTAL,Total,AT,Austria,2006,3520,i
TOTAL,Total,AT,Austria,2007,3520,i
TOTAL,Total,AT,Austria,2008,3539,i
TOTAL,Total,AT,Austria,2009,3946,i
TOTAL,Total,AT,Austria,2010,3866,
TOTAL,Total,AT,Austria,2011,3763,
TOTAL,Total,AT,Austria,2012,3852,
TOTAL,Total,AT,Austria,2013,3854,
TOTAL,Total,AT,Austria,2014,3874,
TOTAL,Total,AT,Austria,2015,3905,
TOTAL,Total,AT,Austria,2016,3926,
TOTAL,Total,AT,Austria,2017,3946,
TOTAL,Total,AT,Austria,2018,3951,
TOTAL,Total,AT,Austria,2019,3976,
TOTAL,Total,AT,Austria,2020,3992,
TOTAL,Total,AT,Austria,2021,4003,
TOTAL,Total,AT,Austria,2022,4015,
TOTAL,Total,AT,Austria,2023,4119,
TOTAL,Total,AT,Austria,2024,4161,
TOTAL,Total,BA,Bosnia and Herzegovina,1990,751,
TOTAL,Total,BA,Bosnia and Herzegovina,1991,751,
TOTAL,Total,BA,Bosnia and Herzegovina,1992,751,
TOTAL,Total,BA,Bosnia and Herzegovina,1993,751,
TOTAL,Total,BA,Bosnia and Herzegovina,1994,751,
TOTAL,Total,BA,Bosnia and Herzegovina,1995,751,
TOTAL,Total,BA,Bosnia and Herzegovina,1996,777,
TOTAL,Total,BA,Bosnia and Herzegovina,1997,777,
TOTAL,Total,BA,Bosnia and Herzegovina,1998,777,
TOTAL,Total,BA,Bosnia and Herzegovina,1999,777,
TOTAL,Total,BA,Bosnia and Herzegovina,2000,779,
TOTAL,Total,BA,Bosnia and Herzegovina,2001,779,
TOTAL,Total,BA,Bosnia and Herzegovina,2002,779,
TOTAL,Total,BA,Bosnia and Herzegovina,2003,779,
TOTAL,Total,BA,Bosnia and Herzegovina,2004,746,
TOTAL,Total,BA,Bosnia and Herzegovina,2005,746,
TOTAL,Total,BA,Bosnia and Herzegovina,2006,747,
TOTAL,Total,BA,Bosnia and Herzegovina,2007,771,
TOTAL,Total,BA,Bosnia and Herzegovina,2008,771,
TOTAL,Total,BA,Bosnia and Herzegovina,2009,771,
TOTAL,Total,BA,Bosnia and Herzegovina,2010,772,
TOTAL,Total,BA,Bosnia and Herzegovina,2011,772,
TOTAL,Total,BA,Bosnia and Herzegovina,2012,772,
TOTAL,Total,BA,Bosnia and Herzegovina,2013,772,
TOTAL,Total,BA,Bosnia and Herzegovina,2014,772,
TOTAL,Total,BA,Bosnia and Herzegovina,2015,772,
TOTAL,Total,BA,Bosnia and Herzegovina,2016,748,
TOTAL,Total,BA,Bosnia and Herzegovina,2017,748,
TOTAL,Total,BA,Bosnia and Herzegovina,2018,748,
TOTAL,Total,BA,Bosnia and Herzegovina,2019,749,
TOTAL,Total,BA,Bosnia and Herzegovina,2020,749,
TOTAL,Total,BA,Bosnia and Herzegovina,2021,748,
TOTAL,Total,BA,Bosnia and Herzegovina,2022,748,
TOTAL,Total,BA,Bosnia and Herzegovina,2023,755,
TOTAL,Total,BA,Bosnia and Herzegovina,2024,755,
TOTAL,Total,BE,Belgium,1990,2293,
TOTAL,Total,BE,Belgium,1991,2291,
TOTAL,Total,BE,Belgium,1992,2291,
TOTAL,Total,BE,Belgium,1993,2362,
TOTAL,Total,BE,Belgium,1994,2363,
TOTAL,Total,BE,Belgium,1995,2371,
TOTAL,Total,BE,Belgium,1996,2460,
TOTAL,Total,BE,Belgium,1997,2507,
TOTAL,Total,BE,Belgium,1998,2643,
TOTAL,Total,BE,Belgium,1999,2701,
TOTAL,Total,BE,Belgium,2000,2705,
TOTAL,Total,BE,Belgium,2001,2701,
TOTAL,Total,BE,Belgium,2002,2934,
TOTAL,Total,BE,Belgium,2003,2927,
TOTAL,Total,BE,Belgium,2004,2950,
TOTAL,Total,BE,Belgium,2005,2977,
TOTAL,Total,BE,Belgium,2006,2993,
TOTAL,Total,BE,Belgium,2007,2996,
TOTAL,Total,BE,Belgium,2008,2995,
TOTAL,Total,BE,Belgium,2009,3005,
TOTAL,Total,BE,Belgium,2010,3007,
TOTAL,Total,BE,Belgium,2011,3032,
TOTAL,Total,BE,Belgium,2012,3055,
TOTAL,Total,BE,Belgium,2013,3054.938,
TOTAL,Total,BE,Belgium,2014,3088.465,
TOTAL,Total,BE,Belgium,2015,3088.389,
TOTAL,Total,BE,Belgium,2016,3086.121,
TOTAL,Total,BE,Belgium,2017,3092.019,
TOTAL,Total,BE,Belgium,2018,3095.366,
TOTAL,Total,BE,Belgium,2019,3100.035,
TOTAL,Total,BE,Belgium,2020,3099.332,
TOTAL,Total,BE,Belgium,2021,3126.532,
TOTAL,Total,BE,Belgium,2022,3185,
TOTAL,Total,BE,Belgium,2023,3195,
TOTAL,Total,BE,Belgium,2024,3181,
TOTAL,Total,BG,Bulgaria,1990,2640,
TOTAL,Total,BG,Bulgaria,1991,2640,
TOTAL,Total,BG,Bulgaria,1992,2650,
TOTAL,Total,BG,Bulgaria,1993,2650,
TOTAL,Total,BG,Bulgaria,1994,2645,
TOTAL,Total,BG,Bulgaria,1995,2656,
TOTAL,Total,BG,Bulgaria,1996,2710,
TOTAL,Total,BG,Bulgaria,1997,2711,
TOTAL,Total,BG,Bulgaria,1998,2708,
TOTAL,Total,BG,Bulgaria,1999,2708,
TOTAL,Total,BG,Bulgaria,2000,2744,
TOTAL,Total,BG,Bulgaria,2001,2847,
TOTAL,Total,BG,Bulgaria,2002,2847,
TOTAL,Total,BG,Bulgaria,2003,2871,
TOTAL,Total,BG,Bulgaria,2004,2854,
TOTAL,Total,BG,Bulgaria,2005,2880,
TOTAL,Total,BG,Bulgaria,2006,2912,
TOTAL,Total,BG,Bulgaria,2007,2806,
TOTAL,Total,BG,Bulgaria,2008,2827,
TOTAL,Total,BG,Bulgaria,2009,2833,
TOTAL,Total,BG,Bulgaria,2010,2785,
TOTAL,Total,BG,Bulgaria,2011,2862,
TOTAL,Total,BG,Bulgaria,2012,2862,
TOTAL,Total,BG,Bulgaria,2013,2869,
TOTAL,Total,BG,Bulgaria,2014,2861,
TOTAL,Total,BG,Bulgaria,2015,2859,
TOTAL,Total,BG,Bulgaria,2016,2869,
TOTAL,Total,BG,Bulgaria,2017,2870,
TOTAL,Total,BG,Bulgaria,2018,2870,
TOTAL,Total,BG,Bulgaria,2019,2869,
TOTAL,Total,BG,Bulgaria,2020,2871,
TOTAL,Total,BG,Bulgaria,2021,3001,
TOTAL,Total,BG,Bulgaria,2022,3005,
TOTAL,Total,BG,Bulgaria,2023,3001,
TOTAL,Total,BG,Bulgaria,2024,3001,
TOTAL,Total,CH,Switzerland,1990,4867,i
TOTAL,Total,CH,Switzerland,1991,4871,i
TOTAL,Total,CH,Switzerland,1992,4871,i
TOTAL,Total,CH,Switzerland,1993,4869,i
TOTAL,Total,CH,Switzerland,1994,4869,i
TOTAL,Total,CH,Switzerland,1995,4873,i
TOTAL,Total,CH,Switzerland,1996,4877,i
TOTAL,Total,CH,Switzerland,1997,4833,i
TOTAL,Total,CH,Switzerland,1998,4800,i
TOTAL,Total,CH,Switzerland,1999,5072,i
TOTAL,Total,CH,Switzerland,2000,4985,i
TOTAL,Total,CH,Switzerland,2001,4986,i
TOTAL,Total,CH,Switzerland,2002,4981,i
TOTAL,Total,CH,Switzerland,2003,4979,i
TOTAL,Total,CH,Switzerland,2004,5013,i
TOTAL,Total,CH,Switzerland,2005,5012,i
TOTAL,Total,CH,Switzerland,2006,5015,i
TOTAL,Total,CH,Switzerland,2007,5057,i
TOTAL,Total,CH,Switzerland,2008,5118,i
TOTAL,Total,CH,Switzerland,2009,5160,i
TOTAL,Total,CH,Switzerland,2010,5096,i
TOTAL,Total,CH,Switzerland,2011,5112,i
TOTAL,Total,CH,Switzerland,2012,5119,i
TOTAL,Total,CH,Switzerland,2013,5172,i
TOTAL,Total,CH,Switzerland,2014,5178,i
TOTAL,Total,CH,Switzerland,2015,5196,i
TOTAL,Total,CH,Switzerland,2016,5240,i
TOTAL,Total,CH,Switzerland,2017,5242,i
TOTAL,Total,CH,Switzerland,2018,5239,i
TOTAL,Total,CH,Switzerland,2019,5279,i
TOTAL,Total,CH,Switzerland,2020,5291.22,
TOTAL,Total,CH,Switzerland,2021,5296,i
TOTAL,Total,CH,Switzerland,2022,5296,i
TOTAL,Total,CH,Switzerland,2023,5309,i
TOTAL,Total,CH,Switzerland,2024,5298,i
TOTAL,Total,CZ,Czechia,1990,2579,
TOTAL,Total,CZ,Czechia,1991,2597,
TOTAL,Total,CZ,Czechia,1992,2593,
TOTAL,Total,CZ,Czechia,1993,2706,
TOTAL,Total,CZ,Czechia,1994,2706,
TOTAL,Total,CZ,Czechia,1995,2640,
TOTAL,Total,CZ,Czechia,1996,2859,
TOTAL,Total,CZ,Czechia,1997,2859,
TOTAL,Total,CZ,Czechia,1998,2859,
TOTAL,Total,CZ,Czechia,1999,2843,
TOTAL,Total,CZ,Czechia,2000,2843,
TOTAL,Total,CZ,Czechia,2001,2893,
TOTAL,Total,CZ,Czechia,2002,2926,
TOTAL,Total,CZ,Czechia,2003,2943,
TOTAL,Total,CZ,Czechia,2004,2982,
TOTAL,Total,CZ,Czechia,2005,2997,
TOTAL,Total,CZ,Czechia,2006,3041,
TOTAL,Total,CZ,Czechia,2007,3060,
TOTAL,Total,CZ,Czechia,2008,3078,
TOTAL,Total,CZ,Czechia,2009,3153,
TOTAL,Total,CZ,Czechia,2010,3210,
TOTAL,Total,CZ,Czechia,2011,3208,
TOTAL,Total,CZ,Czechia,2012,3217,
TOTAL,Total,CZ,Czechia,2013,3216,
TOTAL,Total,CZ,Czechia,2014,3216,
TOTAL,Total,CZ,Czechia,2015,3237,
TOTAL,Total,CZ,Czechia,2016,3236,
TOTAL,Total,CZ,Czechia,2017,3237,
TOTAL,Total,CZ,Czechia,2018,3235,
TOTAL,Total,CZ,Czechia,2019,3231,
TOTAL,Total,CZ,Czechia,2020,3236,
TOTAL,Total,CZ,Czechia,2021,3234,
TOTAL,Total,CZ,Czechia,2022,3234,
TOTAL,Total,CZ,Czechia,2023,3277,
TOTAL,Total,CZ,Czechia,2024,3277,
TOTAL,Total,DE,Germany,1990,16200,i
TOTAL,Total,DE,Germany,1991,16290,i
TOTAL,Total,DE,Germany,1992,16330,i
TOTAL,Total,DE,Germany,1993,16795,i
TOTAL,Total,DE,Germany,1994,17748,i
TOTAL,Total,DE,Germany,1995,18163,i
TOTAL,Total,DE,Germany,1996,18460,i
TOTAL,Total,DE,Germany,1997,18653,i
TOTAL,Total,DE,Germany,1998,18857,i
TOTAL,Total,DE,Germany,1999,18934,i
TOTAL,Total,DE,Germany,2000,19078.67,i
TOTAL,Total,DE,Germany,2001,19119,i
TOTAL,Total,DE,Germany,2002,19254,i
TOTAL,Total,DE,Germany,2003,19829,i
TOTAL,Total,DE,Germany,2004,19847,i
TOTAL,Total,DE,Germany,2005,19857,i
TOTAL,Total,DE,Germany,2006,20021,i
TOTAL,Total,DE,Germany,2007,20051,i
TOTAL,Total,DE,Germany,2008,20152,i
TOTAL,Total,DE,Germany,2009,20208,i
TOTAL,Total,DE,Germany,2010,20148,
TOTAL,Total,DE,Germany,2011,20239,
TOTAL,Total,DE,Germany,2012,20246,
TOTAL,Total,DE,Germany,2013,20344,
TOTAL,Total,DE,Germany,2014,20463,
TOTAL,Total,DE,Germany,2015,20459,
TOTAL,Total,DE,Germany,2016,20584.588,i
TOTAL,Total,DE,Germany,2017,20629,
TOTAL,Total,DE,Germany,2018,20624,
TOTAL,Total,DE,Germany,2019,20920,
TOTAL,Total,DE,Germany,2020,20959,
TOTAL,Total,DE,Germany,2021,21166.273,
TOTAL,Total,DK,Denmark,1990,230,
TOTAL,Total,DK,Denmark,1991,340,
TOTAL,Total,DK,Denmark,1992,365,
TOTAL,Total,DK,Denmark,1993,370,
TOTAL,Total,DK,Denmark,1994,370,
TOTAL,Total,DK,Denmark,1995,370,i
TOTAL,Total,DK,Denmark,1996,370,i
TOTAL,Total,DK,Denmark,1997,601,
TOTAL,Total,DK,Denmark,1998,617,
TOTAL,Total,DK,Denmark,1999,612,
TOTAL,Total,DK,Denmark,2000,624,
TOTAL,Total,DK,Denmark,2001,624,
TOTAL,Total,DK,Denmark,2002,624,i
TOTAL,Total,DK,Denmark,2003,624,i
TOTAL,Total,DK,Denmark,2004,619,i
TOTAL,Total,DK,Denmark,2005,619,i
TOTAL,Total,DK,Denmark,2006,619,i
TOTAL,Total,DK,Denmark,2007,619,i
TOTAL,Total,DK,Denmark,2008,621,
TOTAL,Total,DK,Denmark,2009,621,
TOTAL,Total,DK,Denmark,2010,621,
TOTAL,Total,DK,Denmark,2011,621,
TOTAL,Total,DK,Denmark,2012,621,
TOTAL,Total,DK,Denmark,2013,621,
TOTAL,Total,DK,Denmark,2014,621,
TOTAL,Total,DK,Denmark,2015,621,
TOTAL,Total,DK,Denmark,2016,621,
TOTAL,Total,DK,Denmark,2017,626,
TOTAL,Total,DK,Denmark,2018,730,
TOTAL,Total,DK,Denmark,2019,730,
TOTAL,Total,DK,Denmark,2020,776,
TOTAL,Total,DK,Denmark,2021,803,
TOTAL,Total,DK,Denmark,2022,802,
TOTAL,Total,DK,Denmark,2023,831,
TOTAL,Total,DK,Denmark,2024,866,
TOTAL,Total,EE,Estonia,1990,132,
TOTAL,Total,EE,Estonia,1991,132,
TOTAL,Total,EE,Estonia,1992,131.8,
TOTAL,Total,EE,Estonia,1993,131.8,
TOTAL,Total,EE,Estonia,1994,131.8,
TOTAL,Total,EE,Estonia,1995,131.8,
TOTAL,Total,EE,Estonia,1996,131.8,
TOTAL,Total,EE,Estonia,1997,132,
TOTAL,Total,EE,Estonia,1998,132,
TOTAL,Total,EE,Estonia,1999,132,
TOTAL,Total,EE,Estonia,2000,132,
TOTAL,Total,EE,Estonia,2001,131,
TOTAL,Total,EE,Estonia,2002,131,
TOTAL,Total,EE,Estonia,2003,131,
TOTAL,Total,EE,Estonia,2004,130,
TOTAL,Total,EE,Estonia,2005,130,
TOTAL,Total,EE,Estonia,2006,131,
TOTAL,Total,EE,Estonia,2007,132,
TOTAL,Total,EE,Estonia,2008,130,
TOTAL,Total,EE,Estonia,2009,130,
TOTAL,Total,EE,Estonia,2010,132,
TOTAL,Total,EE,Estonia,2011,132,
TOTAL,Total,EE,Estonia,2012,132,
TOTAL,Total,EE,Estonia,2013,132,
TOTAL,Total,EE,Estonia,2014,132,
TOTAL,Total,EE,Estonia,2015,132,
TOTAL,Total,EE,Estonia,2016,132,
TOTAL,Total,EE,Estonia,2017,132,
TOTAL,Total,EE,Estonia,2018,132,
TOTAL,Total,EE,Estonia,2019,138,
TOTAL,Total,EE,Estonia,2020,138,
TOTAL,Total,EE,Estonia,2021,225,
TOTAL,Total,EE,Estonia,2022,140,
TOTAL,Total,EE,Estonia,2023,140,
TOTAL,Total,EE,Estonia,2024,140,
TOTAL,Total,EL,Greece,1990,0,
TOTAL,Total,EL,Greece,1991,0,
TOTAL,Total,EL,Greece,1992,0,
TOTAL,Total,EL,Greece,1993,0,
TOTAL,Total,EL,Greece,1994,0,
TOTAL,Total,EL,Greece,1995,0,
TOTAL,Total,EL,Greece,1996,0,
TOTAL,Total,EL,Greece,1997,82,
TOTAL,Total,EL,Greece,1998,82,
TOTAL,Total,EL,Greece,1999,82,
TOTAL,Total,EL,Greece,2000,82,
TOTAL,Total,EL,Greece,2001,82,
TOTAL,Total,EL,Greece,2002,82,
TOTAL,Total,EL,Greece,2003,83,
TOTAL,Total,EL,Greece,2004,83,
TOTAL,Total,EL,Greece,2005,83,
TOTAL,Total,EL,Greece,2006,106,
TOTAL,Total,EL,Greece,2007,199,
TOTAL,Total,EL,Greece,2008,264,
TOTAL,Total,EL,Greece,2009,264,
TOTAL,Total,EL,Greece,2010,368,
TOTAL,Total,EL,Greece,2011,438,
TOTAL,Total,EL,Greece,2012,438,
TOTAL,Total,EL,Greece,2013,437,
TOTAL,Total,EL,Greece,2014,494,
TOTAL,Total,EL,Greece,2015,494,
TOTAL,Total,EL,Greece,2016,520,
TOTAL,Total,EL,Greece,2017,532,
TOTAL,Total,EL,Greece,2018,679,
TOTAL,Total,EL,Greece,2019,731,
TOTAL,Total,EL,Greece,2020,731,
TOTAL,Total,EL,Greece,2021,731,
TOTAL,Total,EL,Greece,2022,738,
TOTAL,Total,EL,Greece,2023,738,
TOTAL,Total,EL,Greece,2024,738,
TOTAL,Total,ES,Spain,1990,6566,
TOTAL,Total,ES,Spain,1991,6581,
TOTAL,Total,ES,Spain,1992,7054,
TOTAL,Total,ES,Spain,1993,7059,
TOTAL,Total,ES,Spain,1994,7169,
TOTAL,Total,ES,Spain,1995,7029,
TOTAL,Total,ES,Spain,1996,7037,
TOTAL,Total,ES,Spain,1997,7135,
TOTAL,Total,ES,Spain,1998,7140,
TOTAL,Total,ES,Spain,1999,7154,
TOTAL,Total,ES,Spain,2000,7142,
TOTAL,Total,ES,Spain,2001,7154,
TOTAL,Total,ES,Spain,2002,7170,
TOTAL,Total,ES,Spain,2003,7738,
TOTAL,Total,ES,Spain,2004,7757,
TOTAL,Total,ES,Spain,2005,7767,
TOTAL,Total,ES,Spain,2006,7975,
TOTAL,Total,ES,Spain,2007,8355,
TOTAL,Total,ES,Spain,2008,8359,
TOTAL,Total,ES,Spain,2009,8365,
TOTAL,Total,ES,Spain,2010,8866,
TOTAL,Total,ES,Spain,2011,9030,
TOTAL,Total,ES,Spain,2012,9086,
TOTAL,Total,ES,Spain,2013,9275,
TOTAL,Total,ES,Spain,2014,9223,
TOTAL,Total,ES,Spain,2015,9717,
TOTAL,Total,ES,Spain,2016,10383,
TOTAL,Total,ES,Spain,2017,10122,
TOTAL,Total,ES,Spain,2018,9840,
TOTAL,Total,ES,Spain,2019,10251.519,
TOTAL,Total,ES,Spain,2020,10450,
TOTAL,Total,ES,Spain,2021,10608,
TOTAL,Total,ES,Spain,2022,10701,
TOTAL,Total,ES,Spain,2023,10930,
TOTAL,Total,ES,Spain,2024,10938,
TOTAL,Total,EU27_2020,European Union - 27 countries (from 2020),1990,87986,
TOTAL,Total,EU27_2020,European Union - 27 countries (from 2020),1991,88952,
TOTAL,Total,EU27_2020,European Union - 27 countries (from 2020),1992,90068.8,
TOTAL,Total,EU27_2020,European Union - 27 countries (from 2020),1993,91595.8,
TOTAL,Total,EU27_2020,European Union - 27 countries (from 2020),1994,93342.8,
TOTAL,Total,EU27_2020,European Union - 27 countries (from 2020),1995,94244.8,
TOTAL,Total,EU27_2020,European Union - 27 countries (from 2020),1996,95632.8,
TOTAL,Total,EU27_2020,European Union - 27 countries (from 2020),1997,96568,
TOTAL,Total,EU27_2020,European Union - 27 countries (from 2020),1998,97484,
TOTAL,Total,EU27_2020,European Union - 27 countries (from 2020),1999,98179,
TOTAL,Total,EU27_2020,European Union - 27 countries (from 2020),2000,98751.67,
TOTAL,Total,EU27_2020,European Union - 27 countries (from 2020),2001,99853.8,
TOTAL,Total,EU27_2020,European Union - 27 countries (from 2020),2002,100791.5,
TOTAL,Total,EU27_2020,European Union - 27 countries (from 2020),2003,101785.5,
TOTAL,Total,EU27_2020,European Union - 27 countries (from 2020),2004,102709.5,
TOTAL,Total,EU27_2020,European Union - 27 countries (from 2020),2005,103095.7,
TOTAL,Total,EU27_2020,European Union - 27 countries (from 2020),2006,104195.75,
TOTAL,Total,EU27_2020,European Union - 27 countries (from 2020),2007,105113.35,
TOTAL,Total,EU27_2020,European Union - 27 countries (from 2020),2008,105980.95,
TOTAL,Total,EU27_2020,European Union - 27 countries (from 2020),2009,106997.85,
TOTAL,Total,EU27_2020,European Union - 27 countries (from 2020),2010,107779.85,
TOTAL,Total,EU27_2020,European Union - 27 countries (from 2020),2011,108891.62,
TOTAL,Total,EU27_2020,European Union - 27 countries (from 2020),2012,109499.1,
TOTAL,Total,EU27_2020,European Union - 27 countries (from 2020),2013,109534.638,
TOTAL,Total,EU27_2020,European Union - 27 countries (from 2020),2014,109941.705,
TOTAL,Total,EU27_2020,European Union - 27 countries (from 2020),2015,110483.489,
TOTAL,Total,EU27_2020,European Union - 27 countries (from 2020),2016,111553.709,
TOTAL,Total,EU27_2020,European Union - 27 countries (from 2020),2017,112263.605,
TOTAL,Total,EU27_2020,European Union - 27 countries (from 2020),2018,112140.365,
TOTAL,Total,EU27_2020,European Union - 27 countries (from 2020),2019,113133.501,
TOTAL,Total,EU27_2020,European Union - 27 countries (from 2020),2020,113606.282,
TOTAL,Total,EU27_2020,European Union - 27 countries (from 2020),2021,114657.279,
TOTAL,Total,EU27_2020,European Union - 27 countries (from 2020),2022,115068.593,
TOTAL,Total,EU27_2020,European Union - 27 countries (from 2020),2023,115657.474,
TOTAL,Total,EU27_2020,European Union - 27 countries (from 2020),2024,116274.729,
TOTAL,Total,FI,Finland,1990,1663,
TOTAL,Total,FI,Finland,1991,1664,
TOTAL,Total,FI,Finland,1992,1664,
TOTAL,Total,FI,Finland,1993,1713,
TOTAL,Total,FI,Finland,1994,1950,
TOTAL,Total,FI,Finland,1995,2054,
TOTAL,Total,FI,Finland,1996,2061,
TOTAL,Total,FI,Finland,1997,2061,
TOTAL,Total,FI,Finland,1998,2197,
TOTAL,Total,FI,Finland,1999,2234,
TOTAL,Total,FI,Finland,2000,2372,
TOTAL,Total,FI,Finland,2001,2400,
TOTAL,Total,FI,Finland,2002,2400,
TOTAL,Total,FI,Finland,2003,2400,
TOTAL,Total,FI,Finland,2004,2619,
TOTAL,Total,FI,Finland,2005,2617,
TOTAL,Total,FI,Finland,2006,3047,
TOTAL,Total,FI,Finland,2007,3047,
TOTAL,Total,FI,Finland,2008,3067,
TOTAL,Total,FI,Finland,2009,3067,
TOTAL,Total,FI,Finland,2010,3073,
TOTAL,Total,FI,Finland,2011,3172,
TOTAL,Total,FI,Finland,2012,3172,
TOTAL,Total,FI,Finland,2013,3172,
TOTAL,Total,FI,Finland,2014,3256,
TOTAL,Total,FI,Finland,2015,3262,b
TOTAL,Total,FI,Finland,2016,3270,
TOTAL,Total,FI,Finland,2017,3331,
TOTAL,Total,FI,Finland,2018,3330,
TOTAL,Total,FI,Finland,2019,3331,
TOTAL,Total,FI,Finland,2020,3349,
TOTAL,Total,FI,Finland,2021,3359,
TOTAL,Total,FI,Finland,2022,3428,
TOTAL,Total,FI,Finland,2023,3424,
TOTAL,Total,FI,Finland,2024,3635,
TOTAL,Total,FR,France,1990,12512,
TOTAL,Total,FR,France,1991,12684,
TOTAL,Total,FR,France,1992,12896,
TOTAL,Total,FR,France,1993,13574,
TOTAL,Total,FR,France,1994,13743,
TOTAL,Total,FR,France,1995,13800,
TOTAL,Total,FR,France,1996,14177,
TOTAL,Total,FR,France,1997,14181,
TOTAL,Total,FR,France,1998,14154,
TOTAL,Total,FR,France,1999,14207,
TOTAL,Total,FR,France,2000,14221,
TOTAL,Total,FR,France,2001,14465,
TOTAL,Total,FR,France,2002,14463,
TOTAL,Total,FR,France,2003,14464,
TOTAL,Total,FR,France,2004,14591,
TOTAL,Total,FR,France,2005,14755,
TOTAL,Total,FR,France,2006,14808,
TOTAL,Total,FR,France,2007,15125,
TOTAL,Total,FR,France,2008,15345,
TOTAL,Total,FR,France,2009,15432,
TOTAL,Total,FR,France,2010,15455,
TOTAL,Total,FR,France,2011,15817,
TOTAL,Total,FR,France,2012,16118,
TOTAL,Total,FR,France,2013,15860,
TOTAL,Total,FR,France,2014,16033,
TOTAL,Total,FR,France,2015,15989,
TOTAL,Total,FR,France,2016,16099,
TOTAL,Total,FR,France,2017,16713.216,
TOTAL,Total,FR,France,2018,16714.309,
TOTAL,Total,FR,France,2019,16727.677,
TOTAL,Total,FR,France,2020,16694,
TOTAL,Total,FR,France,2021,16735,
TOTAL,Total,FR,France,2022,16804,
TOTAL,Total,FR,France,2023,16802,
TOTAL,Total,FR,France,2024,16808.829,
TOTAL,Total,GE,Georgia,1995,1575,
TOTAL,Total,GE,Georgia,1996,1575,
TOTAL,Total,GE,Georgia,1997,1576,
TOTAL,Total,GE,Georgia,1998,1576,
TOTAL,Total,GE,Georgia,1999,1545,
TOTAL,Total,GE,Georgia,2012,1455.4,
TOTAL,Total,GE,Georgia,2013,1615.4,
TOTAL,Total,GE,Georgia,2014,1613.4,
TOTAL,Total,GE,Georgia,2015,1124.079,
TOTAL,Total,GE,Georgia,2016,1124.1,
TOTAL,Total,GE,Georgia,2017,1124.079,
TOTAL,Total,GE,Georgia,2018,1125.64,
TOTAL,Total,GE,Georgia,2019,1125.64,
TOTAL,Total,GE,Georgia,2020,1121.8,
TOTAL,Total,GE,Georgia,2021,1096.865,
TOTAL,Total,GE,Georgia,2022,1096.865,
TOTAL,Total,GE,Georgia,2023,1096.865,
TOTAL,Total,GE,Georgia,2024,1096.865,
TOTAL,Total,HR,Croatia,1990,844,
TOTAL,Total,HR,Croatia,1991,915,
TOTAL,Total,HR,Croatia,1992,964,
TOTAL,Total,HR,Croatia,1993,984,
TOTAL,Total,HR,Croatia,1994,983,
TOTAL,Total,HR,Croatia,1995,983,
TOTAL,Total,HR,Croatia,1996,983,
TOTAL,Total,HR,Croatia,1997,983,
TOTAL,Total,HR,Croatia,1998,983,
TOTAL,Total,HR,Croatia,1999,983,
TOTAL,Total,HR,Croatia,2000,983,
TOTAL,Total,HR,Croatia,2001,983,
TOTAL,Total,HR,Croatia,2002,983,
TOTAL,Total,HR,Croatia,2003,983,
TOTAL,Total,HR,Croatia,2004,984,
TOTAL,Total,HR,Croatia,2005,984,
TOTAL,Total,HR,Croatia,2006,980,
TOTAL,Total,HR,Croatia,2007,980,
TOTAL,Total,HR,Croatia,2008,985,
TOTAL,Total,HR,Croatia,2009,985,
TOTAL,Total,HR,Croatia,2010,984,
TOTAL,Total,HR,Croatia,2011,984,
TOTAL,Total,HR,Croatia,2012,984,
TOTAL,Total,HR,Croatia,2013,985,
TOTAL,Total,HR,Croatia,2014,970,
TOTAL,Total,HR,Croatia,2015,970,
TOTAL,Total,HR,Croatia,2016,970,
TOTAL,Total,HR,Croatia,2017,970,
TOTAL,Total,HR,Croatia,2018,970,
TOTAL,Total,HR,Croatia,2019,970,
TOTAL,Total,HR,Croatia,2020,970,
TOTAL,Total,HR,Croatia,2021,994,
TOTAL,Total,HR,Croatia,2022,995,
TOTAL,Total,HR,Croatia,2023,1013,
TOTAL,Total,HR,Croatia,2024,1013,
TOTAL,Total,HU,Hungary,1990,2249,
TOTAL,Total,HU,Hungary,1991,2247,
TOTAL,Total,HU,Hungary,1992,2277,
TOTAL,Total,HU,Hungary,1993,2277,
TOTAL,Total,HU,Hungary,1994,2283,
TOTAL,Total,HU,Hungary,1995,2353,
TOTAL,Total,HU,Hungary,1996,2353,
TOTAL,Total,HU,Hungary,1997,2378,
TOTAL,Total,HU,Hungary,1998,2594,
TOTAL,Total,HU,Hungary,1999,2620,
TOTAL,Total,HU,Hungary,2000,2718,
TOTAL,Total,HU,Hungary,2001,2718,
TOTAL,Total,HU,Hungary,2002,2780,
TOTAL,Total,HU,Hungary,2003,2780,
TOTAL,Total,HU,Hungary,2004,2791,
TOTAL,Total,HU,Hungary,2005,2790,
TOTAL,Total,HU,Hungary,2006,2792,
TOTAL,Total,HU,Hungary,2007,2738,
TOTAL,Total,HU,Hungary,2008,2738,
TOTAL,Total,HU,Hungary,2009,2792,
TOTAL,Total,HU,Hungary,2010,2929,
TOTAL,Total,HU,Hungary,2011,2981.5,
TOTAL,Total,HU,Hungary,2012,2982,
TOTAL,Total,HU,Hungary,2013,2968.6,
TOTAL,Total,HU,Hungary,2014,2967.94,
TOTAL,Total,HU,Hungary,2015,2963,
TOTAL,Total,HU,Hungary,2016,3018,
TOTAL,Total,HU,Hungary,2017,3103,
TOTAL,Total,HU,Hungary,2018,3069,
TOTAL,Total,HU,Hungary,2019,3111,
TOTAL,Total,HU,Hungary,2020,3111,
TOTAL,Total,HU,Hungary,2021,3221,
TOTAL,Total,HU,Hungary,2022,3221,
TOTAL,Total,HU,Hungary,2023,3368,
TOTAL,Total,HU,Hungary,2024,3367,
TOTAL,Total,IE,Ireland,1990,37,
TOTAL,Total,IE,Ireland,1991,37,
TOTAL,Total,IE,Ireland,1992,37,
TOTAL,Total,IE,Ireland,1993,37,
TOTAL,Total,IE,Ireland,1994,37,
TOTAL,Total,IE,Ireland,1995,37,
TOTAL,Total,IE,Ireland,1996,37,
TOTAL,Total,IE,Ireland,1997,37,
TOTAL,Total,IE,Ireland,1998,37,
TOTAL,Total,IE,Ireland,1999,47,
TOTAL,Total,IE,Ireland,2000,47,
TOTAL,Total,IE,Ireland,2001,47,
TOTAL,Total,IE,Ireland,2002,48,
TOTAL,Total,IE,Ireland,2003,49,
TOTAL,Total,IE,Ireland,2004,50,
TOTAL,Total,IE,Ireland,2005,51,
TOTAL,Total,IE,Ireland,2006,52,
TOTAL,Total,IE,Ireland,2007,53,
TOTAL,Total,IE,Ireland,2008,53,
TOTAL,Total,IE,Ireland,2009,53,
TOTAL,Total,IE,Ireland,2010,53,
TOTAL,Total,IE,Ireland,2011,53,
TOTAL,Total,IE,Ireland,2012,53,
TOTAL,Total,IE,Ireland,2013,53,
TOTAL,Total,IE,Ireland,2014,53,
TOTAL,Total,IE,Ireland,2015,53,
TOTAL,Total,IE,Ireland,2016,53,
TOTAL,Total,IE,Ireland,2017,53,
TOTAL,Total,IE,Ireland,2018,53,
TOTAL,Total,IE,Ireland,2019,53,
TOTAL,Total,IE,Ireland,2020,53,
TOTAL,Total,IE,Ireland,2021,53,
TOTAL,Total,IE,Ireland,2022,53,
TOTAL,Total,IE,Ireland,2023,53,i
TOTAL,Total,IE,Ireland,2024,53,
TOTAL,Total,IT,Italy,1990,9512,i
TOTAL,Total,IT,Italy,1991,9848,i
TOTAL,Total,IT,Italy,1992,10015,i
TOTAL,Total,IT,Italy,1993,10047,i
TOTAL,Total,IT,Italy,1994,10124,i
TOTAL,Total,IT,Italy,1995,10205,
TOTAL,Total,IT,Italy,1996,10318,
TOTAL,Total,IT,Italy,1997,10358,
TOTAL,Total,IT,Italy,1998,10488,
TOTAL,Total,IT,Italy,1999,10661,
TOTAL,Total,IT,Italy,2000,10734,
TOTAL,Total,IT,Italy,2001,10864,
TOTAL,Total,IT,Italy,2002,10891,
TOTAL,Total,IT,Italy,2003,10966,
TOTAL,Total,IT,Italy,2004,11044,
TOTAL,Total,IT,Italy,2005,11364,
TOTAL,Total,IT,Italy,2006,11455,
TOTAL,Total,IT,Italy,2007,11531,
TOTAL,Total,IT,Italy,2008,11727,
TOTAL,Total,IT,Italy,2009,11887,
TOTAL,Total,IT,Italy,2010,11906,
TOTAL,Total,IT,Italy,2011,11925,
TOTAL,Total,IT,Italy,2012,11931,
TOTAL,Total,IT,Italy,2013,11969,
TOTAL,Total,IT,Italy,2014,11940,i
TOTAL,Total,IT,Italy,2015,11941,i
TOTAL,Total,IT,Italy,2016,12023,
TOTAL,Total,IT,Italy,2017,12022,
TOTAL,Total,IT,Italy,2018,12018,
TOTAL,Total,IT,Italy,2019,12016,
TOTAL,Total,IT,Italy,2020,12065,
TOTAL,Total,IT,Italy,2021,12160,
TOTAL,Total,IT,Italy,2022,12184,
TOTAL,Total,IT,Italy,2023,12205,
TOTAL,Total,IT,Italy,2024,12277,
TOTAL,Total,LI,Liechtenstein,2013,9,
TOTAL,Total,LI,Liechtenstein,2014,9,
TOTAL,Total,LI,Liechtenstein,2015,9,
TOTAL,Total,LI,Liechtenstein,2016,9,
TOTAL,Total,LI,Liechtenstein,2017,9,
TOTAL,Total,LI,Liechtenstein,2018,9,
TOTAL,Total,LI,Liechtenstein,2019,9,
TOTAL,Total,LI,Liechtenstein,2020,9,
TOTAL,Total,LI,Liechtenstein,2021,9,
TOTAL,Total,LI,Liechtenstein,2022,9,
TOTAL,Total,LI,Liechtenstein,2023,9,
TOTAL,Total,LI,Liechtenstein,2024,9,
TOTAL,Total,LT,Lithuania,1990,122,
TOTAL,Total,LT,Lithuania,1991,122,
TOTAL,Total,LT,Lithuania,1992,122,
TOTAL,Total,LT,Lithuania,1993,122,
TOTAL,Total,LT,Lithuania,1994,122,
TOTAL,Total,LT,Lithuania,1995,122,
TOTAL,Total,LT,Lithuania,1996,122,
TOTAL,Total,LT,Lithuania,1997,122,
TOTAL,Total,LT,Lithuania,1998,122,
TOTAL,Total,LT,Lithuania,1999,122,
TOTAL,Total,LT,Lithuania,2000,122,
TOTAL,Total,LT,Lithuania,2001,122,
TOTAL,Total,LT,Lithuania,2002,122,
TOTAL,Total,LT,Lithuania,2003,122,
TOTAL,Total,LT,Lithuania,2004,122,
TOTAL,Total,LT,Lithuania,2005,122,
TOTAL,Total,LT,Lithuania,2006,122,
TOTAL,Total,LT,Lithuania,2007,122,
TOTAL,Total,LT,Lithuania,2008,122,
TOTAL,Total,LT,Lithuania,2009,122,
TOTAL,Total,LT,Lithuania,2010,122,
TOTAL,Total,LT,Lithuania,2011,122,
TOTAL,Total,LT,Lithuania,2012,122,
TOTAL,Total,LT,Lithuania,2013,122,
TOTAL,Total,LT,Lithuania,2014,122,
TOTAL,Total,LT,Lithuania,2015,122,
TOTAL,Total,LT,Lithuania,2016,122,
TOTAL,Total,LT,Lithuania,2017,152.4,
TOTAL,Total,LT,Lithuania,2018,152.4,
TOTAL,Total,LT,Lithuania,2019,152.4,
TOTAL,Total,LT,Lithuania,2020,152.4,
TOTAL,Total,LT,Lithuania,2021,152.4,
TOTAL,Total,LT,Lithuania,2022,152.4,
TOTAL,Total,LT,Lithuania,2023,152.4,
TOTAL,Total,LT,Lithuania,2024,156,
TOTAL,Total,LU,Luxembourg,1990,197,
TOTAL,Total,LU,Luxembourg,1991,220,
TOTAL,Total,LU,Luxembourg,1992,220,
TOTAL,Total,LU,Luxembourg,1993,262,
TOTAL,Total,LU,Luxembourg,1994,262,
TOTAL,Total,LU,Luxembourg,1995,262,
TOTAL,Total,LU,Luxembourg,1996,261,
TOTAL,Total,LU,Luxembourg,1997,261,
TOTAL,Total,LU,Luxembourg,1998,261,
TOTAL,Total,LU,Luxembourg,1999,261,
TOTAL,Total,LU,Luxembourg,2000,261,
TOTAL,Total,LU,Luxembourg,2001,261,
TOTAL,Total,LU,Luxembourg,2002,261,
TOTAL,Total,LU,Luxembourg,2003,262,
TOTAL,Total,LU,Luxembourg,2004,262,
TOTAL,Total,LU,Luxembourg,2005,262,
TOTAL,Total,LU,Luxembourg,2006,262,
TOTAL,Total,LU,Luxembourg,2007,262,
TOTAL,Total,LU,Luxembourg,2008,262,
TOTAL,Total,LU,Luxembourg,2009,262,
TOTAL,Total,LU,Luxembourg,2010,262,
TOTAL,Total,LU,Luxembourg,2011,262,
TOTAL,Total,LU,Luxembourg,2012,262,
TOTAL,Total,LU,Luxembourg,2013,262,
TOTAL,Total,LU,Luxembourg,2014,262,
TOTAL,Total,LU,Luxembourg,2015,262,
TOTAL,Total,LU,Luxembourg,2016,262,
TOTAL,Total,LU,Luxembourg,2017,262,
TOTAL,Total,LU,Luxembourg,2018,262.32,
TOTAL,Total,LU,Luxembourg,2019,262.32,
TOTAL,Total,LU,Luxembourg,2020,262,
TOTAL,Total,LU,Luxembourg,2021,262,
TOTAL,Total,LU,Luxembourg,2022,262,
TOTAL,Total,LU,Luxembourg,2023,262,
TOTAL,Total,LU,Luxembourg,2024,262,
TOTAL,Total,LV,Latvia,1990,271,
TOTAL,Total,LV,Latvia,1991,271,
TOTAL,Total,LV,Latvia,1992,271,
TOTAL,Total,LV,Latvia,1993,271,
TOTAL,Total,LV,Latvia,1994,271,
TOTAL,Total,LV,Latvia,1995,271,
TOTAL,Total,LV,Latvia,1996,271,
TOTAL,Total,LV,Latvia,1997,271,
TOTAL,Total,LV,Latvia,1998,270,
TOTAL,Total,LV,Latvia,1999,258,
TOTAL,Total,LV,Latvia,2000,258,
TOTAL,Total,LV,Latvia,2001,257,
TOTAL,Total,LV,Latvia,2002,257,
TOTAL,Total,LV,Latvia,2003,257,
TOTAL,Total,LV,Latvia,2004,257,
TOTAL,Total,LV,Latvia,2005,257,
TOTAL,Total,LV,Latvia,2006,257,
TOTAL,Total,LV,Latvia,2007,257,
TOTAL,Total,LV,Latvia,2008,257,
TOTAL,Total,LV,Latvia,2009,257,
TOTAL,Total,LV,Latvia,2010,257,
TOTAL,Total,LV,Latvia,2011,257,
TOTAL,Total,LV,Latvia,2012,250,
TOTAL,Total,LV,Latvia,2013,248,
TOTAL,Total,LV,Latvia,2014,251,
TOTAL,Total,LV,Latvia,2015,251,
TOTAL,Total,LV,Latvia,2016,250.9,
TOTAL,Total,LV,Latvia,2017,250.9,
TOTAL,Total,LV,Latvia,2018,250.9,
TOTAL,Total,LV,Latvia,2019,250.9,
TOTAL,Total,LV,Latvia,2020,250.9,
TOTAL,Total,LV,Latvia,2021,250.9,
TOTAL,Total,LV,Latvia,2022,250.9,
TOTAL,Total,LV,Latvia,2023,250.9,
TOTAL,Total,LV,Latvia,2024,250.9,
TOTAL,Total,MD,Moldova,1990,0,
TOTAL,Total,MD,Moldova,1991,0,
TOTAL,Total,MD,Moldova,1992,0,
TOTAL,Total,MD,Moldova,1993,0,
TOTAL,Total,MD,Moldova,1994,0,
TOTAL,Total,MD,Moldova,1995,0,
TOTAL,Total,MD,Moldova,1996,0,
TOTAL,Total,MD,Moldova,1997,0,
TOTAL,Total,MD,Moldova,1998,0,
TOTAL,Total,MD,Moldova,1999,0,
TOTAL,Total,MD,Moldova,2000,0,
TOTAL,Total,MD,Moldova,2001,0,
TOTAL,Total,MD,Moldova,2002,0,
TOTAL,Total,MD,Moldova,2004,0,
TOTAL,Total,MD,Moldova,2009,0,
TOTAL,Total,MD,Moldova,2010,0,
TOTAL,Total,MD,Moldova,2011,0,
TOTAL,Total,MD,Moldova,2012,0,
TOTAL,Total,MD,Moldova,2013,0,
TOTAL,Total,MD,Moldova,2014,0,
TOTAL,Total,MD,Moldova,2015,0,
TOTAL,Total,MD,Moldova,2016,0,
TOTAL,Total,MD,Moldova,2017,0,
TOTAL,Total,MD,Moldova,2018,0,
TOTAL,Total,MD,Moldova,2019,0,
TOTAL,Total,MD,Moldova,2020,0,
TOTAL,Total,MD,Moldova,2021,0,
TOTAL,Total,MD,Moldova,2022,0,
TOTAL,Total,MD,Moldova,2023,0,
TOTAL,Total,MD,Moldova,2024,0,
TOTAL,Total,ME,Montenegro,2011,224.06,i
TOTAL,Total,ME,Montenegro,2012,224.06,i
TOTAL,Total,ME,Montenegro,2013,224.06,i
TOTAL,Total,ME,Montenegro,2014,224,i
TOTAL,Total,ME,Montenegro,2015,224,i
TOTAL,Total,ME,Montenegro,2016,225,
TOTAL,Total,ME,Montenegro,2017,225,
TOTAL,Total,ME,Montenegro,2018,225,
TOTAL,Total,ME,Montenegro,2019,225,
TOTAL,Total,ME,Montenegro,2020,226.6,
TOTAL,Total,ME,Montenegro,2021,226.6,
TOTAL,Total,ME,Montenegro,2022,226.6,
TOTAL,Total,ME,Montenegro,2023,226.6,
TOTAL,Total,ME,Montenegro,2024,226.6,
TOTAL,Total,MK,North Macedonia,1990,233,
TOTAL,Total,MK,North Macedonia,1992,231,
TOTAL,Total,MK,North Macedonia,1993,231,
TOTAL,Total,MK,North Macedonia,1994,233,
TOTAL,Total,MK,North Macedonia,1995,233,
TOTAL,Total,MK,North Macedonia,1996,233,
TOTAL,Total,MK,North Macedonia,1997,233,
TOTAL,Total,MK,North Macedonia,1998,233,
TOTAL,Total,MK,North Macedonia,1999,233,
TOTAL,Total,MK,North Macedonia,2000,233,
TOTAL,Total,MK,North Macedonia,2001,233,
TOTAL,Total,MK,North Macedonia,2002,233,
TOTAL,Total,MK,North Macedonia,2004,233,
TOTAL,Total,MK,North Macedonia,2005,233,
TOTAL,Total,MK,North Macedonia,2006,234,
TOTAL,Total,MK,North Macedonia,2007,234,
TOTAL,Total,MK,North Macedonia,2008,234,
TOTAL,Total,MK,North Macedonia,2009,234,
TOTAL,Total,MK,North Macedonia,2010,234,
TOTAL,Total,MK,North Macedonia,2011,234,
TOTAL,Total,MK,North Macedonia,2012,234,
TOTAL,Total,MK,North Macedonia,2013,234,
TOTAL,Total,MK,North Macedonia,2014,234,
TOTAL,Total,MK,North Macedonia,2015,234,
TOTAL,Total,MK,North Macedonia,2016,234,
TOTAL,Total,MK,North Macedonia,2017,234,
TOTAL,Total,MK,North Macedonia,2018,234,
TOTAL,Total,MK,North Macedonia,2019,234,
TOTAL,Total,MK,North Macedonia,2020,234,
TOTAL,Total,MK,North Macedonia,2021,234,
TOTAL,Total,MK,North Macedonia,2022,234,
TOTAL,Total,MK,North Macedonia,2023,234,
TOTAL,Total,MK,North Macedonia,2024,234,
TOTAL,Total,NL,Netherlands,1990,1957,
TOTAL,Total,NL,Netherlands,1991,1967,
TOTAL,Total,NL,Netherlands,1992,1977,
TOTAL,Total,NL,Netherlands,1993,1987,
TOTAL,Total,NL,Netherlands,1994,1991,
TOTAL,Total,NL,Netherlands,1995,1991,
TOTAL,Total,NL,Netherlands,1996,1991,
TOTAL,Total,NL,Netherlands,1997,2058,
TOTAL,Total,NL,Netherlands,1998,2061,
TOTAL,Total,NL,Netherlands,1999,2061,
TOTAL,Total,NL,Netherlands,2000,2062,
TOTAL,Total,NL,Netherlands,2001,2061,
TOTAL,Total,NL,Netherlands,2002,2059,
TOTAL,Total,NL,Netherlands,2003,2064,
TOTAL,Total,NL,Netherlands,2004,2064,
TOTAL,Total,NL,Netherlands,2005,1954,
TOTAL,Total,NL,Netherlands,2006,2022,
TOTAL,Total,NL,Netherlands,2007,2039,
TOTAL,Total,NL,Netherlands,2008,2155,
TOTAL,Total,NL,Netherlands,2009,2155,
TOTAL,Total,NL,Netherlands,2010,2266,
TOTAL,Total,NL,Netherlands,2011,2266,
TOTAL,Total,NL,Netherlands,2012,2266,
TOTAL,Total,NL,Netherlands,2013,2266,
TOTAL,Total,NL,Netherlands,2014,2307,
TOTAL,Total,NL,Netherlands,2015,2302,
TOTAL,Total,NL,Netherlands,2016,2314,
TOTAL,Total,NL,Netherlands,2017,2310,
TOTAL,Total,NL,Netherlands,2018,2224,
TOTAL,Total,NL,Netherlands,2019,2224,
TOTAL,Total,NL,Netherlands,2020,2225,
TOTAL,Total,NL,Netherlands,2021,2264,
TOTAL,Total,NL,Netherlands,2022,2265,
TOTAL,Total,NL,Netherlands,2023,2267,
TOTAL,Total,NL,Netherlands,2024,2265,
TOTAL,Total,NO,Norway,1990,2426,
TOTAL,Total,NO,Norway,1991,2426,
TOTAL,Total,NO,Norway,1992,2426,
TOTAL,Total,NO,Norway,1993,2422,
TOTAL,Total,NO,Norway,1994,2422,
TOTAL,Total,NO,Norway,1995,2422,
TOTAL,Total,NO,Norway,1996,2420,
TOTAL,Total,NO,Norway,1997,2456,
TOTAL,Total,NO,Norway,1998,2477,i
TOTAL,Total,NO,Norway,1999,2498,i
TOTAL,Total,NO,Norway,2000,2519,
TOTAL,Total,NO,Norway,2001,2518,
TOTAL,Total,NO,Norway,2002,2518,
TOTAL,Total,NO,Norway,2003,2518,
TOTAL,Total,NO,Norway,2004,2518,
TOTAL,Total,NO,Norway,2005,2552,
TOTAL,Total,NO,Norway,2006,2552,
TOTAL,Total,NO,Norway,2007,2552,
TOTAL,Total,NO,Norway,2008,2552,
TOTAL,Total,NO,Norway,2009,2505,
TOTAL,Total,NO,Norway,2010,2524,
TOTAL,Total,NO,Norway,2011,2516,
TOTAL,Total,NO,Norway,2012,2498,
TOTAL,Total,NO,Norway,2013,2500,
TOTAL,Total,NO,Norway,2014,2470,
TOTAL,Total,NO,Norway,2015,2460,
TOTAL,Total,NO,Norway,2016,2459,
TOTAL,Total,NO,Norway,2017,2459,
TOTAL,Total,NO,Norway,2018,2480,
TOTAL,Total,NO,Norway,2019,2483,
TOTAL,Total,NO,Norway,2020,2491,
TOTAL,Total,NO,Norway,2021,2491,
TOTAL,Total,NO,Norway,2022,2513,
TOTAL,Total,NO,Norway,2023,2529,
TOTAL,Total,NO,Norway,2024,2529,
TOTAL,Total,PL,Poland,1990,11387,
TOTAL,Total,PL,Poland,1991,11510,
TOTAL,Total,PL,Poland,1992,11496,
TOTAL,Total,PL,Poland,1993,11482,
TOTAL,Total,PL,Poland,1994,11613,
TOTAL,Total,PL,Poland,1995,11627,
TOTAL,Total,PL,Poland,1996,11626,
TOTAL,Total,PL,Poland,1997,11626,
TOTAL,Total,PL,Poland,1998,11614,
TOTAL,Total,PL,Poland,1999,11967,
TOTAL,Total,PL,Poland,2000,11905,
TOTAL,Total,PL,Poland,2001,11965,
TOTAL,Total,PL,Poland,2002,12207,
TOTAL,Total,PL,Poland,2003,12035,i
TOTAL,Total,PL,Poland,2004,12017,
TOTAL,Total,PL,Poland,2005,11884,
TOTAL,Total,PL,Poland,2006,11871,
TOTAL,Total,PL,Poland,2007,11898,
TOTAL,Total,PL,Poland,2008,11924,
TOTAL,Total,PL,Poland,2009,11956,
TOTAL,Total,PL,Poland,2010,11916,
TOTAL,Total,PL,Poland,2011,11880,
TOTAL,Total,PL,Poland,2012,11920,
TOTAL,Total,PL,Poland,2013,11868,
TOTAL,Total,PL,Poland,2014,11830,
TOTAL,Total,PL,Poland,2015,11865,
TOTAL,Total,PL,Poland,2016,11874,
TOTAL,Total,PL,Poland,2017,11854,
TOTAL,Total,PL,Poland,2018,11858,
TOTAL,Total,PL,Poland,2019,11982,
TOTAL,Total,PL,Poland,2020,12113,
TOTAL,Total,PL,Poland,2021,12101,
TOTAL,Total,PL,Poland,2022,12138,
TOTAL,Total,PL,Poland,2023,12205,
TOTAL,Total,PL,Poland,2024,12216,
TOTAL,Total,PT,Portugal,1990,458,
TOTAL,Total,PT,Portugal,1991,462,
TOTAL,Total,PT,Portugal,1992,462,
TOTAL,Total,PT,Portugal,1993,462,
TOTAL,Total,PT,Portugal,1994,462,
TOTAL,Total,PT,Portugal,1995,522,
TOTAL,Total,PT,Portugal,1996,614,
TOTAL,Total,PT,Portugal,1997,731,
TOTAL,Total,PT,Portugal,1998,873,
TOTAL,Total,PT,Portugal,1999,901,
TOTAL,Total,PT,Portugal,2000,904,
TOTAL,Total,PT,Portugal,2001,905.3,
TOTAL,Total,PT,Portugal,2002,1047,
TOTAL,Total,PT,Portugal,2003,1076,i
TOTAL,Total,PT,Portugal,2004,1372,i
TOTAL,Total,PT,Portugal,2005,1436,i
TOTAL,Total,PT,Portugal,2006,1436,i
TOTAL,Total,PT,Portugal,2007,1435.6,
TOTAL,Total,PT,Portugal,2008,1460.2,
TOTAL,Total,PT,Portugal,2009,1460.1,
TOTAL,Total,PT,Portugal,2010,1488.1,
TOTAL,Total,PT,Portugal,2011,1629.7,
TOTAL,Total,PT,Portugal,2012,1630.1,
TOTAL,Total,PT,Portugal,2013,1629.1,
TOTAL,Total,PT,Portugal,2014,1630.3,
TOTAL,Total,PT,Portugal,2015,1639.1,
TOTAL,Total,PT,Portugal,2016,1639.1,
TOTAL,Total,PT,Portugal,2017,1639.07,
TOTAL,Total,PT,Portugal,2018,1639.07,
TOTAL,Total,PT,Portugal,2019,1695.65,
TOTAL,Total,PT,Portugal,2020,1695.65,
TOTAL,Total,PT,Portugal,2021,1791.174,
TOTAL,Total,PT,Portugal,2022,1791.174,
TOTAL,Total,PT,Portugal,2023,1791.174,
TOTAL,Total,PT,Portugal,2024,1790,
TOTAL,Total,RO,Romania,1990,3680,
TOTAL,Total,RO,Romania,1991,3680,
TOTAL,Total,RO,Romania,1992,3782,
TOTAL,Total,RO,Romania,1993,3758,
TOTAL,Total,RO,Romania,1994,3866,
TOTAL,Total,RO,Romania,1995,3866,
TOTAL,Total,RO,Romania,1996,3888,
TOTAL,Total,RO,Romania,1997,3943,
TOTAL,Total,RO,Romania,1998,3929,
TOTAL,Total,RO,Romania,1999,3942,
TOTAL,Total,RO,Romania,2000,3950,
TOTAL,Total,RO,Romania,2001,3950,
TOTAL,Total,RO,Romania,2002,3950,
TOTAL,Total,RO,Romania,2003,3965,
TOTAL,Total,RO,Romania,2004,3965,
TOTAL,Total,RO,Romania,2005,3999,
TOTAL,Total,RO,Romania,2006,3965,
TOTAL,Total,RO,Romania,2007,3959,
TOTAL,Total,RO,Romania,2008,3974,
TOTAL,Total,RO,Romania,2009,4002,
TOTAL,Total,RO,Romania,2010,4020,
TOTAL,Total,RO,Romania,2011,4020,
TOTAL,Total,RO,Romania,2012,4020,
TOTAL,Total,RO,Romania,2013,4029,
TOTAL,Total,RO,Romania,2014,4029,
TOTAL,Total,RO,Romania,2015,4030,
TOTAL,Total,RO,Romania,2016,4030,
TOTAL,Total,RO,Romania,2017,4030,
TOTAL,Total,RO,Romania,2018,4029,
TOTAL,Total,RO,Romania,2019,4029,
TOTAL,Total,RO,Romania,2020,4034,
TOTAL,Total,RO,Romania,2021,4035,
TOTAL,Total,RO,Romania,2022,4032,
TOTAL,Total,RO,Romania,2023,4032,
TOTAL,Total,RO,Romania,2024,4032,
TOTAL,Total,RS,Serbia,2006,1254,
TOTAL,Total,RS,Serbia,2007,1254,
TOTAL,Total,RS,Serbia,2008,1254,
TOTAL,Total,RS,Serbia,2009,1254,
TOTAL,Total,RS,Serbia,2010,1279,
TOTAL,Total,RS,Serbia,2011,1279,
TOTAL,Total,RS,Serbia,2012,1275,
TOTAL,Total,RS,Serbia,2013,1275,
TOTAL,Total,RS,Serbia,2014,1275,
TOTAL,Total,RS,Serbia,2015,1279,
TOTAL,Total,RS,Serbia,2016,1279,
TOTAL,Total,RS,Serbia,2017,1278,
TOTAL,Total,RS,Serbia,2018,1272,
TOTAL,Total,RS,Serbia,2019,1273,
TOTAL,Total,RS,Serbia,2020,1290,
TOTAL,Total,RS,Serbia,2021,1290,
TOTAL,Total,RS,Serbia,2022,1304,
TOTAL,Total,RS,Serbia,2023,1304,
TOTAL,Total,RS,Serbia,2024,1313,
TOTAL,Total,SE,Sweden,1990,7382,
TOTAL,Total,SE,Sweden,1991,7336,
TOTAL,Total,SE,Sweden,1992,7352,
TOTAL,Total,SE,Sweden,1993,7359,
TOTAL,Total,SE,Sweden,1994,7266,
TOTAL,Total,SE,Sweden,1995,7402,
TOTAL,Total,SE,Sweden,1996,7470,
TOTAL,Total,SE,Sweden,1997,7445,
TOTAL,Total,SE,Sweden,1998,7444,
TOTAL,Total,SE,Sweden,1999,7474,
TOTAL,Total,SE,Sweden,2000,7487,
TOTAL,Total,SE,Sweden,2001,7681,
TOTAL,Total,SE,Sweden,2002,7758,
TOTAL,Total,SE,Sweden,2003,7739,
TOTAL,Total,SE,Sweden,2004,7745,
TOTAL,Total,SE,Sweden,2005,7737,
TOTAL,Total,SE,Sweden,2006,7749,
TOTAL,Total,SE,Sweden,2007,7848,
TOTAL,Total,SE,Sweden,2008,7867,
TOTAL,Total,SE,Sweden,2009,7963,
TOTAL,Total,SE,Sweden,2010,7965,
TOTAL,Total,SE,Sweden,2011,8119,
TOTAL,Total,SE,Sweden,2012,8194,
TOTAL,Total,SE,Sweden,2013,8214,
TOTAL,Total,SE,Sweden,2014,8232,
TOTAL,Total,SE,Sweden,2015,8235,
TOTAL,Total,SE,Sweden,2016,8184,
TOTAL,Total,SE,Sweden,2017,8189,
TOTAL,Total,SE,Sweden,2018,8217,
TOTAL,Total,SE,Sweden,2019,8185,
TOTAL,Total,SE,Sweden,2020,8184,
TOTAL,Total,SE,Sweden,2021,8186,
TOTAL,Total,SE,Sweden,2022,8185,
TOTAL,Total,SE,Sweden,2023,8189,
TOTAL,Total,SE,Sweden,2024,8191,
TOTAL,Total,SI,Slovenia,1990,499,
TOTAL,Total,SI,Slovenia,1991,499,
TOTAL,Total,SI,Slovenia,1992,499,
TOTAL,Total,SI,Slovenia,1993,499,
TOTAL,Total,SI,Slovenia,1994,499,
TOTAL,Total,SI,Slovenia,1995,499,
TOTAL,Total,SI,Slovenia,1996,499,
TOTAL,Total,SI,Slovenia,1997,499,
TOTAL,Total,SI,Slovenia,1998,500,
TOTAL,Total,SI,Slovenia,1999,504,
TOTAL,Total,SI,Slovenia,2000,504,
TOTAL,Total,SI,Slovenia,2001,503.5,
TOTAL,Total,SI,Slovenia,2002,503.5,
TOTAL,Total,SI,Slovenia,2003,503.5,
TOTAL,Total,SI,Slovenia,2004,503.5,
TOTAL,Total,SI,Slovenia,2005,502.7,
TOTAL,Total,SI,Slovenia,2006,502.75,
TOTAL,Total,SI,Slovenia,2007,502.75,
TOTAL,Total,SI,Slovenia,2008,502.75,
TOTAL,Total,SI,Slovenia,2009,502.75,
TOTAL,Total,SI,Slovenia,2010,502.75,
TOTAL,Total,SI,Slovenia,2011,500.42,
TOTAL,Total,SI,Slovenia,2012,500,
TOTAL,Total,SI,Slovenia,2013,500,
TOTAL,Total,SI,Slovenia,2014,500,
TOTAL,Total,SI,Slovenia,2015,500,
TOTAL,Total,SI,Slovenia,2016,500,
TOTAL,Total,SI,Slovenia,2017,610,
TOTAL,Total,SI,Slovenia,2018,610,
TOTAL,Total,SI,Slovenia,2019,610,
TOTAL,Total,SI,Slovenia,2020,610,
TOTAL,Total,SI,Slovenia,2021,610,
TOTAL,Total,SI,Slovenia,2022,605,
TOTAL,Total,SI,Slovenia,2023,605,
TOTAL,Total,SI,Slovenia,2024,605,
TOTAL,Total,SK,Slovakia,1990,1330,
TOTAL,Total,SK,Slovakia,1991,1373,
TOTAL,Total,SK,Slovakia,1992,1373,
TOTAL,Total,SK,Slovakia,1993,1415,
TOTAL,Total,SK,Slovakia,1994,1430,
TOTAL,Total,SK,Slovakia,1995,1472,
TOTAL,Total,SK,Slovakia,1996,1516,
TOTAL,Total,SK,Slovakia,1997,1516,
TOTAL,Total,SK,Slovakia,1998,1535,
TOTAL,Total,SK,Slovakia,1999,1535,
TOTAL,Total,SK,Slovakia,2000,1536,
TOTAL,Total,SK,Slovakia,2001,1536,
TOTAL,Total,SK,Slovakia,2002,1556,
TOTAL,Total,SK,Slovakia,2003,1558,
TOTAL,Total,SK,Slovakia,2004,1556,
TOTAL,Total,SK,Slovakia,2005,1556,
TOTAL,Total,SK,Slovakia,2006,1557,
TOTAL,Total,SK,Slovakia,2007,1578,
TOTAL,Total,SK,Slovakia,2008,1577,
TOTAL,Total,SK,Slovakia,2009,1577,
TOTAL,Total,SK,Slovakia,2010,1578,
TOTAL,Total,SK,Slovakia,2011,1578,
TOTAL,Total,SK,Slovakia,2012,1586,
TOTAL,Total,SK,Slovakia,2013,1586,
TOTAL,Total,SK,Slovakia,2014,1586,
TOTAL,Total,SK,Slovakia,2015,1587,
TOTAL,Total,SK,Slovakia,2016,1587,
TOTAL,Total,SK,Slovakia,2017,1588,
TOTAL,Total,SK,Slovakia,2018,1587,
TOTAL,Total,SK,Slovakia,2019,1587,
TOTAL,Total,SK,Slovakia,2020,1585,
TOTAL,Total,SK,Slovakia,2021,1585,
TOTAL,Total,SK,Slovakia,2022,1585,
TOTAL,Total,SK,Slovakia,2023,1585,
TOTAL,Total,SK,Slovakia,2024,1582,
TOTAL,Total,TR,Türkiye,1990,603,
TOTAL,Total,TR,Türkiye,1991,667,
TOTAL,Total,TR,Türkiye,1992,905,
TOTAL,Total,TR,Türkiye,1993,905,
TOTAL,Total,TR,Türkiye,1994,1093,
TOTAL,Total,TR,Türkiye,1995,1093,
TOTAL,Total,TR,Türkiye,1996,1400,
TOTAL,Total,TR,Türkiye,1997,1706,
TOTAL,Total,TR,Türkiye,1998,1706,
TOTAL,Total,TR,Türkiye,1999,1763,
TOTAL,Total,TR,Türkiye,2000,1752,
TOTAL,Total,TR,Türkiye,2001,1752,
TOTAL,Total,TR,Türkiye,2002,1752,
TOTAL,Total,TR,Türkiye,2003,1752,
TOTAL,Total,TR,Türkiye,2004,1920,
TOTAL,Total,TR,Türkiye,2005,1920,
TOTAL,Total,TR,Türkiye,2006,1920,
TOTAL,Total,TR,Türkiye,2007,1920,
TOTAL,Total,TR,Türkiye,2008,1928,
TOTAL,Total,TR,Türkiye,2009,2313,
TOTAL,Total,TR,Türkiye,2010,2791,
TOTAL,Total,TR,Türkiye,2011,2789,
TOTAL,Total,TR,Türkiye,2012,2840,
TOTAL,Total,TR,Türkiye,2013,2922,
TOTAL,Total,TR,Türkiye,2014,3330,
TOTAL,Total,TR,Türkiye,2015,3423,
TOTAL,Total,TR,Türkiye,2016,3856,
TOTAL,Total,TR,Türkiye,2017,4165,
TOTAL,Total,TR,Türkiye,2018,4784,
TOTAL,Total,TR,Türkiye,2019,5070,
TOTAL,Total,TR,Türkiye,2020,5145,i
TOTAL,Total,TR,Türkiye,2021,5377,i
TOTAL,Total,TR,Türkiye,2022,5597,i
TOTAL,Total,TR,Türkiye,2023,6454,
TOTAL,Total,TR,Türkiye,2024,6570,
TOTAL,Total,UA,Ukraine,1990,8113.1,
TOTAL,Total,UA,Ukraine,1991,8331,
TOTAL,Total,UA,Ukraine,1992,8348,
TOTAL,Total,UA,Ukraine,1993,8348,
TOTAL,Total,UA,Ukraine,1994,8512,
TOTAL,Total,UA,Ukraine,1995,8550,
TOTAL,Total,UA,Ukraine,1996,8616,
TOTAL,Total,UA,Ukraine,1997,8774,
TOTAL,Total,UA,Ukraine,1998,8927,
TOTAL,Total,UA,Ukraine,1999,9104,
TOTAL,Total,UA,Ukraine,2000,9170,
TOTAL,Total,UA,Ukraine,2001,9265,
TOTAL,Total,UA,Ukraine,2012,10242,
TOTAL,Total,UA,Ukraine,2013,10238,
TOTAL,Total,UA,Ukraine,2014,9975,
TOTAL,Total,UA,Ukraine,2015,9974,
TOTAL,Total,UA,Ukraine,2016,9926,
TOTAL,Total,UA,Ukraine,2017,9335,
TOTAL,Total,UA,Ukraine,2018,9346,
TOTAL,Total,UA,Ukraine,2019,9333,
TOTAL,Total,UA,Ukraine,2020,9332,
TOTAL,Total,UA,Ukraine,2021,9331,
TOTAL,Total,UA,Ukraine,2022,9356,
TOTAL,Total,UA,Ukraine,2023,9392,
TOTAL,Total,UK,United Kingdom,1990,4729,
TOTAL,Total,UK,United Kingdom,1991,4899,
TOTAL,Total,UK,United Kingdom,1992,4910,
TOTAL,Total,UK,United Kingdom,1993,5098,
TOTAL,Total,UK,United Kingdom,1994,4889,
TOTAL,Total,UK,United Kingdom,1995,5163,
TOTAL,Total,UK,United Kingdom,1996,5176,
TOTAL,Total,UK,United Kingdom,1997,5166,
TOTAL,Total,UK,United Kingdom,1998,5166,
TOTAL,Total,UK,United Kingdom,1999,5166,
TOTAL,Total,UK,United Kingdom,2000,5167,
TOTAL,Total,UK,United Kingdom,2001,5167,p
TOTAL,Total,UK,United Kingdom,2002,5167,p
TOTAL,Total,UK,United Kingdom,2003,5167,p
TOTAL,Total,UK,United Kingdom,2004,5200,
TOTAL,Total,UK,United Kingdom,2005,5250,
TOTAL,Total,UK,United Kingdom,2006,5250,
TOTAL,Total,UK,United Kingdom,2007,5250,
TOTAL,Total,UK,United Kingdom,2008,5260,i
TOTAL,Total,UK,United Kingdom,2009,5262,i
TOTAL,Total,UK,United Kingdom,2010,5371,
TOTAL,Total,UK,United Kingdom,2011,5395,i
TOTAL,Total,UK,United Kingdom,2012,5374,
TOTAL,Total,UK,United Kingdom,2013,5377,
TOTAL,Total,UK,United Kingdom,2014,5381,
TOTAL,Total,UK,United Kingdom,2015,5440,
TOTAL,Total,UK,United Kingdom,2016,5483,
TOTAL,Total,UK,United Kingdom,2017,5875,
TOTAL,Total,UK,United Kingdom,2018,6119,
TOTAL,Total,UK,United Kingdom,2019,6158,
TOTAL,Total,UK,United Kingdom,2020,6154,
TOTAL,Total,UK,United Kingdom,2021,6151,
TOTAL,Total,UK,United Kingdom,2022,6174,
TOTAL,Total,UK,United Kingdom,2023,6239,
TOTAL,Total,UK,United Kingdom,2024,6309,
TOTAL,Total,XK,Kosovo*,2017,0,
TOTAL,Total,XK,Kosovo*,2018,0,
TOTAL,Total,XK,Kosovo*,2019,0,
TOTAL,Total,XK,Kosovo*,2020,0,
TOTAL,Total,XK,Kosovo*,2021,0,
TOTAL,Total,XK,Kosovo*,2022,0,
TOTAL,Total,XK,Kosovo*,2023,0,i
TOTAL,Total,XK,Kosovo*,2024,0,i
