vehicle,vehicle_label,mot_nrg,mot_nrg_label,geo,geo_label,period,value,flag
LOC,Locomotives,DIE,Diesel,AL,Albania,1993,74,
LOC,Locomotives,DIE,Diesel,AL,Albania,1994,77,
LOC,Locomotives,DIE,Diesel,AL,Albania,1995,77,
LOC,Locomotives,DIE,Diesel,AL,Albania,1996,72,
LOC,Locomotives,DIE,Diesel,AL,Albania,1997,70,
LOC,Locomotives,DIE,Diesel,AL,Albania,1998,68,
LOC,Locomotives,DIE,Diesel,AL,Albania,1999,68,
LOC,Locomotives,DIE,Diesel,AL,Albania,2000,68,
LOC,Locomotives,DIE,Diesel,AL,Albania,2001,68,
LOC,Locomotives,DIE,Diesel,AL,Albania,2002,58,
LOC,Locomotives,DIE,Diesel,AL,Albania,2013,52,
LOC,Locomotives,DIE,Diesel,AL,Albania,2014,52,
LOC,Locomotives,DIE,Diesel,AL,Albania,2015,38,
LOC,Locomotives,DIE,Diesel,AL,Albania,2016,38,
LOC,Locomotives,DIE,Diesel,AL,Albania,2017,38,
LOC,Locomotives,DIE,Diesel,AL,Albania,2018,34,
LOC,Locomotives,DIE,Diesel,AL,Albania,2019,34,
LOC,Locomotives,DIE,Diesel,AL,Albania,2020,21,
LOC,Locomotives,DIE,Diesel,AL,Albania,2021,21,
LOC,Locomotives,DIE,Diesel,AL,Albania,2022,18,
LOC,Locomotives,DIE,Diesel,AL,Albania,2023,18,
LOC,Locomotives,DIE,Diesel,AL,Albania,2024,18,
LOC,Locomotives,DIE,Diesel,AT,Austria,1990,489,
LOC,Locomotives,DIE,Diesel,AT,Austria,1991,498,
LOC,Locomotives,DIE,Diesel,AT,Austria,1992,507,
LOC,Locomotives,DIE,Diesel,AT,Austria,1993,492,
LOC,Locomotives,DIE,Diesel,AT,Austria,1994,548,
LOC,Locomotives,DIE,Diesel,AT,Austria,1995,539,
LOC,Locomotives,DIE,Diesel,AT,Austria,1996,532,
LOC,Locomotives,DIE,Diesel,AT,Austria,1997,530,
LOC,Locomotives,DIE,Diesel,AT,Austria,1998,525,
LOC,Locomotives,DIE,Diesel,AT,Austria,1999,450,
LOC,Locomotives,DIE,Diesel,AT,Austria,2000,490,
LOC,Locomotives,DIE,Diesel,AT,Austria,2001,493,
LOC,Locomotives,DIE,Diesel,AT,Austria,2002,430,
LOC,Locomotives,DIE,Diesel,AT,Austria,2007,510,
LOC,Locomotives,DIE,Diesel,AT,Austria,2010,520,
LOC,Locomotives,DIE,Diesel,AT,Austria,2011,514,
LOC,Locomotives,DIE,Diesel,AT,Austria,2012,542,
LOC,Locomotives,DIE,Diesel,AT,Austria,2013,464,
LOC,Locomotives,DIE,Diesel,AT,Austria,2014,464,
LOC,Locomotives,DIE,Diesel,AT,Austria,2015,432,
LOC,Locomotives,DIE,Diesel,AT,Austria,2016,413,
LOC,Locomotives,DIE,Diesel,AT,Austria,2017,390,
LOC,Locomotives,DIE,Diesel,AT,Austria,2018,362,
LOC,Locomotives,DIE,Diesel,AT,Austria,2019,368,
LOC,Locomotives,DIE,Diesel,AT,Austria,2020,356,
LOC,Locomotives,DIE,Diesel,AT,Austria,2021,350,
LOC,Locomotives,DIE,Diesel,AT,Austria,2022,328,
LOC,Locomotives,DIE,Diesel,AT,Austria,2023,325,
LOC,Locomotives,DIE,Diesel,AT,Austria,2024,328,
LOC,Locomotives,DIE,Diesel,BA,Bosnia and Herzegovina,1992,87,
LOC,Locomotives,DIE,Diesel,BA,Bosnia and Herzegovina,1999,104,
LOC,Locomotives,DIE,Diesel,BA,Bosnia and Herzegovina,2000,103,
LOC,Locomotives,DIE,Diesel,BA,Bosnia and Herzegovina,2001,103,
LOC,Locomotives,DIE,Diesel,BA,Bosnia and Herzegovina,2010,93,
LOC,Locomotives,DIE,Diesel,BA,Bosnia and Herzegovina,2011,93,
LOC,Locomotives,DIE,Diesel,BA,Bosnia and Herzegovina,2012,93,
LOC,Locomotives,DIE,Diesel,BA,Bosnia and Herzegovina,2013,93,
LOC,Locomotives,DIE,Diesel,BA,Bosnia and Herzegovina,2014,93,
LOC,Locomotives,DIE,Diesel,BA,Bosnia and Herzegovina,2015,93,
LOC,Locomotives,DIE,Diesel,BA,Bosnia and Herzegovina,2016,93,
LOC,Locomotives,DIE,Diesel,BA,Bosnia and Herzegovina,2017,93,
LOC,Locomotives,DIE,Diesel,BA,Bosnia and Herzegovina,2018,93,
LOC,Locomotives,DIE,Diesel,BA,Bosnia and Herzegovina,2019,93,
LOC,Locomotives,DIE,Diesel,BA,Bosnia and Herzegovina,2020,93,
LOC,Locomotives,DIE,Diesel,BA,Bosnia and Herzegovina,2021,93,
LOC,Locomotives,DIE,Diesel,BA,Bosnia and Herzegovina,2022,93,
LOC,Locomotives,DIE,Diesel,BA,Bosnia and Herzegovina,2023,93,
LOC,Locomotives,DIE,Diesel,BA,Bosnia and Herzegovina,2024,93,
LOC,Locomotives,DIE,Diesel,BE,Belgium,1990,659,
LOC,Locomotives,DIE,Diesel,BE,Belgium,1991,660,
LOC,Locomotives,DIE,Diesel,BE,Belgium,1992,653,
LOC,Locomotives,DIE,Diesel,BE,Belgium,1993,663,
LOC,Locomotives,DIE,Diesel,BE,Belgium,1994,587,
LOC,Locomotives,DIE,Diesel,BE,Belgium,1995,601,
LOC,Locomotives,DIE,Diesel,BE,Belgium,1996,591,
LOC,Locomotives,DIE,Diesel,BE,Belgium,1997,575,
LOC,Locomotives,DIE,Diesel,BE,Belgium,1998,571,
LOC,Locomotives,DIE,Diesel,BE,Belgium,1999,556,
LOC,Locomotives,DIE,Diesel,BE,Belgium,2000,565,
LOC,Locomotives,DIE,Diesel,BE,Belgium,2001,538,
LOC,Locomotives,DIE,Diesel,BE,Belgium,2002,487,
LOC,Locomotives,DIE,Diesel,BE,Belgium,2003,375,
LOC,Locomotives,DIE,Diesel,BE,Belgium,2004,385,
LOC,Locomotives,DIE,Diesel,BE,Belgium,2005,377,
LOC,Locomotives,DIE,Diesel,BE,Belgium,2006,347,
LOC,Locomotives,DIE,Diesel,BE,Belgium,2007,328,
LOC,Locomotives,DIE,Diesel,BE,Belgium,2008,274,
LOC,Locomotives,DIE,Diesel,BE,Belgium,2009,233,
LOC,Locomotives,DIE,Diesel,BE,Belgium,2021,330,i
LOC,Locomotives,DIE,Diesel,BE,Belgium,2023,330,
LOC,Locomotives,DIE,Diesel,BE,Belgium,2024,245,i
LOC,Locomotives,DIE,Diesel,BG,Bulgaria,1990,637,
LOC,Locomotives,DIE,Diesel,BG,Bulgaria,1991,612,
LOC,Locomotives,DIE,Diesel,BG,Bulgaria,1992,596,
LOC,Locomotives,DIE,Diesel,BG,Bulgaria,1993,592,
LOC,Locomotives,DIE,Diesel,BG,Bulgaria,1994,530,
LOC,Locomotives,DIE,Diesel,BG,Bulgaria,1995,530,
LOC,Locomotives,DIE,Diesel,BG,Bulgaria,1996,478,
LOC,Locomotives,DIE,Diesel,BG,Bulgaria,1997,450,
LOC,Locomotives,DIE,Diesel,BG,Bulgaria,1998,410,
LOC,Locomotives,DIE,Diesel,BG,Bulgaria,1999,410,
LOC,Locomotives,DIE,Diesel,BG,Bulgaria,2000,391,
LOC,Locomotives,DIE,Diesel,BG,Bulgaria,2001,383,
LOC,Locomotives,DIE,Diesel,BG,Bulgaria,2002,334,
LOC,Locomotives,DIE,Diesel,BG,Bulgaria,2003,334,
LOC,Locomotives,DIE,Diesel,BG,Bulgaria,2004,314,
LOC,Locomotives,DIE,Diesel,BG,Bulgaria,2008,291,
LOC,Locomotives,DIE,Diesel,BG,Bulgaria,2009,272,
LOC,Locomotives,DIE,Diesel,BG,Bulgaria,2010,235,
LOC,Locomotives,DIE,Diesel,BG,Bulgaria,2011,252,
LOC,Locomotives,DIE,Diesel,BG,Bulgaria,2012,200,
LOC,Locomotives,DIE,Diesel,BG,Bulgaria,2013,221,
LOC,Locomotives,DIE,Diesel,BG,Bulgaria,2021,117,i
LOC,Locomotives,DIE,Diesel,BG,Bulgaria,2023,117,i
LOC,Locomotives,DIE,Diesel,BG,Bulgaria,2024,117,i
LOC,Locomotives,DIE,Diesel,CH,Switzerland,1990,277,
LOC,Locomotives,DIE,Diesel,CH,Switzerland,1991,273,
LOC,Locomotives,DIE,Diesel,CH,Switzerland,1992,281,
LOC,Locomotives,DIE,Diesel,CH,Switzerland,1993,269,
LOC,Locomotives,DIE,Diesel,CH,Switzerland,1994,271,
LOC,Locomotives,DIE,Diesel,CH,Switzerland,1995,262,
LOC,Locomotives,DIE,Diesel,CH,Switzerland,1996,260,
LOC,Locomotives,DIE,Diesel,CH,Switzerland,2023,81,i
LOC,Locomotives,DIE,Diesel,CH,Switzerland,2024,81,i
LOC,Locomotives,DIE,Diesel,CZ,Czechia,1993,1943,
LOC,Locomotives,DIE,Diesel,CZ,Czechia,1994,1854,
LOC,Locomotives,DIE,Diesel,CZ,Czechia,1995,1855,
LOC,Locomotives,DIE,Diesel,CZ,Czechia,1996,1853,
LOC,Locomotives,DIE,Diesel,CZ,Czechia,1997,1866,
LOC,Locomotives,DIE,Diesel,CZ,Czechia,1998,1831,
LOC,Locomotives,DIE,Diesel,CZ,Czechia,1999,1780,
LOC,Locomotives,DIE,Diesel,CZ,Czechia,2000,1778,
LOC,Locomotives,DIE,Diesel,CZ,Czechia,2001,1636,
LOC,Locomotives,DIE,Diesel,CZ,Czechia,2002,1510,
LOC,Locomotives,DIE,Diesel,CZ,Czechia,2003,1512,
LOC,Locomotives,DIE,Diesel,CZ,Czechia,2004,1494,
LOC,Locomotives,DIE,Diesel,CZ,Czechia,2005,1390,
LOC,Locomotives,DIE,Diesel,CZ,Czechia,2006,1474,
LOC,Locomotives,DIE,Diesel,CZ,Czechia,2007,1416,
LOC,Locomotives,DIE,Diesel,CZ,Czechia,2008,1247,
LOC,Locomotives,DIE,Diesel,CZ,Czechia,2009,1162,
LOC,Locomotives,DIE,Diesel,CZ,Czechia,2010,1201,
LOC,Locomotives,DIE,Diesel,CZ,Czechia,2011,1185,
LOC,Locomotives,DIE,Diesel,CZ,Czechia,2012,1192,
LOC,Locomotives,DIE,Diesel,CZ,Czechia,2013,1126,
LOC,Locomotives,DIE,Diesel,CZ,Czechia,2014,1109,
LOC,Locomotives,DIE,Diesel,CZ,Czechia,2015,1110,
LOC,Locomotives,DIE,Diesel,CZ,Czechia,2016,1156,
LOC,Locomotives,DIE,Diesel,CZ,Czechia,2017,1132,
LOC,Locomotives,DIE,Diesel,CZ,Czechia,2018,1120,
LOC,Locomotives,DIE,Diesel,CZ,Czechia,2019,1082,
LOC,Locomotives,DIE,Diesel,CZ,Czechia,2020,1088,
LOC,Locomotives,DIE,Diesel,CZ,Czechia,2021,1145,
LOC,Locomotives,DIE,Diesel,CZ,Czechia,2022,1165,
LOC,Locomotives,DIE,Diesel,CZ,Czechia,2023,1084,
LOC,Locomotives,DIE,Diesel,CZ,Czechia,2024,1028,
LOC,Locomotives,DIE,Diesel,DE,Germany,1990,3417,
LOC,Locomotives,DIE,Diesel,DE,Germany,1991,7516,
LOC,Locomotives,DIE,Diesel,DE,Germany,1992,7278,
LOC,Locomotives,DIE,Diesel,DE,Germany,1993,6666,
LOC,Locomotives,DIE,Diesel,DE,Germany,1994,6310,
LOC,Locomotives,DIE,Diesel,DE,Germany,1995,5356,
LOC,Locomotives,DIE,Diesel,DE,Germany,1996,5108,
LOC,Locomotives,DIE,Diesel,DE,Germany,1997,4820,
LOC,Locomotives,DIE,Diesel,DE,Germany,1998,4071,
LOC,Locomotives,DIE,Diesel,DE,Germany,1999,3722,
LOC,Locomotives,DIE,Diesel,DE,Germany,2000,3393,
LOC,Locomotives,DIE,Diesel,DE,Germany,2001,2597,
LOC,Locomotives,DIE,Diesel,DE,Germany,2002,2698,
LOC,Locomotives,DIE,Diesel,DE,Germany,2015,1013,
LOC,Locomotives,DIE,Diesel,DE,Germany,2020,2258,b
LOC,Locomotives,DIE,Diesel,DK,Denmark,1990,366,i
LOC,Locomotives,DIE,Diesel,DK,Denmark,1991,353,i
LOC,Locomotives,DIE,Diesel,DK,Denmark,1992,345,i
LOC,Locomotives,DIE,Diesel,DK,Denmark,1993,316,i
LOC,Locomotives,DIE,Diesel,DK,Denmark,1994,311,i
LOC,Locomotives,DIE,Diesel,DK,Denmark,1995,293,i
LOC,Locomotives,DIE,Diesel,DK,Denmark,1996,279,i
LOC,Locomotives,DIE,Diesel,DK,Denmark,1997,243,i
LOC,Locomotives,DIE,Diesel,DK,Denmark,1998,221,i
LOC,Locomotives,DIE,Diesel,DK,Denmark,1999,217,i
LOC,Locomotives,DIE,Diesel,DK,Denmark,2000,193,i
LOC,Locomotives,DIE,Diesel,DK,Denmark,2001,153,i
LOC,Locomotives,DIE,Diesel,DK,Denmark,2002,147,i
LOC,Locomotives,DIE,Diesel,DK,Denmark,2003,157,i
LOC,Locomotives,DIE,Diesel,DK,Denmark,2004,150,i
LOC,Locomotives,DIE,Diesel,DK,Denmark,2005,148,i
LOC,Locomotives,DIE,Diesel,DK,Denmark,2006,108,i
LOC,Locomotives,DIE,Diesel,DK,Denmark,2007,106,i
LOC,Locomotives,DIE,Diesel,DK,Denmark,2008,100,
LOC,Locomotives,DIE,Diesel,DK,Denmark,2009,97,
LOC,Locomotives,DIE,Diesel,DK,Denmark,2010,95,
LOC,Locomotives,DIE,Diesel,DK,Denmark,2011,97,
LOC,Locomotives,DIE,Diesel,DK,Denmark,2012,94,
LOC,Locomotives,DIE,Diesel,DK,Denmark,2013,89,
LOC,Locomotives,DIE,Diesel,DK,Denmark,2014,93,
LOC,Locomotives,DIE,Diesel,DK,Denmark,2015,89,
LOC,Locomotives,DIE,Diesel,DK,Denmark,2016,90,
LOC,Locomotives,DIE,Diesel,DK,Denmark,2017,90,
LOC,Locomotives,DIE,Diesel,DK,Denmark,2018,90,
LOC,Locomotives,DIE,Diesel,DK,Denmark,2019,86,
LOC,Locomotives,DIE,Diesel,DK,Denmark,2020,76,
LOC,Locomotives,DIE,Diesel,DK,Denmark,2021,48,
LOC,Locomotives,DIE,Diesel,DK,Denmark,2022,47,
LOC,Locomotives,DIE,Diesel,DK,Denmark,2023,50,
LOC,Locomotives,DIE,Diesel,DK,Denmark,2024,49,
LOC,Locomotives,DIE,Diesel,EE,Estonia,1992,119,
LOC,Locomotives,DIE,Diesel,EE,Estonia,1993,120,
LOC,Locomotives,DIE,Diesel,EE,Estonia,1994,120,
LOC,Locomotives,DIE,Diesel,EE,Estonia,1995,116,
LOC,Locomotives,DIE,Diesel,EE,Estonia,1996,116,
LOC,Locomotives,DIE,Diesel,EE,Estonia,1997,114,
LOC,Locomotives,DIE,Diesel,EE,Estonia,1998,111,
LOC,Locomotives,DIE,Diesel,EE,Estonia,1999,117,
LOC,Locomotives,DIE,Diesel,EE,Estonia,2000,115,
LOC,Locomotives,DIE,Diesel,EE,Estonia,2001,117,
LOC,Locomotives,DIE,Diesel,EE,Estonia,2002,171,
LOC,Locomotives,DIE,Diesel,EE,Estonia,2003,178,
LOC,Locomotives,DIE,Diesel,EE,Estonia,2004,273,
LOC,Locomotives,DIE,Diesel,EE,Estonia,2005,265,
LOC,Locomotives,DIE,Diesel,EE,Estonia,2006,265,
LOC,Locomotives,DIE,Diesel,EE,Estonia,2007,313,
LOC,Locomotives,DIE,Diesel,EE,Estonia,2008,309,
LOC,Locomotives,DIE,Diesel,EE,Estonia,2009,306,
LOC,Locomotives,DIE,Diesel,EE,Estonia,2010,318,
LOC,Locomotives,DIE,Diesel,EE,Estonia,2011,303,
LOC,Locomotives,DIE,Diesel,EE,Estonia,2012,291,
LOC,Locomotives,DIE,Diesel,EE,Estonia,2013,293,
LOC,Locomotives,DIE,Diesel,EE,Estonia,2014,297,
LOC,Locomotives,DIE,Diesel,EE,Estonia,2015,287,
LOC,Locomotives,DIE,Diesel,EE,Estonia,2016,287,
LOC,Locomotives,DIE,Diesel,EE,Estonia,2017,281,
LOC,Locomotives,DIE,Diesel,EE,Estonia,2018,276,
LOC,Locomotives,DIE,Diesel,EE,Estonia,2019,200,
LOC,Locomotives,DIE,Diesel,EE,Estonia,2020,187,
LOC,Locomotives,DIE,Diesel,EE,Estonia,2021,172,
LOC,Locomotives,DIE,Diesel,EE,Estonia,2022,173,
LOC,Locomotives,DIE,Diesel,EE,Estonia,2023,173,
LOC,Locomotives,DIE,Diesel,EE,Estonia,2024,137,
LOC,Locomotives,DIE,Diesel,EL,Greece,1990,233,
LOC,Locomotives,DIE,Diesel,EL,Greece,1991,233,
LOC,Locomotives,DIE,Diesel,EL,Greece,1992,234,
LOC,Locomotives,DIE,Diesel,EL,Greece,1993,234,
LOC,Locomotives,DIE,Diesel,EL,Greece,1994,234,
LOC,Locomotives,DIE,Diesel,EL,Greece,1995,234,
LOC,Locomotives,DIE,Diesel,EL,Greece,1996,234,
LOC,Locomotives,DIE,Diesel,EL,Greece,1998,260,
LOC,Locomotives,DIE,Diesel,EL,Greece,1999,152,
LOC,Locomotives,DIE,Diesel,EL,Greece,2000,146,
LOC,Locomotives,DIE,Diesel,EL,Greece,2001,145,
LOC,Locomotives,DIE,Diesel,EL,Greece,2002,144,
LOC,Locomotives,DIE,Diesel,EL,Greece,2003,142,
LOC,Locomotives,DIE,Diesel,EL,Greece,2004,151,
LOC,Locomotives,DIE,Diesel,EL,Greece,2005,150,
LOC,Locomotives,DIE,Diesel,EL,Greece,2006,144,
LOC,Locomotives,DIE,Diesel,EL,Greece,2007,143,
LOC,Locomotives,DIE,Diesel,EL,Greece,2008,143,
LOC,Locomotives,DIE,Diesel,EL,Greece,2009,143,
LOC,Locomotives,DIE,Diesel,EL,Greece,2010,143,
LOC,Locomotives,DIE,Diesel,EL,Greece,2011,143,
LOC,Locomotives,DIE,Diesel,EL,Greece,2012,143,
LOC,Locomotives,DIE,Diesel,EL,Greece,2013,142,
LOC,Locomotives,DIE,Diesel,EL,Greece,2014,96,
LOC,Locomotives,DIE,Diesel,EL,Greece,2015,96,
LOC,Locomotives,DIE,Diesel,EL,Greece,2016,96,
LOC,Locomotives,DIE,Diesel,EL,Greece,2017,96,
LOC,Locomotives,DIE,Diesel,EL,Greece,2018,54,
LOC,Locomotives,DIE,Diesel,EL,Greece,2019,56,
LOC,Locomotives,DIE,Diesel,EL,Greece,2020,56,
LOC,Locomotives,DIE,Diesel,EL,Greece,2021,56,
LOC,Locomotives,DIE,Diesel,EL,Greece,2022,54,
LOC,Locomotives,DIE,Diesel,EL,Greece,2023,54,
LOC,Locomotives,DIE,Diesel,EL,Greece,2024,52,
LOC,Locomotives,DIE,Diesel,ES,Spain,1990,694,
LOC,Locomotives,DIE,Diesel,ES,Spain,1991,638,
LOC,Locomotives,DIE,Diesel,ES,Spain,1992,622,
LOC,Locomotives,DIE,Diesel,ES,Spain,1993,580,
LOC,Locomotives,DIE,Diesel,ES,Spain,1994,580,
LOC,Locomotives,DIE,Diesel,ES,Spain,1995,580,
LOC,Locomotives,DIE,Diesel,ES,Spain,1996,498,
LOC,Locomotives,DIE,Diesel,ES,Spain,1997,500,
LOC,Locomotives,DIE,Diesel,ES,Spain,1998,483,
LOC,Locomotives,DIE,Diesel,ES,Spain,1999,479,
LOC,Locomotives,DIE,Diesel,ES,Spain,2000,459,
LOC,Locomotives,DIE,Diesel,ES,Spain,2001,445,
LOC,Locomotives,DIE,Diesel,ES,Spain,2002,426,
LOC,Locomotives,DIE,Diesel,ES,Spain,2004,410,
LOC,Locomotives,DIE,Diesel,ES,Spain,2005,377,
LOC,Locomotives,DIE,Diesel,ES,Spain,2006,342,
LOC,Locomotives,DIE,Diesel,ES,Spain,2007,356,
LOC,Locomotives,DIE,Diesel,ES,Spain,2008,342,
LOC,Locomotives,DIE,Diesel,ES,Spain,2009,313,
LOC,Locomotives,DIE,Diesel,ES,Spain,2016,163,
LOC,Locomotives,DIE,Diesel,ES,Spain,2017,207,
LOC,Locomotives,DIE,Diesel,ES,Spain,2018,228,
LOC,Locomotives,DIE,Diesel,ES,Spain,2019,223,
LOC,Locomotives,DIE,Diesel,ES,Spain,2020,220,
LOC,Locomotives,DIE,Diesel,ES,Spain,2021,239,
LOC,Locomotives,DIE,Diesel,ES,Spain,2022,235,
LOC,Locomotives,DIE,Diesel,ES,Spain,2023,227,
LOC,Locomotives,DIE,Diesel,ES,Spain,2024,233,
LOC,Locomotives,DIE,Diesel,FI,Finland,1990,594,
LOC,Locomotives,DIE,Diesel,FI,Finland,1991,600,
LOC,Locomotives,DIE,Diesel,FI,Finland,1992,579,
LOC,Locomotives,DIE,Diesel,FI,Finland,1993,577,
LOC,Locomotives,DIE,Diesel,FI,Finland,1994,573,
LOC,Locomotives,DIE,Diesel,FI,Finland,1995,563,
LOC,Locomotives,DIE,Diesel,FI,Finland,1996,553,
LOC,Locomotives,DIE,Diesel,FI,Finland,1997,549,
LOC,Locomotives,DIE,Diesel,FI,Finland,1998,530,
LOC,Locomotives,DIE,Diesel,FI,Finland,1999,528,
LOC,Locomotives,DIE,Diesel,FI,Finland,2000,511,
LOC,Locomotives,DIE,Diesel,FI,Finland,2001,490,
LOC,Locomotives,DIE,Diesel,FI,Finland,2002,481,
LOC,Locomotives,DIE,Diesel,FI,Finland,2003,474,
LOC,Locomotives,DIE,Diesel,FI,Finland,2004,475,
LOC,Locomotives,DIE,Diesel,FI,Finland,2005,389,
LOC,Locomotives,DIE,Diesel,FI,Finland,2006,378,
LOC,Locomotives,DIE,Diesel,FI,Finland,2007,374,
LOC,Locomotives,DIE,Diesel,FI,Finland,2008,342,
LOC,Locomotives,DIE,Diesel,FI,Finland,2009,224,
LOC,Locomotives,DIE,Diesel,FI,Finland,2010,224,
LOC,Locomotives,DIE,Diesel,FI,Finland,2011,223,
LOC,Locomotives,DIE,Diesel,FI,Finland,2012,224,
LOC,Locomotives,DIE,Diesel,FI,Finland,2013,221,
LOC,Locomotives,DIE,Diesel,FI,Finland,2014,216,
LOC,Locomotives,DIE,Diesel,FI,Finland,2015,213,
LOC,Locomotives,DIE,Diesel,FI,Finland,2016,216,
LOC,Locomotives,DIE,Diesel,FI,Finland,2017,218,
LOC,Locomotives,DIE,Diesel,FI,Finland,2018,217,
LOC,Locomotives,DIE,Diesel,FI,Finland,2023,229,i
LOC,Locomotives,DIE,Diesel,FI,Finland,2024,241,i
LOC,Locomotives,DIE,Diesel,FR,France,1990,3356,
LOC,Locomotives,DIE,Diesel,FR,France,1991,3360,
LOC,Locomotives,DIE,Diesel,FR,France,1992,3354,
LOC,Locomotives,DIE,Diesel,FR,France,1993,3140,
LOC,Locomotives,DIE,Diesel,FR,France,1994,3082,
LOC,Locomotives,DIE,Diesel,FR,France,1995,3085,
LOC,Locomotives,DIE,Diesel,FR,France,1996,3027,
LOC,Locomotives,DIE,Diesel,FR,France,1997,3006,
LOC,Locomotives,DIE,Diesel,FR,France,1998,2999,
LOC,Locomotives,DIE,Diesel,FR,France,1999,2982,
LOC,Locomotives,DIE,Diesel,FR,France,2000,2974,
LOC,Locomotives,DIE,Diesel,FR,France,2001,2965,
LOC,Locomotives,DIE,Diesel,FR,France,2002,2958,
LOC,Locomotives,DIE,Diesel,FR,France,2003,2863,
LOC,Locomotives,DIE,Diesel,FR,France,2004,2790,
LOC,Locomotives,DIE,Diesel,FR,France,2005,2640,
LOC,Locomotives,DIE,Diesel,FR,France,2006,2333,
LOC,Locomotives,DIE,Diesel,FR,France,2007,2448,
LOC,Locomotives,DIE,Diesel,FR,France,2008,2587,
LOC,Locomotives,DIE,Diesel,FR,France,2009,2710,
LOC,Locomotives,DIE,Diesel,FR,France,2010,2811,
LOC,Locomotives,DIE,Diesel,FR,France,2011,2893,
LOC,Locomotives,DIE,Diesel,FR,France,2012,2976,
LOC,Locomotives,DIE,Diesel,FR,France,2013,3050,
LOC,Locomotives,DIE,Diesel,FR,France,2014,3019,
LOC,Locomotives,DIE,Diesel,FR,France,2015,3026,
LOC,Locomotives,DIE,Diesel,FR,France,2016,3041,
LOC,Locomotives,DIE,Diesel,FR,France,2017,2998,
LOC,Locomotives,DIE,Diesel,FR,France,2018,3088,
LOC,Locomotives,DIE,Diesel,FR,France,2019,3028,
LOC,Locomotives,DIE,Diesel,FR,France,2020,2706,
LOC,Locomotives,DIE,Diesel,FR,France,2021,1942,
LOC,Locomotives,DIE,Diesel,FR,France,2022,1797,
LOC,Locomotives,DIE,Diesel,FR,France,2023,1782,
LOC,Locomotives,DIE,Diesel,FR,France,2024,1757,
LOC,Locomotives,DIE,Diesel,GE,Georgia,1995,201,
LOC,Locomotives,DIE,Diesel,GE,Georgia,1996,168,
LOC,Locomotives,DIE,Diesel,GE,Georgia,1997,183,
LOC,Locomotives,DIE,Diesel,GE,Georgia,1998,177,
LOC,Locomotives,DIE,Diesel,GE,Georgia,1999,175,
LOC,Locomotives,DIE,Diesel,GE,Georgia,2018,82,
LOC,Locomotives,DIE,Diesel,GE,Georgia,2019,81,
LOC,Locomotives,DIE,Diesel,GE,Georgia,2020,78,
LOC,Locomotives,DIE,Diesel,GE,Georgia,2021,78,
LOC,Locomotives,DIE,Diesel,GE,Georgia,2022,78,
LOC,Locomotives,DIE,Diesel,GE,Georgia,2023,78,
LOC,Locomotives,DIE,Diesel,GE,Georgia,2024,78,
LOC,Locomotives,DIE,Diesel,HR,Croatia,1990,306,
LOC,Locomotives,DIE,Diesel,HR,Croatia,1991,312,
LOC,Locomotives,DIE,Diesel,HR,Croatia,1992,311,
LOC,Locomotives,DIE,Diesel,HR,Croatia,1993,315,
LOC,Locomotives,DIE,Diesel,HR,Croatia,1994,315,
LOC,Locomotives,DIE,Diesel,HR,Croatia,1995,294,
LOC,Locomotives,DIE,Diesel,HR,Croatia,1996,288,
LOC,Locomotives,DIE,Diesel,HR,Croatia,1997,288,
LOC,Locomotives,DIE,Diesel,HR,Croatia,1998,288,
LOC,Locomotives,DIE,Diesel,HR,Croatia,1999,251,
LOC,Locomotives,DIE,Diesel,HR,Croatia,2000,251,
LOC,Locomotives,DIE,Diesel,HR,Croatia,2001,196,
LOC,Locomotives,DIE,Diesel,HR,Croatia,2002,191,
LOC,Locomotives,DIE,Diesel,HR,Croatia,2003,191,
LOC,Locomotives,DIE,Diesel,HR,Croatia,2004,180,
LOC,Locomotives,DIE,Diesel,HR,Croatia,2005,171,
LOC,Locomotives,DIE,Diesel,HR,Croatia,2006,168,
LOC,Locomotives,DIE,Diesel,HR,Croatia,2007,148,
LOC,Locomotives,DIE,Diesel,HR,Croatia,2008,151,
LOC,Locomotives,DIE,Diesel,HR,Croatia,2009,155,
LOC,Locomotives,DIE,Diesel,HR,Croatia,2010,152,
LOC,Locomotives,DIE,Diesel,HR,Croatia,2011,143,
LOC,Locomotives,DIE,Diesel,HR,Croatia,2012,159,
LOC,Locomotives,DIE,Diesel,HR,Croatia,2013,159,
LOC,Locomotives,DIE,Diesel,HR,Croatia,2014,159,
LOC,Locomotives,DIE,Diesel,HR,Croatia,2015,156,
LOC,Locomotives,DIE,Diesel,HR,Croatia,2016,161,
LOC,Locomotives,DIE,Diesel,HR,Croatia,2017,161,
LOC,Locomotives,DIE,Diesel,HR,Croatia,2018,165,
LOC,Locomotives,DIE,Diesel,HR,Croatia,2019,162,
LOC,Locomotives,DIE,Diesel,HR,Croatia,2020,165,
LOC,Locomotives,DIE,Diesel,HR,Croatia,2021,127,
LOC,Locomotives,DIE,Diesel,HR,Croatia,2022,120,
LOC,Locomotives,DIE,Diesel,HR,Croatia,2023,120,
LOC,Locomotives,DIE,Diesel,HR,Croatia,2024,121,
LOC,Locomotives,DIE,Diesel,HU,Hungary,1990,1087,
LOC,Locomotives,DIE,Diesel,HU,Hungary,1991,1027,
LOC,Locomotives,DIE,Diesel,HU,Hungary,1992,1013,
LOC,Locomotives,DIE,Diesel,HU,Hungary,1993,973,
LOC,Locomotives,DIE,Diesel,HU,Hungary,1994,913,
LOC,Locomotives,DIE,Diesel,HU,Hungary,1995,833,
LOC,Locomotives,DIE,Diesel,HU,Hungary,1996,843,
LOC,Locomotives,DIE,Diesel,HU,Hungary,1997,769,
LOC,Locomotives,DIE,Diesel,HU,Hungary,1998,708,
LOC,Locomotives,DIE,Diesel,HU,Hungary,1999,665,
LOC,Locomotives,DIE,Diesel,HU,Hungary,2000,613,
LOC,Locomotives,DIE,Diesel,HU,Hungary,2001,607,
LOC,Locomotives,DIE,Diesel,HU,Hungary,2002,560,
LOC,Locomotives,DIE,Diesel,HU,Hungary,2003,561,
LOC,Locomotives,DIE,Diesel,HU,Hungary,2004,538,
LOC,Locomotives,DIE,Diesel,HU,Hungary,2005,536,
LOC,Locomotives,DIE,Diesel,HU,Hungary,2008,523,
LOC,Locomotives,DIE,Diesel,HU,Hungary,2009,555,
LOC,Locomotives,DIE,Diesel,HU,Hungary,2010,546,
LOC,Locomotives,DIE,Diesel,HU,Hungary,2011,629,
LOC,Locomotives,DIE,Diesel,HU,Hungary,2012,595,
LOC,Locomotives,DIE,Diesel,HU,Hungary,2013,562,
LOC,Locomotives,DIE,Diesel,HU,Hungary,2014,571,
LOC,Locomotives,DIE,Diesel,HU,Hungary,2015,556,
LOC,Locomotives,DIE,Diesel,HU,Hungary,2016,573,
LOC,Locomotives,DIE,Diesel,HU,Hungary,2017,564,
LOC,Locomotives,DIE,Diesel,HU,Hungary,2018,538,
LOC,Locomotives,DIE,Diesel,HU,Hungary,2019,572,
LOC,Locomotives,DIE,Diesel,HU,Hungary,2020,570,
LOC,Locomotives,DIE,Diesel,HU,Hungary,2021,575,
LOC,Locomotives,DIE,Diesel,HU,Hungary,2022,555,
LOC,Locomotives,DIE,Diesel,HU,Hungary,2023,541,
LOC,Locomotives,DIE,Diesel,HU,Hungary,2024,526,
LOC,Locomotives,DIE,Diesel,IE,Ireland,1990,116,
LOC,Locomotives,DIE,Diesel,IE,Ireland,1991,116,
LOC,Locomotives,DIE,Diesel,IE,Ireland,1992,126,
LOC,Locomotives,DIE,Diesel,IE,Ireland,1993,112,
LOC,Locomotives,DIE,Diesel,IE,Ireland,1994,112,
LOC,Locomotives,DIE,Diesel,IE,Ireland,1995,114,
LOC,Locomotives,DIE,Diesel,IE,Ireland,1996,114,
LOC,Locomotives,DIE,Diesel,IE,Ireland,1997,113,
LOC,Locomotives,DIE,Diesel,IE,Ireland,1998,110,
LOC,Locomotives,DIE,Diesel,IE,Ireland,1999,110,
LOC,Locomotives,DIE,Diesel,IE,Ireland,2000,107,
LOC,Locomotives,DIE,Diesel,IE,Ireland,2001,107,
LOC,Locomotives,DIE,Diesel,IT,Italy,1995,1167,
LOC,Locomotives,DIE,Diesel,IT,Italy,1996,1168,
LOC,Locomotives,DIE,Diesel,IT,Italy,1997,1167,
LOC,Locomotives,DIE,Diesel,IT,Italy,1998,1165,
LOC,Locomotives,DIE,Diesel,IT,Italy,1999,1165,
LOC,Locomotives,DIE,Diesel,IT,Italy,2000,1164,
LOC,Locomotives,DIE,Diesel,IT,Italy,2002,1519,
LOC,Locomotives,DIE,Diesel,IT,Italy,2003,1446,
LOC,Locomotives,DIE,Diesel,IT,Italy,2004,1453,
LOC,Locomotives,DIE,Diesel,IT,Italy,2005,1443,
LOC,Locomotives,DIE,Diesel,IT,Italy,2006,1424,
LOC,Locomotives,DIE,Diesel,IT,Italy,2007,1389,
LOC,Locomotives,DIE,Diesel,IT,Italy,2008,1341,
LOC,Locomotives,DIE,Diesel,IT,Italy,2009,1159,
LOC,Locomotives,DIE,Diesel,IT,Italy,2010,1070,
LOC,Locomotives,DIE,Diesel,IT,Italy,2011,882,
LOC,Locomotives,DIE,Diesel,IT,Italy,2012,813,
LOC,Locomotives,DIE,Diesel,IT,Italy,2013,976,
LOC,Locomotives,DIE,Diesel,IT,Italy,2014,921,
LOC,Locomotives,DIE,Diesel,IT,Italy,2015,1042,
LOC,Locomotives,DIE,Diesel,IT,Italy,2016,978,
LOC,Locomotives,DIE,Diesel,IT,Italy,2017,723,
LOC,Locomotives,DIE,Diesel,IT,Italy,2018,548,
LOC,Locomotives,DIE,Diesel,IT,Italy,2019,661,
LOC,Locomotives,DIE,Diesel,IT,Italy,2020,654,
LOC,Locomotives,DIE,Diesel,IT,Italy,2021,509,i
LOC,Locomotives,DIE,Diesel,IT,Italy,2022,392,i
LOC,Locomotives,DIE,Diesel,IT,Italy,2024,339,i
LOC,Locomotives,DIE,Diesel,LT,Lithuania,1992,259,
LOC,Locomotives,DIE,Diesel,LT,Lithuania,1993,271,
LOC,Locomotives,DIE,Diesel,LT,Lithuania,1994,303,
LOC,Locomotives,DIE,Diesel,LT,Lithuania,1995,295,
LOC,Locomotives,DIE,Diesel,LT,Lithuania,1996,288,
LOC,Locomotives,DIE,Diesel,LT,Lithuania,1997,282,
LOC,Locomotives,DIE,Diesel,LT,Lithuania,1998,282,
LOC,Locomotives,DIE,Diesel,LT,Lithuania,1999,270,
LOC,Locomotives,DIE,Diesel,LT,Lithuania,2000,267,
LOC,Locomotives,DIE,Diesel,LT,Lithuania,2001,254,
LOC,Locomotives,DIE,Diesel,LT,Lithuania,2002,245,
LOC,Locomotives,DIE,Diesel,LT,Lithuania,2003,245,
LOC,Locomotives,DIE,Diesel,LT,Lithuania,2004,242,
LOC,Locomotives,DIE,Diesel,LT,Lithuania,2005,240,
LOC,Locomotives,DIE,Diesel,LT,Lithuania,2006,243,
LOC,Locomotives,DIE,Diesel,LT,Lithuania,2007,243,
LOC,Locomotives,DIE,Diesel,LT,Lithuania,2008,256,
LOC,Locomotives,DIE,Diesel,LT,Lithuania,2009,263,
LOC,Locomotives,DIE,Diesel,LT,Lithuania,2010,267,
LOC,Locomotives,DIE,Diesel,LT,Lithuania,2011,261,
LOC,Locomotives,DIE,Diesel,LT,Lithuania,2012,249,
LOC,Locomotives,DIE,Diesel,LT,Lithuania,2013,267,
LOC,Locomotives,DIE,Diesel,LT,Lithuania,2014,239,
LOC,Locomotives,DIE,Diesel,LT,Lithuania,2015,229,
LOC,Locomotives,DIE,Diesel,LT,Lithuania,2016,230,
LOC,Locomotives,DIE,Diesel,LT,Lithuania,2017,216,
LOC,Locomotives,DIE,Diesel,LT,Lithuania,2018,216,
LOC,Locomotives,DIE,Diesel,LT,Lithuania,2019,211,
LOC,Locomotives,DIE,Diesel,LT,Lithuania,2020,214,
LOC,Locomotives,DIE,Diesel,LT,Lithuania,2021,218,
LOC,Locomotives,DIE,Diesel,LT,Lithuania,2022,206,
LOC,Locomotives,DIE,Diesel,LT,Lithuania,2023,189,
LOC,Locomotives,DIE,Diesel,LT,Lithuania,2024,183,
LOC,Locomotives,DIE,Diesel,LU,Luxembourg,1990,61,
LOC,Locomotives,DIE,Diesel,LU,Luxembourg,1991,61,
LOC,Locomotives,DIE,Diesel,LU,Luxembourg,1992,61,
LOC,Locomotives,DIE,Diesel,LU,Luxembourg,2006,51,
LOC,Locomotives,DIE,Diesel,LU,Luxembourg,2007,27,
LOC,Locomotives,DIE,Diesel,LU,Luxembourg,2008,26,
LOC,Locomotives,DIE,Diesel,LU,Luxembourg,2009,26,
LOC,Locomotives,DIE,Diesel,LU,Luxembourg,2010,14,
LOC,Locomotives,DIE,Diesel,LU,Luxembourg,2011,11,
LOC,Locomotives,DIE,Diesel,LU,Luxembourg,2012,59,
LOC,Locomotives,DIE,Diesel,LU,Luxembourg,2013,53,
LOC,Locomotives,DIE,Diesel,LU,Luxembourg,2014,50,
LOC,Locomotives,DIE,Diesel,LU,Luxembourg,2015,35,
LOC,Locomotives,DIE,Diesel,LU,Luxembourg,2016,34,
LOC,Locomotives,DIE,Diesel,LU,Luxembourg,2017,35,
LOC,Locomotives,DIE,Diesel,LU,Luxembourg,2018,33,
LOC,Locomotives,DIE,Diesel,LU,Luxembourg,2019,33,
LOC,Locomotives,DIE,Diesel,LU,Luxembourg,2020,36,
LOC,Locomotives,DIE,Diesel,LU,Luxembourg,2021,33,
LOC,Locomotives,DIE,Diesel,LU,Luxembourg,2022,29,
LOC,Locomotives,DIE,Diesel,LU,Luxembourg,2023,29,
LOC,Locomotives,DIE,Diesel,LU,Luxembourg,2024,29,
LOC,Locomotives,DIE,Diesel,LV,Latvia,1990,372,
LOC,Locomotives,DIE,Diesel,LV,Latvia,1992,355,
LOC,Locomotives,DIE,Diesel,LV,Latvia,1993,338,
LOC,Locomotives,DIE,Diesel,LV,Latvia,1994,310,
LOC,Locomotives,DIE,Diesel,LV,Latvia,1995,302,
LOC,Locomotives,DIE,Diesel,LV,Latvia,1996,295,
LOC,Locomotives,DIE,Diesel,LV,Latvia,1997,286,
LOC,Locomotives,DIE,Diesel,LV,Latvia,1998,273,
LOC,Locomotives,DIE,Diesel,LV,Latvia,1999,261,
LOC,Locomotives,DIE,Diesel,LV,Latvia,2000,239,
LOC,Locomotives,DIE,Diesel,LV,Latvia,2001,226,
LOC,Locomotives,DIE,Diesel,LV,Latvia,2002,223,
LOC,Locomotives,DIE,Diesel,LV,Latvia,2003,223,
LOC,Locomotives,DIE,Diesel,LV,Latvia,2004,213,
LOC,Locomotives,DIE,Diesel,LV,Latvia,2005,201,
LOC,Locomotives,DIE,Diesel,LV,Latvia,2006,197,
LOC,Locomotives,DIE,Diesel,LV,Latvia,2007,197,
LOC,Locomotives,DIE,Diesel,LV,Latvia,2008,197,
LOC,Locomotives,DIE,Diesel,LV,Latvia,2009,263,
LOC,Locomotives,DIE,Diesel,LV,Latvia,2010,251,
LOC,Locomotives,DIE,Diesel,LV,Latvia,2011,254,
LOC,Locomotives,DIE,Diesel,LV,Latvia,2012,250,
LOC,Locomotives,DIE,Diesel,LV,Latvia,2013,257,
LOC,Locomotives,DIE,Diesel,LV,Latvia,2014,254,
LOC,Locomotives,DIE,Diesel,LV,Latvia,2015,255,
LOC,Locomotives,DIE,Diesel,LV,Latvia,2016,259,
LOC,Locomotives,DIE,Diesel,LV,Latvia,2017,247,
LOC,Locomotives,DIE,Diesel,LV,Latvia,2018,221,
LOC,Locomotives,DIE,Diesel,LV,Latvia,2019,221,
LOC,Locomotives,DIE,Diesel,LV,Latvia,2020,201,
LOC,Locomotives,DIE,Diesel,LV,Latvia,2021,176,
LOC,Locomotives,DIE,Diesel,LV,Latvia,2022,158,
LOC,Locomotives,DIE,Diesel,LV,Latvia,2023,147,
LOC,Locomotives,DIE,Diesel,LV,Latvia,2024,143,
LOC,Locomotives,DIE,Diesel,MD,Moldova,1992,284,
LOC,Locomotives,DIE,Diesel,MD,Moldova,1993,276,
LOC,Locomotives,DIE,Diesel,MD,Moldova,1994,272,
LOC,Locomotives,DIE,Diesel,MD,Moldova,1995,249,
LOC,Locomotives,DIE,Diesel,MD,Moldova,1996,223,
LOC,Locomotives,DIE,Diesel,MD,Moldova,1997,199,
LOC,Locomotives,DIE,Diesel,MD,Moldova,1998,191,
LOC,Locomotives,DIE,Diesel,MD,Moldova,1999,177,
LOC,Locomotives,DIE,Diesel,MD,Moldova,2000,162,
LOC,Locomotives,DIE,Diesel,MD,Moldova,2001,162,
LOC,Locomotives,DIE,Diesel,MD,Moldova,2002,160,
LOC,Locomotives,DIE,Diesel,MD,Moldova,2004,156,
LOC,Locomotives,DIE,Diesel,MD,Moldova,2009,152,
LOC,Locomotives,DIE,Diesel,MD,Moldova,2010,152,
LOC,Locomotives,DIE,Diesel,MD,Moldova,2011,150,
LOC,Locomotives,DIE,Diesel,MD,Moldova,2012,139,
LOC,Locomotives,DIE,Diesel,MD,Moldova,2013,138,
LOC,Locomotives,DIE,Diesel,MD,Moldova,2014,138,
LOC,Locomotives,DIE,Diesel,MD,Moldova,2015,138,
LOC,Locomotives,DIE,Diesel,MD,Moldova,2016,138,
LOC,Locomotives,DIE,Diesel,MD,Moldova,2017,134,
LOC,Locomotives,DIE,Diesel,MD,Moldova,2018,134,
LOC,Locomotives,DIE,Diesel,MD,Moldova,2019,134,
LOC,Locomotives,DIE,Diesel,MD,Moldova,2020,146,
LOC,Locomotives,DIE,Diesel,MD,Moldova,2021,146,
LOC,Locomotives,DIE,Diesel,MD,Moldova,2022,146,
LOC,Locomotives,DIE,Diesel,MD,Moldova,2023,144,
LOC,Locomotives,DIE,Diesel,MD,Moldova,2024,144,
LOC,Locomotives,DIE,Diesel,ME,Montenegro,2016,15,
LOC,Locomotives,DIE,Diesel,ME,Montenegro,2017,15,
LOC,Locomotives,DIE,Diesel,ME,Montenegro,2018,12,
LOC,Locomotives,DIE,Diesel,ME,Montenegro,2019,14,
LOC,Locomotives,DIE,Diesel,ME,Montenegro,2023,10,
LOC,Locomotives,DIE,Diesel,ME,Montenegro,2024,10,
LOC,Locomotives,DIE,Diesel,MK,North Macedonia,1990,54,
LOC,Locomotives,DIE,Diesel,MK,North Macedonia,1991,54,
LOC,Locomotives,DIE,Diesel,MK,North Macedonia,1992,54,
LOC,Locomotives,DIE,Diesel,MK,North Macedonia,1993,54,
LOC,Locomotives,DIE,Diesel,MK,North Macedonia,1994,54,
LOC,Locomotives,DIE,Diesel,MK,North Macedonia,1995,54,
LOC,Locomotives,DIE,Diesel,MK,North Macedonia,1996,54,
LOC,Locomotives,DIE,Diesel,MK,North Macedonia,1997,68,
LOC,Locomotives,DIE,Diesel,MK,North Macedonia,1998,68,
LOC,Locomotives,DIE,Diesel,MK,North Macedonia,1999,68,
LOC,Locomotives,DIE,Diesel,MK,North Macedonia,2000,68,
LOC,Locomotives,DIE,Diesel,MK,North Macedonia,2001,41,
LOC,Locomotives,DIE,Diesel,MK,North Macedonia,2002,41,
LOC,Locomotives,DIE,Diesel,MK,North Macedonia,2005,40,
LOC,Locomotives,DIE,Diesel,MK,North Macedonia,2006,40,
LOC,Locomotives,DIE,Diesel,MK,North Macedonia,2007,40,
LOC,Locomotives,DIE,Diesel,MK,North Macedonia,2008,40,
LOC,Locomotives,DIE,Diesel,MK,North Macedonia,2009,37,
LOC,Locomotives,DIE,Diesel,MK,North Macedonia,2010,39,
LOC,Locomotives,DIE,Diesel,MK,North Macedonia,2011,37,
LOC,Locomotives,DIE,Diesel,MK,North Macedonia,2012,27,
LOC,Locomotives,DIE,Diesel,MK,North Macedonia,2013,27,
LOC,Locomotives,DIE,Diesel,MK,North Macedonia,2014,27,
LOC,Locomotives,DIE,Diesel,MK,North Macedonia,2015,27,
LOC,Locomotives,DIE,Diesel,MK,North Macedonia,2016,26,
LOC,Locomotives,DIE,Diesel,MK,North Macedonia,2017,26,
LOC,Locomotives,DIE,Diesel,MK,North Macedonia,2018,26,
LOC,Locomotives,DIE,Diesel,MK,North Macedonia,2019,26,
LOC,Locomotives,DIE,Diesel,MK,North Macedonia,2020,26,
LOC,Locomotives,DIE,Diesel,MK,North Macedonia,2021,27,
LOC,Locomotives,DIE,Diesel,MK,North Macedonia,2022,27,
LOC,Locomotives,DIE,Diesel,MK,North Macedonia,2023,27,
LOC,Locomotives,DIE,Diesel,MK,North Macedonia,2024,26,
LOC,Locomotives,DIE,Diesel,NL,Netherlands,1990,376,
LOC,Locomotives,DIE,Diesel,NL,Netherlands,1991,345,
LOC,Locomotives,DIE,Diesel,NL,Netherlands,1992,339,
LOC,Locomotives,DIE,Diesel,NL,Netherlands,1993,342,
LOC,Locomotives,DIE,Diesel,NL,Netherlands,2004,177,
LOC,Locomotives,DIE,Diesel,NL,Netherlands,2005,249,
LOC,Locomotives,DIE,Diesel,NL,Netherlands,2023,126,i
LOC,Locomotives,DIE,Diesel,NL,Netherlands,2024,127,i
LOC,Locomotives,DIE,Diesel,NO,Norway,1990,177,
LOC,Locomotives,DIE,Diesel,NO,Norway,1991,177,
LOC,Locomotives,DIE,Diesel,NO,Norway,1992,177,
LOC,Locomotives,DIE,Diesel,NO,Norway,1993,159,
LOC,Locomotives,DIE,Diesel,NO,Norway,1994,131,
LOC,Locomotives,DIE,Diesel,NO,Norway,1995,120,
LOC,Locomotives,DIE,Diesel,NO,Norway,1996,100,
LOC,Locomotives,DIE,Diesel,NO,Norway,1997,104,
LOC,Locomotives,DIE,Diesel,NO,Norway,1998,105,
LOC,Locomotives,DIE,Diesel,NO,Norway,1999,93,
LOC,Locomotives,DIE,Diesel,NO,Norway,2000,82,
LOC,Locomotives,DIE,Diesel,NO,Norway,2001,82,
LOC,Locomotives,DIE,Diesel,NO,Norway,2023,41,i
LOC,Locomotives,DIE,Diesel,NO,Norway,2024,42,i
LOC,Locomotives,DIE,Diesel,PL,Poland,1990,2268,
LOC,Locomotives,DIE,Diesel,PL,Poland,1991,1899,
LOC,Locomotives,DIE,Diesel,PL,Poland,1992,1586,
LOC,Locomotives,DIE,Diesel,PL,Poland,1993,1547,
LOC,Locomotives,DIE,Diesel,PL,Poland,1994,3837,
LOC,Locomotives,DIE,Diesel,PL,Poland,1995,3754,
LOC,Locomotives,DIE,Diesel,PL,Poland,1996,3639,
LOC,Locomotives,DIE,Diesel,PL,Poland,1997,3603,
LOC,Locomotives,DIE,Diesel,PL,Poland,1998,2548,
LOC,Locomotives,DIE,Diesel,PL,Poland,1999,2275,
LOC,Locomotives,DIE,Diesel,PL,Poland,2000,2212,
LOC,Locomotives,DIE,Diesel,PL,Poland,2001,2237,
LOC,Locomotives,DIE,Diesel,PL,Poland,2002,2342,
LOC,Locomotives,DIE,Diesel,PL,Poland,2003,2433,
LOC,Locomotives,DIE,Diesel,PL,Poland,2004,2554,
LOC,Locomotives,DIE,Diesel,PL,Poland,2005,2520,
LOC,Locomotives,DIE,Diesel,PL,Poland,2006,2456,
LOC,Locomotives,DIE,Diesel,PL,Poland,2007,2580,
LOC,Locomotives,DIE,Diesel,PL,Poland,2008,2602,
LOC,Locomotives,DIE,Diesel,PL,Poland,2009,2531,
LOC,Locomotives,DIE,Diesel,PL,Poland,2010,2358,
LOC,Locomotives,DIE,Diesel,PL,Poland,2011,2301,
LOC,Locomotives,DIE,Diesel,PL,Poland,2012,2264,
LOC,Locomotives,DIE,Diesel,PL,Poland,2013,2194,
LOC,Locomotives,DIE,Diesel,PL,Poland,2014,2220,
LOC,Locomotives,DIE,Diesel,PL,Poland,2015,2217,
LOC,Locomotives,DIE,Diesel,PL,Poland,2016,2190,
LOC,Locomotives,DIE,Diesel,PL,Poland,2017,2091,
LOC,Locomotives,DIE,Diesel,PL,Poland,2018,2149,
LOC,Locomotives,DIE,Diesel,PL,Poland,2019,2098,
LOC,Locomotives,DIE,Diesel,PL,Poland,2020,1941,
LOC,Locomotives,DIE,Diesel,PL,Poland,2021,1739,
LOC,Locomotives,DIE,Diesel,PL,Poland,2022,1616,
LOC,Locomotives,DIE,Diesel,PL,Poland,2023,1698,
LOC,Locomotives,DIE,Diesel,PL,Poland,2024,1666,
LOC,Locomotives,DIE,Diesel,PT,Portugal,1990,266,
LOC,Locomotives,DIE,Diesel,PT,Portugal,1991,270,
LOC,Locomotives,DIE,Diesel,PT,Portugal,1992,207,
LOC,Locomotives,DIE,Diesel,PT,Portugal,1993,207,
LOC,Locomotives,DIE,Diesel,PT,Portugal,1994,198,
LOC,Locomotives,DIE,Diesel,PT,Portugal,1995,194,
LOC,Locomotives,DIE,Diesel,PT,Portugal,1996,190,
LOC,Locomotives,DIE,Diesel,PT,Portugal,1997,178,
LOC,Locomotives,DIE,Diesel,PT,Portugal,1998,169,
LOC,Locomotives,DIE,Diesel,PT,Portugal,1999,168,
LOC,Locomotives,DIE,Diesel,PT,Portugal,2000,149,
LOC,Locomotives,DIE,Diesel,PT,Portugal,2001,142,
LOC,Locomotives,DIE,Diesel,PT,Portugal,2002,121,
LOC,Locomotives,DIE,Diesel,PT,Portugal,2006,80,
LOC,Locomotives,DIE,Diesel,PT,Portugal,2007,82,
LOC,Locomotives,DIE,Diesel,PT,Portugal,2008,82,
LOC,Locomotives,DIE,Diesel,PT,Portugal,2014,82,
LOC,Locomotives,DIE,Diesel,PT,Portugal,2015,52,
LOC,Locomotives,DIE,Diesel,PT,Portugal,2016,52,
LOC,Locomotives,DIE,Diesel,PT,Portugal,2017,60,
LOC,Locomotives,DIE,Diesel,PT,Portugal,2018,62,
LOC,Locomotives,DIE,Diesel,PT,Portugal,2019,66,
LOC,Locomotives,DIE,Diesel,PT,Portugal,2020,70,
LOC,Locomotives,DIE,Diesel,PT,Portugal,2021,75,
LOC,Locomotives,DIE,Diesel,PT,Portugal,2022,63,
LOC,Locomotives,DIE,Diesel,PT,Portugal,2023,65,
LOC,Locomotives,DIE,Diesel,PT,Portugal,2024,64,
LOC,Locomotives,DIE,Diesel,RO,Romania,1990,2290,
LOC,Locomotives,DIE,Diesel,RO,Romania,1991,2354,
LOC,Locomotives,DIE,Diesel,RO,Romania,1992,2345,
LOC,Locomotives,DIE,Diesel,RO,Romania,1993,2337,
LOC,Locomotives,DIE,Diesel,RO,Romania,1994,2337,
LOC,Locomotives,DIE,Diesel,RO,Romania,1995,2298,
LOC,Locomotives,DIE,Diesel,RO,Romania,1996,2297,
LOC,Locomotives,DIE,Diesel,RO,Romania,1997,2296,
LOC,Locomotives,DIE,Diesel,RO,Romania,1998,2259,
LOC,Locomotives,DIE,Diesel,RO,Romania,1999,2241,
LOC,Locomotives,DIE,Diesel,RO,Romania,2000,2257,
LOC,Locomotives,DIE,Diesel,RO,Romania,2001,2213,
LOC,Locomotives,DIE,Diesel,RO,Romania,2002,2173,
LOC,Locomotives,DIE,Diesel,RO,Romania,2004,1252,
LOC,Locomotives,DIE,Diesel,RO,Romania,2005,1249,
LOC,Locomotives,DIE,Diesel,RO,Romania,2006,1190,
LOC,Locomotives,DIE,Diesel,RO,Romania,2007,1194,
LOC,Locomotives,DIE,Diesel,RO,Romania,2008,1083,
LOC,Locomotives,DIE,Diesel,RO,Romania,2009,1052,
LOC,Locomotives,DIE,Diesel,RO,Romania,2010,1047,
LOC,Locomotives,DIE,Diesel,RO,Romania,2011,1040,
LOC,Locomotives,DIE,Diesel,RO,Romania,2012,1014,
LOC,Locomotives,DIE,Diesel,RO,Romania,2013,1116,
LOC,Locomotives,DIE,Diesel,RO,Romania,2014,1104,
LOC,Locomotives,DIE,Diesel,RO,Romania,2015,1122,
LOC,Locomotives,DIE,Diesel,RO,Romania,2016,1052,
LOC,Locomotives,DIE,Diesel,RO,Romania,2017,1052,
LOC,Locomotives,DIE,Diesel,RO,Romania,2018,1048,
LOC,Locomotives,DIE,Diesel,RO,Romania,2019,1363,b
LOC,Locomotives,DIE,Diesel,RO,Romania,2020,1337,
LOC,Locomotives,DIE,Diesel,RO,Romania,2021,1266,
LOC,Locomotives,DIE,Diesel,RO,Romania,2022,1274,
LOC,Locomotives,DIE,Diesel,RO,Romania,2023,1273,
LOC,Locomotives,DIE,Diesel,RO,Romania,2024,1300,
LOC,Locomotives,DIE,Diesel,RS,Serbia,2006,194,
LOC,Locomotives,DIE,Diesel,RS,Serbia,2007,187,
LOC,Locomotives,DIE,Diesel,RS,Serbia,2008,187,
LOC,Locomotives,DIE,Diesel,RS,Serbia,2009,187,
LOC,Locomotives,DIE,Diesel,RS,Serbia,2010,187,
LOC,Locomotives,DIE,Diesel,RS,Serbia,2011,193,
LOC,Locomotives,DIE,Diesel,RS,Serbia,2013,193,
LOC,Locomotives,DIE,Diesel,RS,Serbia,2014,191,
LOC,Locomotives,DIE,Diesel,RS,Serbia,2015,171,
LOC,Locomotives,DIE,Diesel,RS,Serbia,2016,170,
LOC,Locomotives,DIE,Diesel,RS,Serbia,2017,112,
LOC,Locomotives,DIE,Diesel,RS,Serbia,2019,87,
LOC,Locomotives,DIE,Diesel,RS,Serbia,2020,118,
LOC,Locomotives,DIE,Diesel,RS,Serbia,2021,120,
LOC,Locomotives,DIE,Diesel,RS,Serbia,2022,110,
LOC,Locomotives,DIE,Diesel,RS,Serbia,2023,110,
LOC,Locomotives,DIE,Diesel,RS,Serbia,2024,114,
LOC,Locomotives,DIE,Diesel,SE,Sweden,1990,236,
LOC,Locomotives,DIE,Diesel,SE,Sweden,1991,207,
LOC,Locomotives,DIE,Diesel,SE,Sweden,1992,199,
LOC,Locomotives,DIE,Diesel,SE,Sweden,1993,168,
LOC,Locomotives,DIE,Diesel,SE,Sweden,1994,189,
LOC,Locomotives,DIE,Diesel,SE,Sweden,1995,202,
LOC,Locomotives,DIE,Diesel,SE,Sweden,1996,210,
LOC,Locomotives,DIE,Diesel,SE,Sweden,1997,189,
LOC,Locomotives,DIE,Diesel,SE,Sweden,1998,211,
LOC,Locomotives,DIE,Diesel,SE,Sweden,1999,210,
LOC,Locomotives,DIE,Diesel,SE,Sweden,2000,201,
LOC,Locomotives,DIE,Diesel,SE,Sweden,2001,202,
LOC,Locomotives,DIE,Diesel,SE,Sweden,2002,193,
LOC,Locomotives,DIE,Diesel,SE,Sweden,2003,188,
LOC,Locomotives,DIE,Diesel,SE,Sweden,2004,196,
LOC,Locomotives,DIE,Diesel,SE,Sweden,2005,207,
LOC,Locomotives,DIE,Diesel,SE,Sweden,2006,214,
LOC,Locomotives,DIE,Diesel,SE,Sweden,2007,213,
LOC,Locomotives,DIE,Diesel,SE,Sweden,2008,222,
LOC,Locomotives,DIE,Diesel,SE,Sweden,2009,218,
LOC,Locomotives,DIE,Diesel,SE,Sweden,2010,219,
LOC,Locomotives,DIE,Diesel,SE,Sweden,2011,221,
LOC,Locomotives,DIE,Diesel,SE,Sweden,2012,219,
LOC,Locomotives,DIE,Diesel,SE,Sweden,2013,211,
LOC,Locomotives,DIE,Diesel,SE,Sweden,2014,207,
LOC,Locomotives,DIE,Diesel,SE,Sweden,2015,187,
LOC,Locomotives,DIE,Diesel,SE,Sweden,2016,194,
LOC,Locomotives,DIE,Diesel,SE,Sweden,2017,191,
LOC,Locomotives,DIE,Diesel,SE,Sweden,2018,211,
LOC,Locomotives,DIE,Diesel,SE,Sweden,2019,185,
LOC,Locomotives,DIE,Diesel,SE,Sweden,2020,181,
LOC,Locomotives,DIE,Diesel,SE,Sweden,2021,179,
LOC,Locomotives,DIE,Diesel,SE,Sweden,2022,176,
LOC,Locomotives,DIE,Diesel,SE,Sweden,2023,204,
LOC,Locomotives,DIE,Diesel,SE,Sweden,2024,207,
LOC,Locomotives,DIE,Diesel,SI,Slovenia,1990,134,
LOC,Locomotives,DIE,Diesel,SI,Slovenia,1991,129,
LOC,Locomotives,DIE,Diesel,SI,Slovenia,1992,129,
LOC,Locomotives,DIE,Diesel,SI,Slovenia,1993,123,
LOC,Locomotives,DIE,Diesel,SI,Slovenia,1994,123,
LOC,Locomotives,DIE,Diesel,SI,Slovenia,1995,114,
LOC,Locomotives,DIE,Diesel,SI,Slovenia,1996,110,
LOC,Locomotives,DIE,Diesel,SI,Slovenia,1997,110,
LOC,Locomotives,DIE,Diesel,SI,Slovenia,1998,110,
LOC,Locomotives,DIE,Diesel,SI,Slovenia,1999,94,
LOC,Locomotives,DIE,Diesel,SI,Slovenia,2000,94,
LOC,Locomotives,DIE,Diesel,SI,Slovenia,2001,92,
LOC,Locomotives,DIE,Diesel,SI,Slovenia,2002,92,
LOC,Locomotives,DIE,Diesel,SI,Slovenia,2003,83,
LOC,Locomotives,DIE,Diesel,SI,Slovenia,2004,83,
LOC,Locomotives,DIE,Diesel,SI,Slovenia,2005,78,
LOC,Locomotives,DIE,Diesel,SI,Slovenia,2006,78,
LOC,Locomotives,DIE,Diesel,SI,Slovenia,2007,76,
LOC,Locomotives,DIE,Diesel,SI,Slovenia,2008,76,
LOC,Locomotives,DIE,Diesel,SI,Slovenia,2009,74,
LOC,Locomotives,DIE,Diesel,SI,Slovenia,2010,74,
LOC,Locomotives,DIE,Diesel,SI,Slovenia,2011,74,
LOC,Locomotives,DIE,Diesel,SI,Slovenia,2012,74,
LOC,Locomotives,DIE,Diesel,SI,Slovenia,2013,74,
LOC,Locomotives,DIE,Diesel,SI,Slovenia,2014,74,
LOC,Locomotives,DIE,Diesel,SI,Slovenia,2015,74,
LOC,Locomotives,DIE,Diesel,SI,Slovenia,2016,74,
LOC,Locomotives,DIE,Diesel,SI,Slovenia,2017,73,
LOC,Locomotives,DIE,Diesel,SI,Slovenia,2018,73,
LOC,Locomotives,DIE,Diesel,SI,Slovenia,2019,62,
LOC,Locomotives,DIE,Diesel,SI,Slovenia,2020,67,
LOC,Locomotives,DIE,Diesel,SI,Slovenia,2021,69,
LOC,Locomotives,DIE,Diesel,SI,Slovenia,2022,73,
LOC,Locomotives,DIE,Diesel,SI,Slovenia,2023,75,
LOC,Locomotives,DIE,Diesel,SI,Slovenia,2024,75,
LOC,Locomotives,DIE,Diesel,SK,Slovakia,1992,823,
LOC,Locomotives,DIE,Diesel,SK,Slovakia,1993,819,
LOC,Locomotives,DIE,Diesel,SK,Slovakia,1994,792,
LOC,Locomotives,DIE,Diesel,SK,Slovakia,1995,748,
LOC,Locomotives,DIE,Diesel,SK,Slovakia,1996,729,
LOC,Locomotives,DIE,Diesel,SK,Slovakia,1997,727,
LOC,Locomotives,DIE,Diesel,SK,Slovakia,1998,693,
LOC,Locomotives,DIE,Diesel,SK,Slovakia,1999,684,
LOC,Locomotives,DIE,Diesel,SK,Slovakia,2000,653,
LOC,Locomotives,DIE,Diesel,SK,Slovakia,2001,630,
LOC,Locomotives,DIE,Diesel,SK,Slovakia,2002,593,
LOC,Locomotives,DIE,Diesel,SK,Slovakia,2003,588,
LOC,Locomotives,DIE,Diesel,SK,Slovakia,2004,555,
LOC,Locomotives,DIE,Diesel,SK,Slovakia,2005,619,
LOC,Locomotives,DIE,Diesel,SK,Slovakia,2006,627,
LOC,Locomotives,DIE,Diesel,SK,Slovakia,2007,569,
LOC,Locomotives,DIE,Diesel,SK,Slovakia,2008,528,
LOC,Locomotives,DIE,Diesel,SK,Slovakia,2009,512,
LOC,Locomotives,DIE,Diesel,SK,Slovakia,2010,489,
LOC,Locomotives,DIE,Diesel,SK,Slovakia,2011,499,
LOC,Locomotives,DIE,Diesel,SK,Slovakia,2012,488,
LOC,Locomotives,DIE,Diesel,SK,Slovakia,2013,497,
LOC,Locomotives,DIE,Diesel,SK,Slovakia,2014,494,
LOC,Locomotives,DIE,Diesel,SK,Slovakia,2015,468,
LOC,Locomotives,DIE,Diesel,SK,Slovakia,2016,455,
LOC,Locomotives,DIE,Diesel,SK,Slovakia,2017,418,
LOC,Locomotives,DIE,Diesel,SK,Slovakia,2018,408,
LOC,Locomotives,DIE,Diesel,SK,Slovakia,2019,431,
LOC,Locomotives,DIE,Diesel,SK,Slovakia,2020,439,
LOC,Locomotives,DIE,Diesel,SK,Slovakia,2021,417,
LOC,Locomotives,DIE,Diesel,SK,Slovakia,2022,421,
LOC,Locomotives,DIE,Diesel,SK,Slovakia,2023,421,
LOC,Locomotives,DIE,Diesel,SK,Slovakia,2024,423,
LOC,Locomotives,DIE,Diesel,TR,Türkiye,1990,678,
LOC,Locomotives,DIE,Diesel,TR,Türkiye,1992,653,
LOC,Locomotives,DIE,Diesel,TR,Türkiye,1993,647,
LOC,Locomotives,DIE,Diesel,TR,Türkiye,1994,642,
LOC,Locomotives,DIE,Diesel,TR,Türkiye,1995,626,
LOC,Locomotives,DIE,Diesel,TR,Türkiye,1996,605,
LOC,Locomotives,DIE,Diesel,TR,Türkiye,1997,603,
LOC,Locomotives,DIE,Diesel,TR,Türkiye,1998,586,
LOC,Locomotives,DIE,Diesel,TR,Türkiye,1999,568,
LOC,Locomotives,DIE,Diesel,TR,Türkiye,2000,572,
LOC,Locomotives,DIE,Diesel,TR,Türkiye,2001,568,
LOC,Locomotives,DIE,Diesel,TR,Türkiye,2002,555,
LOC,Locomotives,DIE,Diesel,TR,Türkiye,2003,544,
LOC,Locomotives,DIE,Diesel,TR,Türkiye,2004,525,
LOC,Locomotives,DIE,Diesel,TR,Türkiye,2005,529,
LOC,Locomotives,DIE,Diesel,TR,Türkiye,2006,535,
LOC,Locomotives,DIE,Diesel,TR,Türkiye,2007,530,
LOC,Locomotives,DIE,Diesel,TR,Türkiye,2008,549,
LOC,Locomotives,DIE,Diesel,TR,Türkiye,2009,550,
LOC,Locomotives,DIE,Diesel,TR,Türkiye,2010,544,
LOC,Locomotives,DIE,Diesel,TR,Türkiye,2011,542,
LOC,Locomotives,DIE,Diesel,TR,Türkiye,2012,542,
LOC,Locomotives,DIE,Diesel,TR,Türkiye,2013,537,
LOC,Locomotives,DIE,Diesel,TR,Türkiye,2014,540,
LOC,Locomotives,DIE,Diesel,TR,Türkiye,2015,547,
LOC,Locomotives,DIE,Diesel,TR,Türkiye,2016,543,
LOC,Locomotives,DIE,Diesel,TR,Türkiye,2017,543,
LOC,Locomotives,DIE,Diesel,TR,Türkiye,2018,539,
LOC,Locomotives,DIE,Diesel,TR,Türkiye,2019,549,
LOC,Locomotives,DIE,Diesel,TR,Türkiye,2020,565,
LOC,Locomotives,DIE,Diesel,TR,Türkiye,2023,539,
LOC,Locomotives,DIE,Diesel,TR,Türkiye,2024,539,
LOC,Locomotives,DIE,Diesel,UA,Ukraine,1992,4514,
LOC,Locomotives,DIE,Diesel,UA,Ukraine,1993,4439,
LOC,Locomotives,DIE,Diesel,UA,Ukraine,1994,4280,
LOC,Locomotives,DIE,Diesel,UA,Ukraine,1995,4058,
LOC,Locomotives,DIE,Diesel,UA,Ukraine,1996,3739,
LOC,Locomotives,DIE,Diesel,UA,Ukraine,1997,3181,
LOC,Locomotives,DIE,Diesel,UA,Ukraine,1998,3020,
LOC,Locomotives,DIE,Diesel,UA,Ukraine,1999,2848,
LOC,Locomotives,DIE,Diesel,UA,Ukraine,2000,2782,
LOC,Locomotives,DIE,Diesel,UA,Ukraine,2001,2698,
LOC,Locomotives,DIE,Diesel,UA,Ukraine,2012,2424,
LOC,Locomotives,DIE,Diesel,UA,Ukraine,2013,2320,
LOC,Locomotives,DIE,Diesel,UA,Ukraine,2014,2152,
LOC,Locomotives,DIE,Diesel,UA,Ukraine,2015,2151,
LOC,Locomotives,DIE,Diesel,UA,Ukraine,2016,2151,
LOC,Locomotives,DIE,Diesel,UA,Ukraine,2017,1924,
LOC,Locomotives,DIE,Diesel,UA,Ukraine,2018,1944,
LOC,Locomotives,DIE,Diesel,UA,Ukraine,2019,1986,
LOC,Locomotives,DIE,Diesel,UA,Ukraine,2020,1982,
LOC,Locomotives,DIE,Diesel,UA,Ukraine,2021,1970,
LOC,Locomotives,DIE,Diesel,UA,Ukraine,2022,1971,
LOC,Locomotives,DIE,Diesel,UA,Ukraine,2023,1959,
LOC,Locomotives,DIE,Diesel,UK,United Kingdom,1990,1964,
LOC,Locomotives,DIE,Diesel,UK,United Kingdom,1991,1839,
LOC,Locomotives,DIE,Diesel,UK,United Kingdom,1992,1766,
LOC,Locomotives,DIE,Diesel,UK,United Kingdom,1993,1635,
LOC,Locomotives,DIE,Diesel,UK,United Kingdom,1994,1629,
LOC,Locomotives,DIE,Diesel,XK,Kosovo*,2017,9,
LOC,Locomotives,DIE,Diesel,XK,Kosovo*,2018,9,
LOC,Locomotives,DIE,Diesel,XK,Kosovo*,2019,9,
LOC,Locomotives,DIE,Diesel,XK,Kosovo*,2020,9,
LOC,Locomotives,DIE,Diesel,XK,Kosovo*,2021,9,
LOC,Locomotives,ELC,Electricity,AL,Albania,1993,0,
LOC,Locomotives,ELC,Electricity,AL,Albania,1994,0,
LOC,Locomotives,ELC,Electricity,AL,Albania,1995,0,
LOC,Locomotives,ELC,Electricity,AL,Albania,1996,0,
LOC,Locomotives,ELC,Electricity,AL,Albania,1997,0,
LOC,Locomotives,ELC,Electricity,AL,Albania,1998,0,
LOC,Locomotives,ELC,Electricity,AL,Albania,1999,0,
LOC,Locomotives,ELC,Electricity,AL,Albania,2000,0,
LOC,Locomotives,ELC,Electricity,AL,Albania,2001,0,
LOC,Locomotives,ELC,Electricity,AL,Albania,2002,0,
LOC,Locomotives,ELC,Electricity,AL,Albania,2013,0,
LOC,Locomotives,ELC,Electricity,AL,Albania,2014,0,
LOC,Locomotives,ELC,Electricity,AL,Albania,2015,0,
LOC,Locomotives,ELC,Electricity,AL,Albania,2016,0,
LOC,Locomotives,ELC,Electricity,AL,Albania,2017,0,
LOC,Locomotives,ELC,Electricity,AL,Albania,2018,0,
LOC,Locomotives,ELC,Electricity,AL,Albania,2019,0,
LOC,Locomotives,ELC,Electricity,AL,Albania,2020,0,
LOC,Locomotives,ELC,Electricity,AL,Albania,2021,0,
LOC,Locomotives,ELC,Electricity,AL,Albania,2022,0,
LOC,Locomotives,ELC,Electricity,AL,Albania,2023,0,
LOC,Locomotives,ELC,Electricity,AL,Albania,2024,0,
LOC,Locomotives,ELC,Electricity,AT,Austria,1990,725,
LOC,Locomotives,ELC,Electricity,AT,Austria,1991,745,
LOC,Locomotives,ELC,Electricity,AT,Austria,1992,751,
LOC,Locomotives,ELC,Electricity,AT,Austria,1993,737,
LOC,Locomotives,ELC,Electricity,AT,Austria,1994,776,
LOC,Locomotives,ELC,Electricity,AT,Austria,1995,760,
LOC,Locomotives,ELC,Electricity,AT,Austria,1996,759,
LOC,Locomotives,ELC,Electricity,AT,Austria,1997,758,
LOC,Locomotives,ELC,Electricity,AT,Austria,2000,767,
LOC,Locomotives,ELC,Electricity,AT,Austria,2001,773,
LOC,Locomotives,ELC,Electricity,AT,Austria,2002,751,
LOC,Locomotives,ELC,Electricity,AT,Austria,2007,914,
LOC,Locomotives,ELC,Electricity,AT,Austria,2010,898,
LOC,Locomotives,ELC,Electricity,AT,Austria,2011,898,
LOC,Locomotives,ELC,Electricity,AT,Austria,2012,919,
LOC,Locomotives,ELC,Electricity,AT,Austria,2013,888,
LOC,Locomotives,ELC,Electricity,AT,Austria,2014,889,
LOC,Locomotives,ELC,Electricity,AT,Austria,2015,868,
LOC,Locomotives,ELC,Electricity,AT,Austria,2016,844,
LOC,Locomotives,ELC,Electricity,AT,Austria,2017,851,
LOC,Locomotives,ELC,Electricity,AT,Austria,2018,824,
LOC,Locomotives,ELC,Electricity,AT,Austria,2019,836,
LOC,Locomotives,ELC,Electricity,AT,Austria,2020,907,
LOC,Locomotives,ELC,Electricity,AT,Austria,2021,876,
LOC,Locomotives,ELC,Electricity,AT,Austria,2022,857,
LOC,Locomotives,ELC,Electricity,AT,Austria,2023,847,
LOC,Locomotives,ELC,Electricity,AT,Austria,2024,925,
LOC,Locomotives,ELC,Electricity,BA,Bosnia and Herzegovina,1992,87,
LOC,Locomotives,ELC,Electricity,BA,Bosnia and Herzegovina,1999,51,
LOC,Locomotives,ELC,Electricity,BA,Bosnia and Herzegovina,2000,79,
LOC,Locomotives,ELC,Electricity,BA,Bosnia and Herzegovina,2001,80,
LOC,Locomotives,ELC,Electricity,BA,Bosnia and Herzegovina,2010,75,
LOC,Locomotives,ELC,Electricity,BA,Bosnia and Herzegovina,2011,75,
LOC,Locomotives,ELC,Electricity,BA,Bosnia and Herzegovina,2012,75,
LOC,Locomotives,ELC,Electricity,BA,Bosnia and Herzegovina,2013,75,
LOC,Locomotives,ELC,Electricity,BA,Bosnia and Herzegovina,2014,75,
LOC,Locomotives,ELC,Electricity,BA,Bosnia and Herzegovina,2015,75,
LOC,Locomotives,ELC,Electricity,BA,Bosnia and Herzegovina,2016,75,
LOC,Locomotives,ELC,Electricity,BA,Bosnia and Herzegovina,2017,75,
LOC,Locomotives,ELC,Electricity,BA,Bosnia and Herzegovina,2018,75,
LOC,Locomotives,ELC,Electricity,BA,Bosnia and Herzegovina,2019,75,
LOC,Locomotives,ELC,Electricity,BA,Bosnia and Herzegovina,2020,75,
LOC,Locomotives,ELC,Electricity,BA,Bosnia and Herzegovina,2021,75,
LOC,Locomotives,ELC,Electricity,BA,Bosnia and Herzegovina,2022,75,
LOC,Locomotives,ELC,Electricity,BA,Bosnia and Herzegovina,2023,75,
LOC,Locomotives,ELC,Electricity,BA,Bosnia and Herzegovina,2024,75,
LOC,Locomotives,ELC,Electricity,BE,Belgium,1990,381,
LOC,Locomotives,ELC,Electricity,BE,Belgium,1991,380,
LOC,Locomotives,ELC,Electricity,BE,Belgium,1992,378,
LOC,Locomotives,ELC,Electricity,BE,Belgium,1993,377,
LOC,Locomotives,ELC,Electricity,BE,Belgium,1994,376,
LOC,Locomotives,ELC,Electricity,BE,Belgium,1995,376,
LOC,Locomotives,ELC,Electricity,BE,Belgium,1996,376,
LOC,Locomotives,ELC,Electricity,BE,Belgium,1997,375,
LOC,Locomotives,ELC,Electricity,BE,Belgium,1998,372,
LOC,Locomotives,ELC,Electricity,BE,Belgium,1999,383,
LOC,Locomotives,ELC,Electricity,BE,Belgium,2000,404,
LOC,Locomotives,ELC,Electricity,BE,Belgium,2001,427,
LOC,Locomotives,ELC,Electricity,BE,Belgium,2002,427,
LOC,Locomotives,ELC,Electricity,BE,Belgium,2003,387,
LOC,Locomotives,ELC,Electricity,BE,Belgium,2004,384,
LOC,Locomotives,ELC,Electricity,BE,Belgium,2005,383,
LOC,Locomotives,ELC,Electricity,BE,Belgium,2006,370,
LOC,Locomotives,ELC,Electricity,BE,Belgium,2007,370,
LOC,Locomotives,ELC,Electricity,BE,Belgium,2008,370,
LOC,Locomotives,ELC,Electricity,BE,Belgium,2009,337,
LOC,Locomotives,ELC,Electricity,BE,Belgium,2021,269,i
LOC,Locomotives,ELC,Electricity,BE,Belgium,2023,269,
LOC,Locomotives,ELC,Electricity,BE,Belgium,2024,428,i
LOC,Locomotives,ELC,Electricity,BG,Bulgaria,1990,365,
LOC,Locomotives,ELC,Electricity,BG,Bulgaria,1991,353,
LOC,Locomotives,ELC,Electricity,BG,Bulgaria,1992,347,
LOC,Locomotives,ELC,Electricity,BG,Bulgaria,1993,347,
LOC,Locomotives,ELC,Electricity,BG,Bulgaria,1994,348,
LOC,Locomotives,ELC,Electricity,BG,Bulgaria,1995,342,
LOC,Locomotives,ELC,Electricity,BG,Bulgaria,1996,335,
LOC,Locomotives,ELC,Electricity,BG,Bulgaria,1997,323,
LOC,Locomotives,ELC,Electricity,BG,Bulgaria,1998,305,
LOC,Locomotives,ELC,Electricity,BG,Bulgaria,1999,304,
LOC,Locomotives,ELC,Electricity,BG,Bulgaria,2000,292,
LOC,Locomotives,ELC,Electricity,BG,Bulgaria,2001,291,
LOC,Locomotives,ELC,Electricity,BG,Bulgaria,2002,269,
LOC,Locomotives,ELC,Electricity,BG,Bulgaria,2003,269,
LOC,Locomotives,ELC,Electricity,BG,Bulgaria,2004,266,
LOC,Locomotives,ELC,Electricity,BG,Bulgaria,2008,263,
LOC,Locomotives,ELC,Electricity,BG,Bulgaria,2009,258,
LOC,Locomotives,ELC,Electricity,BG,Bulgaria,2010,245,
LOC,Locomotives,ELC,Electricity,BG,Bulgaria,2011,199,
LOC,Locomotives,ELC,Electricity,BG,Bulgaria,2012,234,
LOC,Locomotives,ELC,Electricity,BG,Bulgaria,2013,237,
LOC,Locomotives,ELC,Electricity,BG,Bulgaria,2021,297,i
LOC,Locomotives,ELC,Electricity,BG,Bulgaria,2023,297,i
LOC,Locomotives,ELC,Electricity,BG,Bulgaria,2024,330,i
LOC,Locomotives,ELC,Electricity,CH,Switzerland,1990,1158,
LOC,Locomotives,ELC,Electricity,CH,Switzerland,1991,1157,
LOC,Locomotives,ELC,Electricity,CH,Switzerland,1992,1188,
LOC,Locomotives,ELC,Electricity,CH,Switzerland,1993,1219,
LOC,Locomotives,ELC,Electricity,CH,Switzerland,1994,1224,
LOC,Locomotives,ELC,Electricity,CH,Switzerland,1995,1192,
LOC,Locomotives,ELC,Electricity,CH,Switzerland,1996,1133,
LOC,Locomotives,ELC,Electricity,CH,Switzerland,2023,742,i
LOC,Locomotives,ELC,Electricity,CH,Switzerland,2024,741,i
LOC,Locomotives,ELC,Electricity,CZ,Czechia,1993,1069,
LOC,Locomotives,ELC,Electricity,CZ,Czechia,1994,1059,
LOC,Locomotives,ELC,Electricity,CZ,Czechia,1995,1097,
LOC,Locomotives,ELC,Electricity,CZ,Czechia,1996,1092,
LOC,Locomotives,ELC,Electricity,CZ,Czechia,1997,1089,
LOC,Locomotives,ELC,Electricity,CZ,Czechia,1998,1073,
LOC,Locomotives,ELC,Electricity,CZ,Czechia,1999,1051,
LOC,Locomotives,ELC,Electricity,CZ,Czechia,2000,1029,
LOC,Locomotives,ELC,Electricity,CZ,Czechia,2001,980,
LOC,Locomotives,ELC,Electricity,CZ,Czechia,2002,940,
LOC,Locomotives,ELC,Electricity,CZ,Czechia,2003,940,
LOC,Locomotives,ELC,Electricity,CZ,Czechia,2004,937,
LOC,Locomotives,ELC,Electricity,CZ,Czechia,2005,933,
LOC,Locomotives,ELC,Electricity,CZ,Czechia,2006,970,
LOC,Locomotives,ELC,Electricity,CZ,Czechia,2007,971,
LOC,Locomotives,ELC,Electricity,CZ,Czechia,2008,945,
LOC,Locomotives,ELC,Electricity,CZ,Czechia,2009,863,
LOC,Locomotives,ELC,Electricity,CZ,Czechia,2010,853,
LOC,Locomotives,ELC,Electricity,CZ,Czechia,2011,860,
LOC,Locomotives,ELC,Electricity,CZ,Czechia,2012,864,
LOC,Locomotives,ELC,Electricity,CZ,Czechia,2013,770,
LOC,Locomotives,ELC,Electricity,CZ,Czechia,2014,754,
LOC,Locomotives,ELC,Electricity,CZ,Czechia,2015,777,
LOC,Locomotives,ELC,Electricity,CZ,Czechia,2016,814,
LOC,Locomotives,ELC,Electricity,CZ,Czechia,2017,844,
LOC,Locomotives,ELC,Electricity,CZ,Czechia,2018,843,
LOC,Locomotives,ELC,Electricity,CZ,Czechia,2019,886,
LOC,Locomotives,ELC,Electricity,CZ,Czechia,2020,878,
LOC,Locomotives,ELC,Electricity,CZ,Czechia,2021,977,
LOC,Locomotives,ELC,Electricity,CZ,Czechia,2022,980,
LOC,Locomotives,ELC,Electricity,CZ,Czechia,2023,1032,
LOC,Locomotives,ELC,Electricity,CZ,Czechia,2024,1029,
LOC,Locomotives,ELC,Electricity,DE,Germany,1990,2533,
LOC,Locomotives,ELC,Electricity,DE,Germany,1991,3891,
LOC,Locomotives,ELC,Electricity,DE,Germany,1992,3899,
LOC,Locomotives,ELC,Electricity,DE,Germany,1993,3771,
LOC,Locomotives,ELC,Electricity,DE,Germany,1994,3718,
LOC,Locomotives,ELC,Electricity,DE,Germany,1995,3563,
LOC,Locomotives,ELC,Electricity,DE,Germany,1996,3675,
LOC,Locomotives,ELC,Electricity,DE,Germany,1997,3747,
LOC,Locomotives,ELC,Electricity,DE,Germany,1998,3773,
LOC,Locomotives,ELC,Electricity,DE,Germany,1999,3709,
LOC,Locomotives,ELC,Electricity,DE,Germany,2000,3647,
LOC,Locomotives,ELC,Electricity,DE,Germany,2001,3509,
LOC,Locomotives,ELC,Electricity,DE,Germany,2002,3232,
LOC,Locomotives,ELC,Electricity,DE,Germany,2015,2019,
LOC,Locomotives,ELC,Electricity,DE,Germany,2020,2313,b
LOC,Locomotives,ELC,Electricity,DK,Denmark,1990,10,
LOC,Locomotives,ELC,Electricity,DK,Denmark,1991,10,
LOC,Locomotives,ELC,Electricity,DK,Denmark,1992,10,
LOC,Locomotives,ELC,Electricity,DK,Denmark,1993,22,
LOC,Locomotives,ELC,Electricity,DK,Denmark,1994,22,
LOC,Locomotives,ELC,Electricity,DK,Denmark,1995,22,i
LOC,Locomotives,ELC,Electricity,DK,Denmark,1996,22,
LOC,Locomotives,ELC,Electricity,DK,Denmark,1997,22,
LOC,Locomotives,ELC,Electricity,DK,Denmark,1998,22,
LOC,Locomotives,ELC,Electricity,DK,Denmark,1999,22,
LOC,Locomotives,ELC,Electricity,DK,Denmark,2000,22,
LOC,Locomotives,ELC,Electricity,DK,Denmark,2001,34,
LOC,Locomotives,ELC,Electricity,DK,Denmark,2002,35,
LOC,Locomotives,ELC,Electricity,DK,Denmark,2003,35,i
LOC,Locomotives,ELC,Electricity,DK,Denmark,2004,35,i
LOC,Locomotives,ELC,Electricity,DK,Denmark,2005,35,i
LOC,Locomotives,ELC,Electricity,DK,Denmark,2006,32,
LOC,Locomotives,ELC,Electricity,DK,Denmark,2007,27,
LOC,Locomotives,ELC,Electricity,DK,Denmark,2008,36,
LOC,Locomotives,ELC,Electricity,DK,Denmark,2009,41,
LOC,Locomotives,ELC,Electricity,DK,Denmark,2010,36,
LOC,Locomotives,ELC,Electricity,DK,Denmark,2011,36,
LOC,Locomotives,ELC,Electricity,DK,Denmark,2012,36,
LOC,Locomotives,ELC,Electricity,DK,Denmark,2013,36,
LOC,Locomotives,ELC,Electricity,DK,Denmark,2014,36,
LOC,Locomotives,ELC,Electricity,DK,Denmark,2015,36,
LOC,Locomotives,ELC,Electricity,DK,Denmark,2016,36,
LOC,Locomotives,ELC,Electricity,DK,Denmark,2017,35,
LOC,Locomotives,ELC,Electricity,DK,Denmark,2018,32,
LOC,Locomotives,ELC,Electricity,DK,Denmark,2019,35,
LOC,Locomotives,ELC,Electricity,DK,Denmark,2020,33,
LOC,Locomotives,ELC,Electricity,DK,Denmark,2021,62,
LOC,Locomotives,ELC,Electricity,DK,Denmark,2022,72,
LOC,Locomotives,ELC,Electricity,DK,Denmark,2023,72,
LOC,Locomotives,ELC,Electricity,DK,Denmark,2024,72,
LOC,Locomotives,ELC,Electricity,EE,Estonia,1992,0,
LOC,Locomotives,ELC,Electricity,EE,Estonia,1993,0,
LOC,Locomotives,ELC,Electricity,EE,Estonia,1994,0,
LOC,Locomotives,ELC,Electricity,EE,Estonia,1995,0,
LOC,Locomotives,ELC,Electricity,EE,Estonia,1996,0,
LOC,Locomotives,ELC,Electricity,EE,Estonia,1997,0,
LOC,Locomotives,ELC,Electricity,EE,Estonia,1998,0,
LOC,Locomotives,ELC,Electricity,EE,Estonia,1999,0,
LOC,Locomotives,ELC,Electricity,EE,Estonia,2000,0,
LOC,Locomotives,ELC,Electricity,EE,Estonia,2001,0,
LOC,Locomotives,ELC,Electricity,EE,Estonia,2002,0,
LOC,Locomotives,ELC,Electricity,EE,Estonia,2003,0,
LOC,Locomotives,ELC,Electricity,EE,Estonia,2004,0,
LOC,Locomotives,ELC,Electricity,EE,Estonia,2005,0,
LOC,Locomotives,ELC,Electricity,EE,Estonia,2006,0,
LOC,Locomotives,ELC,Electricity,EE,Estonia,2007,0,
LOC,Locomotives,ELC,Electricity,EE,Estonia,2008,0,
LOC,Locomotives,ELC,Electricity,EE,Estonia,2009,0,
LOC,Locomotives,ELC,Electricity,EE,Estonia,2010,0,
LOC,Locomotives,ELC,Electricity,EE,Estonia,2011,0,
LOC,Locomotives,ELC,Electricity,EE,Estonia,2012,0,
LOC,Locomotives,ELC,Electricity,EE,Estonia,2013,0,
LOC,Locomotives,ELC,Electricity,EE,Estonia,2014,0,
LOC,Locomotives,ELC,Electricity,EE,Estonia,2015,0,
LOC,Locomotives,ELC,Electricity,EE,Estonia,2016,0,
LOC,Locomotives,ELC,Electricity,EE,Estonia,2017,0,
LOC,Locomotives,ELC,Electricity,EE,Estonia,2018,0,
LOC,Locomotives,ELC,Electricity,EE,Estonia,2019,0,
LOC,Locomotives,ELC,Electricity,EE,Estonia,2021,0,
LOC,Locomotives,ELC,Electricity,EE,Estonia,2022,0,
LOC,Locomotives,ELC,Electricity,EE,Estonia,2023,0,
LOC,Locomotives,ELC,Electricity,EE,Estonia,2024,0,
LOC,Locomotives,ELC,Electricity,EL,Greece,1999,6,
LOC,Locomotives,ELC,Electricity,EL,Greece,2000,6,
LOC,Locomotives,ELC,Electricity,EL,Greece,2001,6,
LOC,Locomotives,ELC,Electricity,EL,Greece,2002,6,
LOC,Locomotives,ELC,Electricity,EL,Greece,2003,6,
LOC,Locomotives,ELC,Electricity,EL,Greece,2004,6,
LOC,Locomotives,ELC,Electricity,EL,Greece,2005,14,
LOC,Locomotives,ELC,Electricity,EL,Greece,2006,26,
LOC,Locomotives,ELC,Electricity,EL,Greece,2007,29,
LOC,Locomotives,ELC,Electricity,EL,Greece,2008,30,
LOC,Locomotives,ELC,Electricity,EL,Greece,2009,30,
LOC,Locomotives,ELC,Electricity,EL,Greece,2010,30,
LOC,Locomotives,ELC,Electricity,EL,Greece,2011,30,
LOC,Locomotives,ELC,Electricity,EL,Greece,2012,30,
LOC,Locomotives,ELC,Electricity,EL,Greece,2013,30,
LOC,Locomotives,ELC,Electricity,EL,Greece,2014,30,
LOC,Locomotives,ELC,Electricity,EL,Greece,2015,30,
LOC,Locomotives,ELC,Electricity,EL,Greece,2016,30,
LOC,Locomotives,ELC,Electricity,EL,Greece,2017,30,
LOC,Locomotives,ELC,Electricity,EL,Greece,2018,16,
LOC,Locomotives,ELC,Electricity,EL,Greece,2019,16,
LOC,Locomotives,ELC,Electricity,EL,Greece,2020,16,
LOC,Locomotives,ELC,Electricity,EL,Greece,2021,16,
LOC,Locomotives,ELC,Electricity,EL,Greece,2022,21,
LOC,Locomotives,ELC,Electricity,EL,Greece,2023,18,
LOC,Locomotives,ELC,Electricity,EL,Greece,2024,17,
LOC,Locomotives,ELC,Electricity,ES,Spain,1990,593,
LOC,Locomotives,ELC,Electricity,ES,Spain,1991,592,
LOC,Locomotives,ELC,Electricity,ES,Spain,1992,570,
LOC,Locomotives,ELC,Electricity,ES,Spain,1993,568,
LOC,Locomotives,ELC,Electricity,ES,Spain,1994,548,
LOC,Locomotives,ELC,Electricity,ES,Spain,1995,501,
LOC,Locomotives,ELC,Electricity,ES,Spain,1996,483,
LOC,Locomotives,ELC,Electricity,ES,Spain,1997,474,
LOC,Locomotives,ELC,Electricity,ES,Spain,1998,452,
LOC,Locomotives,ELC,Electricity,ES,Spain,1999,449,
LOC,Locomotives,ELC,Electricity,ES,Spain,2000,440,
LOC,Locomotives,ELC,Electricity,ES,Spain,2001,439,
LOC,Locomotives,ELC,Electricity,ES,Spain,2002,434,
LOC,Locomotives,ELC,Electricity,ES,Spain,2004,411,
LOC,Locomotives,ELC,Electricity,ES,Spain,2005,417,
LOC,Locomotives,ELC,Electricity,ES,Spain,2006,363,
LOC,Locomotives,ELC,Electricity,ES,Spain,2007,360,
LOC,Locomotives,ELC,Electricity,ES,Spain,2008,347,
LOC,Locomotives,ELC,Electricity,ES,Spain,2009,334,
LOC,Locomotives,ELC,Electricity,ES,Spain,2016,224,
LOC,Locomotives,ELC,Electricity,ES,Spain,2017,226,
LOC,Locomotives,ELC,Electricity,ES,Spain,2018,227,
LOC,Locomotives,ELC,Electricity,ES,Spain,2019,236,
LOC,Locomotives,ELC,Electricity,ES,Spain,2020,244,
LOC,Locomotives,ELC,Electricity,ES,Spain,2021,244,
LOC,Locomotives,ELC,Electricity,ES,Spain,2022,279,
LOC,Locomotives,ELC,Electricity,ES,Spain,2023,293,
LOC,Locomotives,ELC,Electricity,ES,Spain,2024,294,
LOC,Locomotives,ELC,Electricity,FI,Finland,1990,110,
LOC,Locomotives,ELC,Electricity,FI,Finland,1991,110,
LOC,Locomotives,ELC,Electricity,FI,Finland,1992,110,
LOC,Locomotives,ELC,Electricity,FI,Finland,1993,111,
LOC,Locomotives,ELC,Electricity,FI,Finland,1994,111,
LOC,Locomotives,ELC,Electricity,FI,Finland,1995,111,
LOC,Locomotives,ELC,Electricity,FI,Finland,1996,113,
LOC,Locomotives,ELC,Electricity,FI,Finland,1997,124,
LOC,Locomotives,ELC,Electricity,FI,Finland,1998,129,
LOC,Locomotives,ELC,Electricity,FI,Finland,1999,130,
LOC,Locomotives,ELC,Electricity,FI,Finland,2000,130,
LOC,Locomotives,ELC,Electricity,FI,Finland,2001,140,
LOC,Locomotives,ELC,Electricity,FI,Finland,2002,148,
LOC,Locomotives,ELC,Electricity,FI,Finland,2003,156,
LOC,Locomotives,ELC,Electricity,FI,Finland,2004,156,
LOC,Locomotives,ELC,Electricity,FI,Finland,2005,156,
LOC,Locomotives,ELC,Electricity,FI,Finland,2006,156,
LOC,Locomotives,ELC,Electricity,FI,Finland,2007,156,
LOC,Locomotives,ELC,Electricity,FI,Finland,2008,156,
LOC,Locomotives,ELC,Electricity,FI,Finland,2009,156,
LOC,Locomotives,ELC,Electricity,FI,Finland,2010,156,
LOC,Locomotives,ELC,Electricity,FI,Finland,2011,155,
LOC,Locomotives,ELC,Electricity,FI,Finland,2012,155,
LOC,Locomotives,ELC,Electricity,FI,Finland,2013,155,
LOC,Locomotives,ELC,Electricity,FI,Finland,2014,155,
LOC,Locomotives,ELC,Electricity,FI,Finland,2015,156,
LOC,Locomotives,ELC,Electricity,FI,Finland,2016,155,
LOC,Locomotives,ELC,Electricity,FI,Finland,2017,165,
LOC,Locomotives,ELC,Electricity,FI,Finland,2018,173,
LOC,Locomotives,ELC,Electricity,FI,Finland,2023,204,i
LOC,Locomotives,ELC,Electricity,FI,Finland,2024,209,i
LOC,Locomotives,ELC,Electricity,FR,France,1990,2298,
LOC,Locomotives,ELC,Electricity,FR,France,1991,2307,
LOC,Locomotives,ELC,Electricity,FR,France,1992,2310,
LOC,Locomotives,ELC,Electricity,FR,France,1993,2250,
LOC,Locomotives,ELC,Electricity,FR,France,1994,2203,
LOC,Locomotives,ELC,Electricity,FR,France,1995,2210,
LOC,Locomotives,ELC,Electricity,FR,France,1996,2219,
LOC,Locomotives,ELC,Electricity,FR,France,1997,2151,
LOC,Locomotives,ELC,Electricity,FR,France,1998,2126,
LOC,Locomotives,ELC,Electricity,FR,France,1999,2024,
LOC,Locomotives,ELC,Electricity,FR,France,2000,2009,
LOC,Locomotives,ELC,Electricity,FR,France,2001,2022,
LOC,Locomotives,ELC,Electricity,FR,France,2002,2025,
LOC,Locomotives,ELC,Electricity,FR,France,2003,1973,
LOC,Locomotives,ELC,Electricity,FR,France,2004,1880,
LOC,Locomotives,ELC,Electricity,FR,France,2005,1732,
LOC,Locomotives,ELC,Electricity,FR,France,2006,1571,
LOC,Locomotives,ELC,Electricity,FR,France,2007,1605,
LOC,Locomotives,ELC,Electricity,FR,France,2008,1638,
LOC,Locomotives,ELC,Electricity,FR,France,2009,1667,
LOC,Locomotives,ELC,Electricity,FR,France,2010,1675,
LOC,Locomotives,ELC,Electricity,FR,France,2011,1680,
LOC,Locomotives,ELC,Electricity,FR,France,2012,1680,
LOC,Locomotives,ELC,Electricity,FR,France,2013,1701,
LOC,Locomotives,ELC,Electricity,FR,France,2014,1675,
LOC,Locomotives,ELC,Electricity,FR,France,2015,1675,
LOC,Locomotives,ELC,Electricity,FR,France,2016,1667,
LOC,Locomotives,ELC,Electricity,FR,France,2017,1621,
LOC,Locomotives,ELC,Electricity,FR,France,2018,1577,
LOC,Locomotives,ELC,Electricity,FR,France,2019,1514,
LOC,Locomotives,ELC,Electricity,FR,France,2020,1457,
LOC,Locomotives,ELC,Electricity,FR,France,2021,1073,
LOC,Locomotives,ELC,Electricity,FR,France,2022,1020,
LOC,Locomotives,ELC,Electricity,FR,France,2023,1005,
LOC,Locomotives,ELC,Electricity,FR,France,2024,1008,
LOC,Locomotives,ELC,Electricity,GE,Georgia,1995,258,
LOC,Locomotives,ELC,Electricity,GE,Georgia,1996,251,
LOC,Locomotives,ELC,Electricity,GE,Georgia,1997,250,
LOC,Locomotives,ELC,Electricity,GE,Georgia,1998,240,
LOC,Locomotives,ELC,Electricity,GE,Georgia,1999,228,
LOC,Locomotives,ELC,Electricity,GE,Georgia,2018,120,
LOC,Locomotives,ELC,Electricity,GE,Georgia,2019,117,
LOC,Locomotives,ELC,Electricity,GE,Georgia,2020,112,
LOC,Locomotives,ELC,Electricity,GE,Georgia,2021,112,
LOC,Locomotives,ELC,Electricity,GE,Georgia,2022,112,
LOC,Locomotives,ELC,Electricity,GE,Georgia,2023,112,
LOC,Locomotives,ELC,Electricity,GE,Georgia,2024,112,
LOC,Locomotives,ELC,Electricity,HR,Croatia,1990,138,
LOC,Locomotives,ELC,Electricity,HR,Croatia,1991,142,
LOC,Locomotives,ELC,Electricity,HR,Croatia,1992,141,
LOC,Locomotives,ELC,Electricity,HR,Croatia,1993,147,
LOC,Locomotives,ELC,Electricity,HR,Croatia,1994,147,
LOC,Locomotives,ELC,Electricity,HR,Croatia,1995,144,
LOC,Locomotives,ELC,Electricity,HR,Croatia,1996,140,
LOC,Locomotives,ELC,Electricity,HR,Croatia,1997,140,
LOC,Locomotives,ELC,Electricity,HR,Croatia,1998,140,
LOC,Locomotives,ELC,Electricity,HR,Croatia,1999,136,
LOC,Locomotives,ELC,Electricity,HR,Croatia,2000,136,
LOC,Locomotives,ELC,Electricity,HR,Croatia,2001,106,
LOC,Locomotives,ELC,Electricity,HR,Croatia,2002,108,
LOC,Locomotives,ELC,Electricity,HR,Croatia,2003,107,
LOC,Locomotives,ELC,Electricity,HR,Croatia,2004,107,
LOC,Locomotives,ELC,Electricity,HR,Croatia,2005,107,
LOC,Locomotives,ELC,Electricity,HR,Croatia,2006,107,
LOC,Locomotives,ELC,Electricity,HR,Croatia,2007,96,
LOC,Locomotives,ELC,Electricity,HR,Croatia,2008,98,
LOC,Locomotives,ELC,Electricity,HR,Croatia,2009,98,
LOC,Locomotives,ELC,Electricity,HR,Croatia,2010,98,
LOC,Locomotives,ELC,Electricity,HR,Croatia,2011,96,
LOC,Locomotives,ELC,Electricity,HR,Croatia,2012,107,
LOC,Locomotives,ELC,Electricity,HR,Croatia,2013,107,
LOC,Locomotives,ELC,Electricity,HR,Croatia,2014,107,
LOC,Locomotives,ELC,Electricity,HR,Croatia,2015,107,
LOC,Locomotives,ELC,Electricity,HR,Croatia,2016,123,
LOC,Locomotives,ELC,Electricity,HR,Croatia,2017,124,
LOC,Locomotives,ELC,Electricity,HR,Croatia,2018,135,
LOC,Locomotives,ELC,Electricity,HR,Croatia,2019,123,
LOC,Locomotives,ELC,Electricity,HR,Croatia,2020,141,
LOC,Locomotives,ELC,Electricity,HR,Croatia,2021,133,
LOC,Locomotives,ELC,Electricity,HR,Croatia,2022,134,
LOC,Locomotives,ELC,Electricity,HR,Croatia,2023,133,
LOC,Locomotives,ELC,Electricity,HR,Croatia,2024,134,
LOC,Locomotives,ELC,Electricity,HU,Hungary,1990,503,
LOC,Locomotives,ELC,Electricity,HU,Hungary,1991,506,
LOC,Locomotives,ELC,Electricity,HU,Hungary,1992,501,
LOC,Locomotives,ELC,Electricity,HU,Hungary,1993,501,
LOC,Locomotives,ELC,Electricity,HU,Hungary,1994,494,
LOC,Locomotives,ELC,Electricity,HU,Hungary,1995,493,
LOC,Locomotives,ELC,Electricity,HU,Hungary,1996,487,
LOC,Locomotives,ELC,Electricity,HU,Hungary,1997,486,
LOC,Locomotives,ELC,Electricity,HU,Hungary,1998,485,
LOC,Locomotives,ELC,Electricity,HU,Hungary,1999,481,
LOC,Locomotives,ELC,Electricity,HU,Hungary,2000,478,
LOC,Locomotives,ELC,Electricity,HU,Hungary,2001,478,
LOC,Locomotives,ELC,Electricity,HU,Hungary,2002,486,
LOC,Locomotives,ELC,Electricity,HU,Hungary,2003,486,
LOC,Locomotives,ELC,Electricity,HU,Hungary,2004,483,
LOC,Locomotives,ELC,Electricity,HU,Hungary,2005,486,
LOC,Locomotives,ELC,Electricity,HU,Hungary,2008,491,
LOC,Locomotives,ELC,Electricity,HU,Hungary,2009,501,
LOC,Locomotives,ELC,Electricity,HU,Hungary,2010,506,
LOC,Locomotives,ELC,Electricity,HU,Hungary,2011,526,
LOC,Locomotives,ELC,Electricity,HU,Hungary,2012,540,
LOC,Locomotives,ELC,Electricity,HU,Hungary,2013,561,
LOC,Locomotives,ELC,Electricity,HU,Hungary,2014,581,
LOC,Locomotives,ELC,Electricity,HU,Hungary,2015,586,
LOC,Locomotives,ELC,Electricity,HU,Hungary,2016,584,
LOC,Locomotives,ELC,Electricity,HU,Hungary,2017,590,
LOC,Locomotives,ELC,Electricity,HU,Hungary,2018,595,
LOC,Locomotives,ELC,Electricity,HU,Hungary,2019,622,
LOC,Locomotives,ELC,Electricity,HU,Hungary,2020,584,
LOC,Locomotives,ELC,Electricity,HU,Hungary,2021,614,
LOC,Locomotives,ELC,Electricity,HU,Hungary,2022,585,
LOC,Locomotives,ELC,Electricity,HU,Hungary,2023,654,
LOC,Locomotives,ELC,Electricity,HU,Hungary,2024,650,
LOC,Locomotives,ELC,Electricity,IT,Italy,1995,2078,
LOC,Locomotives,ELC,Electricity,IT,Italy,1996,2010,
LOC,Locomotives,ELC,Electricity,IT,Italy,1997,1924,
LOC,Locomotives,ELC,Electricity,IT,Italy,1998,1956,
LOC,Locomotives,ELC,Electricity,IT,Italy,1999,2007,
LOC,Locomotives,ELC,Electricity,IT,Italy,2000,2083,
LOC,Locomotives,ELC,Electricity,IT,Italy,2002,1902,
LOC,Locomotives,ELC,Electricity,IT,Italy,2003,1906,
LOC,Locomotives,ELC,Electricity,IT,Italy,2004,1878,
LOC,Locomotives,ELC,Electricity,IT,Italy,2005,1854,
LOC,Locomotives,ELC,Electricity,IT,Italy,2006,1872,
LOC,Locomotives,ELC,Electricity,IT,Italy,2007,1751,
LOC,Locomotives,ELC,Electricity,IT,Italy,2008,1729,
LOC,Locomotives,ELC,Electricity,IT,Italy,2009,1790,
LOC,Locomotives,ELC,Electricity,IT,Italy,2010,1767,
LOC,Locomotives,ELC,Electricity,IT,Italy,2011,1606,
LOC,Locomotives,ELC,Electricity,IT,Italy,2012,1528,
LOC,Locomotives,ELC,Electricity,IT,Italy,2013,1983,
LOC,Locomotives,ELC,Electricity,IT,Italy,2014,1807,
LOC,Locomotives,ELC,Electricity,IT,Italy,2015,2061,
LOC,Locomotives,ELC,Electricity,IT,Italy,2016,2097,
LOC,Locomotives,ELC,Electricity,IT,Italy,2017,1850,
LOC,Locomotives,ELC,Electricity,IT,Italy,2018,1942,
LOC,Locomotives,ELC,Electricity,IT,Italy,2019,1900,
LOC,Locomotives,ELC,Electricity,IT,Italy,2020,1918,
LOC,Locomotives,ELC,Electricity,IT,Italy,2021,1999,
LOC,Locomotives,ELC,Electricity,IT,Italy,2022,2047,
LOC,Locomotives,ELC,Electricity,IT,Italy,2024,1629,i
LOC,Locomotives,ELC,Electricity,LT,Lithuania,1992,0,
LOC,Locomotives,ELC,Electricity,LT,Lithuania,1993,0,
LOC,Locomotives,ELC,Electricity,LT,Lithuania,1994,0,
LOC,Locomotives,ELC,Electricity,LT,Lithuania,1995,0,
LOC,Locomotives,ELC,Electricity,LT,Lithuania,1996,0,
LOC,Locomotives,ELC,Electricity,LT,Lithuania,1997,0,
LOC,Locomotives,ELC,Electricity,LT,Lithuania,1998,0,
LOC,Locomotives,ELC,Electricity,LT,Lithuania,1999,0,
LOC,Locomotives,ELC,Electricity,LT,Lithuania,2000,0,
LOC,Locomotives,ELC,Electricity,LT,Lithuania,2001,0,
LOC,Locomotives,ELC,Electricity,LT,Lithuania,2002,0,
LOC,Locomotives,ELC,Electricity,LT,Lithuania,2004,0,
LOC,Locomotives,ELC,Electricity,LT,Lithuania,2005,0,
LOC,Locomotives,ELC,Electricity,LT,Lithuania,2006,0,
LOC,Locomotives,ELC,Electricity,LT,Lithuania,2007,0,
LOC,Locomotives,ELC,Electricity,LT,Lithuania,2008,0,
LOC,Locomotives,ELC,Electricity,LT,Lithuania,2009,0,
LOC,Locomotives,ELC,Electricity,LT,Lithuania,2010,0,
LOC,Locomotives,ELC,Electricity,LT,Lithuania,2011,0,
LOC,Locomotives,ELC,Electricity,LT,Lithuania,2012,0,
LOC,Locomotives,ELC,Electricity,LT,Lithuania,2013,0,
LOC,Locomotives,ELC,Electricity,LT,Lithuania,2014,0,
LOC,Locomotives,ELC,Electricity,LT,Lithuania,2015,0,
LOC,Locomotives,ELC,Electricity,LT,Lithuania,2016,0,
LOC,Locomotives,ELC,Electricity,LT,Lithuania,2017,0,
LOC,Locomotives,ELC,Electricity,LT,Lithuania,2018,0,
LOC,Locomotives,ELC,Electricity,LT,Lithuania,2019,0,
LOC,Locomotives,ELC,Electricity,LT,Lithuania,2020,0,
LOC,Locomotives,ELC,Electricity,LT,Lithuania,2021,0,
LOC,Locomotives,ELC,Electricity,LT,Lithuania,2022,0,
LOC,Locomotives,ELC,Electricity,LT,Lithuania,2023,0,
LOC,Locomotives,ELC,Electricity,LT,Lithuania,2024,0,
LOC,Locomotives,ELC,Electricity,LU,Luxembourg,1990,19,
LOC,Locomotives,ELC,Electricity,LU,Luxembourg,1991,19,
LOC,Locomotives,ELC,Electricity,LU,Luxembourg,1992,19,
LOC,Locomotives,ELC,Electricity,LU,Luxembourg,2006,39,
LOC,Locomotives,ELC,Electricity,LU,Luxembourg,2007,34,
LOC,Locomotives,ELC,Electricity,LU,Luxembourg,2008,34,
LOC,Locomotives,ELC,Electricity,LU,Luxembourg,2009,37,
LOC,Locomotives,ELC,Electricity,LU,Luxembourg,2010,32,
LOC,Locomotives,ELC,Electricity,LU,Luxembourg,2011,32,
LOC,Locomotives,ELC,Electricity,LU,Luxembourg,2012,39,
LOC,Locomotives,ELC,Electricity,LU,Luxembourg,2013,39,
LOC,Locomotives,ELC,Electricity,LU,Luxembourg,2014,39,
LOC,Locomotives,ELC,Electricity,LU,Luxembourg,2015,39,
LOC,Locomotives,ELC,Electricity,LU,Luxembourg,2016,39,
LOC,Locomotives,ELC,Electricity,LU,Luxembourg,2017,39,
LOC,Locomotives,ELC,Electricity,LU,Luxembourg,2018,39,
LOC,Locomotives,ELC,Electricity,LU,Luxembourg,2019,39,
LOC,Locomotives,ELC,Electricity,LU,Luxembourg,2020,39,
LOC,Locomotives,ELC,Electricity,LU,Luxembourg,2021,38,
LOC,Locomotives,ELC,Electricity,LU,Luxembourg,2022,38,
LOC,Locomotives,ELC,Electricity,LU,Luxembourg,2023,39,
LOC,Locomotives,ELC,Electricity,LU,Luxembourg,2024,38,
LOC,Locomotives,ELC,Electricity,LV,Latvia,1990,2,
LOC,Locomotives,ELC,Electricity,LV,Latvia,1992,1,
LOC,Locomotives,ELC,Electricity,LV,Latvia,1993,1,
LOC,Locomotives,ELC,Electricity,LV,Latvia,1994,1,
LOC,Locomotives,ELC,Electricity,LV,Latvia,1995,1,
LOC,Locomotives,ELC,Electricity,LV,Latvia,1996,1,
LOC,Locomotives,ELC,Electricity,LV,Latvia,1997,0,
LOC,Locomotives,ELC,Electricity,LV,Latvia,1998,0,
LOC,Locomotives,ELC,Electricity,LV,Latvia,1999,0,
LOC,Locomotives,ELC,Electricity,LV,Latvia,2000,0,
LOC,Locomotives,ELC,Electricity,LV,Latvia,2001,0,
LOC,Locomotives,ELC,Electricity,LV,Latvia,2002,0,
LOC,Locomotives,ELC,Electricity,LV,Latvia,2003,0,
LOC,Locomotives,ELC,Electricity,LV,Latvia,2004,0,
LOC,Locomotives,ELC,Electricity,LV,Latvia,2005,0,
LOC,Locomotives,ELC,Electricity,LV,Latvia,2006,0,
LOC,Locomotives,ELC,Electricity,LV,Latvia,2007,0,
LOC,Locomotives,ELC,Electricity,LV,Latvia,2008,0,
LOC,Locomotives,ELC,Electricity,LV,Latvia,2009,0,
LOC,Locomotives,ELC,Electricity,LV,Latvia,2010,0,
LOC,Locomotives,ELC,Electricity,LV,Latvia,2011,0,
LOC,Locomotives,ELC,Electricity,LV,Latvia,2012,0,
LOC,Locomotives,ELC,Electricity,LV,Latvia,2013,0,
LOC,Locomotives,ELC,Electricity,LV,Latvia,2014,0,
LOC,Locomotives,ELC,Electricity,LV,Latvia,2015,0,
LOC,Locomotives,ELC,Electricity,LV,Latvia,2016,0,
LOC,Locomotives,ELC,Electricity,LV,Latvia,2017,0,
LOC,Locomotives,ELC,Electricity,LV,Latvia,2018,0,
LOC,Locomotives,ELC,Electricity,LV,Latvia,2019,0,
LOC,Locomotives,ELC,Electricity,LV,Latvia,2020,0,
LOC,Locomotives,ELC,Electricity,LV,Latvia,2021,0,
LOC,Locomotives,ELC,Electricity,LV,Latvia,2022,0,
LOC,Locomotives,ELC,Electricity,LV,Latvia,2023,0,
LOC,Locomotives,ELC,Electricity,LV,Latvia,2024,0,
LOC,Locomotives,ELC,Electricity,MD,Moldova,1990,0,
LOC,Locomotives,ELC,Electricity,MD,Moldova,1991,0,
LOC,Locomotives,ELC,Electricity,MD,Moldova,1992,0,
LOC,Locomotives,ELC,Electricity,MD,Moldova,1993,0,
LOC,Locomotives,ELC,Electricity,MD,Moldova,1994,0,
LOC,Locomotives,ELC,Electricity,MD,Moldova,1995,0,
LOC,Locomotives,ELC,Electricity,MD,Moldova,1996,0,
LOC,Locomotives,ELC,Electricity,MD,Moldova,1997,0,
LOC,Locomotives,ELC,Electricity,MD,Moldova,1998,0,
LOC,Locomotives,ELC,Electricity,MD,Moldova,1999,0,
LOC,Locomotives,ELC,Electricity,MD,Moldova,2000,0,
LOC,Locomotives,ELC,Electricity,MD,Moldova,2001,0,
LOC,Locomotives,ELC,Electricity,MD,Moldova,2002,0,
LOC,Locomotives,ELC,Electricity,MD,Moldova,2004,0,
LOC,Locomotives,ELC,Electricity,MD,Moldova,2013,0,
LOC,Locomotives,ELC,Electricity,MD,Moldova,2014,0,
LOC,Locomotives,ELC,Electricity,MD,Moldova,2015,0,
LOC,Locomotives,ELC,Electricity,MD,Moldova,2016,0,
LOC,Locomotives,ELC,Electricity,MD,Moldova,2017,0,
LOC,Locomotives,ELC,Electricity,MD,Moldova,2018,0,
LOC,Locomotives,ELC,Electricity,MD,Moldova,2019,0,
LOC,Locomotives,ELC,Electricity,MD,Moldova,2020,0,
LOC,Locomotives,ELC,Electricity,MD,Moldova,2021,0,
LOC,Locomotives,ELC,Electricity,MD,Moldova,2022,0,
LOC,Locomotives,ELC,Electricity,MD,Moldova,2023,0,
LOC,Locomotives,ELC,Electricity,MD,Moldova,2024,0,
LOC,Locomotives,ELC,Electricity,ME,Montenegro,2016,16,
LOC,Locomotives,ELC,Electricity,ME,Montenegro,2017,16,
LOC,Locomotives,ELC,Electricity,ME,Montenegro,2018,16,
LOC,Locomotives,ELC,Electricity,ME,Montenegro,2019,16,
LOC,Locomotives,ELC,Electricity,ME,Montenegro,2023,16,
LOC,Locomotives,ELC,Electricity,ME,Montenegro,2024,16,
LOC,Locomotives,ELC,Electricity,MK,North Macedonia,1990,13,
LOC,Locomotives,ELC,Electricity,MK,North Macedonia,1991,13,
LOC,Locomotives,ELC,Electricity,MK,North Macedonia,1992,13,
LOC,Locomotives,ELC,Electricity,MK,North Macedonia,1993,13,
LOC,Locomotives,ELC,Electricity,MK,North Macedonia,1994,13,
LOC,Locomotives,ELC,Electricity,MK,North Macedonia,1995,13,
LOC,Locomotives,ELC,Electricity,MK,North Macedonia,1996,13,
LOC,Locomotives,ELC,Electricity,MK,North Macedonia,1997,13,
LOC,Locomotives,ELC,Electricity,MK,North Macedonia,1998,13,
LOC,Locomotives,ELC,Electricity,MK,North Macedonia,1999,13,
LOC,Locomotives,ELC,Electricity,MK,North Macedonia,2000,13,
LOC,Locomotives,ELC,Electricity,MK,North Macedonia,2001,13,
LOC,Locomotives,ELC,Electricity,MK,North Macedonia,2002,13,
LOC,Locomotives,ELC,Electricity,MK,North Macedonia,2005,16,
LOC,Locomotives,ELC,Electricity,MK,North Macedonia,2006,16,
LOC,Locomotives,ELC,Electricity,MK,North Macedonia,2007,16,
LOC,Locomotives,ELC,Electricity,MK,North Macedonia,2008,16,
LOC,Locomotives,ELC,Electricity,MK,North Macedonia,2009,16,
LOC,Locomotives,ELC,Electricity,MK,North Macedonia,2010,16,
LOC,Locomotives,ELC,Electricity,MK,North Macedonia,2011,16,
LOC,Locomotives,ELC,Electricity,MK,North Macedonia,2012,16,
LOC,Locomotives,ELC,Electricity,MK,North Macedonia,2013,16,
LOC,Locomotives,ELC,Electricity,MK,North Macedonia,2014,16,
LOC,Locomotives,ELC,Electricity,MK,North Macedonia,2015,16,
LOC,Locomotives,ELC,Electricity,MK,North Macedonia,2016,16,
LOC,Locomotives,ELC,Electricity,MK,North Macedonia,2017,16,
LOC,Locomotives,ELC,Electricity,MK,North Macedonia,2018,16,
LOC,Locomotives,ELC,Electricity,MK,North Macedonia,2019,17,
LOC,Locomotives,ELC,Electricity,MK,North Macedonia,2020,17,
LOC,Locomotives,ELC,Electricity,MK,North Macedonia,2021,20,
LOC,Locomotives,ELC,Electricity,MK,North Macedonia,2022,20,
LOC,Locomotives,ELC,Electricity,MK,North Macedonia,2023,20,
LOC,Locomotives,ELC,Electricity,MK,North Macedonia,2024,20,
LOC,Locomotives,ELC,Electricity,NL,Netherlands,1990,146,
LOC,Locomotives,ELC,Electricity,NL,Netherlands,1991,141,
LOC,Locomotives,ELC,Electricity,NL,Netherlands,1992,166,
LOC,Locomotives,ELC,Electricity,NL,Netherlands,1993,203,
LOC,Locomotives,ELC,Electricity,NL,Netherlands,2004,48,
LOC,Locomotives,ELC,Electricity,NL,Netherlands,2005,26,
LOC,Locomotives,ELC,Electricity,NL,Netherlands,2023,109,i
LOC,Locomotives,ELC,Electricity,NL,Netherlands,2024,108,i
LOC,Locomotives,ELC,Electricity,NO,Norway,1990,149,
LOC,Locomotives,ELC,Electricity,NO,Norway,1991,147,
LOC,Locomotives,ELC,Electricity,NO,Norway,1992,146,
LOC,Locomotives,ELC,Electricity,NO,Norway,1993,141,
LOC,Locomotives,ELC,Electricity,NO,Norway,1994,138,
LOC,Locomotives,ELC,Electricity,NO,Norway,1995,115,
LOC,Locomotives,ELC,Electricity,NO,Norway,1996,101,
LOC,Locomotives,ELC,Electricity,NO,Norway,1997,95,
LOC,Locomotives,ELC,Electricity,NO,Norway,1998,92,
LOC,Locomotives,ELC,Electricity,NO,Norway,1999,92,
LOC,Locomotives,ELC,Electricity,NO,Norway,2000,90,
LOC,Locomotives,ELC,Electricity,NO,Norway,2001,90,
LOC,Locomotives,ELC,Electricity,NO,Norway,2023,68,i
LOC,Locomotives,ELC,Electricity,NO,Norway,2024,68,i
LOC,Locomotives,ELC,Electricity,PL,Poland,1990,1705,
LOC,Locomotives,ELC,Electricity,PL,Poland,1991,1515,
LOC,Locomotives,ELC,Electricity,PL,Poland,1992,1354,
LOC,Locomotives,ELC,Electricity,PL,Poland,1993,1383,
LOC,Locomotives,ELC,Electricity,PL,Poland,1994,2272,
LOC,Locomotives,ELC,Electricity,PL,Poland,1995,2228,
LOC,Locomotives,ELC,Electricity,PL,Poland,1996,2186,
LOC,Locomotives,ELC,Electricity,PL,Poland,1997,2163,
LOC,Locomotives,ELC,Electricity,PL,Poland,1998,1940,
LOC,Locomotives,ELC,Electricity,PL,Poland,1999,1796,
LOC,Locomotives,ELC,Electricity,PL,Poland,2000,1774,
LOC,Locomotives,ELC,Electricity,PL,Poland,2001,1763,
LOC,Locomotives,ELC,Electricity,PL,Poland,2002,1811,
LOC,Locomotives,ELC,Electricity,PL,Poland,2003,1816,
LOC,Locomotives,ELC,Electricity,PL,Poland,2004,1842,
LOC,Locomotives,ELC,Electricity,PL,Poland,2005,1856,
LOC,Locomotives,ELC,Electricity,PL,Poland,2006,1848,
LOC,Locomotives,ELC,Electricity,PL,Poland,2007,1847,
LOC,Locomotives,ELC,Electricity,PL,Poland,2008,1886,
LOC,Locomotives,ELC,Electricity,PL,Poland,2009,1887,
LOC,Locomotives,ELC,Electricity,PL,Poland,2010,1905,
LOC,Locomotives,ELC,Electricity,PL,Poland,2011,1879,
LOC,Locomotives,ELC,Electricity,PL,Poland,2012,1849,
LOC,Locomotives,ELC,Electricity,PL,Poland,2013,1838,
LOC,Locomotives,ELC,Electricity,PL,Poland,2014,1923,
LOC,Locomotives,ELC,Electricity,PL,Poland,2015,1816,
LOC,Locomotives,ELC,Electricity,PL,Poland,2016,1814,
LOC,Locomotives,ELC,Electricity,PL,Poland,2017,1734,
LOC,Locomotives,ELC,Electricity,PL,Poland,2018,1738,
LOC,Locomotives,ELC,Electricity,PL,Poland,2019,1762,
LOC,Locomotives,ELC,Electricity,PL,Poland,2020,1730,
LOC,Locomotives,ELC,Electricity,PL,Poland,2021,1765,
LOC,Locomotives,ELC,Electricity,PL,Poland,2022,1610,
LOC,Locomotives,ELC,Electricity,PL,Poland,2023,1710,
LOC,Locomotives,ELC,Electricity,PL,Poland,2024,1792,
LOC,Locomotives,ELC,Electricity,PT,Portugal,1990,54,
LOC,Locomotives,ELC,Electricity,PT,Portugal,1991,54,
LOC,Locomotives,ELC,Electricity,PT,Portugal,1992,54,
LOC,Locomotives,ELC,Electricity,PT,Portugal,1993,60,
LOC,Locomotives,ELC,Electricity,PT,Portugal,1994,71,
LOC,Locomotives,ELC,Electricity,PT,Portugal,1995,81,
LOC,Locomotives,ELC,Electricity,PT,Portugal,1996,82,
LOC,Locomotives,ELC,Electricity,PT,Portugal,1997,82,
LOC,Locomotives,ELC,Electricity,PT,Portugal,1998,82,
LOC,Locomotives,ELC,Electricity,PT,Portugal,1999,81,
LOC,Locomotives,ELC,Electricity,PT,Portugal,2000,80,
LOC,Locomotives,ELC,Electricity,PT,Portugal,2001,79,
LOC,Locomotives,ELC,Electricity,PT,Portugal,2002,77,
LOC,Locomotives,ELC,Electricity,PT,Portugal,2006,71,
LOC,Locomotives,ELC,Electricity,PT,Portugal,2007,71,
LOC,Locomotives,ELC,Electricity,PT,Portugal,2008,69,
LOC,Locomotives,ELC,Electricity,PT,Portugal,2014,88,
LOC,Locomotives,ELC,Electricity,PT,Portugal,2015,59,
LOC,Locomotives,ELC,Electricity,PT,Portugal,2016,59,
LOC,Locomotives,ELC,Electricity,PT,Portugal,2017,59,
LOC,Locomotives,ELC,Electricity,PT,Portugal,2018,59,
LOC,Locomotives,ELC,Electricity,PT,Portugal,2019,59,
LOC,Locomotives,ELC,Electricity,PT,Portugal,2020,62,
LOC,Locomotives,ELC,Electricity,PT,Portugal,2021,69,
LOC,Locomotives,ELC,Electricity,PT,Portugal,2022,70,
LOC,Locomotives,ELC,Electricity,PT,Portugal,2023,72,
LOC,Locomotives,ELC,Electricity,PT,Portugal,2024,69,
LOC,Locomotives,ELC,Electricity,RO,Romania,1990,1079,
LOC,Locomotives,ELC,Electricity,RO,Romania,1991,1061,
LOC,Locomotives,ELC,Electricity,RO,Romania,1992,1061,
LOC,Locomotives,ELC,Electricity,RO,Romania,1993,1060,
LOC,Locomotives,ELC,Electricity,RO,Romania,1994,1060,
LOC,Locomotives,ELC,Electricity,RO,Romania,1995,1060,
LOC,Locomotives,ELC,Electricity,RO,Romania,1996,1060,
LOC,Locomotives,ELC,Electricity,RO,Romania,1997,1061,
LOC,Locomotives,ELC,Electricity,RO,Romania,1998,1084,
LOC,Locomotives,ELC,Electricity,RO,Romania,1999,1054,
LOC,Locomotives,ELC,Electricity,RO,Romania,2000,1060,
LOC,Locomotives,ELC,Electricity,RO,Romania,2001,1045,
LOC,Locomotives,ELC,Electricity,RO,Romania,2002,1033,
LOC,Locomotives,ELC,Electricity,RO,Romania,2004,764,
LOC,Locomotives,ELC,Electricity,RO,Romania,2005,776,
LOC,Locomotives,ELC,Electricity,RO,Romania,2006,751,
LOC,Locomotives,ELC,Electricity,RO,Romania,2007,751,
LOC,Locomotives,ELC,Electricity,RO,Romania,2008,719,
LOC,Locomotives,ELC,Electricity,RO,Romania,2009,689,
LOC,Locomotives,ELC,Electricity,RO,Romania,2010,683,
LOC,Locomotives,ELC,Electricity,RO,Romania,2011,680,
LOC,Locomotives,ELC,Electricity,RO,Romania,2012,679,
LOC,Locomotives,ELC,Electricity,RO,Romania,2013,679,
LOC,Locomotives,ELC,Electricity,RO,Romania,2014,675,
LOC,Locomotives,ELC,Electricity,RO,Romania,2015,673,
LOC,Locomotives,ELC,Electricity,RO,Romania,2016,673,
LOC,Locomotives,ELC,Electricity,RO,Romania,2017,673,
LOC,Locomotives,ELC,Electricity,RO,Romania,2018,673,
LOC,Locomotives,ELC,Electricity,RO,Romania,2019,1005,b
LOC,Locomotives,ELC,Electricity,RO,Romania,2020,867,
LOC,Locomotives,ELC,Electricity,RO,Romania,2021,935,
LOC,Locomotives,ELC,Electricity,RO,Romania,2022,892,
LOC,Locomotives,ELC,Electricity,RO,Romania,2023,915,
LOC,Locomotives,ELC,Electricity,RO,Romania,2024,935,
LOC,Locomotives,ELC,Electricity,RS,Serbia,2006,148,
LOC,Locomotives,ELC,Electricity,RS,Serbia,2007,144,
LOC,Locomotives,ELC,Electricity,RS,Serbia,2008,144,
LOC,Locomotives,ELC,Electricity,RS,Serbia,2009,143,
LOC,Locomotives,ELC,Electricity,RS,Serbia,2010,143,
LOC,Locomotives,ELC,Electricity,RS,Serbia,2011,143,
LOC,Locomotives,ELC,Electricity,RS,Serbia,2013,143,
LOC,Locomotives,ELC,Electricity,RS,Serbia,2014,143,
LOC,Locomotives,ELC,Electricity,RS,Serbia,2015,138,
LOC,Locomotives,ELC,Electricity,RS,Serbia,2016,133,
LOC,Locomotives,ELC,Electricity,RS,Serbia,2017,111,
LOC,Locomotives,ELC,Electricity,RS,Serbia,2019,122,
LOC,Locomotives,ELC,Electricity,RS,Serbia,2020,131,
LOC,Locomotives,ELC,Electricity,RS,Serbia,2021,140,
LOC,Locomotives,ELC,Electricity,RS,Serbia,2022,130,
LOC,Locomotives,ELC,Electricity,RS,Serbia,2023,130,
LOC,Locomotives,ELC,Electricity,RS,Serbia,2024,131,
LOC,Locomotives,ELC,Electricity,SE,Sweden,1990,659,
LOC,Locomotives,ELC,Electricity,SE,Sweden,1991,567,
LOC,Locomotives,ELC,Electricity,SE,Sweden,1992,516,
LOC,Locomotives,ELC,Electricity,SE,Sweden,1993,471,
LOC,Locomotives,ELC,Electricity,SE,Sweden,1994,470,
LOC,Locomotives,ELC,Electricity,SE,Sweden,1995,446,
LOC,Locomotives,ELC,Electricity,SE,Sweden,1996,415,
LOC,Locomotives,ELC,Electricity,SE,Sweden,1997,415,
LOC,Locomotives,ELC,Electricity,SE,Sweden,1998,417,
LOC,Locomotives,ELC,Electricity,SE,Sweden,1999,414,
LOC,Locomotives,ELC,Electricity,SE,Sweden,2000,402,
LOC,Locomotives,ELC,Electricity,SE,Sweden,2001,402,
LOC,Locomotives,ELC,Electricity,SE,Sweden,2002,401,
LOC,Locomotives,ELC,Electricity,SE,Sweden,2003,406,
LOC,Locomotives,ELC,Electricity,SE,Sweden,2004,415,
LOC,Locomotives,ELC,Electricity,SE,Sweden,2005,414,
LOC,Locomotives,ELC,Electricity,SE,Sweden,2006,425,
LOC,Locomotives,ELC,Electricity,SE,Sweden,2007,424,
LOC,Locomotives,ELC,Electricity,SE,Sweden,2008,431,
LOC,Locomotives,ELC,Electricity,SE,Sweden,2009,444,
LOC,Locomotives,ELC,Electricity,SE,Sweden,2010,458,
LOC,Locomotives,ELC,Electricity,SE,Sweden,2011,470,
LOC,Locomotives,ELC,Electricity,SE,Sweden,2012,455,
LOC,Locomotives,ELC,Electricity,SE,Sweden,2013,436,
LOC,Locomotives,ELC,Electricity,SE,Sweden,2014,441,
LOC,Locomotives,ELC,Electricity,SE,Sweden,2015,435,
LOC,Locomotives,ELC,Electricity,SE,Sweden,2016,427,
LOC,Locomotives,ELC,Electricity,SE,Sweden,2017,430,
LOC,Locomotives,ELC,Electricity,SE,Sweden,2018,440,
LOC,Locomotives,ELC,Electricity,SE,Sweden,2019,432,
LOC,Locomotives,ELC,Electricity,SE,Sweden,2020,439,
LOC,Locomotives,ELC,Electricity,SE,Sweden,2021,453,
LOC,Locomotives,ELC,Electricity,SE,Sweden,2022,470,
LOC,Locomotives,ELC,Electricity,SE,Sweden,2023,505,
LOC,Locomotives,ELC,Electricity,SE,Sweden,2024,503,
LOC,Locomotives,ELC,Electricity,SI,Slovenia,1990,99,
LOC,Locomotives,ELC,Electricity,SI,Slovenia,1991,95,
LOC,Locomotives,ELC,Electricity,SI,Slovenia,1992,95,
LOC,Locomotives,ELC,Electricity,SI,Slovenia,1993,95,
LOC,Locomotives,ELC,Electricity,SI,Slovenia,1994,95,
LOC,Locomotives,ELC,Electricity,SI,Slovenia,1995,95,
LOC,Locomotives,ELC,Electricity,SI,Slovenia,1996,95,
LOC,Locomotives,ELC,Electricity,SI,Slovenia,1997,95,
LOC,Locomotives,ELC,Electricity,SI,Slovenia,1998,95,
LOC,Locomotives,ELC,Electricity,SI,Slovenia,1999,88,
LOC,Locomotives,ELC,Electricity,SI,Slovenia,2000,87,
LOC,Locomotives,ELC,Electricity,SI,Slovenia,2001,87,
LOC,Locomotives,ELC,Electricity,SI,Slovenia,2002,83,
LOC,Locomotives,ELC,Electricity,SI,Slovenia,2003,76,
LOC,Locomotives,ELC,Electricity,SI,Slovenia,2004,76,
LOC,Locomotives,ELC,Electricity,SI,Slovenia,2005,71,
LOC,Locomotives,ELC,Electricity,SI,Slovenia,2006,83,
LOC,Locomotives,ELC,Electricity,SI,Slovenia,2007,88,
LOC,Locomotives,ELC,Electricity,SI,Slovenia,2008,82,
LOC,Locomotives,ELC,Electricity,SI,Slovenia,2009,86,
LOC,Locomotives,ELC,Electricity,SI,Slovenia,2010,84,
LOC,Locomotives,ELC,Electricity,SI,Slovenia,2011,78,
LOC,Locomotives,ELC,Electricity,SI,Slovenia,2012,78,
LOC,Locomotives,ELC,Electricity,SI,Slovenia,2013,78,
LOC,Locomotives,ELC,Electricity,SI,Slovenia,2014,78,
LOC,Locomotives,ELC,Electricity,SI,Slovenia,2015,78,
LOC,Locomotives,ELC,Electricity,SI,Slovenia,2016,78,
LOC,Locomotives,ELC,Electricity,SI,Slovenia,2017,78,
LOC,Locomotives,ELC,Electricity,SI,Slovenia,2018,78,
LOC,Locomotives,ELC,Electricity,SI,Slovenia,2019,78,
LOC,Locomotives,ELC,Electricity,SI,Slovenia,2020,79,
LOC,Locomotives,ELC,Electricity,SI,Slovenia,2021,79,
LOC,Locomotives,ELC,Electricity,SI,Slovenia,2022,79,
LOC,Locomotives,ELC,Electricity,SI,Slovenia,2023,77,
LOC,Locomotives,ELC,Electricity,SI,Slovenia,2024,77,
LOC,Locomotives,ELC,Electricity,SK,Slovakia,1992,590,
LOC,Locomotives,ELC,Electricity,SK,Slovakia,1993,580,
LOC,Locomotives,ELC,Electricity,SK,Slovakia,1994,578,
LOC,Locomotives,ELC,Electricity,SK,Slovakia,1995,574,
LOC,Locomotives,ELC,Electricity,SK,Slovakia,1996,566,
LOC,Locomotives,ELC,Electricity,SK,Slovakia,1997,563,
LOC,Locomotives,ELC,Electricity,SK,Slovakia,1998,564,
LOC,Locomotives,ELC,Electricity,SK,Slovakia,1999,564,
LOC,Locomotives,ELC,Electricity,SK,Slovakia,2000,556,
LOC,Locomotives,ELC,Electricity,SK,Slovakia,2001,537,
LOC,Locomotives,ELC,Electricity,SK,Slovakia,2002,538,
LOC,Locomotives,ELC,Electricity,SK,Slovakia,2003,528,
LOC,Locomotives,ELC,Electricity,SK,Slovakia,2004,517,
LOC,Locomotives,ELC,Electricity,SK,Slovakia,2005,460,
LOC,Locomotives,ELC,Electricity,SK,Slovakia,2006,460,
LOC,Locomotives,ELC,Electricity,SK,Slovakia,2007,488,
LOC,Locomotives,ELC,Electricity,SK,Slovakia,2008,482,
LOC,Locomotives,ELC,Electricity,SK,Slovakia,2009,481,
LOC,Locomotives,ELC,Electricity,SK,Slovakia,2010,478,
LOC,Locomotives,ELC,Electricity,SK,Slovakia,2011,484,
LOC,Locomotives,ELC,Electricity,SK,Slovakia,2012,485,
LOC,Locomotives,ELC,Electricity,SK,Slovakia,2013,487,
LOC,Locomotives,ELC,Electricity,SK,Slovakia,2014,479,
LOC,Locomotives,ELC,Electricity,SK,Slovakia,2015,484,
LOC,Locomotives,ELC,Electricity,SK,Slovakia,2016,485,
LOC,Locomotives,ELC,Electricity,SK,Slovakia,2017,463,
LOC,Locomotives,ELC,Electricity,SK,Slovakia,2018,442,
LOC,Locomotives,ELC,Electricity,SK,Slovakia,2019,445,
LOC,Locomotives,ELC,Electricity,SK,Slovakia,2020,462,
LOC,Locomotives,ELC,Electricity,SK,Slovakia,2021,457,
LOC,Locomotives,ELC,Electricity,SK,Slovakia,2022,441,
LOC,Locomotives,ELC,Electricity,SK,Slovakia,2023,452,
LOC,Locomotives,ELC,Electricity,SK,Slovakia,2024,466,
LOC,Locomotives,ELC,Electricity,TR,Türkiye,1990,33,
LOC,Locomotives,ELC,Electricity,TR,Türkiye,1992,52,
LOC,Locomotives,ELC,Electricity,TR,Türkiye,1993,59,
LOC,Locomotives,ELC,Electricity,TR,Türkiye,1994,59,
LOC,Locomotives,ELC,Electricity,TR,Türkiye,1995,59,
LOC,Locomotives,ELC,Electricity,TR,Türkiye,1996,59,
LOC,Locomotives,ELC,Electricity,TR,Türkiye,1997,60,
LOC,Locomotives,ELC,Electricity,TR,Türkiye,1998,68,
LOC,Locomotives,ELC,Electricity,TR,Türkiye,1999,77,
LOC,Locomotives,ELC,Electricity,TR,Türkiye,2000,80,
LOC,Locomotives,ELC,Electricity,TR,Türkiye,2001,78,
LOC,Locomotives,ELC,Electricity,TR,Türkiye,2002,74,
LOC,Locomotives,ELC,Electricity,TR,Türkiye,2003,74,
LOC,Locomotives,ELC,Electricity,TR,Türkiye,2004,73,
LOC,Locomotives,ELC,Electricity,TR,Türkiye,2005,71,
LOC,Locomotives,ELC,Electricity,TR,Türkiye,2006,67,
LOC,Locomotives,ELC,Electricity,TR,Türkiye,2007,67,
LOC,Locomotives,ELC,Electricity,TR,Türkiye,2008,64,
LOC,Locomotives,ELC,Electricity,TR,Türkiye,2009,64,
LOC,Locomotives,ELC,Electricity,TR,Türkiye,2010,64,
LOC,Locomotives,ELC,Electricity,TR,Türkiye,2011,45,
LOC,Locomotives,ELC,Electricity,TR,Türkiye,2012,56,
LOC,Locomotives,ELC,Electricity,TR,Türkiye,2013,53,
LOC,Locomotives,ELC,Electricity,TR,Türkiye,2014,80,
LOC,Locomotives,ELC,Electricity,TR,Türkiye,2015,106,
LOC,Locomotives,ELC,Electricity,TR,Türkiye,2016,125,
LOC,Locomotives,ELC,Electricity,TR,Türkiye,2017,125,
LOC,Locomotives,ELC,Electricity,TR,Türkiye,2018,125,
LOC,Locomotives,ELC,Electricity,TR,Türkiye,2019,140,
LOC,Locomotives,ELC,Electricity,TR,Türkiye,2020,125,
LOC,Locomotives,ELC,Electricity,TR,Türkiye,2023,132,
LOC,Locomotives,ELC,Electricity,TR,Türkiye,2024,134,
LOC,Locomotives,ELC,Electricity,UA,Ukraine,1992,1946,
LOC,Locomotives,ELC,Electricity,UA,Ukraine,1993,1944,
LOC,Locomotives,ELC,Electricity,UA,Ukraine,1994,1949,
LOC,Locomotives,ELC,Electricity,UA,Ukraine,1995,1945,
LOC,Locomotives,ELC,Electricity,UA,Ukraine,1996,1907,
LOC,Locomotives,ELC,Electricity,UA,Ukraine,1997,1874,
LOC,Locomotives,ELC,Electricity,UA,Ukraine,1998,1848,
LOC,Locomotives,ELC,Electricity,UA,Ukraine,1999,1811,
LOC,Locomotives,ELC,Electricity,UA,Ukraine,2000,1796,
LOC,Locomotives,ELC,Electricity,UA,Ukraine,2001,1791,
LOC,Locomotives,ELC,Electricity,UA,Ukraine,2012,1824,
LOC,Locomotives,ELC,Electricity,UA,Ukraine,2013,1765,
LOC,Locomotives,ELC,Electricity,UA,Ukraine,2014,1720,
LOC,Locomotives,ELC,Electricity,UA,Ukraine,2015,1720,
LOC,Locomotives,ELC,Electricity,UA,Ukraine,2016,1720,
LOC,Locomotives,ELC,Electricity,UA,Ukraine,2017,1627,
LOC,Locomotives,ELC,Electricity,UA,Ukraine,2018,1627,
LOC,Locomotives,ELC,Electricity,UA,Ukraine,2019,1628,
LOC,Locomotives,ELC,Electricity,UA,Ukraine,2020,1595,
LOC,Locomotives,ELC,Electricity,UA,Ukraine,2021,1595,
LOC,Locomotives,ELC,Electricity,UA,Ukraine,2022,1595,
LOC,Locomotives,ELC,Electricity,UA,Ukraine,2023,1595,
LOC,Locomotives,ELC,Electricity,UK,United Kingdom,1990,278,
LOC,Locomotives,ELC,Electricity,UK,United Kingdom,1991,263,
LOC,Locomotives,ELC,Electricity,UK,United Kingdom,1992,260,
LOC,Locomotives,ELC,Electricity,UK,United Kingdom,1993,260,
LOC,Locomotives,ELC,Electricity,UK,United Kingdom,1994,258,
LOC,Locomotives,ELC,Electricity,XK,Kosovo*,2017,0,
LOC,Locomotives,ELC,Electricity,XK,Kosovo*,2018,0,
LOC,Locomotives,ELC,Electricity,XK,Kosovo*,2019,0,
LOC,Locomotives,ELC,Electricity,XK,Kosovo*,2020,0,
LOC,Locomotives,ELC,Electricity,XK,Kosovo*,2021,0,
LOC,Locomotives,TOTAL,Total,AL,Albania,1993,76,
LOC,Locomotives,TOTAL,Total,AL,Albania,1994,81,
LOC,Locomotives,TOTAL,Total,AL,Albania,1995,81,
LOC,Locomotives,TOTAL,Total,AL,Albania,1996,72,
LOC,Locomotives,TOTAL,Total,AL,Albania,1997,70,
LOC,Locomotives,TOTAL,Total,AL,Albania,1998,68,
LOC,Locomotives,TOTAL,Total,AL,Albania,1999,68,
LOC,Locomotives,TOTAL,Total,AL,Albania,2000,68,
LOC,Locomotives,TOTAL,Total,AL,Albania,2001,68,
LOC,Locomotives,TOTAL,Total,AL,Albania,2002,58,
LOC,Locomotives,TOTAL,Total,AL,Albania,2013,52,
LOC,Locomotives,TOTAL,Total,AL,Albania,2014,52,
LOC,Locomotives,TOTAL,Total,AL,Albania,2015,38,
LOC,Locomotives,TOTAL,Total,AL,Albania,2016,38,
LOC,Locomotives,TOTAL,Total,AL,Albania,2017,38,
LOC,Locomotives,TOTAL,Total,AL,Albania,2018,34,
LOC,Locomotives,TOTAL,Total,AL,Albania,2019,34,
LOC,Locomotives,TOTAL,Total,AL,Albania,2020,21,
LOC,Locomotives,TOTAL,Total,AL,Albania,2021,21,
LOC,Locomotives,TOTAL,Total,AL,Albania,2022,18,
LOC,Locomotives,TOTAL,Total,AL,Albania,2023,18,
LOC,Locomotives,TOTAL,Total,AL,Albania,2024,18,
LOC,Locomotives,TOTAL,Total,AT,Austria,1990,1232,
LOC,Locomotives,TOTAL,Total,AT,Austria,1991,1263,
LOC,Locomotives,TOTAL,Total,AT,Austria,1992,1277,
LOC,Locomotives,TOTAL,Total,AT,Austria,1993,1245,
LOC,Locomotives,TOTAL,Total,AT,Austria,1994,1360,
LOC,Locomotives,TOTAL,Total,AT,Austria,1995,1333,
LOC,Locomotives,TOTAL,Total,AT,Austria,1996,1327,
LOC,Locomotives,TOTAL,Total,AT,Austria,1997,1328,
LOC,Locomotives,TOTAL,Total,AT,Austria,2007,1447,
LOC,Locomotives,TOTAL,Total,AT,Austria,2010,1436,
LOC,Locomotives,TOTAL,Total,AT,Austria,2011,1428,
LOC,Locomotives,TOTAL,Total,AT,Austria,2012,1479,
LOC,Locomotives,TOTAL,Total,AT,Austria,2013,1366,
LOC,Locomotives,TOTAL,Total,AT,Austria,2014,1367,
LOC,Locomotives,TOTAL,Total,AT,Austria,2015,1314,
LOC,Locomotives,TOTAL,Total,AT,Austria,2016,1272,
LOC,Locomotives,TOTAL,Total,AT,Austria,2017,1258,
LOC,Locomotives,TOTAL,Total,AT,Austria,2018,1206,
LOC,Locomotives,TOTAL,Total,AT,Austria,2019,1226,
LOC,Locomotives,TOTAL,Total,AT,Austria,2020,1287,
LOC,Locomotives,TOTAL,Total,AT,Austria,2021,1248,
LOC,Locomotives,TOTAL,Total,AT,Austria,2022,1207,
LOC,Locomotives,TOTAL,Total,AT,Austria,2023,1193,
LOC,Locomotives,TOTAL,Total,AT,Austria,2024,1275,
LOC,Locomotives,TOTAL,Total,BA,Bosnia and Herzegovina,1992,174,
LOC,Locomotives,TOTAL,Total,BA,Bosnia and Herzegovina,1999,155,
LOC,Locomotives,TOTAL,Total,BA,Bosnia and Herzegovina,2000,182,
LOC,Locomotives,TOTAL,Total,BA,Bosnia and Herzegovina,2001,183,
LOC,Locomotives,TOTAL,Total,BA,Bosnia and Herzegovina,2010,168,
LOC,Locomotives,TOTAL,Total,BA,Bosnia and Herzegovina,2011,168,
LOC,Locomotives,TOTAL,Total,BA,Bosnia and Herzegovina,2012,168,
LOC,Locomotives,TOTAL,Total,BA,Bosnia and Herzegovina,2013,168,
LOC,Locomotives,TOTAL,Total,BA,Bosnia and Herzegovina,2014,168,
LOC,Locomotives,TOTAL,Total,BA,Bosnia and Herzegovina,2015,168,
LOC,Locomotives,TOTAL,Total,BA,Bosnia and Herzegovina,2016,168,
LOC,Locomotives,TOTAL,Total,BA,Bosnia and Herzegovina,2017,168,
LOC,Locomotives,TOTAL,Total,BA,Bosnia and Herzegovina,2018,168,
LOC,Locomotives,TOTAL,Total,BA,Bosnia and Herzegovina,2019,168,
LOC,Locomotives,TOTAL,Total,BA,Bosnia and Herzegovina,2020,168,
LOC,Locomotives,TOTAL,Total,BA,Bosnia and Herzegovina,2021,168,
LOC,Locomotives,TOTAL,Total,BA,Bosnia and Herzegovina,2022,168,
LOC,Locomotives,TOTAL,Total,BA,Bosnia and Herzegovina,2023,168,
LOC,Locomotives,TOTAL,Total,BA,Bosnia and Herzegovina,2024,168,
LOC,Locomotives,TOTAL,Total,BE,Belgium,1990,1040,
LOC,Locomotives,TOTAL,Total,BE,Belgium,1991,1040,
LOC,Locomotives,TOTAL,Total,BE,Belgium,1992,1031,
LOC,Locomotives,TOTAL,Total,BE,Belgium,1993,1040,
LOC,Locomotives,TOTAL,Total,BE,Belgium,1994,963,
LOC,Locomotives,TOTAL,Total,BE,Belgium,1995,977,
LOC,Locomotives,TOTAL,Total,BE,Belgium,1996,967,
LOC,Locomotives,TOTAL,Total,BE,Belgium,1997,950,
LOC,Locomotives,TOTAL,Total,BE,Belgium,1998,943,
LOC,Locomotives,TOTAL,Total,BE,Belgium,1999,939,
LOC,Locomotives,TOTAL,Total,BE,Belgium,2000,969,
LOC,Locomotives,TOTAL,Total,BE,Belgium,2001,965,
LOC,Locomotives,TOTAL,Total,BE,Belgium,2002,914,
LOC,Locomotives,TOTAL,Total,BE,Belgium,2003,762,
LOC,Locomotives,TOTAL,Total,BE,Belgium,2004,769,
LOC,Locomotives,TOTAL,Total,BE,Belgium,2005,760,
LOC,Locomotives,TOTAL,Total,BE,Belgium,2006,717,
LOC,Locomotives,TOTAL,Total,BE,Belgium,2007,698,
LOC,Locomotives,TOTAL,Total,BE,Belgium,2008,644,
LOC,Locomotives,TOTAL,Total,BE,Belgium,2009,570,
LOC,Locomotives,TOTAL,Total,BE,Belgium,2021,599,i
LOC,Locomotives,TOTAL,Total,BE,Belgium,2023,599,
LOC,Locomotives,TOTAL,Total,BE,Belgium,2024,673,i
LOC,Locomotives,TOTAL,Total,BG,Bulgaria,1990,1111,
LOC,Locomotives,TOTAL,Total,BG,Bulgaria,1991,965,
LOC,Locomotives,TOTAL,Total,BG,Bulgaria,1992,943,
LOC,Locomotives,TOTAL,Total,BG,Bulgaria,1993,939,
LOC,Locomotives,TOTAL,Total,BG,Bulgaria,1994,878,
LOC,Locomotives,TOTAL,Total,BG,Bulgaria,1995,872,
LOC,Locomotives,TOTAL,Total,BG,Bulgaria,1996,813,
LOC,Locomotives,TOTAL,Total,BG,Bulgaria,1997,773,
LOC,Locomotives,TOTAL,Total,BG,Bulgaria,1998,715,
LOC,Locomotives,TOTAL,Total,BG,Bulgaria,1999,714,
LOC,Locomotives,TOTAL,Total,BG,Bulgaria,2000,683,
LOC,Locomotives,TOTAL,Total,BG,Bulgaria,2001,674,
LOC,Locomotives,TOTAL,Total,BG,Bulgaria,2002,603,
LOC,Locomotives,TOTAL,Total,BG,Bulgaria,2003,603,
LOC,Locomotives,TOTAL,Total,BG,Bulgaria,2004,580,
LOC,Locomotives,TOTAL,Total,BG,Bulgaria,2008,558,
LOC,Locomotives,TOTAL,Total,BG,Bulgaria,2009,533,
LOC,Locomotives,TOTAL,Total,BG,Bulgaria,2010,484,
LOC,Locomotives,TOTAL,Total,BG,Bulgaria,2011,456,
LOC,Locomotives,TOTAL,Total,BG,Bulgaria,2012,439,
LOC,Locomotives,TOTAL,Total,BG,Bulgaria,2013,458,
LOC,Locomotives,TOTAL,Total,BG,Bulgaria,2021,414,i
LOC,Locomotives,TOTAL,Total,BG,Bulgaria,2023,414,i
LOC,Locomotives,TOTAL,Total,BG,Bulgaria,2024,447,i
LOC,Locomotives,TOTAL,Total,CH,Switzerland,1990,1435,
LOC,Locomotives,TOTAL,Total,CH,Switzerland,1991,1430,
LOC,Locomotives,TOTAL,Total,CH,Switzerland,1992,1469,
LOC,Locomotives,TOTAL,Total,CH,Switzerland,1993,1488,
LOC,Locomotives,TOTAL,Total,CH,Switzerland,1994,1495,
LOC,Locomotives,TOTAL,Total,CH,Switzerland,1995,1454,
LOC,Locomotives,TOTAL,Total,CH,Switzerland,1996,1393,
LOC,Locomotives,TOTAL,Total,CH,Switzerland,2023,823,i
LOC,Locomotives,TOTAL,Total,CH,Switzerland,2024,822,i
LOC,Locomotives,TOTAL,Total,CZ,Czechia,1993,3027,
LOC,Locomotives,TOTAL,Total,CZ,Czechia,1994,2928,
LOC,Locomotives,TOTAL,Total,CZ,Czechia,1995,2968,
LOC,Locomotives,TOTAL,Total,CZ,Czechia,1996,2961,
LOC,Locomotives,TOTAL,Total,CZ,Czechia,1997,2973,
LOC,Locomotives,TOTAL,Total,CZ,Czechia,1998,2923,
LOC,Locomotives,TOTAL,Total,CZ,Czechia,1999,2851,
LOC,Locomotives,TOTAL,Total,CZ,Czechia,2000,2829,
LOC,Locomotives,TOTAL,Total,CZ,Czechia,2001,2639,
LOC,Locomotives,TOTAL,Total,CZ,Czechia,2002,2476,
LOC,Locomotives,TOTAL,Total,CZ,Czechia,2003,2478,
LOC,Locomotives,TOTAL,Total,CZ,Czechia,2004,2456,
LOC,Locomotives,TOTAL,Total,CZ,Czechia,2005,2350,
LOC,Locomotives,TOTAL,Total,CZ,Czechia,2006,2472,
LOC,Locomotives,TOTAL,Total,CZ,Czechia,2007,2414,
LOC,Locomotives,TOTAL,Total,CZ,Czechia,2008,2222,
LOC,Locomotives,TOTAL,Total,CZ,Czechia,2009,2054,
LOC,Locomotives,TOTAL,Total,CZ,Czechia,2010,2085,
LOC,Locomotives,TOTAL,Total,CZ,Czechia,2011,2076,
LOC,Locomotives,TOTAL,Total,CZ,Czechia,2012,2088,
LOC,Locomotives,TOTAL,Total,CZ,Czechia,2013,1932,
LOC,Locomotives,TOTAL,Total,CZ,Czechia,2014,1895,
LOC,Locomotives,TOTAL,Total,CZ,Czechia,2015,1920,
LOC,Locomotives,TOTAL,Total,CZ,Czechia,2016,2003,
LOC,Locomotives,TOTAL,Total,CZ,Czechia,2017,2010,
LOC,Locomotives,TOTAL,Total,CZ,Czechia,2018,1999,
LOC,Locomotives,TOTAL,Total,CZ,Czechia,2019,2004,
LOC,Locomotives,TOTAL,Total,CZ,Czechia,2020,1999,
LOC,Locomotives,TOTAL,Total,CZ,Czechia,2021,2155,
LOC,Locomotives,TOTAL,Total,CZ,Czechia,2022,2178,
LOC,Locomotives,TOTAL,Total,CZ,Czechia,2023,2145,
LOC,Locomotives,TOTAL,Total,CZ,Czechia,2024,2087,
LOC,Locomotives,TOTAL,Total,DE,Germany,1991,11580,
LOC,Locomotives,TOTAL,Total,DE,Germany,1992,11319,
LOC,Locomotives,TOTAL,Total,DE,Germany,1993,10528,
LOC,Locomotives,TOTAL,Total,DE,Germany,1994,10028,
LOC,Locomotives,TOTAL,Total,DE,Germany,1995,8985,
LOC,Locomotives,TOTAL,Total,DE,Germany,1996,8814,
LOC,Locomotives,TOTAL,Total,DE,Germany,1997,8589,
LOC,Locomotives,TOTAL,Total,DE,Germany,1998,7897,
LOC,Locomotives,TOTAL,Total,DE,Germany,1999,7449,
LOC,Locomotives,TOTAL,Total,DE,Germany,2000,7054,
LOC,Locomotives,TOTAL,Total,DE,Germany,2001,6127,
LOC,Locomotives,TOTAL,Total,DE,Germany,2002,5949,
LOC,Locomotives,TOTAL,Total,DE,Germany,2005,7734,
LOC,Locomotives,TOTAL,Total,DE,Germany,2010,5127,
LOC,Locomotives,TOTAL,Total,DE,Germany,2015,3032,
LOC,Locomotives,TOTAL,Total,DE,Germany,2020,4571,b
LOC,Locomotives,TOTAL,Total,DK,Denmark,1990,376,i
LOC,Locomotives,TOTAL,Total,DK,Denmark,1991,363,i
LOC,Locomotives,TOTAL,Total,DK,Denmark,1992,355,i
LOC,Locomotives,TOTAL,Total,DK,Denmark,1993,338,i
LOC,Locomotives,TOTAL,Total,DK,Denmark,1994,333,i
LOC,Locomotives,TOTAL,Total,DK,Denmark,1995,315,i
LOC,Locomotives,TOTAL,Total,DK,Denmark,1996,301,i
LOC,Locomotives,TOTAL,Total,DK,Denmark,1997,265,i
LOC,Locomotives,TOTAL,Total,DK,Denmark,1998,243,
LOC,Locomotives,TOTAL,Total,DK,Denmark,1999,239,
LOC,Locomotives,TOTAL,Total,DK,Denmark,2000,215,
LOC,Locomotives,TOTAL,Total,DK,Denmark,2001,187,
LOC,Locomotives,TOTAL,Total,DK,Denmark,2002,182,
LOC,Locomotives,TOTAL,Total,DK,Denmark,2003,192,i
LOC,Locomotives,TOTAL,Total,DK,Denmark,2004,185,i
LOC,Locomotives,TOTAL,Total,DK,Denmark,2005,183,i
LOC,Locomotives,TOTAL,Total,DK,Denmark,2006,140,i
LOC,Locomotives,TOTAL,Total,DK,Denmark,2007,133,i
LOC,Locomotives,TOTAL,Total,DK,Denmark,2008,136,
LOC,Locomotives,TOTAL,Total,DK,Denmark,2009,138,
LOC,Locomotives,TOTAL,Total,DK,Denmark,2010,131,
LOC,Locomotives,TOTAL,Total,DK,Denmark,2011,133,
LOC,Locomotives,TOTAL,Total,DK,Denmark,2012,130,
LOC,Locomotives,TOTAL,Total,DK,Denmark,2013,125,
LOC,Locomotives,TOTAL,Total,DK,Denmark,2014,129,
LOC,Locomotives,TOTAL,Total,DK,Denmark,2015,125,
LOC,Locomotives,TOTAL,Total,DK,Denmark,2016,126,
LOC,Locomotives,TOTAL,Total,DK,Denmark,2017,125,
LOC,Locomotives,TOTAL,Total,DK,Denmark,2018,122,
LOC,Locomotives,TOTAL,Total,DK,Denmark,2019,121,
LOC,Locomotives,TOTAL,Total,DK,Denmark,2020,109,
LOC,Locomotives,TOTAL,Total,DK,Denmark,2021,110,
LOC,Locomotives,TOTAL,Total,DK,Denmark,2022,119,
LOC,Locomotives,TOTAL,Total,DK,Denmark,2023,122,
LOC,Locomotives,TOTAL,Total,DK,Denmark,2024,121,
LOC,Locomotives,TOTAL,Total,EE,Estonia,1992,154,
LOC,Locomotives,TOTAL,Total,EE,Estonia,1993,148,
LOC,Locomotives,TOTAL,Total,EE,Estonia,1994,147,
LOC,Locomotives,TOTAL,Total,EE,Estonia,1995,143,
LOC,Locomotives,TOTAL,Total,EE,Estonia,1996,135,
LOC,Locomotives,TOTAL,Total,EE,Estonia,1997,116,
LOC,Locomotives,TOTAL,Total,EE,Estonia,1998,113,
LOC,Locomotives,TOTAL,Total,EE,Estonia,1999,119,
LOC,Locomotives,TOTAL,Total,EE,Estonia,2000,119,
LOC,Locomotives,TOTAL,Total,EE,Estonia,2001,119,
LOC,Locomotives,TOTAL,Total,EE,Estonia,2002,173,
LOC,Locomotives,TOTAL,Total,EE,Estonia,2003,178,
LOC,Locomotives,TOTAL,Total,EE,Estonia,2004,273,
LOC,Locomotives,TOTAL,Total,EE,Estonia,2005,265,
LOC,Locomotives,TOTAL,Total,EE,Estonia,2006,265,
LOC,Locomotives,TOTAL,Total,EE,Estonia,2007,313,
LOC,Locomotives,TOTAL,Total,EE,Estonia,2008,309,
LOC,Locomotives,TOTAL,Total,EE,Estonia,2009,306,
LOC,Locomotives,TOTAL,Total,EE,Estonia,2010,319,
LOC,Locomotives,TOTAL,Total,EE,Estonia,2011,304,
LOC,Locomotives,TOTAL,Total,EE,Estonia,2012,292,
LOC,Locomotives,TOTAL,Total,EE,Estonia,2013,294,
LOC,Locomotives,TOTAL,Total,EE,Estonia,2014,297,
LOC,Locomotives,TOTAL,Total,EE,Estonia,2015,287,
LOC,Locomotives,TOTAL,Total,EE,Estonia,2016,287,
LOC,Locomotives,TOTAL,Total,EE,Estonia,2017,281,
LOC,Locomotives,TOTAL,Total,EE,Estonia,2018,276,
LOC,Locomotives,TOTAL,Total,EE,Estonia,2019,201,
LOC,Locomotives,TOTAL,Total,EE,Estonia,2020,188,
LOC,Locomotives,TOTAL,Total,EE,Estonia,2021,172,
LOC,Locomotives,TOTAL,Total,EE,Estonia,2022,174,
LOC,Locomotives,TOTAL,Total,EE,Estonia,2023,174,
LOC,Locomotives,TOTAL,Total,EE,Estonia,2024,138,
LOC,Locomotives,TOTAL,Total,EL,Greece,1990,233,
LOC,Locomotives,TOTAL,Total,EL,Greece,1991,233,
LOC,Locomotives,TOTAL,Total,EL,Greece,1992,234,
LOC,Locomotives,TOTAL,Total,EL,Greece,1993,234,
LOC,Locomotives,TOTAL,Total,EL,Greece,1994,234,
LOC,Locomotives,TOTAL,Total,EL,Greece,1995,234,
LOC,Locomotives,TOTAL,Total,EL,Greece,1996,234,
LOC,Locomotives,TOTAL,Total,EL,Greece,1998,260,
LOC,Locomotives,TOTAL,Total,EL,Greece,1999,163,
LOC,Locomotives,TOTAL,Total,EL,Greece,2000,157,
LOC,Locomotives,TOTAL,Total,EL,Greece,2001,156,
LOC,Locomotives,TOTAL,Total,EL,Greece,2002,155,
LOC,Locomotives,TOTAL,Total,EL,Greece,2003,153,
LOC,Locomotives,TOTAL,Total,EL,Greece,2004,162,
LOC,Locomotives,TOTAL,Total,EL,Greece,2005,169,
LOC,Locomotives,TOTAL,Total,EL,Greece,2006,175,
LOC,Locomotives,TOTAL,Total,EL,Greece,2007,177,
LOC,Locomotives,TOTAL,Total,EL,Greece,2008,178,
LOC,Locomotives,TOTAL,Total,EL,Greece,2009,178,
LOC,Locomotives,TOTAL,Total,EL,Greece,2010,178,
LOC,Locomotives,TOTAL,Total,EL,Greece,2011,178,
LOC,Locomotives,TOTAL,Total,EL,Greece,2012,178,
LOC,Locomotives,TOTAL,Total,EL,Greece,2013,179,
LOC,Locomotives,TOTAL,Total,EL,Greece,2014,126,
LOC,Locomotives,TOTAL,Total,EL,Greece,2015,126,
LOC,Locomotives,TOTAL,Total,EL,Greece,2016,126,
LOC,Locomotives,TOTAL,Total,EL,Greece,2017,126,
LOC,Locomotives,TOTAL,Total,EL,Greece,2018,70,
LOC,Locomotives,TOTAL,Total,EL,Greece,2019,72,
LOC,Locomotives,TOTAL,Total,EL,Greece,2020,72,
LOC,Locomotives,TOTAL,Total,EL,Greece,2021,72,
LOC,Locomotives,TOTAL,Total,EL,Greece,2022,75,
LOC,Locomotives,TOTAL,Total,EL,Greece,2023,72,
LOC,Locomotives,TOTAL,Total,EL,Greece,2024,69,
LOC,Locomotives,TOTAL,Total,ES,Spain,1990,1287,
LOC,Locomotives,TOTAL,Total,ES,Spain,1991,1230,
LOC,Locomotives,TOTAL,Total,ES,Spain,1992,1192,
LOC,Locomotives,TOTAL,Total,ES,Spain,1993,1148,
LOC,Locomotives,TOTAL,Total,ES,Spain,1994,1128,
LOC,Locomotives,TOTAL,Total,ES,Spain,1995,1081,
LOC,Locomotives,TOTAL,Total,ES,Spain,1996,981,
LOC,Locomotives,TOTAL,Total,ES,Spain,1997,974,
LOC,Locomotives,TOTAL,Total,ES,Spain,1998,935,
LOC,Locomotives,TOTAL,Total,ES,Spain,1999,928,
LOC,Locomotives,TOTAL,Total,ES,Spain,2000,899,
LOC,Locomotives,TOTAL,Total,ES,Spain,2001,884,
LOC,Locomotives,TOTAL,Total,ES,Spain,2002,860,
LOC,Locomotives,TOTAL,Total,ES,Spain,2004,821,
LOC,Locomotives,TOTAL,Total,ES,Spain,2005,794,
LOC,Locomotives,TOTAL,Total,ES,Spain,2006,705,
LOC,Locomotives,TOTAL,Total,ES,Spain,2007,716,
LOC,Locomotives,TOTAL,Total,ES,Spain,2008,689,
LOC,Locomotives,TOTAL,Total,ES,Spain,2009,495,
LOC,Locomotives,TOTAL,Total,ES,Spain,2010,615,
LOC,Locomotives,TOTAL,Total,ES,Spain,2011,606,
LOC,Locomotives,TOTAL,Total,ES,Spain,2012,554,
LOC,Locomotives,TOTAL,Total,ES,Spain,2013,534,
LOC,Locomotives,TOTAL,Total,ES,Spain,2014,557,
LOC,Locomotives,TOTAL,Total,ES,Spain,2016,390,
LOC,Locomotives,TOTAL,Total,ES,Spain,2017,433,
LOC,Locomotives,TOTAL,Total,ES,Spain,2018,455,
LOC,Locomotives,TOTAL,Total,ES,Spain,2019,459,
LOC,Locomotives,TOTAL,Total,ES,Spain,2020,464,
LOC,Locomotives,TOTAL,Total,ES,Spain,2021,483,
LOC,Locomotives,TOTAL,Total,ES,Spain,2022,514,
LOC,Locomotives,TOTAL,Total,ES,Spain,2023,520,
LOC,Locomotives,TOTAL,Total,ES,Spain,2024,527,
LOC,Locomotives,TOTAL,Total,FI,Finland,1990,704,
LOC,Locomotives,TOTAL,Total,FI,Finland,1991,710,
LOC,Locomotives,TOTAL,Total,FI,Finland,1992,689,
LOC,Locomotives,TOTAL,Total,FI,Finland,1993,688,
LOC,Locomotives,TOTAL,Total,FI,Finland,1994,684,
LOC,Locomotives,TOTAL,Total,FI,Finland,1995,674,
LOC,Locomotives,TOTAL,Total,FI,Finland,1996,666,
LOC,Locomotives,TOTAL,Total,FI,Finland,1997,673,
LOC,Locomotives,TOTAL,Total,FI,Finland,1998,659,
LOC,Locomotives,TOTAL,Total,FI,Finland,1999,658,
LOC,Locomotives,TOTAL,Total,FI,Finland,2000,641,
LOC,Locomotives,TOTAL,Total,FI,Finland,2001,630,
LOC,Locomotives,TOTAL,Total,FI,Finland,2002,629,
LOC,Locomotives,TOTAL,Total,FI,Finland,2003,630,
LOC,Locomotives,TOTAL,Total,FI,Finland,2004,631,
LOC,Locomotives,TOTAL,Total,FI,Finland,2005,545,
LOC,Locomotives,TOTAL,Total,FI,Finland,2006,534,
LOC,Locomotives,TOTAL,Total,FI,Finland,2007,530,
LOC,Locomotives,TOTAL,Total,FI,Finland,2008,498,
LOC,Locomotives,TOTAL,Total,FI,Finland,2009,476,
LOC,Locomotives,TOTAL,Total,FI,Finland,2010,476,
LOC,Locomotives,TOTAL,Total,FI,Finland,2011,469,
LOC,Locomotives,TOTAL,Total,FI,Finland,2012,469,
LOC,Locomotives,TOTAL,Total,FI,Finland,2013,376,
LOC,Locomotives,TOTAL,Total,FI,Finland,2014,371,
LOC,Locomotives,TOTAL,Total,FI,Finland,2015,369,
LOC,Locomotives,TOTAL,Total,FI,Finland,2016,371,
LOC,Locomotives,TOTAL,Total,FI,Finland,2017,383,
LOC,Locomotives,TOTAL,Total,FI,Finland,2018,390,
LOC,Locomotives,TOTAL,Total,FI,Finland,2023,433,i
LOC,Locomotives,TOTAL,Total,FI,Finland,2024,451,
LOC,Locomotives,TOTAL,Total,FR,France,1990,5654,
LOC,Locomotives,TOTAL,Total,FR,France,1991,5667,
LOC,Locomotives,TOTAL,Total,FR,France,1992,5664,
LOC,Locomotives,TOTAL,Total,FR,France,1993,5390,
LOC,Locomotives,TOTAL,Total,FR,France,1994,5285,
LOC,Locomotives,TOTAL,Total,FR,France,1995,5295,
LOC,Locomotives,TOTAL,Total,FR,France,1996,5246,
LOC,Locomotives,TOTAL,Total,FR,France,1997,5157,
LOC,Locomotives,TOTAL,Total,FR,France,1998,5125,
LOC,Locomotives,TOTAL,Total,FR,France,1999,5006,
LOC,Locomotives,TOTAL,Total,FR,France,2000,4983,
LOC,Locomotives,TOTAL,Total,FR,France,2001,4987,
LOC,Locomotives,TOTAL,Total,FR,France,2002,4983,
LOC,Locomotives,TOTAL,Total,FR,France,2003,4836,
LOC,Locomotives,TOTAL,Total,FR,France,2004,4670,
LOC,Locomotives,TOTAL,Total,FR,France,2005,4372,
LOC,Locomotives,TOTAL,Total,FR,France,2006,3904,
LOC,Locomotives,TOTAL,Total,FR,France,2007,4053,
LOC,Locomotives,TOTAL,Total,FR,France,2008,4225,
LOC,Locomotives,TOTAL,Total,FR,France,2009,4377,
LOC,Locomotives,TOTAL,Total,FR,France,2010,4486,
LOC,Locomotives,TOTAL,Total,FR,France,2011,4573,
LOC,Locomotives,TOTAL,Total,FR,France,2012,4656,
LOC,Locomotives,TOTAL,Total,FR,France,2013,4751,
LOC,Locomotives,TOTAL,Total,FR,France,2014,4694,
LOC,Locomotives,TOTAL,Total,FR,France,2015,4701,
LOC,Locomotives,TOTAL,Total,FR,France,2016,4708,
LOC,Locomotives,TOTAL,Total,FR,France,2017,4635,
LOC,Locomotives,TOTAL,Total,FR,France,2018,4693,
LOC,Locomotives,TOTAL,Total,FR,France,2019,4572,
LOC,Locomotives,TOTAL,Total,FR,France,2020,4193,
LOC,Locomotives,TOTAL,Total,FR,France,2021,3049,
LOC,Locomotives,TOTAL,Total,FR,France,2022,2817,
LOC,Locomotives,TOTAL,Total,FR,France,2023,2787,
LOC,Locomotives,TOTAL,Total,FR,France,2024,2799,
LOC,Locomotives,TOTAL,Total,GE,Georgia,1995,464,
LOC,Locomotives,TOTAL,Total,GE,Georgia,1996,423,
LOC,Locomotives,TOTAL,Total,GE,Georgia,1997,437,
LOC,Locomotives,TOTAL,Total,GE,Georgia,1998,421,
LOC,Locomotives,TOTAL,Total,GE,Georgia,1999,407,
LOC,Locomotives,TOTAL,Total,GE,Georgia,2010,335,
LOC,Locomotives,TOTAL,Total,GE,Georgia,2018,202,
LOC,Locomotives,TOTAL,Total,GE,Georgia,2019,198,
LOC,Locomotives,TOTAL,Total,GE,Georgia,2020,190,
LOC,Locomotives,TOTAL,Total,GE,Georgia,2021,190,
LOC,Locomotives,TOTAL,Total,GE,Georgia,2022,190,
LOC,Locomotives,TOTAL,Total,GE,Georgia,2023,190,
LOC,Locomotives,TOTAL,Total,GE,Georgia,2024,190,
LOC,Locomotives,TOTAL,Total,HR,Croatia,1990,448,
LOC,Locomotives,TOTAL,Total,HR,Croatia,1991,454,
LOC,Locomotives,TOTAL,Total,HR,Croatia,1992,454,
LOC,Locomotives,TOTAL,Total,HR,Croatia,1993,464,
LOC,Locomotives,TOTAL,Total,HR,Croatia,1994,464,
LOC,Locomotives,TOTAL,Total,HR,Croatia,1995,440,
LOC,Locomotives,TOTAL,Total,HR,Croatia,1996,430,
LOC,Locomotives,TOTAL,Total,HR,Croatia,1997,430,
LOC,Locomotives,TOTAL,Total,HR,Croatia,1998,430,
LOC,Locomotives,TOTAL,Total,HR,Croatia,1999,389,
LOC,Locomotives,TOTAL,Total,HR,Croatia,2000,389,
LOC,Locomotives,TOTAL,Total,HR,Croatia,2001,304,
LOC,Locomotives,TOTAL,Total,HR,Croatia,2002,299,
LOC,Locomotives,TOTAL,Total,HR,Croatia,2003,298,
LOC,Locomotives,TOTAL,Total,HR,Croatia,2004,287,
LOC,Locomotives,TOTAL,Total,HR,Croatia,2005,278,
LOC,Locomotives,TOTAL,Total,HR,Croatia,2006,275,
LOC,Locomotives,TOTAL,Total,HR,Croatia,2007,244,
LOC,Locomotives,TOTAL,Total,HR,Croatia,2008,249,
LOC,Locomotives,TOTAL,Total,HR,Croatia,2009,253,
LOC,Locomotives,TOTAL,Total,HR,Croatia,2010,250,
LOC,Locomotives,TOTAL,Total,HR,Croatia,2011,239,
LOC,Locomotives,TOTAL,Total,HR,Croatia,2012,266,
LOC,Locomotives,TOTAL,Total,HR,Croatia,2013,266,
LOC,Locomotives,TOTAL,Total,HR,Croatia,2014,266,
LOC,Locomotives,TOTAL,Total,HR,Croatia,2015,263,
LOC,Locomotives,TOTAL,Total,HR,Croatia,2016,284,
LOC,Locomotives,TOTAL,Total,HR,Croatia,2017,285,
LOC,Locomotives,TOTAL,Total,HR,Croatia,2018,300,
LOC,Locomotives,TOTAL,Total,HR,Croatia,2019,285,
LOC,Locomotives,TOTAL,Total,HR,Croatia,2020,306,
LOC,Locomotives,TOTAL,Total,HR,Croatia,2021,260,
LOC,Locomotives,TOTAL,Total,HR,Croatia,2022,254,
LOC,Locomotives,TOTAL,Total,HR,Croatia,2023,253,
LOC,Locomotives,TOTAL,Total,HR,Croatia,2024,255,
LOC,Locomotives,TOTAL,Total,HU,Hungary,1990,1617,
LOC,Locomotives,TOTAL,Total,HU,Hungary,1991,1560,
LOC,Locomotives,TOTAL,Total,HU,Hungary,1992,1542,
LOC,Locomotives,TOTAL,Total,HU,Hungary,1993,1514,
LOC,Locomotives,TOTAL,Total,HU,Hungary,1994,1434,
LOC,Locomotives,TOTAL,Total,HU,Hungary,1995,1352,
LOC,Locomotives,TOTAL,Total,HU,Hungary,1996,1356,
LOC,Locomotives,TOTAL,Total,HU,Hungary,1997,1272,
LOC,Locomotives,TOTAL,Total,HU,Hungary,1998,1207,
LOC,Locomotives,TOTAL,Total,HU,Hungary,1999,1162,
LOC,Locomotives,TOTAL,Total,HU,Hungary,2000,1107,
LOC,Locomotives,TOTAL,Total,HU,Hungary,2001,1100,
LOC,Locomotives,TOTAL,Total,HU,Hungary,2002,1061,
LOC,Locomotives,TOTAL,Total,HU,Hungary,2003,1059,
LOC,Locomotives,TOTAL,Total,HU,Hungary,2004,1034,
LOC,Locomotives,TOTAL,Total,HU,Hungary,2005,1035,
LOC,Locomotives,TOTAL,Total,HU,Hungary,2008,1027,
LOC,Locomotives,TOTAL,Total,HU,Hungary,2009,1081,
LOC,Locomotives,TOTAL,Total,HU,Hungary,2010,1077,
LOC,Locomotives,TOTAL,Total,HU,Hungary,2011,1190,
LOC,Locomotives,TOTAL,Total,HU,Hungary,2012,1163,
LOC,Locomotives,TOTAL,Total,HU,Hungary,2013,1123,
LOC,Locomotives,TOTAL,Total,HU,Hungary,2014,1152,
LOC,Locomotives,TOTAL,Total,HU,Hungary,2015,1142,
LOC,Locomotives,TOTAL,Total,HU,Hungary,2016,1157,
LOC,Locomotives,TOTAL,Total,HU,Hungary,2017,1154,
LOC,Locomotives,TOTAL,Total,HU,Hungary,2018,1133,
LOC,Locomotives,TOTAL,Total,HU,Hungary,2019,1194,
LOC,Locomotives,TOTAL,Total,HU,Hungary,2020,1154,
LOC,Locomotives,TOTAL,Total,HU,Hungary,2021,1189,
LOC,Locomotives,TOTAL,Total,HU,Hungary,2022,1140,
LOC,Locomotives,TOTAL,Total,HU,Hungary,2023,1195,
LOC,Locomotives,TOTAL,Total,HU,Hungary,2024,1176,
LOC,Locomotives,TOTAL,Total,IE,Ireland,1990,126,
LOC,Locomotives,TOTAL,Total,IE,Ireland,1991,126,
LOC,Locomotives,TOTAL,Total,IE,Ireland,1992,156,
LOC,Locomotives,TOTAL,Total,IE,Ireland,1993,112,
LOC,Locomotives,TOTAL,Total,IE,Ireland,1994,112,
LOC,Locomotives,TOTAL,Total,IE,Ireland,1995,114,
LOC,Locomotives,TOTAL,Total,IE,Ireland,1996,114,
LOC,Locomotives,TOTAL,Total,IE,Ireland,1997,113,
LOC,Locomotives,TOTAL,Total,IE,Ireland,1998,110,
LOC,Locomotives,TOTAL,Total,IE,Ireland,1999,110,
LOC,Locomotives,TOTAL,Total,IE,Ireland,2000,107,
LOC,Locomotives,TOTAL,Total,IE,Ireland,2001,107,
LOC,Locomotives,TOTAL,Total,IE,Ireland,2012,56,
LOC,Locomotives,TOTAL,Total,IE,Ireland,2013,56,
LOC,Locomotives,TOTAL,Total,IE,Ireland,2014,56,
LOC,Locomotives,TOTAL,Total,IE,Ireland,2015,56,
LOC,Locomotives,TOTAL,Total,IE,Ireland,2016,56,
LOC,Locomotives,TOTAL,Total,IE,Ireland,2017,56,
LOC,Locomotives,TOTAL,Total,IE,Ireland,2018,56,
LOC,Locomotives,TOTAL,Total,IE,Ireland,2019,56,
LOC,Locomotives,TOTAL,Total,IE,Ireland,2020,56,
LOC,Locomotives,TOTAL,Total,IE,Ireland,2021,56,
LOC,Locomotives,TOTAL,Total,IE,Ireland,2023,55,
LOC,Locomotives,TOTAL,Total,IT,Italy,1995,3268,
LOC,Locomotives,TOTAL,Total,IT,Italy,1996,3202,
LOC,Locomotives,TOTAL,Total,IT,Italy,1997,3113,
LOC,Locomotives,TOTAL,Total,IT,Italy,1998,3144,
LOC,Locomotives,TOTAL,Total,IT,Italy,1999,3195,
LOC,Locomotives,TOTAL,Total,IT,Italy,2000,3270,
LOC,Locomotives,TOTAL,Total,IT,Italy,2002,3434,
LOC,Locomotives,TOTAL,Total,IT,Italy,2003,3375,
LOC,Locomotives,TOTAL,Total,IT,Italy,2004,3331,
LOC,Locomotives,TOTAL,Total,IT,Italy,2005,3319,
LOC,Locomotives,TOTAL,Total,IT,Italy,2006,3296,
LOC,Locomotives,TOTAL,Total,IT,Italy,2007,3140,
LOC,Locomotives,TOTAL,Total,IT,Italy,2008,3070,
LOC,Locomotives,TOTAL,Total,IT,Italy,2009,2949,
LOC,Locomotives,TOTAL,Total,IT,Italy,2010,2837,
LOC,Locomotives,TOTAL,Total,IT,Italy,2011,2488,
LOC,Locomotives,TOTAL,Total,IT,Italy,2012,2341,
LOC,Locomotives,TOTAL,Total,IT,Italy,2013,2959,
LOC,Locomotives,TOTAL,Total,IT,Italy,2014,2728,
LOC,Locomotives,TOTAL,Total,IT,Italy,2015,3103,
LOC,Locomotives,TOTAL,Total,IT,Italy,2016,3075,
LOC,Locomotives,TOTAL,Total,IT,Italy,2017,2573,
LOC,Locomotives,TOTAL,Total,IT,Italy,2018,2490,
LOC,Locomotives,TOTAL,Total,IT,Italy,2019,2561,
LOC,Locomotives,TOTAL,Total,IT,Italy,2020,2572,
LOC,Locomotives,TOTAL,Total,IT,Italy,2021,2508,
LOC,Locomotives,TOTAL,Total,IT,Italy,2022,2439,
LOC,Locomotives,TOTAL,Total,IT,Italy,2024,1968,i
LOC,Locomotives,TOTAL,Total,LT,Lithuania,1991,323,
LOC,Locomotives,TOTAL,Total,LT,Lithuania,1992,323,
LOC,Locomotives,TOTAL,Total,LT,Lithuania,1993,335,
LOC,Locomotives,TOTAL,Total,LT,Lithuania,1994,338,
LOC,Locomotives,TOTAL,Total,LT,Lithuania,1995,329,
LOC,Locomotives,TOTAL,Total,LT,Lithuania,1996,313,
LOC,Locomotives,TOTAL,Total,LT,Lithuania,1997,298,
LOC,Locomotives,TOTAL,Total,LT,Lithuania,1998,298,
LOC,Locomotives,TOTAL,Total,LT,Lithuania,1999,286,
LOC,Locomotives,TOTAL,Total,LT,Lithuania,2000,278,
LOC,Locomotives,TOTAL,Total,LT,Lithuania,2001,265,
LOC,Locomotives,TOTAL,Total,LT,Lithuania,2002,254,
LOC,Locomotives,TOTAL,Total,LT,Lithuania,2003,254,
LOC,Locomotives,TOTAL,Total,LT,Lithuania,2004,251,
LOC,Locomotives,TOTAL,Total,LT,Lithuania,2005,249,
LOC,Locomotives,TOTAL,Total,LT,Lithuania,2006,252,
LOC,Locomotives,TOTAL,Total,LT,Lithuania,2007,252,
LOC,Locomotives,TOTAL,Total,LT,Lithuania,2008,260,
LOC,Locomotives,TOTAL,Total,LT,Lithuania,2009,267,
LOC,Locomotives,TOTAL,Total,LT,Lithuania,2010,271,
LOC,Locomotives,TOTAL,Total,LT,Lithuania,2011,265,
LOC,Locomotives,TOTAL,Total,LT,Lithuania,2012,253,
LOC,Locomotives,TOTAL,Total,LT,Lithuania,2013,267,
LOC,Locomotives,TOTAL,Total,LT,Lithuania,2014,239,
LOC,Locomotives,TOTAL,Total,LT,Lithuania,2015,229,
LOC,Locomotives,TOTAL,Total,LT,Lithuania,2016,230,
LOC,Locomotives,TOTAL,Total,LT,Lithuania,2017,216,
LOC,Locomotives,TOTAL,Total,LT,Lithuania,2018,216,
LOC,Locomotives,TOTAL,Total,LT,Lithuania,2019,211,
LOC,Locomotives,TOTAL,Total,LT,Lithuania,2020,214,
LOC,Locomotives,TOTAL,Total,LT,Lithuania,2021,218,
LOC,Locomotives,TOTAL,Total,LT,Lithuania,2022,206,
LOC,Locomotives,TOTAL,Total,LT,Lithuania,2023,189,
LOC,Locomotives,TOTAL,Total,LT,Lithuania,2024,183,
LOC,Locomotives,TOTAL,Total,LU,Luxembourg,1990,80,
LOC,Locomotives,TOTAL,Total,LU,Luxembourg,1991,80,
LOC,Locomotives,TOTAL,Total,LU,Luxembourg,1992,80,
LOC,Locomotives,TOTAL,Total,LU,Luxembourg,2006,90,
LOC,Locomotives,TOTAL,Total,LU,Luxembourg,2007,61,
LOC,Locomotives,TOTAL,Total,LU,Luxembourg,2008,60,
LOC,Locomotives,TOTAL,Total,LU,Luxembourg,2009,63,
LOC,Locomotives,TOTAL,Total,LU,Luxembourg,2010,46,
LOC,Locomotives,TOTAL,Total,LU,Luxembourg,2011,43,
LOC,Locomotives,TOTAL,Total,LU,Luxembourg,2012,98,
LOC,Locomotives,TOTAL,Total,LU,Luxembourg,2013,92,
LOC,Locomotives,TOTAL,Total,LU,Luxembourg,2014,89,
LOC,Locomotives,TOTAL,Total,LU,Luxembourg,2015,74,
LOC,Locomotives,TOTAL,Total,LU,Luxembourg,2016,73,
LOC,Locomotives,TOTAL,Total,LU,Luxembourg,2017,74,
LOC,Locomotives,TOTAL,Total,LU,Luxembourg,2018,72,
LOC,Locomotives,TOTAL,Total,LU,Luxembourg,2019,72,
LOC,Locomotives,TOTAL,Total,LU,Luxembourg,2020,75,
LOC,Locomotives,TOTAL,Total,LU,Luxembourg,2021,71,
LOC,Locomotives,TOTAL,Total,LU,Luxembourg,2022,67,
LOC,Locomotives,TOTAL,Total,LU,Luxembourg,2023,68,
LOC,Locomotives,TOTAL,Total,LU,Luxembourg,2024,67,
LOC,Locomotives,TOTAL,Total,LV,Latvia,1990,484,
LOC,Locomotives,TOTAL,Total,LV,Latvia,1992,431,
LOC,Locomotives,TOTAL,Total,LV,Latvia,1993,411,
LOC,Locomotives,TOTAL,Total,LV,Latvia,1994,369,
LOC,Locomotives,TOTAL,Total,LV,Latvia,1995,349,
LOC,Locomotives,TOTAL,Total,LV,Latvia,1996,322,
LOC,Locomotives,TOTAL,Total,LV,Latvia,1997,308,
LOC,Locomotives,TOTAL,Total,LV,Latvia,1998,288,
LOC,Locomotives,TOTAL,Total,LV,Latvia,1999,270,
LOC,Locomotives,TOTAL,Total,LV,Latvia,2000,248,
LOC,Locomotives,TOTAL,Total,LV,Latvia,2001,232,
LOC,Locomotives,TOTAL,Total,LV,Latvia,2002,229,
LOC,Locomotives,TOTAL,Total,LV,Latvia,2003,229,
LOC,Locomotives,TOTAL,Total,LV,Latvia,2004,217,
LOC,Locomotives,TOTAL,Total,LV,Latvia,2005,205,
LOC,Locomotives,TOTAL,Total,LV,Latvia,2006,200,
LOC,Locomotives,TOTAL,Total,LV,Latvia,2007,200,
LOC,Locomotives,TOTAL,Total,LV,Latvia,2008,200,
LOC,Locomotives,TOTAL,Total,LV,Latvia,2009,264,
LOC,Locomotives,TOTAL,Total,LV,Latvia,2010,252,
LOC,Locomotives,TOTAL,Total,LV,Latvia,2011,254,
LOC,Locomotives,TOTAL,Total,LV,Latvia,2012,250,
LOC,Locomotives,TOTAL,Total,LV,Latvia,2013,257,
LOC,Locomotives,TOTAL,Total,LV,Latvia,2014,254,
LOC,Locomotives,TOTAL,Total,LV,Latvia,2015,255,
LOC,Locomotives,TOTAL,Total,LV,Latvia,2016,259,
LOC,Locomotives,TOTAL,Total,LV,Latvia,2017,247,
LOC,Locomotives,TOTAL,Total,LV,Latvia,2018,221,
LOC,Locomotives,TOTAL,Total,LV,Latvia,2019,221,
LOC,Locomotives,TOTAL,Total,LV,Latvia,2020,201,
LOC,Locomotives,TOTAL,Total,LV,Latvia,2021,176,
LOC,Locomotives,TOTAL,Total,LV,Latvia,2022,158,
LOC,Locomotives,TOTAL,Total,LV,Latvia,2023,147,
LOC,Locomotives,TOTAL,Total,LV,Latvia,2024,143,
LOC,Locomotives,TOTAL,Total,MD,Moldova,1992,284,
LOC,Locomotives,TOTAL,Total,MD,Moldova,1993,276,
LOC,Locomotives,TOTAL,Total,MD,Moldova,1994,272,
LOC,Locomotives,TOTAL,Total,MD,Moldova,1995,249,
LOC,Locomotives,TOTAL,Total,MD,Moldova,1996,223,
LOC,Locomotives,TOTAL,Total,MD,Moldova,1997,199,
LOC,Locomotives,TOTAL,Total,MD,Moldova,1998,191,
LOC,Locomotives,TOTAL,Total,MD,Moldova,1999,177,
LOC,Locomotives,TOTAL,Total,MD,Moldova,2000,162,
LOC,Locomotives,TOTAL,Total,MD,Moldova,2001,162,
LOC,Locomotives,TOTAL,Total,MD,Moldova,2002,160,
LOC,Locomotives,TOTAL,Total,MD,Moldova,2004,156,
LOC,Locomotives,TOTAL,Total,MD,Moldova,2009,152,
LOC,Locomotives,TOTAL,Total,MD,Moldova,2010,152,
LOC,Locomotives,TOTAL,Total,MD,Moldova,2011,150,
LOC,Locomotives,TOTAL,Total,MD,Moldova,2012,139,
LOC,Locomotives,TOTAL,Total,MD,Moldova,2013,138,
LOC,Locomotives,TOTAL,Total,MD,Moldova,2014,138,
LOC,Locomotives,TOTAL,Total,MD,Moldova,2015,138,
LOC,Locomotives,TOTAL,Total,MD,Moldova,2016,138,
LOC,Locomotives,TOTAL,Total,MD,Moldova,2017,134,
LOC,Locomotives,TOTAL,Total,MD,Moldova,2018,134,
LOC,Locomotives,TOTAL,Total,MD,Moldova,2019,134,
LOC,Locomotives,TOTAL,Total,MD,Moldova,2020,146,
LOC,Locomotives,TOTAL,Total,MD,Moldova,2021,146,
LOC,Locomotives,TOTAL,Total,MD,Moldova,2022,146,
LOC,Locomotives,TOTAL,Total,MD,Moldova,2023,144,
LOC,Locomotives,TOTAL,Total,MD,Moldova,2024,144,
LOC,Locomotives,TOTAL,Total,ME,Montenegro,2016,31,
LOC,Locomotives,TOTAL,Total,ME,Montenegro,2017,31,
LOC,Locomotives,TOTAL,Total,ME,Montenegro,2018,28,
LOC,Locomotives,TOTAL,Total,ME,Montenegro,2019,30,
LOC,Locomotives,TOTAL,Total,ME,Montenegro,2023,26,
LOC,Locomotives,TOTAL,Total,ME,Montenegro,2024,26,
LOC,Locomotives,TOTAL,Total,MK,North Macedonia,1990,67,
LOC,Locomotives,TOTAL,Total,MK,North Macedonia,1991,67,
LOC,Locomotives,TOTAL,Total,MK,North Macedonia,1992,67,
LOC,Locomotives,TOTAL,Total,MK,North Macedonia,1993,67,
LOC,Locomotives,TOTAL,Total,MK,North Macedonia,1994,67,
LOC,Locomotives,TOTAL,Total,MK,North Macedonia,1995,67,
LOC,Locomotives,TOTAL,Total,MK,North Macedonia,1996,67,
LOC,Locomotives,TOTAL,Total,MK,North Macedonia,1997,81,
LOC,Locomotives,TOTAL,Total,MK,North Macedonia,1998,81,
LOC,Locomotives,TOTAL,Total,MK,North Macedonia,1999,81,
LOC,Locomotives,TOTAL,Total,MK,North Macedonia,2000,81,
LOC,Locomotives,TOTAL,Total,MK,North Macedonia,2001,54,
LOC,Locomotives,TOTAL,Total,MK,North Macedonia,2002,54,
LOC,Locomotives,TOTAL,Total,MK,North Macedonia,2005,56,
LOC,Locomotives,TOTAL,Total,MK,North Macedonia,2006,56,
LOC,Locomotives,TOTAL,Total,MK,North Macedonia,2007,56,
LOC,Locomotives,TOTAL,Total,MK,North Macedonia,2008,56,
LOC,Locomotives,TOTAL,Total,MK,North Macedonia,2009,53,
LOC,Locomotives,TOTAL,Total,MK,North Macedonia,2010,55,
LOC,Locomotives,TOTAL,Total,MK,North Macedonia,2011,53,
LOC,Locomotives,TOTAL,Total,MK,North Macedonia,2012,43,
LOC,Locomotives,TOTAL,Total,MK,North Macedonia,2013,43,
LOC,Locomotives,TOTAL,Total,MK,North Macedonia,2014,43,
LOC,Locomotives,TOTAL,Total,MK,North Macedonia,2015,43,
LOC,Locomotives,TOTAL,Total,MK,North Macedonia,2016,42,
LOC,Locomotives,TOTAL,Total,MK,North Macedonia,2017,42,
LOC,Locomotives,TOTAL,Total,MK,North Macedonia,2018,42,
LOC,Locomotives,TOTAL,Total,MK,North Macedonia,2019,43,
LOC,Locomotives,TOTAL,Total,MK,North Macedonia,2020,43,
LOC,Locomotives,TOTAL,Total,MK,North Macedonia,2021,47,
LOC,Locomotives,TOTAL,Total,MK,North Macedonia,2022,47,
LOC,Locomotives,TOTAL,Total,MK,North Macedonia,2023,47,
LOC,Locomotives,TOTAL,Total,MK,North Macedonia,2024,46,
LOC,Locomotives,TOTAL,Total,NL,Netherlands,1990,522,
LOC,Locomotives,TOTAL,Total,NL,Netherlands,1991,486,
LOC,Locomotives,TOTAL,Total,NL,Netherlands,1992,505,
LOC,Locomotives,TOTAL,Total,NL,Netherlands,1993,545,
LOC,Locomotives,TOTAL,Total,NL,Netherlands,1994,532,
LOC,Locomotives,TOTAL,Total,NL,Netherlands,1995,526,
LOC,Locomotives,TOTAL,Total,NL,Netherlands,1996,495,
LOC,Locomotives,TOTAL,Total,NL,Netherlands,1997,395,
LOC,Locomotives,TOTAL,Total,NL,Netherlands,1998,330,
LOC,Locomotives,TOTAL,Total,NL,Netherlands,1999,309,
LOC,Locomotives,TOTAL,Total,NL,Netherlands,2004,225,
LOC,Locomotives,TOTAL,Total,NL,Netherlands,2005,275,
LOC,Locomotives,TOTAL,Total,NL,Netherlands,2023,235,i
LOC,Locomotives,TOTAL,Total,NL,Netherlands,2024,235,i
LOC,Locomotives,TOTAL,Total,NO,Norway,1990,326,
LOC,Locomotives,TOTAL,Total,NO,Norway,1991,324,
LOC,Locomotives,TOTAL,Total,NO,Norway,1992,323,
LOC,Locomotives,TOTAL,Total,NO,Norway,1993,300,
LOC,Locomotives,TOTAL,Total,NO,Norway,1994,269,
LOC,Locomotives,TOTAL,Total,NO,Norway,1995,235,
LOC,Locomotives,TOTAL,Total,NO,Norway,1996,201,
LOC,Locomotives,TOTAL,Total,NO,Norway,1997,199,
LOC,Locomotives,TOTAL,Total,NO,Norway,1998,197,
LOC,Locomotives,TOTAL,Total,NO,Norway,1999,185,
LOC,Locomotives,TOTAL,Total,NO,Norway,2000,172,
LOC,Locomotives,TOTAL,Total,NO,Norway,2001,172,
LOC,Locomotives,TOTAL,Total,NO,Norway,2023,109,i
LOC,Locomotives,TOTAL,Total,NO,Norway,2024,110,i
LOC,Locomotives,TOTAL,Total,PL,Poland,1990,4076,
LOC,Locomotives,TOTAL,Total,PL,Poland,1991,3463,
LOC,Locomotives,TOTAL,Total,PL,Poland,1992,2951,
LOC,Locomotives,TOTAL,Total,PL,Poland,1993,2937,
LOC,Locomotives,TOTAL,Total,PL,Poland,1994,6212,
LOC,Locomotives,TOTAL,Total,PL,Poland,1995,6094,
LOC,Locomotives,TOTAL,Total,PL,Poland,1996,5936,
LOC,Locomotives,TOTAL,Total,PL,Poland,1997,5878,
LOC,Locomotives,TOTAL,Total,PL,Poland,1998,4568,
LOC,Locomotives,TOTAL,Total,PL,Poland,1999,4148,
LOC,Locomotives,TOTAL,Total,PL,Poland,2000,4027,
LOC,Locomotives,TOTAL,Total,PL,Poland,2001,4040,
LOC,Locomotives,TOTAL,Total,PL,Poland,2002,4179,
LOC,Locomotives,TOTAL,Total,PL,Poland,2003,4275,
LOC,Locomotives,TOTAL,Total,PL,Poland,2004,4416,
LOC,Locomotives,TOTAL,Total,PL,Poland,2005,4396,
LOC,Locomotives,TOTAL,Total,PL,Poland,2006,4304,
LOC,Locomotives,TOTAL,Total,PL,Poland,2007,4427,
LOC,Locomotives,TOTAL,Total,PL,Poland,2008,4488,
LOC,Locomotives,TOTAL,Total,PL,Poland,2009,4418,
LOC,Locomotives,TOTAL,Total,PL,Poland,2010,4263,
LOC,Locomotives,TOTAL,Total,PL,Poland,2011,4180,
LOC,Locomotives,TOTAL,Total,PL,Poland,2012,4113,
LOC,Locomotives,TOTAL,Total,PL,Poland,2013,4032,
LOC,Locomotives,TOTAL,Total,PL,Poland,2014,4143,
LOC,Locomotives,TOTAL,Total,PL,Poland,2015,4033,
LOC,Locomotives,TOTAL,Total,PL,Poland,2016,4004,
LOC,Locomotives,TOTAL,Total,PL,Poland,2017,3825,
LOC,Locomotives,TOTAL,Total,PL,Poland,2018,3887,
LOC,Locomotives,TOTAL,Total,PL,Poland,2019,3860,
LOC,Locomotives,TOTAL,Total,PL,Poland,2020,3671,
LOC,Locomotives,TOTAL,Total,PL,Poland,2021,3504,
LOC,Locomotives,TOTAL,Total,PL,Poland,2022,3226,
LOC,Locomotives,TOTAL,Total,PL,Poland,2023,3408,
LOC,Locomotives,TOTAL,Total,PL,Poland,2024,3458,
LOC,Locomotives,TOTAL,Total,PT,Portugal,1990,320,
LOC,Locomotives,TOTAL,Total,PT,Portugal,1991,324,
LOC,Locomotives,TOTAL,Total,PT,Portugal,1992,261,
LOC,Locomotives,TOTAL,Total,PT,Portugal,1993,267,
LOC,Locomotives,TOTAL,Total,PT,Portugal,1994,269,
LOC,Locomotives,TOTAL,Total,PT,Portugal,1995,275,
LOC,Locomotives,TOTAL,Total,PT,Portugal,1996,272,
LOC,Locomotives,TOTAL,Total,PT,Portugal,1997,260,
LOC,Locomotives,TOTAL,Total,PT,Portugal,1998,251,
LOC,Locomotives,TOTAL,Total,PT,Portugal,1999,249,
LOC,Locomotives,TOTAL,Total,PT,Portugal,2000,229,
LOC,Locomotives,TOTAL,Total,PT,Portugal,2001,221,
LOC,Locomotives,TOTAL,Total,PT,Portugal,2002,198,
LOC,Locomotives,TOTAL,Total,PT,Portugal,2006,151,
LOC,Locomotives,TOTAL,Total,PT,Portugal,2007,153,
LOC,Locomotives,TOTAL,Total,PT,Portugal,2008,152,
LOC,Locomotives,TOTAL,Total,PT,Portugal,2014,170,
LOC,Locomotives,TOTAL,Total,PT,Portugal,2015,111,
LOC,Locomotives,TOTAL,Total,PT,Portugal,2016,111,
LOC,Locomotives,TOTAL,Total,PT,Portugal,2017,119,
LOC,Locomotives,TOTAL,Total,PT,Portugal,2018,121,
LOC,Locomotives,TOTAL,Total,PT,Portugal,2019,125,
LOC,Locomotives,TOTAL,Total,PT,Portugal,2020,132,
LOC,Locomotives,TOTAL,Total,PT,Portugal,2021,144,
LOC,Locomotives,TOTAL,Total,PT,Portugal,2022,133,
LOC,Locomotives,TOTAL,Total,PT,Portugal,2023,137,
LOC,Locomotives,TOTAL,Total,PT,Portugal,2024,133,
LOC,Locomotives,TOTAL,Total,RO,Romania,1990,4364,
LOC,Locomotives,TOTAL,Total,RO,Romania,1991,4404,
LOC,Locomotives,TOTAL,Total,RO,Romania,1992,4383,
LOC,Locomotives,TOTAL,Total,RO,Romania,1993,4326,
LOC,Locomotives,TOTAL,Total,RO,Romania,1994,4326,
LOC,Locomotives,TOTAL,Total,RO,Romania,1995,4311,
LOC,Locomotives,TOTAL,Total,RO,Romania,1996,4272,
LOC,Locomotives,TOTAL,Total,RO,Romania,1997,3984,
LOC,Locomotives,TOTAL,Total,RO,Romania,1998,3442,
LOC,Locomotives,TOTAL,Total,RO,Romania,1999,3362,
LOC,Locomotives,TOTAL,Total,RO,Romania,2000,3386,
LOC,Locomotives,TOTAL,Total,RO,Romania,2001,3318,
LOC,Locomotives,TOTAL,Total,RO,Romania,2002,3260,
LOC,Locomotives,TOTAL,Total,RO,Romania,2004,2059,
LOC,Locomotives,TOTAL,Total,RO,Romania,2005,2061,
LOC,Locomotives,TOTAL,Total,RO,Romania,2006,1982,
LOC,Locomotives,TOTAL,Total,RO,Romania,2007,1986,
LOC,Locomotives,TOTAL,Total,RO,Romania,2008,1907,
LOC,Locomotives,TOTAL,Total,RO,Romania,2009,1845,
LOC,Locomotives,TOTAL,Total,RO,Romania,2010,1834,
LOC,Locomotives,TOTAL,Total,RO,Romania,2011,1823,
LOC,Locomotives,TOTAL,Total,RO,Romania,2012,1796,
LOC,Locomotives,TOTAL,Total,RO,Romania,2013,1795,
LOC,Locomotives,TOTAL,Total,RO,Romania,2014,1779,
LOC,Locomotives,TOTAL,Total,RO,Romania,2015,1795,
LOC,Locomotives,TOTAL,Total,RO,Romania,2016,1769,
LOC,Locomotives,TOTAL,Total,RO,Romania,2017,1769,
LOC,Locomotives,TOTAL,Total,RO,Romania,2018,1721,
LOC,Locomotives,TOTAL,Total,RO,Romania,2019,2369,b
LOC,Locomotives,TOTAL,Total,RO,Romania,2020,2205,
LOC,Locomotives,TOTAL,Total,RO,Romania,2021,2202,
LOC,Locomotives,TOTAL,Total,RO,Romania,2022,2167,
LOC,Locomotives,TOTAL,Total,RO,Romania,2023,2189,
LOC,Locomotives,TOTAL,Total,RO,Romania,2024,2236,
LOC,Locomotives,TOTAL,Total,RS,Serbia,2006,345,
LOC,Locomotives,TOTAL,Total,RS,Serbia,2007,334,
LOC,Locomotives,TOTAL,Total,RS,Serbia,2008,334,
LOC,Locomotives,TOTAL,Total,RS,Serbia,2009,333,
LOC,Locomotives,TOTAL,Total,RS,Serbia,2010,333,
LOC,Locomotives,TOTAL,Total,RS,Serbia,2011,339,
LOC,Locomotives,TOTAL,Total,RS,Serbia,2013,339,
LOC,Locomotives,TOTAL,Total,RS,Serbia,2014,337,
LOC,Locomotives,TOTAL,Total,RS,Serbia,2015,311,
LOC,Locomotives,TOTAL,Total,RS,Serbia,2016,306,
LOC,Locomotives,TOTAL,Total,RS,Serbia,2017,226,
LOC,Locomotives,TOTAL,Total,RS,Serbia,2019,210,
LOC,Locomotives,TOTAL,Total,RS,Serbia,2020,255,
LOC,Locomotives,TOTAL,Total,RS,Serbia,2021,260,
LOC,Locomotives,TOTAL,Total,RS,Serbia,2022,246,
LOC,Locomotives,TOTAL,Total,RS,Serbia,2023,246,
LOC,Locomotives,TOTAL,Total,RS,Serbia,2024,251,
LOC,Locomotives,TOTAL,Total,SE,Sweden,1990,895,
LOC,Locomotives,TOTAL,Total,SE,Sweden,1991,774,
LOC,Locomotives,TOTAL,Total,SE,Sweden,1992,715,
LOC,Locomotives,TOTAL,Total,SE,Sweden,1993,639,
LOC,Locomotives,TOTAL,Total,SE,Sweden,1994,659,
LOC,Locomotives,TOTAL,Total,SE,Sweden,1995,648,
LOC,Locomotives,TOTAL,Total,SE,Sweden,1996,625,
LOC,Locomotives,TOTAL,Total,SE,Sweden,1997,604,
LOC,Locomotives,TOTAL,Total,SE,Sweden,1998,628,
LOC,Locomotives,TOTAL,Total,SE,Sweden,1999,624,
LOC,Locomotives,TOTAL,Total,SE,Sweden,2000,603,
LOC,Locomotives,TOTAL,Total,SE,Sweden,2001,604,
LOC,Locomotives,TOTAL,Total,SE,Sweden,2002,594,
LOC,Locomotives,TOTAL,Total,SE,Sweden,2003,594,
LOC,Locomotives,TOTAL,Total,SE,Sweden,2004,611,
LOC,Locomotives,TOTAL,Total,SE,Sweden,2005,621,
LOC,Locomotives,TOTAL,Total,SE,Sweden,2006,639,
LOC,Locomotives,TOTAL,Total,SE,Sweden,2007,637,
LOC,Locomotives,TOTAL,Total,SE,Sweden,2008,653,
LOC,Locomotives,TOTAL,Total,SE,Sweden,2009,662,
LOC,Locomotives,TOTAL,Total,SE,Sweden,2010,677,
LOC,Locomotives,TOTAL,Total,SE,Sweden,2011,691,
LOC,Locomotives,TOTAL,Total,SE,Sweden,2012,674,
LOC,Locomotives,TOTAL,Total,SE,Sweden,2013,647,
LOC,Locomotives,TOTAL,Total,SE,Sweden,2014,648,
LOC,Locomotives,TOTAL,Total,SE,Sweden,2015,622,
LOC,Locomotives,TOTAL,Total,SE,Sweden,2016,621,
LOC,Locomotives,TOTAL,Total,SE,Sweden,2017,621,
LOC,Locomotives,TOTAL,Total,SE,Sweden,2018,651,
LOC,Locomotives,TOTAL,Total,SE,Sweden,2019,617,
LOC,Locomotives,TOTAL,Total,SE,Sweden,2020,620,
LOC,Locomotives,TOTAL,Total,SE,Sweden,2021,632,
LOC,Locomotives,TOTAL,Total,SE,Sweden,2022,646,
LOC,Locomotives,TOTAL,Total,SE,Sweden,2023,709,
LOC,Locomotives,TOTAL,Total,SE,Sweden,2024,710,
LOC,Locomotives,TOTAL,Total,SI,Slovenia,1990,236,
LOC,Locomotives,TOTAL,Total,SI,Slovenia,1991,228,
LOC,Locomotives,TOTAL,Total,SI,Slovenia,1992,228,
LOC,Locomotives,TOTAL,Total,SI,Slovenia,1993,222,
LOC,Locomotives,TOTAL,Total,SI,Slovenia,1994,223,
LOC,Locomotives,TOTAL,Total,SI,Slovenia,1995,214,
LOC,Locomotives,TOTAL,Total,SI,Slovenia,1996,210,
LOC,Locomotives,TOTAL,Total,SI,Slovenia,1997,210,
LOC,Locomotives,TOTAL,Total,SI,Slovenia,1998,210,
LOC,Locomotives,TOTAL,Total,SI,Slovenia,1999,187,
LOC,Locomotives,TOTAL,Total,SI,Slovenia,2000,186,
LOC,Locomotives,TOTAL,Total,SI,Slovenia,2001,184,
LOC,Locomotives,TOTAL,Total,SI,Slovenia,2002,180,
LOC,Locomotives,TOTAL,Total,SI,Slovenia,2003,163,
LOC,Locomotives,TOTAL,Total,SI,Slovenia,2004,162,
LOC,Locomotives,TOTAL,Total,SI,Slovenia,2005,152,
LOC,Locomotives,TOTAL,Total,SI,Slovenia,2006,166,
LOC,Locomotives,TOTAL,Total,SI,Slovenia,2007,168,
LOC,Locomotives,TOTAL,Total,SI,Slovenia,2008,162,
LOC,Locomotives,TOTAL,Total,SI,Slovenia,2009,164,
LOC,Locomotives,TOTAL,Total,SI,Slovenia,2010,162,
LOC,Locomotives,TOTAL,Total,SI,Slovenia,2011,156,
LOC,Locomotives,TOTAL,Total,SI,Slovenia,2012,156,
LOC,Locomotives,TOTAL,Total,SI,Slovenia,2013,156,
LOC,Locomotives,TOTAL,Total,SI,Slovenia,2014,156,
LOC,Locomotives,TOTAL,Total,SI,Slovenia,2015,156,
LOC,Locomotives,TOTAL,Total,SI,Slovenia,2016,156,
LOC,Locomotives,TOTAL,Total,SI,Slovenia,2017,155,
LOC,Locomotives,TOTAL,Total,SI,Slovenia,2018,155,
LOC,Locomotives,TOTAL,Total,SI,Slovenia,2019,144,
LOC,Locomotives,TOTAL,Total,SI,Slovenia,2020,150,
LOC,Locomotives,TOTAL,Total,SI,Slovenia,2021,152,
LOC,Locomotives,TOTAL,Total,SI,Slovenia,2022,156,
LOC,Locomotives,TOTAL,Total,SI,Slovenia,2023,156,
LOC,Locomotives,TOTAL,Total,SI,Slovenia,2024,156,
LOC,Locomotives,TOTAL,Total,SK,Slovakia,1992,1413,
LOC,Locomotives,TOTAL,Total,SK,Slovakia,1993,1399,
LOC,Locomotives,TOTAL,Total,SK,Slovakia,1994,1370,
LOC,Locomotives,TOTAL,Total,SK,Slovakia,1995,1322,
LOC,Locomotives,TOTAL,Total,SK,Slovakia,1996,1296,
LOC,Locomotives,TOTAL,Total,SK,Slovakia,1997,1290,
LOC,Locomotives,TOTAL,Total,SK,Slovakia,1998,1257,
LOC,Locomotives,TOTAL,Total,SK,Slovakia,1999,1248,
LOC,Locomotives,TOTAL,Total,SK,Slovakia,2000,1209,
LOC,Locomotives,TOTAL,Total,SK,Slovakia,2001,1167,
LOC,Locomotives,TOTAL,Total,SK,Slovakia,2002,1131,
LOC,Locomotives,TOTAL,Total,SK,Slovakia,2003,1116,
LOC,Locomotives,TOTAL,Total,SK,Slovakia,2004,1072,
LOC,Locomotives,TOTAL,Total,SK,Slovakia,2005,1079,
LOC,Locomotives,TOTAL,Total,SK,Slovakia,2006,1087,
LOC,Locomotives,TOTAL,Total,SK,Slovakia,2007,1057,
LOC,Locomotives,TOTAL,Total,SK,Slovakia,2008,1010,
LOC,Locomotives,TOTAL,Total,SK,Slovakia,2009,993,
LOC,Locomotives,TOTAL,Total,SK,Slovakia,2010,967,
LOC,Locomotives,TOTAL,Total,SK,Slovakia,2011,983,
LOC,Locomotives,TOTAL,Total,SK,Slovakia,2012,973,
LOC,Locomotives,TOTAL,Total,SK,Slovakia,2013,984,
LOC,Locomotives,TOTAL,Total,SK,Slovakia,2014,973,
LOC,Locomotives,TOTAL,Total,SK,Slovakia,2015,952,
LOC,Locomotives,TOTAL,Total,SK,Slovakia,2016,940,
LOC,Locomotives,TOTAL,Total,SK,Slovakia,2017,881,
LOC,Locomotives,TOTAL,Total,SK,Slovakia,2018,850,
LOC,Locomotives,TOTAL,Total,SK,Slovakia,2019,876,
LOC,Locomotives,TOTAL,Total,SK,Slovakia,2020,901,
LOC,Locomotives,TOTAL,Total,SK,Slovakia,2021,874,
LOC,Locomotives,TOTAL,Total,SK,Slovakia,2022,862,
LOC,Locomotives,TOTAL,Total,SK,Slovakia,2023,873,
LOC,Locomotives,TOTAL,Total,SK,Slovakia,2024,889,
LOC,Locomotives,TOTAL,Total,TR,Türkiye,1990,769,
LOC,Locomotives,TOTAL,Total,TR,Türkiye,1992,763,
LOC,Locomotives,TOTAL,Total,TR,Türkiye,1993,764,
LOC,Locomotives,TOTAL,Total,TR,Türkiye,1994,759,
LOC,Locomotives,TOTAL,Total,TR,Türkiye,1995,735,
LOC,Locomotives,TOTAL,Total,TR,Türkiye,1996,714,
LOC,Locomotives,TOTAL,Total,TR,Türkiye,1997,713,
LOC,Locomotives,TOTAL,Total,TR,Türkiye,1998,704,
LOC,Locomotives,TOTAL,Total,TR,Türkiye,1999,695,
LOC,Locomotives,TOTAL,Total,TR,Türkiye,2000,702,
LOC,Locomotives,TOTAL,Total,TR,Türkiye,2001,696,
LOC,Locomotives,TOTAL,Total,TR,Türkiye,2002,679,
LOC,Locomotives,TOTAL,Total,TR,Türkiye,2003,668,
LOC,Locomotives,TOTAL,Total,TR,Türkiye,2004,648,
LOC,Locomotives,TOTAL,Total,TR,Türkiye,2005,600,
LOC,Locomotives,TOTAL,Total,TR,Türkiye,2006,602,
LOC,Locomotives,TOTAL,Total,TR,Türkiye,2007,597,
LOC,Locomotives,TOTAL,Total,TR,Türkiye,2008,613,
LOC,Locomotives,TOTAL,Total,TR,Türkiye,2009,614,
LOC,Locomotives,TOTAL,Total,TR,Türkiye,2010,608,
LOC,Locomotives,TOTAL,Total,TR,Türkiye,2011,587,
LOC,Locomotives,TOTAL,Total,TR,Türkiye,2012,598,
LOC,Locomotives,TOTAL,Total,TR,Türkiye,2013,590,
LOC,Locomotives,TOTAL,Total,TR,Türkiye,2014,620,
LOC,Locomotives,TOTAL,Total,TR,Türkiye,2015,653,
LOC,Locomotives,TOTAL,Total,TR,Türkiye,2016,668,
LOC,Locomotives,TOTAL,Total,TR,Türkiye,2017,668,
LOC,Locomotives,TOTAL,Total,TR,Türkiye,2018,664,
LOC,Locomotives,TOTAL,Total,TR,Türkiye,2019,689,
LOC,Locomotives,TOTAL,Total,TR,Türkiye,2020,690,
LOC,Locomotives,TOTAL,Total,TR,Türkiye,2023,671,
LOC,Locomotives,TOTAL,Total,TR,Türkiye,2024,673,
LOC,Locomotives,TOTAL,Total,UA,Ukraine,1992,7218,
LOC,Locomotives,TOTAL,Total,UA,Ukraine,1993,7066,
LOC,Locomotives,TOTAL,Total,UA,Ukraine,1994,6846,
LOC,Locomotives,TOTAL,Total,UA,Ukraine,1995,6557,
LOC,Locomotives,TOTAL,Total,UA,Ukraine,1996,6156,
LOC,Locomotives,TOTAL,Total,UA,Ukraine,1997,5408,
LOC,Locomotives,TOTAL,Total,UA,Ukraine,1998,5107,
LOC,Locomotives,TOTAL,Total,UA,Ukraine,1999,4828,
LOC,Locomotives,TOTAL,Total,UA,Ukraine,2000,4720,
LOC,Locomotives,TOTAL,Total,UA,Ukraine,2001,4618,
LOC,Locomotives,TOTAL,Total,UA,Ukraine,2012,4285,
LOC,Locomotives,TOTAL,Total,UA,Ukraine,2013,4121,
LOC,Locomotives,TOTAL,Total,UA,Ukraine,2014,3896,
LOC,Locomotives,TOTAL,Total,UA,Ukraine,2015,3895,
LOC,Locomotives,TOTAL,Total,UA,Ukraine,2016,3895,
LOC,Locomotives,TOTAL,Total,UA,Ukraine,2017,3574,
LOC,Locomotives,TOTAL,Total,UA,Ukraine,2018,3593,
LOC,Locomotives,TOTAL,Total,UA,Ukraine,2019,3636,
LOC,Locomotives,TOTAL,Total,UA,Ukraine,2020,3599,
LOC,Locomotives,TOTAL,Total,UA,Ukraine,2021,3586,
LOC,Locomotives,TOTAL,Total,UA,Ukraine,2022,3588,
LOC,Locomotives,TOTAL,Total,UA,Ukraine,2023,3576,
LOC,Locomotives,TOTAL,Total,UK,United Kingdom,1990,2242,
LOC,Locomotives,TOTAL,Total,UK,United Kingdom,1991,2102,
LOC,Locomotives,TOTAL,Total,UK,United Kingdom,1992,2026,
LOC,Locomotives,TOTAL,Total,UK,United Kingdom,1993,1895,
LOC,Locomotives,TOTAL,Total,UK,United Kingdom,1994,1887,
LOC,Locomotives,TOTAL,Total,XK,Kosovo*,2017,9,
LOC,Locomotives,TOTAL,Total,XK,Kosovo*,2018,9,
LOC,Locomotives,TOTAL,Total,XK,Kosovo*,2019,9,
LOC,Locomotives,TOTAL,Total,XK,Kosovo*,2020,9,
LOC,Locomotives,TOTAL,Total,XK,Kosovo*,2021,9,
RCA,Railcars,DIE,Diesel,AL,Albania,1993,0,
RCA,Railcars,DIE,Diesel,AL,Albania,1994,0,
RCA,Railcars,DIE,Diesel,AL,Albania,1995,0,
RCA,Railcars,DIE,Diesel,AL,Albania,1996,0,
RCA,Railcars,DIE,Diesel,AL,Albania,1997,0,
RCA,Railcars,DIE,Diesel,AL,Albania,1998,0,
RCA,Railcars,DIE,Diesel,AL,Albania,1999,0,
RCA,Railcars,DIE,Diesel,AL,Albania,2023,0,
RCA,Railcars,DIE,Diesel,AL,Albania,2024,0,
RCA,Railcars,DIE,Diesel,AT,Austria,1990,96,
RCA,Railcars,DIE,Diesel,AT,Austria,1991,109,
RCA,Railcars,DIE,Diesel,AT,Austria,1992,116,
RCA,Railcars,DIE,Diesel,AT,Austria,1993,123,
RCA,Railcars,DIE,Diesel,AT,Austria,1994,180,
RCA,Railcars,DIE,Diesel,AT,Austria,1995,182,
RCA,Railcars,DIE,Diesel,AT,Austria,1996,172,
RCA,Railcars,DIE,Diesel,AT,Austria,1997,164,
RCA,Railcars,DIE,Diesel,AT,Austria,1998,163,
RCA,Railcars,DIE,Diesel,AT,Austria,1999,129,
RCA,Railcars,DIE,Diesel,AT,Austria,2000,163,
RCA,Railcars,DIE,Diesel,AT,Austria,2001,129,
RCA,Railcars,DIE,Diesel,AT,Austria,2002,129,
RCA,Railcars,DIE,Diesel,AT,Austria,2007,203,
RCA,Railcars,DIE,Diesel,AT,Austria,2010,225,
RCA,Railcars,DIE,Diesel,AT,Austria,2011,221,
RCA,Railcars,DIE,Diesel,AT,Austria,2012,213,
RCA,Railcars,DIE,Diesel,AT,Austria,2013,226,
RCA,Railcars,DIE,Diesel,AT,Austria,2014,225,
RCA,Railcars,DIE,Diesel,AT,Austria,2015,211,
RCA,Railcars,DIE,Diesel,AT,Austria,2016,212,
RCA,Railcars,DIE,Diesel,AT,Austria,2017,205,
RCA,Railcars,DIE,Diesel,AT,Austria,2018,193,
RCA,Railcars,DIE,Diesel,AT,Austria,2019,196,
RCA,Railcars,DIE,Diesel,AT,Austria,2020,196,
RCA,Railcars,DIE,Diesel,AT,Austria,2021,197,
RCA,Railcars,DIE,Diesel,AT,Austria,2022,135,
RCA,Railcars,DIE,Diesel,AT,Austria,2023,194,
RCA,Railcars,DIE,Diesel,AT,Austria,2024,191,
RCA,Railcars,DIE,Diesel,BA,Bosnia and Herzegovina,1992,7,
RCA,Railcars,DIE,Diesel,BA,Bosnia and Herzegovina,1999,0,
RCA,Railcars,DIE,Diesel,BA,Bosnia and Herzegovina,2000,0,
RCA,Railcars,DIE,Diesel,BA,Bosnia and Herzegovina,2001,0,
RCA,Railcars,DIE,Diesel,BA,Bosnia and Herzegovina,2010,4,
RCA,Railcars,DIE,Diesel,BA,Bosnia and Herzegovina,2011,4,
RCA,Railcars,DIE,Diesel,BA,Bosnia and Herzegovina,2012,4,
RCA,Railcars,DIE,Diesel,BA,Bosnia and Herzegovina,2013,4,
RCA,Railcars,DIE,Diesel,BA,Bosnia and Herzegovina,2014,4,
RCA,Railcars,DIE,Diesel,BA,Bosnia and Herzegovina,2015,4,
RCA,Railcars,DIE,Diesel,BA,Bosnia and Herzegovina,2016,4,
RCA,Railcars,DIE,Diesel,BA,Bosnia and Herzegovina,2017,4,
RCA,Railcars,DIE,Diesel,BA,Bosnia and Herzegovina,2018,4,
RCA,Railcars,DIE,Diesel,BA,Bosnia and Herzegovina,2019,4,
RCA,Railcars,DIE,Diesel,BA,Bosnia and Herzegovina,2020,4,
RCA,Railcars,DIE,Diesel,BA,Bosnia and Herzegovina,2021,4,
RCA,Railcars,DIE,Diesel,BA,Bosnia and Herzegovina,2022,4,
RCA,Railcars,DIE,Diesel,BA,Bosnia and Herzegovina,2023,4,
RCA,Railcars,DIE,Diesel,BA,Bosnia and Herzegovina,2024,4,
RCA,Railcars,DIE,Diesel,BE,Belgium,1990,24,
RCA,Railcars,DIE,Diesel,BE,Belgium,1991,24,
RCA,Railcars,DIE,Diesel,BE,Belgium,1992,24,
RCA,Railcars,DIE,Diesel,BE,Belgium,1993,24,
RCA,Railcars,DIE,Diesel,BE,Belgium,1994,20,
RCA,Railcars,DIE,Diesel,BE,Belgium,1995,20,
RCA,Railcars,DIE,Diesel,BE,Belgium,1996,20,
RCA,Railcars,DIE,Diesel,BE,Belgium,1997,19,
RCA,Railcars,DIE,Diesel,BE,Belgium,1998,17,
RCA,Railcars,DIE,Diesel,BE,Belgium,1999,17,
RCA,Railcars,DIE,Diesel,BE,Belgium,2000,21,
RCA,Railcars,DIE,Diesel,BE,Belgium,2001,61,
RCA,Railcars,DIE,Diesel,BE,Belgium,2002,84,
RCA,Railcars,DIE,Diesel,BE,Belgium,2003,96,
RCA,Railcars,DIE,Diesel,BE,Belgium,2004,96,
RCA,Railcars,DIE,Diesel,BE,Belgium,2005,96,
RCA,Railcars,DIE,Diesel,BE,Belgium,2006,96,
RCA,Railcars,DIE,Diesel,BE,Belgium,2007,96,
RCA,Railcars,DIE,Diesel,BE,Belgium,2008,96,
RCA,Railcars,DIE,Diesel,BE,Belgium,2009,92,
RCA,Railcars,DIE,Diesel,BE,Belgium,2021,188,i
RCA,Railcars,DIE,Diesel,BE,Belgium,2023,188,
RCA,Railcars,DIE,Diesel,BE,Belgium,2024,188,i
RCA,Railcars,DIE,Diesel,BG,Bulgaria,1990,11,
RCA,Railcars,DIE,Diesel,BG,Bulgaria,1991,8,
RCA,Railcars,DIE,Diesel,BG,Bulgaria,1992,5,
RCA,Railcars,DIE,Diesel,BG,Bulgaria,1993,5,
RCA,Railcars,DIE,Diesel,BG,Bulgaria,1994,5,
RCA,Railcars,DIE,Diesel,BG,Bulgaria,1995,5,
RCA,Railcars,DIE,Diesel,BG,Bulgaria,1996,4,
RCA,Railcars,DIE,Diesel,BG,Bulgaria,1997,4,
RCA,Railcars,DIE,Diesel,BG,Bulgaria,1998,4,
RCA,Railcars,DIE,Diesel,BG,Bulgaria,1999,4,
RCA,Railcars,DIE,Diesel,BG,Bulgaria,2000,4,
RCA,Railcars,DIE,Diesel,BG,Bulgaria,2001,4,
RCA,Railcars,DIE,Diesel,BG,Bulgaria,2002,4,
RCA,Railcars,DIE,Diesel,BG,Bulgaria,2003,4,
RCA,Railcars,DIE,Diesel,BG,Bulgaria,2004,4,
RCA,Railcars,DIE,Diesel,BG,Bulgaria,2008,29,
RCA,Railcars,DIE,Diesel,BG,Bulgaria,2009,28,
RCA,Railcars,DIE,Diesel,BG,Bulgaria,2010,27,
RCA,Railcars,DIE,Diesel,BG,Bulgaria,2011,27,
RCA,Railcars,DIE,Diesel,BG,Bulgaria,2012,27,
RCA,Railcars,DIE,Diesel,BG,Bulgaria,2013,28,
RCA,Railcars,DIE,Diesel,BG,Bulgaria,2023,27,i
RCA,Railcars,DIE,Diesel,BG,Bulgaria,2024,27,i
RCA,Railcars,DIE,Diesel,CH,Switzerland,2015,869,
RCA,Railcars,DIE,Diesel,CH,Switzerland,2020,957,
RCA,Railcars,DIE,Diesel,CZ,Czechia,1993,787,
RCA,Railcars,DIE,Diesel,CZ,Czechia,1994,799,
RCA,Railcars,DIE,Diesel,CZ,Czechia,1995,793,
RCA,Railcars,DIE,Diesel,CZ,Czechia,1996,803,
RCA,Railcars,DIE,Diesel,CZ,Czechia,1997,813,
RCA,Railcars,DIE,Diesel,CZ,Czechia,1998,806,
RCA,Railcars,DIE,Diesel,CZ,Czechia,1999,817,
RCA,Railcars,DIE,Diesel,CZ,Czechia,2000,804,
RCA,Railcars,DIE,Diesel,CZ,Czechia,2001,800,
RCA,Railcars,DIE,Diesel,CZ,Czechia,2002,798,
RCA,Railcars,DIE,Diesel,CZ,Czechia,2003,799,
RCA,Railcars,DIE,Diesel,CZ,Czechia,2004,793,
RCA,Railcars,DIE,Diesel,CZ,Czechia,2005,793,
RCA,Railcars,DIE,Diesel,CZ,Czechia,2006,782,
RCA,Railcars,DIE,Diesel,CZ,Czechia,2007,764,
RCA,Railcars,DIE,Diesel,CZ,Czechia,2008,732,
RCA,Railcars,DIE,Diesel,CZ,Czechia,2009,690,
RCA,Railcars,DIE,Diesel,CZ,Czechia,2010,687,
RCA,Railcars,DIE,Diesel,CZ,Czechia,2011,692,
RCA,Railcars,DIE,Diesel,CZ,Czechia,2012,720,
RCA,Railcars,DIE,Diesel,CZ,Czechia,2013,737,
RCA,Railcars,DIE,Diesel,CZ,Czechia,2014,730,
RCA,Railcars,DIE,Diesel,CZ,Czechia,2015,749,
RCA,Railcars,DIE,Diesel,CZ,Czechia,2016,759,
RCA,Railcars,DIE,Diesel,CZ,Czechia,2017,762,
RCA,Railcars,DIE,Diesel,CZ,Czechia,2018,772,
RCA,Railcars,DIE,Diesel,CZ,Czechia,2019,821,
RCA,Railcars,DIE,Diesel,CZ,Czechia,2020,873,
RCA,Railcars,DIE,Diesel,CZ,Czechia,2021,892,
RCA,Railcars,DIE,Diesel,CZ,Czechia,2022,817,
RCA,Railcars,DIE,Diesel,CZ,Czechia,2023,874,
RCA,Railcars,DIE,Diesel,CZ,Czechia,2024,948,
RCA,Railcars,DIE,Diesel,DE,Germany,1990,486,
RCA,Railcars,DIE,Diesel,DE,Germany,1991,631,
RCA,Railcars,DIE,Diesel,DE,Germany,1992,652,
RCA,Railcars,DIE,Diesel,DE,Germany,1993,750,
RCA,Railcars,DIE,Diesel,DE,Germany,1994,845,
RCA,Railcars,DIE,Diesel,DE,Germany,1995,859,
RCA,Railcars,DIE,Diesel,DE,Germany,1996,867,
RCA,Railcars,DIE,Diesel,DE,Germany,1997,928,
RCA,Railcars,DIE,Diesel,DE,Germany,1998,961,
RCA,Railcars,DIE,Diesel,DE,Germany,1999,1796,
RCA,Railcars,DIE,Diesel,DE,Germany,2000,2235,
RCA,Railcars,DIE,Diesel,DK,Denmark,1990,434,i
RCA,Railcars,DIE,Diesel,DK,Denmark,1991,526,i
RCA,Railcars,DIE,Diesel,DK,Denmark,1992,590,i
RCA,Railcars,DIE,Diesel,DK,Denmark,1993,619,i
RCA,Railcars,DIE,Diesel,DK,Denmark,1994,619,i
RCA,Railcars,DIE,Diesel,DK,Denmark,1995,617,i
RCA,Railcars,DIE,Diesel,DK,Denmark,1996,626,i
RCA,Railcars,DIE,Diesel,DK,Denmark,1997,623,i
RCA,Railcars,DIE,Diesel,DK,Denmark,1998,620,i
RCA,Railcars,DIE,Diesel,DK,Denmark,1999,629,i
RCA,Railcars,DIE,Diesel,DK,Denmark,2000,636,i
RCA,Railcars,DIE,Diesel,DK,Denmark,2001,642,i
RCA,Railcars,DIE,Diesel,DK,Denmark,2002,677,i
RCA,Railcars,DIE,Diesel,DK,Denmark,2003,687,i
RCA,Railcars,DIE,Diesel,DK,Denmark,2004,751,i
RCA,Railcars,DIE,Diesel,DK,Denmark,2005,715,i
RCA,Railcars,DIE,Diesel,DK,Denmark,2006,704,i
RCA,Railcars,DIE,Diesel,DK,Denmark,2007,739,i
RCA,Railcars,DIE,Diesel,DK,Denmark,2008,775,i
RCA,Railcars,DIE,Diesel,DK,Denmark,2009,809,i
RCA,Railcars,DIE,Diesel,DK,Denmark,2010,1000,i
RCA,Railcars,DIE,Diesel,DK,Denmark,2011,980,i
RCA,Railcars,DIE,Diesel,DK,Denmark,2012,1056,i
RCA,Railcars,DIE,Diesel,DK,Denmark,2013,1088,
RCA,Railcars,DIE,Diesel,DK,Denmark,2014,1093,
RCA,Railcars,DIE,Diesel,DK,Denmark,2015,1093,
RCA,Railcars,DIE,Diesel,DK,Denmark,2016,1035,
RCA,Railcars,DIE,Diesel,DK,Denmark,2017,871,
RCA,Railcars,DIE,Diesel,DK,Denmark,2018,871,
RCA,Railcars,DIE,Diesel,DK,Denmark,2019,814,
RCA,Railcars,DIE,Diesel,DK,Denmark,2020,790,
RCA,Railcars,DIE,Diesel,DK,Denmark,2021,792,
RCA,Railcars,DIE,Diesel,DK,Denmark,2022,784,
RCA,Railcars,DIE,Diesel,DK,Denmark,2023,784,
RCA,Railcars,DIE,Diesel,DK,Denmark,2024,784,
RCA,Railcars,DIE,Diesel,EE,Estonia,1992,29,
RCA,Railcars,DIE,Diesel,EE,Estonia,1993,29,
RCA,Railcars,DIE,Diesel,EE,Estonia,1994,26,
RCA,Railcars,DIE,Diesel,EE,Estonia,1995,27,
RCA,Railcars,DIE,Diesel,EE,Estonia,1996,22,
RCA,Railcars,DIE,Diesel,EE,Estonia,1997,44,
RCA,Railcars,DIE,Diesel,EE,Estonia,1998,44,
RCA,Railcars,DIE,Diesel,EE,Estonia,1999,42,
RCA,Railcars,DIE,Diesel,EE,Estonia,2000,40,
RCA,Railcars,DIE,Diesel,EE,Estonia,2001,40,
RCA,Railcars,DIE,Diesel,EE,Estonia,2002,31,
RCA,Railcars,DIE,Diesel,EE,Estonia,2003,32,
RCA,Railcars,DIE,Diesel,EE,Estonia,2004,32,
RCA,Railcars,DIE,Diesel,EE,Estonia,2005,32,
RCA,Railcars,DIE,Diesel,EE,Estonia,2006,96,
RCA,Railcars,DIE,Diesel,EE,Estonia,2007,96,
RCA,Railcars,DIE,Diesel,EE,Estonia,2008,25,
RCA,Railcars,DIE,Diesel,EE,Estonia,2009,32,
RCA,Railcars,DIE,Diesel,EE,Estonia,2010,32,
RCA,Railcars,DIE,Diesel,EE,Estonia,2011,32,
RCA,Railcars,DIE,Diesel,EE,Estonia,2012,32,
RCA,Railcars,DIE,Diesel,EE,Estonia,2013,46,
RCA,Railcars,DIE,Diesel,EE,Estonia,2014,52,
RCA,Railcars,DIE,Diesel,EE,Estonia,2015,52,
RCA,Railcars,DIE,Diesel,EE,Estonia,2016,52,
RCA,Railcars,DIE,Diesel,EE,Estonia,2017,49,
RCA,Railcars,DIE,Diesel,EE,Estonia,2018,49,
RCA,Railcars,DIE,Diesel,EE,Estonia,2019,47,
RCA,Railcars,DIE,Diesel,EE,Estonia,2020,32,
RCA,Railcars,DIE,Diesel,EE,Estonia,2021,20,
RCA,Railcars,DIE,Diesel,EE,Estonia,2022,20,
RCA,Railcars,DIE,Diesel,EE,Estonia,2023,20,
RCA,Railcars,DIE,Diesel,EE,Estonia,2024,20,
RCA,Railcars,DIE,Diesel,EL,Greece,1990,168,
RCA,Railcars,DIE,Diesel,EL,Greece,1991,178,
RCA,Railcars,DIE,Diesel,EL,Greece,1992,183,
RCA,Railcars,DIE,Diesel,EL,Greece,1993,187,
RCA,Railcars,DIE,Diesel,EL,Greece,1994,188,
RCA,Railcars,DIE,Diesel,EL,Greece,1995,196,
RCA,Railcars,DIE,Diesel,EL,Greece,1996,196,
RCA,Railcars,DIE,Diesel,EL,Greece,1998,187,
RCA,Railcars,DIE,Diesel,EL,Greece,1999,91,
RCA,Railcars,DIE,Diesel,EL,Greece,2000,90,
RCA,Railcars,DIE,Diesel,EL,Greece,2001,90,
RCA,Railcars,DIE,Diesel,EL,Greece,2002,88,
RCA,Railcars,DIE,Diesel,EL,Greece,2003,89,
RCA,Railcars,DIE,Diesel,EL,Greece,2004,112,
RCA,Railcars,DIE,Diesel,EL,Greece,2005,116,
RCA,Railcars,DIE,Diesel,EL,Greece,2006,101,
RCA,Railcars,DIE,Diesel,EL,Greece,2007,103,
RCA,Railcars,DIE,Diesel,EL,Greece,2008,108,
RCA,Railcars,DIE,Diesel,EL,Greece,2009,108,
RCA,Railcars,DIE,Diesel,EL,Greece,2010,108,
RCA,Railcars,DIE,Diesel,EL,Greece,2011,108,
RCA,Railcars,DIE,Diesel,EL,Greece,2012,108,
RCA,Railcars,DIE,Diesel,EL,Greece,2013,109,
RCA,Railcars,DIE,Diesel,EL,Greece,2014,112,
RCA,Railcars,DIE,Diesel,EL,Greece,2015,112,
RCA,Railcars,DIE,Diesel,EL,Greece,2016,112,
RCA,Railcars,DIE,Diesel,EL,Greece,2017,112,
RCA,Railcars,DIE,Diesel,EL,Greece,2018,85,
RCA,Railcars,DIE,Diesel,EL,Greece,2019,85,
RCA,Railcars,DIE,Diesel,EL,Greece,2020,85,
RCA,Railcars,DIE,Diesel,EL,Greece,2021,85,
RCA,Railcars,DIE,Diesel,EL,Greece,2022,75,
RCA,Railcars,DIE,Diesel,EL,Greece,2023,75,
RCA,Railcars,DIE,Diesel,EL,Greece,2024,75,
RCA,Railcars,DIE,Diesel,ES,Spain,1990,150,
RCA,Railcars,DIE,Diesel,ES,Spain,1991,150,
RCA,Railcars,DIE,Diesel,ES,Spain,1992,150,
RCA,Railcars,DIE,Diesel,ES,Spain,1993,143,
RCA,Railcars,DIE,Diesel,ES,Spain,1994,136,
RCA,Railcars,DIE,Diesel,ES,Spain,1995,136,
RCA,Railcars,DIE,Diesel,ES,Spain,1996,128,
RCA,Railcars,DIE,Diesel,ES,Spain,1997,135,
RCA,Railcars,DIE,Diesel,ES,Spain,1998,147,
RCA,Railcars,DIE,Diesel,ES,Spain,1999,149,
RCA,Railcars,DIE,Diesel,ES,Spain,2000,142,
RCA,Railcars,DIE,Diesel,ES,Spain,2001,141,
RCA,Railcars,DIE,Diesel,ES,Spain,2002,140,
RCA,Railcars,DIE,Diesel,ES,Spain,2004,147,
RCA,Railcars,DIE,Diesel,ES,Spain,2005,161,
RCA,Railcars,DIE,Diesel,ES,Spain,2006,138,
RCA,Railcars,DIE,Diesel,ES,Spain,2007,135,
RCA,Railcars,DIE,Diesel,ES,Spain,2008,137,
RCA,Railcars,DIE,Diesel,ES,Spain,2009,142,
RCA,Railcars,DIE,Diesel,ES,Spain,2016,164,
RCA,Railcars,DIE,Diesel,ES,Spain,2017,174,
RCA,Railcars,DIE,Diesel,ES,Spain,2018,166,
RCA,Railcars,DIE,Diesel,ES,Spain,2019,161,
RCA,Railcars,DIE,Diesel,ES,Spain,2020,141,
RCA,Railcars,DIE,Diesel,ES,Spain,2021,141,
RCA,Railcars,DIE,Diesel,ES,Spain,2022,129,
RCA,Railcars,DIE,Diesel,ES,Spain,2023,173,
RCA,Railcars,DIE,Diesel,ES,Spain,2024,171,
RCA,Railcars,DIE,Diesel,FI,Finland,2005,10,
RCA,Railcars,DIE,Diesel,FI,Finland,2006,16,
RCA,Railcars,DIE,Diesel,FI,Finland,2007,16,
RCA,Railcars,DIE,Diesel,FI,Finland,2008,16,
RCA,Railcars,DIE,Diesel,FI,Finland,2009,16,
RCA,Railcars,DIE,Diesel,FI,Finland,2010,16,
RCA,Railcars,DIE,Diesel,FI,Finland,2011,16,
RCA,Railcars,DIE,Diesel,FI,Finland,2012,16,
RCA,Railcars,DIE,Diesel,FI,Finland,2013,16,
RCA,Railcars,DIE,Diesel,FI,Finland,2014,16,
RCA,Railcars,DIE,Diesel,FI,Finland,2015,16,
RCA,Railcars,DIE,Diesel,FI,Finland,2016,16,
RCA,Railcars,DIE,Diesel,FI,Finland,2017,16,
RCA,Railcars,DIE,Diesel,FI,Finland,2018,16,
RCA,Railcars,DIE,Diesel,FI,Finland,2024,30,i
RCA,Railcars,DIE,Diesel,FR,France,1990,755,
RCA,Railcars,DIE,Diesel,FR,France,1991,755,
RCA,Railcars,DIE,Diesel,FR,France,1992,753,
RCA,Railcars,DIE,Diesel,FR,France,1993,750,
RCA,Railcars,DIE,Diesel,FR,France,1994,744,
RCA,Railcars,DIE,Diesel,FR,France,1995,733,
RCA,Railcars,DIE,Diesel,FR,France,1996,731,
RCA,Railcars,DIE,Diesel,FR,France,1997,738,
RCA,Railcars,DIE,Diesel,FR,France,1998,741,
RCA,Railcars,DIE,Diesel,FR,France,1999,736,
RCA,Railcars,DIE,Diesel,FR,France,2000,783,
RCA,Railcars,DIE,Diesel,FR,France,2001,848,
RCA,Railcars,DIE,Diesel,FR,France,2002,923,
RCA,Railcars,DIE,Diesel,FR,France,2003,956,
RCA,Railcars,DIE,Diesel,FR,France,2004,975,
RCA,Railcars,DIE,Diesel,FR,France,2005,996,
RCA,Railcars,DIE,Diesel,FR,France,2006,830,
RCA,Railcars,DIE,Diesel,FR,France,2007,842,
RCA,Railcars,DIE,Diesel,FR,France,2008,870,
RCA,Railcars,DIE,Diesel,FR,France,2009,895,
RCA,Railcars,DIE,Diesel,FR,France,2010,908,
RCA,Railcars,DIE,Diesel,FR,France,2011,916,
RCA,Railcars,DIE,Diesel,FR,France,2012,916,
RCA,Railcars,DIE,Diesel,FR,France,2013,1220,
RCA,Railcars,DIE,Diesel,FR,France,2014,1214,
RCA,Railcars,DIE,Diesel,FR,France,2015,1220,
RCA,Railcars,DIE,Diesel,FR,France,2016,1215,
RCA,Railcars,DIE,Diesel,FR,France,2017,1214,
RCA,Railcars,DIE,Diesel,FR,France,2018,1218,
RCA,Railcars,DIE,Diesel,FR,France,2019,1216,
RCA,Railcars,DIE,Diesel,FR,France,2020,1212,
RCA,Railcars,DIE,Diesel,FR,France,2021,1108,
RCA,Railcars,DIE,Diesel,FR,France,2022,1092,
RCA,Railcars,DIE,Diesel,FR,France,2023,1088,
RCA,Railcars,DIE,Diesel,FR,France,2024,1088,
RCA,Railcars,DIE,Diesel,GE,Georgia,1995,0,
RCA,Railcars,DIE,Diesel,GE,Georgia,1996,0,
RCA,Railcars,DIE,Diesel,GE,Georgia,1997,0,
RCA,Railcars,DIE,Diesel,GE,Georgia,1998,0,
RCA,Railcars,DIE,Diesel,GE,Georgia,1999,0,
RCA,Railcars,DIE,Diesel,GE,Georgia,2017,0,
RCA,Railcars,DIE,Diesel,HR,Croatia,1993,80,
RCA,Railcars,DIE,Diesel,HR,Croatia,1994,80,
RCA,Railcars,DIE,Diesel,HR,Croatia,1995,66,
RCA,Railcars,DIE,Diesel,HR,Croatia,1996,61,
RCA,Railcars,DIE,Diesel,HR,Croatia,1997,81,
RCA,Railcars,DIE,Diesel,HR,Croatia,1998,81,
RCA,Railcars,DIE,Diesel,HR,Croatia,1999,66,
RCA,Railcars,DIE,Diesel,HR,Croatia,2000,69,
RCA,Railcars,DIE,Diesel,HR,Croatia,2001,71,
RCA,Railcars,DIE,Diesel,HR,Croatia,2002,75,
RCA,Railcars,DIE,Diesel,HR,Croatia,2003,73,
RCA,Railcars,DIE,Diesel,HR,Croatia,2004,88,
RCA,Railcars,DIE,Diesel,HR,Croatia,2005,86,
RCA,Railcars,DIE,Diesel,HR,Croatia,2006,86,
RCA,Railcars,DIE,Diesel,HR,Croatia,2007,81,
RCA,Railcars,DIE,Diesel,HR,Croatia,2008,82,
RCA,Railcars,DIE,Diesel,HR,Croatia,2009,81,
RCA,Railcars,DIE,Diesel,HR,Croatia,2010,95,
RCA,Railcars,DIE,Diesel,HR,Croatia,2011,91,
RCA,Railcars,DIE,Diesel,HR,Croatia,2012,106,
RCA,Railcars,DIE,Diesel,HR,Croatia,2013,106,
RCA,Railcars,DIE,Diesel,HR,Croatia,2014,106,
RCA,Railcars,DIE,Diesel,HR,Croatia,2015,106,
RCA,Railcars,DIE,Diesel,HR,Croatia,2016,107,
RCA,Railcars,DIE,Diesel,HR,Croatia,2017,105,
RCA,Railcars,DIE,Diesel,HR,Croatia,2018,103,
RCA,Railcars,DIE,Diesel,HR,Croatia,2019,105,
RCA,Railcars,DIE,Diesel,HR,Croatia,2020,113,
RCA,Railcars,DIE,Diesel,HR,Croatia,2021,109,
RCA,Railcars,DIE,Diesel,HR,Croatia,2022,109,
RCA,Railcars,DIE,Diesel,HR,Croatia,2023,109,
RCA,Railcars,DIE,Diesel,HR,Croatia,2024,108,
RCA,Railcars,DIE,Diesel,HU,Hungary,1990,282,
RCA,Railcars,DIE,Diesel,HU,Hungary,1991,283,
RCA,Railcars,DIE,Diesel,HU,Hungary,1992,284,
RCA,Railcars,DIE,Diesel,HU,Hungary,1993,289,
RCA,Railcars,DIE,Diesel,HU,Hungary,1994,286,
RCA,Railcars,DIE,Diesel,HU,Hungary,1995,287,
RCA,Railcars,DIE,Diesel,HU,Hungary,1996,312,
RCA,Railcars,DIE,Diesel,HU,Hungary,1997,322,
RCA,Railcars,DIE,Diesel,HU,Hungary,1998,309,
RCA,Railcars,DIE,Diesel,HU,Hungary,1999,316,
RCA,Railcars,DIE,Diesel,HU,Hungary,2000,315,
RCA,Railcars,DIE,Diesel,HU,Hungary,2001,318,
RCA,Railcars,DIE,Diesel,HU,Hungary,2002,319,
RCA,Railcars,DIE,Diesel,HU,Hungary,2003,339,
RCA,Railcars,DIE,Diesel,HU,Hungary,2004,346,
RCA,Railcars,DIE,Diesel,HU,Hungary,2005,345,
RCA,Railcars,DIE,Diesel,HU,Hungary,2008,354,
RCA,Railcars,DIE,Diesel,HU,Hungary,2009,356,
RCA,Railcars,DIE,Diesel,HU,Hungary,2010,342,
RCA,Railcars,DIE,Diesel,HU,Hungary,2011,400,
RCA,Railcars,DIE,Diesel,HU,Hungary,2012,360,
RCA,Railcars,DIE,Diesel,HU,Hungary,2013,336,
RCA,Railcars,DIE,Diesel,HU,Hungary,2014,345,
RCA,Railcars,DIE,Diesel,HU,Hungary,2015,363,
RCA,Railcars,DIE,Diesel,HU,Hungary,2016,335,
RCA,Railcars,DIE,Diesel,HU,Hungary,2017,334,
RCA,Railcars,DIE,Diesel,HU,Hungary,2018,326,
RCA,Railcars,DIE,Diesel,HU,Hungary,2019,345,
RCA,Railcars,DIE,Diesel,HU,Hungary,2020,306,
RCA,Railcars,DIE,Diesel,HU,Hungary,2021,317,
RCA,Railcars,DIE,Diesel,HU,Hungary,2022,321,
RCA,Railcars,DIE,Diesel,HU,Hungary,2023,360,
RCA,Railcars,DIE,Diesel,HU,Hungary,2024,361,
RCA,Railcars,DIE,Diesel,IE,Ireland,1990,0,
RCA,Railcars,DIE,Diesel,IE,Ireland,1991,0,
RCA,Railcars,DIE,Diesel,IE,Ireland,1992,0,
RCA,Railcars,DIE,Diesel,IE,Ireland,1993,0,
RCA,Railcars,DIE,Diesel,IE,Ireland,1994,17,
RCA,Railcars,DIE,Diesel,IE,Ireland,1995,17,
RCA,Railcars,DIE,Diesel,IE,Ireland,1996,17,
RCA,Railcars,DIE,Diesel,IE,Ireland,1997,17,
RCA,Railcars,DIE,Diesel,IE,Ireland,1998,17,
RCA,Railcars,DIE,Diesel,IE,Ireland,1999,42,
RCA,Railcars,DIE,Diesel,IE,Ireland,2000,64,
RCA,Railcars,DIE,Diesel,IE,Ireland,2001,64,
RCA,Railcars,DIE,Diesel,IT,Italy,1995,843,
RCA,Railcars,DIE,Diesel,IT,Italy,1996,835,
RCA,Railcars,DIE,Diesel,IT,Italy,1997,836,
RCA,Railcars,DIE,Diesel,IT,Italy,1998,818,
RCA,Railcars,DIE,Diesel,IT,Italy,1999,818,
RCA,Railcars,DIE,Diesel,IT,Italy,2000,818,
RCA,Railcars,DIE,Diesel,IT,Italy,2002,808,
RCA,Railcars,DIE,Diesel,IT,Italy,2003,745,
RCA,Railcars,DIE,Diesel,IT,Italy,2004,707,
RCA,Railcars,DIE,Diesel,IT,Italy,2005,765,
RCA,Railcars,DIE,Diesel,IT,Italy,2006,788,
RCA,Railcars,DIE,Diesel,IT,Italy,2007,781,
RCA,Railcars,DIE,Diesel,IT,Italy,2008,773,
RCA,Railcars,DIE,Diesel,IT,Italy,2009,754,
RCA,Railcars,DIE,Diesel,IT,Italy,2010,756,
RCA,Railcars,DIE,Diesel,IT,Italy,2011,756,
RCA,Railcars,DIE,Diesel,IT,Italy,2012,711,
RCA,Railcars,DIE,Diesel,IT,Italy,2024,1684,i
RCA,Railcars,DIE,Diesel,LT,Lithuania,1992,56,
RCA,Railcars,DIE,Diesel,LT,Lithuania,1993,56,
RCA,Railcars,DIE,Diesel,LT,Lithuania,1994,57,
RCA,Railcars,DIE,Diesel,LT,Lithuania,1995,54,
RCA,Railcars,DIE,Diesel,LT,Lithuania,1996,56,
RCA,Railcars,DIE,Diesel,LT,Lithuania,1997,53,
RCA,Railcars,DIE,Diesel,LT,Lithuania,1998,53,
RCA,Railcars,DIE,Diesel,LT,Lithuania,1999,49,
RCA,Railcars,DIE,Diesel,LT,Lithuania,2000,47,
RCA,Railcars,DIE,Diesel,LT,Lithuania,2001,47,
RCA,Railcars,DIE,Diesel,LT,Lithuania,2002,45,
RCA,Railcars,DIE,Diesel,LT,Lithuania,2003,45,
RCA,Railcars,DIE,Diesel,LT,Lithuania,2004,47,
RCA,Railcars,DIE,Diesel,LT,Lithuania,2005,47,
RCA,Railcars,DIE,Diesel,LT,Lithuania,2006,47,
RCA,Railcars,DIE,Diesel,LT,Lithuania,2007,47,
RCA,Railcars,DIE,Diesel,LT,Lithuania,2008,42,
RCA,Railcars,DIE,Diesel,LT,Lithuania,2009,40,
RCA,Railcars,DIE,Diesel,LT,Lithuania,2010,39,
RCA,Railcars,DIE,Diesel,LT,Lithuania,2011,36,
RCA,Railcars,DIE,Diesel,LT,Lithuania,2012,36,
RCA,Railcars,DIE,Diesel,LT,Lithuania,2013,39,
RCA,Railcars,DIE,Diesel,LT,Lithuania,2014,34,
RCA,Railcars,DIE,Diesel,LT,Lithuania,2015,34,
RCA,Railcars,DIE,Diesel,LT,Lithuania,2016,41,
RCA,Railcars,DIE,Diesel,LT,Lithuania,2017,41,
RCA,Railcars,DIE,Diesel,LT,Lithuania,2018,41,
RCA,Railcars,DIE,Diesel,LT,Lithuania,2019,41,
RCA,Railcars,DIE,Diesel,LT,Lithuania,2020,92,i
RCA,Railcars,DIE,Diesel,LT,Lithuania,2021,92,i
RCA,Railcars,DIE,Diesel,LT,Lithuania,2022,91,
RCA,Railcars,DIE,Diesel,LT,Lithuania,2023,91,
RCA,Railcars,DIE,Diesel,LT,Lithuania,2024,91,
RCA,Railcars,DIE,Diesel,LU,Luxembourg,1990,6,
RCA,Railcars,DIE,Diesel,LU,Luxembourg,1991,6,
RCA,Railcars,DIE,Diesel,LU,Luxembourg,1992,6,
RCA,Railcars,DIE,Diesel,LU,Luxembourg,2006,2,
RCA,Railcars,DIE,Diesel,LU,Luxembourg,2007,2,
RCA,Railcars,DIE,Diesel,LU,Luxembourg,2008,2,
RCA,Railcars,DIE,Diesel,LU,Luxembourg,2009,2,
RCA,Railcars,DIE,Diesel,LU,Luxembourg,2010,2,
RCA,Railcars,DIE,Diesel,LU,Luxembourg,2011,2,
RCA,Railcars,DIE,Diesel,LU,Luxembourg,2012,2,
RCA,Railcars,DIE,Diesel,LU,Luxembourg,2013,2,
RCA,Railcars,DIE,Diesel,LU,Luxembourg,2014,2,
RCA,Railcars,DIE,Diesel,LU,Luxembourg,2015,0,
RCA,Railcars,DIE,Diesel,LU,Luxembourg,2016,0,
RCA,Railcars,DIE,Diesel,LU,Luxembourg,2017,0,
RCA,Railcars,DIE,Diesel,LU,Luxembourg,2018,0,
RCA,Railcars,DIE,Diesel,LU,Luxembourg,2019,0,
RCA,Railcars,DIE,Diesel,LU,Luxembourg,2020,0,
RCA,Railcars,DIE,Diesel,LU,Luxembourg,2021,0,
RCA,Railcars,DIE,Diesel,LU,Luxembourg,2022,0,
RCA,Railcars,DIE,Diesel,LU,Luxembourg,2023,0,
RCA,Railcars,DIE,Diesel,LU,Luxembourg,2024,0,
RCA,Railcars,DIE,Diesel,LV,Latvia,1990,64,
RCA,Railcars,DIE,Diesel,LV,Latvia,1992,67,
RCA,Railcars,DIE,Diesel,LV,Latvia,1993,65,
RCA,Railcars,DIE,Diesel,LV,Latvia,1994,65,
RCA,Railcars,DIE,Diesel,LV,Latvia,1995,63,
RCA,Railcars,DIE,Diesel,LV,Latvia,1996,56,
RCA,Railcars,DIE,Diesel,LV,Latvia,1997,56,
RCA,Railcars,DIE,Diesel,LV,Latvia,1998,53,
RCA,Railcars,DIE,Diesel,LV,Latvia,1999,51,
RCA,Railcars,DIE,Diesel,LV,Latvia,2000,49,
RCA,Railcars,DIE,Diesel,LV,Latvia,2001,48,
RCA,Railcars,DIE,Diesel,LV,Latvia,2002,47,
RCA,Railcars,DIE,Diesel,LV,Latvia,2003,47,
RCA,Railcars,DIE,Diesel,LV,Latvia,2004,47,
RCA,Railcars,DIE,Diesel,LV,Latvia,2005,41,
RCA,Railcars,DIE,Diesel,LV,Latvia,2006,41,
RCA,Railcars,DIE,Diesel,LV,Latvia,2007,41,
RCA,Railcars,DIE,Diesel,LV,Latvia,2008,38,
RCA,Railcars,DIE,Diesel,LV,Latvia,2009,38,
RCA,Railcars,DIE,Diesel,LV,Latvia,2010,25,
RCA,Railcars,DIE,Diesel,LV,Latvia,2011,25,
RCA,Railcars,DIE,Diesel,LV,Latvia,2012,25,
RCA,Railcars,DIE,Diesel,LV,Latvia,2013,25,
RCA,Railcars,DIE,Diesel,LV,Latvia,2014,25,
RCA,Railcars,DIE,Diesel,LV,Latvia,2015,25,
RCA,Railcars,DIE,Diesel,LV,Latvia,2016,25,
RCA,Railcars,DIE,Diesel,LV,Latvia,2017,25,
RCA,Railcars,DIE,Diesel,LV,Latvia,2018,25,
RCA,Railcars,DIE,Diesel,LV,Latvia,2019,25,
RCA,Railcars,DIE,Diesel,LV,Latvia,2020,25,
RCA,Railcars,DIE,Diesel,LV,Latvia,2021,25,
RCA,Railcars,DIE,Diesel,LV,Latvia,2022,25,
RCA,Railcars,DIE,Diesel,LV,Latvia,2023,25,
RCA,Railcars,DIE,Diesel,LV,Latvia,2024,25,
RCA,Railcars,DIE,Diesel,MD,Moldova,1992,45,
RCA,Railcars,DIE,Diesel,MD,Moldova,1993,45,
RCA,Railcars,DIE,Diesel,MD,Moldova,1994,45,
RCA,Railcars,DIE,Diesel,MD,Moldova,1995,42,
RCA,Railcars,DIE,Diesel,MD,Moldova,1996,37,
RCA,Railcars,DIE,Diesel,MD,Moldova,1997,34,
RCA,Railcars,DIE,Diesel,MD,Moldova,1998,34,
RCA,Railcars,DIE,Diesel,MD,Moldova,1999,31,
RCA,Railcars,DIE,Diesel,MD,Moldova,2000,31,
RCA,Railcars,DIE,Diesel,MD,Moldova,2001,31,
RCA,Railcars,DIE,Diesel,MD,Moldova,2002,32,
RCA,Railcars,DIE,Diesel,MD,Moldova,2004,31,
RCA,Railcars,DIE,Diesel,MD,Moldova,2009,30,
RCA,Railcars,DIE,Diesel,MD,Moldova,2010,30,
RCA,Railcars,DIE,Diesel,MD,Moldova,2011,28,
RCA,Railcars,DIE,Diesel,MD,Moldova,2012,28,
RCA,Railcars,DIE,Diesel,MD,Moldova,2013,28,
RCA,Railcars,DIE,Diesel,MD,Moldova,2014,28,
RCA,Railcars,DIE,Diesel,MD,Moldova,2015,28,
RCA,Railcars,DIE,Diesel,MD,Moldova,2016,28,
RCA,Railcars,DIE,Diesel,MD,Moldova,2017,20,
RCA,Railcars,DIE,Diesel,MD,Moldova,2018,20,
RCA,Railcars,DIE,Diesel,MD,Moldova,2019,20,
RCA,Railcars,DIE,Diesel,MD,Moldova,2020,20,
RCA,Railcars,DIE,Diesel,MD,Moldova,2021,22,
RCA,Railcars,DIE,Diesel,MD,Moldova,2022,22,
RCA,Railcars,DIE,Diesel,MD,Moldova,2023,20,
RCA,Railcars,DIE,Diesel,MD,Moldova,2024,20,
RCA,Railcars,DIE,Diesel,ME,Montenegro,2016,0,
RCA,Railcars,DIE,Diesel,ME,Montenegro,2017,0,
RCA,Railcars,DIE,Diesel,ME,Montenegro,2018,0,
RCA,Railcars,DIE,Diesel,MK,North Macedonia,1990,21,
RCA,Railcars,DIE,Diesel,MK,North Macedonia,1996,21,
RCA,Railcars,DIE,Diesel,MK,North Macedonia,1997,17,
RCA,Railcars,DIE,Diesel,MK,North Macedonia,1998,17,
RCA,Railcars,DIE,Diesel,MK,North Macedonia,1999,17,
RCA,Railcars,DIE,Diesel,MK,North Macedonia,2000,17,
RCA,Railcars,DIE,Diesel,MK,North Macedonia,2001,17,
RCA,Railcars,DIE,Diesel,MK,North Macedonia,2002,13,
RCA,Railcars,DIE,Diesel,MK,North Macedonia,2005,13,
RCA,Railcars,DIE,Diesel,MK,North Macedonia,2006,13,
RCA,Railcars,DIE,Diesel,MK,North Macedonia,2007,13,
RCA,Railcars,DIE,Diesel,MK,North Macedonia,2008,13,
RCA,Railcars,DIE,Diesel,MK,North Macedonia,2009,10,
RCA,Railcars,DIE,Diesel,MK,North Macedonia,2010,6,
RCA,Railcars,DIE,Diesel,MK,North Macedonia,2011,6,
RCA,Railcars,DIE,Diesel,MK,North Macedonia,2012,6,
RCA,Railcars,DIE,Diesel,MK,North Macedonia,2013,12,
RCA,Railcars,DIE,Diesel,MK,North Macedonia,2014,12,
RCA,Railcars,DIE,Diesel,MK,North Macedonia,2015,12,
RCA,Railcars,DIE,Diesel,MK,North Macedonia,2016,12,
RCA,Railcars,DIE,Diesel,MK,North Macedonia,2017,12,
RCA,Railcars,DIE,Diesel,MK,North Macedonia,2018,12,
RCA,Railcars,DIE,Diesel,MK,North Macedonia,2019,12,
RCA,Railcars,DIE,Diesel,MK,North Macedonia,2020,12,
RCA,Railcars,DIE,Diesel,MK,North Macedonia,2021,12,
RCA,Railcars,DIE,Diesel,MK,North Macedonia,2022,12,
RCA,Railcars,DIE,Diesel,MK,North Macedonia,2023,12,
RCA,Railcars,DIE,Diesel,MK,North Macedonia,2024,12,
RCA,Railcars,DIE,Diesel,NL,Netherlands,1990,118,
RCA,Railcars,DIE,Diesel,NL,Netherlands,2024,528,i
RCA,Railcars,DIE,Diesel,NO,Norway,1990,29,
RCA,Railcars,DIE,Diesel,NO,Norway,1991,28,
RCA,Railcars,DIE,Diesel,NO,Norway,1992,28,
RCA,Railcars,DIE,Diesel,NO,Norway,1993,28,
RCA,Railcars,DIE,Diesel,NO,Norway,1994,28,
RCA,Railcars,DIE,Diesel,NO,Norway,1995,22,
RCA,Railcars,DIE,Diesel,NO,Norway,1996,15,
RCA,Railcars,DIE,Diesel,NO,Norway,1997,15,
RCA,Railcars,DIE,Diesel,NO,Norway,1998,15,
RCA,Railcars,DIE,Diesel,NO,Norway,1999,15,
RCA,Railcars,DIE,Diesel,NO,Norway,2000,24,
RCA,Railcars,DIE,Diesel,NO,Norway,2001,24,
RCA,Railcars,DIE,Diesel,NO,Norway,2023,32,i
RCA,Railcars,DIE,Diesel,NO,Norway,2024,32,i
RCA,Railcars,DIE,Diesel,PL,Poland,1990,39,
RCA,Railcars,DIE,Diesel,PL,Poland,1992,13,
RCA,Railcars,DIE,Diesel,PL,Poland,1993,10,
RCA,Railcars,DIE,Diesel,PL,Poland,1994,57,
RCA,Railcars,DIE,Diesel,PL,Poland,1995,53,
RCA,Railcars,DIE,Diesel,PL,Poland,1996,51,
RCA,Railcars,DIE,Diesel,PL,Poland,1997,49,
RCA,Railcars,DIE,Diesel,PL,Poland,1998,46,
RCA,Railcars,DIE,Diesel,PL,Poland,1999,44,
RCA,Railcars,DIE,Diesel,PL,Poland,2000,44,
RCA,Railcars,DIE,Diesel,PL,Poland,2001,41,
RCA,Railcars,DIE,Diesel,PL,Poland,2002,25,
RCA,Railcars,DIE,Diesel,PL,Poland,2003,28,
RCA,Railcars,DIE,Diesel,PL,Poland,2004,40,
RCA,Railcars,DIE,Diesel,PL,Poland,2005,91,
RCA,Railcars,DIE,Diesel,PL,Poland,2006,95,
RCA,Railcars,DIE,Diesel,PL,Poland,2007,121,
RCA,Railcars,DIE,Diesel,PL,Poland,2008,133,
RCA,Railcars,DIE,Diesel,PL,Poland,2009,150,
RCA,Railcars,DIE,Diesel,PL,Poland,2010,181,
RCA,Railcars,DIE,Diesel,PL,Poland,2011,201,
RCA,Railcars,DIE,Diesel,PL,Poland,2012,209,
RCA,Railcars,DIE,Diesel,PL,Poland,2013,221,
RCA,Railcars,DIE,Diesel,PL,Poland,2014,154,
RCA,Railcars,DIE,Diesel,PL,Poland,2015,163,
RCA,Railcars,DIE,Diesel,PL,Poland,2016,157,
RCA,Railcars,DIE,Diesel,PL,Poland,2017,173,
RCA,Railcars,DIE,Diesel,PL,Poland,2020,405,e
RCA,Railcars,DIE,Diesel,PT,Portugal,1990,121,
RCA,Railcars,DIE,Diesel,PT,Portugal,1991,127,
RCA,Railcars,DIE,Diesel,PT,Portugal,1992,128,
RCA,Railcars,DIE,Diesel,PT,Portugal,1993,126,
RCA,Railcars,DIE,Diesel,PT,Portugal,1994,128,
RCA,Railcars,DIE,Diesel,PT,Portugal,1995,128,
RCA,Railcars,DIE,Diesel,PT,Portugal,1996,128,
RCA,Railcars,DIE,Diesel,PT,Portugal,1997,127,
RCA,Railcars,DIE,Diesel,PT,Portugal,1998,126,
RCA,Railcars,DIE,Diesel,PT,Portugal,1999,125,
RCA,Railcars,DIE,Diesel,PT,Portugal,2000,122,
RCA,Railcars,DIE,Diesel,PT,Portugal,2001,116,
RCA,Railcars,DIE,Diesel,PT,Portugal,2002,74,
RCA,Railcars,DIE,Diesel,PT,Portugal,2006,64,
RCA,Railcars,DIE,Diesel,PT,Portugal,2007,64,
RCA,Railcars,DIE,Diesel,PT,Portugal,2008,64,
RCA,Railcars,DIE,Diesel,PT,Portugal,2014,56,
RCA,Railcars,DIE,Diesel,PT,Portugal,2015,51,
RCA,Railcars,DIE,Diesel,PT,Portugal,2016,51,
RCA,Railcars,DIE,Diesel,PT,Portugal,2017,51,
RCA,Railcars,DIE,Diesel,PT,Portugal,2018,51,
RCA,Railcars,DIE,Diesel,PT,Portugal,2019,54,
RCA,Railcars,DIE,Diesel,PT,Portugal,2020,54,
RCA,Railcars,DIE,Diesel,PT,Portugal,2021,53,
RCA,Railcars,DIE,Diesel,PT,Portugal,2022,49,
RCA,Railcars,DIE,Diesel,PT,Portugal,2023,49,
RCA,Railcars,DIE,Diesel,PT,Portugal,2024,38,
RCA,Railcars,DIE,Diesel,RO,Romania,1990,135,
RCA,Railcars,DIE,Diesel,RO,Romania,1991,135,
RCA,Railcars,DIE,Diesel,RO,Romania,1992,133,
RCA,Railcars,DIE,Diesel,RO,Romania,1993,133,
RCA,Railcars,DIE,Diesel,RO,Romania,1994,133,
RCA,Railcars,DIE,Diesel,RO,Romania,1995,133,
RCA,Railcars,DIE,Diesel,RO,Romania,1996,132,
RCA,Railcars,DIE,Diesel,RO,Romania,1997,133,
RCA,Railcars,DIE,Diesel,RO,Romania,1998,118,
RCA,Railcars,DIE,Diesel,RO,Romania,1999,109,
RCA,Railcars,DIE,Diesel,RO,Romania,2000,116,
RCA,Railcars,DIE,Diesel,RO,Romania,2001,116,
RCA,Railcars,DIE,Diesel,RO,Romania,2002,124,
RCA,Railcars,DIE,Diesel,RO,Romania,2004,218,
RCA,Railcars,DIE,Diesel,RO,Romania,2005,242,
RCA,Railcars,DIE,Diesel,RO,Romania,2006,259,
RCA,Railcars,DIE,Diesel,RO,Romania,2007,282,
RCA,Railcars,DIE,Diesel,RO,Romania,2008,283,
RCA,Railcars,DIE,Diesel,RO,Romania,2009,283,
RCA,Railcars,DIE,Diesel,RO,Romania,2010,283,
RCA,Railcars,DIE,Diesel,RO,Romania,2011,292,
RCA,Railcars,DIE,Diesel,RO,Romania,2012,291,
RCA,Railcars,DIE,Diesel,RO,Romania,2013,286,
RCA,Railcars,DIE,Diesel,RO,Romania,2014,281,
RCA,Railcars,DIE,Diesel,RO,Romania,2015,266,
RCA,Railcars,DIE,Diesel,RO,Romania,2016,266,
RCA,Railcars,DIE,Diesel,RO,Romania,2017,266,
RCA,Railcars,DIE,Diesel,RO,Romania,2018,277,
RCA,Railcars,DIE,Diesel,RO,Romania,2019,543,b
RCA,Railcars,DIE,Diesel,RO,Romania,2020,517,
RCA,Railcars,DIE,Diesel,RO,Romania,2021,659,
RCA,Railcars,DIE,Diesel,RO,Romania,2022,662,
RCA,Railcars,DIE,Diesel,RO,Romania,2023,692,
RCA,Railcars,DIE,Diesel,RO,Romania,2024,695,
RCA,Railcars,DIE,Diesel,RS,Serbia,2006,40,
RCA,Railcars,DIE,Diesel,RS,Serbia,2007,40,
RCA,Railcars,DIE,Diesel,RS,Serbia,2008,40,
RCA,Railcars,DIE,Diesel,RS,Serbia,2009,40,
RCA,Railcars,DIE,Diesel,RS,Serbia,2010,40,
RCA,Railcars,DIE,Diesel,RS,Serbia,2011,40,
RCA,Railcars,DIE,Diesel,RS,Serbia,2013,74,
RCA,Railcars,DIE,Diesel,RS,Serbia,2014,74,
RCA,Railcars,DIE,Diesel,RS,Serbia,2015,76,
RCA,Railcars,DIE,Diesel,RS,Serbia,2016,126,
RCA,Railcars,DIE,Diesel,RS,Serbia,2017,111,
RCA,Railcars,DIE,Diesel,RS,Serbia,2019,97,
RCA,Railcars,DIE,Diesel,RS,Serbia,2020,96,
RCA,Railcars,DIE,Diesel,RS,Serbia,2021,100,
RCA,Railcars,DIE,Diesel,RS,Serbia,2023,8,
RCA,Railcars,DIE,Diesel,RS,Serbia,2024,8,
RCA,Railcars,DIE,Diesel,SE,Sweden,1990,100,
RCA,Railcars,DIE,Diesel,SE,Sweden,1991,106,
RCA,Railcars,DIE,Diesel,SE,Sweden,1992,107,
RCA,Railcars,DIE,Diesel,SE,Sweden,1993,109,
RCA,Railcars,DIE,Diesel,SE,Sweden,1994,109,
RCA,Railcars,DIE,Diesel,SE,Sweden,1995,88,
RCA,Railcars,DIE,Diesel,SE,Sweden,1996,95,
RCA,Railcars,DIE,Diesel,SE,Sweden,1997,97,
RCA,Railcars,DIE,Diesel,SE,Sweden,1998,91,
RCA,Railcars,DIE,Diesel,SE,Sweden,1999,85,
RCA,Railcars,DIE,Diesel,SE,Sweden,2000,86,
RCA,Railcars,DIE,Diesel,SE,Sweden,2001,86,
RCA,Railcars,DIE,Diesel,SE,Sweden,2002,87,
RCA,Railcars,DIE,Diesel,SE,Sweden,2003,112,
RCA,Railcars,DIE,Diesel,SE,Sweden,2004,85,
RCA,Railcars,DIE,Diesel,SE,Sweden,2005,82,
RCA,Railcars,DIE,Diesel,SE,Sweden,2006,88,
RCA,Railcars,DIE,Diesel,SE,Sweden,2007,81,
RCA,Railcars,DIE,Diesel,SE,Sweden,2008,83,
RCA,Railcars,DIE,Diesel,SE,Sweden,2009,90,
RCA,Railcars,DIE,Diesel,SE,Sweden,2010,75,
RCA,Railcars,DIE,Diesel,SE,Sweden,2011,96,
RCA,Railcars,DIE,Diesel,SE,Sweden,2012,90,
RCA,Railcars,DIE,Diesel,SE,Sweden,2013,83,
RCA,Railcars,DIE,Diesel,SE,Sweden,2014,81,
RCA,Railcars,DIE,Diesel,SE,Sweden,2015,81,
RCA,Railcars,DIE,Diesel,SE,Sweden,2016,78,
RCA,Railcars,DIE,Diesel,SE,Sweden,2017,78,
RCA,Railcars,DIE,Diesel,SE,Sweden,2018,78,
RCA,Railcars,DIE,Diesel,SE,Sweden,2019,74,
RCA,Railcars,DIE,Diesel,SE,Sweden,2020,74,
RCA,Railcars,DIE,Diesel,SE,Sweden,2021,74,
RCA,Railcars,DIE,Diesel,SE,Sweden,2022,74,
RCA,Railcars,DIE,Diesel,SE,Sweden,2023,72,
RCA,Railcars,DIE,Diesel,SE,Sweden,2024,72,
RCA,Railcars,DIE,Diesel,SI,Slovenia,1990,90,
RCA,Railcars,DIE,Diesel,SI,Slovenia,1991,84,
RCA,Railcars,DIE,Diesel,SI,Slovenia,1992,84,
RCA,Railcars,DIE,Diesel,SI,Slovenia,1993,83,
RCA,Railcars,DIE,Diesel,SI,Slovenia,1994,83,
RCA,Railcars,DIE,Diesel,SI,Slovenia,1995,83,
RCA,Railcars,DIE,Diesel,SI,Slovenia,1996,83,
RCA,Railcars,DIE,Diesel,SI,Slovenia,1997,83,
RCA,Railcars,DIE,Diesel,SI,Slovenia,1998,83,
RCA,Railcars,DIE,Diesel,SI,Slovenia,1999,81,
RCA,Railcars,DIE,Diesel,SI,Slovenia,2000,81,
RCA,Railcars,DIE,Diesel,SI,Slovenia,2001,78,
RCA,Railcars,DIE,Diesel,SI,Slovenia,2002,78,
RCA,Railcars,DIE,Diesel,SI,Slovenia,2003,72,
RCA,Railcars,DIE,Diesel,SI,Slovenia,2004,72,
RCA,Railcars,DIE,Diesel,SI,Slovenia,2005,70,
RCA,Railcars,DIE,Diesel,SI,Slovenia,2006,70,
RCA,Railcars,DIE,Diesel,SI,Slovenia,2007,70,
RCA,Railcars,DIE,Diesel,SI,Slovenia,2008,70,
RCA,Railcars,DIE,Diesel,SI,Slovenia,2009,70,
RCA,Railcars,DIE,Diesel,SI,Slovenia,2010,70,
RCA,Railcars,DIE,Diesel,SI,Slovenia,2011,70,
RCA,Railcars,DIE,Diesel,SI,Slovenia,2012,70,
RCA,Railcars,DIE,Diesel,SI,Slovenia,2013,70,
RCA,Railcars,DIE,Diesel,SI,Slovenia,2014,70,
RCA,Railcars,DIE,Diesel,SI,Slovenia,2015,70,
RCA,Railcars,DIE,Diesel,SI,Slovenia,2016,70,
RCA,Railcars,DIE,Diesel,SI,Slovenia,2017,70,
RCA,Railcars,DIE,Diesel,SI,Slovenia,2018,70,
RCA,Railcars,DIE,Diesel,SI,Slovenia,2019,70,
RCA,Railcars,DIE,Diesel,SI,Slovenia,2020,75,
RCA,Railcars,DIE,Diesel,SI,Slovenia,2021,75,
RCA,Railcars,DIE,Diesel,SI,Slovenia,2022,63,
RCA,Railcars,DIE,Diesel,SI,Slovenia,2023,76,
RCA,Railcars,DIE,Diesel,SI,Slovenia,2024,75,
RCA,Railcars,DIE,Diesel,SK,Slovakia,1992,284,
RCA,Railcars,DIE,Diesel,SK,Slovakia,1993,308,
RCA,Railcars,DIE,Diesel,SK,Slovakia,1994,307,
RCA,Railcars,DIE,Diesel,SK,Slovakia,1995,300,
RCA,Railcars,DIE,Diesel,SK,Slovakia,1996,301,
RCA,Railcars,DIE,Diesel,SK,Slovakia,1997,302,
RCA,Railcars,DIE,Diesel,SK,Slovakia,1998,297,
RCA,Railcars,DIE,Diesel,SK,Slovakia,1999,310,
RCA,Railcars,DIE,Diesel,SK,Slovakia,2000,289,
RCA,Railcars,DIE,Diesel,SK,Slovakia,2001,267,
RCA,Railcars,DIE,Diesel,SK,Slovakia,2002,234,
RCA,Railcars,DIE,Diesel,SK,Slovakia,2003,239,
RCA,Railcars,DIE,Diesel,SK,Slovakia,2004,207,
RCA,Railcars,DIE,Diesel,SK,Slovakia,2005,209,
RCA,Railcars,DIE,Diesel,SK,Slovakia,2006,179,
RCA,Railcars,DIE,Diesel,SK,Slovakia,2007,201,
RCA,Railcars,DIE,Diesel,SK,Slovakia,2008,187,
RCA,Railcars,DIE,Diesel,SK,Slovakia,2009,178,
RCA,Railcars,DIE,Diesel,SK,Slovakia,2010,174,
RCA,Railcars,DIE,Diesel,SK,Slovakia,2011,176,
RCA,Railcars,DIE,Diesel,SK,Slovakia,2012,179,
RCA,Railcars,DIE,Diesel,SK,Slovakia,2013,182,
RCA,Railcars,DIE,Diesel,SK,Slovakia,2014,171,
RCA,Railcars,DIE,Diesel,SK,Slovakia,2015,182,
RCA,Railcars,DIE,Diesel,SK,Slovakia,2016,176,
RCA,Railcars,DIE,Diesel,SK,Slovakia,2017,180,
RCA,Railcars,DIE,Diesel,SK,Slovakia,2018,169,
RCA,Railcars,DIE,Diesel,SK,Slovakia,2019,244,
RCA,Railcars,DIE,Diesel,SK,Slovakia,2020,245,
RCA,Railcars,DIE,Diesel,SK,Slovakia,2021,290,
RCA,Railcars,DIE,Diesel,SK,Slovakia,2022,290,
RCA,Railcars,DIE,Diesel,SK,Slovakia,2023,216,i
RCA,Railcars,DIE,Diesel,SK,Slovakia,2024,214,i
RCA,Railcars,DIE,Diesel,TR,Türkiye,1990,34,
RCA,Railcars,DIE,Diesel,TR,Türkiye,1992,37,
RCA,Railcars,DIE,Diesel,TR,Türkiye,1993,57,
RCA,Railcars,DIE,Diesel,TR,Türkiye,1994,68,
RCA,Railcars,DIE,Diesel,TR,Türkiye,1995,60,
RCA,Railcars,DIE,Diesel,TR,Türkiye,1996,56,
RCA,Railcars,DIE,Diesel,TR,Türkiye,1997,59,
RCA,Railcars,DIE,Diesel,TR,Türkiye,1998,57,
RCA,Railcars,DIE,Diesel,TR,Türkiye,1999,54,
RCA,Railcars,DIE,Diesel,TR,Türkiye,2000,54,
RCA,Railcars,DIE,Diesel,TR,Türkiye,2001,50,
RCA,Railcars,DIE,Diesel,TR,Türkiye,2002,50,
RCA,Railcars,DIE,Diesel,TR,Türkiye,2003,49,
RCA,Railcars,DIE,Diesel,TR,Türkiye,2004,49,
RCA,Railcars,DIE,Diesel,TR,Türkiye,2005,49,
RCA,Railcars,DIE,Diesel,TR,Türkiye,2006,46,
RCA,Railcars,DIE,Diesel,TR,Türkiye,2007,44,
RCA,Railcars,DIE,Diesel,TR,Türkiye,2008,44,
RCA,Railcars,DIE,Diesel,TR,Türkiye,2009,52,
RCA,Railcars,DIE,Diesel,TR,Türkiye,2010,55,
RCA,Railcars,DIE,Diesel,TR,Türkiye,2011,56,
RCA,Railcars,DIE,Diesel,TR,Türkiye,2012,67,
RCA,Railcars,DIE,Diesel,TR,Türkiye,2013,77,
RCA,Railcars,DIE,Diesel,TR,Türkiye,2014,80,
RCA,Railcars,DIE,Diesel,TR,Türkiye,2015,80,
RCA,Railcars,DIE,Diesel,TR,Türkiye,2016,80,
RCA,Railcars,DIE,Diesel,TR,Türkiye,2017,71,
RCA,Railcars,DIE,Diesel,TR,Türkiye,2018,87,
RCA,Railcars,DIE,Diesel,TR,Türkiye,2019,37,
RCA,Railcars,DIE,Diesel,TR,Türkiye,2020,99,
RCA,Railcars,DIE,Diesel,TR,Türkiye,2023,164,
RCA,Railcars,DIE,Diesel,TR,Türkiye,2024,163,
RCA,Railcars,DIE,Diesel,UA,Ukraine,1992,551,
RCA,Railcars,DIE,Diesel,UA,Ukraine,1993,548,
RCA,Railcars,DIE,Diesel,UA,Ukraine,1994,540,
RCA,Railcars,DIE,Diesel,UA,Ukraine,1995,522,
RCA,Railcars,DIE,Diesel,UA,Ukraine,1996,492,
RCA,Railcars,DIE,Diesel,UA,Ukraine,1997,438,
RCA,Railcars,DIE,Diesel,UA,Ukraine,1998,407,
RCA,Railcars,DIE,Diesel,UA,Ukraine,1999,375,
RCA,Railcars,DIE,Diesel,UA,Ukraine,2000,386,
RCA,Railcars,DIE,Diesel,UK,United Kingdom,1990,1781,
RCA,Railcars,DIE,Diesel,UK,United Kingdom,1991,2096,
RCA,Railcars,DIE,Diesel,UK,United Kingdom,1992,1845,
RCA,Railcars,DIE,Diesel,UK,United Kingdom,1993,1774,
RCA,Railcars,DIE,Diesel,UK,United Kingdom,1994,1685,
RCA,Railcars,DIE,Diesel,XK,Kosovo*,2017,3,
RCA,Railcars,DIE,Diesel,XK,Kosovo*,2018,3,
RCA,Railcars,DIE,Diesel,XK,Kosovo*,2019,2,
RCA,Railcars,DIE,Diesel,XK,Kosovo*,2020,6,
RCA,Railcars,DIE,Diesel,XK,Kosovo*,2021,6,
RCA,Railcars,ELC,Electricity,AL,Albania,1993,0,
RCA,Railcars,ELC,Electricity,AL,Albania,1994,0,
RCA,Railcars,ELC,Electricity,AL,Albania,1995,0,
RCA,Railcars,ELC,Electricity,AL,Albania,1996,0,
RCA,Railcars,ELC,Electricity,AL,Albania,1997,0,
RCA,Railcars,ELC,Electricity,AL,Albania,1998,0,
RCA,Railcars,ELC,Electricity,AL,Albania,1999,0,
RCA,Railcars,ELC,Electricity,AL,Albania,2023,0,
RCA,Railcars,ELC,Electricity,AL,Albania,2024,0,
RCA,Railcars,ELC,Electricity,AT,Austria,1990,225,
RCA,Railcars,ELC,Electricity,AT,Austria,1991,225,
RCA,Railcars,ELC,Electricity,AT,Austria,1992,225,
RCA,Railcars,ELC,Electricity,AT,Austria,1993,225,
RCA,Railcars,ELC,Electricity,AT,Austria,1994,331,
RCA,Railcars,ELC,Electricity,AT,Austria,1995,338,
RCA,Railcars,ELC,Electricity,AT,Austria,1996,339,
RCA,Railcars,ELC,Electricity,AT,Austria,1997,332,
RCA,Railcars,ELC,Electricity,AT,Austria,2000,333,
RCA,Railcars,ELC,Electricity,AT,Austria,2001,204,
RCA,Railcars,ELC,Electricity,AT,Austria,2002,185,
RCA,Railcars,ELC,Electricity,AT,Austria,2007,381,
RCA,Railcars,ELC,Electricity,AT,Austria,2010,420,
RCA,Railcars,ELC,Electricity,AT,Austria,2011,419,
RCA,Railcars,ELC,Electricity,AT,Austria,2012,422,
RCA,Railcars,ELC,Electricity,AT,Austria,2013,431,
RCA,Railcars,ELC,Electricity,AT,Austria,2014,441,
RCA,Railcars,ELC,Electricity,AT,Austria,2015,447,
RCA,Railcars,ELC,Electricity,AT,Austria,2016,489,
RCA,Railcars,ELC,Electricity,AT,Austria,2017,531,
RCA,Railcars,ELC,Electricity,AT,Austria,2018,516,
RCA,Railcars,ELC,Electricity,AT,Austria,2019,527,
RCA,Railcars,ELC,Electricity,AT,Austria,2020,523,
RCA,Railcars,ELC,Electricity,AT,Austria,2021,528,
RCA,Railcars,ELC,Electricity,AT,Austria,2022,114,
RCA,Railcars,ELC,Electricity,AT,Austria,2023,609,
RCA,Railcars,ELC,Electricity,AT,Austria,2024,622,
RCA,Railcars,ELC,Electricity,BA,Bosnia and Herzegovina,1992,24,
RCA,Railcars,ELC,Electricity,BA,Bosnia and Herzegovina,1999,9,
RCA,Railcars,ELC,Electricity,BA,Bosnia and Herzegovina,2000,9,
RCA,Railcars,ELC,Electricity,BA,Bosnia and Herzegovina,2001,9,
RCA,Railcars,ELC,Electricity,BA,Bosnia and Herzegovina,2010,14,
RCA,Railcars,ELC,Electricity,BA,Bosnia and Herzegovina,2011,15,
RCA,Railcars,ELC,Electricity,BA,Bosnia and Herzegovina,2012,15,
RCA,Railcars,ELC,Electricity,BA,Bosnia and Herzegovina,2013,15,
RCA,Railcars,ELC,Electricity,BA,Bosnia and Herzegovina,2014,15,
RCA,Railcars,ELC,Electricity,BA,Bosnia and Herzegovina,2015,15,
RCA,Railcars,ELC,Electricity,BA,Bosnia and Herzegovina,2016,15,
RCA,Railcars,ELC,Electricity,BA,Bosnia and Herzegovina,2017,16,
RCA,Railcars,ELC,Electricity,BA,Bosnia and Herzegovina,2018,16,
RCA,Railcars,ELC,Electricity,BA,Bosnia and Herzegovina,2019,16,
RCA,Railcars,ELC,Electricity,BA,Bosnia and Herzegovina,2020,16,
RCA,Railcars,ELC,Electricity,BA,Bosnia and Herzegovina,2021,16,
RCA,Railcars,ELC,Electricity,BA,Bosnia and Herzegovina,2022,16,
RCA,Railcars,ELC,Electricity,BA,Bosnia and Herzegovina,2023,16,
RCA,Railcars,ELC,Electricity,BA,Bosnia and Herzegovina,2024,16,
RCA,Railcars,ELC,Electricity,BE,Belgium,1990,663,
RCA,Railcars,ELC,Electricity,BE,Belgium,1991,674,
RCA,Railcars,ELC,Electricity,BE,Belgium,1992,663,
RCA,Railcars,ELC,Electricity,BE,Belgium,1993,635,
RCA,Railcars,ELC,Electricity,BE,Belgium,1994,624,
RCA,Railcars,ELC,Electricity,BE,Belgium,1995,577,
RCA,Railcars,ELC,Electricity,BE,Belgium,1996,586,
RCA,Railcars,ELC,Electricity,BE,Belgium,1997,620,
RCA,Railcars,ELC,Electricity,BE,Belgium,1998,648,
RCA,Railcars,ELC,Electricity,BE,Belgium,1999,665,
RCA,Railcars,ELC,Electricity,BE,Belgium,2000,680,
RCA,Railcars,ELC,Electricity,BE,Belgium,2001,680,
RCA,Railcars,ELC,Electricity,BE,Belgium,2002,680,
RCA,Railcars,ELC,Electricity,BE,Belgium,2003,664,
RCA,Railcars,ELC,Electricity,BE,Belgium,2004,663,
RCA,Railcars,ELC,Electricity,BE,Belgium,2005,663,
RCA,Railcars,ELC,Electricity,BE,Belgium,2006,658,
RCA,Railcars,ELC,Electricity,BE,Belgium,2007,655,
RCA,Railcars,ELC,Electricity,BE,Belgium,2008,654,
RCA,Railcars,ELC,Electricity,BE,Belgium,2009,656,
RCA,Railcars,ELC,Electricity,BE,Belgium,2021,2249,i
RCA,Railcars,ELC,Electricity,BE,Belgium,2023,2249,
RCA,Railcars,ELC,Electricity,BE,Belgium,2024,2175,i
RCA,Railcars,ELC,Electricity,BG,Bulgaria,1990,83,
RCA,Railcars,ELC,Electricity,BG,Bulgaria,1991,85,
RCA,Railcars,ELC,Electricity,BG,Bulgaria,1992,85,
RCA,Railcars,ELC,Electricity,BG,Bulgaria,1993,85,
RCA,Railcars,ELC,Electricity,BG,Bulgaria,1994,83,
RCA,Railcars,ELC,Electricity,BG,Bulgaria,1995,83,
RCA,Railcars,ELC,Electricity,BG,Bulgaria,1996,83,
RCA,Railcars,ELC,Electricity,BG,Bulgaria,1997,82,
RCA,Railcars,ELC,Electricity,BG,Bulgaria,1998,80,
RCA,Railcars,ELC,Electricity,BG,Bulgaria,1999,78,
RCA,Railcars,ELC,Electricity,BG,Bulgaria,2000,78,
RCA,Railcars,ELC,Electricity,BG,Bulgaria,2001,78,
RCA,Railcars,ELC,Electricity,BG,Bulgaria,2002,74,
RCA,Railcars,ELC,Electricity,BG,Bulgaria,2003,74,
RCA,Railcars,ELC,Electricity,BG,Bulgaria,2004,72,
RCA,Railcars,ELC,Electricity,BG,Bulgaria,2008,97,
RCA,Railcars,ELC,Electricity,BG,Bulgaria,2009,89,
RCA,Railcars,ELC,Electricity,BG,Bulgaria,2010,74,
RCA,Railcars,ELC,Electricity,BG,Bulgaria,2011,74,
RCA,Railcars,ELC,Electricity,BG,Bulgaria,2012,74,
RCA,Railcars,ELC,Electricity,BG,Bulgaria,2013,74,
RCA,Railcars,ELC,Electricity,BG,Bulgaria,2023,101,i
RCA,Railcars,ELC,Electricity,BG,Bulgaria,2024,105,i
RCA,Railcars,ELC,Electricity,CH,Switzerland,1990,252,
RCA,Railcars,ELC,Electricity,CH,Switzerland,1991,231,
RCA,Railcars,ELC,Electricity,CH,Switzerland,1992,244,
RCA,Railcars,ELC,Electricity,CH,Switzerland,1993,228,
RCA,Railcars,ELC,Electricity,CH,Switzerland,1994,240,
RCA,Railcars,ELC,Electricity,CH,Switzerland,1995,245,
RCA,Railcars,ELC,Electricity,CH,Switzerland,1996,249,
RCA,Railcars,ELC,Electricity,CH,Switzerland,2015,2369,
RCA,Railcars,ELC,Electricity,CH,Switzerland,2020,2469,
RCA,Railcars,ELC,Electricity,CZ,Czechia,1993,167,
RCA,Railcars,ELC,Electricity,CZ,Czechia,1994,167,
RCA,Railcars,ELC,Electricity,CZ,Czechia,1995,167,
RCA,Railcars,ELC,Electricity,CZ,Czechia,1996,167,
RCA,Railcars,ELC,Electricity,CZ,Czechia,1997,167,
RCA,Railcars,ELC,Electricity,CZ,Czechia,1998,166,
RCA,Railcars,ELC,Electricity,CZ,Czechia,1999,166,
RCA,Railcars,ELC,Electricity,CZ,Czechia,2000,169,
RCA,Railcars,ELC,Electricity,CZ,Czechia,2001,170,
RCA,Railcars,ELC,Electricity,CZ,Czechia,2002,170,
RCA,Railcars,ELC,Electricity,CZ,Czechia,2003,178,
RCA,Railcars,ELC,Electricity,CZ,Czechia,2004,192,
RCA,Railcars,ELC,Electricity,CZ,Czechia,2005,211,
RCA,Railcars,ELC,Electricity,CZ,Czechia,2006,216,
RCA,Railcars,ELC,Electricity,CZ,Czechia,2007,222,
RCA,Railcars,ELC,Electricity,CZ,Czechia,2008,231,
RCA,Railcars,ELC,Electricity,CZ,Czechia,2009,244,
RCA,Railcars,ELC,Electricity,CZ,Czechia,2010,252,
RCA,Railcars,ELC,Electricity,CZ,Czechia,2011,232,
RCA,Railcars,ELC,Electricity,CZ,Czechia,2012,247,
RCA,Railcars,ELC,Electricity,CZ,Czechia,2013,265,
RCA,Railcars,ELC,Electricity,CZ,Czechia,2014,264,
RCA,Railcars,ELC,Electricity,CZ,Czechia,2015,294,
RCA,Railcars,ELC,Electricity,CZ,Czechia,2016,317,
RCA,Railcars,ELC,Electricity,CZ,Czechia,2017,306,
RCA,Railcars,ELC,Electricity,CZ,Czechia,2018,317,
RCA,Railcars,ELC,Electricity,CZ,Czechia,2019,314,
RCA,Railcars,ELC,Electricity,CZ,Czechia,2020,314,
RCA,Railcars,ELC,Electricity,CZ,Czechia,2021,337,
RCA,Railcars,ELC,Electricity,CZ,Czechia,2022,344,
RCA,Railcars,ELC,Electricity,CZ,Czechia,2023,520,
RCA,Railcars,ELC,Electricity,CZ,Czechia,2024,679,
RCA,Railcars,ELC,Electricity,DE,Germany,1990,1684,
RCA,Railcars,ELC,Electricity,DE,Germany,1991,2371,
RCA,Railcars,ELC,Electricity,DE,Germany,1992,2427,
RCA,Railcars,ELC,Electricity,DE,Germany,1993,2473,
RCA,Railcars,ELC,Electricity,DE,Germany,1994,1786,
RCA,Railcars,ELC,Electricity,DE,Germany,1995,1915,
RCA,Railcars,ELC,Electricity,DE,Germany,1996,1821,
RCA,Railcars,ELC,Electricity,DE,Germany,1997,1794,
RCA,Railcars,ELC,Electricity,DE,Germany,1998,1772,
RCA,Railcars,ELC,Electricity,DE,Germany,1999,3748,
RCA,Railcars,ELC,Electricity,DE,Germany,2000,4711,
RCA,Railcars,ELC,Electricity,DK,Denmark,1990,598,i
RCA,Railcars,ELC,Electricity,DK,Denmark,1991,598,i
RCA,Railcars,ELC,Electricity,DK,Denmark,1992,598,i
RCA,Railcars,ELC,Electricity,DK,Denmark,1993,614,i
RCA,Railcars,ELC,Electricity,DK,Denmark,1994,622,i
RCA,Railcars,ELC,Electricity,DK,Denmark,1995,742,i
RCA,Railcars,ELC,Electricity,DK,Denmark,1996,754,i
RCA,Railcars,ELC,Electricity,DK,Denmark,1997,774,i
RCA,Railcars,ELC,Electricity,DK,Denmark,1998,782,i
RCA,Railcars,ELC,Electricity,DK,Denmark,1999,790,i
RCA,Railcars,ELC,Electricity,DK,Denmark,2000,829,i
RCA,Railcars,ELC,Electricity,DK,Denmark,2001,846,i
RCA,Railcars,ELC,Electricity,DK,Denmark,2002,888,i
RCA,Railcars,ELC,Electricity,DK,Denmark,2003,864,i
RCA,Railcars,ELC,Electricity,DK,Denmark,2004,844,i
RCA,Railcars,ELC,Electricity,DK,Denmark,2005,810,i
RCA,Railcars,ELC,Electricity,DK,Denmark,2006,726,i
RCA,Railcars,ELC,Electricity,DK,Denmark,2007,726,i
RCA,Railcars,ELC,Electricity,DK,Denmark,2008,726,i
RCA,Railcars,ELC,Electricity,DK,Denmark,2009,909,i
RCA,Railcars,ELC,Electricity,DK,Denmark,2010,957,i
RCA,Railcars,ELC,Electricity,DK,Denmark,2011,987,i
RCA,Railcars,ELC,Electricity,DK,Denmark,2012,975,i
RCA,Railcars,ELC,Electricity,DK,Denmark,2013,984,
RCA,Railcars,ELC,Electricity,DK,Denmark,2014,1469,
RCA,Railcars,ELC,Electricity,DK,Denmark,2015,1549,
RCA,Railcars,ELC,Electricity,DK,Denmark,2016,1272,
RCA,Railcars,ELC,Electricity,DK,Denmark,2017,1268,
RCA,Railcars,ELC,Electricity,DK,Denmark,2018,1268,
RCA,Railcars,ELC,Electricity,DK,Denmark,2019,1268,
RCA,Railcars,ELC,Electricity,DK,Denmark,2020,1268,
RCA,Railcars,ELC,Electricity,DK,Denmark,2021,1268,
RCA,Railcars,ELC,Electricity,DK,Denmark,2022,1162,
RCA,Railcars,ELC,Electricity,DK,Denmark,2023,1132,
RCA,Railcars,ELC,Electricity,DK,Denmark,2024,1132,
RCA,Railcars,ELC,Electricity,EE,Estonia,1992,64,
RCA,Railcars,ELC,Electricity,EE,Estonia,1993,56,
RCA,Railcars,ELC,Electricity,EE,Estonia,1994,54,
RCA,Railcars,ELC,Electricity,EE,Estonia,1995,53,
RCA,Railcars,ELC,Electricity,EE,Estonia,1996,53,
RCA,Railcars,ELC,Electricity,EE,Estonia,1997,41,
RCA,Railcars,ELC,Electricity,EE,Estonia,1998,41,
RCA,Railcars,ELC,Electricity,EE,Estonia,1999,37,
RCA,Railcars,ELC,Electricity,EE,Estonia,2000,37,
RCA,Railcars,ELC,Electricity,EE,Estonia,2001,35,
RCA,Railcars,ELC,Electricity,EE,Estonia,2002,31,
RCA,Railcars,ELC,Electricity,EE,Estonia,2003,31,
RCA,Railcars,ELC,Electricity,EE,Estonia,2004,55,
RCA,Railcars,ELC,Electricity,EE,Estonia,2005,47,
RCA,Railcars,ELC,Electricity,EE,Estonia,2006,48,
RCA,Railcars,ELC,Electricity,EE,Estonia,2007,52,
RCA,Railcars,ELC,Electricity,EE,Estonia,2008,34,
RCA,Railcars,ELC,Electricity,EE,Estonia,2009,23,
RCA,Railcars,ELC,Electricity,EE,Estonia,2010,23,
RCA,Railcars,ELC,Electricity,EE,Estonia,2011,23,
RCA,Railcars,ELC,Electricity,EE,Estonia,2012,23,
RCA,Railcars,ELC,Electricity,EE,Estonia,2013,19,
RCA,Railcars,ELC,Electricity,EE,Estonia,2014,19,
RCA,Railcars,ELC,Electricity,EE,Estonia,2015,19,
RCA,Railcars,ELC,Electricity,EE,Estonia,2016,19,
RCA,Railcars,ELC,Electricity,EE,Estonia,2017,19,
RCA,Railcars,ELC,Electricity,EE,Estonia,2018,18,
RCA,Railcars,ELC,Electricity,EE,Estonia,2019,18,
RCA,Railcars,ELC,Electricity,EE,Estonia,2020,18,
RCA,Railcars,ELC,Electricity,EE,Estonia,2021,18,
RCA,Railcars,ELC,Electricity,EE,Estonia,2022,18,
RCA,Railcars,ELC,Electricity,EE,Estonia,2023,18,
RCA,Railcars,ELC,Electricity,EE,Estonia,2024,18,
RCA,Railcars,ELC,Electricity,EL,Greece,2005,9,
RCA,Railcars,ELC,Electricity,EL,Greece,2006,13,
RCA,Railcars,ELC,Electricity,EL,Greece,2007,20,
RCA,Railcars,ELC,Electricity,EL,Greece,2008,20,
RCA,Railcars,ELC,Electricity,EL,Greece,2009,20,
RCA,Railcars,ELC,Electricity,EL,Greece,2010,20,
RCA,Railcars,ELC,Electricity,EL,Greece,2011,20,
RCA,Railcars,ELC,Electricity,EL,Greece,2012,20,
RCA,Railcars,ELC,Electricity,EL,Greece,2013,20,
RCA,Railcars,ELC,Electricity,EL,Greece,2014,20,
RCA,Railcars,ELC,Electricity,EL,Greece,2015,20,
RCA,Railcars,ELC,Electricity,EL,Greece,2016,20,
RCA,Railcars,ELC,Electricity,EL,Greece,2017,20,
RCA,Railcars,ELC,Electricity,EL,Greece,2018,60,
RCA,Railcars,ELC,Electricity,EL,Greece,2019,60,
RCA,Railcars,ELC,Electricity,EL,Greece,2020,60,
RCA,Railcars,ELC,Electricity,EL,Greece,2021,60,
RCA,Railcars,ELC,Electricity,EL,Greece,2022,68,
RCA,Railcars,ELC,Electricity,EL,Greece,2023,68,
RCA,Railcars,ELC,Electricity,EL,Greece,2024,68,
RCA,Railcars,ELC,Electricity,ES,Spain,1990,635,
RCA,Railcars,ELC,Electricity,ES,Spain,1991,677,
RCA,Railcars,ELC,Electricity,ES,Spain,1992,731,
RCA,Railcars,ELC,Electricity,ES,Spain,1993,861,
RCA,Railcars,ELC,Electricity,ES,Spain,1994,879,
RCA,Railcars,ELC,Electricity,ES,Spain,1995,626,
RCA,Railcars,ELC,Electricity,ES,Spain,1996,659,
RCA,Railcars,ELC,Electricity,ES,Spain,1997,645,
RCA,Railcars,ELC,Electricity,ES,Spain,1998,618,
RCA,Railcars,ELC,Electricity,ES,Spain,1999,641,
RCA,Railcars,ELC,Electricity,ES,Spain,2000,652,
RCA,Railcars,ELC,Electricity,ES,Spain,2001,665,
RCA,Railcars,ELC,Electricity,ES,Spain,2002,664,
RCA,Railcars,ELC,Electricity,ES,Spain,2004,679,
RCA,Railcars,ELC,Electricity,ES,Spain,2005,719,
RCA,Railcars,ELC,Electricity,ES,Spain,2006,757,
RCA,Railcars,ELC,Electricity,ES,Spain,2007,827,
RCA,Railcars,ELC,Electricity,ES,Spain,2008,876,
RCA,Railcars,ELC,Electricity,ES,Spain,2009,932,
RCA,Railcars,ELC,Electricity,ES,Spain,2016,1164,
RCA,Railcars,ELC,Electricity,ES,Spain,2017,1158,
RCA,Railcars,ELC,Electricity,ES,Spain,2018,1127,
RCA,Railcars,ELC,Electricity,ES,Spain,2019,1127,
RCA,Railcars,ELC,Electricity,ES,Spain,2020,1117,
RCA,Railcars,ELC,Electricity,ES,Spain,2021,1125,
RCA,Railcars,ELC,Electricity,ES,Spain,2022,1124,
RCA,Railcars,ELC,Electricity,ES,Spain,2023,1194,
RCA,Railcars,ELC,Electricity,ES,Spain,2024,1196,
RCA,Railcars,ELC,Electricity,FI,Finland,1990,100,
RCA,Railcars,ELC,Electricity,FI,Finland,1991,100,
RCA,Railcars,ELC,Electricity,FI,Finland,1992,100,
RCA,Railcars,ELC,Electricity,FI,Finland,1993,100,
RCA,Railcars,ELC,Electricity,FI,Finland,1994,100,
RCA,Railcars,ELC,Electricity,FI,Finland,1995,100,
RCA,Railcars,ELC,Electricity,FI,Finland,1996,100,
RCA,Railcars,ELC,Electricity,FI,Finland,1997,102,
RCA,Railcars,ELC,Electricity,FI,Finland,1998,102,
RCA,Railcars,ELC,Electricity,FI,Finland,1999,102,
RCA,Railcars,ELC,Electricity,FI,Finland,2000,112,
RCA,Railcars,ELC,Electricity,FI,Finland,2001,112,
RCA,Railcars,ELC,Electricity,FI,Finland,2002,119,
RCA,Railcars,ELC,Electricity,FI,Finland,2003,119,
RCA,Railcars,ELC,Electricity,FI,Finland,2004,129,
RCA,Railcars,ELC,Electricity,FI,Finland,2005,147,
RCA,Railcars,ELC,Electricity,FI,Finland,2006,147,
RCA,Railcars,ELC,Electricity,FI,Finland,2007,148,
RCA,Railcars,ELC,Electricity,FI,Finland,2008,148,
RCA,Railcars,ELC,Electricity,FI,Finland,2009,149,
RCA,Railcars,ELC,Electricity,FI,Finland,2010,152,
RCA,Railcars,ELC,Electricity,FI,Finland,2011,158,
RCA,Railcars,ELC,Electricity,FI,Finland,2012,167,
RCA,Railcars,ELC,Electricity,FI,Finland,2013,171,
RCA,Railcars,ELC,Electricity,FI,Finland,2014,178,
RCA,Railcars,ELC,Electricity,FI,Finland,2015,178,
RCA,Railcars,ELC,Electricity,FI,Finland,2016,178,
RCA,Railcars,ELC,Electricity,FI,Finland,2017,218,
RCA,Railcars,ELC,Electricity,FI,Finland,2018,218,
RCA,Railcars,ELC,Electricity,FI,Finland,2024,174,i
RCA,Railcars,ELC,Electricity,FR,France,1990,1013,
RCA,Railcars,ELC,Electricity,FR,France,1991,1053,
RCA,Railcars,ELC,Electricity,FR,France,1992,1062,
RCA,Railcars,ELC,Electricity,FR,France,1993,1116,
RCA,Railcars,ELC,Electricity,FR,France,1994,1154,
RCA,Railcars,ELC,Electricity,FR,France,1995,1188,
RCA,Railcars,ELC,Electricity,FR,France,1996,1221,
RCA,Railcars,ELC,Electricity,FR,France,1997,1269,
RCA,Railcars,ELC,Electricity,FR,France,1998,1337,
RCA,Railcars,ELC,Electricity,FR,France,1999,1387,
RCA,Railcars,ELC,Electricity,FR,France,2000,1392,
RCA,Railcars,ELC,Electricity,FR,France,2001,1405,
RCA,Railcars,ELC,Electricity,FR,France,2002,1435,
RCA,Railcars,ELC,Electricity,FR,France,2003,1448,
RCA,Railcars,ELC,Electricity,FR,France,2004,1504,
RCA,Railcars,ELC,Electricity,FR,France,2005,1580,
RCA,Railcars,ELC,Electricity,FR,France,2006,1918,
RCA,Railcars,ELC,Electricity,FR,France,2007,2052,
RCA,Railcars,ELC,Electricity,FR,France,2008,2199,
RCA,Railcars,ELC,Electricity,FR,France,2009,2343,
RCA,Railcars,ELC,Electricity,FR,France,2010,2528,
RCA,Railcars,ELC,Electricity,FR,France,2011,2612,
RCA,Railcars,ELC,Electricity,FR,France,2012,2770,
RCA,Railcars,ELC,Electricity,FR,France,2013,5184,
RCA,Railcars,ELC,Electricity,FR,France,2014,5439,
RCA,Railcars,ELC,Electricity,FR,France,2015,5810,
RCA,Railcars,ELC,Electricity,FR,France,2016,6042,
RCA,Railcars,ELC,Electricity,FR,France,2017,6232,
RCA,Railcars,ELC,Electricity,FR,France,2018,6519,
RCA,Railcars,ELC,Electricity,FR,France,2019,6704,
RCA,Railcars,ELC,Electricity,FR,France,2020,6908,
RCA,Railcars,ELC,Electricity,FR,France,2021,7081,
RCA,Railcars,ELC,Electricity,FR,France,2022,7113,
RCA,Railcars,ELC,Electricity,FR,France,2023,7161,
RCA,Railcars,ELC,Electricity,FR,France,2024,7312,
RCA,Railcars,ELC,Electricity,GE,Georgia,1995,113,
RCA,Railcars,ELC,Electricity,GE,Georgia,1996,103,
RCA,Railcars,ELC,Electricity,GE,Georgia,1997,102,
RCA,Railcars,ELC,Electricity,GE,Georgia,1998,99,
RCA,Railcars,ELC,Electricity,GE,Georgia,1999,90,
RCA,Railcars,ELC,Electricity,HR,Croatia,1993,35,
RCA,Railcars,ELC,Electricity,HR,Croatia,1994,35,
RCA,Railcars,ELC,Electricity,HR,Croatia,1995,30,
RCA,Railcars,ELC,Electricity,HR,Croatia,1996,29,
RCA,Railcars,ELC,Electricity,HR,Croatia,1997,29,
RCA,Railcars,ELC,Electricity,HR,Croatia,1998,29,
RCA,Railcars,ELC,Electricity,HR,Croatia,1999,25,
RCA,Railcars,ELC,Electricity,HR,Croatia,2000,28,
RCA,Railcars,ELC,Electricity,HR,Croatia,2001,28,
RCA,Railcars,ELC,Electricity,HR,Croatia,2002,28,
RCA,Railcars,ELC,Electricity,HR,Croatia,2003,28,
RCA,Railcars,ELC,Electricity,HR,Croatia,2004,25,
RCA,Railcars,ELC,Electricity,HR,Croatia,2005,25,
RCA,Railcars,ELC,Electricity,HR,Croatia,2006,25,
RCA,Railcars,ELC,Electricity,HR,Croatia,2007,23,
RCA,Railcars,ELC,Electricity,HR,Croatia,2008,23,
RCA,Railcars,ELC,Electricity,HR,Croatia,2009,21,
RCA,Railcars,ELC,Electricity,HR,Croatia,2010,21,
RCA,Railcars,ELC,Electricity,HR,Croatia,2011,23,
RCA,Railcars,ELC,Electricity,HR,Croatia,2012,23,
RCA,Railcars,ELC,Electricity,HR,Croatia,2013,23,
RCA,Railcars,ELC,Electricity,HR,Croatia,2014,23,
RCA,Railcars,ELC,Electricity,HR,Croatia,2015,39,
RCA,Railcars,ELC,Electricity,HR,Croatia,2016,43,
RCA,Railcars,ELC,Electricity,HR,Croatia,2017,43,
RCA,Railcars,ELC,Electricity,HR,Croatia,2018,43,
RCA,Railcars,ELC,Electricity,HR,Croatia,2019,43,
RCA,Railcars,ELC,Electricity,HR,Croatia,2020,65,
RCA,Railcars,ELC,Electricity,HR,Croatia,2021,75,
RCA,Railcars,ELC,Electricity,HR,Croatia,2022,95,
RCA,Railcars,ELC,Electricity,HR,Croatia,2023,122,
RCA,Railcars,ELC,Electricity,HR,Croatia,2024,124,
RCA,Railcars,ELC,Electricity,HU,Hungary,1990,0,
RCA,Railcars,ELC,Electricity,HU,Hungary,1991,0,
RCA,Railcars,ELC,Electricity,HU,Hungary,1992,0,
RCA,Railcars,ELC,Electricity,HU,Hungary,1993,0,
RCA,Railcars,ELC,Electricity,HU,Hungary,1994,0,
RCA,Railcars,ELC,Electricity,HU,Hungary,1995,0,
RCA,Railcars,ELC,Electricity,HU,Hungary,1996,0,
RCA,Railcars,ELC,Electricity,HU,Hungary,1997,0,
RCA,Railcars,ELC,Electricity,HU,Hungary,1998,24,
RCA,Railcars,ELC,Electricity,HU,Hungary,1999,24,
RCA,Railcars,ELC,Electricity,HU,Hungary,2000,24,
RCA,Railcars,ELC,Electricity,HU,Hungary,2001,24,
RCA,Railcars,ELC,Electricity,HU,Hungary,2002,24,
RCA,Railcars,ELC,Electricity,HU,Hungary,2003,24,
RCA,Railcars,ELC,Electricity,HU,Hungary,2004,24,
RCA,Railcars,ELC,Electricity,HU,Hungary,2005,24,
RCA,Railcars,ELC,Electricity,HU,Hungary,2008,63,
RCA,Railcars,ELC,Electricity,HU,Hungary,2009,89,
RCA,Railcars,ELC,Electricity,HU,Hungary,2010,89,
RCA,Railcars,ELC,Electricity,HU,Hungary,2011,89,
RCA,Railcars,ELC,Electricity,HU,Hungary,2012,89,
RCA,Railcars,ELC,Electricity,HU,Hungary,2013,95,
RCA,Railcars,ELC,Electricity,HU,Hungary,2014,115,
RCA,Railcars,ELC,Electricity,HU,Hungary,2015,152,
RCA,Railcars,ELC,Electricity,HU,Hungary,2016,163,
RCA,Railcars,ELC,Electricity,HU,Hungary,2017,162,
RCA,Railcars,ELC,Electricity,HU,Hungary,2018,167,
RCA,Railcars,ELC,Electricity,HU,Hungary,2019,167,
RCA,Railcars,ELC,Electricity,HU,Hungary,2020,186,
RCA,Railcars,ELC,Electricity,HU,Hungary,2021,394,
RCA,Railcars,ELC,Electricity,HU,Hungary,2022,412,
RCA,Railcars,ELC,Electricity,HU,Hungary,2023,414,
RCA,Railcars,ELC,Electricity,HU,Hungary,2024,414,
RCA,Railcars,ELC,Electricity,IE,Ireland,1990,40,
RCA,Railcars,ELC,Electricity,IE,Ireland,1991,40,
RCA,Railcars,ELC,Electricity,IE,Ireland,1992,40,
RCA,Railcars,ELC,Electricity,IE,Ireland,1993,40,
RCA,Railcars,ELC,Electricity,IE,Ireland,1994,40,
RCA,Railcars,ELC,Electricity,IE,Ireland,1995,40,
RCA,Railcars,ELC,Electricity,IE,Ireland,1996,40,
RCA,Railcars,ELC,Electricity,IE,Ireland,1997,40,
RCA,Railcars,ELC,Electricity,IE,Ireland,1998,40,
RCA,Railcars,ELC,Electricity,IE,Ireland,1999,40,
RCA,Railcars,ELC,Electricity,IE,Ireland,2000,53,
RCA,Railcars,ELC,Electricity,IE,Ireland,2001,53,
RCA,Railcars,ELC,Electricity,IT,Italy,1995,600,
RCA,Railcars,ELC,Electricity,IT,Italy,1996,529,
RCA,Railcars,ELC,Electricity,IT,Italy,1997,529,
RCA,Railcars,ELC,Electricity,IT,Italy,1998,550,
RCA,Railcars,ELC,Electricity,IT,Italy,1999,610,
RCA,Railcars,ELC,Electricity,IT,Italy,2000,627,
RCA,Railcars,ELC,Electricity,IT,Italy,2002,787,
RCA,Railcars,ELC,Electricity,IT,Italy,2003,655,
RCA,Railcars,ELC,Electricity,IT,Italy,2004,671,
RCA,Railcars,ELC,Electricity,IT,Italy,2005,719,
RCA,Railcars,ELC,Electricity,IT,Italy,2006,716,
RCA,Railcars,ELC,Electricity,IT,Italy,2007,532,
RCA,Railcars,ELC,Electricity,IT,Italy,2008,495,
RCA,Railcars,ELC,Electricity,IT,Italy,2009,611,
RCA,Railcars,ELC,Electricity,IT,Italy,2010,611,
RCA,Railcars,ELC,Electricity,IT,Italy,2011,611,
RCA,Railcars,ELC,Electricity,IT,Italy,2012,591,
RCA,Railcars,ELC,Electricity,IT,Italy,2024,8083,i
RCA,Railcars,ELC,Electricity,LT,Lithuania,1992,12,
RCA,Railcars,ELC,Electricity,LT,Lithuania,1993,12,
RCA,Railcars,ELC,Electricity,LT,Lithuania,1994,13,
RCA,Railcars,ELC,Electricity,LT,Lithuania,1995,16,
RCA,Railcars,ELC,Electricity,LT,Lithuania,1996,16,
RCA,Railcars,ELC,Electricity,LT,Lithuania,1997,16,
RCA,Railcars,ELC,Electricity,LT,Lithuania,1998,16,
RCA,Railcars,ELC,Electricity,LT,Lithuania,1999,16,
RCA,Railcars,ELC,Electricity,LT,Lithuania,2000,16,
RCA,Railcars,ELC,Electricity,LT,Lithuania,2001,16,
RCA,Railcars,ELC,Electricity,LT,Lithuania,2002,16,
RCA,Railcars,ELC,Electricity,LT,Lithuania,2003,15,
RCA,Railcars,ELC,Electricity,LT,Lithuania,2004,15,
RCA,Railcars,ELC,Electricity,LT,Lithuania,2005,15,
RCA,Railcars,ELC,Electricity,LT,Lithuania,2006,15,
RCA,Railcars,ELC,Electricity,LT,Lithuania,2007,15,
RCA,Railcars,ELC,Electricity,LT,Lithuania,2008,13,
RCA,Railcars,ELC,Electricity,LT,Lithuania,2009,14,
RCA,Railcars,ELC,Electricity,LT,Lithuania,2010,16,
RCA,Railcars,ELC,Electricity,LT,Lithuania,2011,16,
RCA,Railcars,ELC,Electricity,LT,Lithuania,2012,14,
RCA,Railcars,ELC,Electricity,LT,Lithuania,2013,14,
RCA,Railcars,ELC,Electricity,LT,Lithuania,2014,17,
RCA,Railcars,ELC,Electricity,LT,Lithuania,2015,14,
RCA,Railcars,ELC,Electricity,LT,Lithuania,2016,15,
RCA,Railcars,ELC,Electricity,LT,Lithuania,2017,17,
RCA,Railcars,ELC,Electricity,LT,Lithuania,2018,17,
RCA,Railcars,ELC,Electricity,LT,Lithuania,2019,16,
RCA,Railcars,ELC,Electricity,LT,Lithuania,2020,42,i
RCA,Railcars,ELC,Electricity,LT,Lithuania,2021,42,i
RCA,Railcars,ELC,Electricity,LT,Lithuania,2022,42,
RCA,Railcars,ELC,Electricity,LT,Lithuania,2023,42,
RCA,Railcars,ELC,Electricity,LT,Lithuania,2024,42,
RCA,Railcars,ELC,Electricity,LU,Luxembourg,1990,13,
RCA,Railcars,ELC,Electricity,LU,Luxembourg,1991,26,
RCA,Railcars,ELC,Electricity,LU,Luxembourg,1992,30,
RCA,Railcars,ELC,Electricity,LU,Luxembourg,2006,36,
RCA,Railcars,ELC,Electricity,LU,Luxembourg,2007,36,
RCA,Railcars,ELC,Electricity,LU,Luxembourg,2008,34,
RCA,Railcars,ELC,Electricity,LU,Luxembourg,2009,34,
RCA,Railcars,ELC,Electricity,LU,Luxembourg,2010,43,
RCA,Railcars,ELC,Electricity,LU,Luxembourg,2011,44,
RCA,Railcars,ELC,Electricity,LU,Luxembourg,2012,44,
RCA,Railcars,ELC,Electricity,LU,Luxembourg,2013,44,
RCA,Railcars,ELC,Electricity,LU,Luxembourg,2014,44,
RCA,Railcars,ELC,Electricity,LU,Luxembourg,2015,52,
RCA,Railcars,ELC,Electricity,LU,Luxembourg,2016,52,
RCA,Railcars,ELC,Electricity,LU,Luxembourg,2017,62,
RCA,Railcars,ELC,Electricity,LU,Luxembourg,2018,62,
RCA,Railcars,ELC,Electricity,LU,Luxembourg,2019,62,
RCA,Railcars,ELC,Electricity,LU,Luxembourg,2020,62,
RCA,Railcars,ELC,Electricity,LU,Luxembourg,2021,63,
RCA,Railcars,ELC,Electricity,LU,Luxembourg,2022,63,
RCA,Railcars,ELC,Electricity,LU,Luxembourg,2023,63,
RCA,Railcars,ELC,Electricity,LU,Luxembourg,2024,63,
RCA,Railcars,ELC,Electricity,LV,Latvia,1990,201,
RCA,Railcars,ELC,Electricity,LV,Latvia,1992,190,
RCA,Railcars,ELC,Electricity,LV,Latvia,1993,189,
RCA,Railcars,ELC,Electricity,LV,Latvia,1994,189,
RCA,Railcars,ELC,Electricity,LV,Latvia,1995,183,
RCA,Railcars,ELC,Electricity,LV,Latvia,1996,171,
RCA,Railcars,ELC,Electricity,LV,Latvia,1997,161,
RCA,Railcars,ELC,Electricity,LV,Latvia,1998,147,
RCA,Railcars,ELC,Electricity,LV,Latvia,1999,141,
RCA,Railcars,ELC,Electricity,LV,Latvia,2000,132,
RCA,Railcars,ELC,Electricity,LV,Latvia,2001,119,
RCA,Railcars,ELC,Electricity,LV,Latvia,2002,112,
RCA,Railcars,ELC,Electricity,LV,Latvia,2003,112,
RCA,Railcars,ELC,Electricity,LV,Latvia,2004,112,
RCA,Railcars,ELC,Electricity,LV,Latvia,2005,107,
RCA,Railcars,ELC,Electricity,LV,Latvia,2006,107,
RCA,Railcars,ELC,Electricity,LV,Latvia,2007,105,
RCA,Railcars,ELC,Electricity,LV,Latvia,2008,91,
RCA,Railcars,ELC,Electricity,LV,Latvia,2009,91,
RCA,Railcars,ELC,Electricity,LV,Latvia,2010,79,
RCA,Railcars,ELC,Electricity,LV,Latvia,2011,79,
RCA,Railcars,ELC,Electricity,LV,Latvia,2012,79,
RCA,Railcars,ELC,Electricity,LV,Latvia,2013,79,
RCA,Railcars,ELC,Electricity,LV,Latvia,2014,79,
RCA,Railcars,ELC,Electricity,LV,Latvia,2015,79,
RCA,Railcars,ELC,Electricity,LV,Latvia,2016,79,
RCA,Railcars,ELC,Electricity,LV,Latvia,2017,79,
RCA,Railcars,ELC,Electricity,LV,Latvia,2018,79,
RCA,Railcars,ELC,Electricity,LV,Latvia,2019,79,
RCA,Railcars,ELC,Electricity,LV,Latvia,2020,79,
RCA,Railcars,ELC,Electricity,LV,Latvia,2021,79,
RCA,Railcars,ELC,Electricity,LV,Latvia,2022,79,
RCA,Railcars,ELC,Electricity,LV,Latvia,2023,96,
RCA,Railcars,ELC,Electricity,LV,Latvia,2024,105,
RCA,Railcars,ELC,Electricity,MD,Moldova,1992,0,
RCA,Railcars,ELC,Electricity,MD,Moldova,1993,0,
RCA,Railcars,ELC,Electricity,MD,Moldova,1994,0,
RCA,Railcars,ELC,Electricity,MD,Moldova,1995,0,
RCA,Railcars,ELC,Electricity,MD,Moldova,1996,0,
RCA,Railcars,ELC,Electricity,MD,Moldova,1997,0,
RCA,Railcars,ELC,Electricity,MD,Moldova,1998,0,
RCA,Railcars,ELC,Electricity,MD,Moldova,1999,0,
RCA,Railcars,ELC,Electricity,MD,Moldova,2000,0,
RCA,Railcars,ELC,Electricity,MD,Moldova,2001,0,
RCA,Railcars,ELC,Electricity,MD,Moldova,2002,0,
RCA,Railcars,ELC,Electricity,MD,Moldova,2004,0,
RCA,Railcars,ELC,Electricity,MD,Moldova,2013,0,
RCA,Railcars,ELC,Electricity,MD,Moldova,2014,0,
RCA,Railcars,ELC,Electricity,MD,Moldova,2015,0,
RCA,Railcars,ELC,Electricity,MD,Moldova,2016,0,
RCA,Railcars,ELC,Electricity,MD,Moldova,2017,0,
RCA,Railcars,ELC,Electricity,MD,Moldova,2018,0,
RCA,Railcars,ELC,Electricity,MD,Moldova,2019,0,
RCA,Railcars,ELC,Electricity,MD,Moldova,2020,0,
RCA,Railcars,ELC,Electricity,MD,Moldova,2021,0,
RCA,Railcars,ELC,Electricity,MD,Moldova,2022,0,
RCA,Railcars,ELC,Electricity,MD,Moldova,2023,0,
RCA,Railcars,ELC,Electricity,MD,Moldova,2024,0,
RCA,Railcars,ELC,Electricity,ME,Montenegro,2016,8,
RCA,Railcars,ELC,Electricity,ME,Montenegro,2017,8,
RCA,Railcars,ELC,Electricity,ME,Montenegro,2018,8,
RCA,Railcars,ELC,Electricity,ME,Montenegro,2019,7,
RCA,Railcars,ELC,Electricity,ME,Montenegro,2023,19,
RCA,Railcars,ELC,Electricity,ME,Montenegro,2024,19,
RCA,Railcars,ELC,Electricity,MK,North Macedonia,1990,4,
RCA,Railcars,ELC,Electricity,MK,North Macedonia,1996,4,
RCA,Railcars,ELC,Electricity,MK,North Macedonia,1997,4,
RCA,Railcars,ELC,Electricity,MK,North Macedonia,1998,4,
RCA,Railcars,ELC,Electricity,MK,North Macedonia,1999,4,
RCA,Railcars,ELC,Electricity,MK,North Macedonia,2000,4,
RCA,Railcars,ELC,Electricity,MK,North Macedonia,2001,4,
RCA,Railcars,ELC,Electricity,MK,North Macedonia,2002,4,
RCA,Railcars,ELC,Electricity,MK,North Macedonia,2005,4,
RCA,Railcars,ELC,Electricity,MK,North Macedonia,2006,4,
RCA,Railcars,ELC,Electricity,MK,North Macedonia,2007,4,
RCA,Railcars,ELC,Electricity,MK,North Macedonia,2008,4,
RCA,Railcars,ELC,Electricity,MK,North Macedonia,2009,4,
RCA,Railcars,ELC,Electricity,MK,North Macedonia,2010,4,
RCA,Railcars,ELC,Electricity,MK,North Macedonia,2011,4,
RCA,Railcars,ELC,Electricity,MK,North Macedonia,2012,4,
RCA,Railcars,ELC,Electricity,MK,North Macedonia,2013,8,
RCA,Railcars,ELC,Electricity,MK,North Macedonia,2014,8,
RCA,Railcars,ELC,Electricity,MK,North Macedonia,2015,8,
RCA,Railcars,ELC,Electricity,MK,North Macedonia,2016,8,
RCA,Railcars,ELC,Electricity,MK,North Macedonia,2017,8,
RCA,Railcars,ELC,Electricity,MK,North Macedonia,2018,8,
RCA,Railcars,ELC,Electricity,MK,North Macedonia,2019,8,
RCA,Railcars,ELC,Electricity,MK,North Macedonia,2020,8,
RCA,Railcars,ELC,Electricity,MK,North Macedonia,2021,8,
RCA,Railcars,ELC,Electricity,MK,North Macedonia,2022,8,
RCA,Railcars,ELC,Electricity,MK,North Macedonia,2023,8,
RCA,Railcars,ELC,Electricity,MK,North Macedonia,2024,8,
RCA,Railcars,ELC,Electricity,NL,Netherlands,1990,604,
RCA,Railcars,ELC,Electricity,NL,Netherlands,2024,3652,i
RCA,Railcars,ELC,Electricity,NO,Norway,1990,131,
RCA,Railcars,ELC,Electricity,NO,Norway,1991,130,
RCA,Railcars,ELC,Electricity,NO,Norway,1992,137,
RCA,Railcars,ELC,Electricity,NO,Norway,1993,145,
RCA,Railcars,ELC,Electricity,NO,Norway,1994,145,
RCA,Railcars,ELC,Electricity,NO,Norway,1995,123,
RCA,Railcars,ELC,Electricity,NO,Norway,1996,119,
RCA,Railcars,ELC,Electricity,NO,Norway,1997,119,
RCA,Railcars,ELC,Electricity,NO,Norway,1998,118,
RCA,Railcars,ELC,Electricity,NO,Norway,1999,130,
RCA,Railcars,ELC,Electricity,NO,Norway,2000,148,
RCA,Railcars,ELC,Electricity,NO,Norway,2001,148,
RCA,Railcars,ELC,Electricity,NO,Norway,2023,284,i
RCA,Railcars,ELC,Electricity,NO,Norway,2024,284,i
RCA,Railcars,ELC,Electricity,PL,Poland,1990,1368,
RCA,Railcars,ELC,Electricity,PL,Poland,1992,1043,
RCA,Railcars,ELC,Electricity,PL,Poland,1993,1033,
RCA,Railcars,ELC,Electricity,PL,Poland,1994,1345,
RCA,Railcars,ELC,Electricity,PL,Poland,1995,1319,
RCA,Railcars,ELC,Electricity,PL,Poland,1996,1309,
RCA,Railcars,ELC,Electricity,PL,Poland,1997,1298,
RCA,Railcars,ELC,Electricity,PL,Poland,1998,1257,
RCA,Railcars,ELC,Electricity,PL,Poland,1999,1235,
RCA,Railcars,ELC,Electricity,PL,Poland,2000,1222,
RCA,Railcars,ELC,Electricity,PL,Poland,2001,1205,
RCA,Railcars,ELC,Electricity,PL,Poland,2002,1182,
RCA,Railcars,ELC,Electricity,PL,Poland,2003,1176,
RCA,Railcars,ELC,Electricity,PL,Poland,2004,1167,
RCA,Railcars,ELC,Electricity,PL,Poland,2005,1341,
RCA,Railcars,ELC,Electricity,PL,Poland,2006,1180,
RCA,Railcars,ELC,Electricity,PL,Poland,2007,1196,
RCA,Railcars,ELC,Electricity,PL,Poland,2008,1200,
RCA,Railcars,ELC,Electricity,PL,Poland,2009,1202,
RCA,Railcars,ELC,Electricity,PL,Poland,2010,1213,
RCA,Railcars,ELC,Electricity,PL,Poland,2011,1256,
RCA,Railcars,ELC,Electricity,PL,Poland,2012,1226,
RCA,Railcars,ELC,Electricity,PL,Poland,2013,1268,
RCA,Railcars,ELC,Electricity,PL,Poland,2014,1318,
RCA,Railcars,ELC,Electricity,PL,Poland,2015,1330,
RCA,Railcars,ELC,Electricity,PL,Poland,2016,1223,
RCA,Railcars,ELC,Electricity,PL,Poland,2017,1272,
RCA,Railcars,ELC,Electricity,PL,Poland,2020,3770,e
RCA,Railcars,ELC,Electricity,PT,Portugal,1990,107,
RCA,Railcars,ELC,Electricity,PT,Portugal,1991,149,
RCA,Railcars,ELC,Electricity,PT,Portugal,1992,153,
RCA,Railcars,ELC,Electricity,PT,Portugal,1993,166,
RCA,Railcars,ELC,Electricity,PT,Portugal,1994,180,
RCA,Railcars,ELC,Electricity,PT,Portugal,1995,190,
RCA,Railcars,ELC,Electricity,PT,Portugal,1996,195,
RCA,Railcars,ELC,Electricity,PT,Portugal,1997,195,
RCA,Railcars,ELC,Electricity,PT,Portugal,1998,204,
RCA,Railcars,ELC,Electricity,PT,Portugal,1999,229,
RCA,Railcars,ELC,Electricity,PT,Portugal,2000,229,
RCA,Railcars,ELC,Electricity,PT,Portugal,2001,216,
RCA,Railcars,ELC,Electricity,PT,Portugal,2002,220,
RCA,Railcars,ELC,Electricity,PT,Portugal,2006,221,
RCA,Railcars,ELC,Electricity,PT,Portugal,2007,221,
RCA,Railcars,ELC,Electricity,PT,Portugal,2008,221,
RCA,Railcars,ELC,Electricity,PT,Portugal,2014,201,
RCA,Railcars,ELC,Electricity,PT,Portugal,2015,201,
RCA,Railcars,ELC,Electricity,PT,Portugal,2016,198,
RCA,Railcars,ELC,Electricity,PT,Portugal,2017,198,
RCA,Railcars,ELC,Electricity,PT,Portugal,2018,198,
RCA,Railcars,ELC,Electricity,PT,Portugal,2019,198,
RCA,Railcars,ELC,Electricity,PT,Portugal,2020,197,
RCA,Railcars,ELC,Electricity,PT,Portugal,2021,197,
RCA,Railcars,ELC,Electricity,PT,Portugal,2022,195,
RCA,Railcars,ELC,Electricity,PT,Portugal,2023,195,
RCA,Railcars,ELC,Electricity,PT,Portugal,2024,188,
RCA,Railcars,ELC,Electricity,RO,Romania,1990,6,
RCA,Railcars,ELC,Electricity,RO,Romania,1991,6,
RCA,Railcars,ELC,Electricity,RO,Romania,1992,6,
RCA,Railcars,ELC,Electricity,RO,Romania,1993,6,
RCA,Railcars,ELC,Electricity,RO,Romania,1994,6,
RCA,Railcars,ELC,Electricity,RO,Romania,1995,6,
RCA,Railcars,ELC,Electricity,RO,Romania,1996,6,
RCA,Railcars,ELC,Electricity,RO,Romania,1997,6,
RCA,Railcars,ELC,Electricity,RO,Romania,1998,8,
RCA,Railcars,ELC,Electricity,RO,Romania,1999,8,
RCA,Railcars,ELC,Electricity,RO,Romania,2000,8,
RCA,Railcars,ELC,Electricity,RO,Romania,2001,7,
RCA,Railcars,ELC,Electricity,RO,Romania,2002,7,
RCA,Railcars,ELC,Electricity,RO,Romania,2004,0,
RCA,Railcars,ELC,Electricity,RO,Romania,2005,6,
RCA,Railcars,ELC,Electricity,RO,Romania,2006,20,
RCA,Railcars,ELC,Electricity,RO,Romania,2007,24,b
RCA,Railcars,ELC,Electricity,RO,Romania,2008,36,
RCA,Railcars,ELC,Electricity,RO,Romania,2009,39,
RCA,Railcars,ELC,Electricity,RO,Romania,2010,41,
RCA,Railcars,ELC,Electricity,RO,Romania,2011,41,
RCA,Railcars,ELC,Electricity,RO,Romania,2012,41,
RCA,Railcars,ELC,Electricity,RO,Romania,2013,41,
RCA,Railcars,ELC,Electricity,RO,Romania,2014,65,
RCA,Railcars,ELC,Electricity,RO,Romania,2015,34,
RCA,Railcars,ELC,Electricity,RO,Romania,2016,34,
RCA,Railcars,ELC,Electricity,RO,Romania,2017,34,
RCA,Railcars,ELC,Electricity,RO,Romania,2018,34,
RCA,Railcars,ELC,Electricity,RO,Romania,2019,83,b
RCA,Railcars,ELC,Electricity,RO,Romania,2020,57,
RCA,Railcars,ELC,Electricity,RO,Romania,2021,56,
RCA,Railcars,ELC,Electricity,RO,Romania,2022,87,
RCA,Railcars,ELC,Electricity,RO,Romania,2023,87,
RCA,Railcars,ELC,Electricity,RO,Romania,2024,93,
RCA,Railcars,ELC,Electricity,RS,Serbia,2006,39,
RCA,Railcars,ELC,Electricity,RS,Serbia,2007,38,
RCA,Railcars,ELC,Electricity,RS,Serbia,2008,38,
RCA,Railcars,ELC,Electricity,RS,Serbia,2009,38,
RCA,Railcars,ELC,Electricity,RS,Serbia,2010,38,
RCA,Railcars,ELC,Electricity,RS,Serbia,2011,77,
RCA,Railcars,ELC,Electricity,RS,Serbia,2013,77,
RCA,Railcars,ELC,Electricity,RS,Serbia,2014,77,
RCA,Railcars,ELC,Electricity,RS,Serbia,2015,119,
RCA,Railcars,ELC,Electricity,RS,Serbia,2016,119,
RCA,Railcars,ELC,Electricity,RS,Serbia,2017,116,
RCA,Railcars,ELC,Electricity,RS,Serbia,2019,100,
RCA,Railcars,ELC,Electricity,RS,Serbia,2020,100,
RCA,Railcars,ELC,Electricity,RS,Serbia,2021,120,
RCA,Railcars,ELC,Electricity,RS,Serbia,2023,0,
RCA,Railcars,ELC,Electricity,RS,Serbia,2024,0,
RCA,Railcars,ELC,Electricity,SE,Sweden,1990,239,
RCA,Railcars,ELC,Electricity,SE,Sweden,1991,284,
RCA,Railcars,ELC,Electricity,SE,Sweden,1992,295,
RCA,Railcars,ELC,Electricity,SE,Sweden,1993,328,
RCA,Railcars,ELC,Electricity,SE,Sweden,1994,354,
RCA,Railcars,ELC,Electricity,SE,Sweden,1995,373,
RCA,Railcars,ELC,Electricity,SE,Sweden,1996,372,
RCA,Railcars,ELC,Electricity,SE,Sweden,1997,343,
RCA,Railcars,ELC,Electricity,SE,Sweden,1998,341,
RCA,Railcars,ELC,Electricity,SE,Sweden,1999,344,
RCA,Railcars,ELC,Electricity,SE,Sweden,2000,343,
RCA,Railcars,ELC,Electricity,SE,Sweden,2001,431,
RCA,Railcars,ELC,Electricity,SE,Sweden,2002,497,
RCA,Railcars,ELC,Electricity,SE,Sweden,2003,511,
RCA,Railcars,ELC,Electricity,SE,Sweden,2004,535,
RCA,Railcars,ELC,Electricity,SE,Sweden,2005,674,
RCA,Railcars,ELC,Electricity,SE,Sweden,2006,735,
RCA,Railcars,ELC,Electricity,SE,Sweden,2007,976,
RCA,Railcars,ELC,Electricity,SE,Sweden,2008,1084,
RCA,Railcars,ELC,Electricity,SE,Sweden,2009,1071,
RCA,Railcars,ELC,Electricity,SE,Sweden,2010,1056,
RCA,Railcars,ELC,Electricity,SE,Sweden,2011,1240,
RCA,Railcars,ELC,Electricity,SE,Sweden,2012,1521,
RCA,Railcars,ELC,Electricity,SE,Sweden,2013,1601,
RCA,Railcars,ELC,Electricity,SE,Sweden,2014,1687,
RCA,Railcars,ELC,Electricity,SE,Sweden,2015,1719,
RCA,Railcars,ELC,Electricity,SE,Sweden,2016,1839,
RCA,Railcars,ELC,Electricity,SE,Sweden,2017,1980,
RCA,Railcars,ELC,Electricity,SE,Sweden,2018,2071,
RCA,Railcars,ELC,Electricity,SE,Sweden,2019,2085,
RCA,Railcars,ELC,Electricity,SE,Sweden,2020,2231,
RCA,Railcars,ELC,Electricity,SE,Sweden,2021,2291,
RCA,Railcars,ELC,Electricity,SE,Sweden,2022,2337,
RCA,Railcars,ELC,Electricity,SE,Sweden,2023,2378,
RCA,Railcars,ELC,Electricity,SE,Sweden,2024,2394,
RCA,Railcars,ELC,Electricity,SI,Slovenia,1990,32,
RCA,Railcars,ELC,Electricity,SI,Slovenia,1991,30,
RCA,Railcars,ELC,Electricity,SI,Slovenia,1992,30,
RCA,Railcars,ELC,Electricity,SI,Slovenia,1993,30,
RCA,Railcars,ELC,Electricity,SI,Slovenia,1994,30,
RCA,Railcars,ELC,Electricity,SI,Slovenia,1995,30,
RCA,Railcars,ELC,Electricity,SI,Slovenia,1996,30,
RCA,Railcars,ELC,Electricity,SI,Slovenia,1997,30,
RCA,Railcars,ELC,Electricity,SI,Slovenia,1998,30,
RCA,Railcars,ELC,Electricity,SI,Slovenia,1999,29,
RCA,Railcars,ELC,Electricity,SI,Slovenia,2000,33,
RCA,Railcars,ELC,Electricity,SI,Slovenia,2001,42,
RCA,Railcars,ELC,Electricity,SI,Slovenia,2002,52,
RCA,Railcars,ELC,Electricity,SI,Slovenia,2003,42,
RCA,Railcars,ELC,Electricity,SI,Slovenia,2004,42,
RCA,Railcars,ELC,Electricity,SI,Slovenia,2005,42,
RCA,Railcars,ELC,Electricity,SI,Slovenia,2006,40,
RCA,Railcars,ELC,Electricity,SI,Slovenia,2007,39,
RCA,Railcars,ELC,Electricity,SI,Slovenia,2008,39,
RCA,Railcars,ELC,Electricity,SI,Slovenia,2009,39,
RCA,Railcars,ELC,Electricity,SI,Slovenia,2010,39,
RCA,Railcars,ELC,Electricity,SI,Slovenia,2011,39,
RCA,Railcars,ELC,Electricity,SI,Slovenia,2012,39,
RCA,Railcars,ELC,Electricity,SI,Slovenia,2013,39,
RCA,Railcars,ELC,Electricity,SI,Slovenia,2014,39,
RCA,Railcars,ELC,Electricity,SI,Slovenia,2015,38,
RCA,Railcars,ELC,Electricity,SI,Slovenia,2016,38,
RCA,Railcars,ELC,Electricity,SI,Slovenia,2017,38,
RCA,Railcars,ELC,Electricity,SI,Slovenia,2018,38,
RCA,Railcars,ELC,Electricity,SI,Slovenia,2019,38,
RCA,Railcars,ELC,Electricity,SI,Slovenia,2020,38,
RCA,Railcars,ELC,Electricity,SI,Slovenia,2021,62,
RCA,Railcars,ELC,Electricity,SI,Slovenia,2022,66,
RCA,Railcars,ELC,Electricity,SI,Slovenia,2023,128,
RCA,Railcars,ELC,Electricity,SI,Slovenia,2024,128,
RCA,Railcars,ELC,Electricity,SK,Slovakia,1992,73,
RCA,Railcars,ELC,Electricity,SK,Slovakia,1993,73,
RCA,Railcars,ELC,Electricity,SK,Slovakia,1994,73,
RCA,Railcars,ELC,Electricity,SK,Slovakia,1995,73,
RCA,Railcars,ELC,Electricity,SK,Slovakia,1996,73,
RCA,Railcars,ELC,Electricity,SK,Slovakia,1997,73,
RCA,Railcars,ELC,Electricity,SK,Slovakia,1998,73,
RCA,Railcars,ELC,Electricity,SK,Slovakia,1999,73,
RCA,Railcars,ELC,Electricity,SK,Slovakia,2000,72,
RCA,Railcars,ELC,Electricity,SK,Slovakia,2001,77,
RCA,Railcars,ELC,Electricity,SK,Slovakia,2002,86,
RCA,Railcars,ELC,Electricity,SK,Slovakia,2003,76,
RCA,Railcars,ELC,Electricity,SK,Slovakia,2004,72,
RCA,Railcars,ELC,Electricity,SK,Slovakia,2005,72,
RCA,Railcars,ELC,Electricity,SK,Slovakia,2006,72,
RCA,Railcars,ELC,Electricity,SK,Slovakia,2007,72,
RCA,Railcars,ELC,Electricity,SK,Slovakia,2008,70,
RCA,Railcars,ELC,Electricity,SK,Slovakia,2009,68,
RCA,Railcars,ELC,Electricity,SK,Slovakia,2010,60,
RCA,Railcars,ELC,Electricity,SK,Slovakia,2011,60,
RCA,Railcars,ELC,Electricity,SK,Slovakia,2012,48,
RCA,Railcars,ELC,Electricity,SK,Slovakia,2013,46,
RCA,Railcars,ELC,Electricity,SK,Slovakia,2014,65,
RCA,Railcars,ELC,Electricity,SK,Slovakia,2015,69,
RCA,Railcars,ELC,Electricity,SK,Slovakia,2016,61,
RCA,Railcars,ELC,Electricity,SK,Slovakia,2017,61,
RCA,Railcars,ELC,Electricity,SK,Slovakia,2018,73,
RCA,Railcars,ELC,Electricity,SK,Slovakia,2019,153,
RCA,Railcars,ELC,Electricity,SK,Slovakia,2020,184,
RCA,Railcars,ELC,Electricity,SK,Slovakia,2021,210,
RCA,Railcars,ELC,Electricity,SK,Slovakia,2022,215,
RCA,Railcars,ELC,Electricity,SK,Slovakia,2023,205,i
RCA,Railcars,ELC,Electricity,SK,Slovakia,2024,255,i
RCA,Railcars,ELC,Electricity,TR,Türkiye,1990,88,
RCA,Railcars,ELC,Electricity,TR,Türkiye,1992,101,
RCA,Railcars,ELC,Electricity,TR,Türkiye,1993,100,
RCA,Railcars,ELC,Electricity,TR,Türkiye,1994,99,
RCA,Railcars,ELC,Electricity,TR,Türkiye,1995,98,
RCA,Railcars,ELC,Electricity,TR,Türkiye,1996,98,
RCA,Railcars,ELC,Electricity,TR,Türkiye,1997,98,
RCA,Railcars,ELC,Electricity,TR,Türkiye,1998,93,
RCA,Railcars,ELC,Electricity,TR,Türkiye,1999,93,
RCA,Railcars,ELC,Electricity,TR,Türkiye,2000,93,
RCA,Railcars,ELC,Electricity,TR,Türkiye,2001,92,
RCA,Railcars,ELC,Electricity,TR,Türkiye,2002,90,
RCA,Railcars,ELC,Electricity,TR,Türkiye,2003,88,
RCA,Railcars,ELC,Electricity,TR,Türkiye,2004,87,
RCA,Railcars,ELC,Electricity,TR,Türkiye,2005,86,
RCA,Railcars,ELC,Electricity,TR,Türkiye,2006,84,
RCA,Railcars,ELC,Electricity,TR,Türkiye,2007,83,
RCA,Railcars,ELC,Electricity,TR,Türkiye,2008,83,
RCA,Railcars,ELC,Electricity,TR,Türkiye,2009,83,
RCA,Railcars,ELC,Electricity,TR,Türkiye,2010,99,
RCA,Railcars,ELC,Electricity,TR,Türkiye,2011,101,
RCA,Railcars,ELC,Electricity,TR,Türkiye,2012,108,
RCA,Railcars,ELC,Electricity,TR,Türkiye,2013,125,
RCA,Railcars,ELC,Electricity,TR,Türkiye,2014,129,
RCA,Railcars,ELC,Electricity,TR,Türkiye,2015,131,
RCA,Railcars,ELC,Electricity,TR,Türkiye,2016,137,
RCA,Railcars,ELC,Electricity,TR,Türkiye,2017,132,
RCA,Railcars,ELC,Electricity,TR,Türkiye,2018,189,
RCA,Railcars,ELC,Electricity,TR,Türkiye,2019,73,
RCA,Railcars,ELC,Electricity,TR,Türkiye,2020,112,
RCA,Railcars,ELC,Electricity,TR,Türkiye,2023,440,
RCA,Railcars,ELC,Electricity,TR,Türkiye,2024,445,
RCA,Railcars,ELC,Electricity,UA,Ukraine,1992,1495,
RCA,Railcars,ELC,Electricity,UA,Ukraine,1993,1481,
RCA,Railcars,ELC,Electricity,UA,Ukraine,1994,1507,
RCA,Railcars,ELC,Electricity,UA,Ukraine,1995,1532,
RCA,Railcars,ELC,Electricity,UA,Ukraine,1996,1510,
RCA,Railcars,ELC,Electricity,UA,Ukraine,1997,1460,
RCA,Railcars,ELC,Electricity,UA,Ukraine,1998,1475,
RCA,Railcars,ELC,Electricity,UA,Ukraine,1999,1467,
RCA,Railcars,ELC,Electricity,UA,Ukraine,2000,1443,
RCA,Railcars,ELC,Electricity,UK,United Kingdom,1990,2535,
RCA,Railcars,ELC,Electricity,UK,United Kingdom,1991,2417,
RCA,Railcars,ELC,Electricity,UK,United Kingdom,1992,2399,
RCA,Railcars,ELC,Electricity,UK,United Kingdom,1993,2302,
RCA,Railcars,ELC,Electricity,UK,United Kingdom,1994,2198,
RCA,Railcars,ELC,Electricity,XK,Kosovo*,2017,0,
RCA,Railcars,ELC,Electricity,XK,Kosovo*,2018,0,
RCA,Railcars,ELC,Electricity,XK,Kosovo*,2019,0,
RCA,Railcars,ELC,Electricity,XK,Kosovo*,2020,0,
RCA,Railcars,ELC,Electricity,XK,Kosovo*,2021,0,
RCA,Railcars,TOTAL,Total,AL,Albania,1993,0,
RCA,Railcars,TOTAL,Total,AL,Albania,1994,0,
RCA,Railcars,TOTAL,Total,AL,Albania,1995,0,
RCA,Railcars,TOTAL,Total,AL,Albania,1996,0,
RCA,Railcars,TOTAL,Total,AL,Albania,1997,0,
RCA,Railcars,TOTAL,Total,AL,Albania,1998,0,
RCA,Railcars,TOTAL,Total,AL,Albania,1999,0,
RCA,Railcars,TOTAL,Total,AL,Albania,2023,0,
RCA,Railcars,TOTAL,Total,AL,Albania,2024,0,
RCA,Railcars,TOTAL,Total,AT,Austria,1990,321,
RCA,Railcars,TOTAL,Total,AT,Austria,1991,334,
RCA,Railcars,TOTAL,Total,AT,Austria,1992,341,
RCA,Railcars,TOTAL,Total,AT,Austria,1993,348,
RCA,Railcars,TOTAL,Total,AT,Austria,1994,512,
RCA,Railcars,TOTAL,Total,AT,Austria,1995,520,
RCA,Railcars,TOTAL,Total,AT,Austria,1996,511,
RCA,Railcars,TOTAL,Total,AT,Austria,1997,496,
RCA,Railcars,TOTAL,Total,AT,Austria,2000,496,
RCA,Railcars,TOTAL,Total,AT,Austria,2001,333,
RCA,Railcars,TOTAL,Total,AT,Austria,2002,314,
RCA,Railcars,TOTAL,Total,AT,Austria,2007,584,
RCA,Railcars,TOTAL,Total,AT,Austria,2010,645,
RCA,Railcars,TOTAL,Total,AT,Austria,2011,640,
RCA,Railcars,TOTAL,Total,AT,Austria,2012,635,
RCA,Railcars,TOTAL,Total,AT,Austria,2013,657,
RCA,Railcars,TOTAL,Total,AT,Austria,2014,666,
RCA,Railcars,TOTAL,Total,AT,Austria,2015,658,
RCA,Railcars,TOTAL,Total,AT,Austria,2016,701,
RCA,Railcars,TOTAL,Total,AT,Austria,2017,736,
RCA,Railcars,TOTAL,Total,AT,Austria,2018,709,
RCA,Railcars,TOTAL,Total,AT,Austria,2019,723,
RCA,Railcars,TOTAL,Total,AT,Austria,2020,719,
RCA,Railcars,TOTAL,Total,AT,Austria,2021,725,
RCA,Railcars,TOTAL,Total,AT,Austria,2022,249,
RCA,Railcars,TOTAL,Total,AT,Austria,2023,803,
RCA,Railcars,TOTAL,Total,AT,Austria,2024,813,
RCA,Railcars,TOTAL,Total,BA,Bosnia and Herzegovina,1992,31,
RCA,Railcars,TOTAL,Total,BA,Bosnia and Herzegovina,1999,9,
RCA,Railcars,TOTAL,Total,BA,Bosnia and Herzegovina,2000,9,
RCA,Railcars,TOTAL,Total,BA,Bosnia and Herzegovina,2001,9,
RCA,Railcars,TOTAL,Total,BA,Bosnia and Herzegovina,2010,18,
RCA,Railcars,TOTAL,Total,BA,Bosnia and Herzegovina,2011,19,
RCA,Railcars,TOTAL,Total,BA,Bosnia and Herzegovina,2012,19,
RCA,Railcars,TOTAL,Total,BA,Bosnia and Herzegovina,2013,19,
RCA,Railcars,TOTAL,Total,BA,Bosnia and Herzegovina,2014,19,
RCA,Railcars,TOTAL,Total,BA,Bosnia and Herzegovina,2015,19,
RCA,Railcars,TOTAL,Total,BA,Bosnia and Herzegovina,2016,19,
RCA,Railcars,TOTAL,Total,BA,Bosnia and Herzegovina,2017,20,
RCA,Railcars,TOTAL,Total,BA,Bosnia and Herzegovina,2018,20,
RCA,Railcars,TOTAL,Total,BA,Bosnia and Herzegovina,2019,20,
RCA,Railcars,TOTAL,Total,BA,Bosnia and Herzegovina,2020,20,
RCA,Railcars,TOTAL,Total,BA,Bosnia and Herzegovina,2021,20,
RCA,Railcars,TOTAL,Total,BA,Bosnia and Herzegovina,2022,20,
RCA,Railcars,TOTAL,Total,BA,Bosnia and Herzegovina,2023,20,
RCA,Railcars,TOTAL,Total,BA,Bosnia and Herzegovina,2024,20,
RCA,Railcars,TOTAL,Total,BE,Belgium,1990,687,
RCA,Railcars,TOTAL,Total,BE,Belgium,1991,698,
RCA,Railcars,TOTAL,Total,BE,Belgium,1992,687,
RCA,Railcars,TOTAL,Total,BE,Belgium,1993,659,
RCA,Railcars,TOTAL,Total,BE,Belgium,1994,644,
RCA,Railcars,TOTAL,Total,BE,Belgium,1995,597,
RCA,Railcars,TOTAL,Total,BE,Belgium,1996,606,
RCA,Railcars,TOTAL,Total,BE,Belgium,1997,639,
RCA,Railcars,TOTAL,Total,BE,Belgium,1998,666,
RCA,Railcars,TOTAL,Total,BE,Belgium,1999,682,
RCA,Railcars,TOTAL,Total,BE,Belgium,2000,701,
RCA,Railcars,TOTAL,Total,BE,Belgium,2001,741,
RCA,Railcars,TOTAL,Total,BE,Belgium,2002,764,
RCA,Railcars,TOTAL,Total,BE,Belgium,2003,760,
RCA,Railcars,TOTAL,Total,BE,Belgium,2004,759,
RCA,Railcars,TOTAL,Total,BE,Belgium,2005,759,
RCA,Railcars,TOTAL,Total,BE,Belgium,2006,754,
RCA,Railcars,TOTAL,Total,BE,Belgium,2007,749,
RCA,Railcars,TOTAL,Total,BE,Belgium,2008,750,
RCA,Railcars,TOTAL,Total,BE,Belgium,2009,748,
RCA,Railcars,TOTAL,Total,BE,Belgium,2021,2437,i
RCA,Railcars,TOTAL,Total,BE,Belgium,2023,2437,
RCA,Railcars,TOTAL,Total,BE,Belgium,2024,2363,i
RCA,Railcars,TOTAL,Total,BG,Bulgaria,1990,94,
RCA,Railcars,TOTAL,Total,BG,Bulgaria,1991,93,
RCA,Railcars,TOTAL,Total,BG,Bulgaria,1992,90,
RCA,Railcars,TOTAL,Total,BG,Bulgaria,1993,90,
RCA,Railcars,TOTAL,Total,BG,Bulgaria,1994,88,
RCA,Railcars,TOTAL,Total,BG,Bulgaria,1995,88,
RCA,Railcars,TOTAL,Total,BG,Bulgaria,1996,87,
RCA,Railcars,TOTAL,Total,BG,Bulgaria,1997,86,
RCA,Railcars,TOTAL,Total,BG,Bulgaria,1998,84,
RCA,Railcars,TOTAL,Total,BG,Bulgaria,1999,82,
RCA,Railcars,TOTAL,Total,BG,Bulgaria,2000,82,
RCA,Railcars,TOTAL,Total,BG,Bulgaria,2001,82,
RCA,Railcars,TOTAL,Total,BG,Bulgaria,2002,78,
RCA,Railcars,TOTAL,Total,BG,Bulgaria,2003,78,
RCA,Railcars,TOTAL,Total,BG,Bulgaria,2004,76,
RCA,Railcars,TOTAL,Total,BG,Bulgaria,2008,126,
RCA,Railcars,TOTAL,Total,BG,Bulgaria,2009,117,
RCA,Railcars,TOTAL,Total,BG,Bulgaria,2010,101,
RCA,Railcars,TOTAL,Total,BG,Bulgaria,2011,101,
RCA,Railcars,TOTAL,Total,BG,Bulgaria,2012,101,
RCA,Railcars,TOTAL,Total,BG,Bulgaria,2013,102,
RCA,Railcars,TOTAL,Total,BG,Bulgaria,2023,128,i
RCA,Railcars,TOTAL,Total,BG,Bulgaria,2024,132,i
RCA,Railcars,TOTAL,Total,CH,Switzerland,1990,252,
RCA,Railcars,TOTAL,Total,CH,Switzerland,1991,231,
RCA,Railcars,TOTAL,Total,CH,Switzerland,1992,244,
RCA,Railcars,TOTAL,Total,CH,Switzerland,1993,228,
RCA,Railcars,TOTAL,Total,CH,Switzerland,1994,240,
RCA,Railcars,TOTAL,Total,CH,Switzerland,1995,245,
RCA,Railcars,TOTAL,Total,CH,Switzerland,1996,249,
RCA,Railcars,TOTAL,Total,CH,Switzerland,2015,3238,
RCA,Railcars,TOTAL,Total,CH,Switzerland,2020,3426,
RCA,Railcars,TOTAL,Total,CZ,Czechia,1993,954,
RCA,Railcars,TOTAL,Total,CZ,Czechia,1994,966,
RCA,Railcars,TOTAL,Total,CZ,Czechia,1995,960,
RCA,Railcars,TOTAL,Total,CZ,Czechia,1996,970,
RCA,Railcars,TOTAL,Total,CZ,Czechia,1997,980,
RCA,Railcars,TOTAL,Total,CZ,Czechia,1998,972,
RCA,Railcars,TOTAL,Total,CZ,Czechia,1999,983,
RCA,Railcars,TOTAL,Total,CZ,Czechia,2000,973,
RCA,Railcars,TOTAL,Total,CZ,Czechia,2001,970,
RCA,Railcars,TOTAL,Total,CZ,Czechia,2002,968,
RCA,Railcars,TOTAL,Total,CZ,Czechia,2003,977,
RCA,Railcars,TOTAL,Total,CZ,Czechia,2004,985,
RCA,Railcars,TOTAL,Total,CZ,Czechia,2005,1004,
RCA,Railcars,TOTAL,Total,CZ,Czechia,2006,998,
RCA,Railcars,TOTAL,Total,CZ,Czechia,2007,986,
RCA,Railcars,TOTAL,Total,CZ,Czechia,2008,963,
RCA,Railcars,TOTAL,Total,CZ,Czechia,2009,934,
RCA,Railcars,TOTAL,Total,CZ,Czechia,2010,939,
RCA,Railcars,TOTAL,Total,CZ,Czechia,2011,924,
RCA,Railcars,TOTAL,Total,CZ,Czechia,2012,967,
RCA,Railcars,TOTAL,Total,CZ,Czechia,2013,1002,
RCA,Railcars,TOTAL,Total,CZ,Czechia,2014,994,
RCA,Railcars,TOTAL,Total,CZ,Czechia,2015,1043,
RCA,Railcars,TOTAL,Total,CZ,Czechia,2016,1076,
RCA,Railcars,TOTAL,Total,CZ,Czechia,2017,1068,
RCA,Railcars,TOTAL,Total,CZ,Czechia,2018,1089,
RCA,Railcars,TOTAL,Total,CZ,Czechia,2019,1135,
RCA,Railcars,TOTAL,Total,CZ,Czechia,2020,1187,
RCA,Railcars,TOTAL,Total,CZ,Czechia,2021,1229,
RCA,Railcars,TOTAL,Total,CZ,Czechia,2022,1161,
RCA,Railcars,TOTAL,Total,CZ,Czechia,2023,1394,
RCA,Railcars,TOTAL,Total,CZ,Czechia,2024,1627,
RCA,Railcars,TOTAL,Total,DE,Germany,1990,2170,
RCA,Railcars,TOTAL,Total,DE,Germany,1991,3002,
RCA,Railcars,TOTAL,Total,DE,Germany,1992,3079,
RCA,Railcars,TOTAL,Total,DE,Germany,1993,3223,
RCA,Railcars,TOTAL,Total,DE,Germany,1994,2631,
RCA,Railcars,TOTAL,Total,DE,Germany,1995,2774,
RCA,Railcars,TOTAL,Total,DE,Germany,1996,2688,
RCA,Railcars,TOTAL,Total,DE,Germany,1997,2722,
RCA,Railcars,TOTAL,Total,DE,Germany,1998,2733,
RCA,Railcars,TOTAL,Total,DE,Germany,1999,5544,
RCA,Railcars,TOTAL,Total,DE,Germany,2000,6946,
RCA,Railcars,TOTAL,Total,DE,Germany,2005,7639,
RCA,Railcars,TOTAL,Total,DK,Denmark,1990,1032,i
RCA,Railcars,TOTAL,Total,DK,Denmark,1991,1124,i
RCA,Railcars,TOTAL,Total,DK,Denmark,1992,1188,i
RCA,Railcars,TOTAL,Total,DK,Denmark,1993,1233,i
RCA,Railcars,TOTAL,Total,DK,Denmark,1994,1241,i
RCA,Railcars,TOTAL,Total,DK,Denmark,1995,1359,i
RCA,Railcars,TOTAL,Total,DK,Denmark,1996,1380,i
RCA,Railcars,TOTAL,Total,DK,Denmark,1997,1397,i
RCA,Railcars,TOTAL,Total,DK,Denmark,1998,1402,i
RCA,Railcars,TOTAL,Total,DK,Denmark,1999,1419,i
RCA,Railcars,TOTAL,Total,DK,Denmark,2000,1465,i
RCA,Railcars,TOTAL,Total,DK,Denmark,2001,1488,i
RCA,Railcars,TOTAL,Total,DK,Denmark,2002,1565,i
RCA,Railcars,TOTAL,Total,DK,Denmark,2003,1551,i
RCA,Railcars,TOTAL,Total,DK,Denmark,2004,1595,i
RCA,Railcars,TOTAL,Total,DK,Denmark,2005,1525,i
RCA,Railcars,TOTAL,Total,DK,Denmark,2006,1430,i
RCA,Railcars,TOTAL,Total,DK,Denmark,2007,1465,i
RCA,Railcars,TOTAL,Total,DK,Denmark,2008,1501,i
RCA,Railcars,TOTAL,Total,DK,Denmark,2009,1718,i
RCA,Railcars,TOTAL,Total,DK,Denmark,2010,1957,i
RCA,Railcars,TOTAL,Total,DK,Denmark,2011,1967,i
RCA,Railcars,TOTAL,Total,DK,Denmark,2012,2031,i
RCA,Railcars,TOTAL,Total,DK,Denmark,2013,2072,
RCA,Railcars,TOTAL,Total,DK,Denmark,2014,2562,
RCA,Railcars,TOTAL,Total,DK,Denmark,2015,2642,
RCA,Railcars,TOTAL,Total,DK,Denmark,2016,2307,
RCA,Railcars,TOTAL,Total,DK,Denmark,2017,2139,
RCA,Railcars,TOTAL,Total,DK,Denmark,2018,2139,
RCA,Railcars,TOTAL,Total,DK,Denmark,2019,2082,
RCA,Railcars,TOTAL,Total,DK,Denmark,2020,2058,
RCA,Railcars,TOTAL,Total,DK,Denmark,2021,2060,
RCA,Railcars,TOTAL,Total,DK,Denmark,2022,1946,
RCA,Railcars,TOTAL,Total,DK,Denmark,2023,1916,
RCA,Railcars,TOTAL,Total,DK,Denmark,2024,1916,
RCA,Railcars,TOTAL,Total,EE,Estonia,1992,93,
RCA,Railcars,TOTAL,Total,EE,Estonia,1993,85,
RCA,Railcars,TOTAL,Total,EE,Estonia,1994,80,
RCA,Railcars,TOTAL,Total,EE,Estonia,1995,80,
RCA,Railcars,TOTAL,Total,EE,Estonia,1996,75,
RCA,Railcars,TOTAL,Total,EE,Estonia,1997,85,
RCA,Railcars,TOTAL,Total,EE,Estonia,1998,83,
RCA,Railcars,TOTAL,Total,EE,Estonia,1999,77,
RCA,Railcars,TOTAL,Total,EE,Estonia,2000,77,
RCA,Railcars,TOTAL,Total,EE,Estonia,2001,75,
RCA,Railcars,TOTAL,Total,EE,Estonia,2002,63,
RCA,Railcars,TOTAL,Total,EE,Estonia,2003,63,
RCA,Railcars,TOTAL,Total,EE,Estonia,2004,87,
RCA,Railcars,TOTAL,Total,EE,Estonia,2005,79,
RCA,Railcars,TOTAL,Total,EE,Estonia,2006,144,
RCA,Railcars,TOTAL,Total,EE,Estonia,2007,148,
RCA,Railcars,TOTAL,Total,EE,Estonia,2008,59,
RCA,Railcars,TOTAL,Total,EE,Estonia,2009,55,
RCA,Railcars,TOTAL,Total,EE,Estonia,2010,55,
RCA,Railcars,TOTAL,Total,EE,Estonia,2011,55,
RCA,Railcars,TOTAL,Total,EE,Estonia,2012,55,
RCA,Railcars,TOTAL,Total,EE,Estonia,2013,65,
RCA,Railcars,TOTAL,Total,EE,Estonia,2014,71,
RCA,Railcars,TOTAL,Total,EE,Estonia,2015,71,
RCA,Railcars,TOTAL,Total,EE,Estonia,2016,71,
RCA,Railcars,TOTAL,Total,EE,Estonia,2017,68,
RCA,Railcars,TOTAL,Total,EE,Estonia,2018,67,
RCA,Railcars,TOTAL,Total,EE,Estonia,2019,65,
RCA,Railcars,TOTAL,Total,EE,Estonia,2020,50,
RCA,Railcars,TOTAL,Total,EE,Estonia,2021,38,
RCA,Railcars,TOTAL,Total,EE,Estonia,2022,38,
RCA,Railcars,TOTAL,Total,EE,Estonia,2023,38,
RCA,Railcars,TOTAL,Total,EE,Estonia,2024,38,
RCA,Railcars,TOTAL,Total,EL,Greece,1990,168,
RCA,Railcars,TOTAL,Total,EL,Greece,1991,178,
RCA,Railcars,TOTAL,Total,EL,Greece,1992,183,
RCA,Railcars,TOTAL,Total,EL,Greece,1993,187,
RCA,Railcars,TOTAL,Total,EL,Greece,1994,188,
RCA,Railcars,TOTAL,Total,EL,Greece,1995,196,
RCA,Railcars,TOTAL,Total,EL,Greece,1996,196,
RCA,Railcars,TOTAL,Total,EL,Greece,1998,187,
RCA,Railcars,TOTAL,Total,EL,Greece,1999,91,
RCA,Railcars,TOTAL,Total,EL,Greece,2000,90,
RCA,Railcars,TOTAL,Total,EL,Greece,2001,90,
RCA,Railcars,TOTAL,Total,EL,Greece,2002,88,
RCA,Railcars,TOTAL,Total,EL,Greece,2003,89,
RCA,Railcars,TOTAL,Total,EL,Greece,2004,112,
RCA,Railcars,TOTAL,Total,EL,Greece,2005,125,
RCA,Railcars,TOTAL,Total,EL,Greece,2006,114,
RCA,Railcars,TOTAL,Total,EL,Greece,2007,123,
RCA,Railcars,TOTAL,Total,EL,Greece,2008,128,
RCA,Railcars,TOTAL,Total,EL,Greece,2009,128,
RCA,Railcars,TOTAL,Total,EL,Greece,2010,128,
RCA,Railcars,TOTAL,Total,EL,Greece,2011,128,
RCA,Railcars,TOTAL,Total,EL,Greece,2012,128,
RCA,Railcars,TOTAL,Total,EL,Greece,2013,129,
RCA,Railcars,TOTAL,Total,EL,Greece,2014,132,
RCA,Railcars,TOTAL,Total,EL,Greece,2015,132,
RCA,Railcars,TOTAL,Total,EL,Greece,2016,132,
RCA,Railcars,TOTAL,Total,EL,Greece,2017,132,
RCA,Railcars,TOTAL,Total,EL,Greece,2018,145,
RCA,Railcars,TOTAL,Total,EL,Greece,2019,145,
RCA,Railcars,TOTAL,Total,EL,Greece,2020,145,
RCA,Railcars,TOTAL,Total,EL,Greece,2021,145,
RCA,Railcars,TOTAL,Total,EL,Greece,2022,143,
RCA,Railcars,TOTAL,Total,EL,Greece,2023,143,
RCA,Railcars,TOTAL,Total,EL,Greece,2024,143,
RCA,Railcars,TOTAL,Total,ES,Spain,1990,785,
RCA,Railcars,TOTAL,Total,ES,Spain,1991,827,
RCA,Railcars,TOTAL,Total,ES,Spain,1992,881,
RCA,Railcars,TOTAL,Total,ES,Spain,1993,1004,
RCA,Railcars,TOTAL,Total,ES,Spain,1994,1015,
RCA,Railcars,TOTAL,Total,ES,Spain,1995,762,
RCA,Railcars,TOTAL,Total,ES,Spain,1996,787,
RCA,Railcars,TOTAL,Total,ES,Spain,1997,780,
RCA,Railcars,TOTAL,Total,ES,Spain,1998,765,
RCA,Railcars,TOTAL,Total,ES,Spain,1999,790,
RCA,Railcars,TOTAL,Total,ES,Spain,2000,794,
RCA,Railcars,TOTAL,Total,ES,Spain,2001,806,
RCA,Railcars,TOTAL,Total,ES,Spain,2002,804,
RCA,Railcars,TOTAL,Total,ES,Spain,2004,826,
RCA,Railcars,TOTAL,Total,ES,Spain,2005,880,
RCA,Railcars,TOTAL,Total,ES,Spain,2006,895,
RCA,Railcars,TOTAL,Total,ES,Spain,2007,962,
RCA,Railcars,TOTAL,Total,ES,Spain,2008,1013,
RCA,Railcars,TOTAL,Total,ES,Spain,2009,1074,
RCA,Railcars,TOTAL,Total,ES,Spain,2010,1568,
RCA,Railcars,TOTAL,Total,ES,Spain,2011,1708,
RCA,Railcars,TOTAL,Total,ES,Spain,2012,1690,
RCA,Railcars,TOTAL,Total,ES,Spain,2013,1670,
RCA,Railcars,TOTAL,Total,ES,Spain,2014,1672,
RCA,Railcars,TOTAL,Total,ES,Spain,2016,1340,
RCA,Railcars,TOTAL,Total,ES,Spain,2017,1332,
RCA,Railcars,TOTAL,Total,ES,Spain,2018,1293,
RCA,Railcars,TOTAL,Total,ES,Spain,2019,1288,
RCA,Railcars,TOTAL,Total,ES,Spain,2020,1258,
RCA,Railcars,TOTAL,Total,ES,Spain,2021,1266,
RCA,Railcars,TOTAL,Total,ES,Spain,2022,1253,
RCA,Railcars,TOTAL,Total,ES,Spain,2023,1367,
RCA,Railcars,TOTAL,Total,ES,Spain,2024,1367,
RCA,Railcars,TOTAL,Total,FI,Finland,1990,100,
RCA,Railcars,TOTAL,Total,FI,Finland,1991,100,
RCA,Railcars,TOTAL,Total,FI,Finland,1992,100,
RCA,Railcars,TOTAL,Total,FI,Finland,1993,100,
RCA,Railcars,TOTAL,Total,FI,Finland,1994,100,
RCA,Railcars,TOTAL,Total,FI,Finland,1995,100,
RCA,Railcars,TOTAL,Total,FI,Finland,1996,100,
RCA,Railcars,TOTAL,Total,FI,Finland,1997,102,
RCA,Railcars,TOTAL,Total,FI,Finland,1998,102,
RCA,Railcars,TOTAL,Total,FI,Finland,1999,102,
RCA,Railcars,TOTAL,Total,FI,Finland,2000,112,
RCA,Railcars,TOTAL,Total,FI,Finland,2001,112,
RCA,Railcars,TOTAL,Total,FI,Finland,2002,119,
RCA,Railcars,TOTAL,Total,FI,Finland,2003,119,
RCA,Railcars,TOTAL,Total,FI,Finland,2004,129,
RCA,Railcars,TOTAL,Total,FI,Finland,2005,157,
RCA,Railcars,TOTAL,Total,FI,Finland,2006,163,
RCA,Railcars,TOTAL,Total,FI,Finland,2007,164,
RCA,Railcars,TOTAL,Total,FI,Finland,2008,164,
RCA,Railcars,TOTAL,Total,FI,Finland,2009,165,
RCA,Railcars,TOTAL,Total,FI,Finland,2010,168,
RCA,Railcars,TOTAL,Total,FI,Finland,2011,174,
RCA,Railcars,TOTAL,Total,FI,Finland,2012,183,
RCA,Railcars,TOTAL,Total,FI,Finland,2013,187,
RCA,Railcars,TOTAL,Total,FI,Finland,2014,194,
RCA,Railcars,TOTAL,Total,FI,Finland,2015,194,
RCA,Railcars,TOTAL,Total,FI,Finland,2016,194,
RCA,Railcars,TOTAL,Total,FI,Finland,2017,236,
RCA,Railcars,TOTAL,Total,FI,Finland,2018,234,
RCA,Railcars,TOTAL,Total,FI,Finland,2024,204,i
RCA,Railcars,TOTAL,Total,FR,France,1990,1768,
RCA,Railcars,TOTAL,Total,FR,France,1991,1808,
RCA,Railcars,TOTAL,Total,FR,France,1992,1815,
RCA,Railcars,TOTAL,Total,FR,France,1993,1866,
RCA,Railcars,TOTAL,Total,FR,France,1994,1898,
RCA,Railcars,TOTAL,Total,FR,France,1995,1921,
RCA,Railcars,TOTAL,Total,FR,France,1996,1952,
RCA,Railcars,TOTAL,Total,FR,France,1997,2007,
RCA,Railcars,TOTAL,Total,FR,France,1998,2078,
RCA,Railcars,TOTAL,Total,FR,France,1999,2123,
RCA,Railcars,TOTAL,Total,FR,France,2000,2175,
RCA,Railcars,TOTAL,Total,FR,France,2001,2253,
RCA,Railcars,TOTAL,Total,FR,France,2002,2358,
RCA,Railcars,TOTAL,Total,FR,France,2003,2404,
RCA,Railcars,TOTAL,Total,FR,France,2004,2479,
RCA,Railcars,TOTAL,Total,FR,France,2005,2576,
RCA,Railcars,TOTAL,Total,FR,France,2006,2748,
RCA,Railcars,TOTAL,Total,FR,France,2007,2894,
RCA,Railcars,TOTAL,Total,FR,France,2008,3069,
RCA,Railcars,TOTAL,Total,FR,France,2009,3238,
RCA,Railcars,TOTAL,Total,FR,France,2010,3436,
RCA,Railcars,TOTAL,Total,FR,France,2011,3528,
RCA,Railcars,TOTAL,Total,FR,France,2012,3686,
RCA,Railcars,TOTAL,Total,FR,France,2013,6404,
RCA,Railcars,TOTAL,Total,FR,France,2014,6653,
RCA,Railcars,TOTAL,Total,FR,France,2015,7030,
RCA,Railcars,TOTAL,Total,FR,France,2016,7257,
RCA,Railcars,TOTAL,Total,FR,France,2017,7446,
RCA,Railcars,TOTAL,Total,FR,France,2018,7737,
RCA,Railcars,TOTAL,Total,FR,France,2019,7920,
RCA,Railcars,TOTAL,Total,FR,France,2020,8120,
RCA,Railcars,TOTAL,Total,FR,France,2021,8189,
RCA,Railcars,TOTAL,Total,FR,France,2022,8205,
RCA,Railcars,TOTAL,Total,FR,France,2023,8249,
RCA,Railcars,TOTAL,Total,FR,France,2024,8400,
RCA,Railcars,TOTAL,Total,GE,Georgia,1995,113,
RCA,Railcars,TOTAL,Total,GE,Georgia,1996,103,
RCA,Railcars,TOTAL,Total,GE,Georgia,1997,102,
RCA,Railcars,TOTAL,Total,GE,Georgia,1998,99,
RCA,Railcars,TOTAL,Total,GE,Georgia,1999,90,
RCA,Railcars,TOTAL,Total,GE,Georgia,2018,26,
RCA,Railcars,TOTAL,Total,GE,Georgia,2019,26,
RCA,Railcars,TOTAL,Total,GE,Georgia,2020,26,
RCA,Railcars,TOTAL,Total,GE,Georgia,2021,25,
RCA,Railcars,TOTAL,Total,GE,Georgia,2022,24,
RCA,Railcars,TOTAL,Total,GE,Georgia,2023,24,
RCA,Railcars,TOTAL,Total,GE,Georgia,2024,19,
RCA,Railcars,TOTAL,Total,HR,Croatia,1990,279,
RCA,Railcars,TOTAL,Total,HR,Croatia,1991,302,
RCA,Railcars,TOTAL,Total,HR,Croatia,1992,276,
RCA,Railcars,TOTAL,Total,HR,Croatia,1993,115,
RCA,Railcars,TOTAL,Total,HR,Croatia,1994,115,
RCA,Railcars,TOTAL,Total,HR,Croatia,1995,96,
RCA,Railcars,TOTAL,Total,HR,Croatia,1996,90,
RCA,Railcars,TOTAL,Total,HR,Croatia,1997,110,
RCA,Railcars,TOTAL,Total,HR,Croatia,1998,110,
RCA,Railcars,TOTAL,Total,HR,Croatia,1999,91,
RCA,Railcars,TOTAL,Total,HR,Croatia,2000,97,
RCA,Railcars,TOTAL,Total,HR,Croatia,2001,99,
RCA,Railcars,TOTAL,Total,HR,Croatia,2002,103,
RCA,Railcars,TOTAL,Total,HR,Croatia,2003,101,
RCA,Railcars,TOTAL,Total,HR,Croatia,2004,113,
RCA,Railcars,TOTAL,Total,HR,Croatia,2005,111,
RCA,Railcars,TOTAL,Total,HR,Croatia,2006,111,
RCA,Railcars,TOTAL,Total,HR,Croatia,2007,104,
RCA,Railcars,TOTAL,Total,HR,Croatia,2008,105,
RCA,Railcars,TOTAL,Total,HR,Croatia,2009,102,
RCA,Railcars,TOTAL,Total,HR,Croatia,2010,116,
RCA,Railcars,TOTAL,Total,HR,Croatia,2011,114,
RCA,Railcars,TOTAL,Total,HR,Croatia,2012,129,
RCA,Railcars,TOTAL,Total,HR,Croatia,2013,129,
RCA,Railcars,TOTAL,Total,HR,Croatia,2014,129,
RCA,Railcars,TOTAL,Total,HR,Croatia,2015,145,
RCA,Railcars,TOTAL,Total,HR,Croatia,2016,150,
RCA,Railcars,TOTAL,Total,HR,Croatia,2017,148,
RCA,Railcars,TOTAL,Total,HR,Croatia,2018,146,
RCA,Railcars,TOTAL,Total,HR,Croatia,2019,148,
RCA,Railcars,TOTAL,Total,HR,Croatia,2020,178,
RCA,Railcars,TOTAL,Total,HR,Croatia,2021,184,
RCA,Railcars,TOTAL,Total,HR,Croatia,2022,204,
RCA,Railcars,TOTAL,Total,HR,Croatia,2023,231,
RCA,Railcars,TOTAL,Total,HR,Croatia,2024,232,
RCA,Railcars,TOTAL,Total,HU,Hungary,1990,282,
RCA,Railcars,TOTAL,Total,HU,Hungary,1991,283,
RCA,Railcars,TOTAL,Total,HU,Hungary,1992,284,
RCA,Railcars,TOTAL,Total,HU,Hungary,1993,289,
RCA,Railcars,TOTAL,Total,HU,Hungary,1994,286,
RCA,Railcars,TOTAL,Total,HU,Hungary,1995,287,
RCA,Railcars,TOTAL,Total,HU,Hungary,1996,312,
RCA,Railcars,TOTAL,Total,HU,Hungary,1997,322,
RCA,Railcars,TOTAL,Total,HU,Hungary,1998,333,
RCA,Railcars,TOTAL,Total,HU,Hungary,1999,340,
RCA,Railcars,TOTAL,Total,HU,Hungary,2000,339,
RCA,Railcars,TOTAL,Total,HU,Hungary,2001,342,
RCA,Railcars,TOTAL,Total,HU,Hungary,2002,343,
RCA,Railcars,TOTAL,Total,HU,Hungary,2003,363,
RCA,Railcars,TOTAL,Total,HU,Hungary,2004,370,
RCA,Railcars,TOTAL,Total,HU,Hungary,2005,369,
RCA,Railcars,TOTAL,Total,HU,Hungary,2008,417,
RCA,Railcars,TOTAL,Total,HU,Hungary,2009,455,
RCA,Railcars,TOTAL,Total,HU,Hungary,2010,431,
RCA,Railcars,TOTAL,Total,HU,Hungary,2011,489,
RCA,Railcars,TOTAL,Total,HU,Hungary,2012,449,
RCA,Railcars,TOTAL,Total,HU,Hungary,2013,431,
RCA,Railcars,TOTAL,Total,HU,Hungary,2014,460,
RCA,Railcars,TOTAL,Total,HU,Hungary,2015,515,
RCA,Railcars,TOTAL,Total,HU,Hungary,2016,498,
RCA,Railcars,TOTAL,Total,HU,Hungary,2017,496,
RCA,Railcars,TOTAL,Total,HU,Hungary,2018,493,
RCA,Railcars,TOTAL,Total,HU,Hungary,2019,512,
RCA,Railcars,TOTAL,Total,HU,Hungary,2020,492,
RCA,Railcars,TOTAL,Total,HU,Hungary,2021,711,
RCA,Railcars,TOTAL,Total,HU,Hungary,2022,733,
RCA,Railcars,TOTAL,Total,HU,Hungary,2023,774,
RCA,Railcars,TOTAL,Total,HU,Hungary,2024,775,
RCA,Railcars,TOTAL,Total,IE,Ireland,1990,40,
RCA,Railcars,TOTAL,Total,IE,Ireland,1991,40,
RCA,Railcars,TOTAL,Total,IE,Ireland,1992,40,
RCA,Railcars,TOTAL,Total,IE,Ireland,1993,40,
RCA,Railcars,TOTAL,Total,IE,Ireland,1994,57,
RCA,Railcars,TOTAL,Total,IE,Ireland,1995,57,
RCA,Railcars,TOTAL,Total,IE,Ireland,1996,57,
RCA,Railcars,TOTAL,Total,IE,Ireland,1997,57,
RCA,Railcars,TOTAL,Total,IE,Ireland,1998,57,
RCA,Railcars,TOTAL,Total,IE,Ireland,1999,82,
RCA,Railcars,TOTAL,Total,IE,Ireland,2000,117,
RCA,Railcars,TOTAL,Total,IE,Ireland,2001,117,
RCA,Railcars,TOTAL,Total,IE,Ireland,2012,426,
RCA,Railcars,TOTAL,Total,IE,Ireland,2013,426,
RCA,Railcars,TOTAL,Total,IE,Ireland,2014,426,
RCA,Railcars,TOTAL,Total,IE,Ireland,2015,426,
RCA,Railcars,TOTAL,Total,IE,Ireland,2016,426,
RCA,Railcars,TOTAL,Total,IE,Ireland,2017,426,
RCA,Railcars,TOTAL,Total,IE,Ireland,2018,426,
RCA,Railcars,TOTAL,Total,IE,Ireland,2019,426,
RCA,Railcars,TOTAL,Total,IE,Ireland,2020,426,
RCA,Railcars,TOTAL,Total,IE,Ireland,2021,426,
RCA,Railcars,TOTAL,Total,IE,Ireland,2023,426,
RCA,Railcars,TOTAL,Total,IT,Italy,1995,1443,
RCA,Railcars,TOTAL,Total,IT,Italy,1996,1364,
RCA,Railcars,TOTAL,Total,IT,Italy,1997,1365,
RCA,Railcars,TOTAL,Total,IT,Italy,1998,1368,
RCA,Railcars,TOTAL,Total,IT,Italy,1999,1428,
RCA,Railcars,TOTAL,Total,IT,Italy,2000,1445,
RCA,Railcars,TOTAL,Total,IT,Italy,2002,1595,
RCA,Railcars,TOTAL,Total,IT,Italy,2003,1400,
RCA,Railcars,TOTAL,Total,IT,Italy,2004,1318,
RCA,Railcars,TOTAL,Total,IT,Italy,2005,1483,
RCA,Railcars,TOTAL,Total,IT,Italy,2006,1504,
RCA,Railcars,TOTAL,Total,IT,Italy,2007,1313,
RCA,Railcars,TOTAL,Total,IT,Italy,2008,1268,
RCA,Railcars,TOTAL,Total,IT,Italy,2009,1365,
RCA,Railcars,TOTAL,Total,IT,Italy,2010,1367,
RCA,Railcars,TOTAL,Total,IT,Italy,2011,1367,
RCA,Railcars,TOTAL,Total,IT,Italy,2012,1302,
RCA,Railcars,TOTAL,Total,IT,Italy,2024,9767,i
RCA,Railcars,TOTAL,Total,LT,Lithuania,1991,68,
RCA,Railcars,TOTAL,Total,LT,Lithuania,1992,68,
RCA,Railcars,TOTAL,Total,LT,Lithuania,1993,68,
RCA,Railcars,TOTAL,Total,LT,Lithuania,1994,70,
RCA,Railcars,TOTAL,Total,LT,Lithuania,1995,70,
RCA,Railcars,TOTAL,Total,LT,Lithuania,1996,72,
RCA,Railcars,TOTAL,Total,LT,Lithuania,1997,69,
RCA,Railcars,TOTAL,Total,LT,Lithuania,1998,69,
RCA,Railcars,TOTAL,Total,LT,Lithuania,1999,65,
RCA,Railcars,TOTAL,Total,LT,Lithuania,2000,63,
RCA,Railcars,TOTAL,Total,LT,Lithuania,2001,63,
RCA,Railcars,TOTAL,Total,LT,Lithuania,2002,61,
RCA,Railcars,TOTAL,Total,LT,Lithuania,2003,60,
RCA,Railcars,TOTAL,Total,LT,Lithuania,2004,62,
RCA,Railcars,TOTAL,Total,LT,Lithuania,2005,62,
RCA,Railcars,TOTAL,Total,LT,Lithuania,2006,62,
RCA,Railcars,TOTAL,Total,LT,Lithuania,2007,62,
RCA,Railcars,TOTAL,Total,LT,Lithuania,2008,55,
RCA,Railcars,TOTAL,Total,LT,Lithuania,2009,54,
RCA,Railcars,TOTAL,Total,LT,Lithuania,2010,55,
RCA,Railcars,TOTAL,Total,LT,Lithuania,2011,52,
RCA,Railcars,TOTAL,Total,LT,Lithuania,2012,50,
RCA,Railcars,TOTAL,Total,LT,Lithuania,2013,53,
RCA,Railcars,TOTAL,Total,LT,Lithuania,2014,51,
RCA,Railcars,TOTAL,Total,LT,Lithuania,2015,48,
RCA,Railcars,TOTAL,Total,LT,Lithuania,2016,56,
RCA,Railcars,TOTAL,Total,LT,Lithuania,2017,58,
RCA,Railcars,TOTAL,Total,LT,Lithuania,2018,58,
RCA,Railcars,TOTAL,Total,LT,Lithuania,2019,57,
RCA,Railcars,TOTAL,Total,LT,Lithuania,2020,134,i
RCA,Railcars,TOTAL,Total,LT,Lithuania,2021,134,i
RCA,Railcars,TOTAL,Total,LT,Lithuania,2022,133,
RCA,Railcars,TOTAL,Total,LT,Lithuania,2023,133,
RCA,Railcars,TOTAL,Total,LT,Lithuania,2024,133,
RCA,Railcars,TOTAL,Total,LU,Luxembourg,1990,19,
RCA,Railcars,TOTAL,Total,LU,Luxembourg,1991,32,
RCA,Railcars,TOTAL,Total,LU,Luxembourg,1992,36,
RCA,Railcars,TOTAL,Total,LU,Luxembourg,2006,38,
RCA,Railcars,TOTAL,Total,LU,Luxembourg,2007,38,
RCA,Railcars,TOTAL,Total,LU,Luxembourg,2008,36,
RCA,Railcars,TOTAL,Total,LU,Luxembourg,2009,36,
RCA,Railcars,TOTAL,Total,LU,Luxembourg,2010,45,
RCA,Railcars,TOTAL,Total,LU,Luxembourg,2011,46,
RCA,Railcars,TOTAL,Total,LU,Luxembourg,2012,46,
RCA,Railcars,TOTAL,Total,LU,Luxembourg,2013,46,
RCA,Railcars,TOTAL,Total,LU,Luxembourg,2014,46,
RCA,Railcars,TOTAL,Total,LU,Luxembourg,2015,52,
RCA,Railcars,TOTAL,Total,LU,Luxembourg,2016,52,
RCA,Railcars,TOTAL,Total,LU,Luxembourg,2017,62,
RCA,Railcars,TOTAL,Total,LU,Luxembourg,2018,62,
RCA,Railcars,TOTAL,Total,LU,Luxembourg,2019,62,
RCA,Railcars,TOTAL,Total,LU,Luxembourg,2020,62,
RCA,Railcars,TOTAL,Total,LU,Luxembourg,2021,63,
RCA,Railcars,TOTAL,Total,LU,Luxembourg,2022,63,
RCA,Railcars,TOTAL,Total,LU,Luxembourg,2023,63,
RCA,Railcars,TOTAL,Total,LU,Luxembourg,2024,63,
RCA,Railcars,TOTAL,Total,LV,Latvia,1990,265,
RCA,Railcars,TOTAL,Total,LV,Latvia,1992,257,
RCA,Railcars,TOTAL,Total,LV,Latvia,1993,254,
RCA,Railcars,TOTAL,Total,LV,Latvia,1994,254,
RCA,Railcars,TOTAL,Total,LV,Latvia,1995,246,
RCA,Railcars,TOTAL,Total,LV,Latvia,1996,227,
RCA,Railcars,TOTAL,Total,LV,Latvia,1997,217,
RCA,Railcars,TOTAL,Total,LV,Latvia,1998,200,
RCA,Railcars,TOTAL,Total,LV,Latvia,1999,192,
RCA,Railcars,TOTAL,Total,LV,Latvia,2000,181,
RCA,Railcars,TOTAL,Total,LV,Latvia,2001,167,
RCA,Railcars,TOTAL,Total,LV,Latvia,2002,159,
RCA,Railcars,TOTAL,Total,LV,Latvia,2003,159,
RCA,Railcars,TOTAL,Total,LV,Latvia,2004,159,
RCA,Railcars,TOTAL,Total,LV,Latvia,2005,148,
RCA,Railcars,TOTAL,Total,LV,Latvia,2006,148,
RCA,Railcars,TOTAL,Total,LV,Latvia,2007,146,
RCA,Railcars,TOTAL,Total,LV,Latvia,2008,129,
RCA,Railcars,TOTAL,Total,LV,Latvia,2009,129,
RCA,Railcars,TOTAL,Total,LV,Latvia,2010,104,
RCA,Railcars,TOTAL,Total,LV,Latvia,2011,104,
RCA,Railcars,TOTAL,Total,LV,Latvia,2012,104,
RCA,Railcars,TOTAL,Total,LV,Latvia,2013,104,
RCA,Railcars,TOTAL,Total,LV,Latvia,2014,104,
RCA,Railcars,TOTAL,Total,LV,Latvia,2015,104,
RCA,Railcars,TOTAL,Total,LV,Latvia,2016,104,
RCA,Railcars,TOTAL,Total,LV,Latvia,2017,104,
RCA,Railcars,TOTAL,Total,LV,Latvia,2018,104,
RCA,Railcars,TOTAL,Total,LV,Latvia,2019,104,
RCA,Railcars,TOTAL,Total,LV,Latvia,2020,104,
RCA,Railcars,TOTAL,Total,LV,Latvia,2021,104,
RCA,Railcars,TOTAL,Total,LV,Latvia,2022,104,
RCA,Railcars,TOTAL,Total,LV,Latvia,2023,121,
RCA,Railcars,TOTAL,Total,LV,Latvia,2024,130,
RCA,Railcars,TOTAL,Total,MD,Moldova,1992,45,
RCA,Railcars,TOTAL,Total,MD,Moldova,1993,45,
RCA,Railcars,TOTAL,Total,MD,Moldova,1994,45,
RCA,Railcars,TOTAL,Total,MD,Moldova,1995,42,
RCA,Railcars,TOTAL,Total,MD,Moldova,1996,37,
RCA,Railcars,TOTAL,Total,MD,Moldova,1997,34,
RCA,Railcars,TOTAL,Total,MD,Moldova,1998,34,
RCA,Railcars,TOTAL,Total,MD,Moldova,1999,31,
RCA,Railcars,TOTAL,Total,MD,Moldova,2000,31,
RCA,Railcars,TOTAL,Total,MD,Moldova,2001,31,
RCA,Railcars,TOTAL,Total,MD,Moldova,2002,32,
RCA,Railcars,TOTAL,Total,MD,Moldova,2004,31,
RCA,Railcars,TOTAL,Total,MD,Moldova,2009,30,
RCA,Railcars,TOTAL,Total,MD,Moldova,2010,30,
RCA,Railcars,TOTAL,Total,MD,Moldova,2011,28,
RCA,Railcars,TOTAL,Total,MD,Moldova,2012,28,
RCA,Railcars,TOTAL,Total,MD,Moldova,2013,28,
RCA,Railcars,TOTAL,Total,MD,Moldova,2014,28,
RCA,Railcars,TOTAL,Total,MD,Moldova,2015,28,
RCA,Railcars,TOTAL,Total,MD,Moldova,2016,28,
RCA,Railcars,TOTAL,Total,MD,Moldova,2017,20,
RCA,Railcars,TOTAL,Total,MD,Moldova,2018,20,
RCA,Railcars,TOTAL,Total,MD,Moldova,2019,20,
RCA,Railcars,TOTAL,Total,MD,Moldova,2020,20,
RCA,Railcars,TOTAL,Total,MD,Moldova,2021,22,
RCA,Railcars,TOTAL,Total,MD,Moldova,2022,22,
RCA,Railcars,TOTAL,Total,MD,Moldova,2023,20,
RCA,Railcars,TOTAL,Total,MD,Moldova,2024,20,
RCA,Railcars,TOTAL,Total,ME,Montenegro,2016,8,
RCA,Railcars,TOTAL,Total,ME,Montenegro,2017,8,
RCA,Railcars,TOTAL,Total,ME,Montenegro,2018,8,
RCA,Railcars,TOTAL,Total,ME,Montenegro,2019,7,
RCA,Railcars,TOTAL,Total,ME,Montenegro,2023,19,
RCA,Railcars,TOTAL,Total,ME,Montenegro,2024,19,
RCA,Railcars,TOTAL,Total,MK,North Macedonia,1990,25,
RCA,Railcars,TOTAL,Total,MK,North Macedonia,1992,29,
RCA,Railcars,TOTAL,Total,MK,North Macedonia,1993,29,
RCA,Railcars,TOTAL,Total,MK,North Macedonia,1994,29,
RCA,Railcars,TOTAL,Total,MK,North Macedonia,1995,29,
RCA,Railcars,TOTAL,Total,MK,North Macedonia,1996,25,
RCA,Railcars,TOTAL,Total,MK,North Macedonia,1997,21,
RCA,Railcars,TOTAL,Total,MK,North Macedonia,1998,21,
RCA,Railcars,TOTAL,Total,MK,North Macedonia,1999,21,
RCA,Railcars,TOTAL,Total,MK,North Macedonia,2000,21,
RCA,Railcars,TOTAL,Total,MK,North Macedonia,2001,17,
RCA,Railcars,TOTAL,Total,MK,North Macedonia,2002,17,
RCA,Railcars,TOTAL,Total,MK,North Macedonia,2005,17,
RCA,Railcars,TOTAL,Total,MK,North Macedonia,2006,17,
RCA,Railcars,TOTAL,Total,MK,North Macedonia,2007,17,
RCA,Railcars,TOTAL,Total,MK,North Macedonia,2008,17,
RCA,Railcars,TOTAL,Total,MK,North Macedonia,2009,14,
RCA,Railcars,TOTAL,Total,MK,North Macedonia,2010,10,
RCA,Railcars,TOTAL,Total,MK,North Macedonia,2011,10,
RCA,Railcars,TOTAL,Total,MK,North Macedonia,2012,10,
RCA,Railcars,TOTAL,Total,MK,North Macedonia,2013,20,
RCA,Railcars,TOTAL,Total,MK,North Macedonia,2014,20,
RCA,Railcars,TOTAL,Total,MK,North Macedonia,2015,20,
RCA,Railcars,TOTAL,Total,MK,North Macedonia,2016,20,
RCA,Railcars,TOTAL,Total,MK,North Macedonia,2017,20,
RCA,Railcars,TOTAL,Total,MK,North Macedonia,2018,20,
RCA,Railcars,TOTAL,Total,MK,North Macedonia,2019,20,
RCA,Railcars,TOTAL,Total,MK,North Macedonia,2020,20,
RCA,Railcars,TOTAL,Total,MK,North Macedonia,2021,20,
RCA,Railcars,TOTAL,Total,MK,North Macedonia,2022,20,
RCA,Railcars,TOTAL,Total,MK,North Macedonia,2023,20,
RCA,Railcars,TOTAL,Total,MK,North Macedonia,2024,20,
RCA,Railcars,TOTAL,Total,NL,Netherlands,1990,722,
RCA,Railcars,TOTAL,Total,NL,Netherlands,2024,4180,i
RCA,Railcars,TOTAL,Total,NO,Norway,1990,160,
RCA,Railcars,TOTAL,Total,NO,Norway,1991,158,
RCA,Railcars,TOTAL,Total,NO,Norway,1992,165,
RCA,Railcars,TOTAL,Total,NO,Norway,1993,173,
RCA,Railcars,TOTAL,Total,NO,Norway,1994,173,
RCA,Railcars,TOTAL,Total,NO,Norway,1995,145,
RCA,Railcars,TOTAL,Total,NO,Norway,1996,134,
RCA,Railcars,TOTAL,Total,NO,Norway,1997,134,
RCA,Railcars,TOTAL,Total,NO,Norway,1998,133,
RCA,Railcars,TOTAL,Total,NO,Norway,1999,145,
RCA,Railcars,TOTAL,Total,NO,Norway,2000,172,
RCA,Railcars,TOTAL,Total,NO,Norway,2023,316,i
RCA,Railcars,TOTAL,Total,NO,Norway,2024,316,i
RCA,Railcars,TOTAL,Total,PL,Poland,1990,1407,
RCA,Railcars,TOTAL,Total,PL,Poland,1992,1056,
RCA,Railcars,TOTAL,Total,PL,Poland,1993,1043,
RCA,Railcars,TOTAL,Total,PL,Poland,1994,1402,
RCA,Railcars,TOTAL,Total,PL,Poland,1995,1372,
RCA,Railcars,TOTAL,Total,PL,Poland,1996,1360,
RCA,Railcars,TOTAL,Total,PL,Poland,1997,1347,
RCA,Railcars,TOTAL,Total,PL,Poland,1998,1303,
RCA,Railcars,TOTAL,Total,PL,Poland,1999,1279,
RCA,Railcars,TOTAL,Total,PL,Poland,2000,1266,
RCA,Railcars,TOTAL,Total,PL,Poland,2001,1246,
RCA,Railcars,TOTAL,Total,PL,Poland,2002,1207,
RCA,Railcars,TOTAL,Total,PL,Poland,2003,1204,
RCA,Railcars,TOTAL,Total,PL,Poland,2004,1207,
RCA,Railcars,TOTAL,Total,PL,Poland,2005,1432,
RCA,Railcars,TOTAL,Total,PL,Poland,2006,1275,
RCA,Railcars,TOTAL,Total,PL,Poland,2007,1317,
RCA,Railcars,TOTAL,Total,PL,Poland,2008,1333,
RCA,Railcars,TOTAL,Total,PL,Poland,2009,1352,
RCA,Railcars,TOTAL,Total,PL,Poland,2010,1394,
RCA,Railcars,TOTAL,Total,PL,Poland,2011,1457,
RCA,Railcars,TOTAL,Total,PL,Poland,2012,1435,
RCA,Railcars,TOTAL,Total,PL,Poland,2013,1489,
RCA,Railcars,TOTAL,Total,PL,Poland,2014,1472,
RCA,Railcars,TOTAL,Total,PL,Poland,2015,1493,
RCA,Railcars,TOTAL,Total,PL,Poland,2016,1380,
RCA,Railcars,TOTAL,Total,PL,Poland,2017,1445,
RCA,Railcars,TOTAL,Total,PL,Poland,2018,4472,b
RCA,Railcars,TOTAL,Total,PL,Poland,2019,4546,
RCA,Railcars,TOTAL,Total,PL,Poland,2020,4175,
RCA,Railcars,TOTAL,Total,PL,Poland,2021,3623,
RCA,Railcars,TOTAL,Total,PL,Poland,2022,3521,
RCA,Railcars,TOTAL,Total,PL,Poland,2023,2610,
RCA,Railcars,TOTAL,Total,PL,Poland,2024,2568,
RCA,Railcars,TOTAL,Total,PT,Portugal,1990,228,
RCA,Railcars,TOTAL,Total,PT,Portugal,1991,276,
RCA,Railcars,TOTAL,Total,PT,Portugal,1992,281,
RCA,Railcars,TOTAL,Total,PT,Portugal,1993,292,
RCA,Railcars,TOTAL,Total,PT,Portugal,1994,308,
RCA,Railcars,TOTAL,Total,PT,Portugal,1995,318,
RCA,Railcars,TOTAL,Total,PT,Portugal,1996,323,
RCA,Railcars,TOTAL,Total,PT,Portugal,1997,322,
RCA,Railcars,TOTAL,Total,PT,Portugal,1998,330,
RCA,Railcars,TOTAL,Total,PT,Portugal,1999,354,
RCA,Railcars,TOTAL,Total,PT,Portugal,2000,351,
RCA,Railcars,TOTAL,Total,PT,Portugal,2001,332,
RCA,Railcars,TOTAL,Total,PT,Portugal,2002,294,
RCA,Railcars,TOTAL,Total,PT,Portugal,2006,285,
RCA,Railcars,TOTAL,Total,PT,Portugal,2007,285,
RCA,Railcars,TOTAL,Total,PT,Portugal,2008,285,
RCA,Railcars,TOTAL,Total,PT,Portugal,2014,257,
RCA,Railcars,TOTAL,Total,PT,Portugal,2015,252,
RCA,Railcars,TOTAL,Total,PT,Portugal,2016,249,
RCA,Railcars,TOTAL,Total,PT,Portugal,2017,249,
RCA,Railcars,TOTAL,Total,PT,Portugal,2018,249,
RCA,Railcars,TOTAL,Total,PT,Portugal,2019,252,
RCA,Railcars,TOTAL,Total,PT,Portugal,2020,251,
RCA,Railcars,TOTAL,Total,PT,Portugal,2021,250,
RCA,Railcars,TOTAL,Total,PT,Portugal,2022,244,
RCA,Railcars,TOTAL,Total,PT,Portugal,2023,244,
RCA,Railcars,TOTAL,Total,PT,Portugal,2024,226,
RCA,Railcars,TOTAL,Total,RO,Romania,1990,141,
RCA,Railcars,TOTAL,Total,RO,Romania,1991,141,
RCA,Railcars,TOTAL,Total,RO,Romania,1992,139,
RCA,Railcars,TOTAL,Total,RO,Romania,1993,139,
RCA,Railcars,TOTAL,Total,RO,Romania,1994,139,
RCA,Railcars,TOTAL,Total,RO,Romania,1995,139,
RCA,Railcars,TOTAL,Total,RO,Romania,1996,138,
RCA,Railcars,TOTAL,Total,RO,Romania,1997,139,
RCA,Railcars,TOTAL,Total,RO,Romania,1998,126,
RCA,Railcars,TOTAL,Total,RO,Romania,1999,117,
RCA,Railcars,TOTAL,Total,RO,Romania,2000,124,
RCA,Railcars,TOTAL,Total,RO,Romania,2001,123,
RCA,Railcars,TOTAL,Total,RO,Romania,2002,131,
RCA,Railcars,TOTAL,Total,RO,Romania,2004,218,
RCA,Railcars,TOTAL,Total,RO,Romania,2005,248,
RCA,Railcars,TOTAL,Total,RO,Romania,2006,279,
RCA,Railcars,TOTAL,Total,RO,Romania,2007,306,
RCA,Railcars,TOTAL,Total,RO,Romania,2008,319,
RCA,Railcars,TOTAL,Total,RO,Romania,2009,322,
RCA,Railcars,TOTAL,Total,RO,Romania,2010,324,
RCA,Railcars,TOTAL,Total,RO,Romania,2011,333,
RCA,Railcars,TOTAL,Total,RO,Romania,2012,332,
RCA,Railcars,TOTAL,Total,RO,Romania,2013,327,
RCA,Railcars,TOTAL,Total,RO,Romania,2014,346,
RCA,Railcars,TOTAL,Total,RO,Romania,2015,300,
RCA,Railcars,TOTAL,Total,RO,Romania,2016,300,
RCA,Railcars,TOTAL,Total,RO,Romania,2017,300,
RCA,Railcars,TOTAL,Total,RO,Romania,2018,311,
RCA,Railcars,TOTAL,Total,RO,Romania,2019,626,b
RCA,Railcars,TOTAL,Total,RO,Romania,2020,574,
RCA,Railcars,TOTAL,Total,RO,Romania,2021,715,
RCA,Railcars,TOTAL,Total,RO,Romania,2022,749,
RCA,Railcars,TOTAL,Total,RO,Romania,2023,779,
RCA,Railcars,TOTAL,Total,RO,Romania,2024,788,
RCA,Railcars,TOTAL,Total,RS,Serbia,2006,79,
RCA,Railcars,TOTAL,Total,RS,Serbia,2007,78,
RCA,Railcars,TOTAL,Total,RS,Serbia,2008,78,
RCA,Railcars,TOTAL,Total,RS,Serbia,2009,78,
RCA,Railcars,TOTAL,Total,RS,Serbia,2010,78,
RCA,Railcars,TOTAL,Total,RS,Serbia,2011,117,
RCA,Railcars,TOTAL,Total,RS,Serbia,2013,151,
RCA,Railcars,TOTAL,Total,RS,Serbia,2014,151,
RCA,Railcars,TOTAL,Total,RS,Serbia,2015,195,
RCA,Railcars,TOTAL,Total,RS,Serbia,2016,245,
RCA,Railcars,TOTAL,Total,RS,Serbia,2017,227,
RCA,Railcars,TOTAL,Total,RS,Serbia,2019,197,
RCA,Railcars,TOTAL,Total,RS,Serbia,2020,196,
RCA,Railcars,TOTAL,Total,RS,Serbia,2021,220,
RCA,Railcars,TOTAL,Total,RS,Serbia,2023,8,
RCA,Railcars,TOTAL,Total,RS,Serbia,2024,8,
RCA,Railcars,TOTAL,Total,SE,Sweden,1990,339,
RCA,Railcars,TOTAL,Total,SE,Sweden,1991,390,
RCA,Railcars,TOTAL,Total,SE,Sweden,1992,402,
RCA,Railcars,TOTAL,Total,SE,Sweden,1993,437,
RCA,Railcars,TOTAL,Total,SE,Sweden,1994,463,
RCA,Railcars,TOTAL,Total,SE,Sweden,1995,461,
RCA,Railcars,TOTAL,Total,SE,Sweden,1996,467,
RCA,Railcars,TOTAL,Total,SE,Sweden,1997,440,
RCA,Railcars,TOTAL,Total,SE,Sweden,1998,432,
RCA,Railcars,TOTAL,Total,SE,Sweden,1999,429,
RCA,Railcars,TOTAL,Total,SE,Sweden,2000,429,
RCA,Railcars,TOTAL,Total,SE,Sweden,2001,517,
RCA,Railcars,TOTAL,Total,SE,Sweden,2002,584,
RCA,Railcars,TOTAL,Total,SE,Sweden,2003,623,
RCA,Railcars,TOTAL,Total,SE,Sweden,2004,620,
RCA,Railcars,TOTAL,Total,SE,Sweden,2005,756,
RCA,Railcars,TOTAL,Total,SE,Sweden,2006,823,
RCA,Railcars,TOTAL,Total,SE,Sweden,2007,1057,
RCA,Railcars,TOTAL,Total,SE,Sweden,2008,1167,
RCA,Railcars,TOTAL,Total,SE,Sweden,2009,1161,
RCA,Railcars,TOTAL,Total,SE,Sweden,2010,1131,
RCA,Railcars,TOTAL,Total,SE,Sweden,2011,1336,
RCA,Railcars,TOTAL,Total,SE,Sweden,2012,1611,
RCA,Railcars,TOTAL,Total,SE,Sweden,2013,1684,
RCA,Railcars,TOTAL,Total,SE,Sweden,2014,1768,
RCA,Railcars,TOTAL,Total,SE,Sweden,2015,1800,
RCA,Railcars,TOTAL,Total,SE,Sweden,2016,1917,
RCA,Railcars,TOTAL,Total,SE,Sweden,2017,2058,
RCA,Railcars,TOTAL,Total,SE,Sweden,2018,2149,
RCA,Railcars,TOTAL,Total,SE,Sweden,2019,2159,
RCA,Railcars,TOTAL,Total,SE,Sweden,2020,2305,
RCA,Railcars,TOTAL,Total,SE,Sweden,2021,2365,
RCA,Railcars,TOTAL,Total,SE,Sweden,2022,2411,
RCA,Railcars,TOTAL,Total,SE,Sweden,2023,2450,
RCA,Railcars,TOTAL,Total,SE,Sweden,2024,2466,
RCA,Railcars,TOTAL,Total,SI,Slovenia,1990,122,
RCA,Railcars,TOTAL,Total,SI,Slovenia,1991,114,
RCA,Railcars,TOTAL,Total,SI,Slovenia,1992,114,
RCA,Railcars,TOTAL,Total,SI,Slovenia,1993,113,
RCA,Railcars,TOTAL,Total,SI,Slovenia,1994,113,
RCA,Railcars,TOTAL,Total,SI,Slovenia,1995,113,
RCA,Railcars,TOTAL,Total,SI,Slovenia,1996,113,
RCA,Railcars,TOTAL,Total,SI,Slovenia,1997,113,
RCA,Railcars,TOTAL,Total,SI,Slovenia,1998,113,
RCA,Railcars,TOTAL,Total,SI,Slovenia,1999,110,
RCA,Railcars,TOTAL,Total,SI,Slovenia,2000,114,
RCA,Railcars,TOTAL,Total,SI,Slovenia,2001,120,
RCA,Railcars,TOTAL,Total,SI,Slovenia,2002,130,
RCA,Railcars,TOTAL,Total,SI,Slovenia,2003,114,
RCA,Railcars,TOTAL,Total,SI,Slovenia,2004,114,
RCA,Railcars,TOTAL,Total,SI,Slovenia,2005,112,
RCA,Railcars,TOTAL,Total,SI,Slovenia,2006,110,
RCA,Railcars,TOTAL,Total,SI,Slovenia,2007,109,
RCA,Railcars,TOTAL,Total,SI,Slovenia,2008,109,
RCA,Railcars,TOTAL,Total,SI,Slovenia,2009,109,
RCA,Railcars,TOTAL,Total,SI,Slovenia,2010,109,
RCA,Railcars,TOTAL,Total,SI,Slovenia,2011,109,
RCA,Railcars,TOTAL,Total,SI,Slovenia,2012,109,
RCA,Railcars,TOTAL,Total,SI,Slovenia,2013,109,
RCA,Railcars,TOTAL,Total,SI,Slovenia,2014,109,
RCA,Railcars,TOTAL,Total,SI,Slovenia,2015,108,
RCA,Railcars,TOTAL,Total,SI,Slovenia,2016,108,
RCA,Railcars,TOTAL,Total,SI,Slovenia,2017,108,
RCA,Railcars,TOTAL,Total,SI,Slovenia,2018,108,
RCA,Railcars,TOTAL,Total,SI,Slovenia,2019,108,
RCA,Railcars,TOTAL,Total,SI,Slovenia,2020,113,
RCA,Railcars,TOTAL,Total,SI,Slovenia,2021,137,
RCA,Railcars,TOTAL,Total,SI,Slovenia,2022,129,
RCA,Railcars,TOTAL,Total,SI,Slovenia,2023,204,
RCA,Railcars,TOTAL,Total,SI,Slovenia,2024,203,
RCA,Railcars,TOTAL,Total,SK,Slovakia,1992,357,
RCA,Railcars,TOTAL,Total,SK,Slovakia,1993,381,
RCA,Railcars,TOTAL,Total,SK,Slovakia,1994,380,
RCA,Railcars,TOTAL,Total,SK,Slovakia,1995,373,
RCA,Railcars,TOTAL,Total,SK,Slovakia,1996,374,
RCA,Railcars,TOTAL,Total,SK,Slovakia,1997,375,
RCA,Railcars,TOTAL,Total,SK,Slovakia,1998,370,
RCA,Railcars,TOTAL,Total,SK,Slovakia,1999,383,
RCA,Railcars,TOTAL,Total,SK,Slovakia,2000,361,
RCA,Railcars,TOTAL,Total,SK,Slovakia,2001,344,
RCA,Railcars,TOTAL,Total,SK,Slovakia,2002,320,
RCA,Railcars,TOTAL,Total,SK,Slovakia,2003,315,
RCA,Railcars,TOTAL,Total,SK,Slovakia,2004,279,
RCA,Railcars,TOTAL,Total,SK,Slovakia,2005,281,
RCA,Railcars,TOTAL,Total,SK,Slovakia,2006,251,
RCA,Railcars,TOTAL,Total,SK,Slovakia,2007,273,
RCA,Railcars,TOTAL,Total,SK,Slovakia,2008,257,
RCA,Railcars,TOTAL,Total,SK,Slovakia,2009,246,
RCA,Railcars,TOTAL,Total,SK,Slovakia,2010,234,
RCA,Railcars,TOTAL,Total,SK,Slovakia,2011,236,
RCA,Railcars,TOTAL,Total,SK,Slovakia,2012,227,
RCA,Railcars,TOTAL,Total,SK,Slovakia,2013,228,
RCA,Railcars,TOTAL,Total,SK,Slovakia,2014,236,
RCA,Railcars,TOTAL,Total,SK,Slovakia,2015,251,
RCA,Railcars,TOTAL,Total,SK,Slovakia,2016,237,
RCA,Railcars,TOTAL,Total,SK,Slovakia,2017,241,
RCA,Railcars,TOTAL,Total,SK,Slovakia,2018,242,
RCA,Railcars,TOTAL,Total,SK,Slovakia,2019,397,
RCA,Railcars,TOTAL,Total,SK,Slovakia,2020,429,
RCA,Railcars,TOTAL,Total,SK,Slovakia,2021,500,
RCA,Railcars,TOTAL,Total,SK,Slovakia,2022,505,
RCA,Railcars,TOTAL,Total,SK,Slovakia,2023,421,i
RCA,Railcars,TOTAL,Total,SK,Slovakia,2024,469,i
RCA,Railcars,TOTAL,Total,TR,Türkiye,1990,122,
RCA,Railcars,TOTAL,Total,TR,Türkiye,1992,138,
RCA,Railcars,TOTAL,Total,TR,Türkiye,1993,157,
RCA,Railcars,TOTAL,Total,TR,Türkiye,1994,167,
RCA,Railcars,TOTAL,Total,TR,Türkiye,1995,158,
RCA,Railcars,TOTAL,Total,TR,Türkiye,1996,154,
RCA,Railcars,TOTAL,Total,TR,Türkiye,1997,157,
RCA,Railcars,TOTAL,Total,TR,Türkiye,1998,150,
RCA,Railcars,TOTAL,Total,TR,Türkiye,1999,147,
RCA,Railcars,TOTAL,Total,TR,Türkiye,2000,147,
RCA,Railcars,TOTAL,Total,TR,Türkiye,2001,142,
RCA,Railcars,TOTAL,Total,TR,Türkiye,2002,140,
RCA,Railcars,TOTAL,Total,TR,Türkiye,2003,137,
RCA,Railcars,TOTAL,Total,TR,Türkiye,2004,136,
RCA,Railcars,TOTAL,Total,TR,Türkiye,2005,135,
RCA,Railcars,TOTAL,Total,TR,Türkiye,2006,130,
RCA,Railcars,TOTAL,Total,TR,Türkiye,2007,127,
RCA,Railcars,TOTAL,Total,TR,Türkiye,2008,127,
RCA,Railcars,TOTAL,Total,TR,Türkiye,2009,135,
RCA,Railcars,TOTAL,Total,TR,Türkiye,2010,154,
RCA,Railcars,TOTAL,Total,TR,Türkiye,2011,157,
RCA,Railcars,TOTAL,Total,TR,Türkiye,2012,175,
RCA,Railcars,TOTAL,Total,TR,Türkiye,2013,202,
RCA,Railcars,TOTAL,Total,TR,Türkiye,2014,209,
RCA,Railcars,TOTAL,Total,TR,Türkiye,2015,211,
RCA,Railcars,TOTAL,Total,TR,Türkiye,2016,217,
RCA,Railcars,TOTAL,Total,TR,Türkiye,2017,203,
RCA,Railcars,TOTAL,Total,TR,Türkiye,2018,276,
RCA,Railcars,TOTAL,Total,TR,Türkiye,2019,110,
RCA,Railcars,TOTAL,Total,TR,Türkiye,2020,211,
RCA,Railcars,TOTAL,Total,TR,Türkiye,2023,604,
RCA,Railcars,TOTAL,Total,TR,Türkiye,2024,608,
RCA,Railcars,TOTAL,Total,UA,Ukraine,1992,2046,
RCA,Railcars,TOTAL,Total,UA,Ukraine,1993,2029,
RCA,Railcars,TOTAL,Total,UA,Ukraine,1994,2047,
RCA,Railcars,TOTAL,Total,UA,Ukraine,1995,2054,
RCA,Railcars,TOTAL,Total,UA,Ukraine,1996,2002,
RCA,Railcars,TOTAL,Total,UA,Ukraine,1997,1898,
RCA,Railcars,TOTAL,Total,UA,Ukraine,1998,1882,
RCA,Railcars,TOTAL,Total,UA,Ukraine,1999,1842,
RCA,Railcars,TOTAL,Total,UA,Ukraine,2000,1829,
RCA,Railcars,TOTAL,Total,UK,United Kingdom,1990,4316,
RCA,Railcars,TOTAL,Total,UK,United Kingdom,1991,4513,
RCA,Railcars,TOTAL,Total,UK,United Kingdom,1992,4244,
RCA,Railcars,TOTAL,Total,UK,United Kingdom,1993,4076,
RCA,Railcars,TOTAL,Total,UK,United Kingdom,1994,3883,
RCA,Railcars,TOTAL,Total,XK,Kosovo*,2017,3,
RCA,Railcars,TOTAL,Total,XK,Kosovo*,2018,3,
RCA,Railcars,TOTAL,Total,XK,Kosovo*,2019,2,
RCA,Railcars,TOTAL,Total,XK,Kosovo*,2020,6,
RCA,Railcars,TOTAL,Total,XK,Kosovo*,2021,6,
