accident,accident_label,geo,geo_label,period,value,flag
COLLIS,"Collisions of trains, including collisions with obstacles within the clearance gauge",AT,Austria,2006,2,
COLLIS,"Collisions of trains, including collisions with obstacles within the clearance gauge",AT,Austria,2007,4,
COLLIS,"Collisions of trains, including collisions with obstacles within the clearance gauge",AT,Austria,2008,3,
COLLIS,"Collisions of trains, including collisions with obstacles within the clearance gauge",AT,Austria,2009,5,
COLLIS,"Collisions of trains, including collisions with obstacles within the clearance gauge",AT,Austria,2010,3,
COLLIS,"Collisions of trains, including collisions with obstacles within the clearance gauge",AT,Austria,2011,2,
COLLIS,"Collisions of trains, including collisions with obstacles within the clearance gauge",AT,Austria,2012,1,
COLLIS,"Collisions of trains, including collisions with obstacles within the clearance gauge",AT,Austria,2013,4,
COLLIS,"Collisions of trains, including collisions with obstacles within the clearance gauge",AT,Austria,2014,1,
COLLIS,"Collisions of trains, including collisions with obstacles within the clearance gauge",AT,Austria,2015,7,
COLLIS,"Collisions of trains, including collisions with obstacles within the clearance gauge",AT,Austria,2016,7,
COLLIS,"Collisions of trains, including collisions with obstacles within the clearance gauge",AT,Austria,2017,7,
COLLIS,"Collisions of trains, including collisions with obstacles within the clearance gauge",AT,Austria,2018,4,
COLLIS,"Collisions of trains, including collisions with obstacles within the clearance gauge",AT,Austria,2019,1,
COLLIS,"Collisions of trains, including collisions with obstacles within the clearance gauge",AT,Austria,2020,2,
COLLIS,"Collisions of trains, including collisions with obstacles within the clearance gauge",AT,Austria,2021,2,
COLLIS,"Collisions of trains, including collisions with obstacles within the clearance gauge",AT,Austria,2022,3,
COLLIS,"Collisions of trains, including collisions with obstacles within the clearance gauge",AT,Austria,2023,7,
COLLIS,"Collisions of trains, including collisions with obstacles within the clearance gauge",AT,Austria,2024,3,
COLLIS,"Collisions of trains, including collisions with obstacles within the clearance gauge",BE,Belgium,2006,84,
COLLIS,"Collisions of trains, including collisions with obstacles within the clearance gauge",BE,Belgium,2007,77,
COLLIS,"Collisions of trains, including collisions with obstacles within the clearance gauge",BE,Belgium,2008,94,
COLLIS,"Collisions of trains, including collisions with obstacles within the clearance gauge",BE,Belgium,2009,34,
COLLIS,"Collisions of trains, including collisions with obstacles within the clearance gauge",BE,Belgium,2010,5,
COLLIS,"Collisions of trains, including collisions with obstacles within the clearance gauge",BE,Belgium,2011,0,
COLLIS,"Collisions of trains, including collisions with obstacles within the clearance gauge",BE,Belgium,2012,3,
COLLIS,"Collisions of trains, including collisions with obstacles within the clearance gauge",BE,Belgium,2013,1,
COLLIS,"Collisions of trains, including collisions with obstacles within the clearance gauge",BE,Belgium,2014,3,
COLLIS,"Collisions of trains, including collisions with obstacles within the clearance gauge",BE,Belgium,2015,0,
COLLIS,"Collisions of trains, including collisions with obstacles within the clearance gauge",BE,Belgium,2016,2,
COLLIS,"Collisions of trains, including collisions with obstacles within the clearance gauge",BE,Belgium,2017,1,
COLLIS,"Collisions of trains, including collisions with obstacles within the clearance gauge",BE,Belgium,2018,0,
COLLIS,"Collisions of trains, including collisions with obstacles within the clearance gauge",BE,Belgium,2019,2,
COLLIS,"Collisions of trains, including collisions with obstacles within the clearance gauge",BE,Belgium,2020,1,
COLLIS,"Collisions of trains, including collisions with obstacles within the clearance gauge",BE,Belgium,2021,1,
COLLIS,"Collisions of trains, including collisions with obstacles within the clearance gauge",BE,Belgium,2022,0,
COLLIS,"Collisions of trains, including collisions with obstacles within the clearance gauge",BE,Belgium,2023,0,
COLLIS,"Collisions of trains, including collisions with obstacles within the clearance gauge",BE,Belgium,2024,1,
COLLIS,"Collisions of trains, including collisions with obstacles within the clearance gauge",BG,Bulgaria,2006,0,
COLLIS,"Collisions of trains, including collisions with obstacles within the clearance gauge",BG,Bulgaria,2007,3,
COLLIS,"Collisions of trains, including collisions with obstacles within the clearance gauge",BG,Bulgaria,2008,3,
COLLIS,"Collisions of trains, including collisions with obstacles within the clearance gauge",BG,Bulgaria,2009,3,
COLLIS,"Collisions of trains, including collisions with obstacles within the clearance gauge",BG,Bulgaria,2010,2,
COLLIS,"Collisions of trains, including collisions with obstacles within the clearance gauge",BG,Bulgaria,2011,0,
COLLIS,"Collisions of trains, including collisions with obstacles within the clearance gauge",BG,Bulgaria,2012,3,
COLLIS,"Collisions of trains, including collisions with obstacles within the clearance gauge",BG,Bulgaria,2013,2,
COLLIS,"Collisions of trains, including collisions with obstacles within the clearance gauge",BG,Bulgaria,2014,4,
COLLIS,"Collisions of trains, including collisions with obstacles within the clearance gauge",BG,Bulgaria,2015,3,
COLLIS,"Collisions of trains, including collisions with obstacles within the clearance gauge",BG,Bulgaria,2016,3,
COLLIS,"Collisions of trains, including collisions with obstacles within the clearance gauge",BG,Bulgaria,2017,1,
COLLIS,"Collisions of trains, including collisions with obstacles within the clearance gauge",BG,Bulgaria,2018,1,
COLLIS,"Collisions of trains, including collisions with obstacles within the clearance gauge",BG,Bulgaria,2019,4,
COLLIS,"Collisions of trains, including collisions with obstacles within the clearance gauge",BG,Bulgaria,2020,1,
COLLIS,"Collisions of trains, including collisions with obstacles within the clearance gauge",BG,Bulgaria,2021,1,
COLLIS,"Collisions of trains, including collisions with obstacles within the clearance gauge",BG,Bulgaria,2022,2,
COLLIS,"Collisions of trains, including collisions with obstacles within the clearance gauge",BG,Bulgaria,2023,0,
COLLIS,"Collisions of trains, including collisions with obstacles within the clearance gauge",BG,Bulgaria,2024,3,
COLLIS,"Collisions of trains, including collisions with obstacles within the clearance gauge",CH,Switzerland,2009,5,
COLLIS,"Collisions of trains, including collisions with obstacles within the clearance gauge",CH,Switzerland,2010,5,
COLLIS,"Collisions of trains, including collisions with obstacles within the clearance gauge",CH,Switzerland,2011,4,
COLLIS,"Collisions of trains, including collisions with obstacles within the clearance gauge",CH,Switzerland,2012,4,
COLLIS,"Collisions of trains, including collisions with obstacles within the clearance gauge",CH,Switzerland,2013,6,
COLLIS,"Collisions of trains, including collisions with obstacles within the clearance gauge",CH,Switzerland,2014,0,
COLLIS,"Collisions of trains, including collisions with obstacles within the clearance gauge",CH,Switzerland,2015,3,
COLLIS,"Collisions of trains, including collisions with obstacles within the clearance gauge",CH,Switzerland,2016,2,
COLLIS,"Collisions of trains, including collisions with obstacles within the clearance gauge",CH,Switzerland,2017,3,
COLLIS,"Collisions of trains, including collisions with obstacles within the clearance gauge",CH,Switzerland,2018,3,
COLLIS,"Collisions of trains, including collisions with obstacles within the clearance gauge",CH,Switzerland,2019,4,
COLLIS,"Collisions of trains, including collisions with obstacles within the clearance gauge",CH,Switzerland,2020,5,
COLLIS,"Collisions of trains, including collisions with obstacles within the clearance gauge",CH,Switzerland,2021,9,
COLLIS,"Collisions of trains, including collisions with obstacles within the clearance gauge",CH,Switzerland,2022,8,
COLLIS,"Collisions of trains, including collisions with obstacles within the clearance gauge",CH,Switzerland,2023,3,
COLLIS,"Collisions of trains, including collisions with obstacles within the clearance gauge",CH,Switzerland,2024,4,
COLLIS,"Collisions of trains, including collisions with obstacles within the clearance gauge",CHUNNEL,Channel Tunnel,2007,0,
COLLIS,"Collisions of trains, including collisions with obstacles within the clearance gauge",CHUNNEL,Channel Tunnel,2008,0,
COLLIS,"Collisions of trains, including collisions with obstacles within the clearance gauge",CHUNNEL,Channel Tunnel,2009,0,
COLLIS,"Collisions of trains, including collisions with obstacles within the clearance gauge",CHUNNEL,Channel Tunnel,2010,0,
COLLIS,"Collisions of trains, including collisions with obstacles within the clearance gauge",CHUNNEL,Channel Tunnel,2011,0,
COLLIS,"Collisions of trains, including collisions with obstacles within the clearance gauge",CHUNNEL,Channel Tunnel,2012,0,
COLLIS,"Collisions of trains, including collisions with obstacles within the clearance gauge",CHUNNEL,Channel Tunnel,2013,0,
COLLIS,"Collisions of trains, including collisions with obstacles within the clearance gauge",CHUNNEL,Channel Tunnel,2014,0,
COLLIS,"Collisions of trains, including collisions with obstacles within the clearance gauge",CHUNNEL,Channel Tunnel,2015,0,
COLLIS,"Collisions of trains, including collisions with obstacles within the clearance gauge",CHUNNEL,Channel Tunnel,2016,0,
COLLIS,"Collisions of trains, including collisions with obstacles within the clearance gauge",CHUNNEL,Channel Tunnel,2017,0,
COLLIS,"Collisions of trains, including collisions with obstacles within the clearance gauge",CHUNNEL,Channel Tunnel,2018,0,
COLLIS,"Collisions of trains, including collisions with obstacles within the clearance gauge",CHUNNEL,Channel Tunnel,2019,0,
COLLIS,"Collisions of trains, including collisions with obstacles within the clearance gauge",CHUNNEL,Channel Tunnel,2020,0,
COLLIS,"Collisions of trains, including collisions with obstacles within the clearance gauge",CHUNNEL,Channel Tunnel,2021,0,
COLLIS,"Collisions of trains, including collisions with obstacles within the clearance gauge",CHUNNEL,Channel Tunnel,2022,0,
COLLIS,"Collisions of trains, including collisions with obstacles within the clearance gauge",CHUNNEL,Channel Tunnel,2023,0,
COLLIS,"Collisions of trains, including collisions with obstacles within the clearance gauge",CHUNNEL,Channel Tunnel,2024,0,
COLLIS,"Collisions of trains, including collisions with obstacles within the clearance gauge",CZ,Czechia,2006,13,
COLLIS,"Collisions of trains, including collisions with obstacles within the clearance gauge",CZ,Czechia,2007,3,
COLLIS,"Collisions of trains, including collisions with obstacles within the clearance gauge",CZ,Czechia,2008,5,
COLLIS,"Collisions of trains, including collisions with obstacles within the clearance gauge",CZ,Czechia,2009,5,
COLLIS,"Collisions of trains, including collisions with obstacles within the clearance gauge",CZ,Czechia,2010,3,
COLLIS,"Collisions of trains, including collisions with obstacles within the clearance gauge",CZ,Czechia,2011,6,
COLLIS,"Collisions of trains, including collisions with obstacles within the clearance gauge",CZ,Czechia,2012,6,
COLLIS,"Collisions of trains, including collisions with obstacles within the clearance gauge",CZ,Czechia,2013,5,
COLLIS,"Collisions of trains, including collisions with obstacles within the clearance gauge",CZ,Czechia,2014,13,
COLLIS,"Collisions of trains, including collisions with obstacles within the clearance gauge",CZ,Czechia,2015,14,
COLLIS,"Collisions of trains, including collisions with obstacles within the clearance gauge",CZ,Czechia,2016,6,
COLLIS,"Collisions of trains, including collisions with obstacles within the clearance gauge",CZ,Czechia,2017,11,
COLLIS,"Collisions of trains, including collisions with obstacles within the clearance gauge",CZ,Czechia,2018,6,
COLLIS,"Collisions of trains, including collisions with obstacles within the clearance gauge",CZ,Czechia,2019,7,
COLLIS,"Collisions of trains, including collisions with obstacles within the clearance gauge",CZ,Czechia,2020,11,
COLLIS,"Collisions of trains, including collisions with obstacles within the clearance gauge",CZ,Czechia,2021,12,
COLLIS,"Collisions of trains, including collisions with obstacles within the clearance gauge",CZ,Czechia,2022,13,
COLLIS,"Collisions of trains, including collisions with obstacles within the clearance gauge",CZ,Czechia,2023,15,
COLLIS,"Collisions of trains, including collisions with obstacles within the clearance gauge",CZ,Czechia,2024,12,
COLLIS,"Collisions of trains, including collisions with obstacles within the clearance gauge",DE,Germany,2006,422,
COLLIS,"Collisions of trains, including collisions with obstacles within the clearance gauge",DE,Germany,2007,15,
COLLIS,"Collisions of trains, including collisions with obstacles within the clearance gauge",DE,Germany,2008,13,
COLLIS,"Collisions of trains, including collisions with obstacles within the clearance gauge",DE,Germany,2009,16,
COLLIS,"Collisions of trains, including collisions with obstacles within the clearance gauge",DE,Germany,2010,13,
COLLIS,"Collisions of trains, including collisions with obstacles within the clearance gauge",DE,Germany,2011,18,
COLLIS,"Collisions of trains, including collisions with obstacles within the clearance gauge",DE,Germany,2012,23,
COLLIS,"Collisions of trains, including collisions with obstacles within the clearance gauge",DE,Germany,2013,29,
COLLIS,"Collisions of trains, including collisions with obstacles within the clearance gauge",DE,Germany,2014,32,
COLLIS,"Collisions of trains, including collisions with obstacles within the clearance gauge",DE,Germany,2015,40,
COLLIS,"Collisions of trains, including collisions with obstacles within the clearance gauge",DE,Germany,2016,29,
COLLIS,"Collisions of trains, including collisions with obstacles within the clearance gauge",DE,Germany,2017,38,
COLLIS,"Collisions of trains, including collisions with obstacles within the clearance gauge",DE,Germany,2018,40,
COLLIS,"Collisions of trains, including collisions with obstacles within the clearance gauge",DE,Germany,2019,33,
COLLIS,"Collisions of trains, including collisions with obstacles within the clearance gauge",DE,Germany,2020,40,
COLLIS,"Collisions of trains, including collisions with obstacles within the clearance gauge",DE,Germany,2021,24,
COLLIS,"Collisions of trains, including collisions with obstacles within the clearance gauge",DE,Germany,2022,44,
COLLIS,"Collisions of trains, including collisions with obstacles within the clearance gauge",DE,Germany,2023,42,
COLLIS,"Collisions of trains, including collisions with obstacles within the clearance gauge",DE,Germany,2024,42,
COLLIS,"Collisions of trains, including collisions with obstacles within the clearance gauge",DK,Denmark,2006,1,
COLLIS,"Collisions of trains, including collisions with obstacles within the clearance gauge",DK,Denmark,2007,0,
COLLIS,"Collisions of trains, including collisions with obstacles within the clearance gauge",DK,Denmark,2008,0,
COLLIS,"Collisions of trains, including collisions with obstacles within the clearance gauge",DK,Denmark,2009,1,
COLLIS,"Collisions of trains, including collisions with obstacles within the clearance gauge",DK,Denmark,2010,0,
COLLIS,"Collisions of trains, including collisions with obstacles within the clearance gauge",DK,Denmark,2011,1,
COLLIS,"Collisions of trains, including collisions with obstacles within the clearance gauge",DK,Denmark,2012,1,
COLLIS,"Collisions of trains, including collisions with obstacles within the clearance gauge",DK,Denmark,2013,0,
COLLIS,"Collisions of trains, including collisions with obstacles within the clearance gauge",DK,Denmark,2014,0,
COLLIS,"Collisions of trains, including collisions with obstacles within the clearance gauge",DK,Denmark,2015,3,
COLLIS,"Collisions of trains, including collisions with obstacles within the clearance gauge",DK,Denmark,2016,3,
COLLIS,"Collisions of trains, including collisions with obstacles within the clearance gauge",DK,Denmark,2017,2,
COLLIS,"Collisions of trains, including collisions with obstacles within the clearance gauge",DK,Denmark,2018,1,
COLLIS,"Collisions of trains, including collisions with obstacles within the clearance gauge",DK,Denmark,2019,2,
COLLIS,"Collisions of trains, including collisions with obstacles within the clearance gauge",DK,Denmark,2020,3,
COLLIS,"Collisions of trains, including collisions with obstacles within the clearance gauge",DK,Denmark,2021,0,
COLLIS,"Collisions of trains, including collisions with obstacles within the clearance gauge",DK,Denmark,2022,0,
COLLIS,"Collisions of trains, including collisions with obstacles within the clearance gauge",DK,Denmark,2023,0,
COLLIS,"Collisions of trains, including collisions with obstacles within the clearance gauge",DK,Denmark,2024,5,
COLLIS,"Collisions of trains, including collisions with obstacles within the clearance gauge",EE,Estonia,2007,0,
COLLIS,"Collisions of trains, including collisions with obstacles within the clearance gauge",EE,Estonia,2008,0,
COLLIS,"Collisions of trains, including collisions with obstacles within the clearance gauge",EE,Estonia,2009,0,
COLLIS,"Collisions of trains, including collisions with obstacles within the clearance gauge",EE,Estonia,2010,1,
COLLIS,"Collisions of trains, including collisions with obstacles within the clearance gauge",EE,Estonia,2011,0,
COLLIS,"Collisions of trains, including collisions with obstacles within the clearance gauge",EE,Estonia,2012,3,
COLLIS,"Collisions of trains, including collisions with obstacles within the clearance gauge",EE,Estonia,2013,0,
COLLIS,"Collisions of trains, including collisions with obstacles within the clearance gauge",EE,Estonia,2014,0,
COLLIS,"Collisions of trains, including collisions with obstacles within the clearance gauge",EE,Estonia,2015,0,
COLLIS,"Collisions of trains, including collisions with obstacles within the clearance gauge",EE,Estonia,2016,3,
COLLIS,"Collisions of trains, including collisions with obstacles within the clearance gauge",EE,Estonia,2017,4,
COLLIS,"Collisions of trains, including collisions with obstacles within the clearance gauge",EE,Estonia,2018,0,
COLLIS,"Collisions of trains, including collisions with obstacles within the clearance gauge",EE,Estonia,2019,0,
COLLIS,"Collisions of trains, including collisions with obstacles within the clearance gauge",EE,Estonia,2020,0,
COLLIS,"Collisions of trains, including collisions with obstacles within the clearance gauge",EE,Estonia,2021,0,
COLLIS,"Collisions of trains, including collisions with obstacles within the clearance gauge",EE,Estonia,2022,1,
COLLIS,"Collisions of trains, including collisions with obstacles within the clearance gauge",EE,Estonia,2023,3,
COLLIS,"Collisions of trains, including collisions with obstacles within the clearance gauge",EE,Estonia,2024,2,
COLLIS,"Collisions of trains, including collisions with obstacles within the clearance gauge",EL,Greece,2006,4,
COLLIS,"Collisions of trains, including collisions with obstacles within the clearance gauge",EL,Greece,2007,3,
COLLIS,"Collisions of trains, including collisions with obstacles within the clearance gauge",EL,Greece,2008,1,
COLLIS,"Collisions of trains, including collisions with obstacles within the clearance gauge",EL,Greece,2009,2,
COLLIS,"Collisions of trains, including collisions with obstacles within the clearance gauge",EL,Greece,2010,4,
COLLIS,"Collisions of trains, including collisions with obstacles within the clearance gauge",EL,Greece,2011,1,
COLLIS,"Collisions of trains, including collisions with obstacles within the clearance gauge",EL,Greece,2012,2,
COLLIS,"Collisions of trains, including collisions with obstacles within the clearance gauge",EL,Greece,2013,2,
COLLIS,"Collisions of trains, including collisions with obstacles within the clearance gauge",EL,Greece,2014,1,
COLLIS,"Collisions of trains, including collisions with obstacles within the clearance gauge",EL,Greece,2015,2,
COLLIS,"Collisions of trains, including collisions with obstacles within the clearance gauge",EL,Greece,2016,1,
COLLIS,"Collisions of trains, including collisions with obstacles within the clearance gauge",EL,Greece,2017,1,
COLLIS,"Collisions of trains, including collisions with obstacles within the clearance gauge",EL,Greece,2018,2,
COLLIS,"Collisions of trains, including collisions with obstacles within the clearance gauge",EL,Greece,2019,1,
COLLIS,"Collisions of trains, including collisions with obstacles within the clearance gauge",EL,Greece,2020,0,
COLLIS,"Collisions of trains, including collisions with obstacles within the clearance gauge",EL,Greece,2021,1,
COLLIS,"Collisions of trains, including collisions with obstacles within the clearance gauge",EL,Greece,2022,3,
COLLIS,"Collisions of trains, including collisions with obstacles within the clearance gauge",EL,Greece,2023,1,
COLLIS,"Collisions of trains, including collisions with obstacles within the clearance gauge",EL,Greece,2024,2,
COLLIS,"Collisions of trains, including collisions with obstacles within the clearance gauge",ES,Spain,2006,4,
COLLIS,"Collisions of trains, including collisions with obstacles within the clearance gauge",ES,Spain,2007,4,
COLLIS,"Collisions of trains, including collisions with obstacles within the clearance gauge",ES,Spain,2008,4,
COLLIS,"Collisions of trains, including collisions with obstacles within the clearance gauge",ES,Spain,2009,1,
COLLIS,"Collisions of trains, including collisions with obstacles within the clearance gauge",ES,Spain,2010,2,
COLLIS,"Collisions of trains, including collisions with obstacles within the clearance gauge",ES,Spain,2011,4,
COLLIS,"Collisions of trains, including collisions with obstacles within the clearance gauge",ES,Spain,2012,3,
COLLIS,"Collisions of trains, including collisions with obstacles within the clearance gauge",ES,Spain,2013,5,
COLLIS,"Collisions of trains, including collisions with obstacles within the clearance gauge",ES,Spain,2014,7,
COLLIS,"Collisions of trains, including collisions with obstacles within the clearance gauge",ES,Spain,2015,3,
COLLIS,"Collisions of trains, including collisions with obstacles within the clearance gauge",ES,Spain,2016,6,
COLLIS,"Collisions of trains, including collisions with obstacles within the clearance gauge",ES,Spain,2017,5,
COLLIS,"Collisions of trains, including collisions with obstacles within the clearance gauge",ES,Spain,2018,14,
COLLIS,"Collisions of trains, including collisions with obstacles within the clearance gauge",ES,Spain,2019,9,
COLLIS,"Collisions of trains, including collisions with obstacles within the clearance gauge",ES,Spain,2020,12,
COLLIS,"Collisions of trains, including collisions with obstacles within the clearance gauge",ES,Spain,2021,10,
COLLIS,"Collisions of trains, including collisions with obstacles within the clearance gauge",ES,Spain,2022,6,
COLLIS,"Collisions of trains, including collisions with obstacles within the clearance gauge",ES,Spain,2023,14,
COLLIS,"Collisions of trains, including collisions with obstacles within the clearance gauge",ES,Spain,2024,18,
COLLIS,"Collisions of trains, including collisions with obstacles within the clearance gauge",EU27_2020,European Union - 27 countries (from 2020),2010,79,
COLLIS,"Collisions of trains, including collisions with obstacles within the clearance gauge",EU27_2020,European Union - 27 countries (from 2020),2011,70,
COLLIS,"Collisions of trains, including collisions with obstacles within the clearance gauge",EU27_2020,European Union - 27 countries (from 2020),2012,87,
COLLIS,"Collisions of trains, including collisions with obstacles within the clearance gauge",EU27_2020,European Union - 27 countries (from 2020),2013,80,
COLLIS,"Collisions of trains, including collisions with obstacles within the clearance gauge",EU27_2020,European Union - 27 countries (from 2020),2014,121,
COLLIS,"Collisions of trains, including collisions with obstacles within the clearance gauge",EU27_2020,European Union - 27 countries (from 2020),2015,123,
COLLIS,"Collisions of trains, including collisions with obstacles within the clearance gauge",EU27_2020,European Union - 27 countries (from 2020),2016,99,
COLLIS,"Collisions of trains, including collisions with obstacles within the clearance gauge",EU27_2020,European Union - 27 countries (from 2020),2017,102,
COLLIS,"Collisions of trains, including collisions with obstacles within the clearance gauge",EU27_2020,European Union - 27 countries (from 2020),2018,109,
COLLIS,"Collisions of trains, including collisions with obstacles within the clearance gauge",EU27_2020,European Union - 27 countries (from 2020),2019,103,
COLLIS,"Collisions of trains, including collisions with obstacles within the clearance gauge",EU27_2020,European Union - 27 countries (from 2020),2020,110,
COLLIS,"Collisions of trains, including collisions with obstacles within the clearance gauge",EU27_2020,European Union - 27 countries (from 2020),2021,97,
COLLIS,"Collisions of trains, including collisions with obstacles within the clearance gauge",EU27_2020,European Union - 27 countries (from 2020),2022,126,
COLLIS,"Collisions of trains, including collisions with obstacles within the clearance gauge",EU27_2020,European Union - 27 countries (from 2020),2023,139,
COLLIS,"Collisions of trains, including collisions with obstacles within the clearance gauge",EU27_2020,European Union - 27 countries (from 2020),2024,148,
COLLIS,"Collisions of trains, including collisions with obstacles within the clearance gauge",FI,Finland,2006,0,
COLLIS,"Collisions of trains, including collisions with obstacles within the clearance gauge",FI,Finland,2007,0,
COLLIS,"Collisions of trains, including collisions with obstacles within the clearance gauge",FI,Finland,2008,0,
COLLIS,"Collisions of trains, including collisions with obstacles within the clearance gauge",FI,Finland,2009,0,
COLLIS,"Collisions of trains, including collisions with obstacles within the clearance gauge",FI,Finland,2010,0,
COLLIS,"Collisions of trains, including collisions with obstacles within the clearance gauge",FI,Finland,2011,2,
COLLIS,"Collisions of trains, including collisions with obstacles within the clearance gauge",FI,Finland,2012,0,
COLLIS,"Collisions of trains, including collisions with obstacles within the clearance gauge",FI,Finland,2013,0,
COLLIS,"Collisions of trains, including collisions with obstacles within the clearance gauge",FI,Finland,2014,1,
COLLIS,"Collisions of trains, including collisions with obstacles within the clearance gauge",FI,Finland,2015,0,
COLLIS,"Collisions of trains, including collisions with obstacles within the clearance gauge",FI,Finland,2016,4,
COLLIS,"Collisions of trains, including collisions with obstacles within the clearance gauge",FI,Finland,2017,0,
COLLIS,"Collisions of trains, including collisions with obstacles within the clearance gauge",FI,Finland,2018,0,
COLLIS,"Collisions of trains, including collisions with obstacles within the clearance gauge",FI,Finland,2019,1,
COLLIS,"Collisions of trains, including collisions with obstacles within the clearance gauge",FI,Finland,2020,0,
COLLIS,"Collisions of trains, including collisions with obstacles within the clearance gauge",FI,Finland,2021,0,
COLLIS,"Collisions of trains, including collisions with obstacles within the clearance gauge",FI,Finland,2022,1,
COLLIS,"Collisions of trains, including collisions with obstacles within the clearance gauge",FI,Finland,2023,5,
COLLIS,"Collisions of trains, including collisions with obstacles within the clearance gauge",FI,Finland,2024,4,
COLLIS,"Collisions of trains, including collisions with obstacles within the clearance gauge",FR,France,2006,48,
COLLIS,"Collisions of trains, including collisions with obstacles within the clearance gauge",FR,France,2007,85,
COLLIS,"Collisions of trains, including collisions with obstacles within the clearance gauge",FR,France,2008,97,
COLLIS,"Collisions of trains, including collisions with obstacles within the clearance gauge",FR,France,2009,7,
COLLIS,"Collisions of trains, including collisions with obstacles within the clearance gauge",FR,France,2010,15,
COLLIS,"Collisions of trains, including collisions with obstacles within the clearance gauge",FR,France,2011,12,
COLLIS,"Collisions of trains, including collisions with obstacles within the clearance gauge",FR,France,2012,17,
COLLIS,"Collisions of trains, including collisions with obstacles within the clearance gauge",FR,France,2013,10,
COLLIS,"Collisions of trains, including collisions with obstacles within the clearance gauge",FR,France,2014,23,
COLLIS,"Collisions of trains, including collisions with obstacles within the clearance gauge",FR,France,2015,27,
COLLIS,"Collisions of trains, including collisions with obstacles within the clearance gauge",FR,France,2016,7,
COLLIS,"Collisions of trains, including collisions with obstacles within the clearance gauge",FR,France,2017,7,
COLLIS,"Collisions of trains, including collisions with obstacles within the clearance gauge",FR,France,2018,10,
COLLIS,"Collisions of trains, including collisions with obstacles within the clearance gauge",FR,France,2019,20,
COLLIS,"Collisions of trains, including collisions with obstacles within the clearance gauge",FR,France,2020,22,
COLLIS,"Collisions of trains, including collisions with obstacles within the clearance gauge",FR,France,2021,24,
COLLIS,"Collisions of trains, including collisions with obstacles within the clearance gauge",FR,France,2022,18,
COLLIS,"Collisions of trains, including collisions with obstacles within the clearance gauge",FR,France,2023,17,
COLLIS,"Collisions of trains, including collisions with obstacles within the clearance gauge",FR,France,2024,22,
COLLIS,"Collisions of trains, including collisions with obstacles within the clearance gauge",HR,Croatia,2010,0,
COLLIS,"Collisions of trains, including collisions with obstacles within the clearance gauge",HR,Croatia,2011,0,
COLLIS,"Collisions of trains, including collisions with obstacles within the clearance gauge",HR,Croatia,2012,1,
COLLIS,"Collisions of trains, including collisions with obstacles within the clearance gauge",HR,Croatia,2013,0,
COLLIS,"Collisions of trains, including collisions with obstacles within the clearance gauge",HR,Croatia,2014,2,
COLLIS,"Collisions of trains, including collisions with obstacles within the clearance gauge",HR,Croatia,2015,0,
COLLIS,"Collisions of trains, including collisions with obstacles within the clearance gauge",HR,Croatia,2016,0,
COLLIS,"Collisions of trains, including collisions with obstacles within the clearance gauge",HR,Croatia,2017,1,
COLLIS,"Collisions of trains, including collisions with obstacles within the clearance gauge",HR,Croatia,2018,0,
COLLIS,"Collisions of trains, including collisions with obstacles within the clearance gauge",HR,Croatia,2019,1,
COLLIS,"Collisions of trains, including collisions with obstacles within the clearance gauge",HR,Croatia,2020,0,
COLLIS,"Collisions of trains, including collisions with obstacles within the clearance gauge",HR,Croatia,2021,1,
COLLIS,"Collisions of trains, including collisions with obstacles within the clearance gauge",HR,Croatia,2022,2,
COLLIS,"Collisions of trains, including collisions with obstacles within the clearance gauge",HR,Croatia,2023,1,
COLLIS,"Collisions of trains, including collisions with obstacles within the clearance gauge",HR,Croatia,2024,0,
COLLIS,"Collisions of trains, including collisions with obstacles within the clearance gauge",HU,Hungary,2006,4,
COLLIS,"Collisions of trains, including collisions with obstacles within the clearance gauge",HU,Hungary,2007,5,
COLLIS,"Collisions of trains, including collisions with obstacles within the clearance gauge",HU,Hungary,2008,1,
COLLIS,"Collisions of trains, including collisions with obstacles within the clearance gauge",HU,Hungary,2009,0,
COLLIS,"Collisions of trains, including collisions with obstacles within the clearance gauge",HU,Hungary,2010,1,
COLLIS,"Collisions of trains, including collisions with obstacles within the clearance gauge",HU,Hungary,2011,0,
COLLIS,"Collisions of trains, including collisions with obstacles within the clearance gauge",HU,Hungary,2012,1,
COLLIS,"Collisions of trains, including collisions with obstacles within the clearance gauge",HU,Hungary,2013,2,
COLLIS,"Collisions of trains, including collisions with obstacles within the clearance gauge",HU,Hungary,2014,0,
COLLIS,"Collisions of trains, including collisions with obstacles within the clearance gauge",HU,Hungary,2015,2,
COLLIS,"Collisions of trains, including collisions with obstacles within the clearance gauge",HU,Hungary,2016,1,
COLLIS,"Collisions of trains, including collisions with obstacles within the clearance gauge",HU,Hungary,2017,5,
COLLIS,"Collisions of trains, including collisions with obstacles within the clearance gauge",HU,Hungary,2018,1,
COLLIS,"Collisions of trains, including collisions with obstacles within the clearance gauge",HU,Hungary,2019,3,
COLLIS,"Collisions of trains, including collisions with obstacles within the clearance gauge",HU,Hungary,2020,1,
COLLIS,"Collisions of trains, including collisions with obstacles within the clearance gauge",HU,Hungary,2021,1,
COLLIS,"Collisions of trains, including collisions with obstacles within the clearance gauge",HU,Hungary,2022,4,
COLLIS,"Collisions of trains, including collisions with obstacles within the clearance gauge",HU,Hungary,2023,4,
COLLIS,"Collisions of trains, including collisions with obstacles within the clearance gauge",HU,Hungary,2024,12,
COLLIS,"Collisions of trains, including collisions with obstacles within the clearance gauge",IE,Ireland,2006,1,
COLLIS,"Collisions of trains, including collisions with obstacles within the clearance gauge",IE,Ireland,2007,0,
COLLIS,"Collisions of trains, including collisions with obstacles within the clearance gauge",IE,Ireland,2008,0,
COLLIS,"Collisions of trains, including collisions with obstacles within the clearance gauge",IE,Ireland,2009,1,
COLLIS,"Collisions of trains, including collisions with obstacles within the clearance gauge",IE,Ireland,2010,0,
COLLIS,"Collisions of trains, including collisions with obstacles within the clearance gauge",IE,Ireland,2011,0,
COLLIS,"Collisions of trains, including collisions with obstacles within the clearance gauge",IE,Ireland,2012,0,
COLLIS,"Collisions of trains, including collisions with obstacles within the clearance gauge",IE,Ireland,2013,1,
COLLIS,"Collisions of trains, including collisions with obstacles within the clearance gauge",IE,Ireland,2014,0,
COLLIS,"Collisions of trains, including collisions with obstacles within the clearance gauge",IE,Ireland,2015,1,
COLLIS,"Collisions of trains, including collisions with obstacles within the clearance gauge",IE,Ireland,2016,0,
COLLIS,"Collisions of trains, including collisions with obstacles within the clearance gauge",IE,Ireland,2017,0,
COLLIS,"Collisions of trains, including collisions with obstacles within the clearance gauge",IE,Ireland,2018,0,
COLLIS,"Collisions of trains, including collisions with obstacles within the clearance gauge",IE,Ireland,2019,0,
COLLIS,"Collisions of trains, including collisions with obstacles within the clearance gauge",IE,Ireland,2020,0,
COLLIS,"Collisions of trains, including collisions with obstacles within the clearance gauge",IE,Ireland,2021,0,
COLLIS,"Collisions of trains, including collisions with obstacles within the clearance gauge",IE,Ireland,2022,0,
COLLIS,"Collisions of trains, including collisions with obstacles within the clearance gauge",IE,Ireland,2023,0,
COLLIS,"Collisions of trains, including collisions with obstacles within the clearance gauge",IE,Ireland,2024,0,
COLLIS,"Collisions of trains, including collisions with obstacles within the clearance gauge",IT,Italy,2006,5,
COLLIS,"Collisions of trains, including collisions with obstacles within the clearance gauge",IT,Italy,2007,4,
COLLIS,"Collisions of trains, including collisions with obstacles within the clearance gauge",IT,Italy,2008,2,
COLLIS,"Collisions of trains, including collisions with obstacles within the clearance gauge",IT,Italy,2009,7,
COLLIS,"Collisions of trains, including collisions with obstacles within the clearance gauge",IT,Italy,2010,2,
COLLIS,"Collisions of trains, including collisions with obstacles within the clearance gauge",IT,Italy,2011,6,
COLLIS,"Collisions of trains, including collisions with obstacles within the clearance gauge",IT,Italy,2012,7,
COLLIS,"Collisions of trains, including collisions with obstacles within the clearance gauge",IT,Italy,2013,4,
COLLIS,"Collisions of trains, including collisions with obstacles within the clearance gauge",IT,Italy,2014,9,
COLLIS,"Collisions of trains, including collisions with obstacles within the clearance gauge",IT,Italy,2015,4,
COLLIS,"Collisions of trains, including collisions with obstacles within the clearance gauge",IT,Italy,2016,4,
COLLIS,"Collisions of trains, including collisions with obstacles within the clearance gauge",IT,Italy,2017,2,
COLLIS,"Collisions of trains, including collisions with obstacles within the clearance gauge",IT,Italy,2018,6,
COLLIS,"Collisions of trains, including collisions with obstacles within the clearance gauge",IT,Italy,2019,4,
COLLIS,"Collisions of trains, including collisions with obstacles within the clearance gauge",IT,Italy,2020,4,
COLLIS,"Collisions of trains, including collisions with obstacles within the clearance gauge",IT,Italy,2021,6,
COLLIS,"Collisions of trains, including collisions with obstacles within the clearance gauge",IT,Italy,2022,6,
COLLIS,"Collisions of trains, including collisions with obstacles within the clearance gauge",IT,Italy,2023,6,
COLLIS,"Collisions of trains, including collisions with obstacles within the clearance gauge",IT,Italy,2024,6,
COLLIS,"Collisions of trains, including collisions with obstacles within the clearance gauge",LT,Lithuania,2006,1,
COLLIS,"Collisions of trains, including collisions with obstacles within the clearance gauge",LT,Lithuania,2007,6,
COLLIS,"Collisions of trains, including collisions with obstacles within the clearance gauge",LT,Lithuania,2008,1,
COLLIS,"Collisions of trains, including collisions with obstacles within the clearance gauge",LT,Lithuania,2009,4,
COLLIS,"Collisions of trains, including collisions with obstacles within the clearance gauge",LT,Lithuania,2010,0,
COLLIS,"Collisions of trains, including collisions with obstacles within the clearance gauge",LT,Lithuania,2011,0,
COLLIS,"Collisions of trains, including collisions with obstacles within the clearance gauge",LT,Lithuania,2012,0,
COLLIS,"Collisions of trains, including collisions with obstacles within the clearance gauge",LT,Lithuania,2013,0,
COLLIS,"Collisions of trains, including collisions with obstacles within the clearance gauge",LT,Lithuania,2014,0,
COLLIS,"Collisions of trains, including collisions with obstacles within the clearance gauge",LT,Lithuania,2015,0,
COLLIS,"Collisions of trains, including collisions with obstacles within the clearance gauge",LT,Lithuania,2016,0,
COLLIS,"Collisions of trains, including collisions with obstacles within the clearance gauge",LT,Lithuania,2017,0,
COLLIS,"Collisions of trains, including collisions with obstacles within the clearance gauge",LT,Lithuania,2018,0,
COLLIS,"Collisions of trains, including collisions with obstacles within the clearance gauge",LT,Lithuania,2019,0,
COLLIS,"Collisions of trains, including collisions with obstacles within the clearance gauge",LT,Lithuania,2020,0,
COLLIS,"Collisions of trains, including collisions with obstacles within the clearance gauge",LT,Lithuania,2021,0,
COLLIS,"Collisions of trains, including collisions with obstacles within the clearance gauge",LT,Lithuania,2022,0,
COLLIS,"Collisions of trains, including collisions with obstacles within the clearance gauge",LT,Lithuania,2023,0,
COLLIS,"Collisions of trains, including collisions with obstacles within the clearance gauge",LT,Lithuania,2024,0,
COLLIS,"Collisions of trains, including collisions with obstacles within the clearance gauge",LU,Luxembourg,2009,0,
COLLIS,"Collisions of trains, including collisions with obstacles within the clearance gauge",LU,Luxembourg,2010,1,
COLLIS,"Collisions of trains, including collisions with obstacles within the clearance gauge",LU,Luxembourg,2011,0,
COLLIS,"Collisions of trains, including collisions with obstacles within the clearance gauge",LU,Luxembourg,2012,0,
COLLIS,"Collisions of trains, including collisions with obstacles within the clearance gauge",LU,Luxembourg,2013,0,
COLLIS,"Collisions of trains, including collisions with obstacles within the clearance gauge",LU,Luxembourg,2014,0,
COLLIS,"Collisions of trains, including collisions with obstacles within the clearance gauge",LU,Luxembourg,2015,0,
COLLIS,"Collisions of trains, including collisions with obstacles within the clearance gauge",LU,Luxembourg,2016,1,
COLLIS,"Collisions of trains, including collisions with obstacles within the clearance gauge",LU,Luxembourg,2017,1,
COLLIS,"Collisions of trains, including collisions with obstacles within the clearance gauge",LU,Luxembourg,2018,0,
COLLIS,"Collisions of trains, including collisions with obstacles within the clearance gauge",LU,Luxembourg,2019,0,
COLLIS,"Collisions of trains, including collisions with obstacles within the clearance gauge",LU,Luxembourg,2020,0,
COLLIS,"Collisions of trains, including collisions with obstacles within the clearance gauge",LU,Luxembourg,2021,0,
COLLIS,"Collisions of trains, including collisions with obstacles within the clearance gauge",LU,Luxembourg,2022,2,
COLLIS,"Collisions of trains, including collisions with obstacles within the clearance gauge",LU,Luxembourg,2023,0,
COLLIS,"Collisions of trains, including collisions with obstacles within the clearance gauge",LU,Luxembourg,2024,1,
COLLIS,"Collisions of trains, including collisions with obstacles within the clearance gauge",LV,Latvia,2006,0,
COLLIS,"Collisions of trains, including collisions with obstacles within the clearance gauge",LV,Latvia,2007,0,
COLLIS,"Collisions of trains, including collisions with obstacles within the clearance gauge",LV,Latvia,2008,1,
COLLIS,"Collisions of trains, including collisions with obstacles within the clearance gauge",LV,Latvia,2009,1,
COLLIS,"Collisions of trains, including collisions with obstacles within the clearance gauge",LV,Latvia,2010,1,
COLLIS,"Collisions of trains, including collisions with obstacles within the clearance gauge",LV,Latvia,2011,0,
COLLIS,"Collisions of trains, including collisions with obstacles within the clearance gauge",LV,Latvia,2012,0,
COLLIS,"Collisions of trains, including collisions with obstacles within the clearance gauge",LV,Latvia,2013,0,
COLLIS,"Collisions of trains, including collisions with obstacles within the clearance gauge",LV,Latvia,2014,0,
COLLIS,"Collisions of trains, including collisions with obstacles within the clearance gauge",LV,Latvia,2015,0,
COLLIS,"Collisions of trains, including collisions with obstacles within the clearance gauge",LV,Latvia,2016,0,
COLLIS,"Collisions of trains, including collisions with obstacles within the clearance gauge",LV,Latvia,2017,0,
COLLIS,"Collisions of trains, including collisions with obstacles within the clearance gauge",LV,Latvia,2018,0,
COLLIS,"Collisions of trains, including collisions with obstacles within the clearance gauge",LV,Latvia,2019,0,
COLLIS,"Collisions of trains, including collisions with obstacles within the clearance gauge",LV,Latvia,2020,0,
COLLIS,"Collisions of trains, including collisions with obstacles within the clearance gauge",LV,Latvia,2021,0,
COLLIS,"Collisions of trains, including collisions with obstacles within the clearance gauge",LV,Latvia,2022,0,
COLLIS,"Collisions of trains, including collisions with obstacles within the clearance gauge",LV,Latvia,2023,0,
COLLIS,"Collisions of trains, including collisions with obstacles within the clearance gauge",LV,Latvia,2024,0,
COLLIS,"Collisions of trains, including collisions with obstacles within the clearance gauge",ME,Montenegro,2013,0,
COLLIS,"Collisions of trains, including collisions with obstacles within the clearance gauge",ME,Montenegro,2014,0,
COLLIS,"Collisions of trains, including collisions with obstacles within the clearance gauge",ME,Montenegro,2015,0,
COLLIS,"Collisions of trains, including collisions with obstacles within the clearance gauge",ME,Montenegro,2016,0,
COLLIS,"Collisions of trains, including collisions with obstacles within the clearance gauge",MK,North Macedonia,2009,1,
COLLIS,"Collisions of trains, including collisions with obstacles within the clearance gauge",MK,North Macedonia,2010,1,
COLLIS,"Collisions of trains, including collisions with obstacles within the clearance gauge",MK,North Macedonia,2011,0,
COLLIS,"Collisions of trains, including collisions with obstacles within the clearance gauge",MK,North Macedonia,2012,0,
COLLIS,"Collisions of trains, including collisions with obstacles within the clearance gauge",MK,North Macedonia,2013,1,
COLLIS,"Collisions of trains, including collisions with obstacles within the clearance gauge",MK,North Macedonia,2014,0,
COLLIS,"Collisions of trains, including collisions with obstacles within the clearance gauge",MK,North Macedonia,2015,1,
COLLIS,"Collisions of trains, including collisions with obstacles within the clearance gauge",MK,North Macedonia,2016,1,
COLLIS,"Collisions of trains, including collisions with obstacles within the clearance gauge",MK,North Macedonia,2017,0,
COLLIS,"Collisions of trains, including collisions with obstacles within the clearance gauge",MK,North Macedonia,2018,0,
COLLIS,"Collisions of trains, including collisions with obstacles within the clearance gauge",NL,Netherlands,2006,4,
COLLIS,"Collisions of trains, including collisions with obstacles within the clearance gauge",NL,Netherlands,2007,4,
COLLIS,"Collisions of trains, including collisions with obstacles within the clearance gauge",NL,Netherlands,2008,2,
COLLIS,"Collisions of trains, including collisions with obstacles within the clearance gauge",NL,Netherlands,2009,2,
COLLIS,"Collisions of trains, including collisions with obstacles within the clearance gauge",NL,Netherlands,2010,5,
COLLIS,"Collisions of trains, including collisions with obstacles within the clearance gauge",NL,Netherlands,2011,4,
COLLIS,"Collisions of trains, including collisions with obstacles within the clearance gauge",NL,Netherlands,2012,3,
COLLIS,"Collisions of trains, including collisions with obstacles within the clearance gauge",NL,Netherlands,2013,3,
COLLIS,"Collisions of trains, including collisions with obstacles within the clearance gauge",NL,Netherlands,2014,3,
COLLIS,"Collisions of trains, including collisions with obstacles within the clearance gauge",NL,Netherlands,2015,8,
COLLIS,"Collisions of trains, including collisions with obstacles within the clearance gauge",NL,Netherlands,2016,7,
COLLIS,"Collisions of trains, including collisions with obstacles within the clearance gauge",NL,Netherlands,2017,2,
COLLIS,"Collisions of trains, including collisions with obstacles within the clearance gauge",NL,Netherlands,2018,7,
COLLIS,"Collisions of trains, including collisions with obstacles within the clearance gauge",NL,Netherlands,2019,2,
COLLIS,"Collisions of trains, including collisions with obstacles within the clearance gauge",NL,Netherlands,2020,3,
COLLIS,"Collisions of trains, including collisions with obstacles within the clearance gauge",NL,Netherlands,2021,4,
COLLIS,"Collisions of trains, including collisions with obstacles within the clearance gauge",NL,Netherlands,2022,10,
COLLIS,"Collisions of trains, including collisions with obstacles within the clearance gauge",NL,Netherlands,2023,5,
COLLIS,"Collisions of trains, including collisions with obstacles within the clearance gauge",NL,Netherlands,2024,1,
COLLIS,"Collisions of trains, including collisions with obstacles within the clearance gauge",NO,Norway,2006,5,
COLLIS,"Collisions of trains, including collisions with obstacles within the clearance gauge",NO,Norway,2007,4,
COLLIS,"Collisions of trains, including collisions with obstacles within the clearance gauge",NO,Norway,2008,7,
COLLIS,"Collisions of trains, including collisions with obstacles within the clearance gauge",NO,Norway,2009,6,
COLLIS,"Collisions of trains, including collisions with obstacles within the clearance gauge",NO,Norway,2010,9,
COLLIS,"Collisions of trains, including collisions with obstacles within the clearance gauge",NO,Norway,2011,15,
COLLIS,"Collisions of trains, including collisions with obstacles within the clearance gauge",NO,Norway,2012,10,
COLLIS,"Collisions of trains, including collisions with obstacles within the clearance gauge",NO,Norway,2013,17,
COLLIS,"Collisions of trains, including collisions with obstacles within the clearance gauge",NO,Norway,2014,13,
COLLIS,"Collisions of trains, including collisions with obstacles within the clearance gauge",NO,Norway,2015,10,
COLLIS,"Collisions of trains, including collisions with obstacles within the clearance gauge",NO,Norway,2016,11,
COLLIS,"Collisions of trains, including collisions with obstacles within the clearance gauge",NO,Norway,2017,10,
COLLIS,"Collisions of trains, including collisions with obstacles within the clearance gauge",NO,Norway,2018,12,
COLLIS,"Collisions of trains, including collisions with obstacles within the clearance gauge",NO,Norway,2019,16,
COLLIS,"Collisions of trains, including collisions with obstacles within the clearance gauge",NO,Norway,2020,12,
COLLIS,"Collisions of trains, including collisions with obstacles within the clearance gauge",NO,Norway,2021,17,
COLLIS,"Collisions of trains, including collisions with obstacles within the clearance gauge",NO,Norway,2022,10,
COLLIS,"Collisions of trains, including collisions with obstacles within the clearance gauge",NO,Norway,2023,24,
COLLIS,"Collisions of trains, including collisions with obstacles within the clearance gauge",NO,Norway,2024,16,
COLLIS,"Collisions of trains, including collisions with obstacles within the clearance gauge",PL,Poland,2006,13,
COLLIS,"Collisions of trains, including collisions with obstacles within the clearance gauge",PL,Poland,2007,6,
COLLIS,"Collisions of trains, including collisions with obstacles within the clearance gauge",PL,Poland,2008,8,
COLLIS,"Collisions of trains, including collisions with obstacles within the clearance gauge",PL,Poland,2009,4,
COLLIS,"Collisions of trains, including collisions with obstacles within the clearance gauge",PL,Poland,2010,4,
COLLIS,"Collisions of trains, including collisions with obstacles within the clearance gauge",PL,Poland,2011,8,
COLLIS,"Collisions of trains, including collisions with obstacles within the clearance gauge",PL,Poland,2012,6,
COLLIS,"Collisions of trains, including collisions with obstacles within the clearance gauge",PL,Poland,2013,6,
COLLIS,"Collisions of trains, including collisions with obstacles within the clearance gauge",PL,Poland,2014,6,
COLLIS,"Collisions of trains, including collisions with obstacles within the clearance gauge",PL,Poland,2015,3,
COLLIS,"Collisions of trains, including collisions with obstacles within the clearance gauge",PL,Poland,2016,5,
COLLIS,"Collisions of trains, including collisions with obstacles within the clearance gauge",PL,Poland,2017,10,
COLLIS,"Collisions of trains, including collisions with obstacles within the clearance gauge",PL,Poland,2018,4,
COLLIS,"Collisions of trains, including collisions with obstacles within the clearance gauge",PL,Poland,2019,3,
COLLIS,"Collisions of trains, including collisions with obstacles within the clearance gauge",PL,Poland,2020,2,
COLLIS,"Collisions of trains, including collisions with obstacles within the clearance gauge",PL,Poland,2021,1,
COLLIS,"Collisions of trains, including collisions with obstacles within the clearance gauge",PL,Poland,2022,1,
COLLIS,"Collisions of trains, including collisions with obstacles within the clearance gauge",PL,Poland,2023,4,
COLLIS,"Collisions of trains, including collisions with obstacles within the clearance gauge",PL,Poland,2024,3,
COLLIS,"Collisions of trains, including collisions with obstacles within the clearance gauge",PT,Portugal,2006,3,
COLLIS,"Collisions of trains, including collisions with obstacles within the clearance gauge",PT,Portugal,2007,3,
COLLIS,"Collisions of trains, including collisions with obstacles within the clearance gauge",PT,Portugal,2008,0,
COLLIS,"Collisions of trains, including collisions with obstacles within the clearance gauge",PT,Portugal,2009,0,
COLLIS,"Collisions of trains, including collisions with obstacles within the clearance gauge",PT,Portugal,2010,2,
COLLIS,"Collisions of trains, including collisions with obstacles within the clearance gauge",PT,Portugal,2011,1,
COLLIS,"Collisions of trains, including collisions with obstacles within the clearance gauge",PT,Portugal,2012,1,
COLLIS,"Collisions of trains, including collisions with obstacles within the clearance gauge",PT,Portugal,2013,1,
COLLIS,"Collisions of trains, including collisions with obstacles within the clearance gauge",PT,Portugal,2014,7,
COLLIS,"Collisions of trains, including collisions with obstacles within the clearance gauge",PT,Portugal,2015,1,
COLLIS,"Collisions of trains, including collisions with obstacles within the clearance gauge",PT,Portugal,2016,4,
COLLIS,"Collisions of trains, including collisions with obstacles within the clearance gauge",PT,Portugal,2017,0,
COLLIS,"Collisions of trains, including collisions with obstacles within the clearance gauge",PT,Portugal,2018,6,
COLLIS,"Collisions of trains, including collisions with obstacles within the clearance gauge",PT,Portugal,2019,3,
COLLIS,"Collisions of trains, including collisions with obstacles within the clearance gauge",PT,Portugal,2020,4,
COLLIS,"Collisions of trains, including collisions with obstacles within the clearance gauge",PT,Portugal,2021,5,
COLLIS,"Collisions of trains, including collisions with obstacles within the clearance gauge",PT,Portugal,2022,3,
COLLIS,"Collisions of trains, including collisions with obstacles within the clearance gauge",PT,Portugal,2023,3,
COLLIS,"Collisions of trains, including collisions with obstacles within the clearance gauge",PT,Portugal,2024,5,
COLLIS,"Collisions of trains, including collisions with obstacles within the clearance gauge",RO,Romania,2006,2,
COLLIS,"Collisions of trains, including collisions with obstacles within the clearance gauge",RO,Romania,2007,0,
COLLIS,"Collisions of trains, including collisions with obstacles within the clearance gauge",RO,Romania,2008,0,
COLLIS,"Collisions of trains, including collisions with obstacles within the clearance gauge",RO,Romania,2009,2,
COLLIS,"Collisions of trains, including collisions with obstacles within the clearance gauge",RO,Romania,2010,10,
COLLIS,"Collisions of trains, including collisions with obstacles within the clearance gauge",RO,Romania,2011,1,
COLLIS,"Collisions of trains, including collisions with obstacles within the clearance gauge",RO,Romania,2012,0,
COLLIS,"Collisions of trains, including collisions with obstacles within the clearance gauge",RO,Romania,2013,1,
COLLIS,"Collisions of trains, including collisions with obstacles within the clearance gauge",RO,Romania,2014,1,
COLLIS,"Collisions of trains, including collisions with obstacles within the clearance gauge",RO,Romania,2015,1,
COLLIS,"Collisions of trains, including collisions with obstacles within the clearance gauge",RO,Romania,2016,1,
COLLIS,"Collisions of trains, including collisions with obstacles within the clearance gauge",RO,Romania,2017,0,
COLLIS,"Collisions of trains, including collisions with obstacles within the clearance gauge",RO,Romania,2018,0,
COLLIS,"Collisions of trains, including collisions with obstacles within the clearance gauge",RO,Romania,2019,1,
COLLIS,"Collisions of trains, including collisions with obstacles within the clearance gauge",RO,Romania,2020,0,
COLLIS,"Collisions of trains, including collisions with obstacles within the clearance gauge",RO,Romania,2021,1,
COLLIS,"Collisions of trains, including collisions with obstacles within the clearance gauge",RO,Romania,2022,0,
COLLIS,"Collisions of trains, including collisions with obstacles within the clearance gauge",RO,Romania,2023,3,
COLLIS,"Collisions of trains, including collisions with obstacles within the clearance gauge",RO,Romania,2024,0,
COLLIS,"Collisions of trains, including collisions with obstacles within the clearance gauge",SE,Sweden,2006,3,
COLLIS,"Collisions of trains, including collisions with obstacles within the clearance gauge",SE,Sweden,2007,1,
COLLIS,"Collisions of trains, including collisions with obstacles within the clearance gauge",SE,Sweden,2008,4,
COLLIS,"Collisions of trains, including collisions with obstacles within the clearance gauge",SE,Sweden,2009,1,
COLLIS,"Collisions of trains, including collisions with obstacles within the clearance gauge",SE,Sweden,2010,3,
COLLIS,"Collisions of trains, including collisions with obstacles within the clearance gauge",SE,Sweden,2011,2,
COLLIS,"Collisions of trains, including collisions with obstacles within the clearance gauge",SE,Sweden,2012,4,
COLLIS,"Collisions of trains, including collisions with obstacles within the clearance gauge",SE,Sweden,2013,2,
COLLIS,"Collisions of trains, including collisions with obstacles within the clearance gauge",SE,Sweden,2014,4,
COLLIS,"Collisions of trains, including collisions with obstacles within the clearance gauge",SE,Sweden,2015,3,
COLLIS,"Collisions of trains, including collisions with obstacles within the clearance gauge",SE,Sweden,2016,2,
COLLIS,"Collisions of trains, including collisions with obstacles within the clearance gauge",SE,Sweden,2017,2,
COLLIS,"Collisions of trains, including collisions with obstacles within the clearance gauge",SE,Sweden,2018,5,
COLLIS,"Collisions of trains, including collisions with obstacles within the clearance gauge",SE,Sweden,2019,4,
COLLIS,"Collisions of trains, including collisions with obstacles within the clearance gauge",SE,Sweden,2020,4,
COLLIS,"Collisions of trains, including collisions with obstacles within the clearance gauge",SE,Sweden,2021,3,
COLLIS,"Collisions of trains, including collisions with obstacles within the clearance gauge",SE,Sweden,2022,5,
COLLIS,"Collisions of trains, including collisions with obstacles within the clearance gauge",SE,Sweden,2023,6,
COLLIS,"Collisions of trains, including collisions with obstacles within the clearance gauge",SE,Sweden,2024,5,
COLLIS,"Collisions of trains, including collisions with obstacles within the clearance gauge",SI,Slovenia,2007,0,
COLLIS,"Collisions of trains, including collisions with obstacles within the clearance gauge",SI,Slovenia,2008,4,
COLLIS,"Collisions of trains, including collisions with obstacles within the clearance gauge",SI,Slovenia,2009,1,
COLLIS,"Collisions of trains, including collisions with obstacles within the clearance gauge",SI,Slovenia,2010,0,
COLLIS,"Collisions of trains, including collisions with obstacles within the clearance gauge",SI,Slovenia,2011,1,
COLLIS,"Collisions of trains, including collisions with obstacles within the clearance gauge",SI,Slovenia,2012,1,
COLLIS,"Collisions of trains, including collisions with obstacles within the clearance gauge",SI,Slovenia,2013,0,
COLLIS,"Collisions of trains, including collisions with obstacles within the clearance gauge",SI,Slovenia,2014,4,
COLLIS,"Collisions of trains, including collisions with obstacles within the clearance gauge",SI,Slovenia,2015,1,
COLLIS,"Collisions of trains, including collisions with obstacles within the clearance gauge",SI,Slovenia,2016,1,
COLLIS,"Collisions of trains, including collisions with obstacles within the clearance gauge",SI,Slovenia,2017,1,
COLLIS,"Collisions of trains, including collisions with obstacles within the clearance gauge",SI,Slovenia,2018,0,
COLLIS,"Collisions of trains, including collisions with obstacles within the clearance gauge",SI,Slovenia,2019,0,
COLLIS,"Collisions of trains, including collisions with obstacles within the clearance gauge",SI,Slovenia,2020,0,
COLLIS,"Collisions of trains, including collisions with obstacles within the clearance gauge",SI,Slovenia,2021,0,
COLLIS,"Collisions of trains, including collisions with obstacles within the clearance gauge",SI,Slovenia,2022,1,
COLLIS,"Collisions of trains, including collisions with obstacles within the clearance gauge",SI,Slovenia,2023,0,
COLLIS,"Collisions of trains, including collisions with obstacles within the clearance gauge",SI,Slovenia,2024,0,
COLLIS,"Collisions of trains, including collisions with obstacles within the clearance gauge",SK,Slovakia,2006,7,
COLLIS,"Collisions of trains, including collisions with obstacles within the clearance gauge",SK,Slovakia,2007,14,
COLLIS,"Collisions of trains, including collisions with obstacles within the clearance gauge",SK,Slovakia,2008,12,
COLLIS,"Collisions of trains, including collisions with obstacles within the clearance gauge",SK,Slovakia,2009,6,
COLLIS,"Collisions of trains, including collisions with obstacles within the clearance gauge",SK,Slovakia,2010,2,
COLLIS,"Collisions of trains, including collisions with obstacles within the clearance gauge",SK,Slovakia,2011,1,
COLLIS,"Collisions of trains, including collisions with obstacles within the clearance gauge",SK,Slovakia,2012,1,
COLLIS,"Collisions of trains, including collisions with obstacles within the clearance gauge",SK,Slovakia,2013,2,
COLLIS,"Collisions of trains, including collisions with obstacles within the clearance gauge",SK,Slovakia,2014,0,
COLLIS,"Collisions of trains, including collisions with obstacles within the clearance gauge",SK,Slovakia,2015,0,
COLLIS,"Collisions of trains, including collisions with obstacles within the clearance gauge",SK,Slovakia,2016,2,
COLLIS,"Collisions of trains, including collisions with obstacles within the clearance gauge",SK,Slovakia,2017,1,
COLLIS,"Collisions of trains, including collisions with obstacles within the clearance gauge",SK,Slovakia,2018,2,
COLLIS,"Collisions of trains, including collisions with obstacles within the clearance gauge",SK,Slovakia,2019,2,
COLLIS,"Collisions of trains, including collisions with obstacles within the clearance gauge",SK,Slovakia,2020,0,
COLLIS,"Collisions of trains, including collisions with obstacles within the clearance gauge",SK,Slovakia,2021,0,
COLLIS,"Collisions of trains, including collisions with obstacles within the clearance gauge",SK,Slovakia,2022,1,
COLLIS,"Collisions of trains, including collisions with obstacles within the clearance gauge",SK,Slovakia,2023,3,
COLLIS,"Collisions of trains, including collisions with obstacles within the clearance gauge",SK,Slovakia,2024,1,
COLLIS,"Collisions of trains, including collisions with obstacles within the clearance gauge",TR,Türkiye,2006,11,
COLLIS,"Collisions of trains, including collisions with obstacles within the clearance gauge",TR,Türkiye,2007,7,
COLLIS,"Collisions of trains, including collisions with obstacles within the clearance gauge",TR,Türkiye,2008,16,
COLLIS,"Collisions of trains, including collisions with obstacles within the clearance gauge",TR,Türkiye,2009,5,
COLLIS,"Collisions of trains, including collisions with obstacles within the clearance gauge",TR,Türkiye,2010,8,
COLLIS,"Collisions of trains, including collisions with obstacles within the clearance gauge",TR,Türkiye,2011,8,
COLLIS,"Collisions of trains, including collisions with obstacles within the clearance gauge",TR,Türkiye,2012,4,
COLLIS,"Collisions of trains, including collisions with obstacles within the clearance gauge",TR,Türkiye,2013,2,
COLLIS,"Collisions of trains, including collisions with obstacles within the clearance gauge",TR,Türkiye,2014,2,
COLLIS,"Collisions of trains, including collisions with obstacles within the clearance gauge",TR,Türkiye,2015,4,
COLLIS,"Collisions of trains, including collisions with obstacles within the clearance gauge",TR,Türkiye,2016,6,
COLLIS,"Collisions of trains, including collisions with obstacles within the clearance gauge",TR,Türkiye,2017,2,
COLLIS,"Collisions of trains, including collisions with obstacles within the clearance gauge",TR,Türkiye,2018,4,
COLLIS,"Collisions of trains, including collisions with obstacles within the clearance gauge",TR,Türkiye,2020,9,
COLLIS,"Collisions of trains, including collisions with obstacles within the clearance gauge",TR,Türkiye,2021,10,
COLLIS,"Collisions of trains, including collisions with obstacles within the clearance gauge",TR,Türkiye,2022,1,
COLLIS,"Collisions of trains, including collisions with obstacles within the clearance gauge",TR,Türkiye,2023,3,
COLLIS,"Collisions of trains, including collisions with obstacles within the clearance gauge",TR,Türkiye,2024,5,
COLLIS,"Collisions of trains, including collisions with obstacles within the clearance gauge",UK,United Kingdom,2006,4,
COLLIS,"Collisions of trains, including collisions with obstacles within the clearance gauge",UK,United Kingdom,2007,12,
COLLIS,"Collisions of trains, including collisions with obstacles within the clearance gauge",UK,United Kingdom,2008,8,
COLLIS,"Collisions of trains, including collisions with obstacles within the clearance gauge",UK,United Kingdom,2009,17,
COLLIS,"Collisions of trains, including collisions with obstacles within the clearance gauge",UK,United Kingdom,2010,8,
COLLIS,"Collisions of trains, including collisions with obstacles within the clearance gauge",UK,United Kingdom,2011,3,
COLLIS,"Collisions of trains, including collisions with obstacles within the clearance gauge",UK,United Kingdom,2012,10,
COLLIS,"Collisions of trains, including collisions with obstacles within the clearance gauge",UK,United Kingdom,2013,21,
COLLIS,"Collisions of trains, including collisions with obstacles within the clearance gauge",UK,United Kingdom,2014,3,
COLLIS,"Collisions of trains, including collisions with obstacles within the clearance gauge",UK,United Kingdom,2015,1,
COLLIS,"Collisions of trains, including collisions with obstacles within the clearance gauge",UK,United Kingdom,2016,5,
COLLIS,"Collisions of trains, including collisions with obstacles within the clearance gauge",UK,United Kingdom,2017,12,
COLLIS,"Collisions of trains, including collisions with obstacles within the clearance gauge",UK,United Kingdom,2018,11,
COLLIS,"Collisions of trains, including collisions with obstacles within the clearance gauge",UK,United Kingdom,2019,10,
COLLIS,"Collisions of trains, including collisions with obstacles within the clearance gauge",UK,United Kingdom,2020,3,
DERAIL,Derailments of trains,AT,Austria,2006,1,
DERAIL,Derailments of trains,AT,Austria,2007,3,
DERAIL,Derailments of trains,AT,Austria,2008,7,
DERAIL,Derailments of trains,AT,Austria,2009,1,
DERAIL,Derailments of trains,AT,Austria,2010,2,
DERAIL,Derailments of trains,AT,Austria,2011,2,
DERAIL,Derailments of trains,AT,Austria,2012,2,
DERAIL,Derailments of trains,AT,Austria,2013,1,
DERAIL,Derailments of trains,AT,Austria,2014,2,
DERAIL,Derailments of trains,AT,Austria,2015,5,
DERAIL,Derailments of trains,AT,Austria,2016,5,
DERAIL,Derailments of trains,AT,Austria,2017,5,
DERAIL,Derailments of trains,AT,Austria,2018,1,
DERAIL,Derailments of trains,AT,Austria,2019,3,
DERAIL,Derailments of trains,AT,Austria,2020,2,
DERAIL,Derailments of trains,AT,Austria,2021,0,
DERAIL,Derailments of trains,AT,Austria,2022,4,
DERAIL,Derailments of trains,AT,Austria,2023,4,
DERAIL,Derailments of trains,AT,Austria,2024,6,
DERAIL,Derailments of trains,BE,Belgium,2006,7,
DERAIL,Derailments of trains,BE,Belgium,2007,17,
DERAIL,Derailments of trains,BE,Belgium,2008,21,
DERAIL,Derailments of trains,BE,Belgium,2009,41,
DERAIL,Derailments of trains,BE,Belgium,2010,2,
DERAIL,Derailments of trains,BE,Belgium,2011,3,
DERAIL,Derailments of trains,BE,Belgium,2012,2,
DERAIL,Derailments of trains,BE,Belgium,2013,4,
DERAIL,Derailments of trains,BE,Belgium,2014,0,
DERAIL,Derailments of trains,BE,Belgium,2015,1,
DERAIL,Derailments of trains,BE,Belgium,2016,0,
DERAIL,Derailments of trains,BE,Belgium,2017,2,
DERAIL,Derailments of trains,BE,Belgium,2018,2,
DERAIL,Derailments of trains,BE,Belgium,2019,1,
DERAIL,Derailments of trains,BE,Belgium,2020,1,
DERAIL,Derailments of trains,BE,Belgium,2021,1,
DERAIL,Derailments of trains,BE,Belgium,2022,1,
DERAIL,Derailments of trains,BE,Belgium,2023,1,
DERAIL,Derailments of trains,BE,Belgium,2024,0,
DERAIL,Derailments of trains,BG,Bulgaria,2006,2,
DERAIL,Derailments of trains,BG,Bulgaria,2007,1,
DERAIL,Derailments of trains,BG,Bulgaria,2008,0,
DERAIL,Derailments of trains,BG,Bulgaria,2009,0,
DERAIL,Derailments of trains,BG,Bulgaria,2010,1,
DERAIL,Derailments of trains,BG,Bulgaria,2011,1,
DERAIL,Derailments of trains,BG,Bulgaria,2012,3,
DERAIL,Derailments of trains,BG,Bulgaria,2013,2,
DERAIL,Derailments of trains,BG,Bulgaria,2014,6,
DERAIL,Derailments of trains,BG,Bulgaria,2015,6,
DERAIL,Derailments of trains,BG,Bulgaria,2016,6,
DERAIL,Derailments of trains,BG,Bulgaria,2017,5,
DERAIL,Derailments of trains,BG,Bulgaria,2018,1,
DERAIL,Derailments of trains,BG,Bulgaria,2019,4,
DERAIL,Derailments of trains,BG,Bulgaria,2020,2,
DERAIL,Derailments of trains,BG,Bulgaria,2021,6,
DERAIL,Derailments of trains,BG,Bulgaria,2022,2,
DERAIL,Derailments of trains,BG,Bulgaria,2023,1,
DERAIL,Derailments of trains,BG,Bulgaria,2024,3,
DERAIL,Derailments of trains,CH,Switzerland,2009,0,
DERAIL,Derailments of trains,CH,Switzerland,2010,1,
DERAIL,Derailments of trains,CH,Switzerland,2011,1,
DERAIL,Derailments of trains,CH,Switzerland,2012,1,
DERAIL,Derailments of trains,CH,Switzerland,2013,3,
DERAIL,Derailments of trains,CH,Switzerland,2014,1,
DERAIL,Derailments of trains,CH,Switzerland,2015,1,
DERAIL,Derailments of trains,CH,Switzerland,2016,0,
DERAIL,Derailments of trains,CH,Switzerland,2017,3,
DERAIL,Derailments of trains,CH,Switzerland,2018,3,
DERAIL,Derailments of trains,CH,Switzerland,2019,3,
DERAIL,Derailments of trains,CH,Switzerland,2020,0,
DERAIL,Derailments of trains,CH,Switzerland,2021,0,
DERAIL,Derailments of trains,CH,Switzerland,2022,1,
DERAIL,Derailments of trains,CH,Switzerland,2023,1,
DERAIL,Derailments of trains,CH,Switzerland,2024,3,
DERAIL,Derailments of trains,CHUNNEL,Channel Tunnel,2007,0,
DERAIL,Derailments of trains,CHUNNEL,Channel Tunnel,2008,0,
DERAIL,Derailments of trains,CHUNNEL,Channel Tunnel,2009,0,
DERAIL,Derailments of trains,CHUNNEL,Channel Tunnel,2010,0,
DERAIL,Derailments of trains,CHUNNEL,Channel Tunnel,2011,0,
DERAIL,Derailments of trains,CHUNNEL,Channel Tunnel,2012,0,
DERAIL,Derailments of trains,CHUNNEL,Channel Tunnel,2013,0,
DERAIL,Derailments of trains,CHUNNEL,Channel Tunnel,2014,0,
DERAIL,Derailments of trains,CHUNNEL,Channel Tunnel,2015,0,
DERAIL,Derailments of trains,CHUNNEL,Channel Tunnel,2016,0,
DERAIL,Derailments of trains,CHUNNEL,Channel Tunnel,2017,0,
DERAIL,Derailments of trains,CHUNNEL,Channel Tunnel,2018,0,
DERAIL,Derailments of trains,CHUNNEL,Channel Tunnel,2019,0,
DERAIL,Derailments of trains,CHUNNEL,Channel Tunnel,2020,0,
DERAIL,Derailments of trains,CHUNNEL,Channel Tunnel,2021,0,
DERAIL,Derailments of trains,CHUNNEL,Channel Tunnel,2022,1,
DERAIL,Derailments of trains,CHUNNEL,Channel Tunnel,2023,0,
DERAIL,Derailments of trains,CHUNNEL,Channel Tunnel,2024,0,
DERAIL,Derailments of trains,CZ,Czechia,2006,10,
DERAIL,Derailments of trains,CZ,Czechia,2007,3,
DERAIL,Derailments of trains,CZ,Czechia,2008,2,
DERAIL,Derailments of trains,CZ,Czechia,2009,3,
DERAIL,Derailments of trains,CZ,Czechia,2010,3,
DERAIL,Derailments of trains,CZ,Czechia,2011,5,
DERAIL,Derailments of trains,CZ,Czechia,2012,6,
DERAIL,Derailments of trains,CZ,Czechia,2013,7,
DERAIL,Derailments of trains,CZ,Czechia,2014,9,
DERAIL,Derailments of trains,CZ,Czechia,2015,5,
DERAIL,Derailments of trains,CZ,Czechia,2016,2,
DERAIL,Derailments of trains,CZ,Czechia,2017,2,
DERAIL,Derailments of trains,CZ,Czechia,2018,5,
DERAIL,Derailments of trains,CZ,Czechia,2019,5,
DERAIL,Derailments of trains,CZ,Czechia,2020,5,
DERAIL,Derailments of trains,CZ,Czechia,2021,2,
DERAIL,Derailments of trains,CZ,Czechia,2022,2,
DERAIL,Derailments of trains,CZ,Czechia,2023,0,
DERAIL,Derailments of trains,CZ,Czechia,2024,0,
DERAIL,Derailments of trains,DE,Germany,2006,52,
DERAIL,Derailments of trains,DE,Germany,2007,7,
DERAIL,Derailments of trains,DE,Germany,2008,12,
DERAIL,Derailments of trains,DE,Germany,2009,7,
DERAIL,Derailments of trains,DE,Germany,2010,19,
DERAIL,Derailments of trains,DE,Germany,2011,14,
DERAIL,Derailments of trains,DE,Germany,2012,11,
DERAIL,Derailments of trains,DE,Germany,2013,16,
DERAIL,Derailments of trains,DE,Germany,2014,9,
DERAIL,Derailments of trains,DE,Germany,2015,9,
DERAIL,Derailments of trains,DE,Germany,2016,3,
DERAIL,Derailments of trains,DE,Germany,2017,8,
DERAIL,Derailments of trains,DE,Germany,2018,7,
DERAIL,Derailments of trains,DE,Germany,2019,4,
DERAIL,Derailments of trains,DE,Germany,2020,11,
DERAIL,Derailments of trains,DE,Germany,2021,6,
DERAIL,Derailments of trains,DE,Germany,2022,7,
DERAIL,Derailments of trains,DE,Germany,2023,3,
DERAIL,Derailments of trains,DE,Germany,2024,6,
DERAIL,Derailments of trains,DK,Denmark,2006,0,
DERAIL,Derailments of trains,DK,Denmark,2007,0,
DERAIL,Derailments of trains,DK,Denmark,2008,0,
DERAIL,Derailments of trains,DK,Denmark,2009,0,
DERAIL,Derailments of trains,DK,Denmark,2010,1,
DERAIL,Derailments of trains,DK,Denmark,2011,1,
DERAIL,Derailments of trains,DK,Denmark,2012,1,
DERAIL,Derailments of trains,DK,Denmark,2013,0,
DERAIL,Derailments of trains,DK,Denmark,2014,1,
DERAIL,Derailments of trains,DK,Denmark,2015,0,
DERAIL,Derailments of trains,DK,Denmark,2016,0,
DERAIL,Derailments of trains,DK,Denmark,2017,0,
DERAIL,Derailments of trains,DK,Denmark,2018,0,
DERAIL,Derailments of trains,DK,Denmark,2019,0,
DERAIL,Derailments of trains,DK,Denmark,2020,0,
DERAIL,Derailments of trains,DK,Denmark,2021,2,
DERAIL,Derailments of trains,DK,Denmark,2022,2,
DERAIL,Derailments of trains,DK,Denmark,2023,0,
DERAIL,Derailments of trains,DK,Denmark,2024,0,
DERAIL,Derailments of trains,EE,Estonia,2007,1,
DERAIL,Derailments of trains,EE,Estonia,2008,2,
DERAIL,Derailments of trains,EE,Estonia,2009,0,
DERAIL,Derailments of trains,EE,Estonia,2010,0,
DERAIL,Derailments of trains,EE,Estonia,2011,0,
DERAIL,Derailments of trains,EE,Estonia,2012,1,
DERAIL,Derailments of trains,EE,Estonia,2013,0,
DERAIL,Derailments of trains,EE,Estonia,2014,0,
DERAIL,Derailments of trains,EE,Estonia,2015,0,
DERAIL,Derailments of trains,EE,Estonia,2016,0,
DERAIL,Derailments of trains,EE,Estonia,2017,0,
DERAIL,Derailments of trains,EE,Estonia,2018,0,
DERAIL,Derailments of trains,EE,Estonia,2019,0,
DERAIL,Derailments of trains,EE,Estonia,2020,1,
DERAIL,Derailments of trains,EE,Estonia,2021,0,
DERAIL,Derailments of trains,EE,Estonia,2022,0,
DERAIL,Derailments of trains,EE,Estonia,2023,0,
DERAIL,Derailments of trains,EE,Estonia,2024,0,
DERAIL,Derailments of trains,EL,Greece,2006,4,
DERAIL,Derailments of trains,EL,Greece,2007,8,
DERAIL,Derailments of trains,EL,Greece,2008,2,
DERAIL,Derailments of trains,EL,Greece,2009,2,
DERAIL,Derailments of trains,EL,Greece,2010,2,
DERAIL,Derailments of trains,EL,Greece,2011,0,
DERAIL,Derailments of trains,EL,Greece,2012,2,
DERAIL,Derailments of trains,EL,Greece,2013,0,
DERAIL,Derailments of trains,EL,Greece,2014,3,
DERAIL,Derailments of trains,EL,Greece,2015,2,
DERAIL,Derailments of trains,EL,Greece,2016,0,
DERAIL,Derailments of trains,EL,Greece,2017,4,
DERAIL,Derailments of trains,EL,Greece,2018,2,
DERAIL,Derailments of trains,EL,Greece,2019,0,
DERAIL,Derailments of trains,EL,Greece,2020,1,
DERAIL,Derailments of trains,EL,Greece,2021,1,
DERAIL,Derailments of trains,EL,Greece,2022,0,
DERAIL,Derailments of trains,EL,Greece,2023,0,
DERAIL,Derailments of trains,EL,Greece,2024,0,
DERAIL,Derailments of trains,ES,Spain,2006,9,
DERAIL,Derailments of trains,ES,Spain,2007,12,
DERAIL,Derailments of trains,ES,Spain,2008,15,
DERAIL,Derailments of trains,ES,Spain,2009,7,
DERAIL,Derailments of trains,ES,Spain,2010,7,
DERAIL,Derailments of trains,ES,Spain,2011,7,
DERAIL,Derailments of trains,ES,Spain,2012,10,
DERAIL,Derailments of trains,ES,Spain,2013,11,
DERAIL,Derailments of trains,ES,Spain,2014,6,
DERAIL,Derailments of trains,ES,Spain,2015,6,
DERAIL,Derailments of trains,ES,Spain,2016,7,
DERAIL,Derailments of trains,ES,Spain,2017,10,
DERAIL,Derailments of trains,ES,Spain,2018,8,
DERAIL,Derailments of trains,ES,Spain,2019,10,
DERAIL,Derailments of trains,ES,Spain,2020,11,
DERAIL,Derailments of trains,ES,Spain,2021,8,
DERAIL,Derailments of trains,ES,Spain,2022,6,
DERAIL,Derailments of trains,ES,Spain,2023,16,
DERAIL,Derailments of trains,ES,Spain,2024,12,
DERAIL,Derailments of trains,EU27_2020,European Union - 27 countries (from 2020),2010,89,
DERAIL,Derailments of trains,EU27_2020,European Union - 27 countries (from 2020),2011,85,
DERAIL,Derailments of trains,EU27_2020,European Union - 27 countries (from 2020),2012,94,
DERAIL,Derailments of trains,EU27_2020,European Union - 27 countries (from 2020),2013,100,
DERAIL,Derailments of trains,EU27_2020,European Union - 27 countries (from 2020),2014,93,
DERAIL,Derailments of trains,EU27_2020,European Union - 27 countries (from 2020),2015,72,
DERAIL,Derailments of trains,EU27_2020,European Union - 27 countries (from 2020),2016,62,
DERAIL,Derailments of trains,EU27_2020,European Union - 27 countries (from 2020),2017,89,
DERAIL,Derailments of trains,EU27_2020,European Union - 27 countries (from 2020),2018,74,
DERAIL,Derailments of trains,EU27_2020,European Union - 27 countries (from 2020),2019,73,
DERAIL,Derailments of trains,EU27_2020,European Union - 27 countries (from 2020),2020,71,
DERAIL,Derailments of trains,EU27_2020,European Union - 27 countries (from 2020),2021,80,
DERAIL,Derailments of trains,EU27_2020,European Union - 27 countries (from 2020),2022,63,
DERAIL,Derailments of trains,EU27_2020,European Union - 27 countries (from 2020),2023,68,
DERAIL,Derailments of trains,EU27_2020,European Union - 27 countries (from 2020),2024,63,
DERAIL,Derailments of trains,FI,Finland,2006,0,
DERAIL,Derailments of trains,FI,Finland,2007,0,
DERAIL,Derailments of trains,FI,Finland,2008,1,
DERAIL,Derailments of trains,FI,Finland,2009,2,
DERAIL,Derailments of trains,FI,Finland,2010,1,
DERAIL,Derailments of trains,FI,Finland,2011,0,
DERAIL,Derailments of trains,FI,Finland,2012,3,
DERAIL,Derailments of trains,FI,Finland,2013,3,
DERAIL,Derailments of trains,FI,Finland,2014,1,
DERAIL,Derailments of trains,FI,Finland,2015,0,
DERAIL,Derailments of trains,FI,Finland,2016,1,
DERAIL,Derailments of trains,FI,Finland,2017,0,
DERAIL,Derailments of trains,FI,Finland,2018,0,
DERAIL,Derailments of trains,FI,Finland,2019,1,
DERAIL,Derailments of trains,FI,Finland,2020,1,
DERAIL,Derailments of trains,FI,Finland,2021,2,
DERAIL,Derailments of trains,FI,Finland,2022,0,
DERAIL,Derailments of trains,FI,Finland,2023,2,
DERAIL,Derailments of trains,FI,Finland,2024,0,
DERAIL,Derailments of trains,FR,France,2006,42,
DERAIL,Derailments of trains,FR,France,2007,68,
DERAIL,Derailments of trains,FR,France,2008,97,
DERAIL,Derailments of trains,FR,France,2009,14,
DERAIL,Derailments of trains,FR,France,2010,14,
DERAIL,Derailments of trains,FR,France,2011,11,
DERAIL,Derailments of trains,FR,France,2012,13,
DERAIL,Derailments of trains,FR,France,2013,11,
DERAIL,Derailments of trains,FR,France,2014,15,
DERAIL,Derailments of trains,FR,France,2015,11,
DERAIL,Derailments of trains,FR,France,2016,5,
DERAIL,Derailments of trains,FR,France,2017,8,
DERAIL,Derailments of trains,FR,France,2018,7,
DERAIL,Derailments of trains,FR,France,2019,6,
DERAIL,Derailments of trains,FR,France,2020,8,
DERAIL,Derailments of trains,FR,France,2021,14,
DERAIL,Derailments of trains,FR,France,2022,8,
DERAIL,Derailments of trains,FR,France,2023,8,
DERAIL,Derailments of trains,FR,France,2024,12,
DERAIL,Derailments of trains,HR,Croatia,2010,0,
DERAIL,Derailments of trains,HR,Croatia,2011,1,
DERAIL,Derailments of trains,HR,Croatia,2012,1,
DERAIL,Derailments of trains,HR,Croatia,2013,5,
DERAIL,Derailments of trains,HR,Croatia,2014,2,
DERAIL,Derailments of trains,HR,Croatia,2015,0,
DERAIL,Derailments of trains,HR,Croatia,2016,2,
DERAIL,Derailments of trains,HR,Croatia,2017,2,
DERAIL,Derailments of trains,HR,Croatia,2018,2,
DERAIL,Derailments of trains,HR,Croatia,2019,2,
DERAIL,Derailments of trains,HR,Croatia,2020,0,
DERAIL,Derailments of trains,HR,Croatia,2021,2,
DERAIL,Derailments of trains,HR,Croatia,2022,2,
DERAIL,Derailments of trains,HR,Croatia,2023,3,
DERAIL,Derailments of trains,HR,Croatia,2024,3,
DERAIL,Derailments of trains,HU,Hungary,2006,16,
DERAIL,Derailments of trains,HU,Hungary,2007,7,
DERAIL,Derailments of trains,HU,Hungary,2008,1,
DERAIL,Derailments of trains,HU,Hungary,2009,1,
DERAIL,Derailments of trains,HU,Hungary,2010,1,
DERAIL,Derailments of trains,HU,Hungary,2011,1,
DERAIL,Derailments of trains,HU,Hungary,2012,3,
DERAIL,Derailments of trains,HU,Hungary,2013,4,
DERAIL,Derailments of trains,HU,Hungary,2014,5,
DERAIL,Derailments of trains,HU,Hungary,2015,6,
DERAIL,Derailments of trains,HU,Hungary,2016,2,
DERAIL,Derailments of trains,HU,Hungary,2017,10,
DERAIL,Derailments of trains,HU,Hungary,2018,8,
DERAIL,Derailments of trains,HU,Hungary,2019,4,
DERAIL,Derailments of trains,HU,Hungary,2020,2,
DERAIL,Derailments of trains,HU,Hungary,2021,4,
DERAIL,Derailments of trains,HU,Hungary,2022,1,
DERAIL,Derailments of trains,HU,Hungary,2023,3,
DERAIL,Derailments of trains,HU,Hungary,2024,2,
DERAIL,Derailments of trains,IE,Ireland,2006,0,
DERAIL,Derailments of trains,IE,Ireland,2007,0,
DERAIL,Derailments of trains,IE,Ireland,2008,1,
DERAIL,Derailments of trains,IE,Ireland,2009,0,
DERAIL,Derailments of trains,IE,Ireland,2010,1,
DERAIL,Derailments of trains,IE,Ireland,2011,0,
DERAIL,Derailments of trains,IE,Ireland,2012,0,
DERAIL,Derailments of trains,IE,Ireland,2013,0,
DERAIL,Derailments of trains,IE,Ireland,2014,0,
DERAIL,Derailments of trains,IE,Ireland,2015,0,
DERAIL,Derailments of trains,IE,Ireland,2016,0,
DERAIL,Derailments of trains,IE,Ireland,2017,1,
DERAIL,Derailments of trains,IE,Ireland,2018,0,
DERAIL,Derailments of trains,IE,Ireland,2019,0,
DERAIL,Derailments of trains,IE,Ireland,2020,0,
DERAIL,Derailments of trains,IE,Ireland,2021,0,
DERAIL,Derailments of trains,IE,Ireland,2022,0,
DERAIL,Derailments of trains,IE,Ireland,2023,0,
DERAIL,Derailments of trains,IE,Ireland,2024,0,
DERAIL,Derailments of trains,IT,Italy,2006,11,
DERAIL,Derailments of trains,IT,Italy,2007,10,
DERAIL,Derailments of trains,IT,Italy,2008,10,
DERAIL,Derailments of trains,IT,Italy,2009,6,
DERAIL,Derailments of trains,IT,Italy,2010,3,
DERAIL,Derailments of trains,IT,Italy,2011,3,
DERAIL,Derailments of trains,IT,Italy,2012,5,
DERAIL,Derailments of trains,IT,Italy,2013,6,
DERAIL,Derailments of trains,IT,Italy,2014,4,
DERAIL,Derailments of trains,IT,Italy,2015,3,
DERAIL,Derailments of trains,IT,Italy,2016,2,
DERAIL,Derailments of trains,IT,Italy,2017,5,
DERAIL,Derailments of trains,IT,Italy,2018,8,
DERAIL,Derailments of trains,IT,Italy,2019,5,
DERAIL,Derailments of trains,IT,Italy,2020,8,
DERAIL,Derailments of trains,IT,Italy,2021,2,
DERAIL,Derailments of trains,IT,Italy,2022,3,
DERAIL,Derailments of trains,IT,Italy,2023,2,
DERAIL,Derailments of trains,IT,Italy,2024,4,
DERAIL,Derailments of trains,LT,Lithuania,2006,7,
DERAIL,Derailments of trains,LT,Lithuania,2007,27,
DERAIL,Derailments of trains,LT,Lithuania,2008,1,
DERAIL,Derailments of trains,LT,Lithuania,2009,1,
DERAIL,Derailments of trains,LT,Lithuania,2010,1,
DERAIL,Derailments of trains,LT,Lithuania,2011,0,
DERAIL,Derailments of trains,LT,Lithuania,2012,0,
DERAIL,Derailments of trains,LT,Lithuania,2013,0,
DERAIL,Derailments of trains,LT,Lithuania,2014,0,
DERAIL,Derailments of trains,LT,Lithuania,2015,0,
DERAIL,Derailments of trains,LT,Lithuania,2016,1,
DERAIL,Derailments of trains,LT,Lithuania,2017,0,
DERAIL,Derailments of trains,LT,Lithuania,2018,0,
DERAIL,Derailments of trains,LT,Lithuania,2019,0,
DERAIL,Derailments of trains,LT,Lithuania,2020,0,
DERAIL,Derailments of trains,LT,Lithuania,2021,0,
DERAIL,Derailments of trains,LT,Lithuania,2022,0,
DERAIL,Derailments of trains,LT,Lithuania,2023,0,
DERAIL,Derailments of trains,LT,Lithuania,2024,0,
DERAIL,Derailments of trains,LU,Luxembourg,2009,0,
DERAIL,Derailments of trains,LU,Luxembourg,2010,0,
DERAIL,Derailments of trains,LU,Luxembourg,2011,0,
DERAIL,Derailments of trains,LU,Luxembourg,2012,0,
DERAIL,Derailments of trains,LU,Luxembourg,2013,0,
DERAIL,Derailments of trains,LU,Luxembourg,2014,0,
DERAIL,Derailments of trains,LU,Luxembourg,2015,0,
DERAIL,Derailments of trains,LU,Luxembourg,2016,0,
DERAIL,Derailments of trains,LU,Luxembourg,2017,0,
DERAIL,Derailments of trains,LU,Luxembourg,2018,0,
DERAIL,Derailments of trains,LU,Luxembourg,2019,0,
DERAIL,Derailments of trains,LU,Luxembourg,2020,0,
DERAIL,Derailments of trains,LU,Luxembourg,2021,0,
DERAIL,Derailments of trains,LU,Luxembourg,2022,0,
DERAIL,Derailments of trains,LU,Luxembourg,2023,0,
DERAIL,Derailments of trains,LU,Luxembourg,2024,0,
DERAIL,Derailments of trains,LV,Latvia,2006,1,
DERAIL,Derailments of trains,LV,Latvia,2007,0,
DERAIL,Derailments of trains,LV,Latvia,2008,0,
DERAIL,Derailments of trains,LV,Latvia,2009,0,
DERAIL,Derailments of trains,LV,Latvia,2010,0,
DERAIL,Derailments of trains,LV,Latvia,2011,1,
DERAIL,Derailments of trains,LV,Latvia,2012,1,
DERAIL,Derailments of trains,LV,Latvia,2013,2,
DERAIL,Derailments of trains,LV,Latvia,2014,1,
DERAIL,Derailments of trains,LV,Latvia,2015,0,
DERAIL,Derailments of trains,LV,Latvia,2016,0,
DERAIL,Derailments of trains,LV,Latvia,2017,1,
DERAIL,Derailments of trains,LV,Latvia,2018,0,
DERAIL,Derailments of trains,LV,Latvia,2019,0,
DERAIL,Derailments of trains,LV,Latvia,2020,0,
DERAIL,Derailments of trains,LV,Latvia,2021,0,
DERAIL,Derailments of trains,LV,Latvia,2022,1,
DERAIL,Derailments of trains,LV,Latvia,2023,0,
DERAIL,Derailments of trains,LV,Latvia,2024,0,
DERAIL,Derailments of trains,ME,Montenegro,2013,3,
DERAIL,Derailments of trains,ME,Montenegro,2014,1,
DERAIL,Derailments of trains,ME,Montenegro,2015,0,
DERAIL,Derailments of trains,ME,Montenegro,2016,2,
DERAIL,Derailments of trains,MK,North Macedonia,2009,22,
DERAIL,Derailments of trains,MK,North Macedonia,2010,28,
DERAIL,Derailments of trains,MK,North Macedonia,2011,12,
DERAIL,Derailments of trains,MK,North Macedonia,2012,25,
DERAIL,Derailments of trains,MK,North Macedonia,2013,11,
DERAIL,Derailments of trains,MK,North Macedonia,2014,11,
DERAIL,Derailments of trains,MK,North Macedonia,2015,23,
DERAIL,Derailments of trains,MK,North Macedonia,2016,16,
DERAIL,Derailments of trains,MK,North Macedonia,2017,23,
DERAIL,Derailments of trains,MK,North Macedonia,2018,17,
DERAIL,Derailments of trains,NL,Netherlands,2006,2,
DERAIL,Derailments of trains,NL,Netherlands,2007,0,
DERAIL,Derailments of trains,NL,Netherlands,2008,1,
DERAIL,Derailments of trains,NL,Netherlands,2009,2,
DERAIL,Derailments of trains,NL,Netherlands,2010,3,
DERAIL,Derailments of trains,NL,Netherlands,2011,1,
DERAIL,Derailments of trains,NL,Netherlands,2012,0,
DERAIL,Derailments of trains,NL,Netherlands,2013,1,
DERAIL,Derailments of trains,NL,Netherlands,2014,1,
DERAIL,Derailments of trains,NL,Netherlands,2015,1,
DERAIL,Derailments of trains,NL,Netherlands,2016,0,
DERAIL,Derailments of trains,NL,Netherlands,2017,1,
DERAIL,Derailments of trains,NL,Netherlands,2018,0,
DERAIL,Derailments of trains,NL,Netherlands,2019,0,
DERAIL,Derailments of trains,NL,Netherlands,2020,1,
DERAIL,Derailments of trains,NL,Netherlands,2021,1,
DERAIL,Derailments of trains,NL,Netherlands,2022,0,
DERAIL,Derailments of trains,NL,Netherlands,2023,0,
DERAIL,Derailments of trains,NL,Netherlands,2024,0,
DERAIL,Derailments of trains,NO,Norway,2006,3,
DERAIL,Derailments of trains,NO,Norway,2007,0,
DERAIL,Derailments of trains,NO,Norway,2008,3,
DERAIL,Derailments of trains,NO,Norway,2009,4,
DERAIL,Derailments of trains,NO,Norway,2010,4,
DERAIL,Derailments of trains,NO,Norway,2011,4,
DERAIL,Derailments of trains,NO,Norway,2012,4,
DERAIL,Derailments of trains,NO,Norway,2013,5,
DERAIL,Derailments of trains,NO,Norway,2014,6,
DERAIL,Derailments of trains,NO,Norway,2015,3,
DERAIL,Derailments of trains,NO,Norway,2016,2,
DERAIL,Derailments of trains,NO,Norway,2017,3,
DERAIL,Derailments of trains,NO,Norway,2018,5,
DERAIL,Derailments of trains,NO,Norway,2019,4,
DERAIL,Derailments of trains,NO,Norway,2020,6,
DERAIL,Derailments of trains,NO,Norway,2021,3,
DERAIL,Derailments of trains,NO,Norway,2022,2,
DERAIL,Derailments of trains,NO,Norway,2023,3,
DERAIL,Derailments of trains,NO,Norway,2024,3,
DERAIL,Derailments of trains,PL,Poland,2006,126,
DERAIL,Derailments of trains,PL,Poland,2007,132,
DERAIL,Derailments of trains,PL,Poland,2008,105,
DERAIL,Derailments of trains,PL,Poland,2009,12,
DERAIL,Derailments of trains,PL,Poland,2010,17,
DERAIL,Derailments of trains,PL,Poland,2011,23,
DERAIL,Derailments of trains,PL,Poland,2012,17,
DERAIL,Derailments of trains,PL,Poland,2013,13,
DERAIL,Derailments of trains,PL,Poland,2014,13,
DERAIL,Derailments of trains,PL,Poland,2015,9,
DERAIL,Derailments of trains,PL,Poland,2016,16,
DERAIL,Derailments of trains,PL,Poland,2017,12,
DERAIL,Derailments of trains,PL,Poland,2018,8,
DERAIL,Derailments of trains,PL,Poland,2019,16,
DERAIL,Derailments of trains,PL,Poland,2020,3,
DERAIL,Derailments of trains,PL,Poland,2021,14,
DERAIL,Derailments of trains,PL,Poland,2022,6,
DERAIL,Derailments of trains,PL,Poland,2023,11,
DERAIL,Derailments of trains,PL,Poland,2024,6,
DERAIL,Derailments of trains,PT,Portugal,2006,9,
DERAIL,Derailments of trains,PT,Portugal,2007,3,
DERAIL,Derailments of trains,PT,Portugal,2008,3,
DERAIL,Derailments of trains,PT,Portugal,2009,1,
DERAIL,Derailments of trains,PT,Portugal,2010,3,
DERAIL,Derailments of trains,PT,Portugal,2011,2,
DERAIL,Derailments of trains,PT,Portugal,2012,0,
DERAIL,Derailments of trains,PT,Portugal,2013,4,
DERAIL,Derailments of trains,PT,Portugal,2014,3,
DERAIL,Derailments of trains,PT,Portugal,2015,3,
DERAIL,Derailments of trains,PT,Portugal,2016,5,
DERAIL,Derailments of trains,PT,Portugal,2017,3,
DERAIL,Derailments of trains,PT,Portugal,2018,4,
DERAIL,Derailments of trains,PT,Portugal,2019,0,
DERAIL,Derailments of trains,PT,Portugal,2020,3,
DERAIL,Derailments of trains,PT,Portugal,2021,3,
DERAIL,Derailments of trains,PT,Portugal,2022,5,
DERAIL,Derailments of trains,PT,Portugal,2023,2,
DERAIL,Derailments of trains,PT,Portugal,2024,0,
DERAIL,Derailments of trains,RO,Romania,2006,0,
DERAIL,Derailments of trains,RO,Romania,2007,0,
DERAIL,Derailments of trains,RO,Romania,2008,1,
DERAIL,Derailments of trains,RO,Romania,2009,1,
DERAIL,Derailments of trains,RO,Romania,2010,0,
DERAIL,Derailments of trains,RO,Romania,2011,1,
DERAIL,Derailments of trains,RO,Romania,2012,0,
DERAIL,Derailments of trains,RO,Romania,2013,0,
DERAIL,Derailments of trains,RO,Romania,2014,0,
DERAIL,Derailments of trains,RO,Romania,2015,0,
DERAIL,Derailments of trains,RO,Romania,2016,0,
DERAIL,Derailments of trains,RO,Romania,2017,2,
DERAIL,Derailments of trains,RO,Romania,2018,1,
DERAIL,Derailments of trains,RO,Romania,2019,0,
DERAIL,Derailments of trains,RO,Romania,2020,2,
DERAIL,Derailments of trains,RO,Romania,2021,2,
DERAIL,Derailments of trains,RO,Romania,2022,2,
DERAIL,Derailments of trains,RO,Romania,2023,0,
DERAIL,Derailments of trains,RO,Romania,2024,1,
DERAIL,Derailments of trains,SE,Sweden,2006,5,
DERAIL,Derailments of trains,SE,Sweden,2007,11,
DERAIL,Derailments of trains,SE,Sweden,2008,14,
DERAIL,Derailments of trains,SE,Sweden,2009,7,
DERAIL,Derailments of trains,SE,Sweden,2010,7,
DERAIL,Derailments of trains,SE,Sweden,2011,7,
DERAIL,Derailments of trains,SE,Sweden,2012,10,
DERAIL,Derailments of trains,SE,Sweden,2013,9,
DERAIL,Derailments of trains,SE,Sweden,2014,10,
DERAIL,Derailments of trains,SE,Sweden,2015,3,
DERAIL,Derailments of trains,SE,Sweden,2016,3,
DERAIL,Derailments of trains,SE,Sweden,2017,4,
DERAIL,Derailments of trains,SE,Sweden,2018,7,
DERAIL,Derailments of trains,SE,Sweden,2019,7,
DERAIL,Derailments of trains,SE,Sweden,2020,6,
DERAIL,Derailments of trains,SE,Sweden,2021,5,
DERAIL,Derailments of trains,SE,Sweden,2022,5,
DERAIL,Derailments of trains,SE,Sweden,2023,4,
DERAIL,Derailments of trains,SE,Sweden,2024,4,
DERAIL,Derailments of trains,SI,Slovenia,2006,3,
DERAIL,Derailments of trains,SI,Slovenia,2007,5,
DERAIL,Derailments of trains,SI,Slovenia,2008,0,
DERAIL,Derailments of trains,SI,Slovenia,2009,0,
DERAIL,Derailments of trains,SI,Slovenia,2010,0,
DERAIL,Derailments of trains,SI,Slovenia,2011,0,
DERAIL,Derailments of trains,SI,Slovenia,2012,1,
DERAIL,Derailments of trains,SI,Slovenia,2013,1,
DERAIL,Derailments of trains,SI,Slovenia,2014,1,
DERAIL,Derailments of trains,SI,Slovenia,2015,0,
DERAIL,Derailments of trains,SI,Slovenia,2016,1,
DERAIL,Derailments of trains,SI,Slovenia,2017,3,
DERAIL,Derailments of trains,SI,Slovenia,2018,0,
DERAIL,Derailments of trains,SI,Slovenia,2019,3,
DERAIL,Derailments of trains,SI,Slovenia,2020,0,
DERAIL,Derailments of trains,SI,Slovenia,2021,2,
DERAIL,Derailments of trains,SI,Slovenia,2022,2,
DERAIL,Derailments of trains,SI,Slovenia,2023,7,
DERAIL,Derailments of trains,SI,Slovenia,2024,2,
DERAIL,Derailments of trains,SK,Slovakia,2006,8,
DERAIL,Derailments of trains,SK,Slovakia,2007,11,
DERAIL,Derailments of trains,SK,Slovakia,2008,6,
DERAIL,Derailments of trains,SK,Slovakia,2009,3,
DERAIL,Derailments of trains,SK,Slovakia,2010,1,
DERAIL,Derailments of trains,SK,Slovakia,2011,1,
DERAIL,Derailments of trains,SK,Slovakia,2012,2,
DERAIL,Derailments of trains,SK,Slovakia,2013,0,
DERAIL,Derailments of trains,SK,Slovakia,2014,1,
DERAIL,Derailments of trains,SK,Slovakia,2015,2,
DERAIL,Derailments of trains,SK,Slovakia,2016,1,
DERAIL,Derailments of trains,SK,Slovakia,2017,1,
DERAIL,Derailments of trains,SK,Slovakia,2018,3,
DERAIL,Derailments of trains,SK,Slovakia,2019,2,
DERAIL,Derailments of trains,SK,Slovakia,2020,3,
DERAIL,Derailments of trains,SK,Slovakia,2021,3,
DERAIL,Derailments of trains,SK,Slovakia,2022,4,
DERAIL,Derailments of trains,SK,Slovakia,2023,1,
DERAIL,Derailments of trains,SK,Slovakia,2024,2,
DERAIL,Derailments of trains,TR,Türkiye,2006,96,
DERAIL,Derailments of trains,TR,Türkiye,2007,89,
DERAIL,Derailments of trains,TR,Türkiye,2008,104,
DERAIL,Derailments of trains,TR,Türkiye,2009,63,
DERAIL,Derailments of trains,TR,Türkiye,2010,52,
DERAIL,Derailments of trains,TR,Türkiye,2011,51,
DERAIL,Derailments of trains,TR,Türkiye,2012,32,
DERAIL,Derailments of trains,TR,Türkiye,2013,22,
DERAIL,Derailments of trains,TR,Türkiye,2014,10,
DERAIL,Derailments of trains,TR,Türkiye,2015,28,
DERAIL,Derailments of trains,TR,Türkiye,2016,23,
DERAIL,Derailments of trains,TR,Türkiye,2017,8,
DERAIL,Derailments of trains,TR,Türkiye,2018,6,
DERAIL,Derailments of trains,TR,Türkiye,2020,22,
DERAIL,Derailments of trains,TR,Türkiye,2021,26,
DERAIL,Derailments of trains,TR,Türkiye,2022,20,
DERAIL,Derailments of trains,TR,Türkiye,2023,11,
DERAIL,Derailments of trains,TR,Türkiye,2024,12,
DERAIL,Derailments of trains,UK,United Kingdom,2006,22,
DERAIL,Derailments of trains,UK,United Kingdom,2007,20,
DERAIL,Derailments of trains,UK,United Kingdom,2008,14,
DERAIL,Derailments of trains,UK,United Kingdom,2009,12,
DERAIL,Derailments of trains,UK,United Kingdom,2010,6,
DERAIL,Derailments of trains,UK,United Kingdom,2011,6,
DERAIL,Derailments of trains,UK,United Kingdom,2012,3,
DERAIL,Derailments of trains,UK,United Kingdom,2013,8,
DERAIL,Derailments of trains,UK,United Kingdom,2014,11,
DERAIL,Derailments of trains,UK,United Kingdom,2015,5,
DERAIL,Derailments of trains,UK,United Kingdom,2016,6,
DERAIL,Derailments of trains,UK,United Kingdom,2017,10,
DERAIL,Derailments of trains,UK,United Kingdom,2018,1,
DERAIL,Derailments of trains,UK,United Kingdom,2019,0,
DERAIL,Derailments of trains,UK,United Kingdom,2020,1,
LVLCROS,Level crossing accidents,AT,Austria,2006,40,
LVLCROS,Level crossing accidents,AT,Austria,2007,55,
LVLCROS,Level crossing accidents,AT,Austria,2008,36,
LVLCROS,Level crossing accidents,AT,Austria,2009,36,
LVLCROS,Level crossing accidents,AT,Austria,2010,33,
LVLCROS,Level crossing accidents,AT,Austria,2011,43,
LVLCROS,Level crossing accidents,AT,Austria,2012,36,
LVLCROS,Level crossing accidents,AT,Austria,2013,37,
LVLCROS,Level crossing accidents,AT,Austria,2014,27,
LVLCROS,Level crossing accidents,AT,Austria,2015,33,
LVLCROS,Level crossing accidents,AT,Austria,2016,31,
LVLCROS,Level crossing accidents,AT,Austria,2017,26,
LVLCROS,Level crossing accidents,AT,Austria,2018,19,
LVLCROS,Level crossing accidents,AT,Austria,2019,24,
LVLCROS,Level crossing accidents,AT,Austria,2020,19,
LVLCROS,Level crossing accidents,AT,Austria,2021,19,
LVLCROS,Level crossing accidents,AT,Austria,2022,33,
LVLCROS,Level crossing accidents,AT,Austria,2023,21,
LVLCROS,Level crossing accidents,AT,Austria,2024,14,
LVLCROS,Level crossing accidents,BE,Belgium,2006,56,
LVLCROS,Level crossing accidents,BE,Belgium,2007,76,
LVLCROS,Level crossing accidents,BE,Belgium,2008,56,
LVLCROS,Level crossing accidents,BE,Belgium,2009,31,
LVLCROS,Level crossing accidents,BE,Belgium,2010,17,
LVLCROS,Level crossing accidents,BE,Belgium,2011,16,
LVLCROS,Level crossing accidents,BE,Belgium,2012,18,
LVLCROS,Level crossing accidents,BE,Belgium,2013,13,
LVLCROS,Level crossing accidents,BE,Belgium,2014,21,
LVLCROS,Level crossing accidents,BE,Belgium,2015,14,
LVLCROS,Level crossing accidents,BE,Belgium,2016,12,
LVLCROS,Level crossing accidents,BE,Belgium,2017,12,
LVLCROS,Level crossing accidents,BE,Belgium,2018,15,
LVLCROS,Level crossing accidents,BE,Belgium,2019,15,
LVLCROS,Level crossing accidents,BE,Belgium,2020,13,
LVLCROS,Level crossing accidents,BE,Belgium,2021,15,
LVLCROS,Level crossing accidents,BE,Belgium,2022,14,
LVLCROS,Level crossing accidents,BE,Belgium,2023,13,
LVLCROS,Level crossing accidents,BE,Belgium,2024,15,
LVLCROS,Level crossing accidents,BG,Bulgaria,2006,10,
LVLCROS,Level crossing accidents,BG,Bulgaria,2007,10,
LVLCROS,Level crossing accidents,BG,Bulgaria,2008,9,
LVLCROS,Level crossing accidents,BG,Bulgaria,2009,5,
LVLCROS,Level crossing accidents,BG,Bulgaria,2010,10,
LVLCROS,Level crossing accidents,BG,Bulgaria,2011,7,
LVLCROS,Level crossing accidents,BG,Bulgaria,2012,15,
LVLCROS,Level crossing accidents,BG,Bulgaria,2013,11,
LVLCROS,Level crossing accidents,BG,Bulgaria,2014,11,
LVLCROS,Level crossing accidents,BG,Bulgaria,2015,6,
LVLCROS,Level crossing accidents,BG,Bulgaria,2016,5,
LVLCROS,Level crossing accidents,BG,Bulgaria,2017,11,
LVLCROS,Level crossing accidents,BG,Bulgaria,2018,5,
LVLCROS,Level crossing accidents,BG,Bulgaria,2019,7,
LVLCROS,Level crossing accidents,BG,Bulgaria,2020,9,
LVLCROS,Level crossing accidents,BG,Bulgaria,2021,8,
LVLCROS,Level crossing accidents,BG,Bulgaria,2022,10,
LVLCROS,Level crossing accidents,BG,Bulgaria,2023,11,
LVLCROS,Level crossing accidents,BG,Bulgaria,2024,9,
LVLCROS,Level crossing accidents,CH,Switzerland,2009,7,
LVLCROS,Level crossing accidents,CH,Switzerland,2010,6,
LVLCROS,Level crossing accidents,CH,Switzerland,2011,4,
LVLCROS,Level crossing accidents,CH,Switzerland,2012,8,
LVLCROS,Level crossing accidents,CH,Switzerland,2013,3,
LVLCROS,Level crossing accidents,CH,Switzerland,2014,4,
LVLCROS,Level crossing accidents,CH,Switzerland,2015,4,
LVLCROS,Level crossing accidents,CH,Switzerland,2016,3,
LVLCROS,Level crossing accidents,CH,Switzerland,2017,1,
LVLCROS,Level crossing accidents,CH,Switzerland,2018,2,
LVLCROS,Level crossing accidents,CH,Switzerland,2019,1,
LVLCROS,Level crossing accidents,CH,Switzerland,2020,1,
LVLCROS,Level crossing accidents,CH,Switzerland,2021,6,
LVLCROS,Level crossing accidents,CH,Switzerland,2022,3,
LVLCROS,Level crossing accidents,CH,Switzerland,2023,2,
LVLCROS,Level crossing accidents,CH,Switzerland,2024,2,
LVLCROS,Level crossing accidents,CHUNNEL,Channel Tunnel,2007,0,
LVLCROS,Level crossing accidents,CHUNNEL,Channel Tunnel,2008,0,
LVLCROS,Level crossing accidents,CHUNNEL,Channel Tunnel,2009,0,
LVLCROS,Level crossing accidents,CHUNNEL,Channel Tunnel,2010,0,
LVLCROS,Level crossing accidents,CHUNNEL,Channel Tunnel,2011,0,
LVLCROS,Level crossing accidents,CHUNNEL,Channel Tunnel,2012,0,
LVLCROS,Level crossing accidents,CHUNNEL,Channel Tunnel,2013,0,
LVLCROS,Level crossing accidents,CHUNNEL,Channel Tunnel,2014,0,
LVLCROS,Level crossing accidents,CHUNNEL,Channel Tunnel,2015,0,
LVLCROS,Level crossing accidents,CHUNNEL,Channel Tunnel,2016,0,
LVLCROS,Level crossing accidents,CHUNNEL,Channel Tunnel,2017,0,
LVLCROS,Level crossing accidents,CHUNNEL,Channel Tunnel,2018,0,
LVLCROS,Level crossing accidents,CHUNNEL,Channel Tunnel,2019,0,
LVLCROS,Level crossing accidents,CHUNNEL,Channel Tunnel,2020,0,
LVLCROS,Level crossing accidents,CHUNNEL,Channel Tunnel,2021,0,
LVLCROS,Level crossing accidents,CHUNNEL,Channel Tunnel,2022,0,
LVLCROS,Level crossing accidents,CHUNNEL,Channel Tunnel,2023,0,
LVLCROS,Level crossing accidents,CHUNNEL,Channel Tunnel,2024,0,
LVLCROS,Level crossing accidents,CZ,Czechia,2006,104,
LVLCROS,Level crossing accidents,CZ,Czechia,2007,48,
LVLCROS,Level crossing accidents,CZ,Czechia,2008,53,
LVLCROS,Level crossing accidents,CZ,Czechia,2009,42,
LVLCROS,Level crossing accidents,CZ,Czechia,2010,57,
LVLCROS,Level crossing accidents,CZ,Czechia,2011,34,
LVLCROS,Level crossing accidents,CZ,Czechia,2012,47,
LVLCROS,Level crossing accidents,CZ,Czechia,2013,36,
LVLCROS,Level crossing accidents,CZ,Czechia,2014,46,
LVLCROS,Level crossing accidents,CZ,Czechia,2015,36,
LVLCROS,Level crossing accidents,CZ,Czechia,2016,34,
LVLCROS,Level crossing accidents,CZ,Czechia,2017,36,
LVLCROS,Level crossing accidents,CZ,Czechia,2018,47,
LVLCROS,Level crossing accidents,CZ,Czechia,2019,46,
LVLCROS,Level crossing accidents,CZ,Czechia,2020,44,
LVLCROS,Level crossing accidents,CZ,Czechia,2021,44,
LVLCROS,Level crossing accidents,CZ,Czechia,2022,43,
LVLCROS,Level crossing accidents,CZ,Czechia,2023,40,
LVLCROS,Level crossing accidents,CZ,Czechia,2024,32,
LVLCROS,Level crossing accidents,DE,Germany,2006,181,
LVLCROS,Level crossing accidents,DE,Germany,2007,97,
LVLCROS,Level crossing accidents,DE,Germany,2008,76,
LVLCROS,Level crossing accidents,DE,Germany,2009,64,
LVLCROS,Level crossing accidents,DE,Germany,2010,73,
LVLCROS,Level crossing accidents,DE,Germany,2011,56,
LVLCROS,Level crossing accidents,DE,Germany,2012,79,
LVLCROS,Level crossing accidents,DE,Germany,2013,59,
LVLCROS,Level crossing accidents,DE,Germany,2014,67,
LVLCROS,Level crossing accidents,DE,Germany,2015,61,
LVLCROS,Level crossing accidents,DE,Germany,2016,50,
LVLCROS,Level crossing accidents,DE,Germany,2017,73,
LVLCROS,Level crossing accidents,DE,Germany,2018,66,
LVLCROS,Level crossing accidents,DE,Germany,2019,55,
LVLCROS,Level crossing accidents,DE,Germany,2020,48,
LVLCROS,Level crossing accidents,DE,Germany,2021,53,
LVLCROS,Level crossing accidents,DE,Germany,2022,76,
LVLCROS,Level crossing accidents,DE,Germany,2023,51,
LVLCROS,Level crossing accidents,DE,Germany,2024,57,
LVLCROS,Level crossing accidents,DK,Denmark,2006,8,
LVLCROS,Level crossing accidents,DK,Denmark,2007,5,
LVLCROS,Level crossing accidents,DK,Denmark,2008,4,
LVLCROS,Level crossing accidents,DK,Denmark,2009,2,
LVLCROS,Level crossing accidents,DK,Denmark,2010,9,
LVLCROS,Level crossing accidents,DK,Denmark,2011,2,
LVLCROS,Level crossing accidents,DK,Denmark,2012,5,
LVLCROS,Level crossing accidents,DK,Denmark,2013,5,
LVLCROS,Level crossing accidents,DK,Denmark,2014,5,
LVLCROS,Level crossing accidents,DK,Denmark,2015,2,
LVLCROS,Level crossing accidents,DK,Denmark,2016,2,
LVLCROS,Level crossing accidents,DK,Denmark,2017,2,
LVLCROS,Level crossing accidents,DK,Denmark,2018,3,
LVLCROS,Level crossing accidents,DK,Denmark,2019,1,
LVLCROS,Level crossing accidents,DK,Denmark,2020,0,
LVLCROS,Level crossing accidents,DK,Denmark,2021,2,
LVLCROS,Level crossing accidents,DK,Denmark,2022,1,
LVLCROS,Level crossing accidents,DK,Denmark,2023,2,
LVLCROS,Level crossing accidents,DK,Denmark,2024,1,
LVLCROS,Level crossing accidents,EE,Estonia,2007,33,
LVLCROS,Level crossing accidents,EE,Estonia,2008,12,
LVLCROS,Level crossing accidents,EE,Estonia,2009,7,
LVLCROS,Level crossing accidents,EE,Estonia,2010,17,
LVLCROS,Level crossing accidents,EE,Estonia,2011,15,
LVLCROS,Level crossing accidents,EE,Estonia,2012,10,
LVLCROS,Level crossing accidents,EE,Estonia,2013,11,
LVLCROS,Level crossing accidents,EE,Estonia,2014,5,
LVLCROS,Level crossing accidents,EE,Estonia,2015,10,
LVLCROS,Level crossing accidents,EE,Estonia,2016,8,
LVLCROS,Level crossing accidents,EE,Estonia,2017,13,
LVLCROS,Level crossing accidents,EE,Estonia,2018,17,
LVLCROS,Level crossing accidents,EE,Estonia,2019,4,
LVLCROS,Level crossing accidents,EE,Estonia,2020,2,
LVLCROS,Level crossing accidents,EE,Estonia,2021,6,
LVLCROS,Level crossing accidents,EE,Estonia,2022,11,
LVLCROS,Level crossing accidents,EE,Estonia,2023,11,
LVLCROS,Level crossing accidents,EE,Estonia,2024,5,
LVLCROS,Level crossing accidents,EL,Greece,2006,25,
LVLCROS,Level crossing accidents,EL,Greece,2007,22,
LVLCROS,Level crossing accidents,EL,Greece,2008,17,
LVLCROS,Level crossing accidents,EL,Greece,2009,26,
LVLCROS,Level crossing accidents,EL,Greece,2010,16,
LVLCROS,Level crossing accidents,EL,Greece,2011,8,
LVLCROS,Level crossing accidents,EL,Greece,2012,6,
LVLCROS,Level crossing accidents,EL,Greece,2013,5,
LVLCROS,Level crossing accidents,EL,Greece,2014,10,
LVLCROS,Level crossing accidents,EL,Greece,2015,11,
LVLCROS,Level crossing accidents,EL,Greece,2016,1,
LVLCROS,Level crossing accidents,EL,Greece,2017,5,
LVLCROS,Level crossing accidents,EL,Greece,2018,7,
LVLCROS,Level crossing accidents,EL,Greece,2019,7,
LVLCROS,Level crossing accidents,EL,Greece,2020,2,
LVLCROS,Level crossing accidents,EL,Greece,2021,7,
LVLCROS,Level crossing accidents,EL,Greece,2022,5,
LVLCROS,Level crossing accidents,EL,Greece,2023,3,
LVLCROS,Level crossing accidents,EL,Greece,2024,4,
LVLCROS,Level crossing accidents,ES,Spain,2006,13,
LVLCROS,Level crossing accidents,ES,Spain,2007,19,
LVLCROS,Level crossing accidents,ES,Spain,2008,18,
LVLCROS,Level crossing accidents,ES,Spain,2009,19,
LVLCROS,Level crossing accidents,ES,Spain,2010,11,
LVLCROS,Level crossing accidents,ES,Spain,2011,8,
LVLCROS,Level crossing accidents,ES,Spain,2012,8,
LVLCROS,Level crossing accidents,ES,Spain,2013,11,
LVLCROS,Level crossing accidents,ES,Spain,2014,10,
LVLCROS,Level crossing accidents,ES,Spain,2015,8,
LVLCROS,Level crossing accidents,ES,Spain,2016,10,
LVLCROS,Level crossing accidents,ES,Spain,2017,12,
LVLCROS,Level crossing accidents,ES,Spain,2018,10,
LVLCROS,Level crossing accidents,ES,Spain,2019,3,
LVLCROS,Level crossing accidents,ES,Spain,2020,6,
LVLCROS,Level crossing accidents,ES,Spain,2021,6,
LVLCROS,Level crossing accidents,ES,Spain,2022,11,
LVLCROS,Level crossing accidents,ES,Spain,2023,17,
LVLCROS,Level crossing accidents,ES,Spain,2024,8,
LVLCROS,Level crossing accidents,EU27_2020,European Union - 27 countries (from 2020),2010,585,
LVLCROS,Level crossing accidents,EU27_2020,European Union - 27 countries (from 2020),2011,506,
LVLCROS,Level crossing accidents,EU27_2020,European Union - 27 countries (from 2020),2012,563,
LVLCROS,Level crossing accidents,EU27_2020,European Union - 27 countries (from 2020),2013,498,
LVLCROS,Level crossing accidents,EU27_2020,European Union - 27 countries (from 2020),2014,495,
LVLCROS,Level crossing accidents,EU27_2020,European Union - 27 countries (from 2020),2015,465,
LVLCROS,Level crossing accidents,EU27_2020,European Union - 27 countries (from 2020),2016,424,
LVLCROS,Level crossing accidents,EU27_2020,European Union - 27 countries (from 2020),2017,456,
LVLCROS,Level crossing accidents,EU27_2020,European Union - 27 countries (from 2020),2018,442,
LVLCROS,Level crossing accidents,EU27_2020,European Union - 27 countries (from 2020),2019,432,
LVLCROS,Level crossing accidents,EU27_2020,European Union - 27 countries (from 2020),2020,350,
LVLCROS,Level crossing accidents,EU27_2020,European Union - 27 countries (from 2020),2021,428,
LVLCROS,Level crossing accidents,EU27_2020,European Union - 27 countries (from 2020),2022,412,
LVLCROS,Level crossing accidents,EU27_2020,European Union - 27 countries (from 2020),2023,399,
LVLCROS,Level crossing accidents,EU27_2020,European Union - 27 countries (from 2020),2024,345,
LVLCROS,Level crossing accidents,FI,Finland,2006,9,
LVLCROS,Level crossing accidents,FI,Finland,2007,11,
LVLCROS,Level crossing accidents,FI,Finland,2008,9,
LVLCROS,Level crossing accidents,FI,Finland,2009,12,
LVLCROS,Level crossing accidents,FI,Finland,2010,9,
LVLCROS,Level crossing accidents,FI,Finland,2011,5,
LVLCROS,Level crossing accidents,FI,Finland,2012,11,
LVLCROS,Level crossing accidents,FI,Finland,2013,4,
LVLCROS,Level crossing accidents,FI,Finland,2014,4,
LVLCROS,Level crossing accidents,FI,Finland,2015,10,
LVLCROS,Level crossing accidents,FI,Finland,2016,6,
LVLCROS,Level crossing accidents,FI,Finland,2017,7,
LVLCROS,Level crossing accidents,FI,Finland,2018,7,
LVLCROS,Level crossing accidents,FI,Finland,2019,6,
LVLCROS,Level crossing accidents,FI,Finland,2020,5,
LVLCROS,Level crossing accidents,FI,Finland,2021,13,
LVLCROS,Level crossing accidents,FI,Finland,2022,5,
LVLCROS,Level crossing accidents,FI,Finland,2023,6,
LVLCROS,Level crossing accidents,FI,Finland,2024,2,
LVLCROS,Level crossing accidents,FR,France,2006,140,
LVLCROS,Level crossing accidents,FR,France,2007,115,
LVLCROS,Level crossing accidents,FR,France,2008,115,
LVLCROS,Level crossing accidents,FR,France,2009,49,
LVLCROS,Level crossing accidents,FR,France,2010,36,
LVLCROS,Level crossing accidents,FR,France,2011,40,
LVLCROS,Level crossing accidents,FR,France,2012,38,
LVLCROS,Level crossing accidents,FR,France,2013,42,
LVLCROS,Level crossing accidents,FR,France,2014,51,
LVLCROS,Level crossing accidents,FR,France,2015,41,
LVLCROS,Level crossing accidents,FR,France,2016,48,
LVLCROS,Level crossing accidents,FR,France,2017,41,
LVLCROS,Level crossing accidents,FR,France,2018,26,
LVLCROS,Level crossing accidents,FR,France,2019,38,
LVLCROS,Level crossing accidents,FR,France,2020,22,
LVLCROS,Level crossing accidents,FR,France,2021,42,
LVLCROS,Level crossing accidents,FR,France,2022,28,
LVLCROS,Level crossing accidents,FR,France,2023,47,
LVLCROS,Level crossing accidents,FR,France,2024,32,
LVLCROS,Level crossing accidents,HR,Croatia,2010,12,
LVLCROS,Level crossing accidents,HR,Croatia,2011,18,
LVLCROS,Level crossing accidents,HR,Croatia,2012,18,
LVLCROS,Level crossing accidents,HR,Croatia,2013,13,
LVLCROS,Level crossing accidents,HR,Croatia,2014,6,
LVLCROS,Level crossing accidents,HR,Croatia,2015,11,
LVLCROS,Level crossing accidents,HR,Croatia,2016,5,
LVLCROS,Level crossing accidents,HR,Croatia,2017,10,
LVLCROS,Level crossing accidents,HR,Croatia,2018,12,
LVLCROS,Level crossing accidents,HR,Croatia,2019,11,
LVLCROS,Level crossing accidents,HR,Croatia,2020,8,
LVLCROS,Level crossing accidents,HR,Croatia,2021,12,
LVLCROS,Level crossing accidents,HR,Croatia,2022,9,
LVLCROS,Level crossing accidents,HR,Croatia,2023,6,
LVLCROS,Level crossing accidents,HR,Croatia,2024,7,
LVLCROS,Level crossing accidents,HU,Hungary,2006,104,
LVLCROS,Level crossing accidents,HU,Hungary,2007,54,
LVLCROS,Level crossing accidents,HU,Hungary,2008,44,
LVLCROS,Level crossing accidents,HU,Hungary,2009,39,
LVLCROS,Level crossing accidents,HU,Hungary,2010,42,
LVLCROS,Level crossing accidents,HU,Hungary,2011,38,
LVLCROS,Level crossing accidents,HU,Hungary,2012,37,
LVLCROS,Level crossing accidents,HU,Hungary,2013,35,
LVLCROS,Level crossing accidents,HU,Hungary,2014,28,
LVLCROS,Level crossing accidents,HU,Hungary,2015,33,
LVLCROS,Level crossing accidents,HU,Hungary,2016,27,
LVLCROS,Level crossing accidents,HU,Hungary,2017,33,
LVLCROS,Level crossing accidents,HU,Hungary,2018,33,
LVLCROS,Level crossing accidents,HU,Hungary,2019,37,
LVLCROS,Level crossing accidents,HU,Hungary,2020,41,
LVLCROS,Level crossing accidents,HU,Hungary,2021,34,
LVLCROS,Level crossing accidents,HU,Hungary,2022,24,
LVLCROS,Level crossing accidents,HU,Hungary,2023,14,
LVLCROS,Level crossing accidents,HU,Hungary,2024,31,
LVLCROS,Level crossing accidents,IE,Ireland,2006,0,
LVLCROS,Level crossing accidents,IE,Ireland,2007,2,
LVLCROS,Level crossing accidents,IE,Ireland,2008,1,
LVLCROS,Level crossing accidents,IE,Ireland,2009,1,
LVLCROS,Level crossing accidents,IE,Ireland,2010,2,
LVLCROS,Level crossing accidents,IE,Ireland,2011,0,
LVLCROS,Level crossing accidents,IE,Ireland,2012,0,
LVLCROS,Level crossing accidents,IE,Ireland,2013,0,
LVLCROS,Level crossing accidents,IE,Ireland,2014,1,
LVLCROS,Level crossing accidents,IE,Ireland,2015,0,
LVLCROS,Level crossing accidents,IE,Ireland,2016,0,
LVLCROS,Level crossing accidents,IE,Ireland,2017,0,
LVLCROS,Level crossing accidents,IE,Ireland,2018,1,
LVLCROS,Level crossing accidents,IE,Ireland,2019,0,
LVLCROS,Level crossing accidents,IE,Ireland,2020,0,
LVLCROS,Level crossing accidents,IE,Ireland,2021,0,
LVLCROS,Level crossing accidents,IE,Ireland,2022,0,
LVLCROS,Level crossing accidents,IE,Ireland,2023,0,
LVLCROS,Level crossing accidents,IE,Ireland,2024,0,
LVLCROS,Level crossing accidents,IT,Italy,2006,38,
LVLCROS,Level crossing accidents,IT,Italy,2007,23,
LVLCROS,Level crossing accidents,IT,Italy,2008,16,
LVLCROS,Level crossing accidents,IT,Italy,2009,7,
LVLCROS,Level crossing accidents,IT,Italy,2010,15,
LVLCROS,Level crossing accidents,IT,Italy,2011,18,
LVLCROS,Level crossing accidents,IT,Italy,2012,13,
LVLCROS,Level crossing accidents,IT,Italy,2013,14,
LVLCROS,Level crossing accidents,IT,Italy,2014,16,
LVLCROS,Level crossing accidents,IT,Italy,2015,19,
LVLCROS,Level crossing accidents,IT,Italy,2016,15,
LVLCROS,Level crossing accidents,IT,Italy,2017,12,
LVLCROS,Level crossing accidents,IT,Italy,2018,3,
LVLCROS,Level crossing accidents,IT,Italy,2019,5,
LVLCROS,Level crossing accidents,IT,Italy,2020,8,
LVLCROS,Level crossing accidents,IT,Italy,2021,7,
LVLCROS,Level crossing accidents,IT,Italy,2022,16,
LVLCROS,Level crossing accidents,IT,Italy,2023,7,
LVLCROS,Level crossing accidents,IT,Italy,2024,6,
LVLCROS,Level crossing accidents,LT,Lithuania,2006,21,
LVLCROS,Level crossing accidents,LT,Lithuania,2007,13,
LVLCROS,Level crossing accidents,LT,Lithuania,2008,19,
LVLCROS,Level crossing accidents,LT,Lithuania,2009,14,
LVLCROS,Level crossing accidents,LT,Lithuania,2010,6,
LVLCROS,Level crossing accidents,LT,Lithuania,2011,6,
LVLCROS,Level crossing accidents,LT,Lithuania,2012,4,
LVLCROS,Level crossing accidents,LT,Lithuania,2013,4,
LVLCROS,Level crossing accidents,LT,Lithuania,2014,5,
LVLCROS,Level crossing accidents,LT,Lithuania,2015,3,
LVLCROS,Level crossing accidents,LT,Lithuania,2016,6,
LVLCROS,Level crossing accidents,LT,Lithuania,2017,2,
LVLCROS,Level crossing accidents,LT,Lithuania,2018,3,
LVLCROS,Level crossing accidents,LT,Lithuania,2019,0,
LVLCROS,Level crossing accidents,LT,Lithuania,2020,1,
LVLCROS,Level crossing accidents,LT,Lithuania,2021,0,
LVLCROS,Level crossing accidents,LT,Lithuania,2022,2,
LVLCROS,Level crossing accidents,LT,Lithuania,2023,0,
LVLCROS,Level crossing accidents,LT,Lithuania,2024,0,
LVLCROS,Level crossing accidents,LU,Luxembourg,2009,5,
LVLCROS,Level crossing accidents,LU,Luxembourg,2010,2,
LVLCROS,Level crossing accidents,LU,Luxembourg,2011,0,
LVLCROS,Level crossing accidents,LU,Luxembourg,2012,0,
LVLCROS,Level crossing accidents,LU,Luxembourg,2013,2,
LVLCROS,Level crossing accidents,LU,Luxembourg,2014,0,
LVLCROS,Level crossing accidents,LU,Luxembourg,2015,0,
LVLCROS,Level crossing accidents,LU,Luxembourg,2016,1,
LVLCROS,Level crossing accidents,LU,Luxembourg,2017,0,
LVLCROS,Level crossing accidents,LU,Luxembourg,2018,2,
LVLCROS,Level crossing accidents,LU,Luxembourg,2019,0,
LVLCROS,Level crossing accidents,LU,Luxembourg,2020,0,
LVLCROS,Level crossing accidents,LU,Luxembourg,2021,1,
LVLCROS,Level crossing accidents,LU,Luxembourg,2022,1,
LVLCROS,Level crossing accidents,LU,Luxembourg,2023,1,
LVLCROS,Level crossing accidents,LU,Luxembourg,2024,0,
LVLCROS,Level crossing accidents,LV,Latvia,2006,10,
LVLCROS,Level crossing accidents,LV,Latvia,2007,9,
LVLCROS,Level crossing accidents,LV,Latvia,2008,10,
LVLCROS,Level crossing accidents,LV,Latvia,2009,8,
LVLCROS,Level crossing accidents,LV,Latvia,2010,10,
LVLCROS,Level crossing accidents,LV,Latvia,2011,8,
LVLCROS,Level crossing accidents,LV,Latvia,2012,6,
LVLCROS,Level crossing accidents,LV,Latvia,2013,2,
LVLCROS,Level crossing accidents,LV,Latvia,2014,3,
LVLCROS,Level crossing accidents,LV,Latvia,2015,5,
LVLCROS,Level crossing accidents,LV,Latvia,2016,3,
LVLCROS,Level crossing accidents,LV,Latvia,2017,7,
LVLCROS,Level crossing accidents,LV,Latvia,2018,9,
LVLCROS,Level crossing accidents,LV,Latvia,2019,7,
LVLCROS,Level crossing accidents,LV,Latvia,2020,1,
LVLCROS,Level crossing accidents,LV,Latvia,2021,1,
LVLCROS,Level crossing accidents,LV,Latvia,2022,4,
LVLCROS,Level crossing accidents,LV,Latvia,2023,0,
LVLCROS,Level crossing accidents,LV,Latvia,2024,4,
LVLCROS,Level crossing accidents,ME,Montenegro,2013,5,
LVLCROS,Level crossing accidents,ME,Montenegro,2014,2,
LVLCROS,Level crossing accidents,ME,Montenegro,2015,0,
LVLCROS,Level crossing accidents,ME,Montenegro,2016,5,
LVLCROS,Level crossing accidents,MK,North Macedonia,2009,14,
LVLCROS,Level crossing accidents,MK,North Macedonia,2010,9,
LVLCROS,Level crossing accidents,MK,North Macedonia,2011,5,
LVLCROS,Level crossing accidents,MK,North Macedonia,2012,6,
LVLCROS,Level crossing accidents,MK,North Macedonia,2013,20,
LVLCROS,Level crossing accidents,MK,North Macedonia,2014,19,
LVLCROS,Level crossing accidents,MK,North Macedonia,2015,6,
LVLCROS,Level crossing accidents,MK,North Macedonia,2016,14,
LVLCROS,Level crossing accidents,MK,North Macedonia,2017,1,
LVLCROS,Level crossing accidents,MK,North Macedonia,2018,3,
LVLCROS,Level crossing accidents,NL,Netherlands,2006,12,
LVLCROS,Level crossing accidents,NL,Netherlands,2007,26,
LVLCROS,Level crossing accidents,NL,Netherlands,2008,21,
LVLCROS,Level crossing accidents,NL,Netherlands,2009,13,
LVLCROS,Level crossing accidents,NL,Netherlands,2010,9,
LVLCROS,Level crossing accidents,NL,Netherlands,2011,14,
LVLCROS,Level crossing accidents,NL,Netherlands,2012,19,
LVLCROS,Level crossing accidents,NL,Netherlands,2013,21,
LVLCROS,Level crossing accidents,NL,Netherlands,2014,13,
LVLCROS,Level crossing accidents,NL,Netherlands,2015,12,
LVLCROS,Level crossing accidents,NL,Netherlands,2016,7,
LVLCROS,Level crossing accidents,NL,Netherlands,2017,11,
LVLCROS,Level crossing accidents,NL,Netherlands,2018,13,
LVLCROS,Level crossing accidents,NL,Netherlands,2019,14,
LVLCROS,Level crossing accidents,NL,Netherlands,2020,10,
LVLCROS,Level crossing accidents,NL,Netherlands,2021,13,
LVLCROS,Level crossing accidents,NL,Netherlands,2022,8,
LVLCROS,Level crossing accidents,NL,Netherlands,2023,10,
LVLCROS,Level crossing accidents,NL,Netherlands,2024,17,
LVLCROS,Level crossing accidents,NO,Norway,2006,2,
LVLCROS,Level crossing accidents,NO,Norway,2007,2,
LVLCROS,Level crossing accidents,NO,Norway,2008,0,
LVLCROS,Level crossing accidents,NO,Norway,2009,2,
LVLCROS,Level crossing accidents,NO,Norway,2010,3,
LVLCROS,Level crossing accidents,NO,Norway,2011,2,
LVLCROS,Level crossing accidents,NO,Norway,2012,2,
LVLCROS,Level crossing accidents,NO,Norway,2013,3,
LVLCROS,Level crossing accidents,NO,Norway,2014,2,
LVLCROS,Level crossing accidents,NO,Norway,2015,3,
LVLCROS,Level crossing accidents,NO,Norway,2016,0,
LVLCROS,Level crossing accidents,NO,Norway,2017,2,
LVLCROS,Level crossing accidents,NO,Norway,2018,3,
LVLCROS,Level crossing accidents,NO,Norway,2019,1,
LVLCROS,Level crossing accidents,NO,Norway,2020,2,
LVLCROS,Level crossing accidents,NO,Norway,2021,1,
LVLCROS,Level crossing accidents,NO,Norway,2022,3,
LVLCROS,Level crossing accidents,NO,Norway,2023,4,
LVLCROS,Level crossing accidents,NO,Norway,2024,4,
LVLCROS,Level crossing accidents,PL,Poland,2006,275,
LVLCROS,Level crossing accidents,PL,Poland,2007,325,
LVLCROS,Level crossing accidents,PL,Poland,2008,278,
LVLCROS,Level crossing accidents,PL,Poland,2009,98,
LVLCROS,Level crossing accidents,PL,Poland,2010,86,
LVLCROS,Level crossing accidents,PL,Poland,2011,86,
LVLCROS,Level crossing accidents,PL,Poland,2012,77,
LVLCROS,Level crossing accidents,PL,Poland,2013,75,
LVLCROS,Level crossing accidents,PL,Poland,2014,65,
LVLCROS,Level crossing accidents,PL,Poland,2015,74,
LVLCROS,Level crossing accidents,PL,Poland,2016,76,
LVLCROS,Level crossing accidents,PL,Poland,2017,57,
LVLCROS,Level crossing accidents,PL,Poland,2018,64,
LVLCROS,Level crossing accidents,PL,Poland,2019,68,
LVLCROS,Level crossing accidents,PL,Poland,2020,54,
LVLCROS,Level crossing accidents,PL,Poland,2021,64,
LVLCROS,Level crossing accidents,PL,Poland,2022,58,
LVLCROS,Level crossing accidents,PL,Poland,2023,61,
LVLCROS,Level crossing accidents,PL,Poland,2024,52,
LVLCROS,Level crossing accidents,PT,Portugal,2006,22,
LVLCROS,Level crossing accidents,PT,Portugal,2007,27,
LVLCROS,Level crossing accidents,PT,Portugal,2008,20,
LVLCROS,Level crossing accidents,PT,Portugal,2009,15,
LVLCROS,Level crossing accidents,PT,Portugal,2010,14,
LVLCROS,Level crossing accidents,PT,Portugal,2011,7,
LVLCROS,Level crossing accidents,PT,Portugal,2012,11,
LVLCROS,Level crossing accidents,PT,Portugal,2013,12,
LVLCROS,Level crossing accidents,PT,Portugal,2014,9,
LVLCROS,Level crossing accidents,PT,Portugal,2015,6,
LVLCROS,Level crossing accidents,PT,Portugal,2016,8,
LVLCROS,Level crossing accidents,PT,Portugal,2017,7,
LVLCROS,Level crossing accidents,PT,Portugal,2018,7,
LVLCROS,Level crossing accidents,PT,Portugal,2019,16,
LVLCROS,Level crossing accidents,PT,Portugal,2020,10,
LVLCROS,Level crossing accidents,PT,Portugal,2021,10,
LVLCROS,Level crossing accidents,PT,Portugal,2022,6,
LVLCROS,Level crossing accidents,PT,Portugal,2023,13,
LVLCROS,Level crossing accidents,PT,Portugal,2024,5,
LVLCROS,Level crossing accidents,RO,Romania,2006,87,
LVLCROS,Level crossing accidents,RO,Romania,2007,91,
LVLCROS,Level crossing accidents,RO,Romania,2008,86,
LVLCROS,Level crossing accidents,RO,Romania,2009,57,
LVLCROS,Level crossing accidents,RO,Romania,2010,58,
LVLCROS,Level crossing accidents,RO,Romania,2011,43,
LVLCROS,Level crossing accidents,RO,Romania,2012,59,
LVLCROS,Level crossing accidents,RO,Romania,2013,44,
LVLCROS,Level crossing accidents,RO,Romania,2014,50,
LVLCROS,Level crossing accidents,RO,Romania,2015,29,
LVLCROS,Level crossing accidents,RO,Romania,2016,42,
LVLCROS,Level crossing accidents,RO,Romania,2017,43,
LVLCROS,Level crossing accidents,RO,Romania,2018,34,
LVLCROS,Level crossing accidents,RO,Romania,2019,37,
LVLCROS,Level crossing accidents,RO,Romania,2020,22,
LVLCROS,Level crossing accidents,RO,Romania,2021,34,
LVLCROS,Level crossing accidents,RO,Romania,2022,23,
LVLCROS,Level crossing accidents,RO,Romania,2023,24,
LVLCROS,Level crossing accidents,RO,Romania,2024,17,
LVLCROS,Level crossing accidents,SE,Sweden,2006,16,
LVLCROS,Level crossing accidents,SE,Sweden,2007,14,
LVLCROS,Level crossing accidents,SE,Sweden,2008,6,
LVLCROS,Level crossing accidents,SE,Sweden,2009,13,
LVLCROS,Level crossing accidents,SE,Sweden,2010,14,
LVLCROS,Level crossing accidents,SE,Sweden,2011,7,
LVLCROS,Level crossing accidents,SE,Sweden,2012,11,
LVLCROS,Level crossing accidents,SE,Sweden,2013,13,
LVLCROS,Level crossing accidents,SE,Sweden,2014,13,
LVLCROS,Level crossing accidents,SE,Sweden,2015,9,
LVLCROS,Level crossing accidents,SE,Sweden,2016,7,
LVLCROS,Level crossing accidents,SE,Sweden,2017,16,
LVLCROS,Level crossing accidents,SE,Sweden,2018,10,
LVLCROS,Level crossing accidents,SE,Sweden,2019,8,
LVLCROS,Level crossing accidents,SE,Sweden,2020,6,
LVLCROS,Level crossing accidents,SE,Sweden,2021,9,
LVLCROS,Level crossing accidents,SE,Sweden,2022,7,
LVLCROS,Level crossing accidents,SE,Sweden,2023,19,
LVLCROS,Level crossing accidents,SE,Sweden,2024,11,
LVLCROS,Level crossing accidents,SI,Slovenia,2006,41,
LVLCROS,Level crossing accidents,SI,Slovenia,2007,32,
LVLCROS,Level crossing accidents,SI,Slovenia,2008,41,
LVLCROS,Level crossing accidents,SI,Slovenia,2009,11,
LVLCROS,Level crossing accidents,SI,Slovenia,2010,16,
LVLCROS,Level crossing accidents,SI,Slovenia,2011,6,
LVLCROS,Level crossing accidents,SI,Slovenia,2012,8,
LVLCROS,Level crossing accidents,SI,Slovenia,2013,11,
LVLCROS,Level crossing accidents,SI,Slovenia,2014,9,
LVLCROS,Level crossing accidents,SI,Slovenia,2015,10,
LVLCROS,Level crossing accidents,SI,Slovenia,2016,8,
LVLCROS,Level crossing accidents,SI,Slovenia,2017,6,
LVLCROS,Level crossing accidents,SI,Slovenia,2018,9,
LVLCROS,Level crossing accidents,SI,Slovenia,2019,7,
LVLCROS,Level crossing accidents,SI,Slovenia,2020,5,
LVLCROS,Level crossing accidents,SI,Slovenia,2021,7,
LVLCROS,Level crossing accidents,SI,Slovenia,2022,6,
LVLCROS,Level crossing accidents,SI,Slovenia,2023,6,
LVLCROS,Level crossing accidents,SI,Slovenia,2024,1,
LVLCROS,Level crossing accidents,SK,Slovakia,2006,68,
LVLCROS,Level crossing accidents,SK,Slovakia,2007,71,
LVLCROS,Level crossing accidents,SK,Slovakia,2008,63,
LVLCROS,Level crossing accidents,SK,Slovakia,2009,51,
LVLCROS,Level crossing accidents,SK,Slovakia,2010,11,
LVLCROS,Level crossing accidents,SK,Slovakia,2011,21,
LVLCROS,Level crossing accidents,SK,Slovakia,2012,27,
LVLCROS,Level crossing accidents,SK,Slovakia,2013,18,
LVLCROS,Level crossing accidents,SK,Slovakia,2014,20,
LVLCROS,Level crossing accidents,SK,Slovakia,2015,22,
LVLCROS,Level crossing accidents,SK,Slovakia,2016,12,
LVLCROS,Level crossing accidents,SK,Slovakia,2017,14,
LVLCROS,Level crossing accidents,SK,Slovakia,2018,20,
LVLCROS,Level crossing accidents,SK,Slovakia,2019,16,
LVLCROS,Level crossing accidents,SK,Slovakia,2020,14,
LVLCROS,Level crossing accidents,SK,Slovakia,2021,21,
LVLCROS,Level crossing accidents,SK,Slovakia,2022,11,
LVLCROS,Level crossing accidents,SK,Slovakia,2023,16,
LVLCROS,Level crossing accidents,SK,Slovakia,2024,15,
LVLCROS,Level crossing accidents,TR,Türkiye,2006,157,
LVLCROS,Level crossing accidents,TR,Türkiye,2007,139,
LVLCROS,Level crossing accidents,TR,Türkiye,2008,118,
LVLCROS,Level crossing accidents,TR,Türkiye,2009,85,
LVLCROS,Level crossing accidents,TR,Türkiye,2010,46,
LVLCROS,Level crossing accidents,TR,Türkiye,2011,42,
LVLCROS,Level crossing accidents,TR,Türkiye,2012,44,
LVLCROS,Level crossing accidents,TR,Türkiye,2013,33,
LVLCROS,Level crossing accidents,TR,Türkiye,2014,41,
LVLCROS,Level crossing accidents,TR,Türkiye,2015,27,
LVLCROS,Level crossing accidents,TR,Türkiye,2016,51,
LVLCROS,Level crossing accidents,TR,Türkiye,2017,23,
LVLCROS,Level crossing accidents,TR,Türkiye,2018,23,
LVLCROS,Level crossing accidents,TR,Türkiye,2020,17,
LVLCROS,Level crossing accidents,TR,Türkiye,2021,13,
LVLCROS,Level crossing accidents,TR,Türkiye,2022,21,
LVLCROS,Level crossing accidents,TR,Türkiye,2023,14,
LVLCROS,Level crossing accidents,TR,Türkiye,2024,18,
LVLCROS,Level crossing accidents,UK,United Kingdom,2006,9,
LVLCROS,Level crossing accidents,UK,United Kingdom,2007,14,
LVLCROS,Level crossing accidents,UK,United Kingdom,2008,23,
LVLCROS,Level crossing accidents,UK,United Kingdom,2009,16,
LVLCROS,Level crossing accidents,UK,United Kingdom,2010,7,
LVLCROS,Level crossing accidents,UK,United Kingdom,2011,11,
LVLCROS,Level crossing accidents,UK,United Kingdom,2012,10,
LVLCROS,Level crossing accidents,UK,United Kingdom,2013,12,
LVLCROS,Level crossing accidents,UK,United Kingdom,2014,11,
LVLCROS,Level crossing accidents,UK,United Kingdom,2015,3,
LVLCROS,Level crossing accidents,UK,United Kingdom,2016,10,
LVLCROS,Level crossing accidents,UK,United Kingdom,2017,10,
LVLCROS,Level crossing accidents,UK,United Kingdom,2018,5,
LVLCROS,Level crossing accidents,UK,United Kingdom,2019,5,
LVLCROS,Level crossing accidents,UK,United Kingdom,2020,4,
OTH,Others,AT,Austria,2006,7,
OTH,Others,AT,Austria,2007,14,
OTH,Others,AT,Austria,2008,16,
OTH,Others,AT,Austria,2009,8,
OTH,Others,AT,Austria,2010,12,
OTH,Others,AT,Austria,2011,7,
OTH,Others,AT,Austria,2012,5,
OTH,Others,AT,Austria,2013,2,
OTH,Others,AT,Austria,2014,1,
OTH,Others,AT,Austria,2015,4,
OTH,Others,AT,Austria,2016,3,
OTH,Others,AT,Austria,2017,0,
OTH,Others,AT,Austria,2018,0,
OTH,Others,AT,Austria,2019,3,
OTH,Others,AT,Austria,2020,3,
OTH,Others,AT,Austria,2021,1,
OTH,Others,AT,Austria,2022,0,
OTH,Others,AT,Austria,2023,1,
OTH,Others,AT,Austria,2024,0,
OTH,Others,BE,Belgium,2006,0,
OTH,Others,BE,Belgium,2007,0,
OTH,Others,BE,Belgium,2008,0,
OTH,Others,BE,Belgium,2009,0,
OTH,Others,BE,Belgium,2010,1,
OTH,Others,BE,Belgium,2011,0,
OTH,Others,BE,Belgium,2012,0,
OTH,Others,BE,Belgium,2013,0,
OTH,Others,BE,Belgium,2014,0,
OTH,Others,BE,Belgium,2015,0,
OTH,Others,BE,Belgium,2016,1,
OTH,Others,BE,Belgium,2017,1,
OTH,Others,BE,Belgium,2018,0,
OTH,Others,BE,Belgium,2019,0,
OTH,Others,BE,Belgium,2020,1,
OTH,Others,BE,Belgium,2021,0,
OTH,Others,BE,Belgium,2022,2,
OTH,Others,BE,Belgium,2023,0,
OTH,Others,BE,Belgium,2024,2,
OTH,Others,BG,Bulgaria,2006,6,
OTH,Others,BG,Bulgaria,2007,0,
OTH,Others,BG,Bulgaria,2008,0,
OTH,Others,BG,Bulgaria,2009,0,
OTH,Others,BG,Bulgaria,2010,6,
OTH,Others,BG,Bulgaria,2011,0,
OTH,Others,BG,Bulgaria,2012,0,
OTH,Others,BG,Bulgaria,2013,1,
OTH,Others,BG,Bulgaria,2014,0,
OTH,Others,BG,Bulgaria,2015,0,
OTH,Others,BG,Bulgaria,2016,0,
OTH,Others,BG,Bulgaria,2017,0,
OTH,Others,BG,Bulgaria,2018,0,
OTH,Others,BG,Bulgaria,2019,0,
OTH,Others,BG,Bulgaria,2020,0,
OTH,Others,BG,Bulgaria,2021,0,
OTH,Others,BG,Bulgaria,2022,0,
OTH,Others,BG,Bulgaria,2023,0,
OTH,Others,BG,Bulgaria,2024,1,
OTH,Others,CH,Switzerland,2009,9,
OTH,Others,CH,Switzerland,2010,9,
OTH,Others,CH,Switzerland,2011,9,
OTH,Others,CH,Switzerland,2012,7,
OTH,Others,CH,Switzerland,2013,9,
OTH,Others,CH,Switzerland,2014,7,
OTH,Others,CH,Switzerland,2015,4,
OTH,Others,CH,Switzerland,2016,5,
OTH,Others,CH,Switzerland,2017,10,
OTH,Others,CH,Switzerland,2018,9,
OTH,Others,CH,Switzerland,2019,5,
OTH,Others,CH,Switzerland,2020,4,
OTH,Others,CH,Switzerland,2021,6,
OTH,Others,CH,Switzerland,2022,4,
OTH,Others,CH,Switzerland,2023,14,
OTH,Others,CH,Switzerland,2024,7,
OTH,Others,CHUNNEL,Channel Tunnel,2007,0,
OTH,Others,CHUNNEL,Channel Tunnel,2008,0,
OTH,Others,CHUNNEL,Channel Tunnel,2009,0,
OTH,Others,CHUNNEL,Channel Tunnel,2010,0,
OTH,Others,CHUNNEL,Channel Tunnel,2011,0,
OTH,Others,CHUNNEL,Channel Tunnel,2012,0,
OTH,Others,CHUNNEL,Channel Tunnel,2013,0,
OTH,Others,CHUNNEL,Channel Tunnel,2014,0,
OTH,Others,CHUNNEL,Channel Tunnel,2015,0,
OTH,Others,CHUNNEL,Channel Tunnel,2016,0,
OTH,Others,CHUNNEL,Channel Tunnel,2017,0,
OTH,Others,CHUNNEL,Channel Tunnel,2018,1,
OTH,Others,CHUNNEL,Channel Tunnel,2019,0,
OTH,Others,CHUNNEL,Channel Tunnel,2020,0,
OTH,Others,CHUNNEL,Channel Tunnel,2021,0,
OTH,Others,CHUNNEL,Channel Tunnel,2022,0,
OTH,Others,CHUNNEL,Channel Tunnel,2023,0,
OTH,Others,CHUNNEL,Channel Tunnel,2024,0,
OTH,Others,CZ,Czechia,2006,2,
OTH,Others,CZ,Czechia,2007,1,
OTH,Others,CZ,Czechia,2008,0,
OTH,Others,CZ,Czechia,2009,0,
OTH,Others,CZ,Czechia,2010,1,
OTH,Others,CZ,Czechia,2011,2,
OTH,Others,CZ,Czechia,2012,0,
OTH,Others,CZ,Czechia,2013,6,
OTH,Others,CZ,Czechia,2014,5,
OTH,Others,CZ,Czechia,2015,8,
OTH,Others,CZ,Czechia,2016,5,
OTH,Others,CZ,Czechia,2017,7,
OTH,Others,CZ,Czechia,2018,6,
OTH,Others,CZ,Czechia,2019,5,
OTH,Others,CZ,Czechia,2020,4,
OTH,Others,CZ,Czechia,2021,5,
OTH,Others,CZ,Czechia,2022,14,
OTH,Others,CZ,Czechia,2023,8,
OTH,Others,CZ,Czechia,2024,11,
OTH,Others,DE,Germany,2006,14,
OTH,Others,DE,Germany,2007,14,
OTH,Others,DE,Germany,2008,29,
OTH,Others,DE,Germany,2009,18,
OTH,Others,DE,Germany,2010,24,
OTH,Others,DE,Germany,2011,18,
OTH,Others,DE,Germany,2012,24,
OTH,Others,DE,Germany,2013,35,
OTH,Others,DE,Germany,2014,38,
OTH,Others,DE,Germany,2015,36,
OTH,Others,DE,Germany,2016,39,
OTH,Others,DE,Germany,2017,29,
OTH,Others,DE,Germany,2018,24,
OTH,Others,DE,Germany,2019,31,
OTH,Others,DE,Germany,2020,35,
OTH,Others,DE,Germany,2021,21,
OTH,Others,DE,Germany,2022,37,
OTH,Others,DE,Germany,2023,35,
OTH,Others,DE,Germany,2024,46,
OTH,Others,DK,Denmark,2006,4,
OTH,Others,DK,Denmark,2007,2,
OTH,Others,DK,Denmark,2008,0,
OTH,Others,DK,Denmark,2009,5,
OTH,Others,DK,Denmark,2010,1,
OTH,Others,DK,Denmark,2011,1,
OTH,Others,DK,Denmark,2012,2,
OTH,Others,DK,Denmark,2013,3,
OTH,Others,DK,Denmark,2014,2,
OTH,Others,DK,Denmark,2015,2,
OTH,Others,DK,Denmark,2016,2,
OTH,Others,DK,Denmark,2017,0,
OTH,Others,DK,Denmark,2018,0,
OTH,Others,DK,Denmark,2019,0,
OTH,Others,DK,Denmark,2020,1,
OTH,Others,DK,Denmark,2021,0,
OTH,Others,DK,Denmark,2022,1,
OTH,Others,DK,Denmark,2023,2,
OTH,Others,DK,Denmark,2024,4,
OTH,Others,EE,Estonia,2007,0,
OTH,Others,EE,Estonia,2008,0,
OTH,Others,EE,Estonia,2009,0,
OTH,Others,EE,Estonia,2010,0,
OTH,Others,EE,Estonia,2011,0,
OTH,Others,EE,Estonia,2012,0,
OTH,Others,EE,Estonia,2013,0,
OTH,Others,EE,Estonia,2014,0,
OTH,Others,EE,Estonia,2015,0,
OTH,Others,EE,Estonia,2016,2,
OTH,Others,EE,Estonia,2017,0,
OTH,Others,EE,Estonia,2018,1,
OTH,Others,EE,Estonia,2019,0,
OTH,Others,EE,Estonia,2020,0,
OTH,Others,EE,Estonia,2021,0,
OTH,Others,EE,Estonia,2022,0,
OTH,Others,EE,Estonia,2023,0,
OTH,Others,EE,Estonia,2024,0,
OTH,Others,EL,Greece,2006,0,
OTH,Others,EL,Greece,2007,0,
OTH,Others,EL,Greece,2008,0,
OTH,Others,EL,Greece,2009,1,
OTH,Others,EL,Greece,2010,0,
OTH,Others,EL,Greece,2011,0,
OTH,Others,EL,Greece,2012,0,
OTH,Others,EL,Greece,2013,1,
OTH,Others,EL,Greece,2014,0,
OTH,Others,EL,Greece,2015,0,
OTH,Others,EL,Greece,2016,1,
OTH,Others,EL,Greece,2017,1,
OTH,Others,EL,Greece,2018,0,
OTH,Others,EL,Greece,2019,0,
OTH,Others,EL,Greece,2020,1,
OTH,Others,EL,Greece,2021,0,
OTH,Others,EL,Greece,2022,0,
OTH,Others,EL,Greece,2023,0,
OTH,Others,EL,Greece,2024,0,
OTH,Others,ES,Spain,2006,0,
OTH,Others,ES,Spain,2007,0,
OTH,Others,ES,Spain,2008,0,
OTH,Others,ES,Spain,2009,2,
OTH,Others,ES,Spain,2010,1,
OTH,Others,ES,Spain,2011,0,
OTH,Others,ES,Spain,2012,1,
OTH,Others,ES,Spain,2013,0,
OTH,Others,ES,Spain,2014,0,
OTH,Others,ES,Spain,2015,1,
OTH,Others,ES,Spain,2016,0,
OTH,Others,ES,Spain,2017,3,
OTH,Others,ES,Spain,2018,2,
OTH,Others,ES,Spain,2019,3,
OTH,Others,ES,Spain,2020,2,
OTH,Others,ES,Spain,2021,3,
OTH,Others,ES,Spain,2022,3,
OTH,Others,ES,Spain,2023,7,
OTH,Others,ES,Spain,2024,5,
OTH,Others,EU27_2020,European Union - 27 countries (from 2020),2010,111,
OTH,Others,EU27_2020,European Union - 27 countries (from 2020),2011,74,
OTH,Others,EU27_2020,European Union - 27 countries (from 2020),2012,78,
OTH,Others,EU27_2020,European Union - 27 countries (from 2020),2013,76,
OTH,Others,EU27_2020,European Union - 27 countries (from 2020),2014,100,
OTH,Others,EU27_2020,European Union - 27 countries (from 2020),2015,85,
OTH,Others,EU27_2020,European Union - 27 countries (from 2020),2016,82,
OTH,Others,EU27_2020,European Union - 27 countries (from 2020),2017,76,
OTH,Others,EU27_2020,European Union - 27 countries (from 2020),2018,69,
OTH,Others,EU27_2020,European Union - 27 countries (from 2020),2019,96,
OTH,Others,EU27_2020,European Union - 27 countries (from 2020),2020,107,
OTH,Others,EU27_2020,European Union - 27 countries (from 2020),2021,96,
OTH,Others,EU27_2020,European Union - 27 countries (from 2020),2022,96,
OTH,Others,EU27_2020,European Union - 27 countries (from 2020),2023,96,
OTH,Others,EU27_2020,European Union - 27 countries (from 2020),2024,114,
OTH,Others,FI,Finland,2006,3,
OTH,Others,FI,Finland,2007,0,
OTH,Others,FI,Finland,2008,3,
OTH,Others,FI,Finland,2009,2,
OTH,Others,FI,Finland,2010,3,
OTH,Others,FI,Finland,2011,0,
OTH,Others,FI,Finland,2012,2,
OTH,Others,FI,Finland,2013,1,
OTH,Others,FI,Finland,2014,1,
OTH,Others,FI,Finland,2015,1,
OTH,Others,FI,Finland,2016,3,
OTH,Others,FI,Finland,2017,4,
OTH,Others,FI,Finland,2018,3,
OTH,Others,FI,Finland,2019,4,
OTH,Others,FI,Finland,2020,2,
OTH,Others,FI,Finland,2021,6,
OTH,Others,FI,Finland,2022,2,
OTH,Others,FI,Finland,2023,5,
OTH,Others,FI,Finland,2024,2,
OTH,Others,FR,France,2006,65,
OTH,Others,FR,France,2007,31,
OTH,Others,FR,France,2008,63,
OTH,Others,FR,France,2009,21,
OTH,Others,FR,France,2010,20,
OTH,Others,FR,France,2011,13,
OTH,Others,FR,France,2012,15,
OTH,Others,FR,France,2013,11,
OTH,Others,FR,France,2014,23,
OTH,Others,FR,France,2015,10,
OTH,Others,FR,France,2016,3,
OTH,Others,FR,France,2017,8,
OTH,Others,FR,France,2018,7,
OTH,Others,FR,France,2019,7,
OTH,Others,FR,France,2020,5,
OTH,Others,FR,France,2021,5,
OTH,Others,FR,France,2022,13,
OTH,Others,FR,France,2023,11,
OTH,Others,FR,France,2024,6,
OTH,Others,HR,Croatia,2010,5,
OTH,Others,HR,Croatia,2011,3,
OTH,Others,HR,Croatia,2012,2,
OTH,Others,HR,Croatia,2013,1,
OTH,Others,HR,Croatia,2014,2,
OTH,Others,HR,Croatia,2015,0,
OTH,Others,HR,Croatia,2016,1,
OTH,Others,HR,Croatia,2017,2,
OTH,Others,HR,Croatia,2018,1,
OTH,Others,HR,Croatia,2019,0,
OTH,Others,HR,Croatia,2020,2,
OTH,Others,HR,Croatia,2021,1,
OTH,Others,HR,Croatia,2022,1,
OTH,Others,HR,Croatia,2023,0,
OTH,Others,HR,Croatia,2024,0,
OTH,Others,HU,Hungary,2006,40,
OTH,Others,HU,Hungary,2007,1,
OTH,Others,HU,Hungary,2008,30,
OTH,Others,HU,Hungary,2009,3,
OTH,Others,HU,Hungary,2010,2,
OTH,Others,HU,Hungary,2011,4,
OTH,Others,HU,Hungary,2012,4,
OTH,Others,HU,Hungary,2013,11,
OTH,Others,HU,Hungary,2014,13,
OTH,Others,HU,Hungary,2015,7,
OTH,Others,HU,Hungary,2016,8,
OTH,Others,HU,Hungary,2017,5,
OTH,Others,HU,Hungary,2018,4,
OTH,Others,HU,Hungary,2019,19,
OTH,Others,HU,Hungary,2020,23,
OTH,Others,HU,Hungary,2021,21,
OTH,Others,HU,Hungary,2022,6,
OTH,Others,HU,Hungary,2023,0,
OTH,Others,HU,Hungary,2024,5,
OTH,Others,IE,Ireland,2006,1,
OTH,Others,IE,Ireland,2007,1,
OTH,Others,IE,Ireland,2008,0,
OTH,Others,IE,Ireland,2009,1,
OTH,Others,IE,Ireland,2010,0,
OTH,Others,IE,Ireland,2011,0,
OTH,Others,IE,Ireland,2012,0,
OTH,Others,IE,Ireland,2013,0,
OTH,Others,IE,Ireland,2014,0,
OTH,Others,IE,Ireland,2015,0,
OTH,Others,IE,Ireland,2016,0,
OTH,Others,IE,Ireland,2017,0,
OTH,Others,IE,Ireland,2018,5,
OTH,Others,IE,Ireland,2019,0,
OTH,Others,IE,Ireland,2020,0,
OTH,Others,IE,Ireland,2021,0,
OTH,Others,IE,Ireland,2022,0,
OTH,Others,IE,Ireland,2023,0,
OTH,Others,IE,Ireland,2024,0,
OTH,Others,IT,Italy,2006,5,
OTH,Others,IT,Italy,2007,3,
OTH,Others,IT,Italy,2008,3,
OTH,Others,IT,Italy,2009,7,
OTH,Others,IT,Italy,2010,3,
OTH,Others,IT,Italy,2011,2,
OTH,Others,IT,Italy,2012,1,
OTH,Others,IT,Italy,2013,1,
OTH,Others,IT,Italy,2014,6,
OTH,Others,IT,Italy,2015,2,
OTH,Others,IT,Italy,2016,5,
OTH,Others,IT,Italy,2017,7,
OTH,Others,IT,Italy,2018,6,
OTH,Others,IT,Italy,2019,6,
OTH,Others,IT,Italy,2020,13,
OTH,Others,IT,Italy,2021,14,
OTH,Others,IT,Italy,2022,6,
OTH,Others,IT,Italy,2023,9,
OTH,Others,IT,Italy,2024,6,
OTH,Others,LT,Lithuania,2006,0,
OTH,Others,LT,Lithuania,2007,0,
OTH,Others,LT,Lithuania,2008,0,
OTH,Others,LT,Lithuania,2009,0,
OTH,Others,LT,Lithuania,2010,0,
OTH,Others,LT,Lithuania,2011,0,
OTH,Others,LT,Lithuania,2012,0,
OTH,Others,LT,Lithuania,2013,0,
OTH,Others,LT,Lithuania,2014,0,
OTH,Others,LT,Lithuania,2015,0,
OTH,Others,LT,Lithuania,2016,0,
OTH,Others,LT,Lithuania,2017,0,
OTH,Others,LT,Lithuania,2018,0,
OTH,Others,LT,Lithuania,2019,0,
OTH,Others,LT,Lithuania,2020,0,
OTH,Others,LT,Lithuania,2021,0,
OTH,Others,LT,Lithuania,2022,0,
OTH,Others,LT,Lithuania,2023,0,
OTH,Others,LT,Lithuania,2024,0,
OTH,Others,LU,Luxembourg,2009,0,
OTH,Others,LU,Luxembourg,2010,0,
OTH,Others,LU,Luxembourg,2011,0,
OTH,Others,LU,Luxembourg,2012,0,
OTH,Others,LU,Luxembourg,2013,0,
OTH,Others,LU,Luxembourg,2014,0,
OTH,Others,LU,Luxembourg,2015,0,
OTH,Others,LU,Luxembourg,2016,0,
OTH,Others,LU,Luxembourg,2017,0,
OTH,Others,LU,Luxembourg,2018,0,
OTH,Others,LU,Luxembourg,2019,0,
OTH,Others,LU,Luxembourg,2020,0,
OTH,Others,LU,Luxembourg,2021,0,
OTH,Others,LU,Luxembourg,2022,0,
OTH,Others,LU,Luxembourg,2023,0,
OTH,Others,LU,Luxembourg,2024,0,
OTH,Others,LV,Latvia,2006,0,
OTH,Others,LV,Latvia,2007,5,
OTH,Others,LV,Latvia,2008,5,
OTH,Others,LV,Latvia,2009,2,
OTH,Others,LV,Latvia,2010,3,
OTH,Others,LV,Latvia,2011,0,
OTH,Others,LV,Latvia,2012,0,
OTH,Others,LV,Latvia,2013,0,
OTH,Others,LV,Latvia,2014,0,
OTH,Others,LV,Latvia,2015,0,
OTH,Others,LV,Latvia,2016,0,
OTH,Others,LV,Latvia,2017,0,
OTH,Others,LV,Latvia,2018,0,
OTH,Others,LV,Latvia,2019,0,
OTH,Others,LV,Latvia,2020,0,
OTH,Others,LV,Latvia,2021,0,
OTH,Others,LV,Latvia,2022,0,
OTH,Others,LV,Latvia,2023,0,
OTH,Others,LV,Latvia,2024,0,
OTH,Others,ME,Montenegro,2013,33,
OTH,Others,ME,Montenegro,2014,6,
OTH,Others,ME,Montenegro,2015,7,
OTH,Others,ME,Montenegro,2016,26,
OTH,Others,MK,North Macedonia,2009,59,
OTH,Others,MK,North Macedonia,2010,88,
OTH,Others,MK,North Macedonia,2011,78,
OTH,Others,MK,North Macedonia,2012,64,
OTH,Others,MK,North Macedonia,2013,4,
OTH,Others,MK,North Macedonia,2014,1,
OTH,Others,MK,North Macedonia,2015,7,
OTH,Others,MK,North Macedonia,2016,45,
OTH,Others,MK,North Macedonia,2017,17,
OTH,Others,MK,North Macedonia,2018,62,
OTH,Others,NL,Netherlands,2006,0,
OTH,Others,NL,Netherlands,2007,0,
OTH,Others,NL,Netherlands,2008,1,
OTH,Others,NL,Netherlands,2009,1,
OTH,Others,NL,Netherlands,2010,1,
OTH,Others,NL,Netherlands,2011,6,
OTH,Others,NL,Netherlands,2012,3,
OTH,Others,NL,Netherlands,2013,1,
OTH,Others,NL,Netherlands,2014,1,
OTH,Others,NL,Netherlands,2015,1,
OTH,Others,NL,Netherlands,2016,2,
OTH,Others,NL,Netherlands,2017,2,
OTH,Others,NL,Netherlands,2018,3,
OTH,Others,NL,Netherlands,2019,4,
OTH,Others,NL,Netherlands,2020,2,
OTH,Others,NL,Netherlands,2021,1,
OTH,Others,NL,Netherlands,2022,0,
OTH,Others,NL,Netherlands,2023,0,
OTH,Others,NL,Netherlands,2024,0,
OTH,Others,NO,Norway,2006,1,
OTH,Others,NO,Norway,2007,3,
OTH,Others,NO,Norway,2008,0,
OTH,Others,NO,Norway,2009,0,
OTH,Others,NO,Norway,2010,0,
OTH,Others,NO,Norway,2011,7,
OTH,Others,NO,Norway,2012,2,
OTH,Others,NO,Norway,2013,0,
OTH,Others,NO,Norway,2014,5,
OTH,Others,NO,Norway,2015,1,
OTH,Others,NO,Norway,2016,0,
OTH,Others,NO,Norway,2017,0,
OTH,Others,NO,Norway,2018,2,
OTH,Others,NO,Norway,2019,2,
OTH,Others,NO,Norway,2020,0,
OTH,Others,NO,Norway,2021,2,
OTH,Others,NO,Norway,2022,2,
OTH,Others,NO,Norway,2023,2,
OTH,Others,NO,Norway,2024,2,
OTH,Others,PL,Poland,2006,86,
OTH,Others,PL,Poland,2007,88,
OTH,Others,PL,Poland,2008,92,
OTH,Others,PL,Poland,2009,12,
OTH,Others,PL,Poland,2010,7,
OTH,Others,PL,Poland,2011,5,
OTH,Others,PL,Poland,2012,4,
OTH,Others,PL,Poland,2013,0,
OTH,Others,PL,Poland,2014,2,
OTH,Others,PL,Poland,2015,3,
OTH,Others,PL,Poland,2016,0,
OTH,Others,PL,Poland,2017,1,
OTH,Others,PL,Poland,2018,2,
OTH,Others,PL,Poland,2019,3,
OTH,Others,PL,Poland,2020,3,
OTH,Others,PL,Poland,2021,6,
OTH,Others,PL,Poland,2022,6,
OTH,Others,PL,Poland,2023,7,
OTH,Others,PL,Poland,2024,7,
OTH,Others,PT,Portugal,2007,4,
OTH,Others,PT,Portugal,2008,1,
OTH,Others,PT,Portugal,2009,0,
OTH,Others,PT,Portugal,2010,1,
OTH,Others,PT,Portugal,2011,0,
OTH,Others,PT,Portugal,2012,1,
OTH,Others,PT,Portugal,2013,0,
OTH,Others,PT,Portugal,2014,0,
OTH,Others,PT,Portugal,2015,0,
OTH,Others,PT,Portugal,2016,0,
OTH,Others,PT,Portugal,2017,0,
OTH,Others,PT,Portugal,2018,0,
OTH,Others,PT,Portugal,2019,2,
OTH,Others,PT,Portugal,2020,0,
OTH,Others,PT,Portugal,2021,0,
OTH,Others,PT,Portugal,2022,0,
OTH,Others,PT,Portugal,2023,0,
OTH,Others,PT,Portugal,2024,0,
OTH,Others,RO,Romania,2006,35,
OTH,Others,RO,Romania,2007,34,
OTH,Others,RO,Romania,2008,10,
OTH,Others,RO,Romania,2009,9,
OTH,Others,RO,Romania,2010,11,
OTH,Others,RO,Romania,2011,5,
OTH,Others,RO,Romania,2012,5,
OTH,Others,RO,Romania,2013,0,
OTH,Others,RO,Romania,2014,0,
OTH,Others,RO,Romania,2015,0,
OTH,Others,RO,Romania,2016,0,
OTH,Others,RO,Romania,2017,0,
OTH,Others,RO,Romania,2018,0,
OTH,Others,RO,Romania,2019,0,
OTH,Others,RO,Romania,2020,0,
OTH,Others,RO,Romania,2021,0,
OTH,Others,RO,Romania,2022,0,
OTH,Others,RO,Romania,2023,0,
OTH,Others,RO,Romania,2024,0,
OTH,Others,SE,Sweden,2006,7,
OTH,Others,SE,Sweden,2007,6,
OTH,Others,SE,Sweden,2008,6,
OTH,Others,SE,Sweden,2009,4,
OTH,Others,SE,Sweden,2010,7,
OTH,Others,SE,Sweden,2011,8,
OTH,Others,SE,Sweden,2012,5,
OTH,Others,SE,Sweden,2013,1,
OTH,Others,SE,Sweden,2014,6,
OTH,Others,SE,Sweden,2015,7,
OTH,Others,SE,Sweden,2016,5,
OTH,Others,SE,Sweden,2017,6,
OTH,Others,SE,Sweden,2018,5,
OTH,Others,SE,Sweden,2019,9,
OTH,Others,SE,Sweden,2020,10,
OTH,Others,SE,Sweden,2021,6,
OTH,Others,SE,Sweden,2022,2,
OTH,Others,SE,Sweden,2023,9,
OTH,Others,SE,Sweden,2024,16,
OTH,Others,SI,Slovenia,2006,2,
OTH,Others,SI,Slovenia,2007,5,
OTH,Others,SI,Slovenia,2008,6,
OTH,Others,SI,Slovenia,2009,5,
OTH,Others,SI,Slovenia,2010,1,
OTH,Others,SI,Slovenia,2011,0,
OTH,Others,SI,Slovenia,2012,3,
OTH,Others,SI,Slovenia,2013,0,
OTH,Others,SI,Slovenia,2014,0,
OTH,Others,SI,Slovenia,2015,1,
OTH,Others,SI,Slovenia,2016,1,
OTH,Others,SI,Slovenia,2017,0,
OTH,Others,SI,Slovenia,2018,0,
OTH,Others,SI,Slovenia,2019,0,
OTH,Others,SI,Slovenia,2020,0,
OTH,Others,SI,Slovenia,2021,1,
OTH,Others,SI,Slovenia,2022,0,
OTH,Others,SI,Slovenia,2023,0,
OTH,Others,SI,Slovenia,2024,1,
OTH,Others,SK,Slovakia,2006,55,
OTH,Others,SK,Slovakia,2007,41,
OTH,Others,SK,Slovakia,2008,50,
OTH,Others,SK,Slovakia,2009,88,
OTH,Others,SK,Slovakia,2010,1,
OTH,Others,SK,Slovakia,2011,0,
OTH,Others,SK,Slovakia,2012,1,
OTH,Others,SK,Slovakia,2013,1,
OTH,Others,SK,Slovakia,2014,0,
OTH,Others,SK,Slovakia,2015,2,
OTH,Others,SK,Slovakia,2016,1,
OTH,Others,SK,Slovakia,2017,0,
OTH,Others,SK,Slovakia,2018,0,
OTH,Others,SK,Slovakia,2019,0,
OTH,Others,SK,Slovakia,2020,0,
OTH,Others,SK,Slovakia,2021,5,
OTH,Others,SK,Slovakia,2022,3,
OTH,Others,SK,Slovakia,2023,2,
OTH,Others,SK,Slovakia,2024,2,
OTH,Others,TR,Türkiye,2006,0,
OTH,Others,TR,Türkiye,2007,0,
OTH,Others,TR,Türkiye,2008,0,
OTH,Others,TR,Türkiye,2009,2,
OTH,Others,TR,Türkiye,2010,1,
OTH,Others,TR,Türkiye,2011,3,
OTH,Others,TR,Türkiye,2012,9,
OTH,Others,TR,Türkiye,2013,1,
OTH,Others,TR,Türkiye,2014,3,
OTH,Others,TR,Türkiye,2015,6,
OTH,Others,TR,Türkiye,2016,4,
OTH,Others,TR,Türkiye,2017,1,
OTH,Others,TR,Türkiye,2018,5,
OTH,Others,TR,Türkiye,2020,4,
OTH,Others,TR,Türkiye,2021,4,
OTH,Others,TR,Türkiye,2022,2,
OTH,Others,TR,Türkiye,2023,2,
OTH,Others,TR,Türkiye,2024,3,
OTH,Others,UK,United Kingdom,2006,1,
OTH,Others,UK,United Kingdom,2007,0,
OTH,Others,UK,United Kingdom,2008,2,
OTH,Others,UK,United Kingdom,2009,4,
OTH,Others,UK,United Kingdom,2010,5,
OTH,Others,UK,United Kingdom,2011,2,
OTH,Others,UK,United Kingdom,2012,3,
OTH,Others,UK,United Kingdom,2013,0,
OTH,Others,UK,United Kingdom,2014,0,
OTH,Others,UK,United Kingdom,2015,0,
OTH,Others,UK,United Kingdom,2016,0,
OTH,Others,UK,United Kingdom,2017,0,
OTH,Others,UK,United Kingdom,2018,0,
OTH,Others,UK,United Kingdom,2019,1,
OTH,Others,UK,United Kingdom,2020,1,
RSTK_FIRE,Fires in rolling stock,AT,Austria,2006,1,
RSTK_FIRE,Fires in rolling stock,AT,Austria,2007,1,
RSTK_FIRE,Fires in rolling stock,AT,Austria,2008,0,
RSTK_FIRE,Fires in rolling stock,AT,Austria,2009,1,
RSTK_FIRE,Fires in rolling stock,AT,Austria,2010,0,
RSTK_FIRE,Fires in rolling stock,AT,Austria,2011,0,
RSTK_FIRE,Fires in rolling stock,AT,Austria,2012,0,
RSTK_FIRE,Fires in rolling stock,AT,Austria,2013,0,
RSTK_FIRE,Fires in rolling stock,AT,Austria,2014,1,
RSTK_FIRE,Fires in rolling stock,AT,Austria,2015,1,
RSTK_FIRE,Fires in rolling stock,AT,Austria,2016,0,
RSTK_FIRE,Fires in rolling stock,AT,Austria,2017,0,
RSTK_FIRE,Fires in rolling stock,AT,Austria,2018,0,
RSTK_FIRE,Fires in rolling stock,AT,Austria,2019,0,
RSTK_FIRE,Fires in rolling stock,AT,Austria,2020,0,
RSTK_FIRE,Fires in rolling stock,AT,Austria,2021,0,
RSTK_FIRE,Fires in rolling stock,AT,Austria,2022,5,
RSTK_FIRE,Fires in rolling stock,AT,Austria,2023,1,
RSTK_FIRE,Fires in rolling stock,AT,Austria,2024,2,
RSTK_FIRE,Fires in rolling stock,BE,Belgium,2006,18,
RSTK_FIRE,Fires in rolling stock,BE,Belgium,2007,17,
RSTK_FIRE,Fires in rolling stock,BE,Belgium,2008,24,
RSTK_FIRE,Fires in rolling stock,BE,Belgium,2009,6,
RSTK_FIRE,Fires in rolling stock,BE,Belgium,2010,0,
RSTK_FIRE,Fires in rolling stock,BE,Belgium,2011,0,
RSTK_FIRE,Fires in rolling stock,BE,Belgium,2012,1,
RSTK_FIRE,Fires in rolling stock,BE,Belgium,2013,0,
RSTK_FIRE,Fires in rolling stock,BE,Belgium,2014,1,
RSTK_FIRE,Fires in rolling stock,BE,Belgium,2015,0,
RSTK_FIRE,Fires in rolling stock,BE,Belgium,2016,0,
RSTK_FIRE,Fires in rolling stock,BE,Belgium,2017,0,
RSTK_FIRE,Fires in rolling stock,BE,Belgium,2018,2,
RSTK_FIRE,Fires in rolling stock,BE,Belgium,2019,0,
RSTK_FIRE,Fires in rolling stock,BE,Belgium,2020,0,
RSTK_FIRE,Fires in rolling stock,BE,Belgium,2021,0,
RSTK_FIRE,Fires in rolling stock,BE,Belgium,2022,0,
RSTK_FIRE,Fires in rolling stock,BE,Belgium,2023,0,
RSTK_FIRE,Fires in rolling stock,BE,Belgium,2024,0,
RSTK_FIRE,Fires in rolling stock,BG,Bulgaria,2006,1,
RSTK_FIRE,Fires in rolling stock,BG,Bulgaria,2007,0,
RSTK_FIRE,Fires in rolling stock,BG,Bulgaria,2008,1,
RSTK_FIRE,Fires in rolling stock,BG,Bulgaria,2009,0,
RSTK_FIRE,Fires in rolling stock,BG,Bulgaria,2010,0,
RSTK_FIRE,Fires in rolling stock,BG,Bulgaria,2011,1,
RSTK_FIRE,Fires in rolling stock,BG,Bulgaria,2012,1,
RSTK_FIRE,Fires in rolling stock,BG,Bulgaria,2013,0,
RSTK_FIRE,Fires in rolling stock,BG,Bulgaria,2014,0,
RSTK_FIRE,Fires in rolling stock,BG,Bulgaria,2015,0,
RSTK_FIRE,Fires in rolling stock,BG,Bulgaria,2016,2,
RSTK_FIRE,Fires in rolling stock,BG,Bulgaria,2017,1,
RSTK_FIRE,Fires in rolling stock,BG,Bulgaria,2018,2,
RSTK_FIRE,Fires in rolling stock,BG,Bulgaria,2019,0,
RSTK_FIRE,Fires in rolling stock,BG,Bulgaria,2020,0,
RSTK_FIRE,Fires in rolling stock,BG,Bulgaria,2021,0,
RSTK_FIRE,Fires in rolling stock,BG,Bulgaria,2022,0,
RSTK_FIRE,Fires in rolling stock,BG,Bulgaria,2023,0,
RSTK_FIRE,Fires in rolling stock,BG,Bulgaria,2024,0,
RSTK_FIRE,Fires in rolling stock,CH,Switzerland,2009,0,
RSTK_FIRE,Fires in rolling stock,CH,Switzerland,2010,1,
RSTK_FIRE,Fires in rolling stock,CH,Switzerland,2011,1,
RSTK_FIRE,Fires in rolling stock,CH,Switzerland,2012,1,
RSTK_FIRE,Fires in rolling stock,CH,Switzerland,2013,0,
RSTK_FIRE,Fires in rolling stock,CH,Switzerland,2014,1,
RSTK_FIRE,Fires in rolling stock,CH,Switzerland,2015,0,
RSTK_FIRE,Fires in rolling stock,CH,Switzerland,2016,1,
RSTK_FIRE,Fires in rolling stock,CH,Switzerland,2017,0,
RSTK_FIRE,Fires in rolling stock,CH,Switzerland,2018,0,
RSTK_FIRE,Fires in rolling stock,CH,Switzerland,2019,0,
RSTK_FIRE,Fires in rolling stock,CH,Switzerland,2020,0,
RSTK_FIRE,Fires in rolling stock,CH,Switzerland,2021,1,
RSTK_FIRE,Fires in rolling stock,CH,Switzerland,2022,0,
RSTK_FIRE,Fires in rolling stock,CH,Switzerland,2023,1,
RSTK_FIRE,Fires in rolling stock,CH,Switzerland,2024,1,
RSTK_FIRE,Fires in rolling stock,CHUNNEL,Channel Tunnel,2007,0,
RSTK_FIRE,Fires in rolling stock,CHUNNEL,Channel Tunnel,2008,1,
RSTK_FIRE,Fires in rolling stock,CHUNNEL,Channel Tunnel,2009,0,
RSTK_FIRE,Fires in rolling stock,CHUNNEL,Channel Tunnel,2010,1,
RSTK_FIRE,Fires in rolling stock,CHUNNEL,Channel Tunnel,2011,0,
RSTK_FIRE,Fires in rolling stock,CHUNNEL,Channel Tunnel,2012,2,
RSTK_FIRE,Fires in rolling stock,CHUNNEL,Channel Tunnel,2013,1,
RSTK_FIRE,Fires in rolling stock,CHUNNEL,Channel Tunnel,2014,0,
RSTK_FIRE,Fires in rolling stock,CHUNNEL,Channel Tunnel,2015,1,
RSTK_FIRE,Fires in rolling stock,CHUNNEL,Channel Tunnel,2016,0,
RSTK_FIRE,Fires in rolling stock,CHUNNEL,Channel Tunnel,2017,0,
RSTK_FIRE,Fires in rolling stock,CHUNNEL,Channel Tunnel,2018,3,
RSTK_FIRE,Fires in rolling stock,CHUNNEL,Channel Tunnel,2019,0,
RSTK_FIRE,Fires in rolling stock,CHUNNEL,Channel Tunnel,2020,0,
RSTK_FIRE,Fires in rolling stock,CHUNNEL,Channel Tunnel,2021,0,
RSTK_FIRE,Fires in rolling stock,CHUNNEL,Channel Tunnel,2022,0,
RSTK_FIRE,Fires in rolling stock,CHUNNEL,Channel Tunnel,2023,0,
RSTK_FIRE,Fires in rolling stock,CHUNNEL,Channel Tunnel,2024,0,
RSTK_FIRE,Fires in rolling stock,CZ,Czechia,2006,0,
RSTK_FIRE,Fires in rolling stock,CZ,Czechia,2007,1,
RSTK_FIRE,Fires in rolling stock,CZ,Czechia,2008,1,
RSTK_FIRE,Fires in rolling stock,CZ,Czechia,2009,1,
RSTK_FIRE,Fires in rolling stock,CZ,Czechia,2010,0,
RSTK_FIRE,Fires in rolling stock,CZ,Czechia,2011,1,
RSTK_FIRE,Fires in rolling stock,CZ,Czechia,2012,1,
RSTK_FIRE,Fires in rolling stock,CZ,Czechia,2013,2,
RSTK_FIRE,Fires in rolling stock,CZ,Czechia,2014,0,
RSTK_FIRE,Fires in rolling stock,CZ,Czechia,2015,4,
RSTK_FIRE,Fires in rolling stock,CZ,Czechia,2016,2,
RSTK_FIRE,Fires in rolling stock,CZ,Czechia,2017,2,
RSTK_FIRE,Fires in rolling stock,CZ,Czechia,2018,0,
RSTK_FIRE,Fires in rolling stock,CZ,Czechia,2019,3,
RSTK_FIRE,Fires in rolling stock,CZ,Czechia,2020,1,
RSTK_FIRE,Fires in rolling stock,CZ,Czechia,2021,4,
RSTK_FIRE,Fires in rolling stock,CZ,Czechia,2022,2,
RSTK_FIRE,Fires in rolling stock,CZ,Czechia,2023,1,
RSTK_FIRE,Fires in rolling stock,CZ,Czechia,2024,2,
RSTK_FIRE,Fires in rolling stock,DE,Germany,2006,98,
RSTK_FIRE,Fires in rolling stock,DE,Germany,2007,3,
RSTK_FIRE,Fires in rolling stock,DE,Germany,2008,6,
RSTK_FIRE,Fires in rolling stock,DE,Germany,2009,4,
RSTK_FIRE,Fires in rolling stock,DE,Germany,2010,2,
RSTK_FIRE,Fires in rolling stock,DE,Germany,2011,4,
RSTK_FIRE,Fires in rolling stock,DE,Germany,2012,2,
RSTK_FIRE,Fires in rolling stock,DE,Germany,2013,1,
RSTK_FIRE,Fires in rolling stock,DE,Germany,2014,5,
RSTK_FIRE,Fires in rolling stock,DE,Germany,2015,3,
RSTK_FIRE,Fires in rolling stock,DE,Germany,2016,6,
RSTK_FIRE,Fires in rolling stock,DE,Germany,2017,0,
RSTK_FIRE,Fires in rolling stock,DE,Germany,2018,9,
RSTK_FIRE,Fires in rolling stock,DE,Germany,2019,3,
RSTK_FIRE,Fires in rolling stock,DE,Germany,2020,2,
RSTK_FIRE,Fires in rolling stock,DE,Germany,2021,3,
RSTK_FIRE,Fires in rolling stock,DE,Germany,2022,3,
RSTK_FIRE,Fires in rolling stock,DE,Germany,2023,7,
RSTK_FIRE,Fires in rolling stock,DE,Germany,2024,6,
RSTK_FIRE,Fires in rolling stock,DK,Denmark,2006,1,
RSTK_FIRE,Fires in rolling stock,DK,Denmark,2007,0,
RSTK_FIRE,Fires in rolling stock,DK,Denmark,2008,0,
RSTK_FIRE,Fires in rolling stock,DK,Denmark,2009,0,
RSTK_FIRE,Fires in rolling stock,DK,Denmark,2010,0,
RSTK_FIRE,Fires in rolling stock,DK,Denmark,2011,1,
RSTK_FIRE,Fires in rolling stock,DK,Denmark,2012,1,
RSTK_FIRE,Fires in rolling stock,DK,Denmark,2013,0,
RSTK_FIRE,Fires in rolling stock,DK,Denmark,2014,0,
RSTK_FIRE,Fires in rolling stock,DK,Denmark,2015,0,
RSTK_FIRE,Fires in rolling stock,DK,Denmark,2016,0,
RSTK_FIRE,Fires in rolling stock,DK,Denmark,2017,0,
RSTK_FIRE,Fires in rolling stock,DK,Denmark,2018,0,
RSTK_FIRE,Fires in rolling stock,DK,Denmark,2019,0,
RSTK_FIRE,Fires in rolling stock,DK,Denmark,2020,0,
RSTK_FIRE,Fires in rolling stock,DK,Denmark,2021,0,
RSTK_FIRE,Fires in rolling stock,DK,Denmark,2022,0,
RSTK_FIRE,Fires in rolling stock,DK,Denmark,2023,0,
RSTK_FIRE,Fires in rolling stock,DK,Denmark,2024,0,
RSTK_FIRE,Fires in rolling stock,EE,Estonia,2007,1,
RSTK_FIRE,Fires in rolling stock,EE,Estonia,2008,0,
RSTK_FIRE,Fires in rolling stock,EE,Estonia,2009,0,
RSTK_FIRE,Fires in rolling stock,EE,Estonia,2010,0,
RSTK_FIRE,Fires in rolling stock,EE,Estonia,2011,0,
RSTK_FIRE,Fires in rolling stock,EE,Estonia,2012,0,
RSTK_FIRE,Fires in rolling stock,EE,Estonia,2013,0,
RSTK_FIRE,Fires in rolling stock,EE,Estonia,2014,0,
RSTK_FIRE,Fires in rolling stock,EE,Estonia,2015,0,
RSTK_FIRE,Fires in rolling stock,EE,Estonia,2016,1,
RSTK_FIRE,Fires in rolling stock,EE,Estonia,2017,0,
RSTK_FIRE,Fires in rolling stock,EE,Estonia,2018,0,
RSTK_FIRE,Fires in rolling stock,EE,Estonia,2019,0,
RSTK_FIRE,Fires in rolling stock,EE,Estonia,2020,0,
RSTK_FIRE,Fires in rolling stock,EE,Estonia,2021,0,
RSTK_FIRE,Fires in rolling stock,EE,Estonia,2022,0,
RSTK_FIRE,Fires in rolling stock,EE,Estonia,2023,0,
RSTK_FIRE,Fires in rolling stock,EE,Estonia,2024,0,
RSTK_FIRE,Fires in rolling stock,EL,Greece,2006,2,
RSTK_FIRE,Fires in rolling stock,EL,Greece,2007,0,
RSTK_FIRE,Fires in rolling stock,EL,Greece,2008,1,
RSTK_FIRE,Fires in rolling stock,EL,Greece,2009,0,
RSTK_FIRE,Fires in rolling stock,EL,Greece,2010,0,
RSTK_FIRE,Fires in rolling stock,EL,Greece,2011,0,
RSTK_FIRE,Fires in rolling stock,EL,Greece,2012,0,
RSTK_FIRE,Fires in rolling stock,EL,Greece,2013,0,
RSTK_FIRE,Fires in rolling stock,EL,Greece,2014,1,
RSTK_FIRE,Fires in rolling stock,EL,Greece,2015,0,
RSTK_FIRE,Fires in rolling stock,EL,Greece,2016,0,
RSTK_FIRE,Fires in rolling stock,EL,Greece,2017,0,
RSTK_FIRE,Fires in rolling stock,EL,Greece,2018,0,
RSTK_FIRE,Fires in rolling stock,EL,Greece,2019,0,
RSTK_FIRE,Fires in rolling stock,EL,Greece,2020,0,
RSTK_FIRE,Fires in rolling stock,EL,Greece,2021,0,
RSTK_FIRE,Fires in rolling stock,EL,Greece,2022,0,
RSTK_FIRE,Fires in rolling stock,EL,Greece,2023,0,
RSTK_FIRE,Fires in rolling stock,EL,Greece,2024,0,
RSTK_FIRE,Fires in rolling stock,ES,Spain,2006,0,
RSTK_FIRE,Fires in rolling stock,ES,Spain,2007,0,
RSTK_FIRE,Fires in rolling stock,ES,Spain,2008,0,
RSTK_FIRE,Fires in rolling stock,ES,Spain,2009,0,
RSTK_FIRE,Fires in rolling stock,ES,Spain,2010,0,
RSTK_FIRE,Fires in rolling stock,ES,Spain,2011,0,
RSTK_FIRE,Fires in rolling stock,ES,Spain,2012,0,
RSTK_FIRE,Fires in rolling stock,ES,Spain,2013,0,
RSTK_FIRE,Fires in rolling stock,ES,Spain,2014,1,
RSTK_FIRE,Fires in rolling stock,ES,Spain,2015,0,
RSTK_FIRE,Fires in rolling stock,ES,Spain,2016,0,
RSTK_FIRE,Fires in rolling stock,ES,Spain,2017,1,
RSTK_FIRE,Fires in rolling stock,ES,Spain,2018,1,
RSTK_FIRE,Fires in rolling stock,ES,Spain,2019,0,
RSTK_FIRE,Fires in rolling stock,ES,Spain,2020,1,
RSTK_FIRE,Fires in rolling stock,ES,Spain,2021,0,
RSTK_FIRE,Fires in rolling stock,ES,Spain,2022,2,
RSTK_FIRE,Fires in rolling stock,ES,Spain,2023,3,
RSTK_FIRE,Fires in rolling stock,ES,Spain,2024,3,
RSTK_FIRE,Fires in rolling stock,EU27_2020,European Union - 27 countries (from 2020),2010,11,
RSTK_FIRE,Fires in rolling stock,EU27_2020,European Union - 27 countries (from 2020),2011,14,
RSTK_FIRE,Fires in rolling stock,EU27_2020,European Union - 27 countries (from 2020),2012,12,
RSTK_FIRE,Fires in rolling stock,EU27_2020,European Union - 27 countries (from 2020),2013,20,
RSTK_FIRE,Fires in rolling stock,EU27_2020,European Union - 27 countries (from 2020),2014,27,
RSTK_FIRE,Fires in rolling stock,EU27_2020,European Union - 27 countries (from 2020),2015,29,
RSTK_FIRE,Fires in rolling stock,EU27_2020,European Union - 27 countries (from 2020),2016,33,
RSTK_FIRE,Fires in rolling stock,EU27_2020,European Union - 27 countries (from 2020),2017,21,
RSTK_FIRE,Fires in rolling stock,EU27_2020,European Union - 27 countries (from 2020),2018,33,
RSTK_FIRE,Fires in rolling stock,EU27_2020,European Union - 27 countries (from 2020),2019,20,
RSTK_FIRE,Fires in rolling stock,EU27_2020,European Union - 27 countries (from 2020),2020,13,
RSTK_FIRE,Fires in rolling stock,EU27_2020,European Union - 27 countries (from 2020),2021,17,
RSTK_FIRE,Fires in rolling stock,EU27_2020,European Union - 27 countries (from 2020),2022,26,
RSTK_FIRE,Fires in rolling stock,EU27_2020,European Union - 27 countries (from 2020),2023,20,
RSTK_FIRE,Fires in rolling stock,EU27_2020,European Union - 27 countries (from 2020),2024,22,
RSTK_FIRE,Fires in rolling stock,FI,Finland,2006,17,
RSTK_FIRE,Fires in rolling stock,FI,Finland,2007,1,
RSTK_FIRE,Fires in rolling stock,FI,Finland,2008,0,
RSTK_FIRE,Fires in rolling stock,FI,Finland,2009,0,
RSTK_FIRE,Fires in rolling stock,FI,Finland,2010,0,
RSTK_FIRE,Fires in rolling stock,FI,Finland,2011,0,
RSTK_FIRE,Fires in rolling stock,FI,Finland,2012,0,
RSTK_FIRE,Fires in rolling stock,FI,Finland,2013,0,
RSTK_FIRE,Fires in rolling stock,FI,Finland,2014,0,
RSTK_FIRE,Fires in rolling stock,FI,Finland,2015,0,
RSTK_FIRE,Fires in rolling stock,FI,Finland,2016,0,
RSTK_FIRE,Fires in rolling stock,FI,Finland,2017,0,
RSTK_FIRE,Fires in rolling stock,FI,Finland,2018,2,
RSTK_FIRE,Fires in rolling stock,FI,Finland,2019,0,
RSTK_FIRE,Fires in rolling stock,FI,Finland,2020,1,
RSTK_FIRE,Fires in rolling stock,FI,Finland,2021,1,
RSTK_FIRE,Fires in rolling stock,FI,Finland,2022,2,
RSTK_FIRE,Fires in rolling stock,FI,Finland,2023,2,
RSTK_FIRE,Fires in rolling stock,FI,Finland,2024,1,
RSTK_FIRE,Fires in rolling stock,FR,France,2006,62,
RSTK_FIRE,Fires in rolling stock,FR,France,2007,37,
RSTK_FIRE,Fires in rolling stock,FR,France,2008,24,
RSTK_FIRE,Fires in rolling stock,FR,France,2009,16,
RSTK_FIRE,Fires in rolling stock,FR,France,2010,6,
RSTK_FIRE,Fires in rolling stock,FR,France,2011,2,
RSTK_FIRE,Fires in rolling stock,FR,France,2012,2,
RSTK_FIRE,Fires in rolling stock,FR,France,2013,8,
RSTK_FIRE,Fires in rolling stock,FR,France,2014,2,
RSTK_FIRE,Fires in rolling stock,FR,France,2015,8,
RSTK_FIRE,Fires in rolling stock,FR,France,2016,4,
RSTK_FIRE,Fires in rolling stock,FR,France,2017,0,
RSTK_FIRE,Fires in rolling stock,FR,France,2018,0,
RSTK_FIRE,Fires in rolling stock,FR,France,2019,0,
RSTK_FIRE,Fires in rolling stock,FR,France,2020,0,
RSTK_FIRE,Fires in rolling stock,FR,France,2021,4,
RSTK_FIRE,Fires in rolling stock,FR,France,2022,1,
RSTK_FIRE,Fires in rolling stock,FR,France,2023,2,
RSTK_FIRE,Fires in rolling stock,FR,France,2024,1,
RSTK_FIRE,Fires in rolling stock,HR,Croatia,2010,0,
RSTK_FIRE,Fires in rolling stock,HR,Croatia,2011,0,
RSTK_FIRE,Fires in rolling stock,HR,Croatia,2012,0,
RSTK_FIRE,Fires in rolling stock,HR,Croatia,2013,0,
RSTK_FIRE,Fires in rolling stock,HR,Croatia,2014,1,
RSTK_FIRE,Fires in rolling stock,HR,Croatia,2015,0,
RSTK_FIRE,Fires in rolling stock,HR,Croatia,2016,0,
RSTK_FIRE,Fires in rolling stock,HR,Croatia,2017,0,
RSTK_FIRE,Fires in rolling stock,HR,Croatia,2018,0,
RSTK_FIRE,Fires in rolling stock,HR,Croatia,2019,0,
RSTK_FIRE,Fires in rolling stock,HR,Croatia,2020,1,
RSTK_FIRE,Fires in rolling stock,HR,Croatia,2021,0,
RSTK_FIRE,Fires in rolling stock,HR,Croatia,2022,0,
RSTK_FIRE,Fires in rolling stock,HR,Croatia,2023,0,
RSTK_FIRE,Fires in rolling stock,HR,Croatia,2024,0,
RSTK_FIRE,Fires in rolling stock,HU,Hungary,2006,1,
RSTK_FIRE,Fires in rolling stock,HU,Hungary,2007,3,
RSTK_FIRE,Fires in rolling stock,HU,Hungary,2008,0,
RSTK_FIRE,Fires in rolling stock,HU,Hungary,2009,1,
RSTK_FIRE,Fires in rolling stock,HU,Hungary,2010,0,
RSTK_FIRE,Fires in rolling stock,HU,Hungary,2011,0,
RSTK_FIRE,Fires in rolling stock,HU,Hungary,2012,0,
RSTK_FIRE,Fires in rolling stock,HU,Hungary,2013,2,
RSTK_FIRE,Fires in rolling stock,HU,Hungary,2014,9,
RSTK_FIRE,Fires in rolling stock,HU,Hungary,2015,6,
RSTK_FIRE,Fires in rolling stock,HU,Hungary,2016,9,
RSTK_FIRE,Fires in rolling stock,HU,Hungary,2017,8,
RSTK_FIRE,Fires in rolling stock,HU,Hungary,2018,7,
RSTK_FIRE,Fires in rolling stock,HU,Hungary,2019,4,
RSTK_FIRE,Fires in rolling stock,HU,Hungary,2020,1,
RSTK_FIRE,Fires in rolling stock,HU,Hungary,2021,0,
RSTK_FIRE,Fires in rolling stock,HU,Hungary,2022,0,
RSTK_FIRE,Fires in rolling stock,HU,Hungary,2023,1,
RSTK_FIRE,Fires in rolling stock,HU,Hungary,2024,0,
RSTK_FIRE,Fires in rolling stock,IE,Ireland,2006,0,
RSTK_FIRE,Fires in rolling stock,IE,Ireland,2007,0,
RSTK_FIRE,Fires in rolling stock,IE,Ireland,2008,0,
RSTK_FIRE,Fires in rolling stock,IE,Ireland,2009,0,
RSTK_FIRE,Fires in rolling stock,IE,Ireland,2010,0,
RSTK_FIRE,Fires in rolling stock,IE,Ireland,2011,0,
RSTK_FIRE,Fires in rolling stock,IE,Ireland,2012,0,
RSTK_FIRE,Fires in rolling stock,IE,Ireland,2013,0,
RSTK_FIRE,Fires in rolling stock,IE,Ireland,2014,0,
RSTK_FIRE,Fires in rolling stock,IE,Ireland,2015,0,
RSTK_FIRE,Fires in rolling stock,IE,Ireland,2016,0,
RSTK_FIRE,Fires in rolling stock,IE,Ireland,2017,0,
RSTK_FIRE,Fires in rolling stock,IE,Ireland,2018,0,
RSTK_FIRE,Fires in rolling stock,IE,Ireland,2019,0,
RSTK_FIRE,Fires in rolling stock,IE,Ireland,2020,0,
RSTK_FIRE,Fires in rolling stock,IE,Ireland,2021,0,
RSTK_FIRE,Fires in rolling stock,IE,Ireland,2022,0,
RSTK_FIRE,Fires in rolling stock,IE,Ireland,2023,0,
RSTK_FIRE,Fires in rolling stock,IE,Ireland,2024,0,
RSTK_FIRE,Fires in rolling stock,IT,Italy,2006,5,
RSTK_FIRE,Fires in rolling stock,IT,Italy,2007,5,
RSTK_FIRE,Fires in rolling stock,IT,Italy,2008,2,
RSTK_FIRE,Fires in rolling stock,IT,Italy,2009,9,
RSTK_FIRE,Fires in rolling stock,IT,Italy,2010,0,
RSTK_FIRE,Fires in rolling stock,IT,Italy,2011,0,
RSTK_FIRE,Fires in rolling stock,IT,Italy,2012,1,
RSTK_FIRE,Fires in rolling stock,IT,Italy,2013,2,
RSTK_FIRE,Fires in rolling stock,IT,Italy,2014,0,
RSTK_FIRE,Fires in rolling stock,IT,Italy,2015,2,
RSTK_FIRE,Fires in rolling stock,IT,Italy,2016,1,
RSTK_FIRE,Fires in rolling stock,IT,Italy,2017,3,
RSTK_FIRE,Fires in rolling stock,IT,Italy,2018,3,
RSTK_FIRE,Fires in rolling stock,IT,Italy,2019,4,
RSTK_FIRE,Fires in rolling stock,IT,Italy,2020,0,
RSTK_FIRE,Fires in rolling stock,IT,Italy,2021,0,
RSTK_FIRE,Fires in rolling stock,IT,Italy,2022,2,
RSTK_FIRE,Fires in rolling stock,IT,Italy,2023,1,
RSTK_FIRE,Fires in rolling stock,IT,Italy,2024,1,
RSTK_FIRE,Fires in rolling stock,LT,Lithuania,2006,0,
RSTK_FIRE,Fires in rolling stock,LT,Lithuania,2007,1,
RSTK_FIRE,Fires in rolling stock,LT,Lithuania,2008,5,
RSTK_FIRE,Fires in rolling stock,LT,Lithuania,2009,3,
RSTK_FIRE,Fires in rolling stock,LT,Lithuania,2010,0,
RSTK_FIRE,Fires in rolling stock,LT,Lithuania,2011,0,
RSTK_FIRE,Fires in rolling stock,LT,Lithuania,2012,0,
RSTK_FIRE,Fires in rolling stock,LT,Lithuania,2013,0,
RSTK_FIRE,Fires in rolling stock,LT,Lithuania,2014,0,
RSTK_FIRE,Fires in rolling stock,LT,Lithuania,2015,0,
RSTK_FIRE,Fires in rolling stock,LT,Lithuania,2016,0,
RSTK_FIRE,Fires in rolling stock,LT,Lithuania,2017,0,
RSTK_FIRE,Fires in rolling stock,LT,Lithuania,2018,0,
RSTK_FIRE,Fires in rolling stock,LT,Lithuania,2019,0,
RSTK_FIRE,Fires in rolling stock,LT,Lithuania,2020,0,
RSTK_FIRE,Fires in rolling stock,LT,Lithuania,2021,0,
RSTK_FIRE,Fires in rolling stock,LT,Lithuania,2022,0,
RSTK_FIRE,Fires in rolling stock,LT,Lithuania,2023,0,
RSTK_FIRE,Fires in rolling stock,LT,Lithuania,2024,0,
RSTK_FIRE,Fires in rolling stock,LU,Luxembourg,2009,0,
RSTK_FIRE,Fires in rolling stock,LU,Luxembourg,2010,0,
RSTK_FIRE,Fires in rolling stock,LU,Luxembourg,2011,0,
RSTK_FIRE,Fires in rolling stock,LU,Luxembourg,2012,0,
RSTK_FIRE,Fires in rolling stock,LU,Luxembourg,2013,0,
RSTK_FIRE,Fires in rolling stock,LU,Luxembourg,2014,0,
RSTK_FIRE,Fires in rolling stock,LU,Luxembourg,2015,0,
RSTK_FIRE,Fires in rolling stock,LU,Luxembourg,2016,0,
RSTK_FIRE,Fires in rolling stock,LU,Luxembourg,2017,0,
RSTK_FIRE,Fires in rolling stock,LU,Luxembourg,2018,0,
RSTK_FIRE,Fires in rolling stock,LU,Luxembourg,2019,0,
RSTK_FIRE,Fires in rolling stock,LU,Luxembourg,2020,0,
RSTK_FIRE,Fires in rolling stock,LU,Luxembourg,2021,0,
RSTK_FIRE,Fires in rolling stock,LU,Luxembourg,2022,2,
RSTK_FIRE,Fires in rolling stock,LU,Luxembourg,2023,0,
RSTK_FIRE,Fires in rolling stock,LU,Luxembourg,2024,0,
RSTK_FIRE,Fires in rolling stock,LV,Latvia,2006,0,
RSTK_FIRE,Fires in rolling stock,LV,Latvia,2007,0,
RSTK_FIRE,Fires in rolling stock,LV,Latvia,2008,0,
RSTK_FIRE,Fires in rolling stock,LV,Latvia,2009,0,
RSTK_FIRE,Fires in rolling stock,LV,Latvia,2010,0,
RSTK_FIRE,Fires in rolling stock,LV,Latvia,2011,0,
RSTK_FIRE,Fires in rolling stock,LV,Latvia,2012,0,
RSTK_FIRE,Fires in rolling stock,LV,Latvia,2013,0,
RSTK_FIRE,Fires in rolling stock,LV,Latvia,2014,0,
RSTK_FIRE,Fires in rolling stock,LV,Latvia,2015,0,
RSTK_FIRE,Fires in rolling stock,LV,Latvia,2016,0,
RSTK_FIRE,Fires in rolling stock,LV,Latvia,2017,1,
RSTK_FIRE,Fires in rolling stock,LV,Latvia,2018,0,
RSTK_FIRE,Fires in rolling stock,LV,Latvia,2019,0,
RSTK_FIRE,Fires in rolling stock,LV,Latvia,2020,0,
RSTK_FIRE,Fires in rolling stock,LV,Latvia,2021,0,
RSTK_FIRE,Fires in rolling stock,LV,Latvia,2022,0,
RSTK_FIRE,Fires in rolling stock,LV,Latvia,2023,0,
RSTK_FIRE,Fires in rolling stock,LV,Latvia,2024,0,
RSTK_FIRE,Fires in rolling stock,ME,Montenegro,2013,0,
RSTK_FIRE,Fires in rolling stock,ME,Montenegro,2014,0,
RSTK_FIRE,Fires in rolling stock,ME,Montenegro,2015,0,
RSTK_FIRE,Fires in rolling stock,ME,Montenegro,2016,0,
RSTK_FIRE,Fires in rolling stock,MK,North Macedonia,2009,0,
RSTK_FIRE,Fires in rolling stock,MK,North Macedonia,2010,0,
RSTK_FIRE,Fires in rolling stock,MK,North Macedonia,2011,0,
RSTK_FIRE,Fires in rolling stock,MK,North Macedonia,2012,0,
RSTK_FIRE,Fires in rolling stock,MK,North Macedonia,2013,0,
RSTK_FIRE,Fires in rolling stock,MK,North Macedonia,2014,0,
RSTK_FIRE,Fires in rolling stock,MK,North Macedonia,2015,0,
RSTK_FIRE,Fires in rolling stock,MK,North Macedonia,2016,0,
RSTK_FIRE,Fires in rolling stock,MK,North Macedonia,2017,0,
RSTK_FIRE,Fires in rolling stock,MK,North Macedonia,2018,0,
RSTK_FIRE,Fires in rolling stock,NL,Netherlands,2006,1,
RSTK_FIRE,Fires in rolling stock,NL,Netherlands,2007,0,
RSTK_FIRE,Fires in rolling stock,NL,Netherlands,2008,0,
RSTK_FIRE,Fires in rolling stock,NL,Netherlands,2009,0,
RSTK_FIRE,Fires in rolling stock,NL,Netherlands,2010,1,
RSTK_FIRE,Fires in rolling stock,NL,Netherlands,2011,1,
RSTK_FIRE,Fires in rolling stock,NL,Netherlands,2012,0,
RSTK_FIRE,Fires in rolling stock,NL,Netherlands,2013,1,
RSTK_FIRE,Fires in rolling stock,NL,Netherlands,2014,1,
RSTK_FIRE,Fires in rolling stock,NL,Netherlands,2015,2,
RSTK_FIRE,Fires in rolling stock,NL,Netherlands,2016,1,
RSTK_FIRE,Fires in rolling stock,NL,Netherlands,2017,3,
RSTK_FIRE,Fires in rolling stock,NL,Netherlands,2018,1,
RSTK_FIRE,Fires in rolling stock,NL,Netherlands,2019,0,
RSTK_FIRE,Fires in rolling stock,NL,Netherlands,2020,1,
RSTK_FIRE,Fires in rolling stock,NL,Netherlands,2021,0,
RSTK_FIRE,Fires in rolling stock,NL,Netherlands,2022,0,
RSTK_FIRE,Fires in rolling stock,NL,Netherlands,2023,0,
RSTK_FIRE,Fires in rolling stock,NL,Netherlands,2024,0,
RSTK_FIRE,Fires in rolling stock,NO,Norway,2006,3,
RSTK_FIRE,Fires in rolling stock,NO,Norway,2007,1,
RSTK_FIRE,Fires in rolling stock,NO,Norway,2008,3,
RSTK_FIRE,Fires in rolling stock,NO,Norway,2009,1,
RSTK_FIRE,Fires in rolling stock,NO,Norway,2010,1,
RSTK_FIRE,Fires in rolling stock,NO,Norway,2011,1,
RSTK_FIRE,Fires in rolling stock,NO,Norway,2012,1,
RSTK_FIRE,Fires in rolling stock,NO,Norway,2013,1,
RSTK_FIRE,Fires in rolling stock,NO,Norway,2014,0,
RSTK_FIRE,Fires in rolling stock,NO,Norway,2015,0,
RSTK_FIRE,Fires in rolling stock,NO,Norway,2016,0,
RSTK_FIRE,Fires in rolling stock,NO,Norway,2017,0,
RSTK_FIRE,Fires in rolling stock,NO,Norway,2018,0,
RSTK_FIRE,Fires in rolling stock,NO,Norway,2019,1,
RSTK_FIRE,Fires in rolling stock,NO,Norway,2020,0,
RSTK_FIRE,Fires in rolling stock,NO,Norway,2021,0,
RSTK_FIRE,Fires in rolling stock,NO,Norway,2022,0,
RSTK_FIRE,Fires in rolling stock,NO,Norway,2023,0,
RSTK_FIRE,Fires in rolling stock,NO,Norway,2024,0,
RSTK_FIRE,Fires in rolling stock,PL,Poland,2006,5,
RSTK_FIRE,Fires in rolling stock,PL,Poland,2007,7,
RSTK_FIRE,Fires in rolling stock,PL,Poland,2008,9,
RSTK_FIRE,Fires in rolling stock,PL,Poland,2009,0,
RSTK_FIRE,Fires in rolling stock,PL,Poland,2010,0,
RSTK_FIRE,Fires in rolling stock,PL,Poland,2011,0,
RSTK_FIRE,Fires in rolling stock,PL,Poland,2012,0,
RSTK_FIRE,Fires in rolling stock,PL,Poland,2013,1,
RSTK_FIRE,Fires in rolling stock,PL,Poland,2014,0,
RSTK_FIRE,Fires in rolling stock,PL,Poland,2015,0,
RSTK_FIRE,Fires in rolling stock,PL,Poland,2016,0,
RSTK_FIRE,Fires in rolling stock,PL,Poland,2017,0,
RSTK_FIRE,Fires in rolling stock,PL,Poland,2018,2,
RSTK_FIRE,Fires in rolling stock,PL,Poland,2019,1,
RSTK_FIRE,Fires in rolling stock,PL,Poland,2020,0,
RSTK_FIRE,Fires in rolling stock,PL,Poland,2021,0,
RSTK_FIRE,Fires in rolling stock,PL,Poland,2022,2,
RSTK_FIRE,Fires in rolling stock,PL,Poland,2023,1,
RSTK_FIRE,Fires in rolling stock,PL,Poland,2024,1,
RSTK_FIRE,Fires in rolling stock,PT,Portugal,2007,0,
RSTK_FIRE,Fires in rolling stock,PT,Portugal,2008,0,
RSTK_FIRE,Fires in rolling stock,PT,Portugal,2009,0,
RSTK_FIRE,Fires in rolling stock,PT,Portugal,2010,0,
RSTK_FIRE,Fires in rolling stock,PT,Portugal,2011,0,
RSTK_FIRE,Fires in rolling stock,PT,Portugal,2012,0,
RSTK_FIRE,Fires in rolling stock,PT,Portugal,2013,0,
RSTK_FIRE,Fires in rolling stock,PT,Portugal,2014,0,
RSTK_FIRE,Fires in rolling stock,PT,Portugal,2015,0,
RSTK_FIRE,Fires in rolling stock,PT,Portugal,2016,0,
RSTK_FIRE,Fires in rolling stock,PT,Portugal,2017,0,
RSTK_FIRE,Fires in rolling stock,PT,Portugal,2018,0,
RSTK_FIRE,Fires in rolling stock,PT,Portugal,2019,0,
RSTK_FIRE,Fires in rolling stock,PT,Portugal,2020,0,
RSTK_FIRE,Fires in rolling stock,PT,Portugal,2021,0,
RSTK_FIRE,Fires in rolling stock,PT,Portugal,2022,0,
RSTK_FIRE,Fires in rolling stock,PT,Portugal,2023,0,
RSTK_FIRE,Fires in rolling stock,PT,Portugal,2024,0,
RSTK_FIRE,Fires in rolling stock,RO,Romania,2006,0,
RSTK_FIRE,Fires in rolling stock,RO,Romania,2007,0,
RSTK_FIRE,Fires in rolling stock,RO,Romania,2008,0,
RSTK_FIRE,Fires in rolling stock,RO,Romania,2009,0,
RSTK_FIRE,Fires in rolling stock,RO,Romania,2010,2,
RSTK_FIRE,Fires in rolling stock,RO,Romania,2011,1,
RSTK_FIRE,Fires in rolling stock,RO,Romania,2012,0,
RSTK_FIRE,Fires in rolling stock,RO,Romania,2013,0,
RSTK_FIRE,Fires in rolling stock,RO,Romania,2014,1,
RSTK_FIRE,Fires in rolling stock,RO,Romania,2015,0,
RSTK_FIRE,Fires in rolling stock,RO,Romania,2016,1,
RSTK_FIRE,Fires in rolling stock,RO,Romania,2017,0,
RSTK_FIRE,Fires in rolling stock,RO,Romania,2018,0,
RSTK_FIRE,Fires in rolling stock,RO,Romania,2019,3,
RSTK_FIRE,Fires in rolling stock,RO,Romania,2020,4,
RSTK_FIRE,Fires in rolling stock,RO,Romania,2021,4,
RSTK_FIRE,Fires in rolling stock,RO,Romania,2022,2,
RSTK_FIRE,Fires in rolling stock,RO,Romania,2023,1,
RSTK_FIRE,Fires in rolling stock,RO,Romania,2024,1,
RSTK_FIRE,Fires in rolling stock,SE,Sweden,2006,3,
RSTK_FIRE,Fires in rolling stock,SE,Sweden,2007,4,
RSTK_FIRE,Fires in rolling stock,SE,Sweden,2008,3,
RSTK_FIRE,Fires in rolling stock,SE,Sweden,2009,1,
RSTK_FIRE,Fires in rolling stock,SE,Sweden,2010,0,
RSTK_FIRE,Fires in rolling stock,SE,Sweden,2011,2,
RSTK_FIRE,Fires in rolling stock,SE,Sweden,2012,3,
RSTK_FIRE,Fires in rolling stock,SE,Sweden,2013,2,
RSTK_FIRE,Fires in rolling stock,SE,Sweden,2014,3,
RSTK_FIRE,Fires in rolling stock,SE,Sweden,2015,2,
RSTK_FIRE,Fires in rolling stock,SE,Sweden,2016,4,
RSTK_FIRE,Fires in rolling stock,SE,Sweden,2017,1,
RSTK_FIRE,Fires in rolling stock,SE,Sweden,2018,2,
RSTK_FIRE,Fires in rolling stock,SE,Sweden,2019,2,
RSTK_FIRE,Fires in rolling stock,SE,Sweden,2020,0,
RSTK_FIRE,Fires in rolling stock,SE,Sweden,2021,0,
RSTK_FIRE,Fires in rolling stock,SE,Sweden,2022,2,
RSTK_FIRE,Fires in rolling stock,SE,Sweden,2023,0,
RSTK_FIRE,Fires in rolling stock,SE,Sweden,2024,0,
RSTK_FIRE,Fires in rolling stock,SI,Slovenia,2006,1,
RSTK_FIRE,Fires in rolling stock,SI,Slovenia,2007,0,
RSTK_FIRE,Fires in rolling stock,SI,Slovenia,2008,0,
RSTK_FIRE,Fires in rolling stock,SI,Slovenia,2009,0,
RSTK_FIRE,Fires in rolling stock,SI,Slovenia,2010,0,
RSTK_FIRE,Fires in rolling stock,SI,Slovenia,2011,1,
RSTK_FIRE,Fires in rolling stock,SI,Slovenia,2012,0,
RSTK_FIRE,Fires in rolling stock,SI,Slovenia,2013,1,
RSTK_FIRE,Fires in rolling stock,SI,Slovenia,2014,1,
RSTK_FIRE,Fires in rolling stock,SI,Slovenia,2015,0,
RSTK_FIRE,Fires in rolling stock,SI,Slovenia,2016,0,
RSTK_FIRE,Fires in rolling stock,SI,Slovenia,2017,0,
RSTK_FIRE,Fires in rolling stock,SI,Slovenia,2018,0,
RSTK_FIRE,Fires in rolling stock,SI,Slovenia,2019,0,
RSTK_FIRE,Fires in rolling stock,SI,Slovenia,2020,0,
RSTK_FIRE,Fires in rolling stock,SI,Slovenia,2021,0,
RSTK_FIRE,Fires in rolling stock,SI,Slovenia,2022,0,
RSTK_FIRE,Fires in rolling stock,SI,Slovenia,2023,0,
RSTK_FIRE,Fires in rolling stock,SI,Slovenia,2024,0,
RSTK_FIRE,Fires in rolling stock,SK,Slovakia,2006,8,
RSTK_FIRE,Fires in rolling stock,SK,Slovakia,2007,22,
RSTK_FIRE,Fires in rolling stock,SK,Slovakia,2008,8,
RSTK_FIRE,Fires in rolling stock,SK,Slovakia,2009,14,
RSTK_FIRE,Fires in rolling stock,SK,Slovakia,2010,0,
RSTK_FIRE,Fires in rolling stock,SK,Slovakia,2011,0,
RSTK_FIRE,Fires in rolling stock,SK,Slovakia,2012,0,
RSTK_FIRE,Fires in rolling stock,SK,Slovakia,2013,0,
RSTK_FIRE,Fires in rolling stock,SK,Slovakia,2014,0,
RSTK_FIRE,Fires in rolling stock,SK,Slovakia,2015,1,
RSTK_FIRE,Fires in rolling stock,SK,Slovakia,2016,2,
RSTK_FIRE,Fires in rolling stock,SK,Slovakia,2017,1,
RSTK_FIRE,Fires in rolling stock,SK,Slovakia,2018,2,
RSTK_FIRE,Fires in rolling stock,SK,Slovakia,2019,0,
RSTK_FIRE,Fires in rolling stock,SK,Slovakia,2020,1,
RSTK_FIRE,Fires in rolling stock,SK,Slovakia,2021,1,
RSTK_FIRE,Fires in rolling stock,SK,Slovakia,2022,1,
RSTK_FIRE,Fires in rolling stock,SK,Slovakia,2023,0,
RSTK_FIRE,Fires in rolling stock,SK,Slovakia,2024,4,
RSTK_FIRE,Fires in rolling stock,TR,Türkiye,2006,21,
RSTK_FIRE,Fires in rolling stock,TR,Türkiye,2007,12,
RSTK_FIRE,Fires in rolling stock,TR,Türkiye,2008,8,
RSTK_FIRE,Fires in rolling stock,TR,Türkiye,2009,7,
RSTK_FIRE,Fires in rolling stock,TR,Türkiye,2010,3,
RSTK_FIRE,Fires in rolling stock,TR,Türkiye,2011,0,
RSTK_FIRE,Fires in rolling stock,TR,Türkiye,2012,0,
RSTK_FIRE,Fires in rolling stock,TR,Türkiye,2013,0,
RSTK_FIRE,Fires in rolling stock,TR,Türkiye,2014,0,
RSTK_FIRE,Fires in rolling stock,TR,Türkiye,2015,0,
RSTK_FIRE,Fires in rolling stock,TR,Türkiye,2016,0,
RSTK_FIRE,Fires in rolling stock,TR,Türkiye,2017,0,
RSTK_FIRE,Fires in rolling stock,TR,Türkiye,2018,0,
RSTK_FIRE,Fires in rolling stock,TR,Türkiye,2020,0,
RSTK_FIRE,Fires in rolling stock,TR,Türkiye,2021,0,
RSTK_FIRE,Fires in rolling stock,TR,Türkiye,2022,0,
RSTK_FIRE,Fires in rolling stock,TR,Türkiye,2023,1,
RSTK_FIRE,Fires in rolling stock,TR,Türkiye,2024,0,
RSTK_FIRE,Fires in rolling stock,UK,United Kingdom,2006,0,
RSTK_FIRE,Fires in rolling stock,UK,United Kingdom,2007,3,
RSTK_FIRE,Fires in rolling stock,UK,United Kingdom,2008,0,
RSTK_FIRE,Fires in rolling stock,UK,United Kingdom,2009,6,
RSTK_FIRE,Fires in rolling stock,UK,United Kingdom,2010,2,
RSTK_FIRE,Fires in rolling stock,UK,United Kingdom,2011,2,
RSTK_FIRE,Fires in rolling stock,UK,United Kingdom,2012,0,
RSTK_FIRE,Fires in rolling stock,UK,United Kingdom,2013,9,
RSTK_FIRE,Fires in rolling stock,UK,United Kingdom,2014,4,
RSTK_FIRE,Fires in rolling stock,UK,United Kingdom,2015,0,
RSTK_FIRE,Fires in rolling stock,UK,United Kingdom,2016,2,
RSTK_FIRE,Fires in rolling stock,UK,United Kingdom,2017,0,
RSTK_FIRE,Fires in rolling stock,UK,United Kingdom,2018,0,
RSTK_FIRE,Fires in rolling stock,UK,United Kingdom,2019,0,
RSTK_FIRE,Fires in rolling stock,UK,United Kingdom,2020,1,
RSTK_MOT,Accidents to persons caused by rolling stock in motion,AT,Austria,2006,55,
RSTK_MOT,Accidents to persons caused by rolling stock in motion,AT,Austria,2007,27,
RSTK_MOT,Accidents to persons caused by rolling stock in motion,AT,Austria,2008,35,
RSTK_MOT,Accidents to persons caused by rolling stock in motion,AT,Austria,2009,37,
RSTK_MOT,Accidents to persons caused by rolling stock in motion,AT,Austria,2010,29,
RSTK_MOT,Accidents to persons caused by rolling stock in motion,AT,Austria,2011,30,
RSTK_MOT,Accidents to persons caused by rolling stock in motion,AT,Austria,2012,43,
RSTK_MOT,Accidents to persons caused by rolling stock in motion,AT,Austria,2013,29,
RSTK_MOT,Accidents to persons caused by rolling stock in motion,AT,Austria,2014,29,
RSTK_MOT,Accidents to persons caused by rolling stock in motion,AT,Austria,2015,27,
RSTK_MOT,Accidents to persons caused by rolling stock in motion,AT,Austria,2016,41,
RSTK_MOT,Accidents to persons caused by rolling stock in motion,AT,Austria,2017,22,
RSTK_MOT,Accidents to persons caused by rolling stock in motion,AT,Austria,2018,18,
RSTK_MOT,Accidents to persons caused by rolling stock in motion,AT,Austria,2019,16,
RSTK_MOT,Accidents to persons caused by rolling stock in motion,AT,Austria,2020,7,
RSTK_MOT,Accidents to persons caused by rolling stock in motion,AT,Austria,2021,12,
RSTK_MOT,Accidents to persons caused by rolling stock in motion,AT,Austria,2022,12,
RSTK_MOT,Accidents to persons caused by rolling stock in motion,AT,Austria,2023,20,
RSTK_MOT,Accidents to persons caused by rolling stock in motion,AT,Austria,2024,13,
RSTK_MOT,Accidents to persons caused by rolling stock in motion,BE,Belgium,2006,22,
RSTK_MOT,Accidents to persons caused by rolling stock in motion,BE,Belgium,2007,30,
RSTK_MOT,Accidents to persons caused by rolling stock in motion,BE,Belgium,2008,25,
RSTK_MOT,Accidents to persons caused by rolling stock in motion,BE,Belgium,2009,34,
RSTK_MOT,Accidents to persons caused by rolling stock in motion,BE,Belgium,2010,15,
RSTK_MOT,Accidents to persons caused by rolling stock in motion,BE,Belgium,2011,32,
RSTK_MOT,Accidents to persons caused by rolling stock in motion,BE,Belgium,2012,12,
RSTK_MOT,Accidents to persons caused by rolling stock in motion,BE,Belgium,2013,14,
RSTK_MOT,Accidents to persons caused by rolling stock in motion,BE,Belgium,2014,22,
RSTK_MOT,Accidents to persons caused by rolling stock in motion,BE,Belgium,2015,6,
RSTK_MOT,Accidents to persons caused by rolling stock in motion,BE,Belgium,2016,7,
RSTK_MOT,Accidents to persons caused by rolling stock in motion,BE,Belgium,2017,17,
RSTK_MOT,Accidents to persons caused by rolling stock in motion,BE,Belgium,2018,12,
RSTK_MOT,Accidents to persons caused by rolling stock in motion,BE,Belgium,2019,9,
RSTK_MOT,Accidents to persons caused by rolling stock in motion,BE,Belgium,2020,14,
RSTK_MOT,Accidents to persons caused by rolling stock in motion,BE,Belgium,2021,7,
RSTK_MOT,Accidents to persons caused by rolling stock in motion,BE,Belgium,2022,9,
RSTK_MOT,Accidents to persons caused by rolling stock in motion,BE,Belgium,2023,12,
RSTK_MOT,Accidents to persons caused by rolling stock in motion,BE,Belgium,2024,12,
RSTK_MOT,Accidents to persons caused by rolling stock in motion,BG,Bulgaria,2006,65,
RSTK_MOT,Accidents to persons caused by rolling stock in motion,BG,Bulgaria,2007,42,
RSTK_MOT,Accidents to persons caused by rolling stock in motion,BG,Bulgaria,2008,52,
RSTK_MOT,Accidents to persons caused by rolling stock in motion,BG,Bulgaria,2009,40,
RSTK_MOT,Accidents to persons caused by rolling stock in motion,BG,Bulgaria,2010,20,
RSTK_MOT,Accidents to persons caused by rolling stock in motion,BG,Bulgaria,2011,65,
RSTK_MOT,Accidents to persons caused by rolling stock in motion,BG,Bulgaria,2012,26,
RSTK_MOT,Accidents to persons caused by rolling stock in motion,BG,Bulgaria,2013,17,
RSTK_MOT,Accidents to persons caused by rolling stock in motion,BG,Bulgaria,2014,37,
RSTK_MOT,Accidents to persons caused by rolling stock in motion,BG,Bulgaria,2015,33,
RSTK_MOT,Accidents to persons caused by rolling stock in motion,BG,Bulgaria,2016,24,
RSTK_MOT,Accidents to persons caused by rolling stock in motion,BG,Bulgaria,2017,29,
RSTK_MOT,Accidents to persons caused by rolling stock in motion,BG,Bulgaria,2018,33,
RSTK_MOT,Accidents to persons caused by rolling stock in motion,BG,Bulgaria,2019,24,
RSTK_MOT,Accidents to persons caused by rolling stock in motion,BG,Bulgaria,2020,21,
RSTK_MOT,Accidents to persons caused by rolling stock in motion,BG,Bulgaria,2021,22,
RSTK_MOT,Accidents to persons caused by rolling stock in motion,BG,Bulgaria,2022,18,
RSTK_MOT,Accidents to persons caused by rolling stock in motion,BG,Bulgaria,2023,21,
RSTK_MOT,Accidents to persons caused by rolling stock in motion,BG,Bulgaria,2024,25,
RSTK_MOT,Accidents to persons caused by rolling stock in motion,CH,Switzerland,2009,37,
RSTK_MOT,Accidents to persons caused by rolling stock in motion,CH,Switzerland,2010,29,
RSTK_MOT,Accidents to persons caused by rolling stock in motion,CH,Switzerland,2011,25,
RSTK_MOT,Accidents to persons caused by rolling stock in motion,CH,Switzerland,2012,22,
RSTK_MOT,Accidents to persons caused by rolling stock in motion,CH,Switzerland,2013,22,
RSTK_MOT,Accidents to persons caused by rolling stock in motion,CH,Switzerland,2014,42,
RSTK_MOT,Accidents to persons caused by rolling stock in motion,CH,Switzerland,2015,21,
RSTK_MOT,Accidents to persons caused by rolling stock in motion,CH,Switzerland,2016,26,
RSTK_MOT,Accidents to persons caused by rolling stock in motion,CH,Switzerland,2017,30,
RSTK_MOT,Accidents to persons caused by rolling stock in motion,CH,Switzerland,2018,21,
RSTK_MOT,Accidents to persons caused by rolling stock in motion,CH,Switzerland,2019,22,
RSTK_MOT,Accidents to persons caused by rolling stock in motion,CH,Switzerland,2020,26,
RSTK_MOT,Accidents to persons caused by rolling stock in motion,CH,Switzerland,2021,21,
RSTK_MOT,Accidents to persons caused by rolling stock in motion,CH,Switzerland,2022,26,
RSTK_MOT,Accidents to persons caused by rolling stock in motion,CH,Switzerland,2023,21,
RSTK_MOT,Accidents to persons caused by rolling stock in motion,CH,Switzerland,2024,36,
RSTK_MOT,Accidents to persons caused by rolling stock in motion,CHUNNEL,Channel Tunnel,2007,0,
RSTK_MOT,Accidents to persons caused by rolling stock in motion,CHUNNEL,Channel Tunnel,2008,1,
RSTK_MOT,Accidents to persons caused by rolling stock in motion,CHUNNEL,Channel Tunnel,2009,1,
RSTK_MOT,Accidents to persons caused by rolling stock in motion,CHUNNEL,Channel Tunnel,2010,0,
RSTK_MOT,Accidents to persons caused by rolling stock in motion,CHUNNEL,Channel Tunnel,2011,2,
RSTK_MOT,Accidents to persons caused by rolling stock in motion,CHUNNEL,Channel Tunnel,2012,0,
RSTK_MOT,Accidents to persons caused by rolling stock in motion,CHUNNEL,Channel Tunnel,2013,0,
RSTK_MOT,Accidents to persons caused by rolling stock in motion,CHUNNEL,Channel Tunnel,2014,0,
RSTK_MOT,Accidents to persons caused by rolling stock in motion,CHUNNEL,Channel Tunnel,2015,0,
RSTK_MOT,Accidents to persons caused by rolling stock in motion,CHUNNEL,Channel Tunnel,2016,0,
RSTK_MOT,Accidents to persons caused by rolling stock in motion,CHUNNEL,Channel Tunnel,2017,0,
RSTK_MOT,Accidents to persons caused by rolling stock in motion,CHUNNEL,Channel Tunnel,2018,1,
RSTK_MOT,Accidents to persons caused by rolling stock in motion,CHUNNEL,Channel Tunnel,2019,0,
RSTK_MOT,Accidents to persons caused by rolling stock in motion,CHUNNEL,Channel Tunnel,2020,0,
RSTK_MOT,Accidents to persons caused by rolling stock in motion,CHUNNEL,Channel Tunnel,2021,0,
RSTK_MOT,Accidents to persons caused by rolling stock in motion,CHUNNEL,Channel Tunnel,2022,0,
RSTK_MOT,Accidents to persons caused by rolling stock in motion,CHUNNEL,Channel Tunnel,2023,0,
RSTK_MOT,Accidents to persons caused by rolling stock in motion,CHUNNEL,Channel Tunnel,2024,0,
RSTK_MOT,Accidents to persons caused by rolling stock in motion,CZ,Czechia,2006,104,
RSTK_MOT,Accidents to persons caused by rolling stock in motion,CZ,Czechia,2007,59,
RSTK_MOT,Accidents to persons caused by rolling stock in motion,CZ,Czechia,2008,72,
RSTK_MOT,Accidents to persons caused by rolling stock in motion,CZ,Czechia,2009,62,
RSTK_MOT,Accidents to persons caused by rolling stock in motion,CZ,Czechia,2010,61,
RSTK_MOT,Accidents to persons caused by rolling stock in motion,CZ,Czechia,2011,51,
RSTK_MOT,Accidents to persons caused by rolling stock in motion,CZ,Czechia,2012,37,
RSTK_MOT,Accidents to persons caused by rolling stock in motion,CZ,Czechia,2013,35,
RSTK_MOT,Accidents to persons caused by rolling stock in motion,CZ,Czechia,2014,32,
RSTK_MOT,Accidents to persons caused by rolling stock in motion,CZ,Czechia,2015,27,
RSTK_MOT,Accidents to persons caused by rolling stock in motion,CZ,Czechia,2016,38,
RSTK_MOT,Accidents to persons caused by rolling stock in motion,CZ,Czechia,2017,39,
RSTK_MOT,Accidents to persons caused by rolling stock in motion,CZ,Czechia,2018,25,
RSTK_MOT,Accidents to persons caused by rolling stock in motion,CZ,Czechia,2019,25,
RSTK_MOT,Accidents to persons caused by rolling stock in motion,CZ,Czechia,2020,25,
RSTK_MOT,Accidents to persons caused by rolling stock in motion,CZ,Czechia,2021,45,
RSTK_MOT,Accidents to persons caused by rolling stock in motion,CZ,Czechia,2022,35,
RSTK_MOT,Accidents to persons caused by rolling stock in motion,CZ,Czechia,2023,30,
RSTK_MOT,Accidents to persons caused by rolling stock in motion,CZ,Czechia,2024,15,
RSTK_MOT,Accidents to persons caused by rolling stock in motion,DE,Germany,2006,216,
RSTK_MOT,Accidents to persons caused by rolling stock in motion,DE,Germany,2007,184,
RSTK_MOT,Accidents to persons caused by rolling stock in motion,DE,Germany,2008,193,
RSTK_MOT,Accidents to persons caused by rolling stock in motion,DE,Germany,2009,201,
RSTK_MOT,Accidents to persons caused by rolling stock in motion,DE,Germany,2010,166,
RSTK_MOT,Accidents to persons caused by rolling stock in motion,DE,Germany,2011,175,
RSTK_MOT,Accidents to persons caused by rolling stock in motion,DE,Germany,2012,150,
RSTK_MOT,Accidents to persons caused by rolling stock in motion,DE,Germany,2013,161,
RSTK_MOT,Accidents to persons caused by rolling stock in motion,DE,Germany,2014,182,
RSTK_MOT,Accidents to persons caused by rolling stock in motion,DE,Germany,2015,157,
RSTK_MOT,Accidents to persons caused by rolling stock in motion,DE,Germany,2016,183,
RSTK_MOT,Accidents to persons caused by rolling stock in motion,DE,Germany,2017,198,
RSTK_MOT,Accidents to persons caused by rolling stock in motion,DE,Germany,2018,156,
RSTK_MOT,Accidents to persons caused by rolling stock in motion,DE,Germany,2019,172,
RSTK_MOT,Accidents to persons caused by rolling stock in motion,DE,Germany,2020,158,
RSTK_MOT,Accidents to persons caused by rolling stock in motion,DE,Germany,2021,131,
RSTK_MOT,Accidents to persons caused by rolling stock in motion,DE,Germany,2022,170,
RSTK_MOT,Accidents to persons caused by rolling stock in motion,DE,Germany,2023,174,
RSTK_MOT,Accidents to persons caused by rolling stock in motion,DE,Germany,2024,209,
RSTK_MOT,Accidents to persons caused by rolling stock in motion,DK,Denmark,2006,18,
RSTK_MOT,Accidents to persons caused by rolling stock in motion,DK,Denmark,2007,6,
RSTK_MOT,Accidents to persons caused by rolling stock in motion,DK,Denmark,2008,11,
RSTK_MOT,Accidents to persons caused by rolling stock in motion,DK,Denmark,2009,13,
RSTK_MOT,Accidents to persons caused by rolling stock in motion,DK,Denmark,2010,5,
RSTK_MOT,Accidents to persons caused by rolling stock in motion,DK,Denmark,2011,10,
RSTK_MOT,Accidents to persons caused by rolling stock in motion,DK,Denmark,2012,11,
RSTK_MOT,Accidents to persons caused by rolling stock in motion,DK,Denmark,2013,3,
RSTK_MOT,Accidents to persons caused by rolling stock in motion,DK,Denmark,2014,7,
RSTK_MOT,Accidents to persons caused by rolling stock in motion,DK,Denmark,2015,6,
RSTK_MOT,Accidents to persons caused by rolling stock in motion,DK,Denmark,2016,6,
RSTK_MOT,Accidents to persons caused by rolling stock in motion,DK,Denmark,2017,8,
RSTK_MOT,Accidents to persons caused by rolling stock in motion,DK,Denmark,2018,6,
RSTK_MOT,Accidents to persons caused by rolling stock in motion,DK,Denmark,2019,7,
RSTK_MOT,Accidents to persons caused by rolling stock in motion,DK,Denmark,2020,6,
RSTK_MOT,Accidents to persons caused by rolling stock in motion,DK,Denmark,2021,5,
RSTK_MOT,Accidents to persons caused by rolling stock in motion,DK,Denmark,2022,10,
RSTK_MOT,Accidents to persons caused by rolling stock in motion,DK,Denmark,2023,9,
RSTK_MOT,Accidents to persons caused by rolling stock in motion,DK,Denmark,2024,4,
RSTK_MOT,Accidents to persons caused by rolling stock in motion,EE,Estonia,2007,14,
RSTK_MOT,Accidents to persons caused by rolling stock in motion,EE,Estonia,2008,12,
RSTK_MOT,Accidents to persons caused by rolling stock in motion,EE,Estonia,2009,12,
RSTK_MOT,Accidents to persons caused by rolling stock in motion,EE,Estonia,2010,13,
RSTK_MOT,Accidents to persons caused by rolling stock in motion,EE,Estonia,2011,13,
RSTK_MOT,Accidents to persons caused by rolling stock in motion,EE,Estonia,2012,6,
RSTK_MOT,Accidents to persons caused by rolling stock in motion,EE,Estonia,2013,4,
RSTK_MOT,Accidents to persons caused by rolling stock in motion,EE,Estonia,2014,10,
RSTK_MOT,Accidents to persons caused by rolling stock in motion,EE,Estonia,2015,2,
RSTK_MOT,Accidents to persons caused by rolling stock in motion,EE,Estonia,2016,1,
RSTK_MOT,Accidents to persons caused by rolling stock in motion,EE,Estonia,2017,2,
RSTK_MOT,Accidents to persons caused by rolling stock in motion,EE,Estonia,2018,3,
RSTK_MOT,Accidents to persons caused by rolling stock in motion,EE,Estonia,2019,1,
RSTK_MOT,Accidents to persons caused by rolling stock in motion,EE,Estonia,2020,2,
RSTK_MOT,Accidents to persons caused by rolling stock in motion,EE,Estonia,2021,4,
RSTK_MOT,Accidents to persons caused by rolling stock in motion,EE,Estonia,2022,2,
RSTK_MOT,Accidents to persons caused by rolling stock in motion,EE,Estonia,2023,4,
RSTK_MOT,Accidents to persons caused by rolling stock in motion,EE,Estonia,2024,4,
RSTK_MOT,Accidents to persons caused by rolling stock in motion,EL,Greece,2006,35,
RSTK_MOT,Accidents to persons caused by rolling stock in motion,EL,Greece,2007,20,
RSTK_MOT,Accidents to persons caused by rolling stock in motion,EL,Greece,2008,19,
RSTK_MOT,Accidents to persons caused by rolling stock in motion,EL,Greece,2009,11,
RSTK_MOT,Accidents to persons caused by rolling stock in motion,EL,Greece,2010,17,
RSTK_MOT,Accidents to persons caused by rolling stock in motion,EL,Greece,2011,15,
RSTK_MOT,Accidents to persons caused by rolling stock in motion,EL,Greece,2012,8,
RSTK_MOT,Accidents to persons caused by rolling stock in motion,EL,Greece,2013,6,
RSTK_MOT,Accidents to persons caused by rolling stock in motion,EL,Greece,2014,8,
RSTK_MOT,Accidents to persons caused by rolling stock in motion,EL,Greece,2015,10,
RSTK_MOT,Accidents to persons caused by rolling stock in motion,EL,Greece,2016,10,
RSTK_MOT,Accidents to persons caused by rolling stock in motion,EL,Greece,2017,11,
RSTK_MOT,Accidents to persons caused by rolling stock in motion,EL,Greece,2018,13,
RSTK_MOT,Accidents to persons caused by rolling stock in motion,EL,Greece,2019,10,
RSTK_MOT,Accidents to persons caused by rolling stock in motion,EL,Greece,2020,5,
RSTK_MOT,Accidents to persons caused by rolling stock in motion,EL,Greece,2021,5,
RSTK_MOT,Accidents to persons caused by rolling stock in motion,EL,Greece,2022,11,
RSTK_MOT,Accidents to persons caused by rolling stock in motion,EL,Greece,2023,3,
RSTK_MOT,Accidents to persons caused by rolling stock in motion,EL,Greece,2024,3,
RSTK_MOT,Accidents to persons caused by rolling stock in motion,ES,Spain,2006,51,
RSTK_MOT,Accidents to persons caused by rolling stock in motion,ES,Spain,2007,63,
RSTK_MOT,Accidents to persons caused by rolling stock in motion,ES,Spain,2008,43,
RSTK_MOT,Accidents to persons caused by rolling stock in motion,ES,Spain,2009,22,
RSTK_MOT,Accidents to persons caused by rolling stock in motion,ES,Spain,2010,24,
RSTK_MOT,Accidents to persons caused by rolling stock in motion,ES,Spain,2011,23,
RSTK_MOT,Accidents to persons caused by rolling stock in motion,ES,Spain,2012,29,
RSTK_MOT,Accidents to persons caused by rolling stock in motion,ES,Spain,2013,25,
RSTK_MOT,Accidents to persons caused by rolling stock in motion,ES,Spain,2014,27,
RSTK_MOT,Accidents to persons caused by rolling stock in motion,ES,Spain,2015,24,
RSTK_MOT,Accidents to persons caused by rolling stock in motion,ES,Spain,2016,22,
RSTK_MOT,Accidents to persons caused by rolling stock in motion,ES,Spain,2017,21,
RSTK_MOT,Accidents to persons caused by rolling stock in motion,ES,Spain,2018,12,
RSTK_MOT,Accidents to persons caused by rolling stock in motion,ES,Spain,2019,24,
RSTK_MOT,Accidents to persons caused by rolling stock in motion,ES,Spain,2020,19,
RSTK_MOT,Accidents to persons caused by rolling stock in motion,ES,Spain,2021,25,
RSTK_MOT,Accidents to persons caused by rolling stock in motion,ES,Spain,2022,31,
RSTK_MOT,Accidents to persons caused by rolling stock in motion,ES,Spain,2023,20,
RSTK_MOT,Accidents to persons caused by rolling stock in motion,ES,Spain,2024,11,
RSTK_MOT,Accidents to persons caused by rolling stock in motion,EU27_2020,European Union - 27 countries (from 2020),2010,1354,
RSTK_MOT,Accidents to persons caused by rolling stock in motion,EU27_2020,European Union - 27 countries (from 2020),2011,1395,
RSTK_MOT,Accidents to persons caused by rolling stock in motion,EU27_2020,European Union - 27 countries (from 2020),2012,1158,
RSTK_MOT,Accidents to persons caused by rolling stock in motion,EU27_2020,European Union - 27 countries (from 2020),2013,1121,
RSTK_MOT,Accidents to persons caused by rolling stock in motion,EU27_2020,European Union - 27 countries (from 2020),2014,1186,
RSTK_MOT,Accidents to persons caused by rolling stock in motion,EU27_2020,European Union - 27 countries (from 2020),2015,989,
RSTK_MOT,Accidents to persons caused by rolling stock in motion,EU27_2020,European Union - 27 countries (from 2020),2016,1042,
RSTK_MOT,Accidents to persons caused by rolling stock in motion,EU27_2020,European Union - 27 countries (from 2020),2017,1034,
RSTK_MOT,Accidents to persons caused by rolling stock in motion,EU27_2020,European Union - 27 countries (from 2020),2018,939,
RSTK_MOT,Accidents to persons caused by rolling stock in motion,EU27_2020,European Union - 27 countries (from 2020),2019,794,
RSTK_MOT,Accidents to persons caused by rolling stock in motion,EU27_2020,European Union - 27 countries (from 2020),2020,685,
RSTK_MOT,Accidents to persons caused by rolling stock in motion,EU27_2020,European Union - 27 countries (from 2020),2021,677,
RSTK_MOT,Accidents to persons caused by rolling stock in motion,EU27_2020,European Union - 27 countries (from 2020),2022,843,
RSTK_MOT,Accidents to persons caused by rolling stock in motion,EU27_2020,European Union - 27 countries (from 2020),2023,843,
RSTK_MOT,Accidents to persons caused by rolling stock in motion,EU27_2020,European Union - 27 countries (from 2020),2024,815,
RSTK_MOT,Accidents to persons caused by rolling stock in motion,FI,Finland,2006,23,
RSTK_MOT,Accidents to persons caused by rolling stock in motion,FI,Finland,2007,9,
RSTK_MOT,Accidents to persons caused by rolling stock in motion,FI,Finland,2008,14,
RSTK_MOT,Accidents to persons caused by rolling stock in motion,FI,Finland,2009,10,
RSTK_MOT,Accidents to persons caused by rolling stock in motion,FI,Finland,2010,10,
RSTK_MOT,Accidents to persons caused by rolling stock in motion,FI,Finland,2011,7,
RSTK_MOT,Accidents to persons caused by rolling stock in motion,FI,Finland,2012,5,
RSTK_MOT,Accidents to persons caused by rolling stock in motion,FI,Finland,2013,4,
RSTK_MOT,Accidents to persons caused by rolling stock in motion,FI,Finland,2014,8,
RSTK_MOT,Accidents to persons caused by rolling stock in motion,FI,Finland,2015,2,
RSTK_MOT,Accidents to persons caused by rolling stock in motion,FI,Finland,2016,4,
RSTK_MOT,Accidents to persons caused by rolling stock in motion,FI,Finland,2017,6,
RSTK_MOT,Accidents to persons caused by rolling stock in motion,FI,Finland,2018,3,
RSTK_MOT,Accidents to persons caused by rolling stock in motion,FI,Finland,2019,2,
RSTK_MOT,Accidents to persons caused by rolling stock in motion,FI,Finland,2020,3,
RSTK_MOT,Accidents to persons caused by rolling stock in motion,FI,Finland,2021,3,
RSTK_MOT,Accidents to persons caused by rolling stock in motion,FI,Finland,2022,7,
RSTK_MOT,Accidents to persons caused by rolling stock in motion,FI,Finland,2023,1,
RSTK_MOT,Accidents to persons caused by rolling stock in motion,FI,Finland,2024,2,
RSTK_MOT,Accidents to persons caused by rolling stock in motion,FR,France,2006,74,
RSTK_MOT,Accidents to persons caused by rolling stock in motion,FR,France,2007,77,
RSTK_MOT,Accidents to persons caused by rolling stock in motion,FR,France,2008,57,
RSTK_MOT,Accidents to persons caused by rolling stock in motion,FR,France,2009,64,
RSTK_MOT,Accidents to persons caused by rolling stock in motion,FR,France,2010,64,
RSTK_MOT,Accidents to persons caused by rolling stock in motion,FR,France,2011,76,
RSTK_MOT,Accidents to persons caused by rolling stock in motion,FR,France,2012,51,
RSTK_MOT,Accidents to persons caused by rolling stock in motion,FR,France,2013,64,
RSTK_MOT,Accidents to persons caused by rolling stock in motion,FR,France,2014,63,
RSTK_MOT,Accidents to persons caused by rolling stock in motion,FR,France,2015,53,
RSTK_MOT,Accidents to persons caused by rolling stock in motion,FR,France,2016,79,
RSTK_MOT,Accidents to persons caused by rolling stock in motion,FR,France,2017,87,
RSTK_MOT,Accidents to persons caused by rolling stock in motion,FR,France,2018,69,
RSTK_MOT,Accidents to persons caused by rolling stock in motion,FR,France,2019,52,
RSTK_MOT,Accidents to persons caused by rolling stock in motion,FR,France,2020,47,
RSTK_MOT,Accidents to persons caused by rolling stock in motion,FR,France,2021,49,
RSTK_MOT,Accidents to persons caused by rolling stock in motion,FR,France,2022,66,
RSTK_MOT,Accidents to persons caused by rolling stock in motion,FR,France,2023,61,
RSTK_MOT,Accidents to persons caused by rolling stock in motion,FR,France,2024,67,
RSTK_MOT,Accidents to persons caused by rolling stock in motion,HR,Croatia,2010,28,
RSTK_MOT,Accidents to persons caused by rolling stock in motion,HR,Croatia,2011,17,
RSTK_MOT,Accidents to persons caused by rolling stock in motion,HR,Croatia,2012,20,
RSTK_MOT,Accidents to persons caused by rolling stock in motion,HR,Croatia,2013,14,
RSTK_MOT,Accidents to persons caused by rolling stock in motion,HR,Croatia,2014,20,
RSTK_MOT,Accidents to persons caused by rolling stock in motion,HR,Croatia,2015,16,
RSTK_MOT,Accidents to persons caused by rolling stock in motion,HR,Croatia,2016,15,
RSTK_MOT,Accidents to persons caused by rolling stock in motion,HR,Croatia,2017,18,
RSTK_MOT,Accidents to persons caused by rolling stock in motion,HR,Croatia,2018,10,
RSTK_MOT,Accidents to persons caused by rolling stock in motion,HR,Croatia,2019,14,
RSTK_MOT,Accidents to persons caused by rolling stock in motion,HR,Croatia,2020,11,
RSTK_MOT,Accidents to persons caused by rolling stock in motion,HR,Croatia,2021,6,
RSTK_MOT,Accidents to persons caused by rolling stock in motion,HR,Croatia,2022,10,
RSTK_MOT,Accidents to persons caused by rolling stock in motion,HR,Croatia,2023,8,
RSTK_MOT,Accidents to persons caused by rolling stock in motion,HR,Croatia,2024,7,
RSTK_MOT,Accidents to persons caused by rolling stock in motion,HU,Hungary,2006,244,
RSTK_MOT,Accidents to persons caused by rolling stock in motion,HU,Hungary,2007,92,
RSTK_MOT,Accidents to persons caused by rolling stock in motion,HU,Hungary,2008,79,
RSTK_MOT,Accidents to persons caused by rolling stock in motion,HU,Hungary,2009,136,
RSTK_MOT,Accidents to persons caused by rolling stock in motion,HU,Hungary,2010,96,
RSTK_MOT,Accidents to persons caused by rolling stock in motion,HU,Hungary,2011,104,
RSTK_MOT,Accidents to persons caused by rolling stock in motion,HU,Hungary,2012,107,
RSTK_MOT,Accidents to persons caused by rolling stock in motion,HU,Hungary,2013,132,
RSTK_MOT,Accidents to persons caused by rolling stock in motion,HU,Hungary,2014,135,
RSTK_MOT,Accidents to persons caused by rolling stock in motion,HU,Hungary,2015,102,
RSTK_MOT,Accidents to persons caused by rolling stock in motion,HU,Hungary,2016,115,
RSTK_MOT,Accidents to persons caused by rolling stock in motion,HU,Hungary,2017,99,
RSTK_MOT,Accidents to persons caused by rolling stock in motion,HU,Hungary,2018,109,
RSTK_MOT,Accidents to persons caused by rolling stock in motion,HU,Hungary,2019,75,
RSTK_MOT,Accidents to persons caused by rolling stock in motion,HU,Hungary,2020,30,
RSTK_MOT,Accidents to persons caused by rolling stock in motion,HU,Hungary,2021,42,
RSTK_MOT,Accidents to persons caused by rolling stock in motion,HU,Hungary,2022,62,
RSTK_MOT,Accidents to persons caused by rolling stock in motion,HU,Hungary,2023,48,
RSTK_MOT,Accidents to persons caused by rolling stock in motion,HU,Hungary,2024,38,
RSTK_MOT,Accidents to persons caused by rolling stock in motion,IE,Ireland,2006,0,
RSTK_MOT,Accidents to persons caused by rolling stock in motion,IE,Ireland,2007,2,
RSTK_MOT,Accidents to persons caused by rolling stock in motion,IE,Ireland,2008,3,
RSTK_MOT,Accidents to persons caused by rolling stock in motion,IE,Ireland,2009,2,
RSTK_MOT,Accidents to persons caused by rolling stock in motion,IE,Ireland,2010,1,
RSTK_MOT,Accidents to persons caused by rolling stock in motion,IE,Ireland,2011,2,
RSTK_MOT,Accidents to persons caused by rolling stock in motion,IE,Ireland,2012,0,
RSTK_MOT,Accidents to persons caused by rolling stock in motion,IE,Ireland,2013,2,
RSTK_MOT,Accidents to persons caused by rolling stock in motion,IE,Ireland,2014,2,
RSTK_MOT,Accidents to persons caused by rolling stock in motion,IE,Ireland,2015,0,
RSTK_MOT,Accidents to persons caused by rolling stock in motion,IE,Ireland,2016,0,
RSTK_MOT,Accidents to persons caused by rolling stock in motion,IE,Ireland,2017,3,
RSTK_MOT,Accidents to persons caused by rolling stock in motion,IE,Ireland,2018,0,
RSTK_MOT,Accidents to persons caused by rolling stock in motion,IE,Ireland,2019,2,
RSTK_MOT,Accidents to persons caused by rolling stock in motion,IE,Ireland,2020,0,
RSTK_MOT,Accidents to persons caused by rolling stock in motion,IE,Ireland,2021,1,
RSTK_MOT,Accidents to persons caused by rolling stock in motion,IE,Ireland,2022,1,
RSTK_MOT,Accidents to persons caused by rolling stock in motion,IE,Ireland,2023,5,
RSTK_MOT,Accidents to persons caused by rolling stock in motion,IE,Ireland,2024,1,
RSTK_MOT,Accidents to persons caused by rolling stock in motion,IT,Italy,2006,88,
RSTK_MOT,Accidents to persons caused by rolling stock in motion,IT,Italy,2007,85,
RSTK_MOT,Accidents to persons caused by rolling stock in motion,IT,Italy,2008,83,
RSTK_MOT,Accidents to persons caused by rolling stock in motion,IT,Italy,2009,82,
RSTK_MOT,Accidents to persons caused by rolling stock in motion,IT,Italy,2010,77,
RSTK_MOT,Accidents to persons caused by rolling stock in motion,IT,Italy,2011,77,
RSTK_MOT,Accidents to persons caused by rolling stock in motion,IT,Italy,2012,79,
RSTK_MOT,Accidents to persons caused by rolling stock in motion,IT,Italy,2013,71,
RSTK_MOT,Accidents to persons caused by rolling stock in motion,IT,Italy,2014,74,
RSTK_MOT,Accidents to persons caused by rolling stock in motion,IT,Italy,2015,67,
RSTK_MOT,Accidents to persons caused by rolling stock in motion,IT,Italy,2016,72,
RSTK_MOT,Accidents to persons caused by rolling stock in motion,IT,Italy,2017,75,
RSTK_MOT,Accidents to persons caused by rolling stock in motion,IT,Italy,2018,83,
RSTK_MOT,Accidents to persons caused by rolling stock in motion,IT,Italy,2019,51,
RSTK_MOT,Accidents to persons caused by rolling stock in motion,IT,Italy,2020,56,
RSTK_MOT,Accidents to persons caused by rolling stock in motion,IT,Italy,2021,61,
RSTK_MOT,Accidents to persons caused by rolling stock in motion,IT,Italy,2022,76,
RSTK_MOT,Accidents to persons caused by rolling stock in motion,IT,Italy,2023,88,
RSTK_MOT,Accidents to persons caused by rolling stock in motion,IT,Italy,2024,80,
RSTK_MOT,Accidents to persons caused by rolling stock in motion,LT,Lithuania,2006,37,
RSTK_MOT,Accidents to persons caused by rolling stock in motion,LT,Lithuania,2007,36,
RSTK_MOT,Accidents to persons caused by rolling stock in motion,LT,Lithuania,2008,42,
RSTK_MOT,Accidents to persons caused by rolling stock in motion,LT,Lithuania,2009,33,
RSTK_MOT,Accidents to persons caused by rolling stock in motion,LT,Lithuania,2010,37,
RSTK_MOT,Accidents to persons caused by rolling stock in motion,LT,Lithuania,2011,27,
RSTK_MOT,Accidents to persons caused by rolling stock in motion,LT,Lithuania,2012,22,
RSTK_MOT,Accidents to persons caused by rolling stock in motion,LT,Lithuania,2013,20,
RSTK_MOT,Accidents to persons caused by rolling stock in motion,LT,Lithuania,2014,11,
RSTK_MOT,Accidents to persons caused by rolling stock in motion,LT,Lithuania,2015,10,
RSTK_MOT,Accidents to persons caused by rolling stock in motion,LT,Lithuania,2016,13,
RSTK_MOT,Accidents to persons caused by rolling stock in motion,LT,Lithuania,2017,25,
RSTK_MOT,Accidents to persons caused by rolling stock in motion,LT,Lithuania,2018,12,
RSTK_MOT,Accidents to persons caused by rolling stock in motion,LT,Lithuania,2019,9,
RSTK_MOT,Accidents to persons caused by rolling stock in motion,LT,Lithuania,2020,8,
RSTK_MOT,Accidents to persons caused by rolling stock in motion,LT,Lithuania,2021,11,
RSTK_MOT,Accidents to persons caused by rolling stock in motion,LT,Lithuania,2022,5,
RSTK_MOT,Accidents to persons caused by rolling stock in motion,LT,Lithuania,2023,11,
RSTK_MOT,Accidents to persons caused by rolling stock in motion,LT,Lithuania,2024,11,
RSTK_MOT,Accidents to persons caused by rolling stock in motion,LU,Luxembourg,2009,2,
RSTK_MOT,Accidents to persons caused by rolling stock in motion,LU,Luxembourg,2010,0,
RSTK_MOT,Accidents to persons caused by rolling stock in motion,LU,Luxembourg,2011,1,
RSTK_MOT,Accidents to persons caused by rolling stock in motion,LU,Luxembourg,2012,0,
RSTK_MOT,Accidents to persons caused by rolling stock in motion,LU,Luxembourg,2013,1,
RSTK_MOT,Accidents to persons caused by rolling stock in motion,LU,Luxembourg,2014,0,
RSTK_MOT,Accidents to persons caused by rolling stock in motion,LU,Luxembourg,2015,0,
RSTK_MOT,Accidents to persons caused by rolling stock in motion,LU,Luxembourg,2016,0,
RSTK_MOT,Accidents to persons caused by rolling stock in motion,LU,Luxembourg,2017,0,
RSTK_MOT,Accidents to persons caused by rolling stock in motion,LU,Luxembourg,2018,0,
RSTK_MOT,Accidents to persons caused by rolling stock in motion,LU,Luxembourg,2019,0,
RSTK_MOT,Accidents to persons caused by rolling stock in motion,LU,Luxembourg,2020,1,
RSTK_MOT,Accidents to persons caused by rolling stock in motion,LU,Luxembourg,2021,3,
RSTK_MOT,Accidents to persons caused by rolling stock in motion,LU,Luxembourg,2022,1,
RSTK_MOT,Accidents to persons caused by rolling stock in motion,LU,Luxembourg,2023,2,
RSTK_MOT,Accidents to persons caused by rolling stock in motion,LU,Luxembourg,2024,1,
RSTK_MOT,Accidents to persons caused by rolling stock in motion,LV,Latvia,2006,52,
RSTK_MOT,Accidents to persons caused by rolling stock in motion,LV,Latvia,2007,37,
RSTK_MOT,Accidents to persons caused by rolling stock in motion,LV,Latvia,2008,45,
RSTK_MOT,Accidents to persons caused by rolling stock in motion,LV,Latvia,2009,19,
RSTK_MOT,Accidents to persons caused by rolling stock in motion,LV,Latvia,2010,27,
RSTK_MOT,Accidents to persons caused by rolling stock in motion,LV,Latvia,2011,26,
RSTK_MOT,Accidents to persons caused by rolling stock in motion,LV,Latvia,2012,18,
RSTK_MOT,Accidents to persons caused by rolling stock in motion,LV,Latvia,2013,22,
RSTK_MOT,Accidents to persons caused by rolling stock in motion,LV,Latvia,2014,18,
RSTK_MOT,Accidents to persons caused by rolling stock in motion,LV,Latvia,2015,20,
RSTK_MOT,Accidents to persons caused by rolling stock in motion,LV,Latvia,2016,15,
RSTK_MOT,Accidents to persons caused by rolling stock in motion,LV,Latvia,2017,15,
RSTK_MOT,Accidents to persons caused by rolling stock in motion,LV,Latvia,2018,11,
RSTK_MOT,Accidents to persons caused by rolling stock in motion,LV,Latvia,2019,12,
RSTK_MOT,Accidents to persons caused by rolling stock in motion,LV,Latvia,2020,8,
RSTK_MOT,Accidents to persons caused by rolling stock in motion,LV,Latvia,2021,10,
RSTK_MOT,Accidents to persons caused by rolling stock in motion,LV,Latvia,2022,11,
RSTK_MOT,Accidents to persons caused by rolling stock in motion,LV,Latvia,2023,7,
RSTK_MOT,Accidents to persons caused by rolling stock in motion,LV,Latvia,2024,10,
RSTK_MOT,Accidents to persons caused by rolling stock in motion,ME,Montenegro,2013,8,
RSTK_MOT,Accidents to persons caused by rolling stock in motion,ME,Montenegro,2014,4,
RSTK_MOT,Accidents to persons caused by rolling stock in motion,ME,Montenegro,2015,1,
RSTK_MOT,Accidents to persons caused by rolling stock in motion,ME,Montenegro,2016,10,
RSTK_MOT,Accidents to persons caused by rolling stock in motion,MK,North Macedonia,2009,10,
RSTK_MOT,Accidents to persons caused by rolling stock in motion,MK,North Macedonia,2010,11,
RSTK_MOT,Accidents to persons caused by rolling stock in motion,MK,North Macedonia,2011,9,
RSTK_MOT,Accidents to persons caused by rolling stock in motion,MK,North Macedonia,2012,20,
RSTK_MOT,Accidents to persons caused by rolling stock in motion,MK,North Macedonia,2013,23,
RSTK_MOT,Accidents to persons caused by rolling stock in motion,MK,North Macedonia,2014,59,
RSTK_MOT,Accidents to persons caused by rolling stock in motion,MK,North Macedonia,2015,78,
RSTK_MOT,Accidents to persons caused by rolling stock in motion,MK,North Macedonia,2016,12,
RSTK_MOT,Accidents to persons caused by rolling stock in motion,MK,North Macedonia,2017,4,
RSTK_MOT,Accidents to persons caused by rolling stock in motion,MK,North Macedonia,2018,14,
RSTK_MOT,Accidents to persons caused by rolling stock in motion,NL,Netherlands,2006,9,
RSTK_MOT,Accidents to persons caused by rolling stock in motion,NL,Netherlands,2007,3,
RSTK_MOT,Accidents to persons caused by rolling stock in motion,NL,Netherlands,2008,1,
RSTK_MOT,Accidents to persons caused by rolling stock in motion,NL,Netherlands,2009,4,
RSTK_MOT,Accidents to persons caused by rolling stock in motion,NL,Netherlands,2010,5,
RSTK_MOT,Accidents to persons caused by rolling stock in motion,NL,Netherlands,2011,3,
RSTK_MOT,Accidents to persons caused by rolling stock in motion,NL,Netherlands,2012,5,
RSTK_MOT,Accidents to persons caused by rolling stock in motion,NL,Netherlands,2013,9,
RSTK_MOT,Accidents to persons caused by rolling stock in motion,NL,Netherlands,2014,1,
RSTK_MOT,Accidents to persons caused by rolling stock in motion,NL,Netherlands,2015,7,
RSTK_MOT,Accidents to persons caused by rolling stock in motion,NL,Netherlands,2016,11,
RSTK_MOT,Accidents to persons caused by rolling stock in motion,NL,Netherlands,2017,7,
RSTK_MOT,Accidents to persons caused by rolling stock in motion,NL,Netherlands,2018,5,
RSTK_MOT,Accidents to persons caused by rolling stock in motion,NL,Netherlands,2019,5,
RSTK_MOT,Accidents to persons caused by rolling stock in motion,NL,Netherlands,2020,3,
RSTK_MOT,Accidents to persons caused by rolling stock in motion,NL,Netherlands,2021,3,
RSTK_MOT,Accidents to persons caused by rolling stock in motion,NL,Netherlands,2022,3,
RSTK_MOT,Accidents to persons caused by rolling stock in motion,NL,Netherlands,2023,5,
RSTK_MOT,Accidents to persons caused by rolling stock in motion,NL,Netherlands,2024,4,
RSTK_MOT,Accidents to persons caused by rolling stock in motion,NO,Norway,2006,2,
RSTK_MOT,Accidents to persons caused by rolling stock in motion,NO,Norway,2007,2,
RSTK_MOT,Accidents to persons caused by rolling stock in motion,NO,Norway,2008,2,
RSTK_MOT,Accidents to persons caused by rolling stock in motion,NO,Norway,2009,4,
RSTK_MOT,Accidents to persons caused by rolling stock in motion,NO,Norway,2010,3,
RSTK_MOT,Accidents to persons caused by rolling stock in motion,NO,Norway,2011,7,
RSTK_MOT,Accidents to persons caused by rolling stock in motion,NO,Norway,2012,0,
RSTK_MOT,Accidents to persons caused by rolling stock in motion,NO,Norway,2013,4,
RSTK_MOT,Accidents to persons caused by rolling stock in motion,NO,Norway,2014,2,
RSTK_MOT,Accidents to persons caused by rolling stock in motion,NO,Norway,2015,2,
RSTK_MOT,Accidents to persons caused by rolling stock in motion,NO,Norway,2016,3,
RSTK_MOT,Accidents to persons caused by rolling stock in motion,NO,Norway,2017,1,
RSTK_MOT,Accidents to persons caused by rolling stock in motion,NO,Norway,2018,3,
RSTK_MOT,Accidents to persons caused by rolling stock in motion,NO,Norway,2019,2,
RSTK_MOT,Accidents to persons caused by rolling stock in motion,NO,Norway,2020,0,
RSTK_MOT,Accidents to persons caused by rolling stock in motion,NO,Norway,2021,1,
RSTK_MOT,Accidents to persons caused by rolling stock in motion,NO,Norway,2022,6,
RSTK_MOT,Accidents to persons caused by rolling stock in motion,NO,Norway,2023,0,
RSTK_MOT,Accidents to persons caused by rolling stock in motion,NO,Norway,2024,3,
RSTK_MOT,Accidents to persons caused by rolling stock in motion,PL,Poland,2006,423,
RSTK_MOT,Accidents to persons caused by rolling stock in motion,PL,Poland,2007,418,
RSTK_MOT,Accidents to persons caused by rolling stock in motion,PL,Poland,2008,397,
RSTK_MOT,Accidents to persons caused by rolling stock in motion,PL,Poland,2009,397,
RSTK_MOT,Accidents to persons caused by rolling stock in motion,PL,Poland,2010,335,
RSTK_MOT,Accidents to persons caused by rolling stock in motion,PL,Poland,2011,366,
RSTK_MOT,Accidents to persons caused by rolling stock in motion,PL,Poland,2012,275,
RSTK_MOT,Accidents to persons caused by rolling stock in motion,PL,Poland,2013,233,
RSTK_MOT,Accidents to persons caused by rolling stock in motion,PL,Poland,2014,227,
RSTK_MOT,Accidents to persons caused by rolling stock in motion,PL,Poland,2015,218,
RSTK_MOT,Accidents to persons caused by rolling stock in motion,PL,Poland,2016,168,
RSTK_MOT,Accidents to persons caused by rolling stock in motion,PL,Poland,2017,172,
RSTK_MOT,Accidents to persons caused by rolling stock in motion,PL,Poland,2018,195,
RSTK_MOT,Accidents to persons caused by rolling stock in motion,PL,Poland,2019,123,
RSTK_MOT,Accidents to persons caused by rolling stock in motion,PL,Poland,2020,117,
RSTK_MOT,Accidents to persons caused by rolling stock in motion,PL,Poland,2021,124,
RSTK_MOT,Accidents to persons caused by rolling stock in motion,PL,Poland,2022,152,
RSTK_MOT,Accidents to persons caused by rolling stock in motion,PL,Poland,2023,149,
RSTK_MOT,Accidents to persons caused by rolling stock in motion,PL,Poland,2024,151,
RSTK_MOT,Accidents to persons caused by rolling stock in motion,PT,Portugal,2006,55,
RSTK_MOT,Accidents to persons caused by rolling stock in motion,PT,Portugal,2007,56,
RSTK_MOT,Accidents to persons caused by rolling stock in motion,PT,Portugal,2008,49,
RSTK_MOT,Accidents to persons caused by rolling stock in motion,PT,Portugal,2009,27,
RSTK_MOT,Accidents to persons caused by rolling stock in motion,PT,Portugal,2010,22,
RSTK_MOT,Accidents to persons caused by rolling stock in motion,PT,Portugal,2011,17,
RSTK_MOT,Accidents to persons caused by rolling stock in motion,PT,Portugal,2012,23,
RSTK_MOT,Accidents to persons caused by rolling stock in motion,PT,Portugal,2013,31,
RSTK_MOT,Accidents to persons caused by rolling stock in motion,PT,Portugal,2014,31,
RSTK_MOT,Accidents to persons caused by rolling stock in motion,PT,Portugal,2015,13,
RSTK_MOT,Accidents to persons caused by rolling stock in motion,PT,Portugal,2016,21,
RSTK_MOT,Accidents to persons caused by rolling stock in motion,PT,Portugal,2017,19,
RSTK_MOT,Accidents to persons caused by rolling stock in motion,PT,Portugal,2018,20,
RSTK_MOT,Accidents to persons caused by rolling stock in motion,PT,Portugal,2019,30,
RSTK_MOT,Accidents to persons caused by rolling stock in motion,PT,Portugal,2020,26,
RSTK_MOT,Accidents to persons caused by rolling stock in motion,PT,Portugal,2021,15,
RSTK_MOT,Accidents to persons caused by rolling stock in motion,PT,Portugal,2022,20,
RSTK_MOT,Accidents to persons caused by rolling stock in motion,PT,Portugal,2023,16,
RSTK_MOT,Accidents to persons caused by rolling stock in motion,PT,Portugal,2024,20,
RSTK_MOT,Accidents to persons caused by rolling stock in motion,RO,Romania,2006,295,
RSTK_MOT,Accidents to persons caused by rolling stock in motion,RO,Romania,2007,245,
RSTK_MOT,Accidents to persons caused by rolling stock in motion,RO,Romania,2008,314,
RSTK_MOT,Accidents to persons caused by rolling stock in motion,RO,Romania,2009,235,
RSTK_MOT,Accidents to persons caused by rolling stock in motion,RO,Romania,2010,190,
RSTK_MOT,Accidents to persons caused by rolling stock in motion,RO,Romania,2011,166,
RSTK_MOT,Accidents to persons caused by rolling stock in motion,RO,Romania,2012,151,
RSTK_MOT,Accidents to persons caused by rolling stock in motion,RO,Romania,2013,135,
RSTK_MOT,Accidents to persons caused by rolling stock in motion,RO,Romania,2014,133,
RSTK_MOT,Accidents to persons caused by rolling stock in motion,RO,Romania,2015,111,
RSTK_MOT,Accidents to persons caused by rolling stock in motion,RO,Romania,2016,140,
RSTK_MOT,Accidents to persons caused by rolling stock in motion,RO,Romania,2017,101,
RSTK_MOT,Accidents to persons caused by rolling stock in motion,RO,Romania,2018,97,
RSTK_MOT,Accidents to persons caused by rolling stock in motion,RO,Romania,2019,74,
RSTK_MOT,Accidents to persons caused by rolling stock in motion,RO,Romania,2020,79,
RSTK_MOT,Accidents to persons caused by rolling stock in motion,RO,Romania,2021,61,
RSTK_MOT,Accidents to persons caused by rolling stock in motion,RO,Romania,2022,88,
RSTK_MOT,Accidents to persons caused by rolling stock in motion,RO,Romania,2023,91,
RSTK_MOT,Accidents to persons caused by rolling stock in motion,RO,Romania,2024,71,
RSTK_MOT,Accidents to persons caused by rolling stock in motion,SE,Sweden,2006,17,
RSTK_MOT,Accidents to persons caused by rolling stock in motion,SE,Sweden,2007,20,
RSTK_MOT,Accidents to persons caused by rolling stock in motion,SE,Sweden,2008,13,
RSTK_MOT,Accidents to persons caused by rolling stock in motion,SE,Sweden,2009,20,
RSTK_MOT,Accidents to persons caused by rolling stock in motion,SE,Sweden,2010,38,
RSTK_MOT,Accidents to persons caused by rolling stock in motion,SE,Sweden,2011,28,
RSTK_MOT,Accidents to persons caused by rolling stock in motion,SE,Sweden,2012,14,
RSTK_MOT,Accidents to persons caused by rolling stock in motion,SE,Sweden,2013,16,
RSTK_MOT,Accidents to persons caused by rolling stock in motion,SE,Sweden,2014,17,
RSTK_MOT,Accidents to persons caused by rolling stock in motion,SE,Sweden,2015,16,
RSTK_MOT,Accidents to persons caused by rolling stock in motion,SE,Sweden,2016,15,
RSTK_MOT,Accidents to persons caused by rolling stock in motion,SE,Sweden,2017,11,
RSTK_MOT,Accidents to persons caused by rolling stock in motion,SE,Sweden,2018,6,
RSTK_MOT,Accidents to persons caused by rolling stock in motion,SE,Sweden,2019,15,
RSTK_MOT,Accidents to persons caused by rolling stock in motion,SE,Sweden,2020,5,
RSTK_MOT,Accidents to persons caused by rolling stock in motion,SE,Sweden,2021,6,
RSTK_MOT,Accidents to persons caused by rolling stock in motion,SE,Sweden,2022,10,
RSTK_MOT,Accidents to persons caused by rolling stock in motion,SE,Sweden,2023,11,
RSTK_MOT,Accidents to persons caused by rolling stock in motion,SE,Sweden,2024,19,
RSTK_MOT,Accidents to persons caused by rolling stock in motion,SI,Slovenia,2006,23,
RSTK_MOT,Accidents to persons caused by rolling stock in motion,SI,Slovenia,2007,19,
RSTK_MOT,Accidents to persons caused by rolling stock in motion,SI,Slovenia,2008,14,
RSTK_MOT,Accidents to persons caused by rolling stock in motion,SI,Slovenia,2009,2,
RSTK_MOT,Accidents to persons caused by rolling stock in motion,SI,Slovenia,2010,4,
RSTK_MOT,Accidents to persons caused by rolling stock in motion,SI,Slovenia,2011,3,
RSTK_MOT,Accidents to persons caused by rolling stock in motion,SI,Slovenia,2012,1,
RSTK_MOT,Accidents to persons caused by rolling stock in motion,SI,Slovenia,2013,0,
RSTK_MOT,Accidents to persons caused by rolling stock in motion,SI,Slovenia,2014,0,
RSTK_MOT,Accidents to persons caused by rolling stock in motion,SI,Slovenia,2015,2,
RSTK_MOT,Accidents to persons caused by rolling stock in motion,SI,Slovenia,2016,0,
RSTK_MOT,Accidents to persons caused by rolling stock in motion,SI,Slovenia,2017,1,
RSTK_MOT,Accidents to persons caused by rolling stock in motion,SI,Slovenia,2018,5,
RSTK_MOT,Accidents to persons caused by rolling stock in motion,SI,Slovenia,2019,0,
RSTK_MOT,Accidents to persons caused by rolling stock in motion,SI,Slovenia,2020,0,
RSTK_MOT,Accidents to persons caused by rolling stock in motion,SI,Slovenia,2021,0,
RSTK_MOT,Accidents to persons caused by rolling stock in motion,SI,Slovenia,2022,1,
RSTK_MOT,Accidents to persons caused by rolling stock in motion,SI,Slovenia,2023,4,
RSTK_MOT,Accidents to persons caused by rolling stock in motion,SI,Slovenia,2024,0,
RSTK_MOT,Accidents to persons caused by rolling stock in motion,SK,Slovakia,2006,53,
RSTK_MOT,Accidents to persons caused by rolling stock in motion,SK,Slovakia,2007,63,
RSTK_MOT,Accidents to persons caused by rolling stock in motion,SK,Slovakia,2008,78,
RSTK_MOT,Accidents to persons caused by rolling stock in motion,SK,Slovakia,2009,74,
RSTK_MOT,Accidents to persons caused by rolling stock in motion,SK,Slovakia,2010,70,
RSTK_MOT,Accidents to persons caused by rolling stock in motion,SK,Slovakia,2011,61,
RSTK_MOT,Accidents to persons caused by rolling stock in motion,SK,Slovakia,2012,65,
RSTK_MOT,Accidents to persons caused by rolling stock in motion,SK,Slovakia,2013,73,
RSTK_MOT,Accidents to persons caused by rolling stock in motion,SK,Slovakia,2014,92,
RSTK_MOT,Accidents to persons caused by rolling stock in motion,SK,Slovakia,2015,60,
RSTK_MOT,Accidents to persons caused by rolling stock in motion,SK,Slovakia,2016,42,
RSTK_MOT,Accidents to persons caused by rolling stock in motion,SK,Slovakia,2017,48,
RSTK_MOT,Accidents to persons caused by rolling stock in motion,SK,Slovakia,2018,36,
RSTK_MOT,Accidents to persons caused by rolling stock in motion,SK,Slovakia,2019,42,
RSTK_MOT,Accidents to persons caused by rolling stock in motion,SK,Slovakia,2020,34,
RSTK_MOT,Accidents to persons caused by rolling stock in motion,SK,Slovakia,2021,26,
RSTK_MOT,Accidents to persons caused by rolling stock in motion,SK,Slovakia,2022,32,
RSTK_MOT,Accidents to persons caused by rolling stock in motion,SK,Slovakia,2023,43,
RSTK_MOT,Accidents to persons caused by rolling stock in motion,SK,Slovakia,2024,37,
RSTK_MOT,Accidents to persons caused by rolling stock in motion,TR,Türkiye,2006,170,
RSTK_MOT,Accidents to persons caused by rolling stock in motion,TR,Türkiye,2007,147,
RSTK_MOT,Accidents to persons caused by rolling stock in motion,TR,Türkiye,2008,140,
RSTK_MOT,Accidents to persons caused by rolling stock in motion,TR,Türkiye,2009,137,
RSTK_MOT,Accidents to persons caused by rolling stock in motion,TR,Türkiye,2010,84,
RSTK_MOT,Accidents to persons caused by rolling stock in motion,TR,Türkiye,2011,73,
RSTK_MOT,Accidents to persons caused by rolling stock in motion,TR,Türkiye,2012,58,
RSTK_MOT,Accidents to persons caused by rolling stock in motion,TR,Türkiye,2013,31,
RSTK_MOT,Accidents to persons caused by rolling stock in motion,TR,Türkiye,2014,37,
RSTK_MOT,Accidents to persons caused by rolling stock in motion,TR,Türkiye,2015,36,
RSTK_MOT,Accidents to persons caused by rolling stock in motion,TR,Türkiye,2016,36,
RSTK_MOT,Accidents to persons caused by rolling stock in motion,TR,Türkiye,2017,19,
RSTK_MOT,Accidents to persons caused by rolling stock in motion,TR,Türkiye,2018,33,
RSTK_MOT,Accidents to persons caused by rolling stock in motion,TR,Türkiye,2020,14,
RSTK_MOT,Accidents to persons caused by rolling stock in motion,TR,Türkiye,2021,19,
RSTK_MOT,Accidents to persons caused by rolling stock in motion,TR,Türkiye,2022,27,
RSTK_MOT,Accidents to persons caused by rolling stock in motion,TR,Türkiye,2023,21,
RSTK_MOT,Accidents to persons caused by rolling stock in motion,TR,Türkiye,2024,11,
RSTK_MOT,Accidents to persons caused by rolling stock in motion,UK,United Kingdom,2006,49,
RSTK_MOT,Accidents to persons caused by rolling stock in motion,UK,United Kingdom,2007,61,
RSTK_MOT,Accidents to persons caused by rolling stock in motion,UK,United Kingdom,2008,57,
RSTK_MOT,Accidents to persons caused by rolling stock in motion,UK,United Kingdom,2009,49,
RSTK_MOT,Accidents to persons caused by rolling stock in motion,UK,United Kingdom,2010,34,
RSTK_MOT,Accidents to persons caused by rolling stock in motion,UK,United Kingdom,2011,54,
RSTK_MOT,Accidents to persons caused by rolling stock in motion,UK,United Kingdom,2012,49,
RSTK_MOT,Accidents to persons caused by rolling stock in motion,UK,United Kingdom,2013,34,
RSTK_MOT,Accidents to persons caused by rolling stock in motion,UK,United Kingdom,2014,25,
RSTK_MOT,Accidents to persons caused by rolling stock in motion,UK,United Kingdom,2015,31,
RSTK_MOT,Accidents to persons caused by rolling stock in motion,UK,United Kingdom,2016,30,
RSTK_MOT,Accidents to persons caused by rolling stock in motion,UK,United Kingdom,2017,39,
RSTK_MOT,Accidents to persons caused by rolling stock in motion,UK,United Kingdom,2018,33,
RSTK_MOT,Accidents to persons caused by rolling stock in motion,UK,United Kingdom,2019,20,
RSTK_MOT,Accidents to persons caused by rolling stock in motion,UK,United Kingdom,2020,17,
TOTAL,Total,AT,Austria,2006,106,
TOTAL,Total,AT,Austria,2007,104,
TOTAL,Total,AT,Austria,2008,97,
TOTAL,Total,AT,Austria,2009,88,
TOTAL,Total,AT,Austria,2010,79,
TOTAL,Total,AT,Austria,2011,84,
TOTAL,Total,AT,Austria,2012,87,
TOTAL,Total,AT,Austria,2013,73,
TOTAL,Total,AT,Austria,2014,61,
TOTAL,Total,AT,Austria,2015,77,
TOTAL,Total,AT,Austria,2016,87,
TOTAL,Total,AT,Austria,2017,60,
TOTAL,Total,AT,Austria,2018,42,
TOTAL,Total,AT,Austria,2019,47,
TOTAL,Total,AT,Austria,2020,33,
TOTAL,Total,AT,Austria,2021,34,
TOTAL,Total,AT,Austria,2022,57,
TOTAL,Total,AT,Austria,2023,54,
TOTAL,Total,AT,Austria,2024,38,
TOTAL,Total,BE,Belgium,2006,187,
TOTAL,Total,BE,Belgium,2007,217,
TOTAL,Total,BE,Belgium,2008,220,
TOTAL,Total,BE,Belgium,2009,146,
TOTAL,Total,BE,Belgium,2010,40,
TOTAL,Total,BE,Belgium,2011,51,
TOTAL,Total,BE,Belgium,2012,36,
TOTAL,Total,BE,Belgium,2013,32,
TOTAL,Total,BE,Belgium,2014,47,
TOTAL,Total,BE,Belgium,2015,21,
TOTAL,Total,BE,Belgium,2016,22,
TOTAL,Total,BE,Belgium,2017,33,
TOTAL,Total,BE,Belgium,2018,31,
TOTAL,Total,BE,Belgium,2019,27,
TOTAL,Total,BE,Belgium,2020,30,
TOTAL,Total,BE,Belgium,2021,24,
TOTAL,Total,BE,Belgium,2022,26,
TOTAL,Total,BE,Belgium,2023,26,
TOTAL,Total,BE,Belgium,2024,30,
TOTAL,Total,BG,Bulgaria,2006,84,
TOTAL,Total,BG,Bulgaria,2007,56,
TOTAL,Total,BG,Bulgaria,2008,65,
TOTAL,Total,BG,Bulgaria,2009,48,
TOTAL,Total,BG,Bulgaria,2010,39,
TOTAL,Total,BG,Bulgaria,2011,74,
TOTAL,Total,BG,Bulgaria,2012,48,
TOTAL,Total,BG,Bulgaria,2013,33,
TOTAL,Total,BG,Bulgaria,2014,58,
TOTAL,Total,BG,Bulgaria,2015,48,
TOTAL,Total,BG,Bulgaria,2016,40,
TOTAL,Total,BG,Bulgaria,2017,47,
TOTAL,Total,BG,Bulgaria,2018,42,
TOTAL,Total,BG,Bulgaria,2019,39,
TOTAL,Total,BG,Bulgaria,2020,33,
TOTAL,Total,BG,Bulgaria,2021,37,
TOTAL,Total,BG,Bulgaria,2022,32,
TOTAL,Total,BG,Bulgaria,2023,33,
TOTAL,Total,BG,Bulgaria,2024,41,
TOTAL,Total,CH,Switzerland,2009,58,
TOTAL,Total,CH,Switzerland,2010,51,
TOTAL,Total,CH,Switzerland,2011,44,
TOTAL,Total,CH,Switzerland,2012,43,
TOTAL,Total,CH,Switzerland,2013,43,
TOTAL,Total,CH,Switzerland,2014,55,
TOTAL,Total,CH,Switzerland,2015,33,
TOTAL,Total,CH,Switzerland,2016,37,
TOTAL,Total,CH,Switzerland,2017,47,
TOTAL,Total,CH,Switzerland,2018,38,
TOTAL,Total,CH,Switzerland,2019,35,
TOTAL,Total,CH,Switzerland,2020,36,
TOTAL,Total,CH,Switzerland,2021,41,
TOTAL,Total,CH,Switzerland,2022,42,
TOTAL,Total,CH,Switzerland,2023,42,
TOTAL,Total,CH,Switzerland,2024,53,
TOTAL,Total,CHUNNEL,Channel Tunnel,2007,0,
TOTAL,Total,CHUNNEL,Channel Tunnel,2008,2,
TOTAL,Total,CHUNNEL,Channel Tunnel,2009,1,
TOTAL,Total,CHUNNEL,Channel Tunnel,2010,1,
TOTAL,Total,CHUNNEL,Channel Tunnel,2011,2,
TOTAL,Total,CHUNNEL,Channel Tunnel,2012,2,
TOTAL,Total,CHUNNEL,Channel Tunnel,2013,1,
TOTAL,Total,CHUNNEL,Channel Tunnel,2014,0,
TOTAL,Total,CHUNNEL,Channel Tunnel,2015,1,
TOTAL,Total,CHUNNEL,Channel Tunnel,2016,0,
TOTAL,Total,CHUNNEL,Channel Tunnel,2017,0,
TOTAL,Total,CHUNNEL,Channel Tunnel,2018,5,
TOTAL,Total,CHUNNEL,Channel Tunnel,2019,0,
TOTAL,Total,CHUNNEL,Channel Tunnel,2020,0,
TOTAL,Total,CHUNNEL,Channel Tunnel,2021,0,
TOTAL,Total,CHUNNEL,Channel Tunnel,2022,1,
TOTAL,Total,CHUNNEL,Channel Tunnel,2023,0,
TOTAL,Total,CHUNNEL,Channel Tunnel,2024,0,
TOTAL,Total,CZ,Czechia,2006,233,
TOTAL,Total,CZ,Czechia,2007,115,
TOTAL,Total,CZ,Czechia,2008,133,
TOTAL,Total,CZ,Czechia,2009,113,
TOTAL,Total,CZ,Czechia,2010,125,
TOTAL,Total,CZ,Czechia,2011,99,
TOTAL,Total,CZ,Czechia,2012,97,
TOTAL,Total,CZ,Czechia,2013,91,
TOTAL,Total,CZ,Czechia,2014,105,
TOTAL,Total,CZ,Czechia,2015,94,
TOTAL,Total,CZ,Czechia,2016,87,
TOTAL,Total,CZ,Czechia,2017,97,
TOTAL,Total,CZ,Czechia,2018,89,
TOTAL,Total,CZ,Czechia,2019,91,
TOTAL,Total,CZ,Czechia,2020,90,
TOTAL,Total,CZ,Czechia,2021,112,
TOTAL,Total,CZ,Czechia,2022,109,
TOTAL,Total,CZ,Czechia,2023,94,
TOTAL,Total,CZ,Czechia,2024,72,
TOTAL,Total,DE,Germany,2006,983,
TOTAL,Total,DE,Germany,2007,320,
TOTAL,Total,DE,Germany,2008,329,
TOTAL,Total,DE,Germany,2009,310,
TOTAL,Total,DE,Germany,2010,297,
TOTAL,Total,DE,Germany,2011,285,
TOTAL,Total,DE,Germany,2012,289,
TOTAL,Total,DE,Germany,2013,301,
TOTAL,Total,DE,Germany,2014,333,
TOTAL,Total,DE,Germany,2015,306,
TOTAL,Total,DE,Germany,2016,310,
TOTAL,Total,DE,Germany,2017,346,
TOTAL,Total,DE,Germany,2018,302,
TOTAL,Total,DE,Germany,2019,298,
TOTAL,Total,DE,Germany,2020,294,
TOTAL,Total,DE,Germany,2021,238,
TOTAL,Total,DE,Germany,2022,337,
TOTAL,Total,DE,Germany,2023,312,
TOTAL,Total,DE,Germany,2024,366,
TOTAL,Total,DK,Denmark,2006,32,
TOTAL,Total,DK,Denmark,2007,13,
TOTAL,Total,DK,Denmark,2008,15,
TOTAL,Total,DK,Denmark,2009,21,
TOTAL,Total,DK,Denmark,2010,16,
TOTAL,Total,DK,Denmark,2011,16,
TOTAL,Total,DK,Denmark,2012,21,
TOTAL,Total,DK,Denmark,2013,11,
TOTAL,Total,DK,Denmark,2014,15,
TOTAL,Total,DK,Denmark,2015,13,
TOTAL,Total,DK,Denmark,2016,13,
TOTAL,Total,DK,Denmark,2017,12,
TOTAL,Total,DK,Denmark,2018,10,
TOTAL,Total,DK,Denmark,2019,10,
TOTAL,Total,DK,Denmark,2020,10,
TOTAL,Total,DK,Denmark,2021,9,
TOTAL,Total,DK,Denmark,2022,14,
TOTAL,Total,DK,Denmark,2023,13,
TOTAL,Total,DK,Denmark,2024,14,
TOTAL,Total,EE,Estonia,2007,49,
TOTAL,Total,EE,Estonia,2008,26,
TOTAL,Total,EE,Estonia,2009,19,
TOTAL,Total,EE,Estonia,2010,31,
TOTAL,Total,EE,Estonia,2011,28,
TOTAL,Total,EE,Estonia,2012,20,
TOTAL,Total,EE,Estonia,2013,15,
TOTAL,Total,EE,Estonia,2014,15,
TOTAL,Total,EE,Estonia,2015,12,
TOTAL,Total,EE,Estonia,2016,15,
TOTAL,Total,EE,Estonia,2017,19,
TOTAL,Total,EE,Estonia,2018,21,
TOTAL,Total,EE,Estonia,2019,5,
TOTAL,Total,EE,Estonia,2020,5,
TOTAL,Total,EE,Estonia,2021,10,
TOTAL,Total,EE,Estonia,2022,14,
TOTAL,Total,EE,Estonia,2023,18,
TOTAL,Total,EE,Estonia,2024,11,
TOTAL,Total,EL,Greece,2006,70,
TOTAL,Total,EL,Greece,2007,53,
TOTAL,Total,EL,Greece,2008,40,
TOTAL,Total,EL,Greece,2009,42,
TOTAL,Total,EL,Greece,2010,39,
TOTAL,Total,EL,Greece,2011,24,
TOTAL,Total,EL,Greece,2012,18,
TOTAL,Total,EL,Greece,2013,14,
TOTAL,Total,EL,Greece,2014,23,
TOTAL,Total,EL,Greece,2015,25,
TOTAL,Total,EL,Greece,2016,13,
TOTAL,Total,EL,Greece,2017,22,
TOTAL,Total,EL,Greece,2018,24,
TOTAL,Total,EL,Greece,2019,18,
TOTAL,Total,EL,Greece,2020,9,
TOTAL,Total,EL,Greece,2021,14,
TOTAL,Total,EL,Greece,2022,19,
TOTAL,Total,EL,Greece,2023,7,
TOTAL,Total,EL,Greece,2024,9,
TOTAL,Total,ES,Spain,2006,77,
TOTAL,Total,ES,Spain,2007,98,
TOTAL,Total,ES,Spain,2008,80,
TOTAL,Total,ES,Spain,2009,51,
TOTAL,Total,ES,Spain,2010,45,
TOTAL,Total,ES,Spain,2011,42,
TOTAL,Total,ES,Spain,2012,51,
TOTAL,Total,ES,Spain,2013,52,
TOTAL,Total,ES,Spain,2014,51,
TOTAL,Total,ES,Spain,2015,42,
TOTAL,Total,ES,Spain,2016,45,
TOTAL,Total,ES,Spain,2017,52,
TOTAL,Total,ES,Spain,2018,47,
TOTAL,Total,ES,Spain,2019,49,
TOTAL,Total,ES,Spain,2020,51,
TOTAL,Total,ES,Spain,2021,52,
TOTAL,Total,ES,Spain,2022,59,
TOTAL,Total,ES,Spain,2023,77,
TOTAL,Total,ES,Spain,2024,57,
TOTAL,Total,EU27_2020,European Union - 27 countries (from 2020),2010,2229,
TOTAL,Total,EU27_2020,European Union - 27 countries (from 2020),2011,2144,
TOTAL,Total,EU27_2020,European Union - 27 countries (from 2020),2012,1992,
TOTAL,Total,EU27_2020,European Union - 27 countries (from 2020),2013,1895,
TOTAL,Total,EU27_2020,European Union - 27 countries (from 2020),2014,2022,
TOTAL,Total,EU27_2020,European Union - 27 countries (from 2020),2015,1763,
TOTAL,Total,EU27_2020,European Union - 27 countries (from 2020),2016,1742,
TOTAL,Total,EU27_2020,European Union - 27 countries (from 2020),2017,1778,
TOTAL,Total,EU27_2020,European Union - 27 countries (from 2020),2018,1666,
TOTAL,Total,EU27_2020,European Union - 27 countries (from 2020),2019,1518,
TOTAL,Total,EU27_2020,European Union - 27 countries (from 2020),2020,1336,
TOTAL,Total,EU27_2020,European Union - 27 countries (from 2020),2021,1395,
TOTAL,Total,EU27_2020,European Union - 27 countries (from 2020),2022,1566,
TOTAL,Total,EU27_2020,European Union - 27 countries (from 2020),2023,1565,
TOTAL,Total,EU27_2020,European Union - 27 countries (from 2020),2024,1507,
TOTAL,Total,FI,Finland,2006,52,
TOTAL,Total,FI,Finland,2007,21,
TOTAL,Total,FI,Finland,2008,27,
TOTAL,Total,FI,Finland,2009,26,
TOTAL,Total,FI,Finland,2010,23,
TOTAL,Total,FI,Finland,2011,14,
TOTAL,Total,FI,Finland,2012,21,
TOTAL,Total,FI,Finland,2013,12,
TOTAL,Total,FI,Finland,2014,15,
TOTAL,Total,FI,Finland,2015,13,
TOTAL,Total,FI,Finland,2016,18,
TOTAL,Total,FI,Finland,2017,17,
TOTAL,Total,FI,Finland,2018,15,
TOTAL,Total,FI,Finland,2019,14,
TOTAL,Total,FI,Finland,2020,12,
TOTAL,Total,FI,Finland,2021,25,
TOTAL,Total,FI,Finland,2022,17,
TOTAL,Total,FI,Finland,2023,21,
TOTAL,Total,FI,Finland,2024,11,
TOTAL,Total,FR,France,2006,431,
TOTAL,Total,FR,France,2007,413,
TOTAL,Total,FR,France,2008,453,
TOTAL,Total,FR,France,2009,171,
TOTAL,Total,FR,France,2010,155,
TOTAL,Total,FR,France,2011,154,
TOTAL,Total,FR,France,2012,136,
TOTAL,Total,FR,France,2013,146,
TOTAL,Total,FR,France,2014,177,
TOTAL,Total,FR,France,2015,150,
TOTAL,Total,FR,France,2016,146,
TOTAL,Total,FR,France,2017,151,
TOTAL,Total,FR,France,2018,119,
TOTAL,Total,FR,France,2019,123,
TOTAL,Total,FR,France,2020,104,
TOTAL,Total,FR,France,2021,138,
TOTAL,Total,FR,France,2022,134,
TOTAL,Total,FR,France,2023,146,
TOTAL,Total,FR,France,2024,140,
TOTAL,Total,HR,Croatia,2010,45,
TOTAL,Total,HR,Croatia,2011,39,
TOTAL,Total,HR,Croatia,2012,42,
TOTAL,Total,HR,Croatia,2013,33,
TOTAL,Total,HR,Croatia,2014,33,
TOTAL,Total,HR,Croatia,2015,27,
TOTAL,Total,HR,Croatia,2016,23,
TOTAL,Total,HR,Croatia,2017,33,
TOTAL,Total,HR,Croatia,2018,25,
TOTAL,Total,HR,Croatia,2019,28,
TOTAL,Total,HR,Croatia,2020,22,
TOTAL,Total,HR,Croatia,2021,22,
TOTAL,Total,HR,Croatia,2022,24,
TOTAL,Total,HR,Croatia,2023,18,
TOTAL,Total,HR,Croatia,2024,17,
TOTAL,Total,HU,Hungary,2006,409,
TOTAL,Total,HU,Hungary,2007,162,
TOTAL,Total,HU,Hungary,2008,155,
TOTAL,Total,HU,Hungary,2009,180,
TOTAL,Total,HU,Hungary,2010,142,
TOTAL,Total,HU,Hungary,2011,147,
TOTAL,Total,HU,Hungary,2012,152,
TOTAL,Total,HU,Hungary,2013,186,
TOTAL,Total,HU,Hungary,2014,190,
TOTAL,Total,HU,Hungary,2015,156,
TOTAL,Total,HU,Hungary,2016,162,
TOTAL,Total,HU,Hungary,2017,160,
TOTAL,Total,HU,Hungary,2018,162,
TOTAL,Total,HU,Hungary,2019,142,
TOTAL,Total,HU,Hungary,2020,98,
TOTAL,Total,HU,Hungary,2021,102,
TOTAL,Total,HU,Hungary,2022,97,
TOTAL,Total,HU,Hungary,2023,70,
TOTAL,Total,HU,Hungary,2024,88,
TOTAL,Total,IE,Ireland,2006,2,
TOTAL,Total,IE,Ireland,2007,5,
TOTAL,Total,IE,Ireland,2008,5,
TOTAL,Total,IE,Ireland,2009,5,
TOTAL,Total,IE,Ireland,2010,4,
TOTAL,Total,IE,Ireland,2011,2,
TOTAL,Total,IE,Ireland,2012,0,
TOTAL,Total,IE,Ireland,2013,3,
TOTAL,Total,IE,Ireland,2014,3,
TOTAL,Total,IE,Ireland,2015,1,
TOTAL,Total,IE,Ireland,2016,0,
TOTAL,Total,IE,Ireland,2017,4,
TOTAL,Total,IE,Ireland,2018,6,
TOTAL,Total,IE,Ireland,2019,2,
TOTAL,Total,IE,Ireland,2020,0,
TOTAL,Total,IE,Ireland,2021,1,
TOTAL,Total,IE,Ireland,2022,1,
TOTAL,Total,IE,Ireland,2023,5,
TOTAL,Total,IE,Ireland,2024,1,
TOTAL,Total,IT,Italy,2006,152,
TOTAL,Total,IT,Italy,2007,130,
TOTAL,Total,IT,Italy,2008,116,
TOTAL,Total,IT,Italy,2009,118,
TOTAL,Total,IT,Italy,2010,100,
TOTAL,Total,IT,Italy,2011,106,
TOTAL,Total,IT,Italy,2012,106,
TOTAL,Total,IT,Italy,2013,98,
TOTAL,Total,IT,Italy,2014,109,
TOTAL,Total,IT,Italy,2015,97,
TOTAL,Total,IT,Italy,2016,99,
TOTAL,Total,IT,Italy,2017,104,
TOTAL,Total,IT,Italy,2018,109,
TOTAL,Total,IT,Italy,2019,75,
TOTAL,Total,IT,Italy,2020,89,
TOTAL,Total,IT,Italy,2021,90,
TOTAL,Total,IT,Italy,2022,109,
TOTAL,Total,IT,Italy,2023,113,
TOTAL,Total,IT,Italy,2024,103,
TOTAL,Total,LT,Lithuania,2006,66,
TOTAL,Total,LT,Lithuania,2007,83,
TOTAL,Total,LT,Lithuania,2008,68,
TOTAL,Total,LT,Lithuania,2009,55,
TOTAL,Total,LT,Lithuania,2010,44,
TOTAL,Total,LT,Lithuania,2011,33,
TOTAL,Total,LT,Lithuania,2012,26,
TOTAL,Total,LT,Lithuania,2013,24,
TOTAL,Total,LT,Lithuania,2014,16,
TOTAL,Total,LT,Lithuania,2015,13,
TOTAL,Total,LT,Lithuania,2016,20,
TOTAL,Total,LT,Lithuania,2017,27,
TOTAL,Total,LT,Lithuania,2018,15,
TOTAL,Total,LT,Lithuania,2019,9,
TOTAL,Total,LT,Lithuania,2020,9,
TOTAL,Total,LT,Lithuania,2021,11,
TOTAL,Total,LT,Lithuania,2022,7,
TOTAL,Total,LT,Lithuania,2023,11,
TOTAL,Total,LT,Lithuania,2024,11,
TOTAL,Total,LU,Luxembourg,2009,7,
TOTAL,Total,LU,Luxembourg,2010,3,
TOTAL,Total,LU,Luxembourg,2011,1,
TOTAL,Total,LU,Luxembourg,2012,0,
TOTAL,Total,LU,Luxembourg,2013,3,
TOTAL,Total,LU,Luxembourg,2014,0,
TOTAL,Total,LU,Luxembourg,2015,0,
TOTAL,Total,LU,Luxembourg,2016,2,
TOTAL,Total,LU,Luxembourg,2017,1,
TOTAL,Total,LU,Luxembourg,2018,2,
TOTAL,Total,LU,Luxembourg,2019,0,
TOTAL,Total,LU,Luxembourg,2020,1,
TOTAL,Total,LU,Luxembourg,2021,4,
TOTAL,Total,LU,Luxembourg,2022,6,
TOTAL,Total,LU,Luxembourg,2023,3,
TOTAL,Total,LU,Luxembourg,2024,2,
TOTAL,Total,LV,Latvia,2006,63,
TOTAL,Total,LV,Latvia,2007,51,
TOTAL,Total,LV,Latvia,2008,61,
TOTAL,Total,LV,Latvia,2009,40,
TOTAL,Total,LV,Latvia,2010,41,
TOTAL,Total,LV,Latvia,2011,35,
TOTAL,Total,LV,Latvia,2012,25,
TOTAL,Total,LV,Latvia,2013,26,
TOTAL,Total,LV,Latvia,2014,22,
TOTAL,Total,LV,Latvia,2015,25,
TOTAL,Total,LV,Latvia,2016,18,
TOTAL,Total,LV,Latvia,2017,24,
TOTAL,Total,LV,Latvia,2018,20,
TOTAL,Total,LV,Latvia,2019,19,
TOTAL,Total,LV,Latvia,2020,9,
TOTAL,Total,LV,Latvia,2021,11,
TOTAL,Total,LV,Latvia,2022,16,
TOTAL,Total,LV,Latvia,2023,7,
TOTAL,Total,LV,Latvia,2024,14,
TOTAL,Total,ME,Montenegro,2013,49,
TOTAL,Total,ME,Montenegro,2014,13,
TOTAL,Total,ME,Montenegro,2015,8,
TOTAL,Total,ME,Montenegro,2016,43,
TOTAL,Total,MK,North Macedonia,2009,106,
TOTAL,Total,MK,North Macedonia,2010,137,
TOTAL,Total,MK,North Macedonia,2011,104,
TOTAL,Total,MK,North Macedonia,2012,115,
TOTAL,Total,MK,North Macedonia,2013,59,
TOTAL,Total,MK,North Macedonia,2014,90,
TOTAL,Total,MK,North Macedonia,2015,115,
TOTAL,Total,MK,North Macedonia,2016,88,
TOTAL,Total,MK,North Macedonia,2017,45,
TOTAL,Total,MK,North Macedonia,2018,97,
TOTAL,Total,NL,Netherlands,2006,28,
TOTAL,Total,NL,Netherlands,2007,33,
TOTAL,Total,NL,Netherlands,2008,26,
TOTAL,Total,NL,Netherlands,2009,22,
TOTAL,Total,NL,Netherlands,2010,24,
TOTAL,Total,NL,Netherlands,2011,29,
TOTAL,Total,NL,Netherlands,2012,30,
TOTAL,Total,NL,Netherlands,2013,36,
TOTAL,Total,NL,Netherlands,2014,20,
TOTAL,Total,NL,Netherlands,2015,31,
TOTAL,Total,NL,Netherlands,2016,28,
TOTAL,Total,NL,Netherlands,2017,26,
TOTAL,Total,NL,Netherlands,2018,29,
TOTAL,Total,NL,Netherlands,2019,25,
TOTAL,Total,NL,Netherlands,2020,20,
TOTAL,Total,NL,Netherlands,2021,22,
TOTAL,Total,NL,Netherlands,2022,21,
TOTAL,Total,NL,Netherlands,2023,20,
TOTAL,Total,NL,Netherlands,2024,22,
TOTAL,Total,NO,Norway,2006,16,
TOTAL,Total,NO,Norway,2007,12,
TOTAL,Total,NO,Norway,2008,15,
TOTAL,Total,NO,Norway,2009,17,
TOTAL,Total,NO,Norway,2010,20,
TOTAL,Total,NO,Norway,2011,36,
TOTAL,Total,NO,Norway,2012,19,
TOTAL,Total,NO,Norway,2013,30,
TOTAL,Total,NO,Norway,2014,28,
TOTAL,Total,NO,Norway,2015,19,
TOTAL,Total,NO,Norway,2016,16,
TOTAL,Total,NO,Norway,2017,16,
TOTAL,Total,NO,Norway,2018,25,
TOTAL,Total,NO,Norway,2019,26,
TOTAL,Total,NO,Norway,2020,20,
TOTAL,Total,NO,Norway,2021,24,
TOTAL,Total,NO,Norway,2022,23,
TOTAL,Total,NO,Norway,2023,33,
TOTAL,Total,NO,Norway,2024,28,
TOTAL,Total,PL,Poland,2006,928,
TOTAL,Total,PL,Poland,2007,976,
TOTAL,Total,PL,Poland,2008,889,
TOTAL,Total,PL,Poland,2009,523,
TOTAL,Total,PL,Poland,2010,449,
TOTAL,Total,PL,Poland,2011,488,
TOTAL,Total,PL,Poland,2012,379,
TOTAL,Total,PL,Poland,2013,328,
TOTAL,Total,PL,Poland,2014,313,
TOTAL,Total,PL,Poland,2015,307,
TOTAL,Total,PL,Poland,2016,265,
TOTAL,Total,PL,Poland,2017,252,
TOTAL,Total,PL,Poland,2018,275,
TOTAL,Total,PL,Poland,2019,214,
TOTAL,Total,PL,Poland,2020,179,
TOTAL,Total,PL,Poland,2021,209,
TOTAL,Total,PL,Poland,2022,225,
TOTAL,Total,PL,Poland,2023,233,
TOTAL,Total,PL,Poland,2024,220,
TOTAL,Total,PT,Portugal,2006,89,
TOTAL,Total,PT,Portugal,2007,93,
TOTAL,Total,PT,Portugal,2008,73,
TOTAL,Total,PT,Portugal,2009,43,
TOTAL,Total,PT,Portugal,2010,42,
TOTAL,Total,PT,Portugal,2011,27,
TOTAL,Total,PT,Portugal,2012,36,
TOTAL,Total,PT,Portugal,2013,48,
TOTAL,Total,PT,Portugal,2014,50,
TOTAL,Total,PT,Portugal,2015,23,
TOTAL,Total,PT,Portugal,2016,38,
TOTAL,Total,PT,Portugal,2017,29,
TOTAL,Total,PT,Portugal,2018,37,
TOTAL,Total,PT,Portugal,2019,51,
TOTAL,Total,PT,Portugal,2020,43,
TOTAL,Total,PT,Portugal,2021,33,
TOTAL,Total,PT,Portugal,2022,34,
TOTAL,Total,PT,Portugal,2023,34,
TOTAL,Total,PT,Portugal,2024,30,
TOTAL,Total,RO,Romania,2006,419,
TOTAL,Total,RO,Romania,2007,370,
TOTAL,Total,RO,Romania,2008,411,
TOTAL,Total,RO,Romania,2009,304,
TOTAL,Total,RO,Romania,2010,271,
TOTAL,Total,RO,Romania,2011,217,
TOTAL,Total,RO,Romania,2012,215,
TOTAL,Total,RO,Romania,2013,180,
TOTAL,Total,RO,Romania,2014,185,
TOTAL,Total,RO,Romania,2015,141,
TOTAL,Total,RO,Romania,2016,184,
TOTAL,Total,RO,Romania,2017,146,
TOTAL,Total,RO,Romania,2018,132,
TOTAL,Total,RO,Romania,2019,115,
TOTAL,Total,RO,Romania,2020,107,
TOTAL,Total,RO,Romania,2021,102,
TOTAL,Total,RO,Romania,2022,115,
TOTAL,Total,RO,Romania,2023,119,
TOTAL,Total,RO,Romania,2024,90,
TOTAL,Total,SE,Sweden,2006,51,
TOTAL,Total,SE,Sweden,2007,56,
TOTAL,Total,SE,Sweden,2008,46,
TOTAL,Total,SE,Sweden,2009,46,
TOTAL,Total,SE,Sweden,2010,69,
TOTAL,Total,SE,Sweden,2011,54,
TOTAL,Total,SE,Sweden,2012,47,
TOTAL,Total,SE,Sweden,2013,43,
TOTAL,Total,SE,Sweden,2014,53,
TOTAL,Total,SE,Sweden,2015,40,
TOTAL,Total,SE,Sweden,2016,36,
TOTAL,Total,SE,Sweden,2017,40,
TOTAL,Total,SE,Sweden,2018,35,
TOTAL,Total,SE,Sweden,2019,45,
TOTAL,Total,SE,Sweden,2020,31,
TOTAL,Total,SE,Sweden,2021,29,
TOTAL,Total,SE,Sweden,2022,31,
TOTAL,Total,SE,Sweden,2023,49,
TOTAL,Total,SE,Sweden,2024,55,
TOTAL,Total,SI,Slovenia,2006,70,
TOTAL,Total,SI,Slovenia,2007,61,
TOTAL,Total,SI,Slovenia,2008,65,
TOTAL,Total,SI,Slovenia,2009,19,
TOTAL,Total,SI,Slovenia,2010,21,
TOTAL,Total,SI,Slovenia,2011,11,
TOTAL,Total,SI,Slovenia,2012,14,
TOTAL,Total,SI,Slovenia,2013,13,
TOTAL,Total,SI,Slovenia,2014,15,
TOTAL,Total,SI,Slovenia,2015,14,
TOTAL,Total,SI,Slovenia,2016,11,
TOTAL,Total,SI,Slovenia,2017,11,
TOTAL,Total,SI,Slovenia,2018,14,
TOTAL,Total,SI,Slovenia,2019,10,
TOTAL,Total,SI,Slovenia,2020,5,
TOTAL,Total,SI,Slovenia,2021,10,
TOTAL,Total,SI,Slovenia,2022,10,
TOTAL,Total,SI,Slovenia,2023,17,
TOTAL,Total,SI,Slovenia,2024,4,
TOTAL,Total,SK,Slovakia,2006,199,
TOTAL,Total,SK,Slovakia,2007,222,
TOTAL,Total,SK,Slovakia,2008,217,
TOTAL,Total,SK,Slovakia,2009,236,
TOTAL,Total,SK,Slovakia,2010,85,
TOTAL,Total,SK,Slovakia,2011,84,
TOTAL,Total,SK,Slovakia,2012,96,
TOTAL,Total,SK,Slovakia,2013,94,
TOTAL,Total,SK,Slovakia,2014,113,
TOTAL,Total,SK,Slovakia,2015,87,
TOTAL,Total,SK,Slovakia,2016,60,
TOTAL,Total,SK,Slovakia,2017,65,
TOTAL,Total,SK,Slovakia,2018,63,
TOTAL,Total,SK,Slovakia,2019,62,
TOTAL,Total,SK,Slovakia,2020,52,
TOTAL,Total,SK,Slovakia,2021,56,
TOTAL,Total,SK,Slovakia,2022,52,
TOTAL,Total,SK,Slovakia,2023,65,
TOTAL,Total,SK,Slovakia,2024,61,
TOTAL,Total,TR,Türkiye,2006,455,
TOTAL,Total,TR,Türkiye,2007,394,
TOTAL,Total,TR,Türkiye,2008,386,
TOTAL,Total,TR,Türkiye,2009,299,
TOTAL,Total,TR,Türkiye,2010,194,
TOTAL,Total,TR,Türkiye,2011,177,
TOTAL,Total,TR,Türkiye,2012,147,
TOTAL,Total,TR,Türkiye,2013,89,
TOTAL,Total,TR,Türkiye,2014,93,
TOTAL,Total,TR,Türkiye,2015,101,
TOTAL,Total,TR,Türkiye,2016,120,
TOTAL,Total,TR,Türkiye,2017,53,
TOTAL,Total,TR,Türkiye,2018,71,
TOTAL,Total,TR,Türkiye,2020,66,
TOTAL,Total,TR,Türkiye,2021,72,
TOTAL,Total,TR,Türkiye,2022,71,
TOTAL,Total,TR,Türkiye,2023,52,
TOTAL,Total,TR,Türkiye,2024,49,
TOTAL,Total,UK,United Kingdom,2006,85,
TOTAL,Total,UK,United Kingdom,2007,110,
TOTAL,Total,UK,United Kingdom,2008,104,
TOTAL,Total,UK,United Kingdom,2009,104,
TOTAL,Total,UK,United Kingdom,2010,62,
TOTAL,Total,UK,United Kingdom,2011,78,
TOTAL,Total,UK,United Kingdom,2012,75,
TOTAL,Total,UK,United Kingdom,2013,84,
TOTAL,Total,UK,United Kingdom,2014,54,
TOTAL,Total,UK,United Kingdom,2015,40,
TOTAL,Total,UK,United Kingdom,2016,53,
TOTAL,Total,UK,United Kingdom,2017,71,
TOTAL,Total,UK,United Kingdom,2018,50,
TOTAL,Total,UK,United Kingdom,2019,36,
TOTAL,Total,UK,United Kingdom,2020,27,
UNK,Unknown,ME,Montenegro,2013,0,
UNK,Unknown,ME,Montenegro,2014,0,
UNK,Unknown,ME,Montenegro,2015,0,
UNK,Unknown,ME,Montenegro,2016,0,
UNK,Unknown,MK,North Macedonia,2009,0,
UNK,Unknown,MK,North Macedonia,2010,0,
UNK,Unknown,MK,North Macedonia,2011,0,
UNK,Unknown,MK,North Macedonia,2012,0,
UNK,Unknown,MK,North Macedonia,2013,0,
UNK,Unknown,MK,North Macedonia,2014,0,
UNK,Unknown,MK,North Macedonia,2015,0,
UNK,Unknown,MK,North Macedonia,2016,0,
UNK,Unknown,MK,North Macedonia,2017,0,
UNK,Unknown,MK,North Macedonia,2018,0,
UNK,Unknown,TR,Türkiye,2006,0,
UNK,Unknown,TR,Türkiye,2007,0,
UNK,Unknown,TR,Türkiye,2008,0,
UNK,Unknown,TR,Türkiye,2009,0,
UNK,Unknown,TR,Türkiye,2010,0,
UNK,Unknown,TR,Türkiye,2011,0,
UNK,Unknown,TR,Türkiye,2012,0,
UNK,Unknown,TR,Türkiye,2013,0,
UNK,Unknown,TR,Türkiye,2014,0,
UNK,Unknown,TR,Türkiye,2015,0,
UNK,Unknown,TR,Türkiye,2016,0,
UNK,Unknown,TR,Türkiye,2017,0,
UNK,Unknown,TR,Türkiye,2018,0,
UNK,Unknown,TR,Türkiye,2020,0,
UNK,Unknown,TR,Türkiye,2021,0,
UNK,Unknown,TR,Türkiye,2022,0,
UNK,Unknown,TR,Türkiye,2023,0,
UNK,Unknown,TR,Türkiye,2024,0,
